:100000004343323678325231FFFFFFFF0301F7FFDF
:10001000FFFF0701FFFFFFFFFFFFFFFFA80000003A
:1000200030303031677603002C00FFFF01F7FFFF0F
:080030000000000000000000C8
:1000A800008000200D7003000D7103000D71030026
:1000B8000D7103000D7103000D7103000D71030034
:1000C8000D7103000D7103000D7103000D71030024
:0C00D8000D7103000D710300D9700300CE
:1000E80001280000000000000000000000010030AE
:1000F80000000000000000000003FF18640000007A
:1001080000000000000000007856341200000000D3
:10011800BAAB000000000001000000000000000071
:1001280000008001100080FFFDFF58003AFFBBF37C
:10013800FFFFFFFFFFFFFFFFFFFFFFFFFFFFFFFFC7
:10014800FFFFFFFFFFFFFFFFFFFFFFFFFFFFFFFFB7
:10015800FFFFFFC5FFFFFFFF00FFFFFF00C5C5FF53
:10016800000000FF00000000FFFFFFFFFFFFFFFF90
:10017800FFFFFFFFFFFFFFFF00000000000000007F
:100188000100000000000F0000000E003600000013
:1001980000000000501800200400000000000000CB
:1001A8000000000020000000B8010000300000003E
:1001B800300000000000000000000000E001000026
:1001C800040000000000000001000000FFFFFFFF26
:1001D800FF0000000100000008000000000000000F
:1001E8000100000000020000000000000D71030083
:1001F80000000000080000004C0500001402000088
:10020800DB780000D3780000D7780000318B00003D
:100218005D8B0000198B0000270000000002000021
:10022800701800200400000000000000000000001A
:100238000C00000044020000180000001800000034
:100248000000000000000000540200000800000048
:1002580000000000100000004C05000074020000BF
:10026800ED79000005790000857900000D8C00000B
:10027800658C0000F18B000028000000600200007F
:10028800A01800200400000000000000000000008A
:1002980020000000A4020000180000001800000060
:1002A8000000000000000000B40200000800000088
:1002B80000000000080000004C050000D402000007
:1002C8007F7A0000417A00006D7A0000918B00006F
:1002D800CD8B00007F8B000029000000C0020000C9
:1002E8007C1800200400000000000000000000004E
:1002F800240000000403000018000000180000009B
:1003080000000000000000001403000008000000C6
:10031800000000005005000034030000DB7A0000F4
:10032800E97A0000017B0000F77A0000C58C000024
:10033800F58C0000A18C00002A0000001C030000BE
:10034800A8180020040000000000000000000000C1
:1003580014000000640300001C0000001C000000E2
:10036800000000000000000078030000000000000A
:100378000800000000000000010000004D3D0000E2
:100388000D7B0000117B0000513D0000553D000031
:10039800413D00005F3D000024000000FFFFFFFF1B
:1003A800BC1800200400000000000000000000004D
:1003B80028000000C40300002400000024000000FE
:1003C8000000000000000000E00300000000000042
:1003D800000000000000000008000000000000000D
:1003E8000A000000C4180020A980000001000000D5
:1003F800F0030000FFFFFFFFE418002004000000E6
:100408000000000000000000100000001C040000B4
:1004180018000000180000000000000000000000A4
:100428002C04000008000000000000000C00000080
:10043800FFFFFFFFEC180020040000000000000090
:10044800000000001C000000580400002400000008
:1004580024000000000000000000000074040000F8
:10046800000000000100000000000000080000007B
:1004780000000000FFFFFFFFF41800200400000048
:100488000000000000000000380000009C0400008C
:100498002800000028000000000000000000000004
:1004A800BC0400000000000000000000FFFFFFFF88
:1004B800000000000800000000000000010000002B
:1004C800000000000600000034000000FFFFFFFFEE
:1004D8005C1900200400000000000000000000007B
:1004E80054000000F40400003C0000003C00000040
:1004F80000000000000000002805000000000000C7
:1005080000000000010000000000000000000000E2
:1005180000000000000000000100000000000000D2
:1005280008000000000000000100000000000000BA
:1005380000000000000200000000000000000300AE
:10054800A17C0000540500005405000000000000D4
:10055800B0180020618900000D8A0000797300003E
:10056800A9780000030000006005000000000000FA
:100578000000000020000000010001000000000051
:1005880000000000000000000100000080050000DD
:10059800897E0000557F0000D56400006F6A000066
:1005A800936C0000CB7100002F7700009778000053
:1005B800837A000098050000000400007589000097
:1005C80078180020F97E0000FB7E00000000000083
:1005D80005000600080009001600020102020302D5
:1005E800000301030105020500060106040B1406B9
:1005F8001506170600070107020703070009040983
:1006080007000A000C000D000E000F00100011007A
:100618001200130014001B00000101010002010276
:10062800020400040104030404040504060400058C
:100638000206030604060506060607060806090656
:100648000A060B060C060D060E060F061006110606
:100658001206130604070009000B010B020B030B1B
:100668000097B92EE5725CCB5DCAE473B82F01968A
:10067800BA2D03945FC8E671E7705EC90295BB2C7A
:10068800E3745ACD0691BF28BE2907905BCCE2756A
:1006980059CEE077BC2B05920493BD2AE17658CF5A
:1006A80051C6E87FB4230D9A0C9BB522E97E50C74A
:1006B800EB7C52C50E99B720B6210F9853C4EA7D3A
:1006C800B2250B9C57C0EE79EF7856C10A9DB3242A
:1006D800089FB126ED7A54C355C2EC7BB027099E1A
:1006E800A2351B8C47D0FE69FF6846D11A8DA3340A
:1006F800188FA136FD6A44D345D2FC6BA037198EFA
:1007080041D6F86FA4331D8A1C8BA532F96E40D7E9
:10071800FB6C42D51E89A730A6311F8843D4FA6DD9
:10072800F3644ADD1681AF38AE3917804BDCF265C9
:1007380049DEF067AC3B15821483AD3AF16648DFB9
:100748001087A93EF5624CDB4DDAF463A83F1186A9
:10075800AA3D13844FD8F661F7604ED91285AB3C99
:10076800360001000600000000000000000F000035
:10077800000000000000000000000000000003006E
:10078800FFFF00000403FFFF0000FFFF0F00E80366
:100798000005401F0310000100000000FF3F0F008C
:1007A8000800050B00000000000000000300010F16
:1007B8000000000000000000000000000000000031
:1007C8000000000000000000000000000000000021
:1007D8000000000000000000000000000000000011
:1007E800AD000002000000000001363601010001E2
:1007F80002010001030100010401060608040000CB
:100808000C0100340D01000F10040101140100FF58
:100818001608000020020000220100FF2301000149
:10082800240100FE2501000826020000280100011D
:10083800290100012A0200002C01000F2E020000ED
:100848003001000131010008320200FF34010007C5
:10085800350102FF360100003701000138010001AF
:10086800390100FF3A01000F3C0200FF3E01010F71
:100878003F0100014001041F41010001420100FF46
:1008880043010080440800004E0100084F01000F9A
:1008980050010001510100FF520100005301000006
:1008A80054010001580400005C04000060040000CA
:1008B80064040000680400006C0400007004000078
:1008C80074040000780400007C040000800100FF2C
:1008D80081010001820100018301020284010001FB
:1008E800DFCC010027CF010000000000000000005D
:1008F8000000000005D5010023D5010069D40100DE
:100908003DD501006DD5010073D5010041D7010027
:100918000000000037D701004DD801007DD001004C
:1009280079D5010099D5010025D60100C9D8010063
:1009380003D10100CDDA0100A9DA010000000000AE
:1009480049DB0100E9D00100F1D9010005440300A9
:10095800234303005F4403001143030031430300B2
:10096800C7450300CB450300F3480300354803009F
:100978006D4903001548030027480300C3490300D5
:10098800C7490300798801008588010028170020DD
:10099800D8160020841600009C160000B41600002B
:1009A800E8000000CC160000EC1600000000000073
:1009B8005054564F5349474E310000000000000084
:1009C800000000000000000000000000000000001F
:1009D800000000000000000000000000000000000F
:1009E80000000000000000000000000000000000FF
:1009F80000000000000000000000000000000000EF
:100A080000000000000000003C0010010305070979
:100A18000B0D0F00020406080A0C0DBFFB097074C9
:100A2800766F2E696E666F202020202020200B70A4
:100A380074766F2E737769746368202020202000F5
:100A4800202020202020202020202020202020209E
:100A58000A323032362D30332D3330010000000099
:100A6800000000000000000000000000000000007E
:100A7800000000000000000000000000000000006E
:100A8800000000000000000000000000000000005E
:100A9800000000000000000000000000000000004E
:100AA800000000000000000000000000000000003E
:100AB800000000000000000000000000000000002E
:100AC800000000000000000000000000000000001E
:100AD800000000000000000000000000000000000E
:100AE80000000000000000000000000000000000FE
:100AF80000000000000000000000000000000000EE
:100B080000000000000000000000000000000000DD
:100B180000000000000000000000000000000000CD
:100B280000000000000000000000000000000000BD
:100B380000000000000000000000000000000000AD
:100B4800000000000000000000000000000000009D
:100B5800000000000000000000000000000000008D
:100B6800000000000000000000000000000000007D
:100B7800000000000000000000000000000000006D
:100B880000000000000000005054564F5349474EE3
:100B9800320000000000000000000000000000001B
:100BA80001200000B51F0000000100000220000025
:100BB800B51F00000001000003200000B51F000061
:100BC8000100000004200000B51F00000001000023
:100BD8000500000000000000000000000600000002
:100BE8000000000000000000070000006B28030060
:100BF8000190000008000000000000000000000054
:100C08000000000000000000000000000A000000D2
:100C180000000000000000000B00000000000000C1
:100C2800000000000C0200000000000000000000AE
:100C38000D00000000000000000000000E20000071
:100C4800B51F0000100100000F200000B51F0000B4
:100C5800100000000000000000000000000000007C
:100C6800000000000000000000000000000000007C
:100C78000000000000000000130000006B330300B8
:100C880000800000000000000000000000000000DC
:100C98001500000000000000000000001600000021
:100CA8000000000000000000170100006B33030083
:100CB8000080000018010000000000000080000013
:100CC80019000000416E0100000000001A00000039
:100CD800416E0100000000001B0000000000000041
:100CE800000000001C0100000000000000010000DE
:100CF8001D01000000000000000100001E000000AF
:100D080000000000000000001F010000E51A0300B9
:100D180008000000200000009B9602000000000070
:100D28002100000000000000000000002200000078
:100D38000000000000000000230000000000000088
:100D4800000000000000000000000000000000009B
:100D58000000000000000000000000002600000065
:100D68000000000000000000270000000000000054
:100D78000000000028000000000000000000000043
:100D880029000000EB420300100000002A000000C8
:100D980000000000000000002B0000000000000020
:100DA800000000002C00000000000000000000000F
:100DB8002D00000000000000000000002E000000D0
:100DC80000000000000000002F00000000000000EC
:100DD8000000000030000000A930030010000000EF
:100DE8003101000000000000000000003200000097
:100DF80000000000000000003300000000000000B8
:100E08000000000034220000192B0300020000003B
:100E1800350000000000000000000000360000005F
:100E28000000000000000000370000000000000083
:100E38000000000038000000000000000000000072
:100E48003901000000000000000100003A00000025
:100E580000000000000000003B000000000000004F
:100E6800000000003C2000008F5B01000000000033
:100E78003D0000000000000000000000020405041E
:100E8800030400040C000C040D042A04040B0207DC
:100E98000A001100060000005054564F5349474EAF
:100EA80033BFFB09003003262000000000FFFFFFCE
:100EB800FFFF000000000000000000000000505488
:100EC800564F5349474E34004F4144204E564D31FA
:100ED800000000000000000000000000000000000A
:100EE80000000000000000000000000000000000FA
:100EF80000000000000000000000000000000000EA
:100F08005054564F5349474E370000000000000028
:100F180000000000000000000000000000000000C9
:100F280000000000000000000000000000000000B9
:100F380000000000000000000000000000000000A9
:100F48000000000000000000000000000000000099
:100F58000000000000000000000000000000000089
:100F68000000000000000000000000000000000079
:100F78000000000000000000000000000000000069
:100F88000000000000000000000000000000000059
:100F98000000000000000000000000000000000049
:100FA8000000000000000000000000000000000039
:100FB8000000000000000000000000000000000029
:100FC8000000000000000000000000000000000019
:100FD8000000000000000000000000005054564FC0
:100FE8005349474E3800000000000000000020115F
:100FF8002926010000000000010020112926010017
:1010080000000000020020112A2601000000000054
:1010180003002011831D010000000000040042119C
:10102800250A00000000000005004211360A0000F1
:101038000000000006004211580A000000000000ED
:1010480007002011630A0000000000001000421190
:10105800470A00000000000011002011EB76002074
:101068000000000000404211580A00000000000083
:1010780000804211110F0000010000002000201123
:1010880050140020010000002100201151140020FC
:101098000300000000002103C476002006000000C1
:1010A80000001011000000000700000000003033AD
:1010B80000000000070000001000303300000000AE
:1010C8000700000001402033000000000700000076
:1010D8000240203300000000080000000000203318
:1010E800000000000C00000055003933000000002B
:1010F8000C0000001C004233000000001200000039
:101108005500210100000000190000000000F081D6
:1011180058140020190000000100238160140020E9
:1011280019000000020023011C75002019000000AE
:1011380003002181A01C0020190000000400238165
:10114800641400201900000005002181A21C002061
:101158001900000006003081E9760020190000001F
:1011680007002101C07600201900000008002101B5
:10117800BE7600201900000009002181BC760020FD
:1011880019000000FDFF21812A260000000400004C
:1011980000002104000000000204000000002915DE
:1011A8000000000003040000000029040000000003
:1011B8000504000000002904000000000C040000E1
:1011C80000003904000000000D040000000039048C
:1011D800000000002A04000000003904000000009C
:1011E80002070000000029040000000002070000B8
:1011F800000218057B2C01000207000000033005DF
:10120800BA37010002070000010322057413000029
:1012180002070000020322057813000002070000FD
:10122800030318017A2C01000207000006031811B5
:1012380000000000040B000000001B0570130000F4
:10124800040B00000001291500000000040B000039
:101258000301291500000000040B00000601290401
:1012680000000000040B000000022105CE28000049
:10127800040B000001022105522B0000040B0000A2
:1012880002022105CE280000040B000003022105FC
:10129800F2360000040B000004022105CE280000ED
:1012A800040B00000502210582430000040B000026
:1012B8000003210400000000040B000000042105C5
:1012C800CE280000040B0000010421058A43000019
:1012D800040B00000505211500000000040B0000A8
:1012E8000805211500000000040B00000B05290467
:1012F80000000000040B0000100528040000000096
:10130800040B000000062105CE280000040B000095
:1013180001062105522B0000040B000002062105DE
:10132800CE280000040B000003062105F236000059
:10133800040B000004062105CE280000040B000061
:1013480005062105AE3B0000050B00000100210247
:101358000000000001000401FEFF00000000000082
:101368000000000000000000210000000100000053
:10137800E80300000000C8420A0000000200000064
:101388000400000008000000100000002000000019
:101398004000000080000000000100000002000082
:1013A80000040000000800000010000000200000F9
:1013B80000400000E8030000D0D1D2D3D4D5D6D75E
:1013C800D8D9DADBDCDDDEDF5A6967426565416C56
:1013D8006C69616E636530396A007800333E0300DA
:1013E800733E0300833E03006C00F0003571030078
:1013F80073710300837103006B00F000993D0300D3
:10140800D73D0300833E03006600F000993D0300CA
:10141800D73D0300833E0300670014002B40030000
:10142800594003006B40030069001400E9400300C1
:101438009941030019410300EE28E80351340300E1
:1014480083370300753503002F006400C141030092
:10145800274203005942030068000A002D3F030099
:10146800E53F0300653F03006D000400293A0300CF
:10147800753A0300E13A030064000100000000002F
:1014880000000000EB3703006300010000000000CB
:1014980000000000EB3703006200010000000000BC
:1014A80000000000EB3703006100010000000000AD
:1014B80000000000EB37030070000100000000008E
:1014C80000000000EB370300501D0000B872002038
:1014D800E8150020501D0000BA720020F415002005
:1014E800501D0000BC72002000160020501D000096
:1014F800BE7200200C160020501D0000C072002093
:1015080018160020501D0000C2720020241600206A
:10151800501D0000C472002030160020501D00002D
:10152800C67200203C160020501D0000C872002022
:10153800481600204C72002047B102009C6F002022
:101548005AB50200000002400929FF002871002056
:101558004C15000000200500004000006C1D000034
:10156800EE7600205C150000941D00006C740020CD
:1015780064160020BC1D0000F06600208C160020B8
:10158800BC1D0000106700208E160020BC1D000046
:101598003067002090160020BC1D00005067002016
:1015A80092160020BC1D00007067002094160020D1
:1015B80000000000B57E01007986000001010100ED
:1015C80000000000FF000100000000000000000013
:1015D800E01D0000E45D002098160020FF000000D8
:1015E8000000000080A9030018680020E41500002E
:1015F80000000840E8030000F81D0000C46F002048
:10160800F8150000000001401FFF0000170000004F
:101618000010014021FF01001900000000200140D6
:1016280023FF02001B0000000030014025FF0300DB
:101638001D0000000000014020FF0000180000000D
:10164800C05900200C160000000000000C5A0020B1
:101658001816000000000000585A00202416000048
:1016680000000000A45A002030160000000000000E
:10167800F05A00203C16000001000000020800009B
:101688000000000000000000000101000000A2208E
:1016980038170020030800000000000000000000C8
:1016A800000165090000000000000000012C000096
:1016B80000000000000000000001001E0000000003
:1016C80000000000022C00000000000000000000E4
:1016D8000000000000000000000000000000000002
:1016E80000000000032C00000000000000000000C3
:1016F80000000000000000000BFB0000A1FF00003C
:101708004FFB0000C1290000FDFB0000690001003B
:10171800FDFB0000C9010100FFFB0000C12900001A
:10172800FDFB00006900010063FC0000C129000006
:1017380000000000000000009DFD0000C12900001D
:101748000000000000000000E9FD0000C1290000C1
:1017580095FE0000C129000099FE0000D903010090
:10176800B5FE0000C12900000000000000000000D4
:101778000000000000000000000000000000000061
:10178800F7FE00002D0501000DFF0000C129000033
:10179800F7FE00002D0501000DFF0000C129000023
:1017A80099FE0000D90301003DFF0000C129000097
:1017B80013000000792E020000000000A7E00000DE
:1017C80001000000A7E0000002000000C32402009E
:1017D80002800000C124020003000000E12402008E
:1017E8000400000027250200048000007F25020075
:1017F800050000008125020006000000F92502000E
:1018080030000000832B020031000000852902000F
:10181800330000003D2C020034000000E32C0200DD
:1018280011000000852D020014000000E12D0200C7
:101838001500000055290200FFFF0000000000000D
:101848008F000100D81C002087000100D61C002052
:10185800350028001470002028000100BB1C00205F
:1018680029000100BC1C00208400040058750020D9
:1018780086000100AD0600202A000100BD1C0020E2
:101888002B000100BE1C00202C000100C21C0020FF
:101898002D000800201800202E000100C31C002085
:1018A8002F000100C41C002030000100C51C0020CE
:1018B80032000100F876002033000100F97600209C
:1018C80034000100C61C002036000100FA76002012
:1018D80038000100C71C002039000100C11C00208D
:1018E80083000200B01C002063000100FE76002087
:1018F80065000100BF1C00206D000100FF7600207C
:1019080071000800C474002066000100D51C002086
:1019180043000100D01C002044000200A61C002047
:1019280045000100D11C002046000200A81C002030
:1019380047000800CC74002048000100D21C002099
:101948004B000100D31C002004000100D71C00201C
:10195800A1000100DD1C002037000100DC1C002074
:1019680088000100D91C00203C000100C81C002090
:101978003D000100C91C002049000200AA1C0020EB
:1019880067000100007700204D000200AC1C002019
:101998004E000100D41C00204F000200AE1C0020A5
:1019A8003E000100CE1C002051000100FB76002003
:1019B80052000100CB1C002053000100CD1C002068
:1019C80054000100FC760020000000000000000028
:1019D800B0180020FFFFFFFFFFFFFFFF0A00000015
:1019E800D11B020002000000CB1602000500000017
:1019F8006918020007000000DB1702000C00000055
:101A0800A71102000D000000C5130200FF0000002E
:101A1800000000008E0000008E0001008E00020011
:101A28008E0003008F0000018F0000028F0000036A
:101A38008E0001048E0000058E0008048E0000044C
:101A480089000006500000007F0001003F000400EC
:101A58003F0002003F0001007F000200000000007C
:101A6800009A9EA0989D9D978DA58EB0AA9C000077
:101A780002040201010101090200000031311719B5
:101A88001A21241B1D1F313133310000313118193F
:101A98001A22311C1E20313134310000030071003C
:101AA80030016000110070003102200350048000F2
:101AB800070010006100000014006300730072004A
:101AC800620043000000130006000000000004004C
:101AD80012000000000000000000040004003700AD
:101AE80037003C02440000000000000000006500D0
:101AF80000003500810000000500000083000000A0
:101B0800660000000000080009000A000B00000041
:101B180001017101010101011101010131010101FD
:101B2800010180010001100161013B001400630103
:101B380073017201620143010001130106013D01B5
:101B48003500040112010001000100010001040137
:101B58000401330133013C01440132013600000124
:101B680000016501000135008101000105018201C4
:101B780083010001660100010001080109010A0151
:101B88000B010000030271023001600211027002B1
:101B980001020202020280020002100261023A00FF
:101BA80041006302730272026202430200021302DE
:101BB80038000002000204021202000200020002C1
:101BC800000204020402370037003C02440200020B
:101BD800390000020002650200023502810200029B
:101BE8000502820283020002660200020002080265
:101BF80009020A020B020000010371030103010339
:101C0800010301030103220302030103000310037C
:101C18000003000300030003000300030003420362
:101C2800000324030603000300030403120325032F
:101C38002303250323030403040300030003000311
:101C48004403000300032303000365032100350355
:101C580081030003050300030003000300032503B9
:101C68002303080309030A030B030000000005000F
:101C7800B100AB00A500B0001C003000380008001F
:101C88002C010200000120181A18182C34041E0018
:101C98000C0E020B040B0A070800110F88B224006F
:101CA800881300001000000000000001C0030000BD
:101CB80080070000000F0000001E0000003C00002C
:101CC8000078000000F0000000E0010000C0030000
:101CD8000080070000000F0000001E0000003C000C
:101CE800000078000000F0000000F0000000000094
:101CF80000000000000000000000000000000000DC
:101D080000000000000000000000000000000000CB
:101D18000000000000BE040A00BE02087864632EBA
:101D280072756E74696D652E537461727475703A4C
:101D380020276D6178506173736573272065786318
:101D48006565646564000000614B0300994B0300FE
:101D58009F4B03007B4C0300674D0300C14D0300FC
:101D6800C94D0300654E03006D4E0300734E03001A
:101D7800A34E0300BD4E03000B4F0300234F030087
:101D8800974F0300D54F0300DD4F03006D5203004A
:101D98000153030077530300A7530300B95303000B
:101DA800EF530300075403002D550300715503003A
:101DB8007D550300B55D0300CF5D0300055B03009F
:101DC800075B0300055C0300AD5B0300495C03008F
:101DD800955D0300795D0300FD60030073610300F6
:101DE80067640300716403004966030069690300BE
:101DF800516E0300596E03005B6E0300616E0300B1
:101E0800696E0300F96E0300216F030001020003ED
:101E18000200010370B50446257805F07F050E2DF4
:101E280001D1002070BDE678032D1CBF042D012DC3
:101E380001D1002000E0802000F074F90F2D14BFBC
:101E4800012200220321304600F06DF90F2D03D145
:101E5800BDE8704000F0B0B900F0BCF9032D0246AF
:101E68000B4604D100F0C8F900F0B4F915E0F9D038
:101E7800042D0AD18A488B4900F0DAF900F0BCF940
:101E880000F0A8F90022884B05E000F0B5F900F051
:101E9800A1F90022854B00F0A1FA00F0C3FB01462E
:101EA800207AC20707D56469206800F0EFFB6168F3
:101EB80000F058FC0146084670BD7FB504462C204A
:101EC80044437B4D281900F108014E88964204BF0F
:101ED800898899423CD108990B0006D10C2A0CBF7D
:101EE800042102210A98018017E0012930D1FFF767
:101EF80091FF0090285D099E00F07F00012818BF1F
:101F080002280DD0032819D0042809D00F281FD182
:101F180004226946304600F06EFD012004B070BD11
:101F28006448008800F048F9009900F0AFFB00F021
:101F3800F9FD00B20190022201A9EBE75E48009981
:101F4800006800F0A3FB00F0EDFDADF80400F2E737
:101F58000020E3E7F8B504462C214C43544D2E19D4
:101F68003046FFF757FF295D01F07F010329074637
:101F78000BD151480068394600F088FB00F0D2FDCB
:101F880001B2707800F0E8FF0EE0285D00F07F00F5
:101F98000F2805D1012001F0DCF930B14760F2BD0E
:101FA8007078394600F0F3FF0020F2BD2DE9FC47B8
:101FB8008046424F4D79424911F80890484600F052
:101FC80089F8064600F08FF8002000F0ABF83A7860
:101FD80037492C2042438C183A49D4F814A061623E
:101FE800012005F07F0584F8280040F6043161815E
:101FF8004FF48070032DA08105D140F202400926DC
:102008006081002149E0042D08BF08262AD0042158
:10201800484601F075FA0C2010FB06F02A4901F831
:102028000090012D31D10844284A426000210091D6
:1020380001916A460121404601F070F901AA022186
:10204800404601F06BF90098002101F04FFB09D0E0
:10205800207A40F0010020720098CAF80000019927
:10206800CAF8041084F8018084F80290E670002110
:10207800207800F0800005432570A1711448E061C4
:102088003978491C3970BDE8F387681E0128CDD915
:102098000E38E7D10C2060815521A181E2E70000CC
:1020A8009A9999999999B93F0000594000408F40F1
:1020B80070520020522B00007C130000E8760020AC
:1020C80068730020C31E0000E8150020308C110042
:1020D8005D1F0000A0F11701082902D21738C0B20D
:1020E8007047FF2070470C480178CA0700D5704731
:1020F80010B541F0010101700020084905E0C3B2A4
:102108000C246343FF22CA54401C054B1C78C2B2FE
:10211800A242F4D310BD0000ED760020E81500209F
:1021280046B102007047134601222DE9FE430928F3
:10213800044691461D4605D101F0ADFB01F0DAFBDE
:1021480080B234E05FEA09000BD001F0FCFB01A883
:1021580001F034FC01A9204601F010FC5FEA0008F8
:1021680001D1002023E000270024002609E0694669
:10217800404601F0E2FB18B9BDF80000641C3F18A6
:10218800761CF0B24845F2D3E0B20228A4BFE4B20C
:10219800B7FBF4F73DB1B9B2404601F0D1FB4FF4BB
:1021A8007A71B0FBF1F7404601F0C4FBB8B2BDE864
:1021B800FE8300230122B8E750B1B0FA80F18840CD
:1021C800C1F19D01C905020672F1004241EB1020E0
:1021D8007047200010F0004160B148BF4042B0FA9B
:1021E80080F29040D21CC2F5846241EA025202EBAE
:1021F800D021400570470900C1F30A5340F21E423E
:10220800D31A0CDDCA0283F3070342EA505242F0A4
:102218000042DA4002EBE17282EAE17070476FEA4D
:10222800E17203F2E13008B182F00040704701002A
:1022380030B540F2FF7C1CEA11541DBF1CEA13554F
:10224800644565453FE0641981EA030C6FF35F5309
:102258000CF0004C43F48013C90241F0004141EAFC
:10226800505EC5021100A5FB020200284FF00000D5
:10227800EEFB01204FF00001E3FB052118BF42F0FF
:102288000102401800214941E3FB0E01A4F58064D6
:102298000D0302D292184041494154F1010470DD06
:1022A800450872F1004250F1000051EB0451A1F5CC
:1022B800801102D441EA0C0130BD40F2FF7E4CEAA5
:1022C8000E51002030BD0CEA1355644518BF654512
:1022D80081EA030C0CF0004C41D050EA410E1CBFBF
:1022E80052EA430E02E06146002030BD24422C44ED
:1022F8001BD15FEA050EF6D0090302BF0146002094
:10230800AEF1140EB1FA81F5AEEB050401FA05FE43
:102318000C35C5F1200100FA05F5C8404EEA000E5B
:102328006FF35F5343F480139CE733F00043B3FA31
:1023380083F504BFB2FA82FE75440B3D641BB5F108
:10234800200E2FBF02FA0EF3AB40C5F1200E22FA81
:102358000EFE38BF43EA0E03AA40641C7CE750EA2D
:10236800410E14BF52EA430E6FF000014FF40015FE
:1023780015EB430F8EBF194615EB410F9DE7B4D8F7
:1023880030BDD4F10104B4F120050FDAC4F1200501
:10239800520828BF42F0010210FA05FE01FA05F5BD
:1023A8007244E2BFE0402843E1400FE0352C9ADC5C
:1023B800C5F1200452EA400220FA05F218BF42F0A3
:1023C800010231FA05F0A1400A43002172F10042EE
:1023D80050F1000051EB0C0130BD0143F0B540F263
:1023E800FF7581EA030C0CF0004C15EA11541DBF6F
:1023F80015EA1357AC42AF42E5E0BC41C1F3130103
:10240800C3F31303801A994143F4801304D2641E62
:102418000018494180185941C90241EA5051B1FB9D
:10242800F3F603FB1611A2FB0675D7EBC020A941F2
:1024380002D2761E80185941C90241EA5051B1FBB7
:10244800F3FE03FB1E11A2FB0E75D7EBC020A941BA
:1024580003D2AEF1010E80185941890241EA905128
:10246800760546EA8E2EB1FBF3F603FB1611A2FBA6
:102478000675D7EB8020A94102D2761E80185941F3
:10248800C90241EA50514EEA060EB1FBF3F603FBCE
:102498001611A2FB0675D7EBC020A94102D2761E01
:1024A80080185941C90241EA5051B1FBF3F703FBC7
:1024B8001711A2FB0735D3EBC020A94167F100072C
:1024C8000CBF004247F0010766F3D5274FEA1E31DB
:1024D800B80814F5806412DDBD0775F1004250EBB1
:1024E8000E5051EB045111F5801F5CBF41EA0C01FD
:1024F800F0BD4CF07F6141F0E0410020F0BDBD0728
:102508006D0840EA0E5041F48011D4F10104B4F191
:1025180020060ADAC4F120060200E04001FA06F3B8
:10252800E1401843B24015430EE0342C13DCC6F1E9
:10253800200445EA40056D0820FA06F2154321FA01
:1025480006F0A1400D43002175F1004250F1000052
:1025580051EB0C01F0BD00205FEA0C01F0BDCFB9D2
:1025680092185B41B3FA83F704BFB2FA82F6BF1937
:102578000B3FB7F120062FBF02FA06F3BB40C7F1A5
:10258800200622FA06F638BF3343BA401CB1E419D4
:10259800641E33E77F4231F00041B1FA81F404BF91
:1025A800B0FA80F6A4190B3CB4F120062FBF00FA4C
:1025B80006F1A140C4F1200620FA06F638BF3143DF
:1025C800A0403C1B1AE7AC421ABF05EA1357AF42BA
:1025D80012E050EA41061CBF52EA4306BFE750EA40
:1025E8004107304661461CBF41EA0551F0BD52EA39
:1025F800430C08BFC143F0BD00204FF4001616EB92
:10260800410F98BF16EB430F08BF16EB410F24BFCD
:10261800C14305E016EB430F0CBF61464CEA055178
:10262800F0BD010001F000428B1AA3F16051B1F531
:10263800801F0ADBB1F17F6F1FD242EAC102C100DD
:1026480071F1004142EB507070470B15C3F109035B
:10265800212B10D2890241EA905180020128494178
:1026680041F0004121FA03F0C3F12003994071F1D0
:10267800004150417047100070476FF0000013EBA5
:10268800103F5CBF000E42EAC0507047FF2212EABA
:10269800D05C1DBF12EAD153944593422BE09C4471
:1026A800D30780EA010243EA002043EA01211A40E5
:1026B800A1FB0030C04238BF00187CF17F010BDB62
:1026C800FE294ADA5B0842EAC15153EA006373F112
:1026D800004C51EB10207047D1F1080CDCF12001BF
:1026E8002FDB5B0810FA01F10B4320FA0CF073F1B1
:1026F80000415041704794451CBF02EAD1539342B0
:1027080080EA010202F000421DD0400019D04900C1
:1027180017D05BB9634514D00902B1FA81F3994027
:10272800BCEB030CC00140F00040C1E70002B0FA66
:1027380080FC10FA0CF0B3EB0C0CC90141F000411D
:10274800B6E71000704740000AD0490008D010F1E1
:10275800807F94BF11F1807F02E042F0FF40704714
:10276800D043704790EA010F40F16C8081F000413E
:10277800431A4FF000423EBF5340C01AC918D3094C
:102788005FEAD05C13EB400F34BFB3EB410F40E07E
:102798007CEBD1530CD342EA012122D8D1EB402063
:1027A80009D3400A28BF5FEA500140EBCC5070477C
:1027B800401A15D04002B0FA80F2521C9040400AEC
:1027C8004FEA3C23B3EB026384BF00EB730007E0DE
:1027D80040F400001A16DB07C2F10102D04018438A
:1027E8007047182BFCDC31FA03F202FA03F3591A8A
:1027F80038BF42F00102D2EB40203CBF0018ACF1D8
:10280800010C5FEACC5CC20572F100414CEB502030
:10281800704713EB400F0FD2C94209D0ACEBD1532C
:10282800022B03DB4902172BDDDD70479143401A69
:10283800C042D5D10020704713EB410FD0D36FF0C1
:1028480000007047421A3CBF801A8918C0F3C7526B
:10285800FF2A4FF0004C22D0C1F3C7534BB3D21A12
:10286800D2F119032EDD4CEA01214CFA03F321EAD7
:102878000303D1404CEA00226FF3160052180FD31D
:1028880053EAC2534CEA520273EB0C0C50EB122081
:10289800420012F1807F38BF70476FF3160070470F
:1028A80053EA026322EA0C0273EB0C0C50EB122081
:1028B8007047490212BF9A4200EB5120EFE7D2F16C
:1028C8001703D2D570470100F8B50D4688B0044605
:1028D800287800F0BAF800283ED1DFF83C22002121
:1028E800131D53F8310018B1491C2029F9DB33E0D6
:1028F80005A800230026002780E8C80002F8314018
:10290800121D42F8315028788DF80000A8684188D7
:10291800ADF802108188ADF80410807900F00F003E
:102928008DF80600A868C1798DF80710A868816835
:102938000291007B8DF80C00A8680169049105A933
:1029480028788DF814008DF81C30CDF818D0204662
:1029580001F0A8F8012000E0002009B0F0BDDFF880
:10296800BC11086070472DE9F041DFF8B4512C68BC
:1029780080460F4600F069F8002630B90020BDE80F
:10298800F081206800B9264604462CB120794045DC
:10299800F7D1A7600120F2E70C2001F05BFC0028CA
:1029A800ECD00022026080F8048087602968002942
:1029B80014BF30602860EDE710B559490A6800E097
:1029C800126852B1036811791C7DA142F8D191684F
:1029D8000029F5D0BDE810400847012010BD01F0DE
:1029E80039BC10B5044610460A460146204601F097
:1029F80091FC204610BD03E011F8013B00F8013BB3
:102A080013465A1E002BF7D17047002818BF01F053
:102A180022BC704701700A0A0B0C090E42708370C1
:102A2800C170001D704700223B4B03EBC20149688F
:102A380011B10978884203D0521C202AF5DB02E044
:102A480013F8320070470020704710B50146002285
:102A5800314800EBC203586810B10478A14203D092
:102A6800521C202AF4DB00E010BD002010BDF0B598
:102A78008BB007460C4615461E462C21684601F0C9
:102A88007DFC397A8DF80010032906D108223946D1
:102A98000DF1020001F0D4FB03E011B13988ADF863
:102AA8000210797A12988DF80A107989ADF80C100D
:102AB800810744BF01228DF81C20C10644BF0122B2
:102AC8008DF81D20010744BF01228DF81E208106C4
:102AD80044BF01228DF81F20410644BF01228DF812
:102AE8002020000644BF01218DF821101398119B66
:102AF800109A27788DF822008DF81470ADF81650CA
:102B08000693ADF824600A922078FFF78CFF694697
:102B180000F0CCFF0BB0F0BDE45E00203C75002057
:102B280040750020C0F3C751D1F19E0108DD0202B3
:102B380042F00042CA4002EBE07282EAE07070475D
:102B48007FEAE07080F0004070476400F8B50D2817
:102B580005462DD201F080FBDFF8C0351A78002435
:102B68000146BAB100265FFA86FC2820DFF8B07566
:102B780010FB0CFC6744787C000904D0761CF0B28A
:102B88002028F0DB06E0521E3C461A70607C40F0BC
:102B9800F0006074084601F06AFB4CB1280014BFCD
:102BA80004F11C000020A061E57504F10C00F2BDE1
:102BB80001F009FC40F20121884206DB05F110060C
:102BC800B0B201F0E1F8040001D10020F2BDB1B2C9
:102BD80001F098FC280014BF04F110000020E06008
:102BE800E5722046F2BD38B504462079C0F30210DC
:102BF800022806D1E06820B1A17A022908BF01F0B5
:102C08002AFB6079000910D001F026FB05461C213B
:102C1800204601F0B3FBDFF804050178491C017078
:102C28002846BDE8324001F022BB2046BDE83240CC
:102C380001F0BEB82DE9F0470F46DFF8E814B1F807
:102C4800D421054600262879C0F30219C40900F0EA
:102C58000F00C240D5F80080D00704D51CB928461B
:102C6800FFF7C1FF33E001F0F7FADFF8BC24824632
:102C7800506800213B4602E0014650F80C0C08B3AE
:102C88000768474502BF0779C7F3021CCC4504BF54
:102C9800FF09A742F0D1761C1F0013D0F7B2BB4240
:102CA800EAD150F80C3C45F80C3C5468A04208BFE7
:102CB800556009B141F80C5C002140F80C1CFFF785
:102CC80092FF00E00546504601F0D1FA0DB101200F
:102CD80000E00020BDE8F08770B501F0BDFA0646B7
:102CE800DFF8440444680025456005E0204654F8B0
:102CF8000C4CFFF778FF6D1C002CF7D1304601F023
:102D0800B6FAE8B270BD2DE9F0430C468FB0200446
:102D180048BF84F4004000F1CA80E007DFF8086487
:102D280040F1B9807078002884F001091BD100F1C6
:102D3800180801F048FB002740F20111884213DA15
:102D4800B078401CB070C0B21F28A4BFB770FFF79E
:102D5800C3FFB078052190FBF1F101EB8101401A26
:102D680003D000F0B0F894E0B770301D01F045F9D9
:102D78000400F8D0162106F1080001F0FFFA2179C5
:102D88001625080910F0070003D0022852D014D3E2
:102D980059E0C809E57A059004970397029701F06E
:102DA8000F01E068019006F10800A27A009216353A
:102DB8002389E28802F04AFF44E0E179FF290CD038
:102DC8002C20DFF86823414355181E2207A92846FE
:102DD80000F006FA074605F11808E0680168069150
:102DE80007AB217902790497001D039302905523BC
:102DF80006F10800D519CA09059206AF39220092D2
:102E080001970C2201F00F0102F020FF1A35010092
:102E180018D198F81000010715D5FF21002000915E
:102E280002900190A179E079D8F80C7055230C2212
:102E3800B84708E0E288E068E57A01F00F0102F09F
:102E4800C1FE163578B9DFF8E8120020652D087044
:102E580002DB00F033F803E000F02CF849F0010938
:102E680000F02CF812E0607900F00F01022908DC6C
:102E7800411C61F3030060712146301D01F0FDF82B
:102E8800002400F020F800F019F814B12046FFF7EC
:102E9800AAFE48460BE0A00708D500217170012161
:102EA800307801F00FF884F0020000E000200FB045
:102EB800BDE8F0833078012101F004B8307832227F
:102EC800012102F0BFBF012070704FF47A72307890
:102ED800022102F0B7BF4FF6F07300F00F0003EACB
:102EE8000213184340EA014070472DE9F84F0B9D43
:102EF800DFF834628246884693461F462846FFF725
:102F080025FE040022D0DDF830905A46414650464E
:102F1800FFF7E1FF20602A460AF00F0040EAC910D7
:102F28002071A4F80680A4F808B0A7720A99E0688E
:102F380001F086F9102F0CBF032101212046FFF76D
:102F480079FE18B92146301D01F021F8FFF7B2FFCC
:102F58003078BDE8F84F86E003B583B000F00FF88D
:102F6800292340F2024106E003B583B000F007F8D8
:102F7800212340F20541FFF7B8FF05B000BD00214D
:102F8800022204AB029101920093002270477FB5A0
:102F980000F01CF800F017F8FFF7C4FD00F009F87E
:102FA8004FF48072FFE740F604312046FFF79DFF9B
:102FB8007FBDADF80C00002503A8009002260295FD
:102FC8000196292370472946FFF760BB594E0446EE
:102FD80030880D46FFF7F0B81FB50B0018BF012366
:102FE80001218DF80C300292019103AC009410235A
:102FF80000220621FFF779FF1FBD2DE9F047804623
:103008000E46924699460C20FFF7A0FD0400464F55
:1030180023D0089D721C49464046FFF75CFF20609C
:1030280008F00F01207900F08000084340F01000FC
:103038002071A5713920A072E67184F808900C22DD
:10304800E068514601F0FCF801212046FFF7F2FD47
:1030580018B92146381D00F09AFF3878FFF72BFF82
:103068003878BDE8F0473222012102F0EBBE2DE9A5
:10307800F0478046894614009A4618BFBAF1000FF7
:1030880011D0089E370908BF012706F00F06022E47
:103098000CBF00205046FFF759FD050005D116B1B9
:1030A800204601F0D8F8002035E000224946404685
:1030B800FFF711FF286008F00F01287900F0800061
:1030C800084340F02000287185F80BA00020A5F8DF
:1030D80006902881AE72022E08BFEC6008D0E8681E
:1030E8005246214601F0ACF816B1204601F0B3F87B
:1030F80039462846FFF79EFD0B4C18B92946201D76
:1031080000F045FF2078FFF7D6FE20783222012113
:1031180002F098FE0120BDE8F0870000B31C0020F3
:103128007C460020B8090000087100207052002079
:1031380054740020522B000070B504462C214C43D7
:10314800DFF8D4522E19304601F0DCF92A5DDFF899
:10315800CC1242F080022A5500200870304670BD1B
:10316800F8B5AF4C2578A84211D2461CF6B2AA4F42
:1031780009E02C2171437A18A2F12C0039442C2241
:1031880002F078FF761CAE42F3DB6D1E2570F1BDB0
:10319800F0B5A44BA44C1B5C245C024600E0491C1F
:1031A8009F4D2E78C8B2B04217D25FFA81FC2C2509
:1031B800994F15FB0CFC07EB0C052878C0090CD0BF
:1031C8006878904202BF2F7807F07F079F4204BFBC
:1031D800A878A042E3D148B2F0BD4FF0FF30F0BD6F
:1031E800F0B50346002400200EE0E4B266440E5514
:1031F80007F00F076C1C0A2FACBF37263026EDB23C
:10320800F6194E55401CC0B29E79B042E5B212DAAA
:10321800EF1CBA420FDB10B12D264E55641C1D1849
:103228002F7AC7F30316651C0A2EB4BF4FF0300C73
:103238004FF0370CD9E7E0B290423CBF0020485528
:10324800E0B2F0BD10B500F001F811E0012303FA77
:1032580000F000F0FF0000EB0120744C704710B53F
:10326800012303FA00F000F0FF0000EB0120704C8E
:1032780081B22078BDE8104002F0E4BD70B500F0DE
:1032880006F86B4E00F00AF800B90FE070BD04466E
:10329800012000FA04F404F0FF047047307804EBCE
:1032A8000124A4B21546214602F0FCBD30782A4616
:1032B8002146BDE8704002F0C5BD012202FA00F0C7
:1032C80000F0FF0000EB0120584BFFE781B21878AF
:1032D80002F0BCBD574B00EB80001844022907BF21
:1032E80090F8FC10D0F8FD0090F8AC10D0F8AD00C4
:1032F80001290ED002290AD0032907D0042908D0B1
:10330800052904D0062918BF0B2905D119E080B278
:10331800FCE700F0FF00F9E700207047454B00EBA1
:1033280080001844022907BF90F8FC10D0F8FD006F
:1033380090F8AC10D0F8AD00072900D101E00020CA
:1033480070471060012070470A78521C001D00F079
:1033580077BF70B510260228054603DB0C2110FB49
:1033680001F6361D304600F075FF040003D03146E3
:1033780001F0C8F82570204670BD420602D5491EE6
:103388008941C90F00F044B92C22234B50431844FB
:103398000079002818BFFFF7F0BF704738B5002440
:1033A8001F4D03E00021FFF7EFFF641C2978E0B20E
:1033B8008842F7D32048027802F0FD02027031BD3E
:1033C80070B52C2606E0D5B2134C75432C44521C1C
:1033D80020716171D4B29C42F5D370BD70B52C22B6
:1033E8000D4B0446191D54430C5D00E0401C0C4D68
:1033F8002E78C1B2B1420CD251435D182979002907
:103408001CBFA9780029F1D02979A142EED1012069
:1034180070BD002070BD000070520020B21C00205A
:10342800E87600205873002068730020D31300202A
:10343800D4130020B8090000C2760020C000103064
:1034480070477CB5C0001030461814461D463146FA
:10345800102002F05CFE48B9009523460022314650
:10346800102002F0B9FE08B9012076BD002076BD13
:10347800C00080B510304118102002F08BFE0120EA
:1034880002BD0B4604220021DBE702B56B4604228D
:103498000021FFF7EDFF02BD00F03F02282A0ADAFB
:1034A800012200F01F0012FA00F004D07F4A09B18F
:1034B8001060704710617047F8B500F04CF81EDADC
:1034C80000F043F81BD07A490A681043086024F0DA
:1034D800605402F014FF00F04CF830001CBF032EBB
:1034E800042E02D144F4C04408E0012E08BF44F47D
:1034F800804403D0022E08BF44F4005449E0F1BDD3
:10350800F8B500F028F81FDA00F01FF81CD0684959
:103518000A6822EA0000086044F0005402F0EFFE56
:1035280000F027F830001CBF032E042E02D144F40B
:10353800C04408E0012E08BF44F4804403D0022EA2
:1035480008BF44F4005424E0F1BD012100F01F003D
:1035580011FA00F07047850005F0FC0505F180457B
:1035680005F501250E462F4600F03F013C68282945
:103578007047002139706F1C220AA91C3A70230C6D
:103588000B704FEA146C05F803CF24F4C04402F022
:10359800DDBE02F0B4FE240A3C70BDE8F24002F041
:1035A800D5BE70B500F02CF8254600F03F022E6815
:1035B800282A24DA012200F01F0002FA00F0C24390
:1035C800E8B13B4B29B11968084326F060561860EA
:1035D80004E01868024046F000561A6002F08FFEB8
:1035E8000021631C2970320AA11C1A70350C0D7059
:1035F800360E04F8036FBDE8704002F0A7BE70BD38
:10360800840004F0FC0404F1804404F501247047AC
:1036180000F03F02282A0DDA012200F01F0012FAFA
:1036280000F007D0214A136C0343136409B11060FA
:103638007047106170470000F8B50D4600F03F0173
:10364800282931DAFFF7DCFF1A4A2668137800F0D8
:103658003F00834228D31849184F02F079FE3740BB
:10366800032D15D8DFE805F002050B0814490F43B0
:103678000EE0144807430BE047F4E02708E006F49F
:10368800E026B6F5C02F0CBF47F4A02747F4C027A3
:1036980002F035FE621C390AA51C11703B0C2B7018
:1036A8003F0E04F8037F78E7F1BD00009020024048
:1036B800D0200240C2CC020085260100FFFFF8E7B7
:1036C8000000061800000510F8B504460D4601264E
:1036D8000027344203D02946F8B2FFF7ADFF7F1C1C
:1036E8007600F8B22028F4DBF1BDE803884204D064
:1036F80040EA010C1CEB0C0F70474FEA400C1CF120
:10370800807F98BF8042704770B502F0F8FD06468A
:103718007D484068FA246FF0F90560B1B0F90C10E3
:103728008C42C8BF0C46B0F90E1000688D42B8BF75
:103738000D460028F2D12946204600F005F830460B
:10374800BDE8704002F002BEF0B46F4BB3F9004020
:10375800A0421ADA6D4D6E4C2E782568A5F5407595
:1037680076B2821C7543D7052D1105EBE735803DF0
:1037780012F1F90F2ADA4FF4803505F47F452563F5
:103788001880206A40F004002062B3F902008842E1
:103798001ADA5E4C5E4A25781468A4F540746DB256
:1037A800881E6C43C605241104EBE634803C10F1F6
:1037B800F90F15DA4FF4803404F47F4454635980C8
:1037C800106A40F008001062F0BC7047FA2AA8BFDF
:1037D8004FF47F45D1DA002DCFD54E4A1540CEE7BC
:1037E800FA28A8BF4FF47F44E6DA002CE4D549480C
:1037F8000440E3E72DE9F0474448454D01782A683D
:10380800414E454F4FF47F432B63FA2131802A6A9A
:1038180022F004022A620022007829686A636FF0A5
:10382800F9007080296A21F008012962F86B746830
:10383800D0F8001088470FFA80FAE4B1B4F90E9076
:10384800D4F80080D145BCBFB4F90C108A450FDB11
:10385800D145B8BFB4F90C902146301D02F006FEE0
:103868000020226920752346A46849465046A0478F
:103878005FEA0804E2D1FFF747FF686A00F00C002E
:103888006862686A10F00C0FF7D139680A6ABDE8F7
:10389800F0473520104770B584B002F030FD1F4D59
:1038A8000446287808BB684602F048FD1C490A7897
:1038B800019201218DF808106B461A4A3521281DFE
:1038C80002F0FAFC1848194B816C21F0040181645C
:1038D8000322816C21F008018164026009211A68C1
:1038E80016680220B04701202870204602F02EFDFD
:1038F80004B070BD00B50E4881B001680A689047F1
:1039080000B201B000BD0000581B00200C1300508D
:103918002850094000FF0100B00100104871002044
:103928002EE10200FD37000000500940840100101C
:10393800EC01001001680A6810470268936818478C
:1039480002681369184770B502F0D9FC1849054692
:10395800087860B9012217480A7004783CB1164EFD
:10396800304656F80C1B4A699047641EF8D1284621
:10397800BDE8704002F0EABC0000000030B50C4C15
:10398800237881B000227BB10A4C2578A8420BD25B
:1039980009B900BF0CA100EB40029200064B981831
:1039A8009B589A6990470246104601B030BD000006
:1039B8001277002046B10200D014000002A1D1E91C
:1039C8000023C0E900237047000000000100000048
:1039D8002DE9F041102705460E469046082B38BFC2
:1039E800082398B200F0D0F9040010D0267000F037
:1039F80037F800F03BF840B903F0C8F900F089FA4D
:103A080000F03CF80028F7D0477800F042F8384634
:103A1800BDE8F0812DE9F8430546089810260F46C1
:103A2800904699460C2838BF0C2080B200F0ACF9BB
:103A3800040012D0277000F013F8C4F8089000F0C2
:103A480015F840B903F0A2F900F063FA00F016F88F
:103A58000028F7D0467800F01CF83046BDE8F2831D
:103A680000206070A570C4F80480704721460A4899
:103A7800007800F0ACB908490870704721782846EA
:103A880000F0CFBA0A4608230421A1E7FFF7C2FFD6
:103A980002BD204600F08CB9027700200A460823B0
:103AA800142195E70A460823202191E70A460823AE
:103AB80022218DE70A4608234D2189E70A46082373
:103AC8002C2185E70A460823B02181E70A46082306
:103AD800B6217DE70B460C210091002270470A466B
:103AE8000823C12174E703230022CD2170E780B5A4
:103AF800FFF7F0FFC421C9E738B50446012520784F
:103B0800801F46D0423848D018383ED0401E3CD09E
:103B1800401E012841D9801E2FD0401E33D0401EA0
:103B280031D0801E2FD0801E032836D9001F2AD0FE
:103B3800401E28D0401E26D0401E24D0401E0228F9
:103B48002BD9C01E21D0401E23D0401E25D0C01E18
:103B580023D0801E21D015381FD0401E17D0C01E7C
:103B6800012884BF3038062817D91B3815D0801E85
:103B7800012812D9093810D012E0606908B100F0A4
:103B88006AFBE06906E0E06804E0606902E0E06A78
:103B980000E0A06808B100F05EFBFFF77AFF00E0E4
:103BA8000025284632BD0100F8B541F2FC64DFF873
:103BB80010562E19307901281CD02846002105F509
:103BC800B85201E040F8041B9042FBD3E821296079
:103BD800002041F21462DFF8EC753060C5F8E82087
:103BE80005F1E801796000F006F8B8607D60FC60D6
:103BF80001203071F1BDF8B500260027051D15F02C
:103C080003001CBF291D0D1A00F026FB0146DFF832
:103C1800B425112D34BF546894682068002803D552
:103C280080F0004000271AE03B0014D03368D4F835
:103C380000C06344AB42336011D334461846ECB13C
:103C4800401B042811D3605145F000402060D36820
:103C58005D1BD56011E0A842F1D201272646044435
:103C680020680028DAD1002408E0D36820681B1AED
:103C7800D360256845F000452560241D116008467D
:103C8800F3E038B5040019D0DFF8385500F0E4FA4D
:103C9800286054F8041C002903D42969491C2961A7
:103CA8000BE021F0004144F8041CEA688918E96037
:103CB800211F6A68914238BF69607CE131BD2DE9F6
:103CC800F04100F0C9FADFF8FC24936800240025CD
:103CD8000026002709E00E4601251C4604E011D500
:103CE80081F00041002547460B441968B046BE42A2
:103CF80038BFB8460029F2D1106000F0B8FA404643
:103D0800BDE8F081002DE6D0D4F800C08C44C4F89A
:103D180000C08E19E8E710B504464FF4B850DFF834
:103D2800A4142060CA686260FFF7C9FF09282CBF85
:103D380008380020A06010BD80B5FFF735FF4BF6AE
:103D4800BE2002BD084656E708469AE702B568460F
:103D5800FFF7E1FF01BD01207047F0B5DFF86844C7
:103D680025782E460F2E0BDA1823DFF860745E4391
:103D7800BB19586000201D70D960986018745A618A
:103D88006D1C2570681EF0BD38B50446002520005E
:103D980001D1002032BD04F10C0000F05BFA28B11B
:103DA8000560FF220481827200F10C05284632BDAD
:103DB80080B508B9052002BD10F8021CFF2901D002
:103DC800042002BD0C3800F046FA002002BD2DE99F
:103DD800F0410C00064602D10520BDE8F081002024
:103DE800DFF8E85300E0401CDFF8DC231378C1B2A9
:103DF800994217D2C7B218214F43EA5DB242F2D1B5
:103E080000F02AFA8046E8192146083000F0BFF889
:103E18004FF40041304600F055F8404600F027FACC
:103E28000020DAE70320D8E7F8B505460E4600F08B
:103E380013FA00240021DFF8942300E0491CDFF87E
:103E480088733F78CBB2BB420FD2182717FB03F316
:103E5800D75CAF42F2D1D1188C6801E054F80C4C11
:103E6800002C1CBF2178B142F8D100F000FA20469E
:103E7800F2BD2DE9F84380464FF000090026DFF82F
:103E88004C43DFF8445316E000F01CF812E0182207
:103E98005043215C41450DD1271807F1080000F077
:103EA800ACF88146B86800284FF40041F0B2EBD175
:103EB80000F046F8761C2978F0B28842E7D34846E5
:103EC800BDE8F2832DE9F04781468A46032600259E
:103ED800BD4C18E01821BD48694347183A784A454F
:103EE8000FD100F0B9F98046786901684AEA010102
:103EF8000160F86808B102F008FD404600F0B7F923
:103F080000266D1CEDB220788542E3DB3046BDE823
:103F1800F08770B504460025AB4E0DE01821AB487C
:103F2800694308444268A24204D1C0684FF0FF3197
:103F380002F08DFC6D1CEDB230788542EEDB70BD71
:103F48002DE9F04180460C4600279F4E04E0287872
:103F5800404510D07F1CFFB23078874215DA18220E
:103F68009A497A438D18B8F1FF0FF0D102F00EFF8D
:103F780069688142EED100F06FF969690A6822EA3E
:103F880004040C60BDE8F04171E1BDE8F08138B58A
:103F980005460C4600F060F96CB1002144F80C1C91
:103FA8002A6812B92C6006E00A4652F80C1C00294F
:103FB800FAD142F80C4CBDE8324058E12DE9F843FB
:103FC80004460D46904600F047F9814620680027D0
:103FD800002628B100E07F1C50F80C0C0028FAD10C
:103FE800474504D229462046FFF7D1FF0126484617
:103FF80000F03DF93046BDE8F28338B5044600F0DC
:104008002BF92168002541B10D46A5F10C010023CB
:104018000A682260FF240B608C7200F028F9284699
:1040280032BDF8B507460E4600F016F90024002503
:104038000021664A00E0491C634B1B7899421BDA51
:1040480018234B4312F803E0BE45F4D1D1188C680D
:1040580001E0254614467CB1237854F80C2CB34271
:10406800F7D1002D0CBF8A6045F80C2C0021FF22E7
:1040780044F80C1C04F8022CF7E638B504460D4643
:1040880000F0EAF8216845F80C1C256093E770B544
:1040980004460D46164600F0DFF8A5F10C0123682A
:1040A8000A689D420CBF226046F80C2C0022FF23B0
:1040B8000A608B72BDE87040D9E0F8B5424C434ABB
:1040C80065780026002311E018275F4302EB070CF0
:1040D800D75D874204D10F0018BF01278CF81070F4
:1040E8009CF810703E4318BF01265B1C2778BB4222
:1040F800EADB02F004F90746300009D1012D284611
:104108000FD104F08AF8022004F087F8002508E0AF
:10411800280006D1012004F0EBF8022004F0E8F8AA
:104128000125384602F012F965703046F2BD0146A5
:104138008868496808472DE9F84189B080460F46E4
:1041480016461D0008BF022035D02C68F4B90C2093
:10415800FFF751FD040015D00823242200216846EA
:1041680004F0D5FD00200590ADF81000069400235A
:104178006A464146164804F0D1FD20606760A66093
:10418800206808B9082016E02C600CE000F064F8FC
:104198000546206802F0EBFA10B1206802F0BDFA7B
:1041A800284600F064F82068414602F0C5FA206805
:1041B80002F0A7FA00200AB0BDE8F0810000000074
:1041C800EC1C0020A4720020ED3300203C5B002092
:1041D8003741000070B505001CBF2C68002C01D0C9
:1041E800206808B9022070BD00F036F8064620683D
:1041F80002F0BDFA10B1206802F08FFA204604F0F0
:10420800CCFD204600F027F800202860304600F05A
:104218002EF8002070BD20B10068002818BF02F0F9
:104228007CBA704710B513465A1E3BB110F8013BD3
:1042380011F8014BA342F6D0002010BD012010BD9B
:1042480003E011F8013B00F8013B13465A1E002B0E
:10425800F7D17047CFE414E580B502F066FDADF8FC
:10426800000002F04CF8ADF80200009802BD01B55C
:10427800BDF8020002F06AF8BDF80000BDE802408F
:1042880002F05CBD80B5022100F002F880B202BDE8
:10429800012901D100787047022904D101784078BA
:1042A80001EB00207047032907D102784378807812
:1042B80002EB032101EB0040704704290AD1027880
:1042C800437802EB03218278C07801EB024101EBCD
:1042D800006070474FF0FE30704701700A0A0B0CFF
:1042E800090E42708370C170001D704710B540B14F
:1042F800002300E05B1CDCB2944204D2045D8C42D3
:10430800F8D0002010BD012010BD80B504F094FE47
:1043180080B202BD62F30F2262F31F42401810F010
:10432800030308D0C91A1FD3DB0748BF00F8012DC3
:1043380028BF20F8022D130030B414461546103952
:1043480028BF20E93C00FAD8490728BF20E90C001B
:1043580048BF40F8042D890028BF20F8022D48BF27
:1043680000F8012D30BC7047C91818BF00F8012D9E
:10437800CB0728BF00F8012D70470A00002204F07F
:1043880087BE0A0038B50446FFF766FF0546514860
:104398000178220008D10A0710D441F00801017001
:1043A800022003F0A5FF09E0012C07D10A0705D573
:1043B80001F0F7010170022003F02FFF2846BDE845
:1043C8003240FFF754BFE0B56846FFF7A4FC0198F8
:1043D800B0F5803F28BF4FF6FF7080B20EBD80B5A4
:1043E80001281DD13B4801780A0702D54FF0FF305C
:1043F80002BD394A106808B1880611D5012005F0B8
:1044080087F803F035FEC00744BF012003F005FF1D
:1044180032490120C1F834010021002003F0CFFF08
:10442800002002BD80B505F09CFC08B106F037FB02
:10443800012000F085FE012002BD80B506F0A7FF2F
:10444800BDE80240002000F07BBE2549087820B175
:1044580000220A70081D07F099BA704710B503F0DA
:1044680007FE10F0060F03D007F054FF002010BD20
:104478001B4C201D07F08CFA2070201D07F08FFAC6
:10448800012010BD38B5174D124C2A68217878B92B
:1044980041F0300121701046002102F068FA2868C6
:1044A8004FF0FF3102F0D3F9207800F0CF000FE091
:1044B80041F0100121704FF47A710B4B1D6848438D
:1044C800B0FBF5F1104602F0C2F9207800F0EF00D9
:1044D800207031BDED76002020750020E8190020FD
:1044E800746F0020EC130020E803000038B5044680
:1044F8000D4601F0ABFC29462046BDE83440FFF7E5
:104508001FBDE8030022FFF709BF20002DE9F04F87
:104518009FB00121FEF723FADFF84C2BDFF84C1B84
:10452800DFF84C5B049200200190009000234FF4C8
:104538007A72DFF8040C07F001FA0499086008237E
:104548002422002116A804F05FFC00208DF87000DA
:1045580016AA002105F12C0004F073FC05F12C00CB
:10456800A86202F013FCA96A05F11402FFF7F5FB33
:10457800687305F1180200F0CDFBDFF8E41B087042
:1045880005F11C0200F0C6FBA8730020E87328742C
:1045980008F0EEF9DFF8200B90F8260004281ABF7F
:1045A800082800200420DFF8146BDFF8148B7178DA
:1045B800DFF8104B01F0FB01084300F0F7007070C2
:1045C800B8F83670307800F0FC00F9B240EA911083
:1045D800307008F00FFA687C00281FBF002169744A
:1045E800607EFF2804D001220121012008F0A0FAF2
:1045F800DFF8489B0020A9F80000ADF806000DF18F
:10460800060300F031FC80B90DF10600009002238A
:1046180000220121102001F0DFFD30B9BDF806109D
:10462800B8F829000140A9F80010F807DFF8341B92
:10463800029138D400218DF8041001AB0122032126
:10464800102001F064FD70BB01A800900123002236
:104658000321102001F0C0FD28BB9DF80400DFF8FD
:10466800087B401C8DF804009DF8040004280EDB2C
:10467800002000F053FB00F0BFFF687B642220217C
:1046880001F0E0FB388840F002003880C3E100F018
:1046980045FB687B41F27072202101F0D3FB38881A
:1046A80040F001003880DFF8C41A087810B1012002
:1046B80008F0C3F9002008F089FD08F0E5FE0020A5
:1046C800288128804FF6FF7909F06EF804228DF8CA
:1046D80025200122DFF8981A07918DF824208DF8FB
:1046E80020208DF826208DF818208DF828208DF8A8
:1046F8002A2000210746059103228DF829108DF8FC
:104708002720ADF8229005A9687BFFF7DFF908F0AC
:10471800F2FEADF8040008F00EFFDFF8C41C0878BC
:1047280008B900F0ABFE687B34210AF0D1F8687B49
:1047380000210AF0CDF80FF2D852012101200AF029
:1047480089F9442105A8FFF719FE01218DF85210B7
:104758008DF853108DF82C108DF82D108DF82A1027
:104768008DF82B108DF826108DF827108DF829104C
:104778008DF828108DF82E108DF82F108DF8241034
:104788008DF8251005A9687BFFF788F9DFF8E01C8C
:1047980000200870FF220821DFF8D809FFF7BAFDCA
:1047A800DFF8D419DFF8D429DFF8D43900200880DD
:1047B8004FF0FF3010601860DFF8C809A0F80090CB
:1047C80000200BF019FF607EFF2834D0DFF8B8090D
:1047D800DFF8B819DFF8B8A9016001200CF0EFFE86
:1047E800DFF8B00990F80090494650460DF002F8FD
:1047F800494650460CF0BDF9697BA86A00220CF0C6
:10480800EBF9B4F8090008B9B8F86B00DFF88819B3
:10481800DFF888290880D4F80D001060B4F80B0080
:1048280018B998F89C0100F07F00DFF87419088027
:1048380001200BF0E1FE0FB109F03CFAB8F858007E
:10484800DFF860494FF47A7B0BFB00F020602346C9
:1048580004220521102001F05AFC60B903A9039035
:104868000091042300220521102001F0B5FC10B1AD
:104878000398206002E0234601F01EF908F0FCF8D6
:10488800052008F075F80021DFF81C29C8B2105C73
:10489800002863D1491CCBB2102BF7DBDFF80C4999
:1048A8000CF0E8FF20460DF0AAF80DF08CF85946F8
:1048B800B1FBF0F1DFF8F808414320460DF09BF812
:1048C800A87B401C8DF8000068460DF0E1F8BDF8A3
:1048D800040001210DF0FEFB0DF0EFFE08F5CE708F
:1048E800DFF8F42BC0781BFB00FB0100C2F800B016
:1048F80018BF01200299DFF8BC280870002010704A
:104908000DF077FF00F0B7FB0023DFF8682BDFF826
:10491800680B092103F06BFC029930780A7800F0E3
:10492800BF0040EA8210307004206F7BFFF72CFA3A
:1049380004000AD00421FFF7E5FD9420207001212E
:10494800E17038462146FFF742FA012000F0F8FBF3
:104958000020FFF717FD00F0FBFD5CE0A96A05F1F8
:10496800200200F0D8F9E87305F1240200F0D2F92A
:10497800287493E70DF0A1FF686990B1FFF76CFC0C
:104988006C6900216961FFF772FC687B214600F0C1
:1049980013FC0446FFF760FC69690C436C61FFF780
:1049A80066FCA96949B10020A861DFF8B42710782E
:1049B800FEF7A9F9A9690843A861E96939B1002096
:1049C800E861A87B00F060FDE9690843E861296AAD
:1049D80039B100202862E87B00F080FD296A08438D
:1049E8002862696A39B100206862287C00F076FD87
:1049F800696A08436862307881060CD56869E96994
:104A0800AA690843296A1043084307BF686A00284F
:104A1800A86A01F07AFFA86ADFF8309B4FF0FF31EF
:104A280001F015FF00280AD1F5E7012000F088FB06
:104A38002046FFF761F810B92046FFF7B9F9687BFF
:104A4800DFF8E8ACFFF715FA040000F0438120789E
:104A5800D6280AD10DF062FFE078227900EB022314
:104A6800002198B20DF036FBE6E7D328DFF8107B7B
:104A78002BD1E08934280FD10DF050FFDFF8041B4B
:104A880000200880A9F800003870707800F0E30072
:104A980070700DF07EFFCFE70028CDD1A07C0828EC
:104AA800CADB287B062818BF0728C5D1A169DFF80B
:104AB8001C0B0EF0CCF80028BED0686940F400301A
:104AC8006861A86A01F021FFB6E79AF8000008B10A
:104AD8000DF0F3FE2278687B7178623A032A43F678
:104AE800982A0ED9121F12D02C3A00F08980921EF3
:104AF80025D0313A00F0CF80521F7AD0521E75D09F
:104B080096E7880694D550460EF07FFA90E7A07A8B
:104B1800801DFFF739F907008AD0A07938702189FC
:104B28007980A07A3871A27AE168781DFFF788FB4E
:104B380038460CF0A7FC3846FFF73AF978E7E078F2
:104B48002873012810D101F0F30171703078C10683
:104B58000AD440F01000307000F0BCFA20B1DFF841
:104B68005C1B012008F0ABFC95F90C10B9F800208B
:104B7800012000FA01F10A4206D11143A9F80010F8
:104B8800002001210DF0ABFE0DF003FF287B01286A
:104B98000DD0062810D0029A3178137801F0BF01A1
:104BA80041EA83113170092818BF072804D0687BAF
:104BB8004021FFF79BFC3BE7707841070FD440F09A
:104BC8000400707050460EF03BFB002038705046D1
:104BD800717841F0200171700EF017FA03E041F28C
:104BE80088300EF02DFB07F047FF21E7FEF77BFF2B
:104BF8001EE700218DF800106946FEF770FF17E7E1
:104C0800608AADF81600A08AADF81800A07B8DF870
:104C18002300208AADF8240020798DF8220002288C
:104C28001CBF01280F2808D0032809D10822A11D7C
:104C38000DF11A00FFF704FB02E0E088ADF81A0056
:104C4800E08AADF82600207E8DF82800607E8DF879
:104C58002900E07E8DF82A00207F8DF82B00607FE8
:104C68008DF82C00A07E8DF82D00206A0C9004F1A0
:104C7800240001788DF834104188ADF8401001798E
:104C88008DF84210C188ADF8381080680F9005A8DB
:104C98000AF018FBCCE6207988B1012815D0052840
:104CA800F8D1E1780D29F5D0049800684FF47A71AD
:104CB80006F077FEDFF8800406F068FEB8E601200B
:104CC80000F03EFA00F044FCB2E6E07800287FF4F9
:104CD800ACAEF7E70CF0F0FA9AF8000000280ED016
:104CE800DFF8302BDFF888371078197841B10028C1
:104CF80005D1012010700DF0E0FD0DF0D5FD3BE66B
:104D0800002803D0002010700DF0BAFD32E6000034
:104D180000000004A96A0020FFF71FB880B58DF8CD
:104D280000006B4601220321102001F033FA01BD77
:104D380070B58AB0002400BF45A20094D2E900569D
:104D480004A90DF10203C1E9005600F08DF800280E
:104D58007BD00DF1020302220121102001F01AFA82
:104D68006A460221832001F0F9F988B96B460222CC
:104D78000021832001F06EFADFF89C2ABDF80010AC
:104D88001088884204D00221832001F020FA0124EF
:104D980002AA08212D2001F0E1F988B902AB082206
:104DA80000212D2001F056FA082202A904A80EF0CD
:104DB80047FC28B104AA08212D2001F008FA641C38
:104DC800DFF8585ADFF8A81329600020019001AADB
:104DD8000421842001F0C2F980B901AB042200212A
:104DE800842001F037FA28680199884206D001909A
:104DF80001AA0421842001F0EAF9641C200020D0D3
:104E08000DF1180014A1102201F034F9AC4890F803
:104E18005A1006AD102908BF00F15B05622001F0A9
:104E2800B6F901462A46622001F0D1F90020ADF812
:104E38000000632001F0ABF901466A46632001F0E7
:104E4800C6F98B490120487420460AB070BD00009D
:104E5800FFFFFFFFFFFFFFFF01030507090B0D0F12
:104E680000020406080A0C0D02220121102001F09C
:104E78004EB970472DE9FC47DFF8A419DFF8A429DB
:104E88000D78DFF8A419DFF8A499002046F2020390
:104E980049F8203041F82020401CC0B28542F7DA9A
:104EA80000218DF80010684608F0EDFB002800F09E
:104EB800D8804FF48040002701904FF4005ADFF863
:104EC8000082DFF86C09B849C45DCE5D08EB0702C3
:104ED80008EB0703507A03F13801002814BF0A7859
:104EE800002202F00303920500F03F0C654510DB39
:104EF800002818BFA0420CD0120E0AD1022B08BFFE
:104F0800504604D0012B0CBF01984FF4C04049F81B
:104F18002C0008EB0700407E002814BF0A7C002202
:104F280002F00301920500F03F039D4212DB0028C6
:104F380018BFA0420ED0120E0CD1022908BF4FF0A4
:104F4800202005D001290CBFDFF8400BDFF8400B0B
:104F580049F82300002C46D004F03F04A54242DB68
:104F6800012E18BF022E04D00E2E1CBF342E0F2E79
:104F780002D1DFF81C0B34E03146F8B20EF0F4FB36
:104F880098B93146F8B20EF0CDFB70B90A2E03D0AD
:104F9800062E0CD00D2E16D14FF48060DFF8F41ACF
:104FA800C95D022906D1514609E0062EF4D14FF415
:104FB8000060F3E701290CBF01994FF4C041084391
:104FC80040F400000DE0DFF8CC0AC05D022808BFFD
:104FD800DFF8C40A05D001280CBFDFF8C80BDFF8DA
:104FE800C80B49F824007F1C0F2F7FF76AAF354B99
:104FF800597EFF2935D0987DDFF8B02BDFF8B04B0C
:10500800DFF8B05B00F03F00107001F03F01DA7D7F
:1050180002F03F0222701B7EDFF89C4B03F03F0337
:1050280023702970DFF8944BDFF8945B2184E561E5
:10503800247EDFF8F45B05EB8414FF2504F8380FB1
:105048006270A370E570DFF8E44B49F82240DFF89E
:10505800E02B49F8202049F82320DFF8D80B49F83D
:105068002100BDE8F3870000287500202F510000BB
:10507800C4130020704730B599B068466421FFF723
:105088007DF93849087801248DF8084090B100214D
:105098004FF400500FF04DF8DFF83C44DFF8985B10
:1050A80021680391012200F00FF821680391022280
:1050B80000F00AF819B030BD9C6800201275002075
:1050C800B8090000A00E0000ADF810206946687B02
:1050D800FEF7D8BC7CB50020072100220023DFF8AA
:1050E8005C5BEE5C0DF803605B1C082BF9DBDFF8FA
:1050F800505B0023EE5C9219401C0FE000206EBD4F
:10510800C6B2032EF6D1E85CD2B24240C8B21DF84E
:105118000060B242F2D100220020491E5B1C202B05
:10512800EED301206EBDDFF8A80C416941F40031CF
:105138004161806A01F0E9BB786F0020B8760020F1
:1051480080B5002819BF02218DF8001000228DF8C3
:105158000020DFF87C0C407B6946FEF7B3FC01BDFC
:105168000871002055740020BA76002010750020C0
:1051780000F8FF0758140020BC76002060140020B7
:1051880064140020A21C00209414002000840C2425
:10519800F00F00002B260100C07600201C750020AF
:1051A800BE7600202075002058730020B06C0020C7
:1051B80080EE3600FD7600202DE9F843DFF8847A8A
:1051C800DFF8848A3878DFF8705AC0090E4611D0A3
:1051D800687B2021FEF776FEB8F8001041F0040144
:1051E800A8F800100021387800F07F0038700020FF
:1051F8000DF075FB700008D508F09DF9784908781E
:1052080008B900F03BF986F08046B00305D5687B05
:105218006946FEF76CFC86F40036B00703D507F044
:105228002BFC86F00206700513D5297B06290ED1C2
:10523800DFF8A00B00780121FEF744FE07F06AF8BA
:10524800002114200DF04BFBCE490120088086F484
:10525800806630460DF0B8FB08B186F40066F007AA
:105268000ED5DFF8740B018840F2E9339942ACBFE0
:10527800A1F57A710021018086F001060DF0CDFEBE
:105288007006DFF8584B25D5797801F0EF01797071
:1052980007F0E8FBDFF8480B7978C28EC908520A94
:1052A80001F0010102F001020A4081F00101C90187
:1052B800FF200EF01EF8DFF82C0B0068002804BF52
:1052C8002178002904D008B94FF47A700DF0B8FF9E
:1052D80086F04006300606D500220021FE200EF09A
:1052E80008F886F08006B00449D50DF017FB7878E9
:1052F80043F6982981064CBF4A466422687B4FF4DE
:10530800006100F09FFD012007F097FB287B002833
:1053180012BF01280120FFF713FF287B02281CBFBA
:105328000028012802D07878810602D548460DF079
:105338006CFE287B062818BF072801D0207838B1D2
:10534800787881064CBF41F288300A200DF078FF4A
:105358000024DFF8947A0CE0E1B22C22DFF88C0A02
:1053680051434218136A1BB10022E1B2FF2098474B
:10537800641C3978E0B28842EED386F40056F00413
:1053880007D50CF0C0FE002101200CF0F7FD86F4D3
:105398008056700738D508F0AEF8DFF8544A07464B
:1053A8002088074206D1DFF84C1A087810B110F0AF
:1053B8001DFA07432088DFF8409A07421AD00121D6
:1053C8004FF4FA700DF08BFA99F80000401CC1B246
:1053D800642907D1002089F8000000F00DF911E0D8
:1053E800E970002089F800006422687B042100F03D
:1053F80029FD07E099F8000020B1002189F8001084
:1054080008F099F886F00406300707D50121012035
:105418000CF0B4FD08F08FF886F00806F1060CD5FC
:10542800C24A107808B10DF048FA687B4FF47A72D6
:10543800102100F007FD86F01006B00614D5B8F864
:1054480000500021A8F80010E80744BF0020FFF72B
:1054580065FCA80748BF00F0CFF8E80648BF00F091
:1054680093F886F0200000E03046BDE8F2830000A3
:10547800E9760020E743000090720020687B6422F0
:105488004FF0804100F0DEBC70B50C46A7490546D8
:10549800087808B10DF011FA200402D584F4004010
:1054A80070BDDFF82C09817B8D4213D100250126C0
:1054B800AE40B6B2344209D000220021E8B207F06B
:1054C800E7FE0121E8B20EF097F874406D1CE8B2CF
:1054D8001028ECDB204670BD247500202DE9F04231
:1054E80081460C46200448BF84F400402CD4DFF8E1
:1054F8004857E87B002818BF5FEA090123D0814597
:105508001CBF297C89451ED10026DFF8DC7816E00F
:105518000120B040E1B2014210D0F3B22C20DFF8F4
:10552800CC284343D018036A43B1E97B894514BFAB
:1055380000200120C4F30722F1B29847761C39787D
:10554800F0B28842E4D30020BDE8F0825A7400200B
:10555800DFF88C08DFF8A418B0F86B00C87048F2C0
:105568002222000A0871DFF89808036862F30F0323
:105578000360887800F0F30088700FF001B900002C
:10558800EC7600205874002038B510F015FCDFF8D0
:105598007428DFF8743800211160187860B101258B
:1055A8000624E8B207F031FA4FF4967010F026FCA2
:1055B800641E85F00105F4D1DFF85008016810F089
:1055C800FBFBDFF84C1801200860FEE7DC740020C4
:1055D800E0B500F00DF800F046F810B1002005F035
:1055E800EFFE0CF0F0F900F047F8FFF7CDFF07BD2C
:1055F8000221FF2010F080BC3EB50222012100F0FC
:105608002FF80122032100F02BF80422052100F0D5
:1056180027F81A22062100F023F80024E0B2FDF74B
:105628000DFF0546A9B2102000F09DFD0246A9B263
:1056380000F016F8641CE0B21028EFDB0321FFF736
:10564800D8FFFFF7D5FF00F00EF810B1002005F0E5
:10565800B7FE0CF0B8F900F00FF8FFF795FF37BD6B
:10566800102000F000BE68460021C0E900110121A9
:105678008DF8051010F0E1BE4FF47A72B2FBF0F02D
:105688004FF4FA61484301F0C3BB38B505460C46F0
:1056980009F0C4F91CB1C188DFF834271180047DF2
:1056A8000CB1112C01DB002032BD204607F082FF2F
:1056B80010B1601E2870012032BD000009260100CB
:1056C80080884FF47A7110FB01F080B20DF09DBC18
:1056D80070470146DFF8F80600880DF0CBBA8088DD
:1056E8000DF0E5BA1CB5044601216846FFF7CDFF69
:1056F800B0B19DF80010DFF8E806014491F83810C1
:105708009DF8000089080EF02FF848B19DF80000B8
:105718000021FDF73DFD207094F90000002801D517
:10572800FF2016BD9DF8000016BD0000EF76002092
:105738003EB500F011F8FF280DD000F010F862888F
:1057480021789DF90440DFF8A4062C2514FB05F503
:10575800284411F01EF837BD044601A8C2E7237992
:1057680003B101230120009070477CB50546FFF77F
:10577800F4FFFF28044621D0287800280CBFFE211A
:105788000121AB78FFF7ECFF2C269DF90400DFF828
:105798005C5610FB06F60022A81910F0FAFFDFF895
:1057A8009804008800281EBFDFF86816CA8A82425B
:1057B80004D00022002120460DF09BFD73BD3EB5AC
:1057C800FFF7CAFFFF2824D09DF8040011F012F952
:1057D80001466278207840B95018FF2803DBFF297A
:1057E80017D0FE2107E0511805E08A4202DB81B19B
:1057F800012100E0891AFFF7B2FF2C2562889DF984
:105808000400DFF8E84510FB05F5C9B2601910F08F
:10581800C0FF37BDF0760020B01C0020587500206E
:10582800C2CC02007B4E0000E45F0020E040002074
:105838006873002080B50846816800918379818863
:1058480000880DF064FA02BD2DE9F04F044687B0D8
:10585800E07ADFF890650025012813D0042811D0DC
:10586800062818D0082800F091800A2800F0EA805D
:105878000B2818BF0D280DD012281CBF1428162875
:1058880008D0FAE060690378002100E0491CCAB238
:105898009A42FBD3F0E067693878800000F101098B
:1058A8004846FEF7D7FC5FEA0008EAD04946FEF70B
:1058B80029FE3878DFF86015DFF8602588F80000E1
:1058C8000291A946DC490092019115E0BBF8040059
:1058D80008B90298408C306028B14FF47A71484377
:1058E80030600DF0ADFC334600F0E6F88AF8005061
:1058F80009F101005FFA80F9387881453CDA0E2217
:10590800791C12FB09F201EB020B08F1010000EB14
:10591800890ABBF80110AAF802108C219BF8000034
:105928008AF801008AF80010029802789106DFD4FC
:10593800BBF80100002818BF5528D9D10198407B31
:105948004021FEF7D3FD0198407B8021FEF7CEFD74
:105958000098017801F0030101700099487800F07F
:1059680081004870BBF806000028B2D04FF6FF71DE
:105978008842ABD10020AEE720680121039143465D
:1059880000F08CF809F063FA404658E0D4F8148027
:1059980098F80090C9EB091909F101094846FEF782
:1059A80059FC070069D04946FEF7ACFD98F800009D
:1059B80038704FF47A7231684646B1FBF2FA4FF606
:1059C800FF79A8462FE0701C08EB480108447A1CB0
:1059D800C8EB081302EB030BB0F80110ABF8021088
:1059E8008BF8015086218BF80010ABF80590ABF8C6
:1059F80007906B46D4F800C0B0F80120BCF804103A
:105A08009CF8140009F0F2FD48B18BF800509DF89D
:105A180006108BF80410ABF805A0ABF807A008F146
:105A280001005FFA80F830788045CCDB20680121DE
:105A380003913B4600F032F809F05EFA3846FEF76B
:105A48000AFC1AE0636904A800210022002680E805
:105A580046008DF818100126DFF8C40301784A1CA7
:105A680002702068039602910196009504A9828825
:105A7800007D09F0EAFA00E00125606908B1FEF747
:105A8800EAFB284607B0BDE8F08F00000040002080
:105A9800006000207873002000240020A27A019181
:105AA80002926168C90801F0010181F001010091C9
:105AB800811D8288007D704704220521102000F096
:105AC80069BB2DE9F84F90B0002590464C1CAB46B9
:105AD800DFF84C930FF2603A0C908DF8211057E0E4
:105AE80000228DF82C20708811F0E8FB32E05FFA74
:105AF8008BF20E20CB4942438E18E7B23378BB4273
:105B080044D106210C98ADF8221008AB41680A78F8
:105B18008DF820200DA800900DF122029DF821009B
:105B280041460DF0B3FA0746FF2F2FD0BDF82210DB
:105B3800304611F0A8FA48B39AE80C1009A981E890
:105B48000C1070780028CBD001218DF82C107188AA
:105B5800ADF82410012230798DF82D000DAB99F89D
:105B680000000490411C07920693002002920092C4
:105B780089F80010039001909DF82030BDF822208C
:105B8800059709A9E0B208F0DCFF6D1C0BF1010BC9
:105B9800A5490A785FFA8BF09042A8D3E8B211B011
:105BA800BDE8F08F0044002000640020B81C0020ED
:105BB800B91C0020B61C0020B71C00206416002069
:105BC80000350C00F0B5034687B0084604A9002448
:105BD8000025002681E87000ADF8104001259349A2
:105BE8000C888F49ADF81A408DF8195002270C78A7
:105BF8008DF81870651C0D700126401C03960294E0
:105C08000196009604A9C0B209F01FFA040008D052
:105C18000C484178CA0604D441F01001417006F0DE
:105C280019FF204607B0F0BD98160020026000203A
:105C38000002002001020020C4130020F0120050CE
:105C4800580B000012750020BA7600202DE9F047A5
:105C58008AB006468946149D90469A46232101A893
:105C6800FEF78CFB01200027002D1CBF2C78002C90
:105C78000AD0232C08DA2246691C0DF10500FEF72C
:105C8800DFFA601CC0B22746169C210013D0E11928
:105C9800491C23290FDC3FB1232805DA01AA2C214E
:105CA8001154401CC0B27F1C159901AB2246184400
:105CB800FEF7C6FAE719139912988DF80470F07078
:105CC800A6F801A0716001229DF8040070B11820A7
:105CD800B0726F211C203181A6F80F00422101A863
:105CE800C6F80BD003227174C6F812003270494608
:105CF80042463046FFF766FF04000CD1179850B1B2
:105D0800B8F1060F18BFB8F1120F04D14246494640
:105D18003046FFF7D6FE20460AB0BDE8F08770B5DA
:105D28000546434802880123AB4088B00E461A4214
:105D38001FBF2B4A5219507A002801D0012E44D097
:105D48003C48405D010740D40820FEF783FA040070
:105D58003BD00821FEF7D6FB06F084FE0120207018
:105D680055212122A4F80110E270ADF8106004A9B1
:105D7800616002208DF81C000021ADF8141001228A
:105D88002A4801882648ADF81E108DF81D202346A4
:105D9800017802914A1C02700120039000210191B0
:105DA8000091681C122205A9C0B209F04EF910B181
:105DB80006F050FE06E0012E04DC062229462046A5
:105DC800FFF77FFE2046FEF746FA08B070BD0000D8
:105DD800C41300200B770020C4760020B21C0020DA
:105DE800B809000020750020E876002070520020D5
:105DF8008E720020E57600208D720020D873002076
:105E08004475002034000940107500202C200940FA
:105E18007C0520439C680020EE090000C276002023
:105E2800EA760020B863002047AE0200B01C0020CC
:105E3800C87100207C7200200000000000000000F3
:105E48000000000000238EE001238CE070B50446BA
:105E58000E46FEF701FA05463146204600F0E5F801
:105E680004001AD0206800F058FC204602F095FF84
:105E7800754881688C4203D12169816005E001463B
:105E88000869A042FBD1206908612046FEF7E3F9C2
:105E98002846FEF7ECF9002070BD2846FEF7E7F922
:105EA800022070BDF8B505460E46FEF7D5F9044642
:105EB8003146284600F0B9F8002750B1006800F0D4
:105EC8003DFC624A13684FF47A71B1FBF3F3B0FBFF
:105ED800F3F72046FEF7CBF93846F2BDF8B55A4E2F
:105EE800FEF7BAF9F468054654B12769204602F06E
:105EF80054FF2046FEF7AFF93C00F6D10020F060D1
:105F08002846BDE8F240FEF7B2B94F4A107051601A
:105F1800704710B50446A1682079FDF7D3FF207BB0
:105F280000BB206800F0F9FB474A9068844203D11F
:105F38002069906005E008460169A142FBD121690A
:105F480001610020D168206111B9D46004E00146E4
:105F580008690028FBD10C61BDE810405168107831
:105F6800FDF7B0BF10BD2DE9F8471E46374B8046F8
:105F7800894618684FF47A71B1FBF0F0424389B052
:105F88001546FEF769F982464946404600F04DF845
:105F9800082704000AD0206800F0BFFB20682946C3
:105FA80000F0CAFB206800F0ACFB37E01420FEF7D5
:105FB80051F9040032D0082324220021684602F057
:105FC800A6FE002E14BF059505960121ADF8101008
:105FD800069400236A4629461D4802F09FFE206069
:105FE800C8B184F80480C4F80890267300202061A2
:105FF8001548816811B9846004E0014608690028E1
:10600800FBD10C612068294600F096FB206800F05F
:1060180078FB002702E02046FEF71DF95046FEF700
:1060280026F938460AB0BDE8F08720B5024606488A
:10603800806800E0006928B10379934204BF85684D
:106048008D42F7D120BD000098730020E8030000BE
:106058001B5F000062B38B0708D0521E11F8013B8A
:1060680000F8013B00F024808B07F6D1830740F04D
:10607800208000BF103A07D330B4B1E83810103A86
:10608800A0E83810F9D230BC530724BFB1E8081093
:10609800A0E8081044BF51F8043B40F8043BD2077D
:1060A80024BF31F8022B20F8022B44BF0B78037071
:1060B8007047121F17D35B0009D151F8043B20F831
:1060C800023B1B0C121F20F8023BF6D20BE051F8E2
:1060D800043B00F8013B1B0A20F8023B1B0C121F73
:1060E80000F8013BF3D238BF121D521E24BF11F82D
:1060F800013B00F8013BF8D870470E006C48006877
:1061080020B1816800291CBF002008477047FEB5F0
:10611800674E1D4633681446002B1CBF1A69002AB7
:106128001AD001228DF8002000F04CF800279A6A56
:106138001AB1DDE9000190470746A74201D10020C6
:10614800FEBD224634682B46DDE900012569A847D3
:10615800012801D10A20FEBD0920FEBD13460A46CA
:1061680001460020D3E71CB5514B1B680022002BC9
:106178001CBF9B6A002B08D0012400F023F88DF87F
:106188000040DDE900019847024690B216BD01467D
:106198000020E8E7BCB5464C24680025002C1CBF4D
:1061A8006469002C0CD0012700F00CF88DF8007001
:1061B800DDE90001A04718B10A280CBF09250A2506
:1061C8002846B6BDADF80200ADF804107047134676
:1061D8000A4601460020DDE77FB5354C2468002CCF
:1061E8001CBFE469002C0FD00126ADF80600ADF8FD
:1061F80008108DF80460DDE90101089D0095A047AD
:10620800012818BF002000D10A2004B070BD78B55D
:10621800274C246887B0002C1CBF246A002C16D099
:106228000491ADF8160001260F99BDF838000C9DB1
:1062380003918DF814600026BDF834100290019186
:10624800ADF81860DDE905010095A04700B10A2006
:1062580008B070BD80B5009313460A460146002079
:10626800FFF7BAFF02BDFEB5114E3368002514468C
:10627800002B1CBF9A69002A18D001278DF80070DE
:10628800FFF7A0FF9A6A1AB1DDE90001904708B943
:1062980009250BE0A04218BF0C2507D13268936985
:1062A800DDE900019847012808BF0A252846FEBDF8
:1062B8003034002001F0DAB8F0B51C008DB0054686
:1062C8000E46174604D1002300F09EFF0DB0F0BD26
:1062D800082330220021684602F0DAFB2068059086
:1062E8006B46606808903A46207AADF81800314647
:1062F800284600F089FF0DB0F0BD02F0FBBB01F0AD
:1063080069B801F071B801F089B801F002B9F0B5C7
:1063180081B004460D46164601F05CF80746324641
:106328002946204601F0F2F8384601B0BDE8F040B1
:1063380001F056B801F0D9B801F0A9B80021016000
:106348004FF0FF32012342600372704701F048B8F2
:10635800FF281FBF164A526852F820308B4218BFD8
:1063680042F820107047FF2803D0114A936843F879
:10637800201070470E498A6852F82000704710B5FF
:10638800FF28044612D011F0A5F8094801682246F2
:1063980051F82210204611F01FF900212046FFF77E
:1063A800D7FF2046BDE810400021DCE710BD000003
:1063B8005416002010B50446FFF7A1FF00216160C4
:1063C8002160BDE81040FFF7C1BF30B581B0054678
:1063D800FFF795FF2C683CB12168296021680029E6
:1063E8001ABF00224A606960FFF7B0FF204601B07B
:1063F80030BD70B504460D461646FFF780FF2E6087
:10640800716869607168002914BF0D602560756046
:10641800BDE87040FFF79ABF30B581B004460D461D
:10642800FFF76DFF0021296062686A6061680029D2
:1064380014BF0D602560656001B0BDE83040FFF70E
:1064480085BF30B581B004460D46FFF758FF216877
:10645800296000226A602168002914BF4D606560C8
:10646800256001B0BDE83040FFF770BF30B581B09E
:1064780004460D46FFF743FF29686A6800290CBFE8
:1064880062604A6069682A6800290CBF22600A6055
:1064980001B0BDE83040FFF759BF0300FEE7DFF861
:1064A80098280146107D11757047DFF88C18D1E9DE
:1064B8000023C0E900237047DFF87C08C16908475A
:1064C800DFF874180A6A104767E16EE110B502F048
:1064D800B4FA38B1DFF8BC48A06802F0B7FAA06196
:1064E8004FF0FF3010BD38B5FFF7EEFF0446DFF878
:1064F800A4088068002102F0ADFA05462046FFF79F
:10650800E4FF284632BD70B5FFF7DEFFDFF8BC6850
:106518000446B068002102F09DFA05467069B16929
:10652800451BA94238BF00252046FFF7CEFF284665
:1065380070BD70B5DFF8946804460D46B068214612
:1065480002F086FA3461756170BD2DE9F8430D4695
:10655800DFF844180A680446DFF870088758D7F847
:1065680004804FF0FF391AE03E463F68B08A0128A0
:1065780015D1012C04BFF168A94208D1306900285F
:106588001ABF4118F160B082F069B1698847B08AD2
:10659800012804D1F068401B484598BF814647450B
:1065A800E2D14846BDE8F2832DE9F041FFF78CFFC0
:1065B800DFF818480746A068012102F04BFA0121CC
:1065C800A1830022E283656922682168461B401A7C
:1065D800AA1A904203D20020A08338462AE03846FF
:1065E800FFF773FF002706E07D1929460120FFF712
:1065F800ACFFF61B0746BE42F6D2FFF765FF8046A2
:10660800E08B012804D129460020FFF79EFF0746AA
:10661800A06917F1010F04D0A069BE1BB04288BF62
:1066280030464119FFF785FF012000212084A1830E
:1066380025604046BDE8F04147E770B504461D4671
:10664800A26000226869DFF85067DFF880372061B0
:10665800A1612146A869E061A2823068184400F06F
:10666800B4F8288A18B12046BDE8704049E070BDEA
:1066780038B50446FFF728FF0546204600F0B4F871
:1066880047E010B58260816100220261C3618282A5
:106698000146DFF80447DFF834372068BDE81040CA
:1066A800184492E0A0E038B5DFF820570446288C5B
:1066B800012804BFA88B002817D1A868012102F07F
:1066C800C9F929686B69024628681B1A511A8B4256
:1066D8000BD3A0688118E1600123A3826C69A21A18
:1066E80090420DD2BDE8344023E7FFF7FCFEA168D5
:1066F8000818E0600120A082A98B012908BFE8835F
:1067080031BD38B50446FFF7DFFE05462046FFF7E2
:10671800CAFF2846BDE83240D7E600218182DFF86B
:106728007416C0684A69904203D1DFF804190868F2
:10673800E7E77047016170478160704770B50446AC
:10674800FFF7C2FE0646A08A002501280AD1FFF7F6
:10675800CAFE0546E068A168451BA9423EBF2069FC
:10676800A842002586F31188284670BD7047808AA4
:106778007047704780B500F001F8FCE738B5002491
:10678800DFF8B05804E0686850F824108847641CA3
:1067980028688442F7DB31BD00BFEFF31180202168
:1067A80081F311887047000000BF80F3118870479B
:1067B80000E004E0406000607047000000BF4268ED
:1067C80008604A6011604160704738B504460D465C
:1067D800FFF7E2FF2C6061686960626815606560B8
:1067E800FFE7BDE83240DFE70168426811604168B1
:1067F800006841607047D0E7D7E710B50446107EBF
:10680800DFF820292072618100211068204402F0FD
:10681800DAFA002121600120606010BDDFF8041958
:106828000A68104402F0E2BA38B50446FFF7E3FFFD
:106838000546207C022808D12046FFF7D5FF002016
:1068480020742946A06800F07EFC284695E070B5C3
:106858000C468EB0054614F1010F18BF002C0AD063
:106868006B462246DFF8C01805A8FFF70AFF05A9FE
:106878000391022202E00021039103228DF81020E7
:10688800FFF7B9FF0646688988BB1CB900F06DF8A8
:10689800002038E000F063F800690290C0F818D0D2
:1068A80000F024FCDFF87C0802686946A818FFF7A6
:1068B80080FF9DF81000022804BF0398FFF7F3FE3D
:1068C80000F053F8204600F039FAFFF794FF044629
:1068D800039818B1FFF7E6FE002003900020029904
:1068E80088612046FFF788FF9DF810000BE0688953
:1068F800411E6981039818B1FFF7D4FE0020039068
:1069080000F033F801200EB070BDF8B5054600F070
:1069180026F8FFF770FF0646DFF8080800682A58CF
:1069280029188A4207D1287AC1074EBF01206889F1
:10693800401C68810DE02F583A682A5051600120A8
:106948003874F86808B1FFF7E8FEB868314600F017
:10695800FAFB00F00AF82046BDE8F240EEE1DFF865
:1069680050080488012101807047304644E738B553
:1069780004460D46FFF73FFF6581BDE832403BE71F
:1069880002F01DBA09E7EFF31180002108E70CE7D0
:10699800B0FA80F0C0F11F0070472DE9F8430446B3
:1069A800DFF86058A06AD5F81080EF68AE682861F3
:1069B800EC600022606AA860A2830120216A6162FB
:1069C80000212980FFF76BFD8146FFF7DCFF216975
:1069D800E068A2689047FFF7D5FF4846FFF75FFDDC
:1069E80001202880C5F81080EF60AE60BDE8F18313
:1069F80038B5DFF84C4825696068FFF7C9FF616959
:106A080001EBC00100F084F8606830B1FFF7C0FF07
:106A1800616901EBC0018D42F4D331BD70B5DFF877
:106A2800E4472669FFF7AEFF05466068FFF7B0FF49
:106A3800616901EBC000864211D2DFF8740706884D
:106A480001210180DFF8FC0710F04AFE00202080B9
:106A58002846FFF79CFF3046BDE870406EE10020F5
:106A680020802846D7E010B5002404E02146002005
:106A780002F025FA641CDFF8D00701688C42F5DBC8
:106A8800DFF8C8170A68002000E0401C9042FCD3D9
:106A98004FF0FF3010BD03E0DFF8A41747E1000016
:106AA8000020002800D0704780B5FFF76BFFDFF8A3
:106AB8005427516821B1FFF76AFFFFF7AFFF02E0E3
:106AC8001180FFF764FFDFF8E816088801220A80C2
:106AD800BDE8024032E1002800D0704738B5DFF841
:106AE8006047606888B1FFF74EFFFFF74BFF2569E5
:106AF8006068FFF74DFF616901EBC0018D4204D268
:106B080000F006F860680028F3D10020208031BD2D
:106B1800086802680A6051600A688A4203D161689D
:106B280082699143616038E7DFF81407806870472D
:106B380010B50446DFF8E03802F0C9F9A06800B9DA
:106B48000024204610BD10B5044664602460A1608E
:106B58001069E06051692161906910F1010F08BF67
:106B680005206061012101FA00F0A0610020A083E6
:106B7800D1696162D069DFF8C8266169206250690D
:106B8800FFF7FEFEA062002010BD7047F8B505466D
:106B9800FFF7F8FE0446A88B18B12046BDE8F2407E
:106BA800F5E60120DFF89866A88329463788308003
:106BB800A86AFFF7FEFD7168A86901437160204665
:106BC800FFF7E5FE17B9BDE8F14027E7F1BD38B595
:106BD80004460D46FFF7D6FE616A0D436562FFF76E
:106BE800D6FE2046BDE83240D0E770B50D460446D3
:106BF80015F1010F08BF0525FFF7C4FE0646012061
:106C0800A840A06165612946DFF8F8255069FFF7BB
:106C1800B7FEA0623046BDE87040B8E6BDE5EFF3C8
:106C280011800021BCE5C0E500000000B0FA80F04A
:106C3800C0F11F00704710B5DFF8744500202081AF
:106C480001E000F098FA60680028FAD06068FFF761
:106C5800EDFFA169626901EBC000824209D2226995
:106C680060610068206100F1100102F1100001F07C
:106C7800F7FE20890028E1D110BD10B5DFF8C04823
:106C8800208908B1FFF7D7FF69E038B501F0E4FEC5
:106C980000B3002407E02146002002F049F9002152
:106CA80000F041F9641CDFF8600801688C42F2DBEF
:106CB8000024DFF88C5806E0286B50F824000021E7
:106CC80000F031F9641CDFF87C0801688C42F3D3CA
:106CD8004FF0FF3032BD002010B594B0FFF79EFF93
:106CE800DFF85C4801E000F046FA60680028FAD056
:106CF8006068FFF79BFFA16901EBC00060616169F3
:106D080008682061002020810220FFF7C8FBFFF7F8
:106D180086FFFFF783FF01F08EFE206900F1100166
:106D280004A801F09DFE14B010BDDFF88414088893
:106D380001220A8070470000941B0020002800D020
:106D4800704710B5FFF76AFFDFF86444208901280F
:106D580001BFDFF8B01408880028FFF76CFF002097
:106D68002080BDE810405AE7002800D0704710B5D1
:106D7800DFF83C442089012801BFDFF8C4140888E3
:106D88000028FFF758FF0020208010BDDFF8B0076B
:106D980000697047F41B0020A0030000808F0128C1
:106DA80000D0704710B5FFF739FFDFF89417044695
:106DB800C868401EC86005D12046FFF734FF002090
:106DC800FFF77EFB2046BDE810402CE7F41B0020AF
:106DD80070B5DFF86C070469058801210180FFF7A9
:106DE8001DFF0646204600F081F903202075204645
:106DF800FFF7D4FF3046FFF716FF646024603CE0DD
:106E080038B50446FFF70AFF0546A068294694E10D
:106E1800020000D1704730B58DB06B46DFF82C17F3
:106E280004A8FFF72EFC04A90391FFF7F7FE044618
:106E380000F0D6FB0069029000F058F90398FFF7BC
:106E480032FC694601916A460092029881612046A7
:106E5800FFF7E9FE2846FFF771FFFFF7DFFE04465C
:106E68000398FFF71FFC002003902046FFF7DBFE86
:106E78000299002088610DB030BD2846BDE87040F9
:106E88005CE72DE9F04117460546B869A8600E464B
:106E9800786A9846002803BFDFF8AC060168696283
:106EA80068623C6A14B9DFF8A806046801F0DAFDE4
:106EB800421EF969D24321B338B14018401E104030
:106EC800241A0C192862144000E029624FF0FF30A0
:106ED800EC616862AE623869E86279692963B86A08
:106EE8006863B88DA887012804D1DFF85406C16803
:106EF800491CC1604146284600F015F880B1801C45
:106F08000EE010B10419641E1440EC610246E969F0
:106F1800686A434600F0D8FE00282862DAD10120CA
:106F2800BDE8F081000070B50B460446DFF8242662
:106F3800DFF8241601F092FD206108B9012070BD28
:106F4800012020750021A161A068DFF8F455002810
:106F580009D5DFF80806E16021460268A818206410
:106F6800FFF733FC17E0A06801218140E160A168C8
:106F7800A86901F024FF206401202E882880FFF7EB
:106F88004DFE0546204600F0D1F82846FFF74BFE97
:106F98003046FFF7D3FE002070BDF8B5002904463F
:106FA80042D1DFF89C753D8801203880FFF736FE16
:106FB8000646207D012810D12046FFF715FC206CDD
:106FC8000168814203D17A68E06882437A60A069E7
:106FD80078B1C06808B1FFF765FB207D022808D1A9
:106FE800A06968B1FFF700FCA069C06808B1FFF7A5
:106FF80059FB207D032803D12046FFF7F5FB02E06B
:107008002046FFF7CBFE3046FFF70DFE2846FFF778
:1070180095FE606A10F1010F05D0E269216ABDE8AA
:10702800F84000F091BEF1BD0129F2D1F1BD000098
:10703800EC030000F40300002DE9F84F5C4EB6F8AD
:1070480000A00446012030800D46FFF7E7FDD4F884
:107058000890A945804638D0002D06D5DFF8FC04F5
:107068000168002706EB010B04E0B0690127AF4077
:1070780000EBC50B207D01281CD12046FFF7B4FB8F
:10708800206C0168814203D17268E06882437260B3
:107098003069A04207D1C6F814B02146DBF80000D9
:1070A800FFF78CFB03E021465846FFF782FB706828
:1070B80038437060A560E760C4F840B0002D44BF55
:1070C80000207061012131814046FFF7ACFD504638
:1070D800FFF734FE4846BDE8F28F38B50446FFF79F
:1070E8009DFD0546204600F001F828E02DE9F04115
:1070F8000446DFF84C54D4F840806E68E768FFF720
:1071080073FBD8F80010414504BFBE436E60286980
:10711800A04204BF00216961022020750121298154
:10712800BDE8F081340400003168000038B5044639
:10713800FFF774FD05462946204600F004F8284666
:10714800BDE832406FE52DE9F041DFF8F463776878
:1071580004468846E568206C2146FFF72AFB2F4342
:10716800776001202075012131814046FFF75BFDE2
:10717800BDE8F04152E580B5DFF8E403DFF8E42329
:107188000068904204D1FFF74AFDFFF7F7FA0CE0D8
:1071980050B9FFF744FD002001E00098401C009022
:1071A80000980028F9D000E08047BDE8014035E5A7
:1071B8003C1C0020FFF7F1BAEFF311800021FFF724
:1071C800EFBA10B5FFF7F6FFDFF89C134A69886934
:1071D800D20800EBC202083A0A6100244FF0FF32DD
:1071E8000A6007E02146002001F057FC002100F06A
:1071F8007CF8641CDFF8740301688C42F2DBFFF74B
:1072080047BC0000201C0020F8B50446DFF86003E6
:10721800DFF854730668F8690D4650F82510B14236
:107228000AD17D4800902946204601F03EFCF869C5
:1072380050F82510B14201D10020F2BD2046F2BD20
:10724800201C0020F9690000C4040000C8040000E4
:10725800FEB51746DFF81C2305461E46DFF818035F
:107268001368089C0088994209DBDFF810633768C7
:107278000191002502950097A623002213E0DFF86C
:10728800E822DFF8ECC26982D36953F82120DCF8E0
:1072980000309A420DD001910022DFF8E4120B6809
:1072A80000930292AF230146204600F0E5FC01203E
:1072B800FEBD084600F098F8AF6070696860306AF3
:1072C80010F1010F08BFFF2028740021308B00B196
:1072D8000121B08C08B141F00201E960284621463D
:1072E80000F003F800B1801CFEBD38B50446217BD0
:1072F800B4F912008A07054602D5217C202907D255
:10730800A16800F0C4F8B4F912004042608209E0B4
:10731800DFF85412486ADFF8D41240F825402846AE
:1073280000F0B5F8217C284600F0DFF8207BC10783
:1073380044BF284600F072F80020E06032BD012901
:1073480000D1704710B5B0F91240200048BF644220
:10735800204600F049F8DFF818020168204600F0DE
:1073680096F8DFF804124A6A002042F8240010BD9B
:1073780030B5DFF8F401DFF80C12C069DFF8082235
:1073880008600B68934210D0002309E00F2B26BF3A
:10739800DFF8DC41246852F8234040F823405B1CA6
:1073A800DFF8D0412568AB42F0D3DFF844324A68B1
:1073B8001C68DFF8400222F47F4202EB04228218A4
:1073C8004A602022DFF8A8028A760368CB6030BDC5
:1073D800F2E600002021EFF3118081F31188704755
:1073E80080F311887047000010B51028DFF8A0124C
:1073F80004D300F02AF8C1F880310AE00F2807D139
:1074080008690A6932F0020200F002000A6100E02D
:10741800002000BF10BD00003018002010B5102853
:10742800DFF86C1204D300F010F8C1F800310AE05C
:107438000F2807D108690A6952F0020200F0020019
:107448000A6100E0002000BF10BDA0F1100252093F
:1074580001EB8201B0F11003012403F01F03D1F8FE
:10746800000104FA03F318407047000010280DD3F8
:10747800A0F11002DFF81812520901EB820310384C
:10748800012100F01F008140C3F880127047DFF827
:10749800D820D36903EB800002688A4218BF0160D4
:1074A800704710B5DFF8C040206910F029F90021B5
:1074B800216010BD70B50246DFF8AC0083695360E7
:1074C8004469946025462878BE2803D0012000230B
:1074D800136070BD00200029F9D015F8016FBE2E89
:1074E800FBD0691E5B1AE318F2E7DFF8A421102825
:1074F800024402D382F8F0137047042828BF82F8A8
:10750800141D7047000000003005000081604260D3
:107518007047102804D3DFF878111038C1F8000F2D
:10752800704710B5DFF840305C6801222280DFF830
:10753800D422126812B1BDE81040104710BD0000F7
:107548003C1C00204005000038050000096E0000C2
:107558003C050000D96D0000836C0000D0040000D9
:107568003405000085670000C01B0020E80100000A
:10757800F401000094010000DA21000090010000ED
:107588008C01000008ED00E0A80000002DE9F041A2
:107598000446FFF70FFE00F023F80122DFF8D002BF
:1075A800068802800020FEF77AFF8046DFF8E406AE
:1075B800DFF8C423416AD2F8040D00F0FF0051F847
:1075C8002070FC60FFF7F8FD7868B9688847FFF716
:1075D800F1FD4046FEF763FF06EB0520BDE8F081AC
:1075E800DFF8880205880121018070471D700300BB
:1075F800F80100000000FA0500F0FF00FFF76BBA81
:10760800000AFFF7B1BB7CB504460D46E169164692
:1076180019B1206ABE22FCF77DFE216B01912B4631
:10762800E06A00903246A16A206AE4692018001FC7
:1076380010F08AF876BDDFF87C060068704710F015
:10764800B9B8FFF7AAB8FFF7B0B8DFF86C16C207E9
:1076580044BF01230B60820744BF4FF480730B6063
:10766800400744BF4FF480320A60704700000000B2
:10767800EC01000010B5DFF84426C30748BF1160CD
:10768800840748BF5160400748BF916010BD0000A3
:1076980000E000E020B502460020D2E90A2347F6C0
:1076A800906110F07FF90125A94228BF4FF0FF3003
:1076B80020BD38B50C460EF07FFB050018BF01252C
:1076C800DFF86C060068811D201AB0F1004F05D85C
:1076D800081BB0F1004F38BF8C4200D20C4621463F
:1076E8000120FFF7C7FFADB21DB9BDE831400EF06C
:1076F80067BB31BD2DE9F84C05460C46D5E90AAB08
:10770800D5E90C67AAFB04010BFB041136184F419D
:10771800340C002244EA07412846FFF7CAFFC5E9AE
:107728000E67BDE8F18C80B5DFF898150868002869
:107738001EBFDFF88C154868002804D0818811B175
:10774800002100F097F800F00BBCDFF87815086806
:1077580000281EBFDFF868154868002806D0818811
:1077680021B1017B002908BF00F001B870472DE95D
:10777800F0410746FFF765FF8046DFF8B855DFF8A8
:10778800B8450120E8610126FFF75FFFE16A0A6A50
:10779800142090473969B1F5802F34BF0421090CB2
:1077A8000120FFF767FF226813682321002098470C
:1077B800DFF8A025DFF8A03501211160186800B1B5
:1077C8000326DFF89815086808B146F00406DFF8C4
:1077D800B005016821F4E02141EA06410160012079
:1077E80028604046BDE8F0412DE710B5DFF88C155C
:1077F8004C680120FFF729FF6069A169BDE81040C6
:1078080008470000F0010000F8B50446DFF87405E9
:107818000D4601680E6BB047D4E90A6732463B460D
:1078280010F0C0F83DB1A6FB002306FB013307FBAF
:107838000033C4E90C23F2BD000010B5DFF8F404EE
:10784800DFF84445002101600122C2610121216065
:1078580001202268FFF7F9FEDFF880150A68136A2D
:1078680014209847206810BD000000003C1C002030
:10787800201C002038B50446FFF7E3FE05462046E5
:10788800FFF7DBFF2846FFF7DEFE002032BD80B59C
:1078980001F0C4F808B14FF0FF3002BD01F0C7B8DD
:1078A800F8B5002101A8FFF7F9FF0398009004E05C
:1078B800BE2101700099491C009100986845F7D3D2
:1078C80005B000BD01F0B5B87047FEF766BFFEF71A
:1078D80067BF00207047DFF848160A680123436035
:1078E8000021C160002302448360104601F06BBA96
:1078F800DFF82C160A68104401F078BAF8B5064685
:10790800DFF8D005046984B0ACB1A5680788012107
:1079180001807068012808D100217160F460B560A9
:107928003846FFF70BFA002024E0F068A04204D1A3
:107938003846FFF703FA01201CE02046FFF7CDFB8D
:10794800002102940391C4F818D02A46DFF8D035F4
:1079580018686946304400F047F8F0688068A84223
:1079680003DAF0682946FFF767FB3846FFF7E6F9C0
:107978000020A06105B0F0BD00E000E038B5DFF8F8
:1079880054250546106958B314880123138011BB88
:10799800A96882689142BCBFA968FFF74DFBDFF870
:1079A800802510682B5829188B4202D10120686065
:1079B80011E02A5813682B5059609068E860816874
:1079C800A960EFF31185202181F311882946FFF77B
:1079D800BAFB85F311882046BDE83240FFF7AEB9FF
:1079E80031BD00000120704710B50346186800E05B
:1079F8000068984207D08468A4689442F8DABDE821
:107A08001040FEF7DBBEBDE810401846FEF7D1BEB9
:107A180010B5DFF81035044618680022012120440B
:107A280001F00FFA0021616010BDDFF8F8140A6850
:107A3800104401F01BBA000038B50446DFF894542E
:107A480060682A6990420BD0DFF8D83418684FF084
:107A5800FF312044FEF7FBFE28696060002032BD3C
:107A6800012032BD31B9DFF8BC24416013681844E5
:107A7800FEF74BBF704701207047DFF8AC14C88889
:107A8800002800D1704738B500240BE021460020BB
:107A980001F00CF90546DFF89414A8680A689047C5
:107AA8006860641CDFF8880401688C42EEDB4FF0E4
:107AB800FF3032BDDFF87C1440680A68104710B503
:107AC80004460869DFF87014A0600A68904760608F
:107AD80010BD10B5DFF8643440681C68A04710BDBD
:107AE80010B5DFF85C3440681C68A04710BDDFF8AB
:107AF8005424406813681847DFF84C1440680A6833
:107B08001047000000207047704700F0BAB9F8B578
:107B180005461646EA69A9691C463046FEF79AFAF0
:107B280076602CB1EA6908232146304600F077F8E0
:107B3800079BF668AA686969E86800F0FFF804001E
:107B480001D10020F2BD00F0A8F86968216004F1B5
:107B580008076A68516861606A6851680C606A68F9
:107B6800546000F09FF8286810F1010F18BF3860C2
:107B7800286908B1716839503846F2BD2DE9F843D3
:107B88000C0006469146984624D0089D28000ED140
:107B9800A4F1080700F081F87A68396811600022BA
:107BA8003B68796859607A603A6000F07BF85FEA70
:107BB800090008D018F1010F02D12046C84702E099
:107BC80041462046C8472DB97269F0683946BDE874
:107BD800F843B9E0BDE8F183F8B505460E46174607
:107BE800EA69A9691C463846FEF734FA7F602CB169
:107BF800EA6908232146384600F011F86969FC68EB
:107C080008393046FCF77EFC286810F1010F18BFD0
:107C18003060286908B1616831503046F2BD2DE9FD
:107C2800F843CE68356891460A689846A9EB080774
:107C3800521B0446BA4288BF3A46FEF70BFAC4F80C
:107C48000090E0196460E060454588BF45462A46D3
:107C58003146FEF7FFF944F80780BDE8F183DFF805
:107C6800B8130A78012A04D118B1C06810B10120EC
:107C780000E00020C0B270477FB50A9C099DDFF87C
:107C88009C6302940195089C35680094A8477FBDC1
:107C980000000000C01B0020FEE7DFF88403006836
:107CA80000F0EEBE0146DFF87803006800F0EABE97
:107CB80000000000FC0100000420094018200940D1
:107CC800B81B0020880100002DE9FF4104469846B2
:107CD8000E4615464046FFF7C2FF074615B9DFF8BE
:107CE80044030568002C12BF2046DFF83C030068F7
:107CF80043462A46314600F0B7FE050013D1012F4E
:107D080003D04046FFF7ABFF68B9DFF820030168EE
:107D1800DFF81C03009102960194342301880022A5
:107D28004046FFF7A9FF284604B0BDE8F0810000EF
:107D380030200940000024438401001080B50093DE
:107D4800002300F00DF802BD10B9DFF8DC0200686E
:107D580000F091BE800224438001000084010000ED
:107D680070B51E46049B0D46FFF7AEFF040003D016
:107D780032462946FCF7CEFA204670BDB81B0020D3
:107D8800002009408C0100102C2009406649888891
:107D9800002800D0704738B501228A800024DFF817
:107DA800945204E0686850F824108847641C2868D6
:107DB8008442F7DBDFF88012DFF880520A689047C8
:107DC800002404E0686850F824108847641C286878
:107DD8008442F7DB31BD5448C0887047B0010010B9
:107DE8002DE9F0470C4600278046002CC4BFA100AF
:107DF800FCF7C4FA4C4EDFF84802C6F800800025AC
:107E0800D0F800900CE0DFF83C120A6832F8150050
:107E180028B159F825100020884748F825006D1C1E
:107E2800A542F0DB0120F080002500E06D1CDFF8A2
:107E3800180201688D421ADA01274FF0000A12E091
:107E480000200DE058F82A0010F1010F07D059F86A
:107E58002A10884748F82A0010F1010FF0D10120B4
:107E680007400AF1010AA245ECDB002FDED01FB95A
:107E7800DFF8D80100F008F800203060BDE8F0878E
:107E880000BF4FF0FF30704710B50446FFF705FFFD
:107E9800204600F0F9FDDFF8B8010168BDE81040A0
:107EA8000847F8B50546FFF7F8FEDFF8A811DFF830
:107EB800A8314A681E680124B24206DA0F6847F8FA
:107EC80022504A68521C4A6000E00024FFF7EAFE8C
:107ED8002046F2BD3C1C002010B5044600F00AF80C
:107EE8002046DFF878110A68BDE810401047000006
:107EF800FEE7FEE770B50446FFF7CFFEDFF8545102
:107F08006E6806E0296801EB8602761E52F8043C8A
:107F18009847012E2046F5DABDE8704000F0B6BD5E
:107F28005C020000BC020000841C002098030000D2
:107F3800800300008C030000880300008403000015
:107F480090030000940300009C03000080B5DFF854
:107F58001001016821B1DFF80C010068FCF7D2FAC2
:107F68004FF0FF3002BD10B5DFF8F4100446086882
:107F780070B134B101E000F019F814F8010B0100F8
:107F8800F9D1DFF8E410088810B1BDE8104027E007
:107F980010BDDFF8D4000188012906D1DFF8C02020
:107FA8001068002818BF00F01BB8704738B50546A0
:107FB800DFF8AC00046894B1FFF76FFE29490A683E
:107FC8004B68D5544A68521CA2424A6003D1002229
:107FD80001234A600B81BDE83240FFF763BE31BD23
:107FE80070B5FFF75AFE044620481E4D06682889DA
:107FF800012806D11A49686809682A68091A1044CC
:10800800B04769682868B047002068602881204622
:10801800BDE87040FFF746BEB2B900004805000051
:10802800C8050000801C0020580500004405000019
:10803800FE2100006C0500005C05000074050000CE
:10804800BC050000940500007C050000241D00000C
:10805800CC050000981C0020D4050000D0050000C5
:10806800C00500008C1C002036220000C40500005A
:10807800DFF8900880687047DFF88818084490F89F
:108088004A01704702460020022904D1012A06D17C
:1080980040F2EE207047012A08BF4FF47A7070470B
:1080A800DFF8601891F8410120B1D1F86C0100287F
:1080B80018BF00477047F0B5DFF8484894F8420108
:1080C800002883B040F090800121DFF83C68DFF899
:1080D8003C5884F84211307B84F841017168C4F837
:1080E8006C11A868C0F38140A0B9306990B12F68BD
:1080F80009F069FCC7F30662642111FB02F2B2FBC6
:10810800F0F200230FF6410104F1940009F00AFC93
:108118000FF060FD684609F067FC002001908DF8BB
:108128000000002202926B460FF25561DFF8E077FB
:1081380004F10C0009F0F6FB684609F055FC002034
:1081480001908DF8000002906B460822DFF8C417F2
:1081580004F1500009F0E6FB00230FF2C55232216A
:1081680004F1D800FEF7A8F8002038600023DFF8F3
:10817800A8272C2104F1F400FEF79EF8A968707B6B
:10818800C1F3815128B1032903D1012084F83901B1
:1081980009E0032918BF022905D0012902D10FF0EF
:1081A8002EFD11E081B9386840F040003860FEF7D4
:1081B800A6F8A16841F00401A16094F84511491C92
:1081C80084F84511FEF7C2F8686840070CD4FEF73A
:1081D80096F8A16841F00101A16094F84311491C87
:1081E80084F84311FEF7B2F8002003B0F0BD30B5B3
:1081F80081B0002408B1150004D16FF002042046B4
:1082080001B030BD8160C26003610146DFF8F40649
:10821800FEF702F9204601B030BD10B50446FEF75E
:108228006EF8DFF8E0160A1992F843315B1E82F8FF
:108238004331DBB233B98A68012303FA04F422EA32
:1082480004048C60FEF782F8002010BDF0B581B000
:108258000546FEF754F80446DFF8A816481990F8C2
:108268004A21521E80F84A21D2B232BBDFF8AC064E
:1082780000EB850210F825505688280623D5DFF82C
:10828800A07639680A6A3046904739688A6A304663
:10829800904739680A6B30469047DFF88816012006
:1082A8000860DFF8840601688907FCD505F03F05FA
:1082B800132DBCBF2846FFF7C9FF2046FEF746F836
:1082C800002001B0F0BD680606D501EB860100204C
:1082D800D1F860219047E9E7DFF844160B689A69FE
:1082E8003046904730460FF0EDFC0228FAD1DDE722
:1082F80010B50446FEF703F8DFF808168A6801236C
:10830800A3401A438A60214491F84321521C81F802
:108318004321FEF71BF8002010BD2DE9F041064669
:10832800FDF7EDFF0446DFF8DC55A81990F84A116F
:108338004A1C80F84A2139BBDFF8E08518F8260086
:1083480000F03F001328B8BFFFF7E7FF08EB8600EF
:10835800478818F8260001061CD5DFF8C4552A6896
:10836800D169384688472A68516A384688472A6852
:10837800D16A38468847DFF8AC2501201060DFF85D
:10838800A80501688907FCD52046FDF7DFFF002016
:10839800BDE8F081400606D505EB87010120D1F83C
:1083A80060219047F0E7DFF878150B685A6938467E
:1083B800904738460FF0A3FC0128FAD1E4E770B5DE
:1083C800FDF79DFFDFF83C650546307A810748BF19
:1083D8006FF0030415D4D6F8340101280FD1042115
:1083E800C6F83411022000F0CEF9040009D10FF0CC
:1083F800F6FBDFF8380501680FF0B4FC01E06FF018
:1084080004040120C6F834012846FDF79FFF2046E2
:1084180070BD2DE9F047002700250128A94618BF9F
:108428006FF0010840F01081DFF8D844D4F8340127
:1084380001285DD10221C4F834110FF092FD01200A
:1084480000F0A1F95FEA000857D194F85A0100B189
:10845800012794F8590108B147F0020794F8580128
:1084680008B147F0040701200FF0C5FB01281CBF25
:1084780094F83801012833D10FF0BBFBDFF8B004C2
:1084880001680125C1F3814058B9DFF87C04066909
:108498003EB104F1940009F0B2FA0FF0E2FB0020BB
:1084A800B04794F83801D8B1DFF88804D0F88412BE
:1084B80021F08001C0F884128022C0F88C22FDF7D8
:1084C8001EFF94F84611491E84F84611C9B219B91D
:1084D800A16821F00801A160FDF738FF84F8389100
:1084E800207ADFF83C64C1070FD54FF0010915E089
:1084F8006FF004084046BDE8F0870120C4F8340155
:108508000FF038FD4046BDE8F087316ADFF82804EF
:108518008A6890478246BAF1040FF6D048460FF0B1
:10852800B2FBB9F1000F0AD1BAF1010F05D1326AD5
:10853800DFF804045368012198470FF054FB3168B1
:108548004A693846904794F8540120B13168CA6A9C
:108558004FF48060904794F8530120B13168CA6A9B
:108568004FF481609047DFF8BC13DFF8C89301200F
:1085780008600022C9F800200320C4F834013846F6
:108588000FF0BDFB0128FAD1DFF8A073386804208A
:1085980000F0F9F80646DFF8A41301200860002D62
:1085A8003A6843D00FF027FB01283FD094F83801F0
:1085B80000283BD1DFF878733868C0F3814078B978
:1085C800DFF8440305695DB10FF03EFB50200DF064
:1085D800FBFB0120A84704F1940009F00EFA01E022
:1085E8000FF0F4FC012084F838013868C0F38140AA
:1085F80018B9DFF81413086958B9207A810608D425
:108608008020C9F88C02D9F8841241F08001C9F899
:108618008412FDF774FEA16841F00801A16094F886
:108628004611491C84F84611FDF790FE0DF0C8FB71
:10863800082000F0A8F806430120C4F834010FF020
:1086480099FC0EB14FF0FF384046BDE8F08730B5D1
:1086580081B00446FDF753FE05462146DFF8A40223
:10866800FDF704FF284601B0BDE83040FDF76EBEB7
:1086780010B50024022802D0032805D008E00FF026
:1086880027FD0446204610BD0FF028FE204610BDE9
:10869800FEE7F0B581B0FDF732FE9A49054691F83C
:1086A8003801012450B1A64EA6483768D7F80CC047
:1086B800002301223C21E04700B900242846FDF7A9
:1086C80045FE204601B0F0BD30B581B0FDF717FE7C
:1086D80004460FF08AFC8B4D002085F83801FDF721
:1086E8000EFE95F84611491E85F84611C9B219B90A
:1086F800A96821F00801A960FDF728FE2046FDF7CA
:1087080025FE814884680220A0470546102000F015
:108718003AF8012D04BF0320A04701B030BD000086
:1087280030B57B4C81B06568206820EA05010540BA
:108738006A0621601DD504200FF05DFA022818BFD3
:10874800032804D0012814D10FF059FA11E00FF0D2
:1087580056FAFDF7D4FD6B4991F84521521E81F870
:108768004521D2B21AB98A6822F004028A60FDF75C
:10877800EDFD280648BF00F021F8A56001B030BD26
:1087880070470020704730B505465E48046881B0E0
:108798005CB1A068284205D02269E3680021284618
:1087A800984728B92468002CF3D1002001B030BDC7
:1087B8004FF0FF3001B030BD0020704730B581B0B8
:1087C800FDF79DFD04460FF034FA00B9FEE7FDF70A
:1087D80096FD4C4D95F84611491E85F84611C9B2CB
:1087E80019B9A96821F00801A960FDF7AFFD0020BB
:1087F80085F838012046FDF7A9FD43488468022022
:10880800A04705461020FFF7BEFF012D04BF032037
:10881800A04701B030BD70B5012841D10FF0EBF988
:1088280001286DD0374D95F83801002868D1404EA1
:108838003068C0F3814070B9334804695CB10FF007
:1088480003FA50200DF0C0FA0120A04705F194006A
:1088580009F0D3F801E00FF0B9FB012085F83801E1
:108868003068C0F3814010B92749086948B9287AA7
:10887800810606D4264880228260016841F0800182
:108888000160FDF73CFDA96841F00801A96095F871
:108898004611491C85F84611FDF758FD002070BDAA
:1088A80070BB0FF0A6F92248164D0068C0F381404E
:1088B80050B9154804693CB105F1940009F09FF8D6
:1088C8000FF0CFF90020A04795F83801C0B1104843
:1088D800016821F08001016080218160FDF70FFDB2
:1088E80095F84611491E85F84611C9B219B9A96803
:1088F80021F00801A960FDF729FD002085F838015D
:10890800002070BDE8190020B8150000AC4F0050D9
:1089180090220840CB830100418101001C1A00000D
:10892800B801001028200860282008402C200940A1
:10893800B44F00500C200840004003400C40094050
:10894800A401001000A00C4000B581B00FF096F90A
:1089580001B05DF804EB31E700B589B0092168463C
:10896800FFF73EFA09B000BDFEF769BE30B581B029
:1089780005460C4601E0241A054444B1224629461E
:1089880001200FF047FD012801DB8442F3D201B03A
:1089980030BD00B581B0FDF7E9FEDFF82402C068FC
:1089A80001B05DF804EBFEF7F1B800B581B0FFF750
:1089B80012FA012818BFFDF771FD0FF21D00FFF72D
:1089C80070FAFEF7C2FEFEF77DFFFEF764F801B00D
:1089D8005DF804EBFEF77FB900B581B0FEF75CF8EF
:1089E800FEF7A3F901B05DF804EB0320FDF757BDCE
:1089F80010B504460320FDF752FD2046BDE810409F
:108A0800FFF76ABADFF8AC11DFF8AC31DFF8AC0178
:108A1800DFF8D0214A611B1A8B617047DFF8040127
:108A2800006810B14069C00F704701207047FEF719
:108A380041BDFEF7CDBCFEF734BDDFF8E8000068A5
:108A480010B18069C00F704701207047FEF722BE41
:108A5800FEF750BEFEF7D8BE01207047FEF7D3BD23
:108A68000EF098BEFEF7E7BD30B581B00468A56882
:108A7800A84701B030BD10B50368DC68A04710BD39
:108A8800FEF723BFFEF723BFFFF76DBAFFF781BAE2
:108A980009B9DFF80012FFF7C2B801EB410208B9C3
:108AA800DFF8E80300EBC20070472DE9F0418EB013
:108AB8000446149F0197002000900E469046DFF868
:108AC800C85102AA21462846FFF786F8009702AB4C
:108AD800424631462046FEF7BBFB40B101210091DA
:108AE8000346DFF8AC2121462846FFF747F80EB0C9
:108AF800BDE8F08100B581B0014601200090002357
:108B0800DFF88C21DFF88001FFF738F801B000BDED
:108B180008600022272088808A81DFF87001886039
:108B280008467047841C002010B588B002AA01933B
:108B3800002300930B460021DFF8AC01FEF7E7FFA6
:108B4800040008BF002003D002A9FEF7BDFE20469E
:108B580008B010BD10B582B00446002000904FF058
:108B6800FF332168DFF880010022FFF707F80021B2
:108B7800216002B010BD08600022292088808A8107
:108B8800424888600846704710B588B002AA019329
:108B9800002300930B4600213A48FEF7B8FF040073
:108BA80008BF002003D002A9FEF732FF204608B014
:108BB80010BD0000C01B002000800020007C0020A9
:108BC800F41B002010B582B00446002000904FF03E
:108BD800FF3321682A4A2B48FEF7D0FF0021216085
:108BE80002B010BD007C0020086000222820888088
:108BF8008A81264888600846704709B9DFF87C13DF
:108C0800FFF70DB810B588B002AA019300230093AE
:108C18000B460021DFF86803FEF779FF040008BF60
:108C2800002003D002A9FEF756FE204608B010BD6A
:108C380010B588B0034601910024009402AA0021CF
:108C4800DFF83C03FEF763FF040008BF002003D0F1
:108C580002A9FEF740FE204608B010BD10B582B04C
:108C68000446002000904FF0FF332168DFF81423FA
:108C7800DFF80C03FEF782FF0021216002B010BD6F
:108C8800337A0000E402000098010000D48F00004D
:108C980047730000B8010000086000222A2088807D
:108CA8008A810FF2283088600846704701EB41023C
:108CB80008B9DFF8D40200EB8200704710B58AB01B
:108CC80002AA0193002300930B4600211248FEF7E5
:108CD8001EFF040008BF002003D002A9FEF7EFFE24
:108CE80020460AB010BD00002402000010B582B072
:108CF8000446002000904FF0FF332168DFF88C22F3
:108D08000548FEF73BFF0021216002B010BD09B9FC
:108D1800DFF87C12FEF783BF4403000070B58CB007
:108D2800054601930E46002300930021134602AA2C
:108D3800DFF86002FEF7EBFE040008BF002005D054
:108D480002AB32462946FDF778FC20460CB070BDD0
:108D5800F0B58BB0002704460D46164601970097DC
:108D680002AA2146DFF82C02FEF736FF02AB324694
:108D780029462046FDF761FC0BB0F0BD00B581B077
:108D88000146012000904FF0FF33DFF80C22DFF896
:108D98000402FEF7F3FE01B000BD10B582B0044630
:108DA800002000904FF0FF332168DFF8EC21DFF856
:108DB800E401FEF7E3FE0021216002B010BD08B116
:108DC80000EBC100704730B589B004460B4600255A
:108DD8000195009502AA2146DFF8C001FEF7FCFEC6
:108DE80002A92046FDF7E4FC09B030BD00B581B00A
:108DF8000146012000904FF0FF330022DFF89C016C
:108E0800FEF7BCFE01B000BD09B9DFF89411FEF70A
:108E180006BF30B58BB0054601920B46002400947E
:108E280002AA0021DFF87C01FEF771FE040008BFEA
:108E3800002004D002AA2946FDF7DFFC20460BB02B
:108E480030BD70B58CB004460D4613460026019619
:108E5800009602AA2146DFF84C01FEF7BDFE02AAE1
:108E680029462046FDF7C9FC0CB070BD00B581B09D
:108E78000146012000904FF0FF33DFF82C21DFF886
:108E88002401FEF77BFE01B000BD00005818002049
:108E980010B582B00446002000904FF0FF332168DF
:108EA800DFF80421DFF8FC00FEF768FE00212160EE
:108EB80002B010BD09B9DFF8F410FEF7B0BE01EB3F
:108EC800410208B9DFF8E80000EB02107047F0B57E
:108ED8008DB004460D461E46002300931346354FB9
:108EE800019602AA21463846FEF776FE334602AAC4
:108EF80029462046FDF727FE38B101210091034697
:108F08002D4A21463846FEF739FE0DB0F0BD00B5B2
:108F180081B00146012000900023274A2548FEF72A
:108F28002DFE01B000BD000001B92449FEF777BE4F
:108F38004C22514300B9224808447047F0B591B01B
:108F480004460D461E460023009313461D4F019606
:108F580002AA21463846FEF73FFE334602AA2946B2
:108F68002046FDF78EFF38B1012100910346164ACD
:108F780021463846FEF702FE11B0F0BDA4020000FB
:108F880084020000F9780000B0180020BD7A0000C3
:108F9800C4030000A403000079660000FC0300007D
:108FA8005804000038040000256800009C040000F4
:108FB800FC1800207C040000936B0000F4040000FF
:108FC80064190020D4040000A36F00007B756E6B49
:108FD8006E6F776E2D696E7374616E63652D6E6149
:108FE8006D657D0030B5ADB00BA88421FBF7C6F9DF
:108FF80004210BAC21A58DF81810009401950FF0F1
:10900800FAFA06A968460FF037FB05000DD01422BE
:10901800184902A80FF032FC02A928460FF074FB89
:10902800044628460FF066FB1CB14FF0FF302DB008
:1090380030BD00202DB030BD10B5FDF760F90D4AE8
:1090480091685368D468D160936084EA9404116885
:10905800516081EA440383EA01135C4013690649BD
:109068001460CB1813611C19FDF770F9204610BD68
:109078000000000030730020C5870500FF000000D5
:10908800000000000001000062F30F2262F31F429B
:1090980000B500BF130096469446103928BFA0E8D3
:1090A8000C50FAD85FEA417C28BF0CC048BF40F892
:1090B800042BC90728BF20F8022B48BF00F8012B52
:1090C80000BD010010B504002000C0B20B38102804
:1090D80001D30FF0ECFBDFF89808847310BDDFF8BC
:1090E8009008DFF890180161DFF88C184161C17BA6
:1090F80051F00101C173C17B51F00201C173C17B01
:1091080051F00401C173C17B11F0F701C173C17B38
:1091180051F01001C173C17B51F02001C173C17BB3
:1091280051F04001C173C17B51F08001C173052129
:1091380081770521C177DFF844180162DFF840180C
:1091480041627047F8B514001D00DFF83808076859
:10915800DFF83468012030700020DFF8301808701C
:1091680014F0020015F0E041002901D100283ED09A
:10917800DFF81C0890F90010012902DB0178491E6C
:109188000170DFF8100890F90010012902DB01785E
:10919800491E0170DFF80028506800280BD014F031
:1091A800000015F08071002901D1002803D00021AA
:1091B80000205268904714F0000015F080710029D3
:1091C80001D100280ED0DFF8D40790F9001001294A
:1091D80002DB0178491E01700120DFF8C41708700E
:1091E8000FF030FC002038710FF004FD22E0E0039E
:1091F8000ED5DFF8B0070078002804D0052010F05D
:109208007BFB10F024FB002038710FF024FD0CE0EC
:10921800A00304D50020387110F092F905E060022F
:1092280003D5002038710FF0E5FC2000800601D539
:1092380010F006FEDFF85C1791F90000002808D14D
:109248000020DFF8641708700021002011F037F8BB
:109258000DE014F0020215F0E043002B01D1002AC2
:1092680005D091F90000012801DA0FF020FB002059
:109278003070F1BD80B509B2FFF764FF01BD2DE97B
:10928800F0478CB0DFF8244702A8216864310968E8
:109298008847DFF8085795F90000002806D0DFF85E
:1092A800F00690F90000002840F02A81DFF8000756
:1092B8005FF08071CDE90A01FDF721F80600DFF8BB
:1092C800F49699F80000800702D50020079007E07F
:1092D80000217D2000F06DFA079000208DF818001D
:1092E8000020029000208DF80C00DFF8AC76786939
:1092F800002803D099F8000079698847F8680028A1
:1093080002D0F86880470890DFF8AC06007800289B
:109318001FD0786A00281CD0786A804700280CD0B3
:10932800DFF8980601798DF824100179DFF8902686
:10933800117040798DF825000BE0DFF880068179FF
:109348008DF824108179DFF878261170C0798DF8AE
:1093580025000020059003208DF81800DFF81086FE
:109368000020A8F802000020C8F8080098F80C00AF
:1093780010F0F00088F80C0098F80C0050F080000D
:1093880088F80C0098F81B0050F0010088F81B00C2
:1093980098F81B0050F0020088F81B0098F81B0092
:1093A80010F0FB0088F81B0098F81B0010F0F7007D
:1093B80088F81B0098F81B0010F0EF0088F81B00D5
:1093C80098F81B0050F0600088F81B0018F11C0189
:1093D800F42010F0CEFFDFF8C8A59AF800000028A6
:1093E80017D199F80000800613D520683C30006832
:1093F8008047C8F8080098F80C0010F0F00050F00A
:10940800020088F80C00D8F80800029001208DF8B6
:109418000C00DFF8B095DDE90A01CDE90001DFF8BD
:10942800A83502AA4146DFF8A4050068246850342C
:109438002468A047A9F80000B9F90000002810D551
:109448007868002803D0002100207A68904741F20C
:109458008831022000F033FA3000FCF777FF002053
:109468004FE0DFF82C050178491C0170DFF824056E
:109478000178491C01702878401C2870DFF85005D5
:10948800C0F800800021022000F019FA00208AF8B4
:109498000000DFF840150878002801D0802200E09D
:1094A8000022DFF834351C881D884FF67F70054090
:1094B8002A4322431A800878B8F8181060F3C711B5
:1094C800A8F81810DFF81445E08CD881608D9881D1
:1094D80014F1440508222900D81CFAF7B1FEE08CE3
:1094E800A8F83200608DA8F830000822290018F189
:1094F8002800FAF7A5FE3000FCF728FF012000E05D
:1095080000200CB0BDE8F08780B5FFF7B8FE02BDBB
:1095180038B50400FCF7F3FE05000021022000F036
:10952800CEF92200D2B25FF0FF31DFF8A004006864
:10953800DFF878341B6818331B6898472800FCF755
:1095480005FF31BD80B5C0B2FFF7BCFD012002BDEB
:1095580070B50600DFF85444DFF8705428682168B5
:10956800543109688847DFF8741491F88310320081
:10957800D20FB2EBD07F02D0C9B201290BD1310092
:1095880028682268583212689047C0B2832801D0F0
:109598000FF08DF90EE00FF0B1FA3100286822685B
:1095A800583212689047C0B2832801D00FF07FF973
:1095B8000FF048FA70BD2DE9F84384B007008846DB
:1095C8007FF0010900200090FCF799FE0400DFF805
:1095D800DC53DFF8F8636A46052130682B684C33A2
:1095E8001B68984701A814F099F80197CDF80C80EA
:1095F8000FF2ED08790849005FEA580040008142FF
:109608001BD1DFF8DC0390F9001011F1020F0BD029
:1096180090F9001030682A68383212689047C0B252
:10962800812801D00FF043F9002201A930682B6886
:109638002C331B689847814625E0780840000FF2D4
:10964800C1014908490088421BD1DFF8980390F905
:10965800001011F1020F0BD090F9001030682A6841
:10966800383212689047C0B2812801D00FF01FF934
:10967800002201A930682B682C331B689847814663
:1096880001E00FF014F9484640B2002801D50FF068
:109698000EF9780840005FEA58085FEA4808404534
:1096A80003D1CF4880F800900AE07F087F000FF2CE
:1096B800510040084000874202D1CA4880F8009013
:1096C800012000906A46052130682B684C331B68DE
:1096D80098472000FCF73AFE05B0BDE8F08300008B
:1096E80010B5A94C012020707FF00100BC4908701A
:1096F80014F0F3FB14F025FC0020207010BD0000CE
:1097080010B57FF00100B7490870B7480068002815
:1097180006D09D4C0120207014F0D7FB002020704B
:1097280010BD10B500280BD0B04C2060206800692F
:10973800002801D10FF0BBF8206840689B490860F9
:1097480010BD70B57FF00105A54C94F90000A84242
:1097580008D094F900109D480068944A126838327D
:10976800126890479F4E96F90000A84208D096F9D3
:109778000010964800688D4A12683832126890477F
:109788007FF001003070207070BD10B5954C94F9D1
:10979800000010F1020F0BD094F900108B480068FC
:1097A800824A12683832126890477FF001002070B0
:1097B80010BD2DE9FC4105000C0000260027694674
:1097C8004F2010F0D6FDEF19DFF8108298F85300FB
:1097D80014F0F4FB042812D1BF1C780110FA86F1AA
:1097E800CC31E4B2002C3AD04FF47A70804A127827
:1097F80090FBF2F0CC30411811F590712FE098F8F9
:10980800530014F0DBFB00281AD10837780010FA4F
:1098180086F1E4B2002C07D04FF47A70744A1278BB
:1098280090FBF2F04118163101229DF900008240A8
:10983800521E704800780830424312FA81F10EE057
:109848000C37F80010FA86F1E4B2002C07D04FF478
:109858007A70674A127890FBF2F041189831132D0C
:1098680001D3282000E00C20411889B26048007814
:1098780041438800BDE8F68170B50025574890F847
:10988800530014F09BFB042804D105F56C55A03552
:10989800CC3501E005F63875FAF7DEFC060008F06D
:1098A80092F8554B00225549514C24786543B5FB35
:1098B800F0F0FAF740FC3000FAF7D9FC70BD70B54B
:1098C80004000D00FAF7C8FC060008F07CF8B5FBA8
:1098D800F0F02100C9B201290DD1002804D148486F
:1098E8000068FAF798FC24E0454B00220FF24D017E
:1098F800FAF721FC1DE0E4B2022C0DD1002804D1B6
:1099080040480068FAF787FC13E03E4B00220FF24C
:109918003901FAF710FC0CE0002804D13A48006835
:10992800FAF779FC05E0384B00220FF22901FAF723
:1099380002FC3000FAF79BFC70BD000080B54FF4C4
:10994800006015F0EBF801BD80B54FF4805015F0BC
:10995800E5F801BD80B50F480178491C0170002267
:109968005FF080730021002015F03EFD01BD00006E
:1099780010630020F474002018740020186F002071
:10998800007200204C7600201B77002025770020ED
:109998002877002027770020F41C00002977002072
:1099A8002677002048770020237700203076002093
:1099B800200043002B7700202A770020EC74002039
:1099C80022770020D47600207D9200001C760020AB
:1099D8002076002017770020287400209067002048
:1099E800E31C0020E41C0020FC7500202C760020DD
:1099F800347700201C77002040760020FF95010076
:109A080034760020387600203C76002010B5DFF848
:109A18005C290446547648F2020104F059FF48F2E2
:109A28000101204604F054FF2046BDE8104048F2EA
:109A3800040104F04DBF3EB505460C466B460022B6
:109A48000321204605F0D2FD00281EBF0299088890
:109A5800A84214D0DFF81439587E2A0003D00D80AC
:109A680000F031FF05E000220A804FF40051FCF7B6
:109A7800EDF9DFF8FC08016809B12046884737BDD1
:109A8800E0B50023CDE9003302460846C0B1DFF84F
:109A9800E418042A0B7013D8DFE802F00308060E56
:109AA8000C0016F03DFD0EBD01220A70694600F05B
:109AB80009F80EBD01220A70694616F05DFD0EBD5B
:109AC80002200EBD78B585B005000C4618BF002CE5
:109AD80008D000F0ADFF064605F11000FAF7D2FBFA
:109AE800864201D002200BE001A8009090232A466C
:109AF8000021002016F0A2FF214601A816F03CFD27
:109B080006B070BD70B5DFF8644800F0CE05E07AA5
:109B180086B020B9607E0421FCF7C4F9C8B1607D25
:109B2800002815D1E17A8A0612D4A07B58B1A8077B
:109B380009D5C90607D400F02EFC0121042000F045
:109B48001DF985F00205E07A05F03F050543E57249
:109B58007EE0E17AA07E05F03F0529430028E17206
:109B680067D10121A17604F10E03012200215520BD
:109B7800FCF770FBA07B01285BD1DFF8FC170878A5
:109B8800012818BF022844D1DFF8F067306808229E
:109B98000021FAF7ABFB00283BD116F0F5FE0028B0
:109BA80037D1306801AA694616F06CFDDFF8D01786
:109BB8000646087800281EBF9DF81400FD280228D4
:109BC80027D0DFF8C00701888E4215DA142101A8D2
:109BD800FAF7D4FBFF208DF8140001AB14223146AC
:109BE8000420FCF7D7FA0C20DFF89C1746438819A5
:109BF80000220260426042720020A07304F10E024B
:109C080001215520FCF7E3FA0321FF200CF074F939
:109C180018E0E17A072020750D4345F01005E5723C
:109C28000021002001F02BF890B1002000F05FFE29
:109C380003E0E07A30B9072121750021072000F000
:109C48009DF805E0002020750421607EFAF73AF9B6
:109C580006B070BD1CB501AC00948DF8050001215B
:109C6800DFF80847607E8DF80410032300220A21DC
:109C7800EFE2DFF8F816C873704780B5002000F0EF
:109C880036FEBDE804400321FF200CF035B9E0B5ED
:109C9800DFF8D816887B58B1C87A810608D4002125
:109CA800CDE90011FFF7E9FF68460CF0C6FB07BDD8
:109CB800FFF7E3FF4FF4FA7001F02BFB07BD1CB56B
:109CC800DFF8A84601E000F0C7FAA06B0028FAD137
:109CD80017F09CFE207D082804D0012808BF002129
:109CE80017D0E075082020750CF08FFA0A2001F0D3
:109CF800E8FDDFF8B00B00780221FCF7A7F8002197
:109D08004FF480400AF015FA002000F005F8002111
:109D1800082000F033F813BD8DF800006946522082
:109D280002F016BDDFF84436187D0021062800D061
:109D3800704710B5D86A07E0027B540603D502F0D5
:109D4800BF020273012140690028F5D141B1BDE885
:109D58001040587E4FF47A724FF48041FCF772B885
:109D680010BD80B5DFF80416887B20B100210020E3
:109D780000F085FF00B1012002BD00007CB50D4652
:109D8800DFF8E845DFF8F015DFF81C2B0978DFF875
:109D98001C6B03465B1E607E072B5FD8DFE813F061
:109DA8003600C00008005F006E008300D600FE0089
:109DB800012918BF022951D1322200F081FD45B195
:109DC8000120207501E000F047FAA06B0028FAD1C5
:109DD80073BD00208DF80000022101208DF80500D8
:109DE800A1720021E07A217500F0FD00E072FFF712
:109DF80095FFFFF742FF0CF06CFB002001F061FDBE
:109E0800A06B00282AD000F027FAF9E7012918BF2B
:109E1800022923D185B1032100200CF06DF804201C
:109E280000F04BFD00F0F0F8002060754FF4805111
:109E3800607EFCF70BF873BD01218DF80510072231
:109E4800A27200F0A4FA002000F051FD0020E07298
:109E580041F28832607E0221FBF7F4FFC0E0012066
:109E68008DF8050025B100F0C7F8062001F029FD9E
:109E780000F022FDE07A00F0FD008DE002208DF870
:109E8800050035B100F0B8F8032100200CF034F8D3
:109E980001E00820A0720021217500F00FFDE07A92
:109EA80000F0FB0078E003208DF80500A07A10B9D7
:109EB800012184F82010207E0028BCD1E06A18F027
:109EC800FEF90028B7D1607E4FF48041FBF7EAFF26
:109ED8000028B0D120630021616304F12C0000F058
:109EE80050FD607E4FF48041FBF7B0FF94F82000EE
:109EF80020B1A07A0B2804BF0021A172217D002087
:109F0800062984F8200002D100F0D7FC04E0E07DA7
:109F1800062804BF0021E175E07A00F0F7003BE075
:109F2800002017F08BFEDFF8041B012004220870C4
:109F38008DF8052025B100206081062001F0C1FCC4
:109F480000F0BAFCE07A00F0FE0025E000208DF871
:109F5800050075B100F058F8042001F0B2FC01F0DA
:109F680080F90D20A07200212175C82200F0A7FCFD
:109F78000FE0A07B58B1E07A052140F020008DF871
:109F88000510E07200F040F80A2001F09AFC022067
:109F9800A072E07A00F0EF00E07221E005208DF871
:109FA8000500BDB1E07D20750021E17542F2080091
:109FB8000AF0BFF8E07A00F0DF00E0720D21607F60
:109FC800A17201280CBF0D20042001F07AFCFFF7D4
:109FD800A9FE05E0E07A40F020000221E072A172BB
:109FE800E06B40B1A07A8DF8040001A90091032329
:109FF800607E00F079FC73BD0020A0728320B18CD4
:10A0080011800221FCF7E3B8002108200AF091B87A
:10A01800DFF85803807B704700207047F8B5DFF8F9
:10A028008C48DFF8A47A2078DFF84053401C207071
:10A038009EB001AB742200212120FCF70BF9217896
:10A048008DF8041001AA74212120FCF7C0F8287F9C
:10A0580039780026884206D2002001F040F901280C
:10A0680008BF042000D00D2001F02BFCE08A4FF639
:10A07800FE71884208BF0126A08C4FF6FF71884206
:10A0880008BF012636D0300034D1BB4800780028FC
:10A098001FBF0128DFF8340A0178012903D1012004
:10A0A800FFF73AFE04E001214FF400500AF041F8AE
:10A0B800DFF81C1ADFF81C6A087818B1287F39788D
:10A0C80088420ED2012001F00AF9012809D10020A6
:10A0D80068773046217E0CF09EF80646287F401CA3
:10A0E80007E0012068773046217E0CF09AF8064692
:10A0F8000020287730461FB0F0BD1CB500218DF830
:10A1080004109A4C18B100F087F80022A0E0E07E15
:10A1180000281CBF2068002806D0E17600F0DBF894
:10A12800322001F02FFB13BD0320FFF727FE13BDDC
:10A138002DE9F0478D4E17F05EFCB063002417F050
:10A1480061FCB56B0027284601E080697F1C002868
:10A15800FBD1002D5FFA87F93AD0DFF878A934E00F
:10A16800DFF8440700884FF6FF7188421CBF2A8831
:10A17800824224D1DFF834172A89488B824203D1DE
:10A188004FF6FE73984201D12879C0B16879897C6D
:10A19800884218D1DFF84019A8790A78904212D07D
:10A1A8000DE0D5F8188050460BF0B6F90128D7D144
:10A1B80005F10C01504608F04AFD0028DAD128467E
:10A1C80000F04AF87F1E641C4546E0B24845E8DBCB
:10A1D800726C22B1B06BF9B2BDE8F0471047BDE828
:10A1E800F0871CB5614CA06B58B10121A17500F036
:10A1F8004AF880B101208DF80400A06B00F02CF81B
:10A2080003E00021A0758DF8041000F005F8012284
:10A21800032100F0C8FB13BD01A800900123607E54
:10A2280070471CB5514C03210122A1728DF80420FE
:10A2380008B100220AE0E07F0328B8BF401C03DB16
:10A24800A06B00F009F80020E0770122FFF7E4FF97
:10A25800032100F0A8FB13BD10B5444B9C6B2146AD
:10A2680001E00A46896961B18142FAD1A14207BF7A
:10A27800A0699863886990610846F9F7ECFF0020A7
:10A2880010BD022010BD3EB50446032001F019FBA5
:10A29800A079DFF8485801F08CFAE07AAB780190A1
:10A2A80004F10C0021890091A27821880CF062F851
:10A2B80004000ED1A878010703D501214FF400400E
:10A2C80005E0DFF81C18087818B90121082009F002
:10A2D80030FF20463EBDDFF80C28DFF80C18106070
:10A2E800086004218420FBF772BF10B51F4904469B
:10A2F800C87E00281CBF4868002802D10020C87604
:10A308000868FFF7E8FFDFF8DC17086860B1DFF8D6
:10A31800DC170878012806BF002C01210021BDE8C0
:10A328001040642000F0ABBC002C19BF00210320B2
:10A3380000210520BDE8104020E50C49487570470C
:10A348003EB50A4D0024697520B1687E00F01FF8FB
:10A358002C7401E0A877012401A800900123687EED
:10A368002246012100F01FFB37BD0000A006002097
:10A3780014750020F7760020D61C00209075002068
:10A38800BA1C0020A264000060700020707E4FF4A8
:10A398008051FBF75BBDE0B54FF6FC710F22ADF8BD
:10A3A80000108DF8082000230122B421684604F02B
:10A3B800C1F807BD2DE9F043DFF83087DFF83077C3
:10A3C800DFF830670D4698F8001068078BB043F641
:10A3D800982940F1AA80327D42B1012A00F0968086
:10A3E800042A16D0062A00F096809BE0F07A8206AE
:10A3F800FBD4430704D505223275002105200CE063
:10A40800820720D5327B0420D307307507D5B07B6F
:10A4180030B1FFF7C0FF01210420FFF7AFFC81E056
:10A42800012918BF02297DD10120F076002106F10B
:10A4380014000160032131750120FFF756FF012048
:10A44800FFF708FC6EE000076CD5B07B06210028FA
:10A45800317557D017F040FC040053D000F028FAAB
:10A4680081072ED5207800F034FA18B304980188B3
:10A47800B52912DAB42202804FF47A72707E4FF452
:10A488000051FBF7DFFC396839B1DFF86C06027858
:10A49800FF2A0CBFFF202078884700F009FAC1077F
:10A4A80058BF09200BD503218DF80510092200F0AB
:10A4B80015FA06E000F0FCF9C10702D40E2017F0E7
:10A4C800F9FD00F0F5F9C2072CD5DFF83036186829
:10A4D80018B94878810725D414E0207817F023FEAE
:10A4E80010B10E2017F0E6FD0C2030764A46707E3B
:10A4F8004021FBF7A7FC03218DF805100A2200F084
:10A50800EDF90FE00E2017F0D5FD0BE00121012039
:10A51800FFF716FF06E00020B07230753222707E19
:10A5280000F0CEF985F00400B9E1280424D4EA0447
:10A5380040F12B81012918BF02290DD1307D012856
:10A5480000F01C81032804BFB17D022904D1012039
:10A55800B0750020FFF765FE14E10A2909D1F07AE9
:10A568002071F16B29B1A01C884702E00020FFF799
:10A57800C4FD2046F9F71CFC707EF9F77AFC04004C
:10A5880000F0F980DFF8780521780078D32958D1D0
:10A59800E18948F20102891A4FD0491E02D0891E6A
:10A5A80047D0E6E70028E4D0307D0128E1D116F055
:10A5B800EBF9002804BF60880028DAD1122106A828
:10A5C800F9F7DCFEFFF7E2FE06A9204618F044FD85
:10A5D800BDF82400400A142804DD02210120FFF7F9
:10A5E800AFFEC6E7DFF81C05006801AA694616F049
:10A5F80049F8DFF814150A889042074612D29DF8E8
:10A60800140010B1FD218DF8141001AB1422394645
:10A618000420FBF7BFFD0C22DFF8F0145743CA19DA
:10A62800012050720020F07301210120FFF7A6FBE2
:10A638009FE7204617F0A3FC9BE7204617F073FB23
:10A6480097E7327D914288D198F80020012902D0FD
:10A6580003295BD08DE7012A18BF022A89D16178C6
:10A6680041B1317C727C491C3174C9B28A4201D231
:10A678000021DAE7717D012941F288372BD002D316
:10A68800032901D016D374E702AA0021AB2015F0E4
:10A698008EF802A9042200918DF80420684616F06D
:10A6A800F5F8FFF773FE3A46707E4FF48051FBF7DA
:10A6B800C9FB5EE7012000210422B0778DF8001065
:10A6C8008DF80120684616F099F8FFF75FFEDFF86D
:10A6D80040040268E8E70028A5D016F055F998B9B3
:10A6E800B07C60B9022100228DF80810ADF8002076
:10A6F800002302220021684603F064FBD1E7306C96
:10A70800002800D0804734E701208CE7012A18BFD1
:10A71800022AF8D1A17821B30129F4D1607820B9AF
:10A728000221B17540F6B832BEE709F09CFB4FF63E
:10A73800FE79DFF8E073484504BF3888484507D0FC
:10A74800ADF80090A7F800906946532002F000F891
:10A758000AF0F2FB0BF0B4FC00203874FFF741FD5F
:10A7680007E7607800287FF401AFFFF7E1FC706C21
:10A778000028F5D1F2E785F4004090E0717D0020D3
:10A78800FFF7DEFD85F4805089E0280648BF85F094
:10A798008000F9D4A80711D5012918BF02290AD1C8
:10A7A80068460021C0E900110BF047FE18B1707E21
:10A7B8000221F9F787FB85F0020070E0280548BF01
:10A7C80085F400606BD4680622D517F085FA04007A
:10A7D80016D0307E401E3076C0B298B1707E4FF4ED
:10A7E8008041FBF75FFB30B9F06A17F068FD10B9DC
:10A7F800207817F098FC707E4A464021FBF722FB30
:10A80800307E10B90B2017F055FC85F0400046E06B
:10A81800A8043CD5746A4FF0000900E024683CB3F2
:10A82800D4F8048098F800000028F7D0F128F5DA69
:10A8380000F04FF80028F1D00499088820B1401E94
:10A8480008804FF00109E9E703228DF8052000216F
:10A8580001AAB1728DF80410009200F043F80020AC
:10A86800B07239680029D9D098F800008847D5E730
:10A87800B9F1000F03D0707E00F025F804E0707E77
:10A888004FF40051FBF7E2FA85F4005007E0680442
:10A8980004D517F093FC85F4804000E000200BB04D
:10A8A800BDE8F0830B770020B01C00209C680020D6
:10A8B800B06A416848787047002020753222607E6F
:10A8C8000421FBF7BFBA4FF47A724FF40051FBF73B
:10A8D800B9BA02AB0022032104F088BE01A98DF8A1
:10A8E800042000910323707E00220A215BE0814A44
:10A8F800937B834201D1917E49B9010004BF0021B5
:10A90800D17290730E3201215520FBF760BC70475D
:10A9180010B50446206830B91820F9F79BFC206070
:10A9280008B10021416110BD38B50446226812B94A
:10A93800FFF7EEFF23E099B109680D881046437AC6
:10A948004C7AA34202BF43894C89A34204BF0388BF
:10A95800AB4203D040690028F1D101E0002032BDAC
:10A9680002F1140401E000F1140420680028FAD16F
:10A978001820F9F76FFC206010B1002141612068B0
:10A9880032BD70B50446216861B1254606E000F184
:10A998001406F9F760FC002129603546286800286C
:10A9A800F5D1206070BD2DE9F84380460F46164664
:10A9B8005FEA03091CBF089D002D13D009F10200AE
:10A9C800C0B2F9F7E1F904000CD04A462946A01CA8
:10A9D800F9F736FC2770667021464046BDE8F44317
:10A9E800F9F7F5B9BDE8F1834249C863704701003A
:10A9F80012BF0121002000213E4A91741064704763
:10AA080001001CBF3B49486470473A4928B10022FD
:10AA1800CA7301210120FFF7B1B900228A74487D69
:10AA2800421E4A75012101208AE40000CF1C002043
:10AA3800F8B54FF6FF7506462F46102416F8010B99
:10AA4800082100F018F88021BAB27F0002F4004211
:10AA5800084218BF82F400421AB187F4805787F081
:10AA680021074908F0D1641EE8D11021B8B200F0DE
:10AA780002F86840F2BD10B502460123491E0020C5
:10AA880003FA01F106E00A421CBF9CB22043090404
:10AA98005B00490C8CB2002CF5D180B210BD10B50A
:10AAA800144C0020A07617F080F9607E0421FBF793
:10AAB800CDF9607E0421F9F743FA0020E072BDE881
:10AAC8001040FFF71FB80000DB1C0020FD760020B7
:10AAD800DA1C002098170020BD1C0020D873002025
:10AAE8006A1700205875002090170020D61C0020F7
:10AAF80014750020A0060020FC060020AC70002081
:10AB0800BA1C002090750020A2640000607000202C
:10AB18001C180020B268002010B5DFF8BC49A073EB
:10AB280002204FF6FE712072218009F093F917F088
:10AB3800FDFB04F1480018F020FD00F091F900F049
:10AB48009DFEBDE8104016E238B519F0DAF9DFF8D5
:10AB58008859E86B30B1E86B0468F9F77CFB002C86
:10AB6800EC63F8D131BD70B50D462904DFF868698A
:10AB780016D4EA071CD5012000F0A3FEDFF84C0923
:10AB88000078B17C0F230F2200F0070017F0DFFBDD
:10AB980085F0010070BD00F081F92046F9F708F949
:10ABA800B07BF9F766F90400F5D185F4004070BD73
:10ABB800E90612D5307C17F044FCDFF81409017857
:10ABC800012907D1DFF80C09007864224FF40061ED
:10ABD800FBF738F985F0100070BD290702D585F01C
:10ABE800080070BDE90511D5DFF8F00890F82600D7
:10ABF800082818BF042806D10F2009F00EFC0221EE
:10AC080000200BF079F985F4807070BD69070AD5CA
:10AC18000321FF200BF070F90BF0CEF8DFF8C01815
:10AC280001200860FEE72946BDE8704010B50C46D3
:10AC380020060DD500F082FA00F0D2F80120FFF7C7
:10AC480056FE01210320FFF799F884F0800010BD1B
:10AC5800A00504D500F0A2FA84F4007010BD200508
:10AC680004D519F063FE84F4006010BD600504D5B6
:10AC780019F080FE84F4806010BD002010BD2DE91D
:10AC8800FE4F8046894619F015FFDFF84078DFF857
:10AC98004C48B978DFF84058A1730026287C38B9A9
:10ACA8000BF0F3F8A07B01070BD58DF8006004E0EA
:10ACB800080706D501218DF800106946522001F0D9
:10ACC80047FD07F096FD00F05CF8824640B900F0B9
:10ACD8009EF8824694F9180001218140A96305E095
:10ACE80009F0E7FA09F010FB19F08AFEBAF1010F32
:10ACF8004FF6FF7B33D100F050F8F9F706FB00F070
:10AD08007F06DFF8E0070168A963FF2002210BF046
:10AD1800F3F84FF6FE70E0826083A4F824B00020B8
:10AD280009F094FBDFF8C408017846446436012929
:10AD38000CD1B9F1010F03D1002019F047FE05E04D
:10AD480068460021C0E9001119F040FE224674212E
:10AD58002120FBF73CFA022100200BF0CDF85046E9
:10AD6800FFF7F2FED84506D00120287400F0EFFA6C
:10AD7800B0B200F007FDB87809F002FD5046BDE812
:10AD8800FE8F10B50BF0A9F80024800703D500202A
:10AD9800FFF7ADFD0124204610BD10B5DFF82C17D4
:10ADA800DFF848080A780078DFF82C4702F0F80244
:10ADB80010B902200A7011E0012808BF42F0010210
:10ADC80003D0022802D142F002020A70DFF8A80874
:10ADD8000AF0A2FB10B1042103206174A07410BD15
:10ADE80080B5DFF8F406017C05290CD100F0A2FA41
:10ADF800062000F066FD00F038FD00F0CFF9BDE850
:10AE0800014000F0EEBCBDE8014000F02EBD38B5B1
:10AE180009F04FFA10BB09F091FADFF86048D8B191
:10AE2800DFF8B45609F01FF8288028B9DFF89C0627
:10AE3800017801F0F80101700320A8740021DFF8FF
:10AE48009C0680F8261000F1390105F1400007F052
:10AE58000DFF0020208032BD00212180012032BD5D
:10AE680000B585B011216846F9F788FA6A461121BC
:10AE78008120FBF773F978B96B46112200218120F4
:10AE8800FBF7E8F940B99DF8000028B1DFF83C0667
:10AE9800017841F01001017005B000BD80B5DFF800
:10AEA8004C1703780978DFF83026012B0FD0022BD6
:10AEB80023D01A2B04D0D32B06D0FD2B33D02FE070
:10AEC800BDE8024003F05CBDBDE802402CE0107C08
:10AED800022828D1012918BF022924D1FFF798F8A0
:10AEE80018B1FFF79BF8F0B166E216F084FD00B1E7
:10AEF8000120BDE80240FFF700B9012918BF022967
:10AF080011D1DFF868070078072818BF082804D18E
:10AF1800D17B11B90121FEF731FFBDE801405CE0AA
:10AF2800BDE802403EE001BD10B5044686B0E089A8
:10AF38002138012813D947F6DF71401A012818D89B
:10AF4800204618F052F8040013D0207818B9608809
:10AF5800211D17F0EDFC2046F9F77DF909E0207B6B
:10AF680038B96946204618F01FF86946204617F098
:10AF780043FC06B010BD10B5DFF85C45A07B48F275
:10AF8800010103F0A5FCA07B4FF4004103F0A0FCF5
:10AF9800A07B212103F09CFCA07BBDE8104022216E
:10AFA80003F096BCDFF8441602780978042A04D026
:10AFB800062A08D0082A0AD07047012918BF022992
:10AFC8000AD118F0C5BF012906D119F09CB801298A
:10AFD80014BF022919F0ABB8704738B5DFF8F85438
:10AFE800297CE87B032908D00A29DFF8E04431D11D
:10AFF800217801F00701012934D130BBA87B102149
:10B00800F8F760FF012000F06AF940B90121082033
:10B0180009F08FF8052000F054FC012016E0287C88
:10B0280003280DD100F0DDFBDFF840060178022986
:10B0380006D10120FFF75BFC01210220FEF79EFEEE
:10B04800BDE83240062000F03CBC0020BDE832409C
:10B05800FFF7E7B8042918BF0D2903D00E2918BF38
:10B068000C2961D130BBDFF81028E8740021117079
:10B07800012000F034F900281EBF287C0D280E2876
:10B088000BD10121082009F054F8052000F019FC23
:10B09800BDE8324042F210703BE1062000F011FC9E
:10B0A800A078010704D501214FF4004009F041F8C8
:10B0B80000F0DEBAA87CDFF8001801282DD1E87C62
:10B0C800401CC2B2042A22DA09884FF6FF72914264
:10B0D80017D10021A974E87409F02EFF0AF0F0FFD7
:10B0E800A078010704D5DFF8C4050278012A24D125
:10B0F800A87C032821D1BDE834400121082009F0AB
:10B1080018B80122042303216A736B74E2E7DFF89D
:10B11800E4170A78012ADED1DBE70328DCD1012015
:10B12800687300228A70D7E739B100F05AFBA87B10
:10B13800BDE834401021F8F7C5BE31BDF8B584B07C
:10B148000024DFF8985301AF00E0641CDFF8A8176B
:10B158000A78E0B290421FD2E6B200970C23002290
:10B1680031460720FBF738F800F052F8A0B908225A
:10B17800002102A8F9F7BAF80028E6D0082205F15C
:10B18800390102A8F9F75CF80020019001AB0C2204
:10B1980031460720FAF7FEFF05B0F0BD38B58AB092
:10B1A80004A819F0A0FD04AA18218220FBF70FF8C3
:10B1B8000024DFF8285300E0641CDFF83C0701781E
:10B1C8008C4219DA01AA00920C230022A1B20720AE
:10B1D800FBF702F800F01CF80028EDD00998019060
:10B1E80001AB0C22A1B20720FAF7D4FFDFF88C14C8
:10B1F800002008800BB030BDFF22082102A8FDF70F
:10B2080043FF09980190611E01AB0C2289B2EAE75D
:10B21800082202A905F13900F9F704B810B5DFF8DA
:10B22800B0422346012200213220FBF713F8DFF851
:10B23800CC36012200213320FBF70CF8DFF894020A
:10B2480021780078012906D1BDE8104064224FF426
:10B258000061FAF7F7BDBDE810404FF40061FAF756
:10B26800F5BDF8B584B001A800210022002380E8CC
:10B278000E00DFF88416DFF864620D78002401AF51
:10B288000EE000970C230022E1B20720FAF7A4FF92
:10B29800082202A906F13900F8F7C4FF30B9641C86
:10B2A800E0B2A842EDD30198B8B16C1EDFF8501691
:10B2B800087890B9012201980A7000F2E240DFF89C
:10B2C80044160190086001AB0C22E1B20720FAF79E
:10B2D80061FFDFF8A8130020088005B0F0BD38B57D
:10B2E8008AB0FFF7BEFF04AB182200218220FAF7CC
:10B2F800B1FF002450B9684600F0F6F810226946FC
:10B308000DF11100F8F78EFF00B9012420460BB0AB
:10B3180030BD38B5DFF8C0510446A87B0421FAF7E0
:10B32800C1FD30B9A87B2246BDE838400421FAF7B0
:10B3380089BD31BD10B5DFF8A041A07B0421FAF723
:10B3480085FDA07BBDE810400421F8F7F9BD10B5D4
:10B35800DFF8B44500222270012122468520FAF741
:10B36800FDFE38B92346BDE81040012200218520A2
:10B37800FAF770BF10BD0121012808BF0321DFF8CB
:10B3880088251170FFE701218520FAF720BF80B5D5
:10B398004FF6FF701AF00EFBBDE8044001214FF490
:10B3A800005008F0C6BE80B500201AF003FB00214B
:10B3B8004FF4005008F0BDFEBDE80140FEF77FBC29
:10B3C80038B50446FFF7D7FF41F2883528461AF00A
:10B3D800F1FA01214FF4005008F0ABFE012C16D110
:10B3E8003D48DFF8284502210174032201214173F9
:10B3F800827404F13901403007F038FC022084F8E7
:10B4080026000AF05DFEBDE83140FFF748BB28463C
:10B41800BDE832407DE77FB504460D46284618F062
:10B4280012FD284618F096FBDFF8E464306850B146
:10B4380003218DF80810082229466846F8F700FF0E
:10B44800316868468847002120461AF0C9FFDFF8AE
:10B45800BC04818C204609F013FE00F077F97FBD0B
:10B468002DE9F041804616460F461D463046F8F74E
:10B478008BFC04000ED0002E18BF002D03D03246DE
:10B488002946F8F7DDFE277021464046BDE8F04121
:10B49800F8F79DBCBDE8F08111B5DFF87C44207B4E
:10B4A80081B020B10021217317F090FB0CE0E16915
:10B4B80011B101A8884707E08DF801006B46A07B11
:10B4C80002220121FFF7CCFF002016BDD87300200F
:10B4D800F87600200B770020581700209C68002081
:10B4E8007C052043587500200021002200230025F8
:10B4F80080E82E007047F8B50546DFF81C04016A9D
:10B5080019B12846BDE8F4400847DFF814643468E8
:10B51800274609E020886988884202BFA0782979EF
:10B52800884215D02746A469002CF3D11C20F8F7CF
:10B5380091FE040059D01C21F8F720FF4FF6FE7049
:10B548002081FF21E172306800280CBF3460BC61A3
:10B55800687AA071297A61712879A0706988218038
:10B56800287B2075297A012906D005F10D0104F1FF
:10B578000C0007F07BFB05E0FF22082104F10C001A
:10B58800FDF782FDDFF89C03AA7A017891422CD25C
:10B598006879012802D0FEF73BFD30B3A87AA27A79
:10B5A8000021824203D2E87A102806DB06E09042A6
:10B5B80004D1E87AE27A904200D20121E87928B9E8
:10B5C800DFF848032A88438B9A420AD129B1288890
:10B5D8002081A97AA172E87AE072E87908B101219C
:10B5E8002171A87908B10121E170F1BDD61C0020B4
:10B5F800FEB5DFF82453DFF814630F00EF7322D190
:10B6080009F09AFC09F0F0FC040017D01C21F8F7A7
:10B61800B5FE708B208006F11C01A01C07F026FBEC
:10B62800B08C6081AA21DFF80003A1740078401C67
:10B6380000EBD0704010207401206074287C10B991
:10B64800032000F03EF9696A49B1F08AADF80200BA
:10B658008DF80070708BADF8040068468847A87BA9
:10B66800002302220221FFF7FBFEF7BDB4060020EB
:10B67800BDE83140B5E00000E4740020E076002029
:10B6880010B5044608F0E6FB0146A01C07F0DFFAF7
:10B69800012809D1A048816A11B12046884718B904
:10B6A800E07ABDE810408BE610BD0000CE1C0020FB
:10B6B8001CB50446A07A012814D100218DF8021087
:10B6C800207B30B9ADF80010FEF7D7FA68460AF0CB
:10B6D800DBFE207BFFF774FE0DF10201522001F022
:10B6E80037F818E008F0C3FB01462088E27A884260
:10B6F8000DD1012A07D087490B7803F00703022BE5
:10B7080005D101202073207BFFF75AFE03E0237B3D
:10B71800A11CFFF780FE8048C16A09B1204688470E
:10B7280013BD012800D0704780B57B49C87C48B953
:10B7380009F002FCFEF76CFC18B9BDE80240FEF700
:10B7480070BD39E601BD704708F08DBB80B500F0CB
:10B758002AF808B9FFF757BB01BDC289130400D501
:10B768007047E0B5017B61B9132A0AD0017C0191C9
:10B7780042F400420092811C407C0023842202F0A3
:10B7880004FE07BD02006448807B1CBF0121FAF754
:10B7980059BB0121F8F796BB80B500F004F808B949
:10B7A800FFF731BB01BD5C4A907B4FF48071FAF71B
:10B7B80079BB58498A78930700D4704710B5574A1F
:10B7C8001478A0420CD0087800F0F8000C2240F061
:10B7D80002008A7008700C20BDE8104008F0D0BF45
:10B7E80010BD1CB500201AF0E5F808F033FB04463C
:10B7F80008F039FB47498A780023214602F0DAFB32
:10B8080000201AF0D7F84948017801290BD1684679
:10B8180008F031FB08F02BFB4549464A0B781278B3
:10B82800694609F01DFA13BD10B586B002A81BF0D1
:10B83800BBF8040017D09DF8080088B10F218DF8D7
:10B8480014104FF6FC72ADF80C2000211F20019156
:10B85800009023469DF80820374803A902F0C7FB4B
:10B868002046F8F7F8FC06B010BD2B48807B4FF453
:10B878008071F8F727BB0000BC06002030B5002017
:10B8880025490022C3B2401C01EB8304C5B2092D2F
:10B898006261F7DB30BD092803DA1F4A02EB80003A
:10B8A8000CE002207047092804DA1B4A02EB8000EA
:10B8B800002103E002207047C06800204161002099
:10B8C8007047154A137C834204D010741021907B72
:10B8D800F8F7F8BA704780B5F8F717FD42F210711B
:10B8E8000840BDE808400A180B48807B4FF48041A7
:10B8F800FAF7A8BA0A770020D3650100F976002084
:10B90800F57600206C760020F67600209C680020F2
:10B91800B4700020D873002058170020BD1C0020E8
:10B92800C4750020B41C0020828B0200CE1C0020AD
:10B93800FC760020CD1C0020C41700202DE9F04320
:10B9480089B08046894617461D46109C119E0823DB
:10B95800242200216846FDF7DAF90B4906964FF4D0
:10B968007A700A68B0FBF2F14D4305954F43ADF884
:10B9780010406B463A4649464046FDF7E9F94046CD
:10B9880009B0BDE8F0830000E8030000FAF7B9BE8B
:10B9980080B5FAF7ECFE00B10120C0B202BDFAF79B
:10B9A800BCBE64225143FAF7C7BE013E80B5DFF83A
:10B9B800E81A0A8C4FF6FE739A4203D1163107F043
:10B9C8003CF903E002220272098C018001BDDFF814
:10B9D800C80A408D4FF6FE71884201DB032000E063
:10B9E8000220704770B50B0000215478C4F381041D
:10B9F8002500067AEDB2B5421ED12500EDB2022D22
:10BA080013D10088517994792402611889B2884247
:10BA180009D1D0781179090208189BB280B2834203
:10BA280001D1012108E0002106E0E4B2032C03D192
:10BA3800511D07F00CF901000800C0B270BD80B5B7
:10BA4800017A02290AD1DFF8501A098C008881424C
:10BA580001D1012000E00020C0B204E00100DFF8BD
:10BA68003C0A07F0D7F802BD2DE9F84F06000C0094
:10BA7800170098465FF0000B3D7A5FF00009307DB3
:10BA8800352805D00A22390016F16400F8F7D8FBEA
:10BA9800200602D54FF6FF7A03E0DFF8FC09B0F87C
:10BAA80026A014F07F04B07D800602D508203076E9
:10BAB80001E000203076B07D400702D58020707606
:10BAC80001E010207076B07DC00602D50020B07667
:10BAD80004E0DFF8C40990F83400B076B07DC00700
:10BAE80001D55BF0200BB07D000701D55BF0100B92
:10BAF8007068411E307D801E0B280DD2307D0C28C9
:10BB080007D15BF4005B58465FF0020983465BF49B
:10BB1800007B5BF0030B08E0307D0D2802DB5BF057
:10BB2800010B02E0307D50EA0B0B706C002802D14B
:10BB3800F06C002806D05BF4007B5BF4005B5FF0E0
:10BB4800020919E0DFF8500990F85120012A03D1C1
:10BB58003289B2F5EE7F02DA5FEA0B7204D55BF444
:10BB6800805B5FF0010907E090F85100022803D1DB
:10BB78005BF4005B5FF00109DFF824090078002816
:10BB880010D1DFF82009007800280BD096F85F0064
:10BB9800042807D14CF6FF7010EA0B0B5BF4005B2E
:10BBA8005FF002092000C0B25BEA803B2000C0B20F
:10BBB80002280AD1DFF8E028508D80B2000A087008
:10BBC800481E518D0170411E0CE02000C0B20328B0
:10BBD80008D1C81F0090DFF8D018009807F046F881
:10BBE8000098411E5FFA89F9B9F1020F0FD12800B8
:10BBF800C0B2002827D1E4B2002C24D0504680B22D
:10BC0800000A0870481E80F800A0411E1BE02000B2
:10BC1800C0B200280CD02800C0B2002808D0504676
:10BC2800424680B292B2904202D15BF0400B0AE0E9
:10BC3800E4B2002C07D0504680B2000A0870481EB3
:10BC480080F800A0411E2800C0B25BEA802B2800C3
:10BC5800C0B2022808D1388880B2000A0870481E8D
:10BC680039880170411E09E02800C0B2032805D1B7
:10BC7800CC1F3900200006F0F9FF611EEDB2002D3F
:10BC880007D0404680B2000A0870481E80F800803D
:10BC9800411E0A98C0B2002802D05BF4807B22E0E3
:10BCA8000A00511E307D002809D0DFF8EC0790F813
:10BCB800223090F82240641C80F8224012E0706C18
:10BCC800002809D0DFF8D00790F8393090F83940CB
:10BCD800641C80F8394005E0DFF8BC07037D047D6B
:10BCE800641C04751370584680B2000A0870481E18
:10BCF80080F800B031897268121A51FA82F13181E4
:10BD08007060002070700020BDE8F28F2DE9FC47BC
:10BD180004000D00160099460B9F5FF01A0A3900BF
:10BD28002000C0B21AF0B7FE8046002838D00A9822
:10BD3800A8F8160088F81440DFF86807007800288B
:10BD480006D02000C0B2012802D1152088F81400BE
:10BD58000B22390018F17800F8F772FA0020C8F8B9
:10BD680044000020C8F84C00002000904B469BB2CD
:10BD780032002900C9B24046FFF776FE8246504697
:10BD8800C0B200280CD1E4B2E41F012C05D898F801
:10BD9800190050F0200088F8190040461BF0DCF923
:10BDA8005046C0B2BDE8F68738B584B0040001211A
:10BDB80094F89100002801D051F00401C9B2E18241
:10BDC8000420207514F1840101A800F0E2FBB4F806
:10BDD8008E306068401E60606068411E616094F843
:10BDE80090100170207D401E616808702089801CB9
:10BDF8002081002060640020E064002000909BB255
:10BE080001AA03212000FFF72FFE05002800C0B279
:10BE1800002802D120001BF09FF92800C0B205B00D
:10BE280030BD38B504000D000520207095F8450098
:10BE3800E070A86B6168486115F12401606806F03C
:10BE4800FCFEE88F6168488195F842006168487493
:10BE5800002061680876DFF8400690F852006168B3
:10BE6800C87315F118016068193000F045F8287C8E
:10BE7800616888736868017862689181401C6168AC
:10BE88008989027851EA022162689181411C087807
:10BE9800491C0200D2B2D20963681A7410F0070F65
:10BEA80001D0012200E0002210F00700032303FB69
:10BEB8000020C0B2084401782172401CE060217A59
:10BEC80011F00701227AC2F30212D20012EB4102EA
:10BED800104460616868298908446169884206D30A
:10BEE800298962696868121A891A217403E0002096
:10BEF80020740020207231BD80B50B22F8F7A0F91C
:10BF080001BD704780B500200EF0D5F801BD80B5A1
:10BF1800182112F00BFE01BD80B501780C2902DA58
:10BF2800FFF7F5FF01E0FFF7ECFF01BD80B5192130
:10BF380012F0FCFD01BD38B50400DFF87055286823
:10BF4800002805D02868FFF7F1FF280012F000FF4D
:10BF5800200012F0F6FE2C6031BD30B589B0040027
:10BF68000B2100220DF119052800F8F7D3F92078E4
:10BF7800032808D005282ED0192804D01F282AD035
:10BF8800202828D04FE000208DF8180014F18301F4
:10BF980003A806F06BFE03208DF81400DFF80405F3
:10BFA8000078002809D0DFF800150DF1020006F02E
:10BFB8005DFE03208DF80A0007E0DFF8DC04408D01
:10BFC800ADF8020002208DF80A00DFF8CC04C08C1E
:10BFD800ADF8160040E001208DF8180014F1830137
:10BFE80003A806F043FE03208DF81400DFF8B4041C
:10BFF8000078002809D0DFF8B0140DF1020006F02F
:10C0080035FE03208DF80A0007E0DFF88C04408D28
:10C01800ADF8020002208DF80A00DFF87C04C08C1D
:10C02800ADF8160018E002208DF8180014F12E0162
:10C0380003A806F002FE14F124010DF1020006F037
:10C04800FCFDDFF85404C08CADF8160014F118019B
:10C058000DF11900FFF750FF0B208DF800006078F4
:10C068008DF8010068461BF023FB09B030BD3EB5D2
:10C07800040065782800C0B200282DD1B4F88E00DD
:10C08800DFF81414C98C884200D0E82514F1840123
:10C09800684600F07EFA6846FFF7D1FC002803D016
:10C0A800002084F891000FE094F89100002804D053
:10C0B800DFF8FC030078002801D0012000E0002010
:10C0C800C0B2002800D1E8252800C0B2002803D15A
:10C0D8002000FFF769FE05002800C0B2002805D03F
:10C0E80065701A202070200012F081FD37BD18B548
:10C0F80085B004218DF8041041788DF80510B0F84A
:10C108008E10ADF8101010F184010DF1060000F04A
:10C1180040FA0DF10600FFF792FC002815D04FF603
:10C12800FF74ADF80040694653200EF043F9DFF87C
:10C1380068030484417B0F2907D00F2141731BF04A
:10C148000BFC1BF053FC1BF0C5FC01A81BF0B0FA5C
:10C1580006B010BD18B587B0040003208DF80400A0
:10C1680000208DF8050014F124010DF1060006F0F9
:10C178007DFD606800788DF80E0014F118010DF14E
:10C188000F00FFF7B9FE14F12400FFF758FC002850
:10C1980009D04FF6FF74ADF80040694653200EF001
:10C1A80009F9BD48048401A81BF082FA08B010BD43
:10C1B80078B591B00500002468684078400622D51B
:10C1C800B54EF08CE98F88421DD1B548007800281B
:10C1D80002D000F03DF816E096F83000002812D0A2
:10C1E80015F12400FFF72BFC00280CD1012415F1D0
:10C1F8001800019001200090F38C16F1160203211B
:10C208000620FFF783FDE4B2002C1FD1182100227D
:10C2180002AC2000F8F77EF808A80390290002A8CD
:10C22800FFF7FFFD2C208DF8080002A812F0DFFCB4
:10C2380099488078002803D09DF81800002805D078
:10C2480005208DF8080002A81BF032FA12B070BD64
:10C2580000B585B009208DF80000EE208DF80100AA
:10C2680068461BF025FA05B000BD92490870704772
:10C2780090480078704770B50400FAF740F8050058
:10C288000020FFF7F2FFE4B2002C01D00EF060F8B6
:10C298001BF067FE804C94F9420012F07DFE804846
:10C2A800007812F041FEE08C12F059FE608D12F019
:10C2B8005DFE14F1440012F060FE00260CE07E4999
:10C2C8003000C0B251F82000002804D03000C0B2BD
:10C2D80051F820008047761C3000C0B20728EEDBFA
:10C2E8001BF0F8FB12F0F4FB0DF0E4FF1AF0AAFBC8
:10C2F80012F016FA2800FAF729F814F12901522049
:10C308000EF058F894F8430012F0F2FE1BF029FEE4
:10C31800002070BD80B512F055FC002808D01BF035
:10C328002CFE002804D002200CF04BFB002000E07B
:10C33800E22002BD80B50100092012F08DFC02BD8B
:10C348001CB503208DF8020005208DF8010001209E
:10C358008DF8040000208DF8030030208DF80000CF
:10C368004FF4FA50ADF806004B4C94F8530011F016
:10C3780025FE042808D105208DF8020008208DF834
:10C38800010014208DF8000094F825009DF8021093
:10C39800884204D00DF102014F200EF00BF894F8FA
:10C3A80031009DF80110884204D00DF10101572099
:10C3B8000EF000F894F8530011F000FE032806D19F
:10C3C800C0208DF800004FF4FA40ADF8060094F84C
:10C3D80035009DF80010884203D069465A200DF0B8
:10C3E800E9FF608EBDF80610884204D00DF1060101
:10C3F80058200DF0DFFF94F85300002810D10220D8
:10C408008DF804000B208DF8030000208DF805003E
:10C418007D202A49C8810DF10501E7200DF0CAFFEA
:10C4280001A9F7200DF0C6FF0DF10301E1200DF081
:10C43800C1FF13BD80B50E208DF80000164991F894
:10C448008100002802D01B208DF8000091F94200DD
:10C458009DF90010884203D06946E0200DF0AAFF3C
:10C4680001BD80B516481749016017494160174951
:10C4780081601749C160174901611749416117492E
:10C48800174A0A60174A4A608860002007490881ED
:10C498000DF05EFF01BD000090670020A667002038
:10C4A80017770020EC690020D467002090740020E2
:10C4B8001677002018770020E47100200C07002070
:10C4C800647200207FD2020039D50200A1D5020093
:10C4D80079E501004FD40200C5D302008470002022
:10C4E800E86E0020E07200200100C9B2022901D1E3
:10C4F8000120FFE7C0B2704702460020117801B161
:10C508000120517809B140F00200917809B140F05A
:10C518000400D17809B140F00800117909B140F060
:10C528004000517909B140F08000704703B49DF88C
:10C5380000100020012908BF01209DF801100129E1
:10C5480008BF40F004009DF80210012908BF40F020
:10C5580008009DF80310012908BF40F010009DF85D
:10C568000410012908BF40F020009DF8051001299A
:10C5780008BF40F040009DF80610012908BF40F0B0
:10C5880080009DF80710012908BF40F4807002B0B0
:10C5980070470A7A02720B7A022B1CBF0822F7F73F
:10C5A8004FBE0A88028070477CB50D4611F030FBFB
:10C5B800A806DFF8D042DFF8D06210D4290430D4BE
:10C5C80037E09DF80000162804BF01A812F0C0FB50
:10C5D8009DF8000016281CBF201D12F0B9FB301D65
:10C5E800F7F70BFD00280190E8D0F9F788FE317BBA
:10C5F8004A1E3273F9F7AAFE0198017801988DF85E
:10C6080000106060019948780028DAD1084612F0D5
:10C61800EEFADDE76060019812F0E9FA201D12F0E9
:10C6280097FBDFF868020078F7F723FC00280190F1
:10C63800F0D1E80602D52E2100F04DF8E80702D522
:10C64800252100F048F8A80702D5262100F043F874
:10C65800680702D5272100F03EF8280702D52921CE
:10C6680000F039F8680603D500212D2200F02CF8D7
:10C67800280603D50021302200F026F8E80503D566
:10C688000021352200F020F8280503D500213722A3
:10C6980000F01AF8E80403D50021382200F014F855
:10C6A800206878B1F9F72BFE2168019100222260F9
:10C6B800F9F74CFE01986060019812F098FA201D75
:10C6C80012F046FB002076BD8DF801108DF8002091
:10C6D800684612F08CBA8DF80010684612F087BAD6
:10C6E80038B5FFF7BEFE1BF0BFFF0024684D55F8B4
:10C6F800240000B18047641C072CF8DB12F010F806
:10C70800EB2008F039F8012032BD1CB5010018BF34
:10C7180001210846FFF7AFFD00218DF800100446FF
:10C72800694656200DF046FE5A49E2200DF042FEB9
:10C73800204616BD80B5E2280A4605D1554910465F
:10C7480006F094FA002002BDBDE804400DF011BEC9
:10C7580038B5E22804460D4608D14E4806F086FA58
:10C7680029462046BDE834400DF024BE5228F7D1B2
:10C77800494A297810780143F2D1012032BD38B5F1
:10C78800044688B000202072202100F0FAF800F05A
:10C7980040F8E07A8DF80B000022217B8DF80C1010
:10C7A8008DF80D2004F10E010A220DF10E00F7F7A5
:10C7B80047FDA57E06210DF11A00F7F7A3FEE8074D
:10C7C80044BF01218DF81A10A80744BF01218DF834
:10C7D8001B10680744BF01218DF81C10280744BFAF
:10C7E80001218DF81D10680644BF01218DF81E1027
:10C7F800280644BF01218DF81F100021ADF80C1048
:10C80800208BADF8180068461BF06EFF002009B0B9
:10C8180030BD0B2221466846F7F712BD10B5044615
:10C828008AB00020A071282100F0ABF80B2204F197
:10C838000B010DF11900F7F703FD2068174908608F
:10C8480068462168F7F749FD20798DF81100002125
:10C8580060798DF81200E0798DF81500207A8DF84E
:10C868001600607A8DF81700A07A8DF818008DF8F8
:10C8780014108DF81310684611F071FC00200AB0EE
:10C8880010BD000090740020F87300201577002078
:10C89800E4710020D8400020CF1C00205C750020E7
:10C8A80010B5044686B00020207500F069F80A2209
:10C8B800FFF7B0FF6089ADF80A0068461BF01BFF60
:10C8C800002006B010BD30B58FB004460D463C219F
:10C8D80000F057F80A22FFF79DFF6089ADF80A00BB
:10C8E800207B8DF80C00607B8DF80D000DF10E009B
:10C8F800E18900F049F8207C8DF81600607C8DF8FD
:10C908001700A07C8DF83700E07C8DF83800E07FB8
:10C91800ADF82800F7F79EFC099080B1E27F216A04
:10C92800F7F78EFC28000AD0BDF828000999C0B294
:10C93800A84720B10998F7F78EFC1A2008E0684646
:10C948001AF003FD0446099808B1F7F784FC20465D
:10C958000FB030BD80B51BF0D5FE002002BD1BF026
:10C96800EBBE1BF044BF80B51BF05EFF002002BD8C
:10C9780001B56946E0200DF01DFD02BD00202072C2
:10C9880018216846F7F7FABCCA0744BF01230370A9
:10C998004A0744BF01234370CA0644BF0123C3703A
:10C9A8008A0644BF01230371C90544BF0122C2712D
:10C9B8007047E0B510208DF802000DF102015A20F1
:10C9C800FFF7C6FE4FF4FA71ADF80410552001A91F
:10C9D800FFF7BEFE03208DF801000DF1010159207B
:10C9E800FFF7B6FE00208DF800006946E0200DF044
:10C9F800E1FC07BD49484A4990F83500087100280C
:10CA08001CBF0021F6F758BD7047454A127900212E
:10CA1800002A00D1704710B5930903F00103040000
:10CA280008BF194604D0012814BF022883F0010169
:10CA3800BDE810401046F6F72FBD394A117941B1CB
:10CA48001378D17803F0FE0360F303011370D170FB
:10CA580012E070473249087918B101228A70032020
:10CA6800EBE770472F48017801F00301032904BF61
:10CA78000120FFF7E2BF704770B52B4D28780221DF
:10CA8800F9F7E4F9264A1079002844D0107800F024
:10CA9800FE0300F0010080F001000343137013F05F
:10CAA800010014BF642441F28834D17811F00F0FCB
:10CAB8000CD018B14B1E63F30301D170917811B1FA
:10CAC800B0B9C8241AE04FF4FA7417E0517889B95C
:10CAD800164E317809291CBF072906290ED111499C
:10CAE800097801F00301022918BF032902D008B10F
:10CAF800642403E003F0FE0300241370107800F0B0
:10CB08000100FFF782FF34B128782246BDE8704063
:10CB18000221F9F797B970BD00000000B8090000BC
:10CB28000C75002012750020D1130020D0130020AE
:10CB38002DE9F8430024002888B00746904600F005
:10CB4800D180082880F2CE800E4600F00DF900252D
:10CB5800300006D0012F3AD001220121012000F037
:10CB6800D0F8781E062865D8DFE800F031393C2E69
:10CB7800045D5D0000F0F8F81BF07EFF1BF084FFF9
:10CB880008B9012556E00FF234670F233A46002111
:10CB980004201BF0B3FF032598B9DFF8E8950F23AD
:10CBA8004A46002104201BF08CFF022548B939466B
:10CBB80048461BF0D9FF042500B9002500201BF0CA
:10CBC800BEFF1BF074FF35E000F0D6F931E000F04D
:10CBD80045FA022805462DD100F050FA29E000F068
:10CBE8003DFA26E0684600F078F9050022D10A20CF
:10CBF800F7F730FB04460820207001274FF00009A2
:10CC08005FFA89F2E1191DF802001BF0B7FF09F17C
:10CC18000109E1195FFA89F22020FF1C022A8870B5
:10CC2800FFB2EDDD06E0062F0CBF0120002000F06A
:10CC380075F905466EB1280002D00A22012105E0E7
:10CC4800B8F1000F4AD001220121022000F059F862
:10CC580044E08DF81050012604B10226B046C8EB16
:10CC6800C80808F1010087B23846F7F7F3FA05005B
:10CC780034D03946F7F746FC2E704FF48040A5F8BB
:10CC88000100202104A8E970686034B144F2010071
:10CC980042212881A972C5F80B4002208DF81C009A
:10CCA8000021ADF814100122DFF8DC040188DFF858
:10CCB800DC04ADF81E108DF81D202B46017802917A
:10CCC8004A1C027000210120019100910390192251
:10CCD80005A902F0BAF92846F7F7BDFA14B12046BB
:10CCE800F7F7B9FA09B0BDE8F08380B50120FFF77E
:10CCF8008CFE462009F082F8BDE802400020FFF7CC
:10CD080084BE2DE9F0410D46DFF8841404469046B0
:10CD18000878474630B3002612E00120FFF775FE79
:10CD280028000CBF4FF42F704FF4967009F066F886
:10CD38000020FFF76AFE4FF4967009F05FF8761C42
:10CD4800F0B2A042E9D3280014BF4FF47A604FF440
:10CD5800FA6009F053F85FEA0800DCD07F1EF8B2E9
:10CD68000028D8D1BDE8F08138B5DFF8284420780C
:10CD7800FF2828D0DFF82014DFF820540AF02CFC14
:10CD8800DFF81C04007829460AF026FCDFF81404B2
:10CD9800007829460AF020FCDFF80C04DFF80C14B0
:10CDA80000780AF019FC207800F07BF8012009F0DF
:10CDB8000BF8207800F08AF84FF40C7009F004F8AA
:10CDC800AB2000F01FF831BD1CB5DFF8C843207850
:10CDD800FF2816D0FFF7C8FFB92000F013F8207815
:10CDE800F9F7CDFADFF8B8030078F9F7C8FADFF8F1
:10CDF800B4030078F9F7C3FADFF8AC030078F9F761
:10CE0800BEFA13BD8DF80000012168464CE02DE9FB
:10CE1800F24F80460026DFF89093DFF888A3DFF80A
:10CE2800805326E018F806B00027082400F038F8E8
:10CE38004FEA0B619AF80000C90F0AF047FC2878FE
:10CE480000F044F8042008F0BFFF99F800000AF049
:10CE5800BCFB4FEA4B0B7F0008B147F001070420E9
:10CE680008F0B2FF641EE1D100F01AF808F8067065
:10CE7800761C9DF800008642D4DBBDE8F18F80B5B2
:10CE8800DFF81C03007800F00CF8012008F09CFF84
:10CE9800DFF800030078BDE8044000210AF016BC62
:10CEA800287800210AF012BC38B504460D46FFF771
:10CEB800E6FF280003D029462046FFF7A8FF00F028
:10CEC80003F8BDE8324004E0B248007801210AF0D6
:10CED800FDBB4FF42F7008F077BF1CB504466846B9
:10CEE800002101609F228DF800200421FFF7DCFF5C
:10CEF80044B19DF8010020709DF8022062709DF8F1
:10CF08000300A0709DF8010000281CBF9DF80200D6
:10CF1800002801D0002016BD022016BD1CB504460D
:10CF28000021ADF80010200014BF042006208DF861
:10CF3800000001216846FFF7B7FF210008D1012052
:10CF48008DF8000002218DF801106846FFF7ACFF4C
:10CF580005208DF8000002216846FFF7A5FF9DF81F
:10CF68000100400800F0010080F00100844201D176
:10CF7800002016BD032016BD78B585B01BF022FE33
:10CF880068461BF053FE694601201BF02DFE040085
:10CF980008BF012028D001A91BF010FE002500269B
:10CFA8000AE00398B6FBF0F000F00300032808BF7E
:10CFB800FFF79BFE039886190298864208D2039AC7
:10CFC800314620461BF0F5FD80B20028E9D0032544
:10CFD800042304AA002120461BF02CFE00B10225E0
:10CFE80020461BF0E3FD284606B070BD38B58CB06E
:10CFF80004F0EFFB6E496F4D4B6B0024AB4228BF2A
:10D00800002029D228182F226946C01A1BF067FD74
:10D01800002804BF9DF8000050281CD19DF8260068
:10D02800502802BFDDF80D00D5F80D10884212D146
:10D03800DDF81100D5F81110884202BFBDF80900CB
:10D04800B5F80910884206D1BDF80B00B5F80B10E9
:10D05800884208BF012420460DB030BD10B51BF032
:10D0680013FD0124012806D1FFF7C0FF022400B1F7
:10D0780000241BF01CFD204610BD00002DE9F84FD0
:10D0880090B004F0A6FB8146494F7D6A7E6BE81B91
:10D09800019000241BF0F8FC0128B24668D1FFF784
:10D0A800A5FF10B11BF003FD62E01BF048FD18B1AD
:10D0B8001BF0FDFC032062E0AE1B761C35032D0E31
:10D0C800300B4FEA1938B6EB00361CBF6D1CEDB2B9
:10D0D800C34607E006F00306032E08BFFFF705FE68
:10D0E8000BF1010B5FFA8BF655FA88F0864206DAE7
:10D0F8005FFA8BF01BF023FDFF28EBD12EE0019A9D
:10D10800514648461BF00AFD40BB02A82A4938226E
:10D11800F8F7B0FF2C220AF1080104A8F8F79AFFE3
:10D128000F98019B009400224FF40051C0B21BF0ED
:10D13800ABFDFE2104908DF81910FF220B998DF894
:10D14800182005208DF81A00CF1B0897CDF83490C9
:10D15800342202A900201BF0E1FC00B103241BF0DB
:10D16800A6FC032C0AD8DFE804F003050702A1E7B0
:10D17800002004E0012002E0042000E0062011B0B5
:10D18800BDE8F08FF46C0020B01C0020EA76002087
:10D1980010750020B61C00200162002000620020EB
:10D1A800B71C0020B81C0020B91C00200220002059
:10D1B80000000000A00E0000D00E00004F414420E7
:10D1C8004E564D2031323334353600002DE9F84FB4
:10D1D800002814BF01270027DFF8808298F8C011C3
:10D1E80001F0010187F00102114230D10024DFF87B
:10D1F80070924FF0010A834608EB0400457A1DB38C
:10D208000AFA04F290F83810B9F8000092B2104007
:10D2180001F00301064618BF0126680648BF86F0DC
:10D228000106B7B1B8F8291011420DD005F01F0555
:10D23800DBF80000F6B20AFA05F5002E0CBF20EA6A
:10D2480005050543CBF80050641C102CD4DBBDE861
:10D25800F18F2846F6F730F9F1B22846F6F71CF9AF
:10D26800F2E77E49B1F8290028B17D4B022201215D
:10D278001020F8F78FBF7047012202FA00F0784AB1
:10D288001388002914BF184323EA00001080704750
:10D298002DE9F84F8146714848440C46457A002DDF
:10D2A80090463CD090F83860B108484606F032FA0B
:10D2B800A8B36B4801880122002702FA09F212EA92
:10D2C800010018BF01208DF80000802CACBF4FF082
:10D2D800010ABA468DF80170B108484604F07F0B80
:10D2E80006F042FA002450B10DF101036A46B10874
:10D2F800484609F032FC040011D04FF0010ABBF196
:10D30800020F04D19DF8000060B901270AE006DC8D
:10D31800BAF1000F04BF9DF80000584501D1002064
:10D3280049E05F4639464846FFF7A6FF84B1B8F1A1
:10D33800000F04D03946204609F08AFB3AE0236AF8
:10D34800002B37D09DF801103A460220984731E06B
:10D35800B108484606F0E6F908B3002100E0491C88
:10D36800404A1378C8B2984222D2CCB22C223E4806
:10D3780054432044037803F07F03B3EB960F04BFB4
:10D3880042784A45EBD1036A93B1B8F1000F18BF50
:10D3980047F00207BAB2C9B20220984708E0680607
:10D3A80002D57F1EBF41FF0F39462846F6F774F8AD
:10D3B800FFF757FF0120BDE8F28F2DE9F84F2B4CFE
:10D3C8008046012707FA08F72088BFB23842894605
:10D3D800164630D0214A4244507A30B192F838008B
:10D3E8008008451EAD41ED0F00E00025204A12F8E7
:10D3F80008B05946404606F095F9824659464046D7
:10D4080006F0B2F9002D08BFBAF1000F00D190B1B3
:10D418002089384212D0E088384203D03EB9012230
:10D42800022101E0012249464046FFF731FF012170
:10D43800404606F0E1F80020BDE8F28FB9F1000F90
:10D44800F9D026B9012202214046FFF721FF012128
:10D45800404606F0D1F80120EEE70000B8090000C8
:10D46800B8760020E876002070520020C8710020AD
:10D47800587300204B4901238A6900F01F0003FA02
:10D4880000F010438861704738B5464C0020A082F0
:10D49800A061002504F0FCFF6019007908B1FFF7CE
:10D4A800E9FF6D1C102DF7DBA06920B13E490A6821
:10D4B80022EA000008600020E061207031BD38B524
:10D4C800384C3A4D6070E16140B12278012A0FD1A1
:10D4D80028784FF08041F8F7B9FC09E0A06910B14D
:10D4E8000421F6F7F1F828784FF08041F6F7EAFCC6
:10D4F8000120207031BDF0B52D482A4D0368002168
:10D50800012200240127E0B22844007960B100F02C
:10D518001F0607FA06F640064CBF304600201E409C
:10D52800864204BF90B20143641C5200E0B2102846
:10D53800E9DB88B2F0BD80B5FFF7DDFF19498B8ABA
:10D5480098420CD030EA030388821CBFCA69002ABB
:10D5580005D01804010ED8B2BDE80840104701BD37
:10D5680080B51248007819224FF08041F8F76AFC1C
:10D57800BDE804400121192005F0B1B938B50446C9
:10D588000D460520F6F700FC50B1D6210170057153
:10D59800C4700146BDE8344004480078F6F717BC6B
:10D5A80031BD0000E8700020D0200240D1130020D7
:10D5B800C0200240F0B5DFF818375C681E780146D5
:10D5C80000200022142700E0521CD5B2B54204D234
:10D5D8007D43635D8B42F7D16019F0BD2DE9FE4FA5
:10D5E8008B46DFF8EC164B68019319464FF0140987
:10D5F800034619FB03F35600CF180025F6B296B37D
:10D608005FEA0B0114BFD7F80880D7F81080002410
:10D618008DF80000154616E00198E1B219FB01F1FA
:10D6280008445FEA0B0107BF017BD0F810A0C1795D
:10D63800D0F808A08D4205D132465146404605F043
:10D64800FFFF78B1641C9DF80010E0B28842E3D374
:10D658003046F6F7FFFD05000AD032464146F6F798
:10D66800EFFD00E05546BBF1000F06D0BD6005E0B8
:10D67800BBF1000F04D1002038733D61BDE8F78F7E
:10D688000020F871F2E72DE9F14781B0DFF8440690
:10D69800DFF8448608F01CFA0024DFF84006009002
:10D6A800A246A146002508EB050000F13802417AA0
:10D6B80000291ABF13784FEA930C4FF0000C407EF4
:10D6C80000281ABF167CB60800260023012707FA8F
:10D6D80005FE002818BF002E0AD0009F334600F030
:10D6E8007F067E55DFF8F875167C06F003067E5532
:10D6F800002918BFBCF1000F0AD001F07F06009F77
:10D708007E5563461278DFF8D86502F00302725539
:10D71800DFF8D0757B55B8F8D46116EA0E0F04D03F
:10D72800D9B2614508BF00230021DFF8A425D268DB
:10D738006E1CDFB2EA40052F02F0010201D104B1EC
:10D74800AAB1002808BF002901D105B10AB109F121
:10D758000109D8B2052802D14CB9344607E005F0D2
:10D76800C5FF20B15FFA8AF008B905F1010A35460C
:10D77800102D98DB48461021DFF85425D368CB409C
:10D78800DD0748BF401C491CCBB2202BF6DB0199B2
:10D7980039B10CB10C7004E05FFA8AF20AB181F871
:10D7A80000A0C0B2BDE8F6872DE9F84FDFF82805DC
:10D7B800017892B0502901BFDFF82C050D9000794F
:10D7C800502818BF002040F06D8200218DF802100B
:10D7D8008DF80C100DF10200FFF755FF00B901207C
:10D7E8009DF80210DFF80425DFF8E4341170187092
:10D7F800DFF8FC145960142111FB00F1DFF8F00484
:10D80800F6F7BCFD00218DF80E10069101918A46AD
:10D818000199DFF8C40401444D7A01990144383173
:10D82800ADB901981028D34680F28281019ADFF8B9
:10D83800A8041044437E059383B900241046102899
:10D8480080F27981DFF89C140A5C02927CE10198ED
:10D858001028E6DA08784FEA900BE7E71046102818
:10D86800EBDA0C7CA408EDE70E2818BF0F2800F0AF
:10D87800DB81DFF8801402980A78904218DA0146B2
:10D888000C204143DFF87024535AADF800301A04D5
:10D898000ED5C3F30E00ADF80000DFF86004001DDC
:10D8A80042582AB1019840F080006946C0B29047BA
:10D8B800BDF800000006000F00F001008DF803001D
:10D8C8009DF8030030B1BDF800104FF6EF7001402D
:10D8D800ADF80010BDF80000BDF80010000B00F016
:10D8E80001008DF80D004EF6FF7001404805ADF8B7
:10D8F800001012D507AA0A213B4622F813100A2065
:10D908000EA9324621F812004FF6FF30BDF800107C
:10D9180001407F1C761CADF80010BDF80000E0B196
:10D928000021DFF8DC0312E0BDF80020D30708D59A
:10D93800CAB230F8122007AB5FFA87FC23F81C2024
:10D948007F1CBDF800205208ADF80020491CDFF804
:10D95800B4331B78CAB29A42E6D3059850B3002D67
:10D9680035D0DFF8A4030C9B028802981A421AD11A
:10D9780010BB4FF00109CA4654B900F096F938B106
:10D988004FF6FE714FF00109884508BF4FF00208B5
:10D998000298019AC1B2D0B205F0E6FEF0B10120BA
:10D9A8000B9081461DE010B100F07FF920B14FF0D7
:10D9B8000109E1E7002DDFD05FEA0B0004D14FF049
:10D9C80001094FF00208D7E705980028D4D0002CA9
:10D9D800D2D14FF0010A4FF00608CEE79DF80300B8
:10D9E80028B107A80C21FAB220F812107F1C05985C
:10D9F80030B12CB907A90720FAB221F812007F1C10
:10DA08009DF80D1051EA090005D007A90620FAB2C1
:10DA180021F812007F1CB9F1000F0EA904D00622CC
:10DA2800334621F81320761C0B9858B107A8082212
:10DA3800FBB220F813207F1C4FF6FE72904508BFFA
:10DA48004FF00308BAF1000F3FD01220324621F8F8
:10DA58001200761C0198102837DA0598002834D06F
:10DA6800002C32D1019AA8480244937A012B03DC96
:10DA7800B9F1000F29D113E0701C9C1E3246042C0A
:10DA880038BF08231ED39C1F062C38BF052319D383
:10DA98000CD1082321F81230B9F1000F064614D131
:10DAA8000620324621F81200761C0EE0A3F10D0480
:10DAB800032C38BF4FF4407304D3203B0E2B04D201
:10DAC8004FF4A06321F81230064604990020C8716B
:10DAD8000499886004990873049908610498A0F867
:10DAE8000480F8B206994C1E48B10498C77107A97A
:10DAF80004988160FAB20121E0B2FFF76FFDF0B23D
:10DB080048B1049806730EA904980161F2B2002185
:10DB1800E0B2FFF763FD0198401C2028019080F2D5
:10DB2800898010284FF0000AFFF672AE0025AB4638
:10DB3800CDF814A000246649C86801990294C84029
:10DB4800C00748BF4FF0010A204605F0ADFD08B9EF
:10DB5800202C02D100200590002401980121814049
:10DB680089B20C91584605F09FFD38B9BBF1200FDA
:10DB780004D00D980C9A0188114207D002998B4560
:10DB880004BF002002904FF0000B002505982843A1
:10DB980004D1019810B15FEA0A00BCD002980528A8
:10DBA80006D19DF80C000028B5D101218DF80C1084
:10DBB8001420069900FB01F645494A685349901913
:10DBC8001422F8F757FA424841680698401C314435
:10DBD800C0B204910690002201980499401C087074
:10DBE8004FF6FE780198ADF8002091460B92002779
:10DBF800002690B90121ADF81E10ADF83A100227A1
:10DC08004348417EADF81C200226FF29ADF8382094
:10DC180003D01920ADF83C000326029800283FF4F1
:10DC280047AE04283FF720AE3A49087840F0040090
:10DC380008701EE6264FDFF8E0B03C78DFF8DC809D
:10DC4800DFF8DC902001F6F705FBB8602101F6F754
:10DC580059FC9DF80E40012620E078681421714394
:10DC68000144A1F11405E879297B0918002913DD7D
:10DC7800B8682A7800EB0611012401F8102D8D6090
:10DC880099F80000F4F720FE28784146F4F76BFE77
:10DC9800287859461BF0A8F8761CF6B23878B042B6
:10DCA800DBDA204613B0BDE8F08F01985946C0B2C0
:10DCB80005F038BD80B51B481B4A0178FF2000F0ED
:10DCC800DAFEBDE80840194A1949FF2000F010BFE4
:10DCD800305500203C550020B8090000687300202A
:10DCE80078730020587300208C0B0000E776002022
:10DCF80040550020B3B90000A40B00009C0B0000A5
:10DD0800840E0000821D0100C87100205C13000011
:10DD1800A00E0000127500200C14002051580000BD
:10DD2800D11300202B260100F00F00003D58000001
:10DD3800372E0100F0B587B0044604A80025002658
:10DD4800002780E8E0008DF819501E26087A8DF823
:10DD580018005B1C0988DFF8200CADF8101041682A
:10DD6800257801F8015C03964E1E4578DFF80C1CF7
:10DD7800029509300190009604A815F020FD0100D5
:10DD880002D12178491C217007B0F0BDF8B5DFF841
:10DD9800E85B069C6E681F4603E014F801CB06F8A2
:10DDA80001CBBC46ACF101075FFA8CFCBCF1000F5B
:10DDB800F3D1079C04B140246C70FFF7BBFF00242B
:10DDC8006C70F2BD10B500F0ADF80223014604F105
:10DDD8000800BDE81040ADE72DE9FF41DFF8987B6A
:10DDE80080460D467C68DFF8180C1646414604F05C
:10DDF8002EFF38B90F214FF6FD728DF80810ADF8D7
:10DE0800002007E002218DF80810DFF8F82B1188B0
:10DE1800ADF800104146204604F028FF0A2305709B
:10DE280046700022694607F10800FFF783FF04B037
:10DE3800BDE8F0817FB5DFF8404B6568ADF80000BC
:10DE480002268DF808602870A970000A6870EA70C8
:10DE58000423012200F0AAF804B070BD2DE9F047B0
:10DE6800099E9846B4460CEB0803DFF80CABDAF8C9
:10DE780004505B000C469B1DD9B25129A8BF102045
:10DE880042DA01464FF6FD700F7A4FF6FF790F2FF1
:10DE980018BF022F03D10F884F4508BF08804C4593
:10DEA80008BF04462C70681D240A6C70AA70120AF8
:10DEB800EA70B8F1000F85F804800DD0089A0024A4
:10DEC80032F8145000F8015B32F81450641C2D0A23
:10DED800444500F8015BF3DB00F8016B6EB10A9A68
:10DEE800002432F8145000F8015B32F81460641C06
:10DEF800360A644500F8016BF3DB0AF10800BDE857
:10DF0800F047DBB2062215E7BDE8F08710B500F050
:10DF180009F89A70014604F10800BDE8104003238F
:10DF2800042207E7DFF8504A63681970090A597034
:10DF380070472DE9F0411546DFF83C6A2C78804699
:10DF48007068102CA8BF10240170C71C090A417002
:10DF58008470202210213846F6F7DCF92246691C25
:10DF68003846F6F76DF9414606F10800BDE8F0417C
:10DF780013231422DEE67FB5DFF8FC4963680F251A
:10DF88004FF6FD768DF80850ADF800601870000A5D
:10DF98005870002914BF4020002060700223152209
:10DFA80000F004F80021617004B070BD694604F106
:10DFB8000800BFE63EB54FF6FD75ADF800501446B3
:10DFC800DFF8B4596A680F238DF808301070000A1A
:10DFD8005070901C04F04AFE686884720B23132268
:10DFE80000F001F83EBD694605F10800A2E62DE9FA
:10DFF800F84FDFF884490D7A9C4663680F2D04BFFB
:10E008004FF6FC750D80DDF82880012648F21F05C3
:10E01800A84503D10025022603F8015B994603F8B9
:10E02800012B054600278A469346CDF800C01846BE
:10E03800009A237802EBC30104F018FE2178491CEA
:10E04800217008367F1CC9B2594503D0F9B20A2994
:10E05800EEDB04E089F800700020207017E00A2148
:10E0680089F800102078584511D2B8F11F0F02D155
:10E07800FDF731FC0BE048F21F01884507D1DFF8B6
:10E08800880900780A224FF48041F7F7DBFEF3B2E3
:10E0980042465146284601B0BDE8F04F4AE62DE910
:10E0A800FC470FF670110646D1E90023CDE900239D
:10E0B800F0894FF6FE7900244D4600280CBF082150
:10E0C8000221B369DFF8B07813F80180DFF834A9CA
:10E0D800DFF82C2940B91C462146104604F0B7FD4C
:10E0E80088B1BAF8005009E01878597800EB012592
:10E0F800BAF80000ADB2854205D114464D451CBFA3
:10E10800002C786806D1307B88BB78684D4518BFED
:10E11800002C0BD0B8F1000F14BFB8F1010F00228A
:10E128000BD0317B8022012907D120E0F18981229F
:10E1380000290CBF4FF6FF756C4600F8012B1CB187
:10E14800214604F093FD02E0694604F08FFD057056
:10E158002D0A4570102078700B23F28942F4004292
:10E16800B11C06F11100FFF7E5FD00207870BDE84D
:10E17800F38710B500F03EF8117801F01F01D9704F
:10E188005178197194785C71D17899711479DC712E
:10E198005179197294795C72D17999721489DC7207
:10E1A8001189090A1973917A5973D47A9C73117B6E
:10E1B800D973811CBDE81040102348F2020217E011
:10E1C80010B500F017F811680C0901F00F0141EAC9
:10E1D8000411D97011680A0B090A01F00F0141EA0C
:10E1E80002111971811CBDE81040052348F2030291
:10E1F80011309FE5DFF880375B6800241C70597088
:10E20800090A9970704770B5DFF86C375C680D00C3
:10E218000AD14AB1D379157BEB185B000C33DEB217
:10E22800512E02DB102070BD04232170DEB28169FB
:10E238000D786570042E81694D78A5703FDD191F32
:10E24800E170157825715188617155882D0AA5717D
:10E258009188E17195882D0A2572917901F00F0155
:10E268006172D179A1720B34D17989B100210CE0A6
:10E27800956835F8116004F8016B956835F81160F8
:10E28800360A491C04F8016BC9B2D579A942EFDBFB
:10E29800167B04F8016B117B99B10021157BA9420B
:10E2A8000FDA166936F8115004F8015B166936F86A
:10E2B80011502D0A491C04F8015BC9B2EEE7002190
:10E2C800E170811CBDE87040DBB248F204028FE7C0
:10E2D8002DE9F341DFF8A0460427D4F804C048F23A
:10E2E80006010546904688420CBF10260026099A6A
:10E2F80008988CF800308CF801008CF80320000A8C
:10E308008CF80200100005D00A99171D0CF10400C2
:10E31800F5F796FF6670FBB22A46414600F01FF8F3
:10E3280000216170BDE8F68171B5DFF84C064068E0
:10E338000C46002181B01D7801704270591C120AE8
:10E3480082702D1D1E78C670001D1A78F5F778FFAB
:10E35800EBB248F21102214600F001F876BD01A89F
:10E36800E8E411B5DFF81046636881B004981A70C4
:10E37800587048F21502000A987003231020607044
:10E38800FFF7EDFF0021617016BD31B5DFF8E845F4
:10E39800646804982270637000251B0AA370024603
:10E3A800E570042300F001F832BD6846C2E42DE9A7
:10E3B800FE4F0C9CDDF83880DFF8BC9508EB0406AE
:10E3C800824676001D46D9F8040001900F36F3B254
:10E3D8009346512BA8BF10203DDA0F46009705F051
:10E3E80042FD009989B2814218BF022033D10198B9
:10E3F80007703F0A01994F7005F02CFD01460198FE
:10E40800801C04F033FC002280F800B045702D0A0F
:10E418008570C470001D0D998DF8304001E000F042
:10E428001CF89DF830309A42F9DB00F8018B002285
:10E438000F998DF8388001E000F00FF89DF838301A
:10E448009A42F9DB5146F3B209F1080003B0BDE87E
:10E45800F04F20226EE4BDE8FE8F31F8123000F84C
:10E46800013B31F81240240A00F8014B521C704756
:10E478002DE9F047099EDFF8005589468046317A34
:10E4880068680C279A46032908BF152702D0012976
:10E4980008BF0E27089C114604F0E8FB80F800A08E
:10E4A8004470240A8470317AC170001D317A0329BE
:10E4B80005D10A9C314604F0D9FB047006E0012915
:10E4C80004D1318801703288120A427010206870B5
:10E4D8003B464246494605F10800FFF72BFC002160
:10E4E8006970BDE8F087F8B5DFF88C740446786881
:10E4F80015461E46F5F7F1FE21460570467007F1F0
:10E50800080001B0BDE8F0400623302212E470B5DF
:10E51800DFF8646404467068154604F0A7FB706869
:10E528000572214606F10800BDE87040092335222E
:10E53800FFF700BC3EB5DFF8405404466868017038
:10E548004270207A022818BF0F2816D120884FF66B
:10E55800FF7188421FBF4FF6FC7290424FF6FD7163
:10E5680088420AD102228DF8082005F07CFCADF81B
:10E57800000002233622FFF736FD02233622214609
:10E5880005F10800FFF7D6FB3EBDF8B5DFF8E85304
:10E598000446686816461F4604F068FB6868002150
:10E5A8000172012E04BF40210172012F03D1017AAB
:10E5B80041F080010172214605F1080001B0BDE873
:10E5C800F04009233422FFF7B5BB2DE9F041DFF80D
:10E5D800A8638046706817461C46F5F77EFE052539
:10E5E800062F077002DA062544700DE0FE2F18BFCB
:10E5F800FF2F01BF069906254170FF2F04D1079907
:10E6080081700825090AC1702B46414606F10800A9
:10E61800BDE8F0413822FFF78DBB2DE9F14FDDF859
:10E628002C9088464E460C2111FB06F6361DF0B29A
:10E6380015461C4600F0ACF85FEA000A08BF102037
:10E648003AD00A980AF101074FF0000B3D707C7030
:10E65800B87087F803903D1D0C9C1BE004F10C0179
:10E66800284604F003FBA0782872A07968726179C3
:10E6780040EA01106872FF20A8724FF6FE702189E7
:10E68800814207BF0020E8720122EA72A4690C35B2
:10E698000BF1010B5FFA8BF04845DFD300F0D2F89D
:10E6A80048F23002FFF781FE05465046F5F7D3FDE4
:10E6B80004F10D0060602846BDE8F28F2DE9F14FA6
:10E6C80082B010000E9DDFF8B06288469A4648F284
:10E6D800310907D07468227001234A4602A8FFF75F
:10E6E80029FB53E00D9C2746162010FB07F73F1D1A
:10E6F800F8B200F04DF8009008B9102046E00099F3
:10E708000C984A1C01921146002281F801A00A7057
:10E718008870CC7001F1040B924623E0A91C58467E
:10E7280004F0A4FA05F10A010BF1080004F09EFABE
:10E73800698A017000F1060B6A8A120A42700AF1AE
:10E74800010A297D81706A7D41EA82018170AA7D72
:10E7580041EA02118170E97DC1702A7E0271697EE9
:10E7680041711A355FFA8AF0A042D7D301987060D8
:10E77800FBB24A46414602A8FFF7DCFA0446009875
:10E78800F5F769FD06F10D0070602046BDE8FE8FC3
:10E79800401CF5F75FBD2DE9F14781B08846DDF8EB
:10E7A8002CA015211AFB01F0001DC0B214461D460D
:10E7B800FFF7EEFF5FEA000908BF102040D00A9873
:10E7C80009F1010704263C707D70B87087F803A032
:10E7D800381D0C9C002522E0A18900F8011B0E368B
:10E7E800A289120A00F8012B17E0214604F03EFA2C
:10E7F800217A0170628942706189090A8170217DDC
:10E80800C170001D217D0329E6D104F10C0104F03B
:10E818002DFAA17D00F8011B153618346D1CE9B2DC
:10E828005145E2D300F00EF848F23302FFF797FDA6
:10E8380005464846F5F70FFD04F10D0060602846CF
:10E84800BDE8F6874C4C41466760F3B270472DE946
:10E85800F14FDDF8308008F10A095FFA89F00D46BA
:10E8680092469B46FFF794FF040008BF10202DD066
:10E878000B9F0A9E601C594600F801ABF5F72DFD69
:10E888000670360A4670877080F804803F0A5FEA8F
:10E898000801C77004D00D994246401DF5F7D0FC19
:10E8A80029460E98344D621C6A6068705FFA89F3D5
:10E8B80048F23802FFF779FD06462046F5F7CBFC0B
:10E8C80005F10D006860002169703046BDE8F28FDF
:10E8D800F8B54E4C276805460E46384607E00179DC
:10E8E800A94204BFC388B34210D007460068002875
:10E8F800F5D10820F5F7AEFC50B10571C6800022AD
:10E9080002602168002914BF386020600020F2BD31
:10E918001020F2BDF8B506463C480468002727E0F9
:10E92800F089E188814207D04FF6FF7291421ED1EB
:10E93800010401D413281AD1B07C2030F5F724FA49
:10E94800050014D020223146F5F77AFCB07C38B1A6
:10E9580005F12001A961B27CB169A869F5F770FCDD
:10E96800D320287029462079F5F731FA0127246841
:10E97800002CD5D13846F2BDBC170020A0170020C6
:10E9880038B588B002218DF80A100024C188ADF886
:10E998000210417D8DF80C108188ADF80E10417E73
:10E9A8008DF81010818C4A1E8DF81220816A4A1C3D
:10E9B8000692816A0A788DF81120418AADF8141000
:10E9C800818DADF81C106846FFF7A4FF104900E0E0
:10E9D800641CE2B231F832304FF6FF75AB4209D011
:10E9E800BDF80E50AB42F3D101EBC20168464A684C
:10E9F800904703E010B96846FCF7AFFE09B030BD98
:10EA0800DC74002058170020661700205475002079
:10EA1800B8170000FFFFFFFFFFFFFFFFDFF80C0B39
:10EA28008068704770B500F020F808B9102070BDF4
:10EA3800002101608480C5808660DFF8F01A4A688A
:10EA480012B9486004E00A4611680029FBD1106039
:10EA5800002070BD70B500F008F808B9102070BD2E
:10EA680000F040F8DFF8601B31E004460D4616461A
:10EA78000C20F3F7B4BFF8B505460E461746182024
:10EA8800F3F7ADFF040001D11020F2BD18220021D8
:10EA9800F3F7A7FF00202060A06025712674676146
:10EAA800DFF8280B016811B9046004E00146086822
:10EAB8000028FBD10C600020F2BD70B5FFF7D5FF30
:10EAC80008B9102070BD00F00DF8DFF81C1B0A68AB
:10EAD80012B9086004E00A4611680029FBD11060E9
:10EAE800002070BD00210160047145718660704787
:10EAF80038B50C46154600F06BFD18B18460C5604A
:10EB0800002032BD012032BD1FB501248DF8004020
:10EB18000AB9062B01DB032901D101200FE001AB63
:10EB28001222002100F062FD20B1002201A96846EE
:10EB380000F02EFF9DF80000012818BF002004B047
:10EB480010BD2DE9F04F87B005468A46164699460E
:10EB580014F048FF040008BF022032D0ADF8186056
:10EB68003146284600F089FD80465FEA4860DFF8B4
:10EB7800BC6906D4B06820B1407E012808BF48F0BF
:10EB88004008109F0822002104A8F3F72AFF2FB19C
:10EB98000499012060F30101049103E004988008BE
:10EBA80080000490A06858B14088049ABDF81810F5
:10EBB80000904B4602F003022846FFF7A5FF08B96C
:10EBC800012079E01398010005D0049AADF81400EB
:10EBD80042F00402049211980028049814BF40F0EF
:10EBE800080020F00800049012980028049814BF28
:10EBF80040F0100020F0100004908DF817900321C9
:10EC080014988DF816000498C0F3800000B105210F
:10EC1800DDF854B00BEB0107B8B2F3F7E0FE0500DE
:10EC280048D0049800F0030028706B1C04998908E8
:10EC38008A0002F00402104328700499C908CA0027
:10EC480002F0080210432870049909090A0102F029
:10EC58001002104328700498C0F3800038B1BDF842
:10EC680014001870BDF81410090A59709B1CDDF8BF
:10EC78005C9016999DF816001870981C9DF817203E
:10EC88005A705A46F3F7B7FE71780391CDF80880A9
:10EC9800B9F1000F01965046BDF818200095BBB297
:10ECA800214602D0F3F7E3FE01E014F088FD00F0FE
:10ECB80087F800E01024204601F07FBB0546204677
:10ECC800F3F7A3BE2DE9F84F88B0824689460024A1
:10ECD800002590461E4615E012884146504600F031
:10ECE80089FE0DE0731C03EBC002E41C907840B968
:10ECF8005168641C0029A4B2EED0D07800F02DFE33
:10ED080024186D1C3178E8B28842EBD300F09AF9E8
:10ED1800050050D0AB4600272FE001A800905B46C5
:10ED2800BCF800204146504600F078FEBDF80400CB
:10ED3800834421E0711CFAB201EBC20CBCF800005C
:10ED48000BF8010BBCF800301B0A0BF8013B9CF8D0
:10ED580002100BF8011B9CF8020068B99CF803002C
:10ED68000BF8010BDCF804100029D6D09CF803003E
:10ED78005A4600F0FCFC83467F1C3178F8B2884282
:10ED8800D8D3A4B2059401239DF850400793069563
:10ED98000494002603969DF84C309DF84840029351
:10EDA800019450464246494600960123FFF7C9FEA2
:10EDB80000F006F800E01024204609B0BDE8F08F06
:10EDC80004462846F3F721BE2DE9F8431C4688B0CF
:10EDD8002778054607EB470700F089F85FEA00093E
:10EDE80030D000210AE001EB4102A21800F079F8C6
:10EDF800538800F8013B528800F06FF8227891425E
:10EE0800F1DB012A02BF6078002801272846012388
:10EE1800079331469DF848509DF844300495029375
:10EE280000269DF84050CDF8189042460597039665
:10EE3800019500960423FFF784FE05464846F3F73C
:10EE4800E4FD00E01025284609B0BDE8F0832DE96F
:10EE5800F8431C4688B027780546BF0000F047F8FD
:10EE68005FEA000937D000210EE004EB810200F0D0
:10EE780038F8937800F8013BB2F8033000F8013B0A
:10EE8800B2F8032000F029F822789142EDDB012A3C
:10EE980002BF607800280127139B28464246314666
:10EEA8001D0018BF01259DF84830049307950026DA
:10EEB8009DF840309DF844500193CDF8189005977F
:10EEC8000396029500960723FFF73BFE0546484642
:10EED800F3F79BFD00E01025B5E7120A00F8012BB7
:10EEE8007047491C537800F8013BC9B270470E4679
:10EEF80090463846F3F773BD2DE9F04788B0804651
:10EF0800894692461D46002400261BE0A41C18E0F2
:10EF1800F2B2691CC2EB02121144241D087880B9B0
:10EF280048780028F2D10879641DA0F120010F2942
:10EF380081BF18390229A839022902D800F0ADFC8E
:10EF48002418761C2978F0B28842E1D300F07AF8C8
:10EF5800070072D000264EE0BCF8091000F8011B2B
:10EF6800BCF80920FFF7B9FF44E0F3B2691CC3EB12
:10EF7800031301EB030C9CF8002000F8012B9CF80C
:10EF8800011000F8011BBCF8022000F8012BBCF8A6
:10EF980002301B0A00F8013B9CF8001051BB9CF89A
:10EFA80001100029D8D19CF8041000F8011BBCF806
:10EFB800052000F8012BBCF80510090A00F8011B10
:10EFC800BCF8072000F8012BBCF80710090A00F864
:10EFD800011B9CF80430A3F120020F2A81BF183AC4
:10EFE800022AA83A022A05D80246DCF80B1018466D
:10EFF80000F0BDFB761C2A78F1B29142B5D3139D7F
:10F0080052464946404605B101259DF848300493CB
:10F018000795A4B29DF840309DF84450059401939B
:10F02800002406970394029500940923FFF789FDAD
:10F0380004463846F3F7E9FC00E01024204608B0FF
:10F04800BDE8F087A0B2F3F7CABC2DE9F04788B055
:10F0580000F03EF803E000F030F80419E41C3178C1
:10F06800E8B28842F7D3FFF7EDFF050023D0002769
:10F0780001E000F034F83278F9B29142F9D3139EE6
:10F088004A464146504606B101269DF84830049349
:10F098000796A4B29DF840309DF84460059401930A
:10F0A800002406950394029600940A23FFF749FD6D
:10F0B800FFF786FE00E01024C0E7EAB2701CC2EB3E
:10F0C800C20210446D1CD0F80310807800F045BCD3
:10F0D8008246884691461E46002400257047FAB2AB
:10F0E800711CC2EBC2028B18C21C198801707F1CEC
:10F0F8001988090A4170997881709878D3F80310B3
:10F1080035E378B589B01C788DF8204001245B7808
:10F118008DF82130079408AB069302259DF84440EA
:10F12800BDF840300595049403939DF83C409DF844
:10F13800385002940026019500960B23FFF701FD35
:10F148000AB070BD2DE9F0471D4688B0AE78761C30
:10F158008246F6B2894690463046F3F740FC0027CF
:10F16800040029D0297800F8011B002104E02A4472
:10F17800491CD27800F8012BCAB2AB789A42F6D370
:10F1880095F801E0DDF840C0119D129BBEF1110F0A
:10F1980050464946424603D100F011F8122305E0D3
:10F1A800BEF1130F05D100F00AF81423FFF7C9FCCC
:10F1B8000746FFF784FD00E0102738463FE7049331
:10F1C8000127002303930093079706940596029559
:10F1D800CDF804C070472DE9F8431F4688B07C7805
:10F1E80004EB440400F067F85FEA000817D03978A8
:10F1F80000F8011B002107E001EB4102BA1800F0FA
:10F208003BF8127900F8012B7A789142F4DB00F090
:10F218003DF80D23FFF795FC00F003F800E01025FA
:10F2280011E605464046F3F7F0BB2DE9F8431F46C3
:10F2380088B07C78A40000F03EF85FEA000819D096
:10F24800397800F8011B002109E007EB810200F082
:10F2580013F8137900F8013B527900F8012B7A78FA
:10F268009142F2DB00F012F81623FFF76AFCFFF771
:10F27800D8FF00E01025E6E5491C538800F8013B5B
:10F28800C9B253881B0A00F8013B70470123079352
:10F29800CDF818802846059431469DF848509DF8C9
:10F2A80044300495029300269DF8405003964A4640
:10F2B8000195009670470546641C0E469146204607
:10F2C800F3F78DBBF0B506468DB0B08C002402284C
:10F2D80040F3D380954D0596AE600A940894ADF836
:10F2E800244006A8B16A00F02DF90890B28C121AD1
:10F2F800B06A8218ADF82420307D14F073FB10B981
:10F30800A86002200FE1806860B140889DF818204D
:10F318009DF81F30009002F00302B188307DFFF79E
:10F32800F3FB10B9AC600320FDE0B188307D00F03C
:10F33800A4F90146B388686800E0006800283AD05C
:10F348008288934224BFC7889F42F6D39DF818202D
:10F3580012F0070F04BF9DF81F200B2A2BD04A0676
:10F3680029D5717E39BB0599487D002804BF488896
:10F3780000281DD1307D0022194600F084F90120B3
:10F388008DF8110004AB9DF81F00BDF81C108DF816
:10F39800100002919DF81E0006990390C9080120EB
:10F3A800019000F0C5F8B188307D012200F06BF9BA
:10F3B800AC600520B7E0069911F0030F61D1C1F3E5
:10F3C800800008B1842772E09DF81F00172856DADC
:10F3D800DFF8C07657F83010002950D0307D8DF80E
:10F3E8002C00BDF82400ADF82E0008980C900BA84E
:10F3F80088470A9028B3391D9DF81F0051F830102E
:10F4080019B105A888470A9810B10A98F3F7FDFAC8
:10F418009DF81F00002818BF02283CD0032818BFF9
:10F42800052838D0062818BF082834D00C2818BF5B
:10F43800112830D013281CBF15280B282BD00027E3
:10F4480035E00599487D002804BF4888002813D175
:10F458009DF81F008DF8100080218DF8111004AB65
:10F468009DF81E00BDF81C1003900291012006991A
:10F478000190C90800F05CF8AC60012053E08227D5
:10F4880015E000281CBF8168002909D005A8884715
:10F49800FF28074602D10020A86044E0012806D1D1
:10F4A8000698C0F38000002814BF83278127059998
:10F4B800487D002804BF4888002823D10699C1F355
:10F4C800001018B1380008BFAC601FD09DF81F00AD
:10F4D800BDF81C208DF81000C9089DF81E00039087
:10F4E80001F0010101200190029281F001010598CB
:10F4F8008DF811700091811D8288007D04ABFFF7A3
:10F5080000FE012400213A00A96001D100200AE090
:10F51800842F04D1002C0CBF0620072003E0002C08
:10F5280014BF092008200DB0F0BD00004C170020C2
:10F5380001F00101059881F001010091811D828887
:10F54800007DDEE538B50D46044608220021F3F7B4
:10F5580048FA2978206861F30100206020F004004F
:10F568002978890801F0010140EA810020602978A2
:10F578000A074CBF40F0080020F00800206015F88A
:10F58800011B2068090920F0100001F0010140EA80
:10F59800011020602068C0F3800028B128786978BD
:10F5A80000EB0122A280AD1C2878A071A81C697804
:10F5B800E17132BD01460448006800281CBF027989
:10F5C8008A42F9D170470000307500203475002058
:10F5D8000146DFF8C404006820B102798A4218BFE6
:10F5E800FF2AF8D17047000038750020F8B50C469E
:10F5F80015461E46FFF7ECFFB0B14269002100E056
:10F60800491C037C99420FDA0C234B43D75AA74273
:10F6180002BFD718BF88AF42F2D1D01890E80E00C9
:10F6280086E80E000120F2BD0020F2BD80B5FFF78C
:10F63800CFFF00B1806802BD80B5FFF7C9FF00B1F8
:10F64800C06802BD70B50A46DFF85014096891B168
:10F658000B798342FAD1002300E05B1C4D79DCB2C0
:10F66800AC42F3D28C68DDB234F825609642F4D10E
:10F6780004EB850070BD002070BD80B5FFF7E2FF88
:10F6880000B1807802BD10B51446FFF7DBFF38B132
:10F698008178002C14BF41F0400101F0BF01817056
:10F6A80010BDF8B500F036F890B3069A002321464D
:10F6B80003E0E7783F0724D45B1C4479A34227DAA8
:10F6C800876807EB830427888F42F5D1A77892F8DB
:10F6D80000C06745F0D3112D07D1012EE9D03700BE
:10F6E800EAD1E7787F07E7D50BE0132D10D1370073
:10F6F80002D1E778FF07F6E7012EDDD1E778BF07EB
:10F70800DAD5079821680160807810700120F2BD71
:10F718000020F2BD0C4615461E464BE7F8B50D46CF
:10F7280016461C46FFF754FFF8B1002100E0491CBB
:10F73800027C914219DA43690C224A431A44178819
:10F74800AF42F4D193882788BB42F0D3D379DF093D
:10F75800B74201D05B06EAD592E86200069880E8D5
:10F768006200808820800120F2BD0020F2BD03469F
:10F778000029104600D1704710B5082B59D0092B25
:10F788005BD00A2B61D00B2B6BD0102B18BF182B1A
:10F798004FD0192B51D01A2B57D01B2B61D01C2BB3
:10F7A80064D01D2B64D01E2B64D01F2B64D0202B5B
:10F7B8003FD0212B41D0222B47D0232B51D0242BB3
:10F7C80054D0252B54D0262B54D0272B54D0282B5B
:10F7D8002FD0292B31D02A2B37D02B2B41D02C2BB3
:10F7E80044D02D2B44D02E2B44D02F2B44D0302B5B
:10F7F8001FD0312B18BF382B1FD0392B31D03A2BC3
:10F808003AD0412B18BF422B38D0432B18BF442B7A
:10F8180037D0E02B1CBFE12BE22B22D0E82B18BFFE
:10F82800E92B0AD0EA2B1CD0F02B25D0F12B2FD0B6
:10F8380010BD097800F8011B10BD0A8800F8012BDB
:10F848000B881B0A00F8013B10BD0A6800F8012B61
:10F858000B681B0A00F8013B0C68240C00F8014BEC
:10F8680010BD0968BDE81040F3F7D4B8052210E0D0
:10F8780006220EE007220CE008220AE00A78521C51
:10F8880007E00A784B7802EB032292B2921C00E060
:10F898001022BDE81040F3F7AEB8082849D009286F
:10F8A80049D00A2849D00B2849D0102818BF182851
:10F8B8003FD019283FD01A283FD01B283FD02028F6
:10F8C80037D0212837D0222837D0232837D02428EA
:10F8D80037D0252837D0262837D0272837D02828CA
:10F8E80027D0292827D02A2827D02B2827D02C28EA
:10F8F80027D02D2827D02E2827D02F2827D03028CA
:10F9080017D0312818BF382815D0392817D03A28E9
:10F918001DD0E0281CBFE128E22810D0E82818BF35
:10F92800E92808D0EA280AD0F02810D0F12810D009
:10F9380011E001207047022070470320704704201F
:10F948007047052070470620704707207047082039
:10F958007047102070470020704780B5442818BFB2
:10F9680043280CD10878497800EB0120821C92B218
:10F9780083B29A422CBF801C4FF6FF7006E04228E3
:10F9880013BF41280878401CFFF787FF80B202BDEB
:10F99800F8B50E460546B168144609B90120F2BD0E
:10F9A800B079FFF7DAFF0746B1683A462846F3F719
:10F9B80022F804B127800020F2BDF8B584B01F46B4
:10F9C80004460D46164601ABFFF710FE08B90120A4
:10F9D8000EE00A9A039820B101A93846FFF7D8FF2C
:10F9E80006E000923B4632462946204600F016F8CB
:10F9F80005B0F0BD7CB50C460021ADF804101546E5
:10FA0800FFF714FE060006D001A80090002300228C
:10FA180029462046B047BDF8040076BDF8B5069CD7
:10FA28000D4616461F46FFF701FE84460CB100201E
:10FA38002080BCF1000F06D000943B4601223146DD
:10FA48002846E047F2BDC120F2BD70B514461D46F8
:10FA5800E27993071AD5224600F040F8060016D13D
:10FA6800DFF88C0B02681AB129462046904758B136
:10FA7800D5F80310A079FFF770FF0246D5F80310F8
:10FA8800A068F2F7B8FF02E0872600E08826304633
:10FA980070BD000000170000347500203875002084
:10FAA8007CB514460646E07982071D4614D52246E1
:10FAB800304600F013F801000FD13046FFF7B6FDCD
:10FAC800060007D0002000902B46A188208802223B
:10FAD800B04776BDC12076BD882076BD38B51546BD
:10FAE8000C46E9798A060AD5FFF7A6FD030006D079
:10FAF8002946204601B0BDE83040022218470020C0
:10FB080032BD70B5054668886C68C10701D500200C
:10FB180070BD401C80B2F2F762FF98B1698849084D
:10FB2800017000210AE02278637802EB0325CEB247
:10FB380000EB4602A41CA2F80150491C0378CAB283
:10FB48009A42F0D370BD2DE9F04706460025D6F855
:10FB580004807788A946002402E08044041981447F
:10FB6800706871880144884513D26D1C98F80200AA
:10FB7800E41C002808F10308F2D118F8010B4146EB
:10FB8800FFF7EBFE641C10FA84F18F42E5DA0020DF
:10FB98002EE0EC0000F0F7F85FEA000827D076685E
:10FBA80088F8005008EB040900241CE008EBC000AA
:10FBB800471C3178707801EB00223A80B078B87031
:10FBC800F61C78B916F8010BF8703146FFF7C5FE38
:10FBD8008246524631464846F2F70DFFC7F8049070
:10FBE8005644D144641CE0B2E9B28842DED34046B0
:10FBF800BDE8F087F5E0F8B5044600266188656839
:10FC0800022908DB0322B1FBF2F202EB4202881A56
:10FC180001D00020F2BD491C88B2F2F7E0FED8B14D
:10FC28006188012912D12A784270012613E0F1B2C5
:10FC380001EB410115F8012B431C761C5A542F780F
:10FC48006A7807EB0223871CAD1C7B5261686288C7
:10FC58000A449542EBD30670F2BD2DE9F84F0646EB
:10FC68004FF0000877687588C146002401E07F1DC1
:10FC7800A41C7068718801448F421DD23878E41C36
:10FC8800002808F10108F2D1F8780837641DA0F1BE
:10FC980020010F2981BF18390229A8390229E8D87B
:10FCA800FFF7FBFD10FA84F18D42A2BF3F1804193B
:10FCB8008144DEDA002064E037460E2606FB08F4AD
:10FCC80000F061F85FEA00095AD07D6889F8008081
:10FCD80009EB040A002717E008784A7800EB0223AA
:10FCE80023818D1C0FE01BF8010B0AF80300D318C1
:10FCF8000846411E0028F6D1C4F80AA0E078FFF7AC
:10FD0800CCFD2D1882447F1CF8B25FFA88F1884236
:10FD180036D270434844441C0E2200212046F2F794
:10FD280060FE28782070691C0A784B78891C02EBE1
:10FD380003220028A4F80120CED111F8010BE070AD
:10FD48000A78487802EB0023881CA380017842785F
:10FD580001EB0223E380851CE078A0F120010F2944
:10FD680081BF18390229A8390229CCD85146FFF792
:10FD7800F4FD0122AB460146ADF800200023B7E7A9
:10FD88004846BDE8F28F641CE4B2A1441FFA89F02A
:10FD9800F2F725BE70B5446840880322B0FBF2F53F
:10FDA80005EB4501401A01D0002070BDE8B200F013
:10FDB80002FAA0B1057000210EE001EB410214F82F
:10FDC800013B8518491C6B70C9B22678637806EB2D
:10FDD8000325861CA41CB55202789142EDDB70BD48
:10FDE80000BF2DE9F0470646002571687488A846CB
:10FDF800002703E009EB0001C71980447068728886
:10FE0800024491420DD2887801F103094946FFF76F
:10FE1800A4FDFF1C6D1C10FA87F18C42EADA002061
:10FE280032E0C5EBC5077F1CFFB2B8441FFA88F063
:10FE3800F2F7D5FD5FEA000825D0716888F8005010
:10FE4800474400241BE0C0EBC0004044461C0A782D
:10FE5800487802EB0023338001F103098878B070F9
:10FE68004946FFF77AFD8246524649463846F2F738
:10FE7800C2FDC6F8037009EB0A015744641CE0B2DE
:10FE8800EAB29042DFD34046BDE8F08710B52FE0D4
:10FE980010B544680320F2F7A2FD30B121786278EA
:10FEA80001EB02230380A178817010BDF8B500F042
:10FEB80069F801D00020F2BD6D1EAD052D0E05EBD1
:10FEC800450000F066F888B100F056F80CE0237899
:10FED800667803EB062701EB4102831C491C9F52FD
:10FEE8000244A6781671E41CA942F0DBF2BD10B5F5
:10FEF80044680220F2F773FD18B121780170627826
:10FF0800427010BD38B5418844684D1EEDB2E81CFA
:10FF1800F2F765FD68B114F8011B017085700021C6
:10FF280004E014F8013B0244491CD370CAB2AA4247
:10FF3800F7DB32BD70B500F025F801D0002070BDA8
:10FF48006D1EAD052D0EA80000F023F898B100F045
:10FF580013F80EE02278637802EB0326821C22F85D
:10FF6800216000EB8102A3781371491CE678567171
:10FF7800241DA942EEDB70BD14F8011B0170457009
:10FF8800002170474468458805F1FF0010F0030F11
:10FF98007047801CF2F723BD2DE9F843054686B06B
:10FFA8006F693878C00000F008F95FEA000808BFF8
:10FFB800002052D0387888F80000002405E0862018
:10FFC80000E08F20641CB070E4B23878844238DADC
:10FFD80008F10101781C01EBC40630F814103180D7
:10FFE8007A1C2868818832F81420007D03ABFFF75B
:08FFF800FDFA0128E3D19DF898
:020000040001F9
:100000001300410605D46968C209C1F3C0018A42E0
:10001000D9D1C207D9D52968C00601F106090BD587
:10002000087DFFF70DFB030006D0012203A9484617
:1000300098470100CAD100E000200021B170059965
:1000400071609DF81210F170C0E700F0BDF900F08A
:10005000AFF843468288007DFEF738FEFFF7E6F8EA
:10006000012007B0BDE8F0832DE9F84F044684B0C5
:10007000E07A666902284FF0000907D1307800F075
:100080009EF85FEA000A18BFC8462DD1002071E033
:100090008620687039886980D94623E0B8789DF851
:1000A0000A10884240F081800398D4F800C00028EC
:1000B0006CD0BCF80410032904BF388800285CD138
:1000C000D7F8031002226846F4F7BEF82068007DD6
:1000D00011F0E4FD11F004FE2068017DBDF8000080
:1000E000F9F7ADFC08F1010831785FFA88F0884231
:1000F00023D25FFA88F2701CC2EBC2028718206814
:100100003A888188007D5FFA89F303EB43030AEBA9
:10011000030501ABFFF76EFA002809F1010BB7D018
:100120009DF80B006168C009C1F3C0018842B5D0D9
:1001300086206870D946398869808AF800909AF8D4
:10014000000028B900218AF8011001208AF8000077
:100150002068A17A029101220192811D636800F05A
:1001600027F853468288007DFEF732FE5046F2F7AC
:1001700050FC012005B0BDE8F08F9CF814003B4610
:1001800001AA0CF10601FFF764FC08E0D7F8033080
:100190009CF8140001AA0CF10601FFF785FC010090
:1001A000A0D068703888688076E78D216970F9E79B
:1001B000DB0803F0010383F001030093704700EBB9
:1001C0004000401CF2F70FBC2DE9F04F054687B008
:1001D000D5F8149099F80000FFF7F1FF4FF0000AEE
:1001E000D046060008BF00204DD000241DE028683E
:1001F00081883A88007DFFF701FC0FE09DF816002A
:10020000B978814240D19DF817108A073ED58906FA
:100210003ED406990029EAD0FFF7A3FBADF80C0005
:10022000641CBDF80C008244E4B299F800108C42C2
:1002300013DA09F10100C4EBC40287182868818829
:100240003A88007D04ABFFF7D5F90028D6D1862087
:1002500070704FF001083988718086F8008031781D
:10026000002940F0A4804446C4EBC404E4B20AEB85
:10027000040080B2F2F7B7FB5FEA000A0AD1304609
:10028000F2F7C7FB00209CE08D20E1E78820DFE744
:100290007E20DDE7CDF804900AEB040000278146BC
:1002A00004E0BDF80C007F1C8144FFB20198017886
:1002B0008F4271DA0199C7EBC7004A1C14180AEB88
:1002C000000B286881882288007D04ABFFF792F933
:1002D000002861D02088ABF80000CBF80390069886
:1002E00060B103AA04A94846FFF756FB2868811DA0
:1002F000007D234604AAFFF7ACFB10E0286803A9A1
:1003000000914B4681882288007DFFF78BFB28688F
:10031000D4F80330811D007D04AAFFF7C5FB01005E
:10032000BFD008EB4801721CB31C505408F10108FF
:10033000208858524FF0000B1EE00AF10301286894
:100340000B59811D007D6A46FFF7AEFB12E0DDF818
:100350000890B9F1000FF0D00AF1030001599DF89F
:100360000600FFF7FEFA02460AF10300015948466B
:10037000F2F745FB0BF1010B1FFA8BF0B8420BD2E1
:1003800028688188007DCBEBCB046B463AF80420CB
:10039000FFF730F90028DAD186F80080504631782E
:1003A00019B90022727001213170F2F732FB00F0AE
:1003B0000BF800F0A5F8FEF70BFD3046F2F729FB2D
:1003C000012007B0BDE8F08F2868A97A02910122C8
:1003D0000192811D6B6870472DE9F84304468AB08D
:1003E00067693888002503E0BDF80C006D1C401CCF
:1003F000ADF80C00E8B2B97888420CD2206804AAA3
:10040000009203AB81886268007DC2F3C002FFF7EF
:1004100089F90028E8D1E17A0C295FFA85F9E8B278
:1004200028D100EB4000FFF7B8FD06004FF00108AF
:1004300051D0E8B2C8B13988ADF80E10002700F0ED
:1004400069F868B107EB4700BDF8201032187F1C2F
:100450005180321D9DF82210115400F040F8EEDB5F
:1004600000F058F808B14FF0000800F03FF8FEF730
:10047000B6FE2DE015292ED18000FFF78EFD060077
:100480004FF0010827D0E8B2F0B13988ADF80E106E
:10049000002700F03FF890B106EB8700BDF8201070
:1004A0004180321D9DF8221002F827107F1C9DF814
:1004B000231001F00701417100F011F8E9DB00F0B1
:1004C00029F808B14FF0000800F010F8FEF7B1FE6F
:1004D0003046F2F79EFA01200BB0BDE8F083BDF87C
:1004E0000E00401C4F45ADF80E00704786F80080A6
:1004F00075702068A17A029101220192811D6368C2
:10050000DB0803F0010383F0010300933346828884
:10051000007D7047206807A900910DF10E03616806
:10052000C1F3C0028188007DFFF7FCB82DE9F841D6
:10053000064685B0776938780024A04606E008F1C1
:1005400001005FFA80F89DF80C00401C8DF80C004B
:100550007878804503DA00F03FF80028EFD108F101
:100560000300F2F740FA050008BF002031D0B8F1CF
:10057000000F12D0387807E09DF81200E919641CCA
:10058000C8709DF80C00401CE7B247458DF80C0080
:1005900003DA00F021F80028EED100F01DF8401E2B
:1005A0008041C00F28700122F17A6970AC70306808
:1005B000B17A02910192811D7368FFF7F9FD2B4614
:1005C0008288007DFEF7C2FDFEF7FEFB601E8041C3
:1005D000C00F06B0BDE8F081306804A9019103AAFC
:1005E00000927168F27AC1F3C0038188007DFFF741
:1005F0005CB80248007870472C7500204C1700202A
:10060000DFF8B01508707047C1694A78952A00D0A4
:10061000704710B5DFF8A015CA681378022B02BF27
:10062000807A0B78984202D1002414700C7010BDAF
:10063000F0B516468BB000F068F83178012906D184
:10064000B18900F8011BB289120A00F8012B0126BA
:10065000DFF864154A78049200F0A4F808AF00F0BF
:10066000A8F801239AE0F8B516468EB00446307813
:100670008DF820000D4608A8B1884170B288120A92
:100680008270F188C170F288120A02710DF12500A2
:10069000B16800F055F8F16800F052F80746307C78
:1006A00007F8010B3178CA0705D506F11101384664
:1006B00002F0E0FA08373078810706D5708B07F82A
:1006C000010B718B090A07F8011B012300F008F8E0
:1006D00000F00DF80323FFE700F02DF80FB0F0BD98
:1006E000DFF8D404417804914A1C4270704708A88E
:1006F000002107933F1A012003910291019100907C
:1007000008AEBFB2069605977047044630788DF85C
:1007100020000D4608A8B1884170B288120A8DF8F1
:100720002220F1888DF82310F188090A01710DF15A
:100730002500B16804E0192229462046FEF705BAD3
:1007400001700A0A0B0C090E42708370C170001D03
:100750007047F0B58BB0044610788DF820000D4638
:1007600008A891884170012693881B0A8DF82230D1
:1007700008AFD1888DF82310D188090A01710DF1D5
:1007800025009168FFF7DCFFDFF82C144A780A7027
:1007900000F008F8049200F00CF80623FFF7CBFFF6
:1007A0000BB0F0BD531C4B7008A9401A80B20590E5
:1007B00070470020039002900190079606970096DC
:1007C000704700002DE9F04FDFF8EC23DFF8EC4331
:1007D000D3686569D4F81090A3B01F78012F40F05A
:1007E00066818DF8041000279DF80420089103927B
:1007F000029010E002202070039FDFF8BC235068B5
:100800000168491C0160DFF8B8030368994280F071
:100810007C817F1C7FB20398874280F2A781DFF83A
:1008200098138B684E68DFF89C1309786288A0885B
:100830000F29E2D8DFE801F0090909091520293458
:1008400041474E585F656B82D7E702980FF28C33B1
:10085000C25D585C82422FD1DFF86803491C0170E9
:10086000CBE730680628C8D10298C15D61800522B7
:10087000DFF850030270C0E70299C85D42EA002227
:1008800062800621DFF83C03E9E73268122AB4D11E
:100890000298C15D19800722DFF828331A70ACE78F
:1008A00002991888CA5DC74940EA022018800820CA
:1008B00008701A88022AA0D0A0E03068521E904228
:1008C0009BD10921DEE70299C85DA0800A22BD49BB
:1008D0000A7092E7029AD15D40EA0120A0800B20C5
:1008E000B8490025087088E70298B64A10F80790C2
:1008F0000C21117081E70298C15D49EA01290D229E
:10090000B6E70299C85D49EA00490E22DFE7029A7C
:10091000D15DAC4A49EA01690F23A94913700A68FD
:100920003168511A494569D3002806D10021217048
:10093000E1803821A448F3F725FD5EE70028FCD1CB
:100940002078DFF8848218B1012800F0B58054E7E0
:100950009EA206A9D2E90030C1E900309DA204A8F8
:10096000D2E90062C0E90062E088382807D2029923
:10097000CA5D08F80020401CE0806D1C3DE708229D
:10098000404602F061FE98BB98F80C0003282FD176
:10099000B8F80E004FF6F771884204BF98F81200BD
:1009A000072825D118F074F8002800F08080342240
:1009B00009A9002018F097F8082204A909A802F054
:1009C00043FE002871D1D8F818600F98360B06EB5B
:1009D0001030801C4FEA003ACAF57F2AC4F808A0FC
:1009E000C4F80CA0761C4FEA1A3A4FF0000B14E042
:1009F0000020E08038214046F3F7C4FCC4F8109092
:100A000065619620B6E05FFA8AF018F09CF8FF283E
:100A10004BD00AF1010A0BF1010B5FFA8BF0F1B236
:100A20008842F0D3012018F08EF800283DD12C2206
:100A3000414616A8F3F708FC082204A916A8F3F704
:100A400003FCE168219100222292342316AA00219E
:100A5000012018F057F840BBA06800033823424635
:100A60000021000E18F04EF8F8B9A06802999DF820
:100A700004303830A060CA19C0F30B01DB1B00033F
:100A80009BB2000E18F03EF878B90398A168C71B16
:100A900079184948A1607D19406801687F1E7F1858
:100AA00007600120039F2070A7E618F004F8C4F83F
:100AB0001090656195205DE00898451917F0E8FFF2
:100AC000002821D0A668E268D8F81830DDF820C0E8
:100AD000300BB44403EB020EF445C6F30B0118D2FD
:100AE000029A9DF804303A44C0B218F00BF800287E
:100AF000DBD1A1680898039A41182F48A160521EC3
:100B0000406801685118016076E6D16802200870DB
:100B10002CE09E1B9619029AB3B23A44C0B217F069
:100B2000F1FF0028C1D1A0683018A060342322480A
:100B3000406801687618761E066009AAE7680021F9
:100B4000012017F0C2FF9DF835000B9E3F03FC28E3
:100B5000ABD00121009100220F9B4FF48051380E41
:100B600018F096F8B0423FF445AE9EE7C4F81090F6
:100B70006561002023B0BDE8F08F30B500220E4B38
:100B800002E0A4689C60521C8A4212DA0C2454438E
:100B900004442588192DF6D1A588012D06D0052DF0
:100BA000EFD0062D04BFA468DC60ECE7A4685C60AD
:100BB000E9E730BDF1760020C8730020506C0020BA
:100BC0009014002084140020186C00204343323617
:100BD000783252314F4144204E564D311EF1EE0BCA
:100BE0001CB5DFF8144C2064E17319200FF2F102F8
:100BF0001921FDF71BFF00210191009100236422C0
:100C00000FF6E91104F16400FAF79CFE606400F04D
:100C100040F80FF6E51104F18800FAF793FEA0649E
:100C200000F037F80FF6E11104F1AC00FAF78AFE94
:100C3000E06400F02EF80FF6F51104F1D000FAF799
:100C400081FE206500F025F80FF6ED1104F1F400A7
:100C5000FAF778FE606500F01CF80FF6E91104F56C
:100C60008C70FAF76FFEA0650023002001900090C1
:100C700041F288320FF6D91104F59E70FAF762FE40
:100C8000E06500F090FC00F06FFCBDE8134017F049
:100C9000F7BE002300200190009064227047F8B551
:100CA0000D4616463C21DFF8502B0446B6FBF1F703
:100CB000D7822846FAF770FE012804BF2846FAF7C3
:100CC00072FE3C2101FB17664FF47A7046433146B1
:100CD0002046FAF76AFE2846BDE8F240FAF75ABE07
:100CE0002DE9F04F89B00546FDF79CFE0024007DFC
:100CF00000F069FC01282FD1D5F800E0DFF8606B27
:100D00009EF814003178884202BF696801F0030040
:100D1000012808D1C1F38000002840F0C782C1F348
:100D2000C00008B98124C2E2DFF8387BE87A796A2A
:100D3000D7F82CA07A6BBB6BD7F830C0DFF8288BC4
:100D400058B102286CD0052800F0EA80072800F08E
:100D5000D581092800F05D8260E0298A891E082972
:100D600001D98024A3E2DFF8040B0178002955D0D3
:100D70009CF80000002851D1E968087891F80180BA
:100D800011F802CF91F8019011F802AF0CEB092C89
:100D900091F801900AEB092911F802AF91F801B01E
:100DA0000AEB0B2A91F802B0C9780AEB0B4A0AEB5E
:100DB000016A9EF81510E9B188B111881FFA8CF20A
:100DC0008A42CFD1012804DD19881FFA89F28A42AC
:100DD00023D1022803DDB86A01688A451DD000F0DE
:100DE000C7FCC0B2642290FBF2F2642101FB120046
:100DF000804512DB796B8DF800406A460888ADF8B3
:100E00000400B86B0188B86AADF806100168029159
:100E10002868811D3078FFF70BFC48E2012446E288
:100E2000288A0D2818BF01289BD19CF800000128B2
:100E3000F5D0EE6816F8010B8DF80400002860D19B
:100E40003478707804EB0020B41CADF808002678E4
:100E5000607806EB0020ADF80A0014F8026F6078A5
:100E600006EB0026A07806EB0046E07806EB00666D
:100E7000201D0396047890F801E004EB0E29847895
:100E8000C07809EB044404EB00600490BDF80A400C
:100E90001888844202BFBDF8080012889042C3D16E
:100EA000CAF8006000220498B8610A603A73012011
:100EB0008CF8000038462A68911D0C22F5F7CEF810
:100EC000082202A907F5B070F3F7BEF9F86B0288A3
:100ED000B86D414600F0D3FB2868C188ADF800101A
:100EE0000022ADF802206946F87BF2F7E7FD07F132
:100EF000F4042046FAF750FD012804BF2046FAF713
:100F000052FD0320F3F7AAF940B136210170002108
:100F10009DF804204270817000F0C6FBFF24C6E1FA
:100F20009CF800000128FAD1D5F80CE01EF8019BCE
:100F30008DF800900EF1010B9DF80000002807F1DC
:100F4000D00970D1288A0E28FFF60BAF9EF800C09A
:100F50009BF800000CEB0020ADF804000EF102003D
:100F600090F800E090F801B00EEB0B2EADF806E023
:100F700010F802BF90F801C00BEB0C2E90F802B0F5
:100F800090F803C00EEB0B4E0EEB0C6ECDF808E0A4
:100F900000F1040E9EF800B09EF801C00BEB0C208F
:100FA0009EF802B09EF803C000EB0B4000EB0C6013
:100FB00003909EF804008DF810000EF105000590D6
:100FC0001B88BDF80600984202BFBDF804001288D5
:100FD000904202BF0298DAF80020904227D103988D
:100FE000096888429BD14846FAF7DDFCB98A3C740F
:100FF0004FF6F7700140B98205989DF81010FFF781
:10100000E1FB5FEA0009386B55D10078022807D16F
:1010100000F051F98DF8184006AA2968891D55E09D
:10102000F86B028842E0972854D1288A0B287FF475
:1010300098AE9EF800109BF8000001EB00229EF88D
:1010400002109EF8030002EB014202EB00620EF177
:10105000040001920178427801EB02238178C27882
:1010600003EB014303EB0263029310F8041F407883
:1010700001EB002202980199ADF80C20401A0FD024
:101080003C744846FAF788FC012804BF4846FAF742
:101090008AFC029A0198121A786C07F16401ACE09C
:1010A000F86BBDF80C20028002F59672B86D4146CF
:1010B00000F0E5FAFBE00470002000F084FA00F094
:1010C000FAF88DF8189006AA2868811D3078FFF785
:1010D00040FBECE095285DD18CF80040002000F04A
:1010E00072FA3C744846FAF757FC012804BF484698
:1010F000FAF759FC952000F0EBF9D8E01188DFF8F9
:101100007067ADF800101888DAF8001034702E8A75
:10111000102E3FD1ED682E7895F801E01B8806EB84
:101120000E2E15F8026F95F8018006EB082815F8C9
:10113000026F95F8019095F803A006EB0929AE78A7
:1011400009EB064606EB0A692E1D357896F801A0D4
:1011500096F802B005EB0A2596F803A005EB0B45BF
:1011600005EB0A6506F1040A9AF800B09AF80160E6
:101170000BEB06269AF802B09AF803A006EB0B4692
:101180001FFA88FB06EB0A669B4502BF12881FFA0E
:101190008EF393427FF4E5AD9CF80020022A04D040
:1011A000032A0CD116F1010F29D04FF6FF7293429A
:1011B0001FBFBDF8003093421FFA8EFE9E4576D1C8
:1011C0001FFA88F393421EBF90421FFA88F28242B0
:1011D0006DD119F1010F1CBF11F1010F894566D1C5
:1011E000B86C16F1010F07F1880109D00022B54251
:1011F00038BF721B04238CF80030FFF750FD56E017
:1012000003228CF800204FF46162FFF748FD7C74E4
:101210004DE0288A0D2818BF0128BBD19CF800009A
:10122000012844D0EE6816F8010B00283FD1307831
:1012300096F801E01B8800EB0E2006F1020E9EF8E6
:1012400000609EF801801EF8029F9EF803B006EB36
:1012500008269EF8018009EB08289EF8029008EB0A
:1012600009481EF8049F08EB0B689EF801B009EBD3
:101270000B299EF802B09EF803E009EB0B49B6B2C9
:1012800009EB0E699E4202BF128880B290427FF441
:1012900068ADCAF80080C7F818900C6001218CF87E
:1012A00000102A68901D00F02CF900E083242046ED
:1012B00009B0BDE8F08F082201A907A8F2F7C4BF62
:1012C0002DE9F841DFF89C45207DC10785B04EF639
:1012D000602816D5E08A38B9206B017801290BD136
:1012E000204600F00EF907E0401EE0824246606CA6
:1012F00004F1640100F0C3F9A18A4FF6FE700140C9
:10130000A18204F5B076207DDFF8545581072BD5F6
:10131000E08A04F18807D8B9206B0078042807D048
:1013200003281CD1607C401C6074C0B2022803DD1D
:10133000002000F0CDF812E0002000F0A0F800F04E
:1013400099F8A06C4FF461623946FFF7A8FC06E0FB
:10135000401EE0824246A06C394600F090F9A18A16
:101360004FF6FD700140A182207DC10613D5226B8E
:10137000107858B90320F2F771FF38B136210170A7
:10138000012200234270837000F08EF9A18A4FF68B
:10139000EF700140A182207D010716D5207C401C02
:1013A0002074C0B20B2808DB952000F068F800F02C
:1013B00061F8952000F08CF802E0204600F0A1F8DA
:1013C000A18A4FF6F7700140A182207D410721D507
:1013D000226B1078C8B90021606B8DF800106A4646
:1013E0000188A06BADF804100188A06AADF8061062
:1013F0000168287802912146FFF71AF9606D42F2E0
:10140000107204F1F40100F03AF9A18A4FF6FB7072
:101410000140A182207D810607D5204600F071F8A9
:10142000A18A4FF6DF700140A182207D41061DD5C3
:101430004FF6FF71ADF80010ADF8021001204FF427
:101440008271ADF80410A0748DF8060004F16001FB
:10145000029100228DF80C2004926946E07BF2F79D
:1014600031FBA18A4FF6BF700140A182002006B077
:10147000BDE8F08128786A462146FFF76AB98DF801
:1014800000000822314601A8F2F7DEBE38B5DFF8C9
:101490006843A27C012A19D10178A9B9017999B1CF
:1014A0000222227204F59E7541882180427962727F
:1014B0002846FAF771FA012804D12846FAF773FA98
:1014C000002060730021A174012032BD002032BDD4
:1014D00010B50446DFF88C03026B0021117080699F
:1014E000A62814BF382801240320F2F7B7FE38B12C
:1014F00036210170447001228270BDE81040D3E0B3
:1015000010BD18B587B0044602208DF80000DFF842
:10151000E802416B0A88816BADF804200A88C16A31
:10152000ADF806200A68416A02920A6803920968C7
:101530008269531A202B34BF511A20218DF81010C4
:1015400041F28832C16B0B88ADF81A3000F1D0013E
:10155000006D00F094F8DFF8080300786A46214631
:10156000FFF781F808B010BD10B500F001F9A24CEA
:101570000121A173E169B0FBF1F201FB12000A182D
:10158000E06C04F1AC0100F07AF80120607341F2E4
:101590008832E06D04F59E7100F071F8DFF8D0122A
:1015A0000020087010BD10B5934C206AFF22042162
:1015B000F2F7B4FEA06B41F23421018045F278626B
:1015C000616B0A8010BD80B5DFF89422117829B9CB
:1015D00010700FF21111F1F7CAF901E0884201D140
:1015E000012002BD002002BD00000000DFF87402EF
:1015F000818A41F0010103E07F48818A41F00201C4
:101600008182006CF5F785B910B5964CA08A40F040
:101610000400A082A07B38B1E169E06CFAF7C5F95B
:1016200004F1AC00FAF7B6F924E000008D48818A95
:1016300041F00801E4E700008A48818A41F0100186
:10164000DEE700008748818A41F02001D8E70000EA
:1016500010B5694CA08A40F04000A082607B40B188
:10166000E06D41F28831FAF7A0F904F59E70FAF7BF
:1016700091F900BF206CBDE81040F5F74AB970B58C
:1016800004460D4616462846FAF786F9012804BF97
:101690002846FAF788F931462046FAF786F92846AF
:1016A000BDE87040FAF776B910B50446A17811B1DB
:1016B000012906D010E0607870B901214FF4FA607A
:1016C00008E0607818B9012000F05EF804E000211D
:1016D0004FF0FF3000F032F82046BDE81040F2F73E
:1016E000BEBD000038B505462020F2F751FB0400CE
:1016F0001CD034202070D5E90123C4E901232968D6
:101700008888A081891D04F10E000C22F4F7A6FC44
:101710002868017DA1766869E17AE0610B2904BF40
:101720002046FEF771FF2046F2F746FB686918B1C4
:10173000F2F795FD00206861002032BD78B599B0C0
:1017400004460D4668466421F2F71CFE0221454816
:10175000C07BADF8101001268DF858608DF85950F7
:101760008DF8086003946946F2F790F91AB070BDDD
:1017700010B5F7F765FC0446F7F762FC0006000CAD
:1017800050FA84F080B210BD80B501289AB01ED105
:1017900017F07EF901281ED134230DAA002117F07D
:1017A00094F934220DA96846F2F74EFDFE208DF81B
:1017B000100034236A460021012017F0A3F917F026
:1017C0007AF904F0FDFA2B4901200860FEE70428AD
:1017D00008BF17F01BFF1BB000BD2749486A411A1C
:1017E000080B090B090318BF401CC0B2401C0003C2
:1017F000C0F58010704700007814002030B5002339
:10180000184A05E0A468D46301E0A46894635B1CF3
:101810008B4224DA0C245C4304442588192DF6D12C
:10182000A588092DF3D8DFE805F0080B0E05110592
:1018300014170706EBE7E5E7E7E7A4681462E6E7B5
:10184000A4685462E3E7A4689462E0E7A468D46201
:10185000DDE7A4681463DAE7A4685463D7E730BD12
:10186000F27600207814002090150020F1760020F8
:10187000C87300207C052043000000001FB500F065
:10188000A6F84FF47A71B1FBF0F44C43684600F0CF
:10189000AFF80020012102908DF8001001946B46F2
:1018A00022460FF20D011F4800F040F81FBD000056
:1018B000F8B500F08FF81C4D0646A86886422CD07B
:1018C000371A00F084F878434FF47A71B0FBF1F4E2
:1018D00000F07DF8298847434FF47A707A18B7FBF7
:1018E000F0F100FB11218AB2B2F57A7F05DB0146E7
:1018F00092FBF1F1641C00FB112129806CB1E968B5
:10190000AE606418B4F57A7F06D36B68B4FBF0F16F
:10191000CB186B6000FB1144EC60F1BD02484068DD
:1019200070470000B06C0020A8730020F0B51C00C8
:1019300089B005460E46174605D10023F7F70CFA85
:10194000284609B0F0BD0823242200216846F7F795
:10195000E2F9A16806916B462278ADF810203A466C
:101960006068059031462846F7F7F6F9284609B031
:10197000F0BDF0B5140089B005460E46274F05D1DD
:101980003B460022F7F7CEF909B0F0BD0823242228
:1019900000216846F7F7BFF9A16806913B46227817
:1019A000ADF810206A466068059031462846F7F782
:1019B000B9F909B0F0BD00B581B000906846F7F7FD
:1019C000F0F901B000BDF7F7DDB9F4F772BD1448C6
:1019D00000687047F4F78BBDF4F7B4BE00B581B072
:1019E000F4F7C9FE401E8041C043C00F01B000BDE6
:1019F00000218160017041607047F4F7A1BEF4F7E7
:101A00009DBEF4F782BEF4F78CBE0549096800EB71
:101A10005100B0FBF1F0F5F7FFB9000030180020DD
:101A2000E803000010B50446607900F07F0001F083
:101A300048FE48B161782078F1F742FDE178A0785E
:101A4000BDE81040F1F73CBD10BDF8B50E46BD49EC
:101A500005460878F1F774FB0746307900F03F003F
:101A600078703978707960F3060139703278BA701D
:101A70006C78A40807D02046F2F7F0FB786150B1EB
:101A80002146F2F743FD6A6830793146BDE8F840F7
:101A900000F03F001047F1BD2DE9F14FAA48417811
:101AA00041F04001417084B04FF43071A748F2F723
:101AB00069FCA449002293460A700021A44A1078C8
:101AC000002568B90498049A0078A14B401C107056
:101AD00018700498049A00789E4B401C107018707F
:101AE000FF208DF802008DF8000000268DF8081008
:101AF000FFF7DEFE93480378102B80F202819648B0
:101B0000845D54B95FEA0B0006D09DF80820E9B265
:101B1000F1F75AFC4FF0000BEFE0701C1028BABF31
:101B20008E48875D00278E488E4910F806808E48C3
:101B300011F80690B0F829200123B3401A420CD0C6
:101B4000894AF1B2114408F03F004B7A03F03F0399
:101B5000984208BF4FF0010A01D04FF0000A062C4E
:101B600018D149464046F1F7ABFC01214046F1F758
:101B700008FC0020029002AA0121F0B2F1F7AEFBAE
:101B800048F0800B052500B1029D6E4801788DF864
:101B90000810B2E02146F0B201F0C0FD18B92046AD
:101BA00001F0F6FD60B1BBF1000F09D06548037884
:101BB0009DF80820E9B25846F1F706FC4FF0000BFB
:101BC0003E2CE6DA0C2212FB04F268481044039023
:101BD0000399087800281EBF65498858002814BF5B
:101BE000012100216148431C9B5C13F0030F29D0A5
:101BF0009DF805208DF8008064F306028DF805201D
:101C0000FF229DF805008DF8019000F0B3F806F072
:101C10003F0040EA83108DF804000006800F022880
:101C200004D18DF802208DF8022066E09DF80200B4
:101C3000FF2818BF0A2FF6D000295ED06846FFF7AC
:101C4000F1FE56E0FF270A2C18BF0D2C3AD19DF863
:101C5000051011F07F0F22D09DF805208DF802802D
:101C600002F07F020C214A4300EB02088DF803903A
:101C700098F8000000281CBFD8F80400002808D0FD
:101C80000A2C04BF6846FFF7CDFE69464046FFF7C1
:101C9000DCFE9DF8050000F080008DF805009DF841
:101CA00004008009022807D19DF804008DF8027015
:101CB00000F03F008DF8040000202949264B88558C
:101CC00098551AE09DF804208DF8008066F305020F
:101CD0008DF804208DF801908DF802709DF8052094
:101CE00064F306028DF805209DF8050000F042F827
:101CF00019B103986946FFF7A8FE761C102EFFF66F
:101D0000F7AE58469DF80820C3B223B10D4C237896
:101D1000E9B2F1F759FB0B49087840B90C48049B2C
:101D200001784A1E1A7000210A4A11700170F1F7F9
:101D300039FB0548417801F0BF01417005B0BDE8AD
:101D4000F08F0000E876002012750020705200200D
:101D5000D3130020D413002058730020597300209F
:101D60006873002078730020B80900009C0B000005
:101D7000A00B000000F07F0040EACA108DF80500BB
:101D800070470D012DE9D8410E46DFF83418804622
:101D9000087808B100F095FDDFF828180A7C904516
:101DA00062D2DFF8240800EB080494F848008008A9
:101DB000202804D14046BDE8D24117F03EBC00289F
:101DC00052D111F80870B80604D4324600F04EF82B
:101DD000002849D1647E002C46D0B806DFF8EC67B5
:101DE00028D5DFF8EC174888012202FA08F10842EA
:101DF0000BD016F80800C0F34102511E894100F0D3
:101E0000FE0040EAD17006F8080016F80800C0F39A
:101E10004101022905DC4108491C61F3420006F832
:101E20000800002116F8080000F0070006F8080076
:101E3000002016E001214046F3F775FF17F0060F6A
:101E400012D016F8080000F0F80040F0030006F881
:101E50000800BF0907F001012046F1F7F1FB00215E
:101E60000120BDE8D4418DE0BDE8D181012140468B
:101E7000FBF7A7BA2DE9F0418046DFF8480710F8D4
:101E8000087079077CD4DFF844C71CF80860C6F3F3
:101E90004100002874D0DFF838476388012101FA37
:101EA00008F100201FFA81FEC6F3410213EA0E0F6B
:101EB00014BF06F001010021F30811B1152B05DB59
:101EC00003E0042BD8BF022A00DD012000250842D0
:101ED00007D0032A1AD046F006060CF8086004253D
:101EE00016E0022A05DDE68816EA0E0F18BF032564
:101EF0000ED1002844D0012A05DDA08810EA0E0F7B
:101F000002D0022504E01AB1012501E0002837D0F3
:101F100011B900200CF80800BB0703D500220021EE
:101F2000FFF7A5FF28002BD045F010070024DFF8AD
:101F3000A4660EE048784246904208D191F82830D5
:101F4000D80604D50B6A13B1E1B2F8B29847641C05
:101F5000E4B231788C4207D22C23DFF87C2663432D
:101F6000D1180878C009E5D1012D03D10022FFF76F
:101F70007DFF28B929464046BDE8F041F3F7D3BEBE
:101F8000BDE8F0812DE9F84F4FF00008C146C24688
:101F90000025DFF838468DF801008DF800104BE081
:101FA000142801DA72073AD50023E3550021E8B27C
:101FB000F3F7B9FE33E0CA081F2A08DA9DF80000DB
:101FC00028B101F00701521C41EAC201E155E05D70
:101FD000C10724D55FEA09000CD1FBF790FADFF8BE
:101FE000FC158246087818B103F004FC40EA0A0A9E
:101FF0004FF001091FFA8AF010EA0B0F0FD1E15DD3
:10200000C80801F0FE01E155B107C9D57207C7D470
:102010000020E05500220021E8B2FBF7D2F9E8B237
:10202000FFF728FFE05DC0F3410020B116F0060F76
:1020300008BF08F101086D1CDFF888150A7CE8B2BA
:10204000904214D2EFB2CE5DE15DC1F341000028B1
:10205000F1D09DF801000028E1D0012000FA05FB35
:10206000B007A8D501F0070141F00801AEE75FFA1B
:1020700088F078B1DFF8684520780821F3F716FF7B
:1020800040B9207864220821F3F7E0FE0021C8203F
:1020900000F029FC5FFA88F0BDE8F28F38B5DFF870
:1020A00024450D46618A024609B9002032BDDFF899
:1020B000300500780A420AD064220421F3F7C6FEF4
:1020C0000120607429460020FFF75CFE04E0042133
:1020D000F3F7C0FE00206074012032BDF8B504465D
:1020E0000D46FFF7DBFF060018BF0126DFF8D474AA
:1020F00008E00120B040044203D02946F0B2FFF7C7
:1021000041FE761C397CF0B28842F2D3F1BD2DE954
:10211000F041FBF7F4F980460027DFF8C844DFF808
:10212000C854DFF8A0641DE0C80619D5218821EA4B
:102130000202228014E0E85DF15D020010D001226D
:10214000BA40CB07F0D512EA080118BF01214206B8
:1021500048BF81F0010181F00101C9B2F1F770FAC5
:102160007F1CFFB2307C8742E5DBBDE8F08108468A
:10217000FBF7FAB9DFF858341A2206211020F4F7D9
:102180000DB870B50246DFF83C04DFF84454845CB7
:10219000002041B110390BD043F6F176891B0BD0EA
:1021A000491E11D070BDE10710D4E00602D509E048
:1021B000E1070BD4022070BD2988012303FA02F243
:1021C000114203D0012070BDA818807A70BDF8B507
:1021D00005460520F2F742F804001CD001220FF258
:1021E0002C41F2F731F8661C0027F9B2601CC1EBF4
:1021F000C1017F1C415A2846FFF7C3FF06F8010BB7
:10220000F8B20428F1DB02210091052322460721C0
:102210002846F0F730FFF1BDF8B50546DFF8B0030A
:102220000024B0F808E00126AE40F343002946EA56
:102230000E0700EB050C44D1022A46DCFF2A03EA14
:102240000E042AD1DFF88013B1F833203240224344
:1022500002818488B1F82F201C40324014438480CE
:10226000B1F83120C4881C4032401443C480B1F816
:102270002D2044881C40324014434480B1F82B2068
:102280000488234016403343038005EB85028818F9
:10229000D0F84D118CF80A103FE0110007D10781EA
:1022A000C188828819401340C180838035E0022AAA
:1022B0000481F5D1C188828831431643C18086806C
:1022C0002BE0102914D1022A01DD8720F2BD012A5A
:1022D00006DC07818188C48819401C408180C48045
:1022E000022AC18819BF0B40C3800E43C68014E088
:1022F00044F20107B94212D111000CBF04210021A0
:10230000B04C675D07F0FB0739436155012A01882E
:1023100007BF0E4306800B400380012405E044F212
:102320000200814208BF8CF80A20FFF723FF1CB18E
:102330000021284600F011F82846FFF748FFA8487A
:10234000007847F230522021F3F780FDA74801883A
:1023500041F0100101800020F2BDF8B5024616469A
:102360009948304490F84840437EC4F3850523B132
:102370002DB1100008BF202D01D00020F2BD944FD8
:10238000012000FA02F2388992B212EA000C04F03D
:102390000304604618BF01204FF0000E8DF800E0E6
:1023A0008DF800005FEA000E08D0B7F800E012EAEE
:1023B0000E0EF44604D04FF0010C01E04FF0000C7B
:1023C0009DF800E00EF0FD0E4EEA4C0E8DF800E098
:1023D00050B1B7F800E002EA0E0EBEF1010C6CEB52
:1023E0000C0C4FEADC7C01E04FF0000C9DF800E0A3
:1023F0000EF0FB0E4EEA8C0E8DF800E0202D0CBF87
:10240000082500259DF800E00EF0F70E45EA0E05C0
:102410008DF80050032C18BF022C05D15D064CBF6F
:1024200023F0400343F04003002C14BF032C04248A
:102430009DF800504FEA931C05F0BF050CF0010C0D
:1024400045EA8C1505F0CF058DF80050D0B9B88855
:10245000104204BFF888104202D17888104000D0A2
:1024600001209DF8002042EA40128DF800209DF8DE
:102470000000420902F0010282F0010240EA02106B
:102480008DF80000584883559DF800204D4B9A5513
:1024900001B10C700120F2BD2DE9FC4101A8F3F758
:1024A00031FE4B4C23461A2206211020F3F733FE4F
:1024B000002638B900941A23002206211020F3F7D1
:1024C0008FFE00B31A212046F2F720F83E48B0F8FC
:1024D0002F10A180B0F83120E280B0F82D1061807B
:1024E000B0F833202281B0F82B102180002101EBBD
:1024F000810202446518D2F84D31AB72491C102993
:10250000F5DBFFF737FE00242E4FDFF8DC800DF1FE
:102510000501E0B2FFF721FF90B318F804008DF831
:102520000400611C3D5DE80709D41CB1280758BFB1
:10253000397407D5788A10B90122A2407A82280717
:10254000397400D4761C9DF8040000F03F00282860
:1025500013DA9DF805109DF80400F0F7D5FFAD09DA
:1025600005F001059DF8040085F00101F1F768F818
:102570009DF80400FAF782FF02E0002008F804004A
:10258000641C102CC3DBF6B2002E14BF0820002000
:102590001749184B0A78184C02F0F70210430870DC
:1025A00001201649164A08701268187821781043DD
:1025B000084303D0134801680A430260BDE8F38171
:1025C000EF7600207C720020B8090000887300209C
:1025D000C8710020E876002070520020E5760020C7
:1025E000D1130020FC700020EC700020BA7600208F
:1025F00012750020EF330020E4760020E9700020FF
:1026000000710020B8740020FAF7BCBF040000304D
:102610000000000010003000000000014020000019
:1026200000000240200000000001034970B517F0CF
:10263000AFF80446314801780A070BD5FF2221463E
:102640000020FFF794FD2E48007819224FF48051A6
:10265000F3F7FCFB00262B4D0BE02B48310600EB7B
:1026600011535968214003D01A7ADB68002098473B
:10267000761C2978F0B28842EFD370BD014623481A
:1026800017F088B8014622480278530703D5012085
:1026900000FA01F1F3E77047002900D17047F0B567
:1026A000184C25780C2D08DA174F07EB05166D1C12
:1026B000307071603272F360257060680143616050
:1026C000F0BD38B584B0F3F71EFE114D04462878EE
:1026D00041070ED4684617F025F8002102910391B6
:1026E0006A460C49094817F025F8287840F004009C
:1026F00028702046F3F72EFE05B030BD127500207D
:10270000D1130020B474002070650020746D002087
:10271000ED7600202D260100262017F00FB970B5A8
:102720004B4CF1F7F6FD207004F12C050220A0744B
:102730000F21484A21712970697004F166061078EA
:102740004549E0710A784548627000220178A1701D
:1027500001200121E172B071052121736073228192
:102760003F4988783F49A0730A783F482282017820
:102770003E4AE174002110782176207504F11C0195
:1027800000224FF6FE70C1E90022E0826083A0843F
:1027900004F13900364900F06DFA002068750F2108
:1027A000317003223348727004F16E030178324AAB
:1027B000317110783149F07001200A787271B0706F
:1027C000022200218920F3F749FD08B10020308161
:1027D000002001F03FFE0020708170BD704780B581
:1027E000E12918BFF12907D112F0300F04D0F1F719
:1027F00090FD00F00700801C02BD214908780028E8
:1028000000D0704780B500214FF6FF7001F095FCB5
:102810004FF0FF31012001F0EDFB4FF4DC71082097
:1028200001F0E8FB4FF47A71102001F0E3FB642122
:10283000202001F0DFFB4FF47A714FF4805001F05B
:10284000D9FBBDE808400F4A28213520F3F7C3BC67
:102850009C680020C51C0020C41C0020C31C002054
:10286000D8730020BE1C0020C11C0020C21C002008
:1028700020180020F9760020F8760020C61C0020E1
:10288000FD7600201470002010B5114C201D17F0AB
:10289000C1FA211D002017F09DFA206041F2883115
:1028A00017F0C1FA01462068BDE8104017F0B8BA29
:1028B00010B5074C206818B117F089FA0020206085
:1028C00010BD03480068002818BF17F07DBA704794
:1028D000B8730020C04A0146507800281CBF02206F
:1028E00001F02BBC704738B5044611B1BA4900203D
:1028F0008880200008BF64244FF40061B74D287819
:10290000F3F7D4FAA04209D200F083F928782246DE
:10291000BDE838404FF40061F3F798BA31BD0021AB
:102920000020E0E7F8B5AC48AD4F00218180C180C0
:102930000020F1F72BFDF1F78CFDAA480078002666
:102940000025062842F2107401DB0A280CD13878E1
:1029500081060CD5787800F00105400758BF49F68C
:10296000404485F0010602E006280DD00126012131
:102970002046FFF7B8FF15B1F1F758FD00B10EB1D1
:10298000F8F756FFFAF77CF83878797800F0DF002E
:10299000387001F0FE017970F1BD92480178052987
:1029A00007D9891F01290DD9891F09D0891E07D090
:1029B0000AE08B4B5878410706D44FF4E17004E0ED
:1029C000962002E0012000E064208349488070479F
:1029D0002DE9F04704462005814E7F4F40F1E2800B
:1029E000814AB9881078491C00B10021B980B888A3
:1029F00079888842C0F0D0807C4A1088002840F056
:102A0000CB807078317800F0DF0001F07F017070CA
:102A100041F0200131700120F1F7B8FC71490878CC
:102A2000062801DB0A2803D1F1F70BFD012400E0A1
:102A300000246A4D00F0EDF8F1F714FD48B97878FC
:102A400038B134B928780A224FF40061F3F7FEF95F
:102A5000BEE02878DFF89891DFF898A14FF4005194
:102A6000F1F772FA28780221F1F744FD0020F9F716
:102A7000D0FF002C4FF0000858D05F495F4A01207A
:102A8000087001211078F1F75FFAF0F78BFCFEF780
:102A90000FFFFEF743FF0446B8680022A04203D2AE
:102AA00004F17801B96001227178387801F0FE01F3
:102AB000114371700346DAF80010D9B14EF6602662
:102AC000B1FBF6F189B201B901213D2900DA08B95B
:102AD0000B460AE04AB10A28B4BF012105210818B3
:102AE000C1B2B529A8BFB4200346D9B24EF66020C2
:102AF00000FB01F83B700020FFF7ECFE4046F1F7C9
:102B0000C5FCFEF7D5FEFEF709FF041B08D02878A8
:102B10002021F1F7DBF900F075F80021B98038E0E9
:102B200028784FF40061F1F7D1F932E0DAF80000CB
:102B3000B0B128784021F3F7B9F95FEA000807D16E
:102B4000DAF8002028784021F3F780F9DAF80080DD
:102B50002B48804504D9317841F08001317080469E
:102B6000F0F720FC0120FFF7B5FE4046F1F78EFCA0
:102B7000FEF79EFE0020FFF7ADFE3078C00902D0C0
:102B80000121322018E028782021F1F79FF900F088
:102B900039F8FFF7C4FE03E000210020FFF7A3FE91
:102BA000012016E031788A060DD5C80909D001F058
:102BB0007F01317032200121FFF795FE6420B8803B
:102BC00006E0FFF7AFFE1CB101210020FFF78BFEEE
:102BD0000020BDE8F087000054740020D1130020CD
:102BE00012750020D0130020E9760020C476002062
:102BF000BA76002020750020681700206617002094
:102C0000002E9302B9F8000040F00400A9F800007B
:102C1000704728784FF40061F1F76CBC027A0B7AA8
:102C20009A420CD15AB1022A05D1008809888842FB
:102C300005D101207047032A08BF00F00CB800201E
:102C400070470A7A0272032A04BF0822F1F7FCBA1D
:102C50000B880380704710B5082210F8013B11F86B
:102C6000014BA34202D1521EF7D101E0002010BD5A
:102C7000012010BD0822F1F7E7BAAB0038B50446D1
:102C80000D46012100F03FF850B1012D09D100227D
:102C900001219DF80000FAF7FFFA0CB100F036F8B8
:102CA00031BD280002D100220021F2E7022DF7D128
:102CB00000220221EDE71CB5040022D000F022F82A
:102CC000F8B19DF80010DFF84C050144487AC0B116
:102CD00091F83800800814D19DF8000000220121ED
:102CE000FAF7DAFA9DF90000DFF82C3564214C433D
:102CF0000121814018782246C9B2F3F7A7F800F005
:102D000005F813BD00216846F2F7C3BC9DF800002A
:102D1000002100F075BCF8B507460D4614461E4666
:102D2000380018BF012F10D1012C0DD1DFF8EC14A1
:102D30000A78521CD3B243F69820072BA8BF41F261
:102D400088300A7000F065F971E0FFF7DBFF08B921
:102D50000120F2BD40F605318F4208BF012D04D19C
:102D60009DF80000002865D063E09DF80000DFF8C2
:102D7000A4140A1892F838108908062F0DD1022CD5
:102D80001CBF507A002850D09DF8000000F0C6FC0F
:102D900000284AD0002D4AD04BE0072F18D1507E92
:102DA000002842D092F8480080083ED1280018BF81
:102DB000102D07D044F201018D421CBF44F20200E5
:102DC000854236D1302E18BF202E30D08720F2BD5C
:102DD000DFF84C14095C142F09D1DFF8482410786F
:102DE00028B19DF80000002818BF052921D001B3A3
:102DF000012C16BF002C01200220002100E0491CFC
:102E0000DFF824341C78CAB2A24212D2CDB22C23ED
:102E1000DFF818245D432A449DF8003054789C4222
:102E2000EDD192F82810014201D18120F2BD00209D
:102E3000F2BD8620F2BD2DE9FF4705460C46174638
:102E40009846002103A8F2F724FC002871D02146FF
:102E50009DF80C000C9C002804BF40F605329542FA
:102E600014D1012955D1022F18BF8F2008D198F80D
:102E70000000812803DB00F07F00082801DB8720A9
:102E8000B6E000220021F9F757FEA7E00126122D37
:102E9000DFF89C9308D104B12680012FF5D100F012
:102EA000B0F818BF012028E0062D1CD19DF80C10A9
:102EB000DFF86003084490F838108908022F1CBF1F
:102EC000407A002804D09DF80C0000F027FC08B9D7
:102ED00081208DE004B12680012F10D100F091F8FF
:102EE00018BF012009E0072D13D104B12680012F5E
:102EF00006D19DF80C00FFF744F988F800006DE05A
:102F0000022F6BD198F800209DF80C00FFF784F990
:102F100064E09DF80C20DFF80803825C142D09D1D1
:102F2000DFF80063307828B19DF80C00002818BF46
:102F3000052A5CD0002A5AD04FF00009BA4E8A46C2
:102F400016E0022F12D19CF82800810757D50220E5
:102F50000294CDF8048000905346DCF824C02A4641
:102F600000215FFA89F0E047002837D109F1010913
:102F700031785FFA89F0884239D25FFA89F22C23DE
:102F8000AA485A4300EB020C9DF80C009CF8011073
:102F90008142EBD1012F01D03800D2D19CF828001A
:102FA000C107CED52A46002564B1BAF1000F18BF7B
:102FB000BAF11C0F04D0BAF1550F02D1042500E07C
:102FC000012525800294CDF8048000975346DCF853
:102FD000246000215FFA89F0B04708B1002007E0C3
:102FE000012F08BFBAF11C0F05D188F8000001209D
:102FF00004B0BDE8F087002CF9D02580F8E78820E0
:10300000F6E79DF90C00B9F80010864016EA0100B9
:10301000704780B5874908800121FFF764FCBDE84F
:10302000014038B58449087808B1FFF74AFC834A63
:10303000834C804D537820782988A9B143F0200330
:1030400053704FF47A720121F2F700FF207840218B
:10305000F2F72CFFE8B12A8890421AD22078BDE816
:1030600038404021F2F7F2BE03F0DF0353704021F5
:10307000F2F71CFFB0F57A7F05D920784FF47A7209
:103080004021F2F7E3FE2078BDE834400121F2F759
:10309000E1BE31BD2DE9FE4F6A4A1C7810444FF065
:1030A000060990F80AB0270018BF012706290CBFAF
:1030B0004FF001084FF000080C9D0B212846FF2619
:1030C000F1F724FAABF10C02032A4FF0FF0A4FF498
:1030D000407053D8DFE802F0021F1F3C042C20D8B8
:1030E000DFE804F01503060609000026022788E041
:1030F0000026002785E00020287085F801A0012126
:10310000A9704FF0080905270426E97079E0032724
:103110004FF0080930E081466CB3012C02D0042C3A
:103120000BD06CE0BBF10D0F0CBF0227052701206F
:10313000287019210526697063E0BBF10D0F0CBFE3
:103140000127042701202870042685F801A058E0F3
:10315000814684B1012C02D0042C03D04FE04B27D0
:103160000B2601E04B2709260120287085F801A0D5
:103170000021A97045E04727022642E0B8F1000F80
:1031800003D1012C18BF002C40D1BBF1010F05DC8D
:103190000026BBF1010F09D1022707E0ABF12000A7
:1031A0000E2803D24FF4A06906262F70B8F1000F45
:1031B00001D1012C23D1ABF10200042816D2BBF1BE
:1031C000040FB4BF0227062706264FF00809BBF1FB
:1031D000020F16BFBBF1040F002001202870192038
:1031E000687085F802A085F803A00AE0ABF106003C
:1031F000062804D20527B9460326A87001E0FF2E51
:1032000004D00198A0F80090029807703046BDE8FD
:10321000FE8F0000B8090000D2130020EC760020D9
:1032200058730020E7760020E876002070520020D6
:10323000B8760020C4760020EF76002012750020BA
:10324000D1130020C87100200246DFF8CC030078BB
:103250004021F2F7FBBD38B5DFF8C043257805F013
:10326000030545EA80052570491C607861F3460036
:1032700005F0FD05607045EA4305DFF89C332570D5
:1032800080211878BDE83840F2F7E0BD38B5491C18
:1032900004461546C9B2EFF77FFF002808D4C1B233
:1032A0002B464FF496722046FFF7D5FF012032BD22
:1032B000002032BDDFF8680370B508440C4690F872
:1032C0003860407A1546B0B1B108204600F026FAC1
:1032D00020B9B108204600F04BFA60B1DFF8440392
:1032E00002880121A140114018BF01212A46C9B21C
:1032F0002046EFF775FE012070BD2DE9FE4F044614
:10330000C948CA4D0078C44E88461746062818BFDB
:1033100007280FD0FF2C09D1307847F230522021F6
:10332000F2F794FD298841F008012980C04A1078FD
:1033300000280BD0DFF8FCA29AF8011030788A063A
:1033400005D541F288324021F2F780FD4DE1298810
:103350004FF6F7721140298004BF2021F2F77AFD61
:10336000FF2C0CBF00252546FE2CA6BF0F21019186
:103370000194FE2CA94E30788DF8008008BF850896
:1033800032D0FF2C1ED100F0030040EA850000F08F
:10339000FD0000F02CF9019A95420CBF012000209D
:1033A00001F0FE010143717016F046FDF1F796FE43
:1033B00040B9FEF7B3FA40F61161884202D39E4A43
:1033C0000020107087B99DF80080019C2F4605E011
:1033D0000022F9B24046FFF76DFF7F1CF8B284422D
:1033E000F6DA8DF8008001942C46DFF8509200E068
:1033F000641C0199E0B28142C0F2BB800F2800F347
:10340000B8808F490A5C002A18BF082AF0D0062A23
:103410001CBF3C2A202AEBD08A49737811F800801F
:10342000C3F3450000BB00252C27DFF80CC200E0E9
:103430006D1C9CF80010E8B2884280F089807843C7
:1034400009EB000191F800E00EF07F0E964501BFF8
:1034500009F1010E1EF800005FFA84FE7045E7D105
:1034600089784145E4D100E0451E6DB2002D6FD44E
:103470002C20684309EB0008C3F3450020B13078E5
:10348000810701D4C2071FD498F8040048B13178ED
:10349000880706D40121E8B2EFF77AFF98F80570A3
:1034A0008FBB307840F001003070D8F818305BB135
:1034B0004FF4FA70029002AA9DF80010E8B2984703
:1034C000002838D0029850BBD8F81C20002722B121
:1034D0009DF80010E8B29047074698F8040040B104
:1034E000681CC0B2EFF77EFF18B90021E8B2EFF711
:1034F0004FFF002F6FD03878002869D09DF80080EA
:103500004FF0000B5DE06420474301233A46E9B2E7
:10351000E0B2FFF7A0FE002107F5FA7063E0024673
:103520000023E9B2E0B2FFF796FE029800F5FA70C8
:10353000002180B257E0327802F0FE023270294654
:10354000520802F00102E0B2FFF7A0FE00284CD1C1
:10355000317801F00301317001F0FE01707800F064
:10356000810070703170C1077FF542AF00F0FE003E
:103570007070307800F0030000F039F89AF801001C
:1035800040F008008AF80100EFF70CFF244890F89B
:103590003610C80647BF00214FF4FA600021C8204A
:1035A00021E05FFA8BF10C22381D51434218CDF80F
:1035B00000805FFA8BF3E9B2E0B2EFF722FD0BF186
:1035C000010B39785FFA8BF08842EAD38DF80080DE
:1035D0003846F0F744FE00222946E0B2FFF756FED7
:1035E0000028B5D001E0FFF77EF9BDE8F78F307015
:1035F00000F0FE00717801F0810171703070704749
:103600000A4609490978072918BF062902D1014647
:1036100000204FE670470000D1130020C276002042
:10362000B8090000B8760020D0130020BA76002038
:10363000B21C002012750020E87600207052002095
:1036400058730020687300200300002013F0030F5C
:1036500009D0521E22BF13F8010B11F801CBB0EBB9
:103660000C00F3D0704711F0030F14D1121F22BFCA
:1036700053F8040B51F804CB6045F7D0121D0AD261
:1036800000BA9CFA8CFCB0EB0C0038BF6FF0000065
:1036900088BF01207047521E22BF13F8010B11F89A
:1036A00001CBB0EB0C00F6D0521C08BF104670479F
:1036B0000A281CBF06280D2801D1012070470020D0
:1036C0007047172818BF182810D01F2818BF1C28AB
:1036D0000CD01D2818BF262808D0272818BF282856
:1036E00004D032281CBF2E28332801D10120704776
:1036F00000207047152818BF16280BD01B2818BFAC
:103700001E2807D0222818BF2A2803D03B2818BF1C
:103710002C2801D1012070470020704780B50A0095
:1037200002D000F003F800B1012002BD70B50C29F1
:1037300018BF212916D0232918BF082912D03529EE
:1037400018BF37290ED0084A13788B4207D30E468C
:103750000C22064D5643AA191389DA0402D400F04C
:1037600007F800B1012062BDB3B900009C0B000056
:10377000192918BF1A2907D0142918BF362903D0D0
:10378000282918BF382901D101207047002070472F
:10379000202818BF03280CD0042818BF292808D0D7
:1037A000302818BF2B2804D02E281CBF3C282F28D7
:1037B00001D101207047002070470015F0B587B097
:1037C0000500002400204FF6FE76370016F0D5FBEA
:1037D000002801D011208AE0287F002818D0DFF8C7
:1037E0005C0B01780078400150EA810028776988F5
:1037F000FF2016F083FE00280AD001244FF6FF7741
:10380000E88A50F00400E882287F50F00100287711
:10381000688800F0CAFF002801D000206876A87EE2
:10382000002803D1DFF8180B0078A8762878000666
:1038300004D5287810F00300287009E0E87E0028FD
:1038400006D1DFF80C0C0178E9760178491C01708B
:10385000287E012809D1DFF8F80BC07A002804D1AE
:103860002878002801D1002028762878012807D15F
:1038700028690078022803D1E88A50F04000E882E5
:10388000A87D400601D4E4B2002C04A9280000F071
:10389000BEF80400380080B2B04200D16F88002C1E
:1038A00022D028788DF814000695688DADF81600A2
:1038B00005A8039095F82C000290E88A0190687D95
:1038C00000909DF81030DFF8880BC28A390089B269
:1038D000200000F044F805002800C0B2102804D1F0
:1038E0002000F0F7BCFC00E010252800C0B207B0B3
:1038F000F0BD10B58EB0040001A83421F0F742FDF0
:10390000A088ADF810006088ADF80E00207D8DF81D
:10391000200020690B90207F8DF80900208DADF8E4
:103920001400207E8DF80A00607E8DF80800608DFE
:10393000ADF8320094F82C008DF83400FF208DF89B
:1039400000008DF801005FF0FF308DF802000022CA
:10395000694601A816F09DFF00200EB010BD2DE9AC
:10396000F84F88B006000F00904699465FF0100AA5
:103970002420F0F773FC01900198002842D0149C99
:10398000139DDDF848B08DF80090ADF802805FF02F
:10399000000824210022DDF804904846F0F7BEFC20
:1039A000DFF8AC0A808C01994881BDF80200ADF8BF
:1039B0001C000220019908730220019908720198E5
:1039C00007809DF800000199C877019880F80DB034
:1039D00001980662ADF80E508DF810B01598D0E938
:1039E0000023CDE905238DF81E404146C9B201A848
:1039F00016F0DAFA012802D15FF0000A02E001981D
:103A0000F0F72DFC5046C0B209B0BDE8F08FF8B514
:103A100005000C0008206870687F002802D06878D4
:103A200008306870A87F002802D068780830687075
:103A3000287F002802D06878401C6870A879002888
:103A400006D06878297AC9B24900891C08186870BC
:103A5000287E002801D00E2600E00026DFF82C0A80
:103A6000007801280BD12878012808D0DFF8240A33
:103A70000078002803D0012085F8340002E00020FF
:103A800085F83400297D6878411871182170287EE6
:103A9000002807D0DFF8B809007B11F078FB217807
:103AA000401820702078752801DB002403E020787E
:103AB000F0F7D4FB0400002C54D0280000F054F898
:103AC000207080B2000A60706888A070688880B238
:103AD000000AE070A8882071A88880B2000A60718E
:103AE000A87EA071E87EE0710827687F002806D0D4
:103AF000296A3800C0B22044FFF7BCF80837A87F15
:103B0000002806D0696A3800C0B22044FFF7B2F836
:103B10000837A879002815D0287A3900C9B260542E
:103B20007F1C687A3900C9B260547F1C287A420031
:103B3000E9683800C0B22044F0F786FB287A4000DC
:103B400050FA87F7287F002804D0287F3900C9B2AF
:103B500060547F1C2A7D296968782044F6B230447D
:103B6000F0F772FB2000F2BD10B5040000F004FE77
:103B70002178C0B251EA8001607E800110F0C0005F
:103B80000143207F002801D0012000E0002051EAFD
:103B90000021207E51EA4021607F51EAC021A07FB0
:103BA00051EA0031A07951EA802194F8340051EAB9
:103BB0004031080080B210BD2DE9F04106000F0031
:103BC0001400012534210022A0464046F0F7A6FB50
:103BD0003800C0B2082801DA002094E0277030785D
:103BE0007178090251FA80F0210080B200F08DF85E
:103BF000002800D00025B078F1780902081860810B
:103C00003079717909020818A081B079A074F0792F
:103C1000E07408206070E079002805D060783044B6
:103C20006061607808306070207A002805D0607884
:103C30003044A061607808306070002084F8200073
:103C4000002060626079002805D06078305C607187
:103C50006078401C6070607F002834D0002060785D
:103C6000411C6170C0B2305C84F820006078411C57
:103C70006170C0B2305C84F8210094F8210094F89F
:103C8000201088421DD2DFF88808007894F82010B0
:103C9000884201D20C2701E094F82070DFF8748884
:103CA0003800C0B24200607806EB00014046F0F7F1
:103CB000CBFAC4F824806078FFB2790008186070ED
:103CC00001E00020607720786178884201D20020EE
:103CD00019E060783044A06221786078091A217771
:103CE000A07900280DD0207F0E382077A06A0E30F2
:103CF000A062DFF89C07007B11F049FA217F081AC7
:103D000020772800C0B2BDE8F08110F003028A706D
:103D1000C0F38302CA70C0F381120A71020092B22A
:103D2000521212F001028A71020092B2121212F0C3
:103D300001024A71020092B2921212F001024A7715
:103D4000020092B2D21212F00102CA71020092B2C3
:103D5000121312F001020A72020092B2521312F010
:103D6000010281F8312080B2800BC0B2704702009E
:103D700000209179002909D0DFF81417C97A0029A9
:103D80000ED1917800290BD1012009E0DFF800372E
:103D9000D97A002904D05189DA8A914200D00120D1
:103DA000C0B27047F8B506000D0014003078717885
:103DB000090251FA80F0210080B2FFF7A6FFB07827
:103DC000F1780902081860813079717909020818C0
:103DD000A081B079A074F079E07408206070E07977
:103DE000002805D0607830446061607808306070E9
:103DF000207A002805D060783044A06160780830CF
:103E000060706079002805D06078305C60716078FF
:103E1000401C60702000FFF7AAFF07003800C0B206
:103E2000002818D1A079002806D160783044A0621B
:103E300060782D1A25770EE0607830440E30A0624D
:103E4000DFF84C06007B11F0A2F961786D1AB5F12C
:103E50000E01081A20773800C0B2F2BD10B5DFF8A5
:103E600094492100E220F8F769FC200010BDDFF83A
:103E70002006C08A7047DFF81806408B704780B56F
:103E800001004A20F8F75AFC01BD10B5DFF884099B
:103E900004780178491C01702000C0B216F02CFA99
:103EA000002800D000242000C0B20028EED020005E
:103EB000C0B210BD2DE9F04706008A4691469846EB
:103EC000089D00240027514689B2300080B201F0DD
:103ED00047F900280CD12900C9B2002908D14A4667
:103EE000D2B2514689B2300080B201F077FA7FE059
:103EF00000282CD02900C9B2002908D04146C9B2F7
:103F0000002903D100210170012727E026E0414666
:103F1000C9B2002913D181785FFA89F919EB01013F
:103F200089B2490881708178002901D1012181700D
:103F30004178002903D1DFF8E01809784170DFF8F3
:103F4000DC1809788078814208D2012706E0280031
:103F5000C0B2012802D14046C0B20028EDB2012D06
:103F60002BD14046C0B2002803D04046C0B2EB2857
:103F700004D10020DFF8A81808701EE04046C0B247
:103F8000E1281AD04046C0B2F12816D04046C0B24F
:103F90001A2812D05FFA88F8B8F1190F0DD0DFF89F
:103FA00080080178491C01700178DFF82C2912780B
:103FB000914202D3012400210170FFB2002F03D1EE
:103FC0002000C0B2002813D0E4B2002C10D0300082
:103FD000DFF8BC14498B80B2884209D1310089B224
:103FE000012016F0BDFD01214FF4005000F0A5F8AE
:103FF000BDE8F08710B4DFF8E4281278002A4BD12E
:10400000C20707D5DFF884291160136A934201D1F2
:1040100000231362020708D5DFF870295160136A84
:10402000141DA34201D100231362C20609D5DFF893
:104030005C299160136A12F10804A34201D10023A4
:104040001362820609D5DFF84429D160136A12F1A0
:104050000C04A34201D100231362820709D5DFF8C3
:104060002C299161136A12F11804A34201D1002393
:104070001362420709D5DFF81429D161136A12F1DE
:104080001C04A34201D100231362C20404D54FF4DF
:104090007A72DFF8F8385A61400409D5DFF8EC0885
:1040A0000161016A10F11002914201D10021016207
:1040B00010BC7047C10703D5DFF8D008006830E0B6
:1040C000010703D5DFF8C40840682AE0C10603D51C
:1040D000DFF8B808806824E0810603D5DFF8AC0873
:1040E000C0681EE0C10403D5DFF8A008406918E0ED
:1040F000810703D5DFF89408806912E0410703D5F2
:10410000DFF88808C0690CE0410403D5DFF87C08BB
:10411000006906E010F4204F01D0002001E05FF0BC
:10412000FF307047002804D0DFF86018096A09687A
:104130000160DFF85808808C704738B50022DFF83E
:104140009C271278012A02D14CF6C0721040C9B2E5
:10415000002905D0DFF834188A8C1043888405E0E4
:10416000DFF828188A8C32EA00008884DFF81C48BF
:10417000A08C000406D501208DF80000694652206D
:10418000F8F7EAFA00F02BF8002807D120620121A5
:10419000DFF888090078F1F75DFE1FE0216A002949
:1041A00004D00168226A1268914217D02062206A06
:1041B0000068012806D10121DFF860090078EFF7D7
:1041C00085FE0BE0DFF8545901212878F1F742FE13
:1041D000206A026801212878F1F73AFE31BD81B0EA
:1041E0000020DFF8A827918C890464D4918C0904FD
:1041F00005D5918C490401D512F110005BE0918C3A
:10420000002958D05FF0FF3000906846DFF8CC16E8
:10421000097800294BD192F82410C90704D51168F8
:104220000368994200D2100092F82410090704D5BF
:1042300051680368994200D2101D92F82410C906F3
:1042400005D591680368994201D212F1080092F8ED
:104250002410890605D5D1680368994201D212F16C
:104260000C00918C490405D511690368994201D26B
:1042700012F11000918CC90405D551690368994267
:1042800001D212F1140092F82410890705D5916922
:104290000368994201D212F1180092F824104907DC
:1042A00005D5D1690368994201D212F11C00694613
:1042B000884200D1002001B0704710B50024644A44
:1042C00074212120F1F74EFF0A2801D154F0010496
:1042D00015F011FD0A2801D154F00204DFF80C1981
:1042E0000868002805D0086880470A2801D154F0E2
:1042F000080416F0B3F90A2801D154F0100410F0A4
:1043000010F80A2801D154F020042000C0B210BDDA
:1043100080B5FEF704FA4E4A74212120F1F75BFFC5
:1043200015F00EFDDFF82C190868002801D0086888
:10433000804716F0B5F910F055F801BDD31C0020E8
:1043400046AE020038B50024414D2A0074212120D8
:10435000F1F708FF002856D12B00742200212120FC
:10436000F1F77CFF00284ED1E88A4FF6FE718842B3
:1043700049D0012495F82600082803D095F8260096
:1043800004283DD101208DF8000069464220F8F74D
:10439000E3F915F12F014320F8F7DEF915F12C01AF
:1043A0004720F8F7D9F915F11C014A20F8F7D4F99C
:1043B00015F11A014B20F8F7CFF915F1240150201F
:1043C000F8F7CAF915F116015320F8F7C5F915F1F8
:1043D0002D015420F8F7C0F915F11801E120F8F784
:1043E000BBF9A87B000703D501208DF8000002E08F
:1043F00000208DF8000069465220F8F7ADF902E080
:10440000FEF78DF9002415F043FCDFF84C1808681E
:10441000002801D00868804716F07AF92000C0B261
:1044200032BD10B50400E00704D5094A74212120EB
:10443000F1F7D1FE200701D515F040FC600706D545
:10444000DFF818180868002801D00868804710BDF8
:104450009C68002078B585B004000D4880F8724053
:10446000DFF8FC57DFF8FC676A46317828000DF06A
:1044700011FB8DF812403278290068460DF0D7FA0A
:1044800029004520F8F768F906B070BDCE1C002061
:104490009C680020FB76002070B50600DFF87C5693
:1044A0004FF480612878F1F7D5FC0920DFF8701609
:1044B00081F826000020DFF8C4180870FFF7CEFC52
:1044C00001007069FEF7C7FB012820D11020EFF72B
:1044D0005FFC0400002C1AD002202070B06A4078E3
:1044E000B16A8978090208186080B06AC078607083
:1044F000B1694A20F8F730F9B079002803D10520D6
:10450000DFF8F018087021002878EFF764FC70BD20
:104510000A8702003472002038B5050002208DF8A9
:104520000100684600F015F90400002C3FD0206916
:104530000421017000214170297A012903D14178B9
:1045400051F020014170697A012903D1417851F07D
:1045500040014170A97A012904D1417851F08001CC
:10456000417001E00120A076687A012806D16868D0
:10457000002801D00120607768682062E87A01286D
:1045800001D10120E082288800F00FF9002803D033
:10459000E08A50F00400E0820120A077FFF75EFC83
:1045A000606228886080200001F0D3FC00E01020C9
:1045B000C0B232BDF8B584B005000E0000240E2153
:1045C00000226F463800EFF7A9FEB06A407810F07D
:1045D0001F0F04D0D32016F00AFB002057E08106FD
:1045E00002D501218DF80C10010602D501218DF8AC
:1045F0000B10400602D501208DF80A009DF80A0034
:10460000012804D1F079002805D0746903E0307ADC
:10461000002800D0B469002C04D021000DF1020064
:10462000FEF728FBB089ADF800009DF80A000128CC
:1046300028D1DFF800180878002802D0087801286F
:1046400004D1DFF8BC080078002818D008780028CA
:1046500015D0FFF710FCB18980B281420FD170896B
:1046600000F0A3F800280AD1002C0BD0FFF7F6FBCE
:1046700001000DF10200FEF7EEFA002802D1280039
:10468000C0B204E0684616F067FA2800C0B205B070
:10469000F0BD7FB504000D000E2100226E463000F3
:1046A000EFF73CFE6889ADF80000A86A4078810603
:1046B00002D501218DF80B10010602D501218DF8DC
:1046C0000A10400605D569690DF10200FEF7D2FA1D
:1046D00004E0A9690DF10200FEF7CCFA20798DF80B
:1046E0000C00684616F034FA7FBD18B58DB0040092
:1046F0002068807AC0071AD5206841894FF6FE707D
:104700000140206841816A4620680068C17F2068B6
:104710000068006AFFF746FB002808D10A98007875
:10472000042804D169462000FFF7B3FFFFE70EB06D
:1047300010BD010000200A00D2B2042A06D00A00EF
:10474000D2B20A2A02D0C9B2032900D10120C0B2D4
:10475000704710B5382101700121817001F02BFCE8
:104760000400002C06D0012020700120A077FFF764
:1047700075FB6062200010BDDFF8A403807C7047E9
:10478000DFF8AC1708707047DFF8A81701220A702D
:10479000020703D50A7852F002020A70800703D597
:1047A000087850F0040008707047020000200021D3
:1047B00092B24FF6F873D21A032A0BD9121F05D002
:1047C000521E05D0921E07D1012105E0042103E00D
:1047D000022101E00821FFE7DFF8582712780A429A
:1047E00001D0022003E0C9B2002900D00120C0B2EC
:1047F00070470000DC74002080B50178002906D1E4
:104800004168002903D040680BF06DF800E00020FB
:1048100002BD000004770020838B0200B41C00203E
:104820000677002010B4002100E0491C0A00D2B233
:10483000032A12DADFF800270B00DBB202EB830356
:104840005B880400A4B2A342EFD1DFF8F006007841
:10485000C9B202F82100C5203BE0002100E0491C5C
:104860000A00D2B2032A17DADFF8CC260B00DBB23B
:1048700002EB83035B884FF6FE74A342EFD10B007B
:10488000DBB202EB83035880DFF8B0060078C9B2D0
:1048900002F8210000201CE0002200E0521C110060
:1048A000C9B2032914DADFF890361100C9B213F83F
:1048B00021100029F2D11100C9B203EB8101488017
:1048C000DFF878060078D2B203F82200002000E07A
:1048D000C72010BC70470000BC1C0020FD760020E3
:1048E0007FB504000D001226200080B2002801D1FF
:1048F000002049E020008A49C98A80B288420AD152
:10490000FFF7ACFA01002800FEF7A5F9002801D155
:10491000012600E0002600208DF80000ADF80240DE
:10492000684615F0DBF800280CD001A815F046F811
:10493000012807D1012601A92800FEF78CF90028DB
:1049400000D000262900200080B200F014FC0100F5
:10495000C9B20A2901D101260BE0C0B2A02808D1B2
:104960002900200080B200F0F7FC200080B200F0A7
:1049700098FD3000C0B2012804D10021200080B28F
:1049800000F006F83000C0B204B070BD1470002012
:10499000704710B50400207A00280AD0A169A089C8
:1049A000FFF79EFF012804D1A089FFF73BFF0120FC
:1049B0000EE0E07900280AD061696089FFF790FF76
:1049C000012804D16089FFF72DFF012000E00020BD
:1049D00010BD7CB504000D00012605208DF80100F6
:1049E0006846FFF7B6FE00280ED0016903220A7060
:1049F00013224A708C70220092B2120ACA700D7192
:104A0000448001F0A6FA06003000C0B276BD2DE960
:104A1000FE4306000F0090461D005FF001090420D0
:104A20008DF801006846FFF794FE0400002C2DD09D
:104A3000EDB2002D08D00120A077A780207850F09B
:104A4000800020700020E07620690321017080F84A
:104A500001808770BFB23F0AC770300080B2FFF795
:104A6000A4FE00280BD101A9300080B214F0CAFFC7
:104A7000002804D00120607701A8206201E0002016
:104A800060776680200001F064FA81464846C0B233
:104A9000BDE8FE8370B504000D000126A06A4178D0
:104AA000A06A8078A26AD27812021218207F0428A5
:104AB00004D0D32016F09BF800202DE00800C0B2EF
:104AC000002802280AD9C01E07280AD90838012858
:104AD00006D9801E03D0401E03D003E003E002E0AD
:104AE00001E000E0002592B2C9B2608916F078F8C2
:104AF0006089FFF75AFE00280DD0A07C02280ADB4F
:104B0000A0890749C98A884205D0F6B2012E02D190
:104B10002800C0B200E0002070BD00000B7700202C
:104B20009C6800202DE9FE4305000F0090461E0002
:104B30005FF001090A208DF801003800C0B200289A
:104B400008D19DF801003100C9B2490051FA80F046
:104B50008DF801006846FFF7FCFD0400002C40D0F2
:104B6000206909210170401C0670017851EA471143
:104B7000017010F1010941464846FEF77BF819F132
:104B80000801FFB2002F17D100220A980EE013008F
:104B9000DBB230F813300B70491C1300DBB230F875
:104BA00013309BB21B0A0B70491C521C13003700B8
:104BB000DBB2FFB2BB42EAD30120A077FFF74EF988
:104BC000606201A9280080B214F01CFF002803D005
:104BD0000120607701A820626580200001F0B9F90A
:104BE00081464846C0B2BDE8FE830000B870002090
:104BF0002DE9F04705000E0017009946DFF8848480
:104C0000D8F80000002822D04846C0B240000E303C
:104C100080B2EFF7BDF80400002C18D0DDF820A01A
:104C2000D4202070658026713900601DFEF722F8BF
:104C300084F80D905FFA89F95FEA4902514614F150
:104C40000E00EFF701FB2000D8F800108847BDE800
:104C5000F0870000BC700020C0700020C4700020ED
:104C6000E8730020E01C00202DE9F84305000E0049
:104C700090461F005FF0010903208DF8010068468F
:104C8000FFF767FD0400002C1AD020690B2101708A
:104C9000401C80F80080401C07700120A077FFF7BF
:104CA000DDF8606201206077266265800120A076D1
:104CB0000020DFF840150870200001F04AF9814615
:104CC0004846C0B2BDE8F28370B5806A401C0578E2
:104CD000401C0478294A147001215120F1F77BFA15
:104CE0000120DFF810150870EDB2002D1BD1DFF8A0
:104CF0000C150878002808D1DFF8FC04097850F872
:104D000021104FF47A70414307E0DFF8EC04097892
:104D100050F821104EF660204143DFF8E40400789B
:104D2000B1FBF0F50AE0DFF8D004016A4EF660202E
:104D30004143DFF8CC040078B1FBF0F500214FF4DB
:104D40008040FFF7FAF90E4E02213078F1F782F831
:104D5000E0070AD529004FF48040FFF74BF9012105
:104D60004FF48040FFF7E9F906E0A00704D52A00D8
:104D700002213078F1F76CF870BD0000FB7600205E
:104D80000B77002070B401000022002327E01800F8
:104D9000C0B205FB00F504EB0500008B82181DE096
:104DA0001C25DFF860441800C0B26843205A4FF653
:104DB000FE76B04212D01800C0B268432044008B87
:104DC00000280BD00800C0B20028E0D01800C0B204
:104DD00005FB00F504EB0500002404835B1C1800B0
:104DE000DFF8B4452478C0B2A042D9D3100080B215
:104DF00070BC70476817002038B504000021DFF848
:104E0000A055286800E04068002805D002882300EB
:104E10009BB29A42F7D10121C9B2002908D10820DA
:104E2000EFF71CFA002803D004802968416028604D
:104E300031BD0000D61C00207CB50025DFF8606580
:104E4000306801E06D1C40680028FBD12800C0B22A
:104E50004000EFF703FA0400002C2AD0002130684C
:104E600006E002880B00DBB224F81320491C4068DE
:104E70000028F6D1DFF82C05B0F86E10C28A9142F6
:104E80000AD100942B00DBB210F139020021B0F8F6
:104E90006E00FFF7ADFE09E000942B00DBB210F1CD
:104EA00039020021B0F86E00FFF73CFE2000EFF75A
:104EB000D6F901F009F973BD10B5DFF8E4442068B4
:104EC00004E041682160EFF7CAF920680028F8D1B2
:104ED00010BD38B5DFF87C04848CDFF8C054298815
:104EE000818429005020F7F737FC2988200080B200
:104EF00000F0A6FA2A880121002000F003F831BD55
:104F0000C91C0020F8B504000D001600DFF80C766F
:104F1000386800280BD00620EEF73AFF002806D0AC
:104F2000D52101708470C570868039688847F1BDCD
:104F3000DE1C002003770020847400202FAC0200C8
:104F400010B500240AE0DFF8BC122200D2B21C2007
:104F5000424301EB020000F0D3F8641C2000DFF8AC
:104F600038140978C0B28842EDD300200EE0DFF893
:104F700004164FF6FE720300DBB201EB83035A8086
:104F800000220300DBB201F82320401C0100C9B25B
:104F90000329ECDB10BD70B4002200E0521C1300AA
:104FA000DFF8F4432478DBB2A3421ED21C23DFF8DF
:104FB000C8451500EDB25D43655B0600B6B2B5426B
:104FC000ECD11500EDB25D4325446D890E00B6B2FB
:104FD000B54205D00D004FF6FF76ADB2B542DDD13A
:104FE000D2B25A4304EB020000E0002070BC7047CC
:104FF00070B54FF6FF714FF6FE70FFF7CCFF00283B
:1050000025D100241CE01C257E4E2100C9B2694335
:105010003144897C002906D02100C9B2694331445A
:10502000497C00290BD12000C0B26843305A11F0EE
:10503000B6FB2000C0B205FB00F506EB0500641CC2
:105040002100DFF838251278C9B29142DBD370BD58
:1050500010B4002000220BE06A4B1400E4B21C21C3
:105060004C43195B4FF6FE73994200D0401C521C12
:105070001100DFF808351B78C9B29942ECD380B231
:1050800010BC70474875002038B504000D00290099
:1050900089B2200080B2FFF77EFF07E000F030F811
:1050A000290089B2200080B2FFF775FF0028F5D1F2
:1050B00031BD70B40022002101E0521C491C0B00DC
:1050C000DFF8D4422478DBB2A34216D21C23DFF8E7
:1050D000A8440D00EDB25D43655B4FF6FE76B54228
:1050E000ECD01500EDB20600ADB2B6B2B542E4D1D7
:1050F000C9B2594304EB010000E0002070BC7047C6
:1051000038B50400002C0BD01C21002225002800FB
:10511000EFF704F94FF6FE7020804FF6FF706081C4
:1051200031BD38B50400002512E01C2035492A00A5
:10513000D2B242430A44528923009BB29A4206D01B
:105140002A00D2B200FB02F00844FFF7D9FF6D1C21
:105150002800DFF828140978C0B28842E5D331BDB1
:1051600080B589B280B2FFF716FF002801D0103059
:1051700000E0002002BD2DE9F84304000D000026E8
:105180005FF0000926E01C27DFF878804846C0B2AF
:1051900078434044801C14F011FC002818D0484685
:1051A000C0B2784338F80000210089B2884201D1AA
:1051B00056F00A0629004846C0B207FB00F708EB84
:1051C0000700801CFDF747FD002801D056F0A0061F
:1051D00019F101094846DFF8A4130978C0B28842E2
:1051E00003D23000C0B20028CDD03000C0B2BDE83C
:1051F000F28300000577002080130000CD1C002002
:10520000CC1C0020106900202DE9F84F04000D008F
:1052100016005FF0000A0021012701224FF6FE79F7
:10522000C8460BE0EFF775F8C0B25FFA8AFA90FB58
:10523000FAF10AFB11015FF0000A00223800C0B247
:10524000002800F08480002306E01800C0B20CFBA8
:1052500000FC3EF80C805B1C1800DFF83CC19CF899
:1052600000C0C0B260455AD25FF01C0CDFF808E302
:105270001800C0B20CFB00F03EF800004845EAD030
:105280001800C0B20CFB00F03EF80000A3461FFA65
:105290008BFB5845DFD01800C0B20CFB00F03EF885
:1052A0000000AB461FFA8BFB5845D4D01800C0B2A3
:1052B0000CFB00F03EF80000B3461FFA8BFB58458C
:1052C000C9D01800C0B20CFB00F07044407C00282C
:1052D000C1D01800C0B20CFB00F07044407C08281C
:1052E000B9DA1800C0B20CFB00F07044407C07280B
:1052F000ABD01000C0B2012802D11AF1010AAAE70E
:105300001AF1010A50468B46C0B25FFA8BFB584532
:10531000A1D3DBB20CFB03F33EF8030018E05046C8
:10532000C0B200280AD00800C0B2002806D15046FA
:10533000C0B201287FF476AF01217CE7404680B2FD
:10534000484501D1002779E7404680B200E0484651
:10535000BDE8F28F9C6800202DE9F04104000D00AB
:10536000002600E0761C30000B490978C0B2884264
:1053700010D21C27DFF8008229003000C0B2784329
:105380004044801CFDF767FC0028EBD0F6B27E435A
:1053900028F80640BDE8F08113800200CA7600209C
:1053A000847500209C680020010007200A00D2B20A
:1053B0000D2A01DB01200FE00A00D2B2072A01DB2F
:1053C000032009E00A00D2B2032A01DB052003E032
:1053D000C9B2002900D10020C0B270472DE9F041C8
:1053E00006000F001500FFF703FE0400002C25D077
:1053F0001C210022A0464046EEF790FF26806781E0
:105400002800C0B2002801D0A57401E00120A074DA
:10541000DFF86C0190F86C00012805D12800C0B2BB
:10542000FFF7C2FF607401E007206074DFF84001FD
:105430000078401C022190FBF1F02074BDE8F0815F
:1054400070B504000E00002523E02A00D2B24243CA
:105450000A44528933009BB29A4219D02A00D2B230
:1054600000FB02F00844FFF74BFE11E01C20DFF8C0
:1054700008112A00D2B242430A44528923009BB247
:105480009A42E2D12A00D2B200FB02F008444681DF
:105490006D1C2800DFF8E4100978C0B28842E5D31B
:1054A00070BDF8B5040000252AE01C26DFF8C8709E
:1054B0002800C0B27043385A210089B288420DD00A
:1054C00020004FF6FF7180B2884218D12800C0B288
:1054D0007043385A4FF6FE71884210D02800C0B28F
:1054E00070433844801C14F069FA002807D1280062
:1054F000C0B206FB00F607EB0600FFF701FE6D1CCD
:105500002800DFF878100978C0B28842CDD3F1BD09
:1055100080B54FF6FF70FFF7C4FF01BD4C7500204A
:105520003EB50400082100226D462800EEF7F6FE85
:1055300069462000FDF78FFB012801D1002000E023
:1055400001203EBD10B51C0023009BB23A2B03D0B6
:1055500023009BB23B2B09D113000A0092B2010039
:1055600089B2200080B2F0F779FE00E00A2010BD79
:10557000828B0200847400201069002013800200D6
:105580009C6800202DE9F04F2C25DFF80C6868435B
:1055900087B09046301800F1080299460292002424
:1055A000029B9A7843780393C2F3C207C2F3801236
:1055B00002BB40698A46012110F80A308DF800309C
:1055C0001846EDF7F2FF0298C1789DF80000C1F38C
:1055D0008001EDF765FF02980178090915FB01F5D7
:1055E0007619327802F07F023C2A03D1B07AC0F3F8
:1055F000801008B90020F1E070698DF802A08DF8E4
:105600000180CDF818900597019600250490DFF8E9
:105610008CB701E06D1CEDB20198417A01F00F01E9
:105620008D4280F2B8800498475D07F03F01282939
:10563000AFBF4FF0000A012007F01F0100FA01FA86
:10564000BF0007F0FC0707F1804707F501276FEA65
:105650000A093E680198C07A26F4C04610F003009B
:1056600018BF032804D0012805D146F4804606E07F
:1056700046F4C04603E0022808BF46F40056F0F79F
:1056800042FE07F10108310A88F8001046F0005682
:10569000F0F760FE58460246016C09EA0109C2F8BB
:1056A0004090F0F730FE00F09CF8FA1C8CF80030C7
:1056B000310E1170F0F74EFE0A2000F08DFB5846B7
:1056C000016B1AEA0101894618BF4FF001090198E0
:1056D000C07826F4C04600281CBF0328042802D145
:1056E00046F4C04608E0012808BF46F4804603D0CF
:1056F000022808BF46F40056F0F705FE310A88F884
:10570000001026F06056F0F725FEDBF840004AEA6C
:105710000000CBF84000F0F7F6FD00F062F88CF8DE
:105720000030360E07F8036FF0F714FE0198C17AC7
:10573000C1F38000002814BFCBF800A0CBF810A064
:105740000198C17A890801F001015FFA89F0884265
:105750007FF460AF039805999DF8022002FB0101D8
:10576000DFF83C0603786918C9B2994204DADFF819
:1057700034260A44507E18B9A1F11002102A03D22F
:105780000698E2B2641C81549DF8010018B9E0B299
:105790000328FFF63FAF9DF800000021EDF705FF5D
:1057A0000298C1789DF80000C90801F0010181F05C
:1057B0000101EDF745FF9DF8000000F03F002828AB
:1057C000A8BF002006DA9DF80000012100F01F00AC
:1057D00001FA00F0DFF8D0150860E0B207B0BDE8CC
:1057E000F08F00213970320A07F1020C88F800208E
:1057F000330C70472DE9FE4FF0F785FD00278046FA
:1058000000244FF00109DFF890A5DFF8A0B500E013
:10581000641C9BF80010E0B2884255D2E1B22C2003
:1058200041431AF8012002F07F023C2AF0D10AEB32
:10583000010000F10806B178C1F380110029E7D119
:1058400007E0CAB2B218491C92F9042009FA02F220
:1058500017437278CBB2B3EB121FF2D302F00F02F0
:10586000727000254069019009E01DF9011009FAE4
:1058700001F10F43521CD1B28142F6DB6D1C7178ED
:1058800001F00F01E8B2884207D26B460022E9B26C
:10589000E0B2FFF777FE0022EDE701980021727871
:1058A00002F00F029142B3DA425C02F03F03282B70
:1058B000BABF02F01F0209FA02F20022DFF8E83450
:1058C000491C1A60C9B2EAE74046F0F743FD384682
:1058D000BDE8FE8FF8B5DFF8D4442578AA42134618
:1058E00032D21F462C22DFF8B0645743F41904F17A
:1058F0000802656900240026012716E015F806C095
:105900000CF03F0EBEF1280FBABF0CF01F0C07FAC7
:105910000CFC4FF0000C30B91CEA010F1CBF07FA59
:1059200006FC4CEA0404761CF6B292F801C00CF0B6
:105930000F0C6645E2DBE0B230B1E1B21846BDE8DB
:10594000F8402822EDF782BCF1BD2DE9FE4F0C4650
:105950002C235C430194DFF84084019B08F1080488
:1059600001281C444FF0010A5ED10025DFF8407485
:105970008DF80110ADF802204FE0BDF802100AFAD0
:1059800005F2114248D0019808F108030021185C83
:105990008DF8001000F00F09F0F7B5FC06469DF8F1
:1059A00001006B460122E9B2FFF7ECFD8346304669
:1059B000F0F7D0FCBBF1000F2ED049462C2208F1A5
:1059C000080051434618EEF74BFC7178090903298A
:1059D0001BDADFF8CC239DF800101378994206D229
:1059E0009DF9002039880AFA02F211433980717852
:1059F00006EB11129DF800101171717801F00F0281
:105A00000909491C42EA01127270EEF734FC28229F
:105A100001214846EDF727FC6D1C617801F00F016C
:105A2000E8B28842A9D329E040BBD00726D5EEF7DB
:105A300017FC07466078050900F00F00607004D07D
:105A40002A46211D6846EEF7FFFB3846EEF713FCA9
:105A5000002400270BE00AFA00F0044306E01DF8DA
:105A600007001028F7DB0121F0F75DF97F1CAF423A
:105A7000F5DBA0B210B10021FCF730FBBDE8F78FD9
:105A8000F8B50F46144606466A460121EDF726FC96
:105A9000012528B1032000F00EF801F00100387054
:105AA0006A4602213046EDF719FC10B1042000F0DF
:105AB00002F8E8B2F2BD9DF800100A0606D501F022
:105AC0003F03282B02DAEAB26D1CA1540099090A9F
:105AD000401E0091EFD170472DE9FF47FF25814619
:105AE00000240027AA460026DFF8B882F0B240441E
:105AF000417A0A0042D090F8380080083C283DD115
:105B00008DF8041001AA6946F0B2FFF7B9FF01460B
:105B10009DF8000010B9B2460F4630E05FFA8AF0F7
:105B2000FF282CD057B3080028D079430022C9B2EF
:105B3000002315E008EB0C00407E80B108EB0C0060
:105B400090F8480080080AD1D9F800004FF0010E03
:105B50000EFA0CFC4CEA0000C9F80000521C5B1C59
:105B6000D8B2884209DA03EB0A005FFA80FCBCF184
:105B7000100FDFDBBCF1200FE6DB1419AA46761C00
:105B8000F0B21028B2DBE0B204B0BDE8F0872DE936
:105B9000F04F85B00A784978DFF8FC818DF8011064
:105BA0002C2782490B789DF801507B4308EB0304B6
:105BB00042F08002E57000238DF808208DF8003057
:105BC00002AA0D786946FFF75BFF01469DF80000C9
:105BD000012815D1754A1078002800F0DA80451E9A
:105BE000E8B2784318F8002002F07F023C2A01BF97
:105BF00008F10A02105CC0F38010002840F0C98050
:105C00006C48D4F814B020629DF80020012A03D11A
:105C100069480278521C02709DF80000A27A60F375
:105C20008612A2720020627A61F30302627202AAF3
:105C300003E0135C0BF80030401C8842F9DB9DF850
:105C40000100032818BF022807D1E07A00F0FC0009
:105C500040F00200E072012006E0E07A00F0FC0073
:105C600040F00100E07200208DF80200E07A9DF81B
:105C7000022000F0FB0040EA8200E0729DF8012063
:105C8000022A16BF032A0122002200F0F70040EA90
:105C9000C200E072EAB27A4342449DF8000002F189
:105CA000080640B9207A65F303002072B07861F3EA
:105CB0000200B07010E005F00F0040EA05102072FD
:105CC000B07861F3C500B07038483178027801F0DF
:105CD0000F0141EA021131709DF80000012854D1F2
:105CE000E8B217FB00F708EB0700049000210498C6
:105CF0004769F078C00800F0010080F0010801A8B1
:105D0000894601601BE017F800A00498C17850464E
:105D1000EDF7FAFB41465046EDF792FC0AF03F00E2
:105D20002828BDBF01200AF01F0100FA01FA4FF038
:105D3000000A01984AEA0000019009F1010971780E
:105D400001F00F015FFA89F08842DCD3019828B195
:105D500001461A4BEAB20020FCF79EFC9DF8015068
:105D60009DF8026000270AE01BF8008029464046A3
:105D7000EDF7A6FB31464046EDF792FB7F1C617ABA
:105D800001F00F01F8B28842EED308480178491CAF
:105D9000017005B0BDE8F08F7052002090200240E5
:105DA0008C720020B8090000E0200260E876002034
:105DB000FC7000204B590100E5760020D558010009
:105DC000EFF3108072B67047EFF3108062B6704741
:105DD0000138FDD17047704780B514F009FF0022EB
:105DE000064BECF729FA0022054BECF725FA14F0E4
:105DF0000DFFBDE80240401EFFF7EABF000048402B
:105E00000000D03F10B5044603E04FF47A70FFF76E
:105E1000E3FF2046441E80B20028F6D110BD0805DD
:105E200038B584B000F05DF80024C00748BF0124F5
:105E3000434A01215520F0F795F920B920001CBFF5
:105E40000020F4F758FD3F49E220F6F777FC2046A2
:105E500000F01FF86846002100220023002580E89A
:105E60002E006A4610216220F0F77CF930B920003C
:105E700004D06A4610216220F0F7ADF920460EF0FA
:105E80004EFD1CB10121002000F03AF8002005B0C1
:105E900030BD2DE9F0412C4B0122044600251A703B
:105EA00017E033463A4600214046F0F7D7F90EE0B6
:105EB0004E684F88804632463946F0F753F930B97C
:105EC0002000EED0324639464046F0F784F96D1C8A
:105ED000EDB21E4901EBC50108880028E8D1BDE8F4
:105EE000F08180B500208DF800006A460121032072
:105EF000F0F738F908B900F01DF89DF8000002BD70
:105F000038B5054600208DF800000C4600F012F868
:105F100001000ED19DF80000FF2D0EBF044384F058
:105F2000FF0404408DF800406A4601210320F0F789
:105F300052F932BD6B46012200210320F0F78EB9E1
:105F4000AE06002020180020FF7600204818000030
:105F5000704738B50400DFF83C0690F82610082991
:105F60000CD090F82610042908D0217811F00301F4
:105F7000012919D121690978062915D161884FF6BF
:105F8000FE72914210D06188C08A814202D1207F86
:105F9000002804D02000FDF711FC050005E02000DA
:105FA000FDF7A7FC050000E0C2252000EEF757F939
:105FB0002800C0B232BDF8B505002878697851FADA
:105FC00080F080B2EEF74AF90400002C16D02600CB
:105FD0002978002237003800EEF7A0F94FF6FE705E
:105FE0007080FDF744FFB0802878204430616878E5
:105FF0003075FDF74AFF7075A87830762000F2BD45
:10600000F0B587B006000D00DFF8884594F826004B
:10601000042803D094F82600082801D1C2201BE0F0
:10602000A66284F82E501C2100226F463800EEF73D
:1060300075F900968DF8055001208DF804000020B8
:106040008DF80700022084F826000020DFF84815AC
:1060500008706846F6F7E6FB07B0F0BD30B587B0CC
:106060000400DFF838552868002829D10820EEF709
:10607000F5F828602868002820D020682968086082
:10608000207929680871607929684871A0792968A0
:1060900088711C2100226D462800EEF73FF9206828
:1060A000009020798DF8050060798DF804000020BB
:1060B0008DF807006846F6F7B5FB02E0102000E017
:1060C0000120C0B207B030BD10B5DFF8D044206861
:1060D000002804D02068EEF7C2F8002020600BF002
:1060E00099FCFEF7E9FE10BD2DE9F04387B00600EC
:1060F0000C001700984611980025C0B2002817D050
:106100005FF00109129D01E05FF000094846C0B24E
:1061100000280DD0280080B24FF6F871884203DACB
:10612000280080B20028EFD1EEF7F3F80500EDE784
:106130000E9A1000C0B20F2804D10F990800C0B207
:106140000F2801D0C12061E01098DFF84894C9F809
:10615000287089F82E8089F82C2089F82D1089F86C
:106160002F004FF6FF703100020089B291420DD12D
:10617000DFF82C140A88824204D1EEF7CAF8A9F895
:10618000240005E00888A9F8240001E0A9F82460AB
:10619000002C09D02000FFF7C3F9012804D1210009
:1061A00019F13900FCF766FD19F139042000FFF7F9
:1061B000B7F9002803D12100E220F6F7BFFAA9F8C9
:1061C00016500020A9F81A00002089F838000F2086
:1061D00089F82C000F2089F82D00052089F8260069
:1061E0001C2100226C462000EEF798F800208DF864
:1061F0000400D9F82800009099F82E008DF80500C9
:1062000000208DF807006846F6F70CFB07B0BDE8E4
:10621000F0830120DFF87C1381F82600704780B5F9
:106220000122C9B200F007F802BD80B50022C9B250
:1062300000F001F802BD2DE9FC4105000E0090467A
:10624000DFF850733200D2B2B98C28000BF09EFBFD
:106250000400002C01D1CA208EE020894FF6FE7187
:10626000884201D1C32087E0FDF701FE218980B279
:10627000814201D1C2207FE0B88C2188884201D0C0
:106280002088B884B88CFEF74CFFE07A401C87F871
:106290003800290017F13900FCF7ECFC02208DF8DA
:1062A00001006846FEF755FA0500002D5DD028690B
:1062B00006210170401CB97B0170401C0120A877A9
:1062C000FDF7CCFD68620120A8764020E882208995
:1062D000688085F818802800FFF73BFE050028003D
:1062E000C0B2002842D10020092087F8260020896A
:1062F0007883387E3100C9B2884200D03E7617F1EB
:106300001A014B20F6F728FA17F124015020F6F76E
:1063100023FA17F11801E120F6F71EFA17F116011A
:106320005320F6F719FA01210820FDF706FF002196
:106330004FF40050FDF701FFDFF868424FF4806131
:106340002078EFF787FDDFF860020078012802D19E
:106350004FF4DC6203E00820FDF7ACFE82004FF44E
:1063600080612078EFF772FD00E010250020DFF853
:106370003C1208702800C0B2BDE8F6812DE9F24158
:1063800087B0070015001E00824C94F826000428F0
:1063900003D094F82600082801D1C2204EE0BDF8B1
:1063A00038004FF6FE71884201D1C32046E01C211F
:1063B0000022E8464046EDF7B1FF032084F82600AE
:1063C00007A95020F6F7C8F90EA94B20F6F7C4F933
:1063D000BDF81C00A0842576BDF838006083A67344
:1063E000390014F13900FCF745FC16F0CE0656F0E2
:1063F00080068DF81A6002208DF81600BDF838006E
:10640000ADF80E00BDF81C00ADF818008DF80B506B
:1064100000208DF808000F2084F82D0014F12D01C4
:106420005420F6F799F90F2084F82C0014F12C0170
:106430004720F6F791F96846F6F7A5F908B0BDE8E8
:10644000F0811FB5002441798DF8081001798DF88D
:106450000A10574909788DF80B100168002904D0FB
:10646000006813F0ABFA00280ED100208DF8090067
:10647000FDF7F4FC01904FF6FD70ADF800006846A2
:10648000FEF74AF80400FFE72000C0B204B010BDD8
:106490001FB5040000203F4991F82620082A03D0A8
:1064A00091F82610042915D14FF6FD70ADF80000C3
:1064B000FDF7D4FC019000208DF8090060788DF87C
:1064C000080020788DF80A0000208DF80B0068463F
:1064D000FEF722F8C0B204B010BD10B50120F6F7E7
:1064E00018F90400F6F769FA13F04AFA13F056FFA8
:1064F0000BF090FA2B4800780AF0F8FB2000C0B2AD
:1065000010BD38B51400002200250200D2B2802A46
:106510000CD0872A1BD08B2A29D0982A0FD09C2AEE
:1065200011D09D2A21D09E2A04D022E01948808CC7
:1065300020802BE0174890F82600207026E01548B0
:10654000807C207022E0FEF783FD20701EE0C125D4
:10655000080080B2FEF7ADFD002805D01C22010026
:106560002000EDF771FE002510E0C9250EE0C925D9
:106570000CE00100C9B28139582901D3C92505E0D1
:106580000449C0B2084410F8810C20702800C0B241
:1065900032BD00009C680020FB760020B87500200A
:1065A000B01C00200B770020FD760020651700202E
:1065B000CA1C0020E0B500908DF8041000208DF872
:1065C000050000208DF806006846FFF747FDC0B2C1
:1065D0000EBD0C051CB5CAB94279130016D0037C58
:1065E0008B4234BFCC1A5C1AA4B26243FF2392FBE5
:1065F000F3F293B253B10B0016BFFF29012300231E
:106600000024009492B200F0C8F813BD02B0BDE8B7
:106610001040012212E038B504460D4600F09DF806
:106620000DB1617C05E0A07C002182075CBF207C6D
:1066300060742046BDE838400022CBE72DE9F843DE
:10664000064691467269B47C8DF800103174640975
:10665000B07C00F0FE00B07404F0010492F9021066
:1066600084F001044FF0FF0800291CBF9DF80000D2
:1066700000280ED0081800B2B0F5807FA8BF8DF8B2
:10668000008006DA002846BF00218DF800108DF842
:10669000000050789DF80010884226BF1078814293
:1066A0008DF8000054B19DF8001006F1080014F0B8
:1066B000CBFA06F1080014F0C1FA05E0B3681BB18B
:1066C0006A460021304698479DF8000000270025C3
:1066D000022802DA8DF8005004E0FE2803DB8DF872
:1066E000008001270125B07C010707D534B1B178BE
:1066F00085F0010206F1080014F0C3FAB07CC1066F
:1067000048BF87F001075CB1B0783946ECF784FFE9
:1067100015B1B07C010703D506F1080014F088FA22
:10672000DFF80447317C25887078F6F7A9FDB9F1C8
:10673000000F02D0C822042108E02088854207BF4C
:106740004FF4FA6201214FF4FA720221F07C00F05A
:106750000F00ECF797FDBDE8F18370B50546012108
:106760006E69E87C746800F00F00ECF7AAFDE87C25
:10677000022100F00F00ECF7A4FD6CB12046EDF70C
:106780006EFD002070606422E87CBDE8704004214A
:1067900000F00F00ECF767BD70BD2DE9F84304462B
:1067A00008980D469146984648B18DF800506946C4
:1067B000204600F051F89DF8000000B16074267C7E
:1067C000B54203D12046FFF7C8FF43E06769786808
:1067D00060B91020EDF742FD08B9002518E000214E
:1067E000002200238C4680E80E1078604FF47A7106
:1067F00032464A4342600570B542827B39BF751B01
:1068000002F0FE02AD1B42F001028273EDB24D4375
:10681000642000FB09F2142192FBF1F080B2002801
:106820001ABF4FF6FF7290420120616949688A7B66
:10683000888102F0FD0242EA48028A73B5FBF0F05B
:1068400000B9012088601422E07C012100F00F00D3
:10685000ECF7FCFCBDE8F1834069406858B1807BEF
:10686000820708D50878FE2808BFFF2002D001283B
:1068700001D10020087070472DE9FC41884616467A
:1068800043462C21DFF898254B43D418022865692C
:1068900004F1080708D1E878820704D406F0010162
:1068A0002046FFF7B8FEA7E0012822D00028FAD141
:1068B000700714D5B97A480611D5397A787A01EB80
:1068C000002292B20092F87AC0F3011001280CBFA6
:1068D0000121002160786B460422ECF7CDFDE069D0
:1068E000002805D0607806F001020021FCF705FDC4
:1068F00082E0B00747D50123DFF83015E0560A885B
:1069000083401A421FD0F97A01F03F008909491CDF
:1069100040EA81100106890F0329F8720BD100F0BB
:106920003F00F8722046E97841F00201E97001F079
:10693000010100F06FF8F87A6422022100F00F00E4
:10694000ECF784FC1BE0E978480706D5C90801F09C
:1069500001012046FFF75FFE09E0880707D501F037
:10696000FE0201F0010181F001011143E970F87AA2
:1069700000F03F00F872E87800F0FD00E870E87879
:1069800000F0FB00E870F00736D561694868002820
:1069900032D0818909B1491E8181818919B9007874
:1069A0008DF8000015E0817BCA0703D54268816835
:1069B0008A1802E0436882689A1A4FF47A7142603A
:1069C000B2FBF1F18DF800109DF8002000788242B2
:1069D00007D169462046FFF73FFF2046FFF7BDFE7F
:1069E00004E0142201214046ECF730FC9DF8001031
:1069F00001222046FFF722FEBDE8F3812C21DFF8BB
:106A00002024484311184869406808B1007870474D
:106A1000087C704770B5054600262C7C59B9FF2CC0
:106A200008BF002409D02146C1F1FF011429ACBFE1
:106A30001434FF2407E014B9FF24012603E0142CCA
:106A4000B4BF0024143C6C74FFF787FE3246E1B2F9
:106A50002846BDE87040BDE510B5827C43699407C7
:106A60001BD5D20916D0DA7842F00402DA7001B1EF
:106A7000082102F0F7020A43DA704FF49672C37CE1
:106A800003F03F03C3740221BDE8104003F00F0080
:106A9000ECF7DCBBBDE81040BDE5BDE810400021CF
:106AA000B8E7F8B505462C20DFF87463454306F1D6
:106AB00008014F19082A02D0142A03D03AE018001E
:106AC00002D037E0552B35D10698010030D0079C15
:106AD00002281AD1082A03D1002B2BD1217807E0F4
:106AE0000C2A08BF552B25D12068ECF71FF801466A
:106AF000B87A820703D5387A08B9797218E001228A
:106B0000C9B27019FFF79AFD12E0012812D1552B76
:106B100005D1387AEBF754FB0090042204E04BB91E
:106B2000387A8DF80000012269462046EBF767FFAE
:106B30000120F2BD0020F2BD7FB52C21B84A4843A8
:106B400010440024012500F11006029401950096DE
:106B50002023407800220821ECF7CBF9002004B074
:106B600070BDF0B5002500E06D1CAE4E3778ECB27C
:106B7000BC421BD25FFA85FC2C26A94C16FB0CFCF0
:106B80006444277807F07F078F4204BF6678864207
:106B9000EAD11D7060694068002814BF0078207C2D
:106BA000010018BF012111702046F0BD0020F0BD8A
:106BB000000000002DE9FE4F06460D46904699461E
:106BC0000820EDF74BFB040000F028818DF8005001
:106BD0008DF801600821EDF799FCDFF848A2904A92
:106BE0009AF8000003462C214B43D1184E69ECF76C
:106BF000A7FA05469DF800708D4800BF95A110F8D2
:106C000007B06F701422287800F07F00287085F894
:106C100002B09DF8010000F07F00287005F1180017
:106C2000EFF72CFAEE606C6101228248C15DE970D9
:106C30009AF80000E97C9DF9006060F30301E974B3
:106C400002FA06F69DF80100B6B219281ABF1A28F2
:106C500001200020A97C784A01F0DF0141EA4011BF
:106C6000A9741388334205D0128916EA020002D0B3
:106C7000012000E0002001F0FD0141EA4001A9747B
:106C8000FF2788072F7405D5674A1388334204BF4E
:106C900000222A7401F0BE0141EA88114FEA9B10DC
:106CA00001F0EF0100F001006F7441EA0011A974D6
:106CB0000020B8F1000F0BF03F0B01901AD0E87CD8
:106CC000C0F3011001280CBF012100219DF8000034
:106CD00001AB0422ECF7B9FB28B1019828740199A3
:106CE000090A697406E0E87C6422042100F00F00C0
:106CF000ECF7B9FAA87C810705D54B4802883242E7
:106D000004BF0020287400212170677001915FEAA0
:106D100089711BD5E87CC0F30110012816D09DF8BD
:106D2000000001AA0121ECF7D9FA78B10198000A14
:106D300020700199090C617020786178884202D333
:106D40000020207067700198000EA0700020019054
:106D500001AA9DF800000221ECF7C0FA00281CBF30
:106D60000198002809D068710199C80505D5A87C4B
:106D700081075CBF40F08200A8749DF801001928CB
:106D80000CBF01240024A87C810636D4E97858463B
:106D9000ECF796FB00264FF000084FF00F0920009B
:106DA00008BF4FF0030904D0A87CC1064CBF2826B9
:106DB00030269DF80000CDF8048001AA0121ECF7EF
:106DC0008DFA20B10198C1B2894528BF8046A87CC0
:106DD00000F0F70040EAC400A87433465FFA88F276
:106DE00005F10801584613F059FF002816D405286C
:106DF00003DA9AF90010114A11549AF80000401C65
:106E00008AF80000297841F080012970A87C810669
:106E100004D4297C00222846FFF710FCBDE8F78F38
:106E200070520020E8760020B8760020FC70002028
:106E30006873002078730020C8710020E0150020DE
:106E400010B54C790146E20904F07F00BDE810401E
:106E50000223AFE600000000396B010079680100F1
:106E6000A36A01000300000010B5DFF85436DFF814
:106E70005446198820784143FF22DFF84C06EDF78D
:106E80004DFADFF848060FF28D010FF25D02416006
:106E900082600FF2ED210FF25952C16002610FF2D0
:106EA00095510FF2BD524161826100220FF2E9510A
:106EB000C161027010BD70B50021DFF80C260E26EE
:106EC00000E0491CDFF8FC452578CBB2AB4206D286
:106ED0007343D45CFF2CF4D10170D01870BDFF2136
:106EE0000170002070BD000010B500200021DFF807
:106EF000D82508E00E234B43D45CFF2C02D013446A
:106F00005B79C018491CDFF8BC351C78A142F1DB65
:106F100080B210BD2DE9F04F0D4685B00746287AA6
:106F200093469846012818BF032808D1002F18BFA0
:106F3000FF2F04D0032808BFBBF1000F01D10020B0
:106F400099E00A2201A8EDF77FF98DF80EB000F064
:106F5000DFF9284600F007FA0646287A00240128BF
:106F600006BF4FF0010AA346A2464FF6FE708642C6
:106F70004ED08DF801800020DDF83890DFF84855BC
:106F8000DFF84C8500E0401CDFF838150A789042A5
:106F90003ADA0E234343EC1821788F4204BF62781B
:106FA0009245F0D161888E4204BF22799345EAD19F
:106FB0009DF8016025464FF0000A074611E0DFF812
:106FC000000502882346B9B20220EFF7E7F839F846
:106FD0001A00D8F80010ADF8100091B101A8884748
:106FE0000FE0B24545DA39F81A10284600F04FF89C
:106FF00038B939F81A10284600F07AF80028DED19E
:1070000000250AF1010AECE76846FFF754FF040087
:1070100030D0277084F801A0668084F804B0DFF8CF
:10702000B4049DF8011006788E4288BF0E460027F2
:1070300009E039F81700D8F80010ADF8100009B1D0
:1070400001A888477F1CB742F3DB6671720049468E
:10705000A01DEDF7F9F89DF80010DFF86424128800
:107060000E2041436B189DF800100220EFF796F8B0
:1070700000E02C46204605B0BDE8F08F80B5DFF873
:1070800040140988FF22EDF749F9012002BD10B52F
:1070900068B1002200E0521C4479D3B2A34206D268
:1070A00000EB4303DC888C42F5D1012010BD0020A9
:1070B00010BD30B500281CBF4279002A16D0831DB0
:1070C00000240DE045796D1E4571EDB23DB90DE02E
:1070D00000EB4405ED888D42F4D023F8025B641C7C
:1070E0009442F5DB407908B1012030BD002030BD6D
:1070F00010B568B1DFF8DC3342791C78A24207D2C0
:1071000000EB4202D1804179491C4171012010BD40
:10711000002010BDF8B50D460446287A1646012811
:1071200008BF2A8803D0284600F0BCF802464FF674
:10713000FE70824221D0002305E0012804BF488868
:10714000824218D05B1CDFF87C0301788B4214DA92
:107150000E20DFF87473584339180878A042F1D133
:107160002F7A4878012FE8D0002801BF4888824252
:107170000F79B742E6D10846F2BD0020F2BD00000B
:1071800070B50446207A012808BF258803D0204620
:1071900000F088F805464FF6FE70854220D00026A4
:1071A00017E0002804BF4888A84211D10846FFF71D
:1071B00065FF0DE00E21DFF81003227A71430144D0
:1071C000012A4878EDD1012804BF4888A842EDD0B3
:1071D000761C00F006F8EDDB2846BDE8704043E081
:1071E00070BDDFF8E00201788E4270472DE9F04172
:1071F0000546884600270026B34C0BE00E21484385
:10720000225CAA4205D141462044FFF740FF00B16D
:107210007F1C761C00F009F9F0D3B8B2BDE8F0810C
:107220002DE9F04781468A46904600260025A64C67
:1072300001E0761C6D1CA3490A78E8B2904211D295
:107240000E235843215C4945F4D12718514638464E
:10725000FFF71DFF0028EDD0F0B24045E9D33846D6
:10726000BDE8F0870020FBE71FB54FF6FE729042A5
:1072700017D094490B7800220CE00E21924C514318
:107280000C446178012904D0002904BF618881423F
:1072900007D0521C9A42F0DB03D100F032F812F012
:1072A000DFFB1FBDF8B504218DF80010027A022A19
:1072B00002D100F07AF804E000F051F8684612F0CC
:1072C00046FC6EE038B584B00422ADF80C008DF8B1
:1072D00000200C46684612F072FC050005D0032021
:1072E000207201A92046FBF7C5FC284605B030BD39
:1072F000F8B500F006F812F062FCBDF8020005B027
:1073000000BD0422ADF80C008DF8002068467047DF
:107310001FB56E4C207808BB04218DF800106E4814
:10732000C18AADF80210FCF799FD00F018F8684624
:1073300012F06BFCFCF79FFDBDF8021088421CBFE9
:107340004FF6FE72904207D0ADF8020001A8FCF79C
:1073500096FD684612F059FC012020701FBD0146C1
:1073600001A812F01DBBF8B504218DF80010017AB8
:10737000022903D100F019F898B907E0032909D1CF
:10738000FFF7EDFF684612F0E2FB50B9684612F0D5
:107390003CFC06E0012914BF4FF6FE700088ADF8F2
:1073A0000C00BDF80C0005B000BD0188ADF802105E
:1073B000684612F093BBF0B501460020002200237E
:1073C000414C4FF00E0C00E05B1C3E4E3778DDB2B6
:1073D000BD420AD21CFB05F5665DFF2EF4D01646B1
:1073E000721CF6B28E42EFD16019F0BD00000000B1
:1073F00070B533490D882846ECF730FF040012D0F1
:10740000FF222946ECF78AFF002606E023462A469B
:10741000F1B20220EEF77FFE761C00F006F8F5D3FD
:107420002046ECF71CFF002070BD26490A78F0B218
:10743000904270471FB5FF220E216846F1F728FEE3
:10744000002407E01E4802886B46E1B20220EEF7F6
:10745000A5FE641C1B490A78E0B29042F2D31FBD1E
:10746000F8B500250026184C10E00E277743E019E8
:107470000090002212480388B1B20220EEF7B0FE5D
:1074800018B9E05DFF2818BF6D1C761CFFF7A9FE38
:10749000EBDBA8B2F2BD000070B500240A4D084E27
:1074A00008E00E23634332882B44A1B20220EEF79A
:1074B00075FE641C034801788C42F2DB70BD00004D
:1074C0000261000047AE0200B8630020A8700020EF
:1074D00018750020BEB002009C680020FF2806D06E
:1074E000724901EB8001087800F0FB0008707047DA
:1074F00070B56D486E4E0468046000257CB17168FB
:10750000B4FA84F0C0F11F000122824051F820102B
:10751000944300290EBF1543C0B28847EEE715B16A
:107520002846FBF7ABF870BD2DE9F841A3B0EEF7A4
:10753000EAFE604D2978002411B1EEF70BFF45E01B
:1075400001212970EEF706FFF0F7B9FD0820F0F7EA
:10755000E8FE6846EEF7F6FE4FF0FF3001906B460E
:10756000554A1021281DEEF7ABFE544854490578C2
:107570000F78DFF83C812E4613E0D8F8000050F871
:1075800026100A0A03A8120240F826208A0707D408
:107590000120B040044301F00101F0B200F09AF87C
:1075A000761CB742E9D2474804607F1C7F1B03A9C1
:1075B0004548BA0001EB850100EB8500EEF74EFD72
:1075C00042480268202161F30D22026024B0BDE828
:1075D000F08101463E480068C84000F00100704755
:1075E0002DE9F04105468846FF2808BF4FF0FF30DF
:1075F00036D0354F07EB80074FEA580438684FEA1A
:10760000182604F00104360284F00104000618BFB5
:107610003E600ED1EEF777FE7A1C310A07F1020CBC
:107620001170330C8CF80030360E07F8036FEEF74C
:1076300091FE24B108F00101284600F04BF8EEF766
:1076400062FE012101FA05F51E49002C19BF0A68E6
:1076500015430B6823EA05050D60EEF77BFE00205D
:10766000BDE8F08138B5FF280C4610D00F4D05EB72
:107670008005EEF748FE2978240C01F0F80104F0AB
:1076800007040C432C70BDE83240EEF763BE31BDF9
:10769000FF2808D00C4A02EB8002106800F0FF00BF
:1076A000884218BF11707047E02002400210084065
:1076B00054160020C8700020F17401005BB5020070
:1076C000C2CC0200D0200240001008400030094027
:1076D000C0200240FF2806D000F1804000F50830AD
:1076E00001F001010170704710B5EFF31484002C14
:1076F0001CBF002181F314888047002C1CBF02218D
:1077000081F3148810BD000000B5EFF3038212F07E
:10771000FF0F0DD06A46A2F1200282F309886FF0B4
:10772000020E10604FF08071D1610849916170477D
:107730005DF804EB694681F3098880F308884FF00F
:107740000200EFF3148180F3148870473177010051
:1077500040F8043D40F8042D40F8041D019940F81C
:10776000041D009940F8041D0B4940F8041D81EAEE
:107770000101A1F1010140F8041D40F8041D40F889
:10778000041D40F8041D40F8041D40F8041D40F895
:10779000041D40F8041D7047AD7701002DE9F04F3E
:1077A000C0F800D0D1F800D0BDE8F08F0498804731
:1077B00000980199029ADDF80CE0104738B54F485F
:1077C0004F4C056815F1010F08BF002513F016FB9B
:1077D0004C4900200860206C816C88474A4A106838
:1077E00020B14A490868284600F02AF84849002094
:1077F0000860484948480A686FF31B4202430A6020
:1078000046490868C0F30130012806D10A68444897
:10781000024042F400330B600A600120414DE861F0
:10782000142021680A6A90473F48404A016841F4A1
:10783000E02101600121296010680028FCD131BDE0
:107840002DE9F04180463A4841688A0705D401682D
:10785000384A090C41F0F00111703749374D096879
:1078600000290FD42B68364A83F0C0031370C90E69
:1078700001F00C01334B41F0C00119704FF400319D
:10788000C2F853104FF001222F49304B304F314C8A
:107890000A601E88866839680A683046904706F094
:1078A0004070B0F1807F03D1217841F00201217056
:1078B00031463A685368404698476869264A010B42
:1078C00001F03F011170C10502D54022E27402E0CF
:1078D000224A40211170800900F03800204940F40C
:1078E0006050088030463A6893689847022013F049
:1078F0008DFA1C4901200860BDE8F0811C1300507E
:10790000B0010010840460428001284380052043B8
:107910008C2108404820034000003901280009401C
:10792000EFFFFCFC00002443002009400C006842EB
:10793000AC4F0050566208400C130050F813005032
:1079400031A00C4042A20C4004A40C4000A00C400A
:10795000F0010010096208400EB00C402C62084093
:107960006AB00C409404604213F0004C03D55B42B3
:10797000524263F100039CEA210C00F0178010B51D
:10798000644603D34942404261F1000100F00EF821
:10799000640004D34942404261F10001244203D50E
:1079A0005B42524263F1000310BD0000BBBBE1B17A
:1079B000B2F5803F80F07E80022A1ED98C46B1FB52
:1079C000F2F102FB11C31B0443EA1043B3FBF2FCC8
:1079D00002FB1C3380B240EA0343B3FBF2F002FB2C
:1079E000103240EA0C4000237047022A05D9844631
:1079F000B0FBF2F002FB10C270474AB105D100F0B3
:107A0000010249085FEA30007047002200237047F6
:107A100013F018BA0B0002000021002070479042BA
:107A200071EB030CF6D3B3F5803F2FD2F0B5B3FA68
:107A300083F7B1FA81F4A7F10F0E3D1B5340CEF14D
:107A4000200602FA0EF2F3415340B5F10F0746D873
:107A50000F3C2C444140C4F12006A040F14141407C
:107A6000B1FBF3F603FB1611A2FB0645001BA9416F
:107A700002D2761E8018594180EA010221FA0EF3E3
:107A800062FA0EF200215A403046F0BD30B4B1FB2C
:107A9000F3FC03FB1C11A2FB0C45001BA94103D204
:107AA000ACF1010C8018594130BC02460B466046CF
:107AB00000217047B2F1807F65D3F0B5B2FA82F74A
:107AC000B1FA81F4C7F10F063D1B22FA06F307F164
:107AD000110EF24120355A40B5F10F07B8D9414097
:107AE000C4F12006A040F1414140B1FBF3FC03FB8F
:107AF0001C11A2FB0C45001BA94103D2BCF1010CD7
:107B0000801859410F2F12D30F3FC90341EA50414A
:107B1000B1FBF3F603FB1611A2FB0645D4EBC03014
:107B2000A94102D2761E8018594146EACC3C07B3DF
:107B30004140C7F12006B840F1414140B1FBF3F6A6
:107B400003FB1611A2FB0645001BA94102D2761EBB
:107B50008018594180EA010221FA0EF3C7F120048E
:107B600062FA0EF20CFA07F05A402CFA04F1304394
:107B7000F0BD80EA010221FA0EF3002162FA0EF252
:107B800060465A40F0BD8C46B1FBF2F102FB11C3D6
:107B90001B0243EA1063B3FBF2FC02FB1C331B0223
:107BA0004CEA002043EA1063B3FBF2FC02FB1C33F7
:107BB0001B024CEA002043EA1063B3FBF2FC02FB19
:107BC0001C331B024CEA002043EA1063B3FBF2FCB7
:107BD00002FB1C324CEA00200023704730494FF072
:107BE0000040086070472F490020086070472E4809
:107BF000016841F003010160704700F025BA2B498C
:107C00000A6813681847F0B581B00326284C294D3F
:107C100000961C23266877684FF0405200212846C2
:107C2000B8470120009028462468656809234FF46E
:107C300000720021A84701B0F0BD00B581B000F08E
:107C4000D8F910B900F0D5F900B1012001B000BD9C
:107C500019481A490068C00F03D04FF4405008601B
:107C600070474FF480520A60704713481449006807
:107C7000C00F03D04FF44150086070474FF4825258
:107C80000A6070470D494020086000F0A3B94FF02A
:107C9000FF32002100F08DB80A4801684A68104799
:107CA00000A10C403400094024220840E0010010EB
:107CB000A401001000A00C40AC4F0050A8A00C4044
:107CC00028A10C40E801001000F03CB830B51C4B76
:107CD0001A685B6D0021C50704D5D40701D45B0782
:107CE00000D50121830703D5540804F00104214382
:107CF000400703D5920802F00102114309B10120A7
:107D000030BD022030BD30B50D4B1A685B6D0121CE
:107D1000C50704D5D40702D45B0758BF00218307E9
:107D200003D5540804F001042140400703D592080C
:107D300002F00102114009B1012030BD022030BD26
:107D40004021084010B54C494C4C08604C48026832
:107D500042F003020260202021688A699047494866
:107D600001682268906BBDE81040004770B50020A4
:107D70000021454A02EB81021368DC0002D5012292
:107D80008A401043491C2029F3D3404900224A610C
:107D900001243C4A13681460012615683C4C1660A7
:107DA00013682368034201D10E60FEE74E6110683C
:107DB00070BD2DE9F047374D324F304C364E81467D
:107DC00028688A46810744BF3448E8603448002167
:107DD0009046016027203A6821688A699047316B94
:107DE0003048014031634FF48060B16F21F48071FD
:107DF000B16721680A6B904721680A6B4FF4816074
:107E0000904721680A6B4FF4C060904726491A4A90
:107E100001200860C2F800A030602868810707D4FC
:107E200018F1010F06BF4FF04040E860C5F80C8024
:107E30003868F0698007FCD50720FFF747FF022864
:107E4000FAD1B9F1000F12D1216A184D8A6828467B
:107E500090470428F8D0012804D1226A53680321EE
:107E6000284698470648016889088900016020680B
:107E7000816BBDE8F04708478C210840B80100102D
:107E8000242208402C200940001008401800094016
:107E9000E0200240100009400C200840FD00004096
:107EA0000C400940FFFFFEFE282008600040034010
:107EB00030BF704730B581B0FDF782FFFFF7ECFEB1
:107EC000F0F7DAF8054605F00C000C2804D1AFF302
:107ED0000080FFF7EDFF41E0680725D4EEF717FBC0
:107EE000044601210120F0F7D1F82949096801FB76
:107EF00004F2904218D2F020B0FBF1F0254D211A87
:107F000005F10C00EEF71CFC05F10C00EEF7FDFB93
:107F1000AFF300800120F0F780FAAFF3008005F1A5
:107F20000C00EEF7FEFB1BE0AFF30080280713D434
:107F300019491A480A68936898470428F8D0E9064E
:107F400000D408B9012000E00020FFF7BDFE14486E
:107F500001210160006801E0FFF7AAFFAFF3008094
:107F600001B0BDE83040FDF72FBF10B50D4CEEF766
:107F7000E0FE2060EEF794FD606010BD10B5094C86
:107F80006068EEF792FD2068BDE81040EEF7DABEBB
:107F9000E8030000E8190020D80100100040034069
:107FA0002C200940FC74002038B5DFF80801DFF808
:107FB0000851048814F0010403D14FF00121296015
:107FC0000088DFF8F8201168884714B14FF08070FE
:107FD000286031BD10B5DFF8F82013685C68012116
:107FE0000120A047DFF8DC00DFF8DC1000688860C3
:107FF00010BD38B5DFF8C840E16B0A680120904732
:1080000001281FD02468DFF8AC00E56800230122B6
:108010003C21A847B8B1FFF7C7FFDFF8A800DFF899
:10802000A83002689968DFF8A4001C68DA60A4EB45
:108030009404521A4243120C1A6019688C4238BFD9
:108040000C461C60012032BD38B5DFF88440226840
:10805000536800210120984721680A680120904751
:1080600008B1FFF7A1FFDFF85C00DFF85C500068A3
:108070006860E06801688847286131BD70B5154CBB
:10808000A268E5681B3800FB00F100FB01F681FBEC
:108090000223C6FB05236568C0FB0523206812097F
:1080A00042EA0372C117101841EB2311000C40EA99
:1080B000014070BD00A00C4004A40C4080000010E2
:1080C000A4010010302009404473002040420F00FA
:1080D000E00100103874002030B5C74D95F8390123
:1080E000002481B0002802BFC449887B00280CD03E
:1080F000EEF709F995F83B11002906BF012285F832
:108100003B210124EEF726F914B1002001B030BD67
:108110000220F0F7F1F80D20F0F703F9B8490868EC
:1081200010B1012001B030BDB6484022026042606B
:108130000120C861002185F83A11002001B030BD4E
:1081400030B5B14981B000200860AB4C94F83A01D9
:10815000002800F0C38001280DD194F8400112F0EE
:1081600073FE0021A54A84F84011907B002800F09E
:1081700089800221B0E0022840F08A80A348056887
:1081800012F093FEC4F8140112F094FEC4F8180122
:1081900012F095FEB5F5C062C4F82801C4F81021AC
:1081A00003D1002084F8300168E094F8301159B907
:1081B000D4F81811D4F81431C4F82011C4F81C31C3
:1081C000C4F82401C4F82C21D4F82C0100284CBF99
:1081D0006FF00101022100EB40000818D4F82011D3
:1081E000421000EB9270D4F81421C4F81C2101EB6A
:1081F000A0010029C4F8201115DCD4F824010328BB
:1082000005D11531D8BF0121C4F8201124E00B316C
:10821000D8BF0121521E48BF0022C4F82011C4F863
:108220001C21032019E01E2919DDD4F8240138B9D6
:1082300015391E29C8BF1E21C4F8201103200CE0E7
:108240000B391E29C8BF1E21521C3F2AC8BF3F221E
:10825000C4F82011C4F81C210020C4F82401D4F86B
:108260001C0112F031FE012012F04CFED4F8200166
:1082700012F039FED4F8240112F053FEA5F2FF5596
:10828000032D03D20620C4F83C0127E0042123E09B
:10829000032823D15D480068D4F81011A0F5C06010
:1082A0000029C4F82C0148BF4942002848BF404279
:1082B0008142A8BF00200CDAD4F8140112F004FEA9
:1082C000D4F8180112F00FFED4F8280112F029FE9C
:1082D000012084F830010621C4F83C1101B0BDE84A
:1082E000304000BFF0B581B0494C4A4D424F42F694
:1082F0002A2608E0C7F83C010321216000206860BD
:1083000068688107FCD4D7F83C0106285CD8DFE810
:1083100000F004564C54353D19000F21E1602661F0
:1083200012F00EFE0120286029688807FCD5012183
:10833000E16197F8390100281DBF00212963012060
:108340000320D7E700212960696029688807FCD4E9
:1083500069688807FCD400212B4A294B1160012051
:1083600018600D20EFF776FF0220EFF75AFF00208C
:10837000C7F83C0187F83B0101B0F0BD0520C7F804
:108380003C010021696068688107FCD4032087F8FC
:108390003A01002012F0ECFD0120686001B007F105
:1083A0005000BDE8F040F9F72CBB0320C7F83C01B2
:1083B0000021696068688107FCD40220E7E701209A
:1083C00087F83A010220E5E7FEE7134801688A07CB
:1083D000FCD509490E48D1F83C21012A07BF2021CC
:1083E00081610122826100210160082205490A6041
:1083F0004A60012101607047E8190020B8150000AB
:1084000004800C4038500C403C500C4008400C405C
:1084100000400C4054600C4058600C4080B500286F
:1084200002D412F0D5FD02BD002002BD2DE9F041BD
:1084300082B0EDF768FFDFF81C748046787800247E
:10844000012823D1DFF8105428680321C007A96050
:108450001CD5DFF8086431684A6802209047009014
:10846000012031684A6890470190694607F1280069
:1084700012F0F6FDDFF8E8130C600322AA60022078
:10848000EFF7CFFE0720EFF7E5FE7C707D683DB388
:108490000EE0686AA96AEB690E1A082E88BF0826E2
:1084A000324669461844EDF7D9FD686A36186E629F
:1084B000686AA96A884207D2694607F1280012F063
:1084C000A0FD10F1010FE4D1686AA96A884207D3C0
:1084D0002946381DEDF7CEFF0020012485F8320033
:1084E000787868BB786818B1806800F051F827E0A8
:1084F00007F1280012F0ACFD10BB012078700720B6
:10850000EFF70FFF0220EFF7F7FE4FF0FF313120BA
:10851000EDF714FFDFF84003DFF8403303218160FB
:108520004268DFF8401342F00302426000221E68F6
:10853000D6F800C00020E047DFF8241301200860CF
:108540004046EDF707FF04B3A86804680021E16224
:10855000A16909B102220A7094F83010022906D1EB
:1085600004F1340012F0EDFD02B0BDE8F081012904
:108570000BD1E16AA26922B1E368984702B0BDE875
:10858000F081A36AE2692469A04702B0BDE8F081E6
:108590000268406892F8301052690078042914BFCC
:1085A0000121002170B514460E46DFF8A8220121F2
:1085B000054651700720EFF7B4FE0220EFF79CFE4E
:1085C00029463120EDF7BAFEDFF89C020321416015
:1085D00026B1016841F00301016003E002689208DE
:1085E000920002602146DFF874321C682568002280
:1085F0000020A847DFF868120120086070BDF0B5C0
:1086000081B0EDF780FEDFF84C520446287888BB35
:108610000023DFF85822312105F10C00EDF750FE60
:108620000823042205F1480105F1280012F0DFFCBF
:10863000012068700720EFF774FE0220EFF75CFE60
:108640004FF0FF313120EDF779FEDFF81C02DFF843
:108650000C32032141600268DFF8081242F0030285
:10866000026000221E6837680020B8477C4901205C
:1086700008602870204601B0BDE8F040EDF76ABE02
:10868000F0B5054681B02E686F680C46EDF73BFEED
:1086900096F8311011B96F4A117821B9EDF75AFEE9
:1086A000002001B0F0BD0121002286F8311086F8CB
:1086B0003220EDF74FFE04B96D4C2178012904BF3B
:1086C0006068002801D1A068B0B186F83010E06879
:1086D000684A30626168F160A0683061B560B8686E
:1086E000A0F58071914228BF5E487061002106F1BB
:1086F000340012F0E5FC284601B0F0BD10B5046866
:1087000004F1340012F010FD002184F8311010BD86
:1087100000BF10B481B0002903681CBF4A68002A5A
:1087200004D00C78042C01D18A6822B901B010BCA5
:108730006FF00200704700225A6299614A68DA615C
:108740008968996201B010BCFFE72DE9F041054648
:108750004FF0FF342E683F4FF462EDF7D4FD8046B2
:1087600096F83000042804BF7878012806D13A48EA
:108770000321816042689208920042607069394921
:10878000884205D0786818B97878012817D108E0B0
:1087900096F83000042812D1786880B178780128E2
:1087A0000DD12F482C4B0021016003229A6002203A
:1087B000EFF737FD0720EFF74DFD0020787096F8B2
:1087C000320080BB96F830000428314603D1381DB2
:1087D000EDF73BFE02E0381DEDF722FE012086F8A2
:1087E00032004046EDF7B6FD0020FFF71FFE2D6872
:1087F00095F8300004281CD1686AA96A88421FD203
:108800000120FDF7E5FA1448006810F0030FF7D0D7
:108810000020FFF70BFE686AA96A8842F0D3EC6A71
:108820002046BDE8F0814046EDF794FD2046BDE8C6
:10883000F081022808D1296A05F1340012F076FC93
:10884000EC6A2046BDE8F081012808BF00242046DC
:10885000BDE8F081586A002008800240CC01001079
:10886000A802504280A903000C8002402D84010020
:1088700050E1020001FFFF000223037041608260AB
:10888000002070470423037041608260002070471D
:1088900080B52D490870FDF793FA2C490120086036
:1088A000FEE780B512F081FCEBF7E9F8BDE8024085
:1088B0002748EBF72FBE0320EAE7F0B5254D264CFD
:1088C0002648274E60658FB02B681F680122012162
:1088D0003046B8472A685368012130469847ECF77C
:1088E000CDFA12F02FFEECF7C9FB08221D492046F5
:1088F000EBF7AAFC04F1080012F030FEA16809B100
:108900000020884718480460ECF716FA204612F059
:108910001BFC08233C2200216846F0F709FB04F108
:10892000AC0040F6B831022207900891069200236D
:108930006A460E4904F15C00F0F704FBEDF7C0FD58
:1089400000200FB0F0BD0000E67600207C0520433B
:1089500064070020D80100105C070020B7880100E0
:1089600000400340F012005030340020A388010082
:1089700080B500206E4908706E480078002803D149
:108980000021002001F09FFC01BD10B50400200073
:10899000C0B2002801D1FFF78EFF654801780C4373
:1089A000047000F07EF810BD10B504002000C0B2C5
:1089B000002801D1FFF77FFFEDF7A5FC5C490A789D
:1089C00014430C70EDF7C6FC10BD10B50400200078
:1089D000C0B2002801D1FFF76EFFEDF794FC5449B7
:1089E0000A7894F0FF0414400C70EDF7B3FC00F02B
:1089F00037F850480078002803D10021002001F00A
:108A000062FC10BD10B504002000C0B2002801D1E6
:108A1000FFF751FFEDF777FC45490A7894F0FF0422
:108A200014400C70EDF796FC10BD80B50020404955
:108A3000087000F067F800F0E1F83E480078002880
:108A400003D10021002001F03EFC01BD80B50020D3
:108A500037490978002901D000F023F8C0B202BDDF
:108A600010B50020EDF74FFC0400314800780028D5
:108A700013D131480078000609D430480078000648
:108A800005D42F480078002801D1012000E0002003
:108A9000C0B2002801D000F035F82000EDF75AFCF4
:108AA00010BD70B5EDF72FFC264C257821780129F3
:108AB0000CD001212170EDF74DFC1E4800780028F4
:108AC00003D10021012001F0FEFB01E0EDF742FCA3
:108AD000F0F71EFD0600EDF716FC3100C9B20129C2
:108AE00003D02570EDF736FC01E0EDF733FC1148BB
:108AF0000078002803D10021002001F0E4FB3000C1
:108B0000C0B270BD80B510480078002803D00020A6
:108B1000F0F702FD02E00120F0F7FEFC0B4991F9AD
:108B20000000002802D00878401E087001BD000037
:108B30002B7700201B7700202C7700203777002030
:108B40003877002023770020EC6900202977002067
:108B50003EB50020DFF8C01A08700020DFF8BC1A0C
:108B600008700020DFF8B81A08600020DFF8B41A97
:108B700008700020DFF8B01A0870DFF8B04ADFF89C
:108B8000B05AE889103080B20EF06DF8206020688D
:108B9000002801D1FFF78FFE2068009000208DF89B
:108BA00004009DF8050010F0FC008DF805009DF80C
:108BB000050010F0F3008DF805009DF8050010F099
:108BC0000F008DF80500E8891030ADF80600082286
:108BD00069462068EBF738FBDFF8580A2168016026
:108BE00000214160F0F77FFADFF84C0A0078002896
:108BF00003D10021002001F066FB37BD80B5DFF80E
:108C0000200A0168002901D00EF03CF8EDF77BFB4B
:108C1000DFF8201A00220B681B681A710A681268B4
:108C20000A60EDF797FBDFF8FC190878002804D1FB
:108C3000DFF8F4090078002810D000200870002028
:108C4000DFF8E419087000F0B2FCDFF8EC090078F6
:108C5000002803D10021002001F035FB01BD80B5C3
:108C600000F00EF8EDF74FFBDFF8C81900220B6893
:108C70001B681A710A6812680A60EDF76BFB01BD88
:108C80002DE9F84F5FF0000B05F0DDF8DFF8AC19C7
:108C900008608120DFF88C190870FF20DFF8A01928
:108CA0000870DFF8A079002038800020DFF87819FC
:108CB0000870DFF89459DFF8600900782870DFF851
:108CC0006C090068007A841EDFF86409C0892100FD
:108CD00089B2884202D200F087FC39E2DFF86C8961
:108CE000DFF85069042230683988084410F108011F
:108CF0004046EBF7A9FA3888001D3880B4F1030A22
:108D0000DFF84C9998F8010098F802100902081849
:108D1000A9F8000098F80300DFF83819087098F8EF
:108D20000200C0F30114DFF830190878002803D1DD
:108D30002000C0B2022803D02000C0B2032802DB0A
:108D400000F052FC04E20878002807D099F80000EF
:108D500010F0070F02D100F047FCF9E199F800008C
:108D600010F00700042807D1DFF8B00800780028C9
:108D700002D100F039FCEBE1087800280DD0DFF8D3
:108D8000DC080078862808D199F8000010F0070068
:108D9000022802D000F028FCDAE1B9F80000C0F3A4
:108DA0000130022859DA99F8000010F00700022873
:108DB0004BD1DFF868080078002846D1DFF8A0081A
:108DC00090F88300C0B2022802D100F0DAFBBFE1C4
:108DD000012230683988084410F108016846EBF731
:108DE00033FA3888401C38800025EDF78CFA0400EF
:108DF000DFF868080078862821D1DFF868683068D5
:108E0000002801D1FFF757FD2900C9B29DF90000E4
:108E100006F04EFA31684877306885779DF8000093
:108E20003168C8772000EDF795FA99F8001011F035
:108E30001001DFF82008007801F05EF802E0200061
:108E4000EDF788FA00F09DFB82E1DFF8100800786A
:108E5000862802D1002001F07AF8287800281BD05B
:108E6000DFF8B8070078002816D12878012810D03C
:108E70002878022804D199F8000010F0070F08D1D3
:108E80002878032808D199F8000010F0070003287B
:108E900002D000F0A9FB5BE199F80000000702D5C1
:108EA00000F0A2FB54E1B9F80000C0F30130022841
:108EB00006DAB9F80000800502D500F095FB47E11D
:108EC00098F80200C0F3810598F80260F6B2B6097E
:108ED0002800C0B2012803D03000C0B2012802D15E
:108EE00000F082FB34E12000C0B202281FDA99F8BA
:108EF000000010F00700012805D099F8000010F0DC
:108F00000700032813D156EA0500C0B2002802D199
:108F100000F06AFB1CE12800C0B2002807D1DFF88E
:108F200048070078002802D100F05EFB10E1E4B2AF
:108F3000022C1DD1DFF834072900C9B2445C31008E
:108F4000C9B2405C041999F80000400606D555EAFC
:108F50000600C0B200281DD102241BE03000C0B2C0
:108F6000002803D12800C0B2002813D0A41C11E0AF
:108F7000DFF8FC062900C9B2445C3100C9B2405C8C
:108F800004193000C0B2002804D099F8000040064F
:108F900000D5A41EB9F80000C0F3002010F00100B5
:108FA000DFF8D0160870514689B22200D2B2DFF83D
:108FB000C4060078121A914202DA00F015FBC7E0ED
:108FC0002000C0B2BAEB000ADFF8A80600781AEB5E
:108FD0000000DFF8A4160880DFF844A6DFF8980642
:108FE000008850FA8BF0703080B20DF03CFECAF869
:108FF0000000DAF80000002802D100F0F5FAA7E03E
:1090000070210022DAF800B05846EBF787F9DFF854
:109010006CB600208BF80000DFF80006007800280E
:1090200006D199F8000010F02000DFF8FC15087058
:10903000DFF8F4050078002832D0DFF83806007831
:1090400000282DD199F8000010F0070003280BD05C
:1090500099F8000010F00700012821D1DFF8000680
:1090600090F8820000281BD0DFF814060078002852
:1090700007D00FF0F3FBFE2803D104208BF800008B
:109080000EE00DF0D8FD002803D004208BF800007E
:1090900006E00DF098FD002802D004208BF80000B7
:1090A000DAF800007030DAF800104860DAF80000F2
:1090B0004068DAF800104865DFF8BC050088DAF887
:1090C00000100881DAF800000089DAF80010A1F831
:1090D0005800B9F80000DAF80010888198F802000A
:1090E000C0F3011198F8010010F0780001439BF8DB
:1090F00000000143DAF800000174FF20DAF80010E4
:109100008873DFF870150878002801D0002002E08D
:10911000DFF840050078DAF8002082F84500DAF838
:10912000000080F82C60DAF8000080F836503A88A9
:109130000878121A3A802000C0B2002802D100F04C
:109140001EF905E0E4B2DFF83C05048000F002F807
:10915000BDE8F18F2DE9F84785B0DFF82845208874
:10916000002801D1FFF7A7FBDFF8D8542288DFF8E9
:10917000C40400682988084410F108016846EBF728
:1091800063F82988208841182980E946DFF8BC4423
:10919000A078C0F30116DFF88854286890F8108092
:1091A00018F04008A078C0F381073800C0B200284A
:1091B0005DD000203100C9B2022903D14146C9B2B5
:1091C000002910D199F8001099F80120120252FAE2
:1091D00081F12A68A2F840102968B1F840102A6885
:1091E000D18719F10209DFF8A0A42968B1F840106D
:1091F000BAF80E20914206D02968B1F840104FF617
:10920000FF7291422BD13800C0B203280DD14946DC
:1092100028682E30F9F72EFD19F108091AF103011B
:1092200028682E30F9F717FD19E099F8000099F831
:109230000110090251FA80F02968C88519F1020964
:109240002868C08DBAF80C10884205D02868C08DF7
:109250004FF6FF71884201D1012000E00020C0B22A
:10926000002804D113F0BAFCFFF7C8FC84E0A17811
:10927000C9B289090800C0B2002837D03000C0B296
:10928000022812D158EA07085FFA88F8B8F1000FEF
:109290001AD199F8000099F80120120252FA80F0D0
:1092A0002A68D08719F102090EE02868007C400680
:1092B0000AD499F8000099F80120120252FA80F0BD
:1092C0002A68D08719F10209C9B2032905D1494694
:1092D00028682430F9F7CEFC08E099F8000099F8E6
:1092E0000110090251FA80F029688884DFF87803B8
:1092F000007800281DD0F6B2022E1ADADFF85003EB
:10930000017811F00701012904D0007810F007005E
:1093100003280ED1FFB2002F0BD12868C08FDFF8D1
:109320006813C989884204D013F058FCFFF766FC23
:1093300022E0C748017811F00701032909D000781D
:1093400010F00700012815D1C54890F882000028C8
:1093500010D028680DF046FC00280BD10020C7492A
:109360000870E078C0F30110A17811F0780108438B
:109370002968087400F003F806B0BDE8F08770B5FE
:10938000A74CB04DBC4E3288AA48006829880844D2
:1093900010F108012068406DEAF756FF29883088EF
:1093A000411829802068406D31880844216848654B
:1093B00000F001F870BD7CB5A24C9E4E01223068D1
:1093C0002188084410F108016846EAF73DFF20882B
:1093D000401C20800025012230682188084410F1BB
:1093E00008010DF10100EAF72FFF2088401C2080C2
:1093F000012230682188084410F108019048EAF7FA
:1094000023FF2088401C20800422306821880844E3
:1094100010F1080101A8EAF717FF2088001D20803D
:10942000042101A8EAF738FF0190019813F085FCA8
:109430007B4C21688863019813F073FC216888874E
:10944000EA200EF0D1FD914A5068002803D0012196
:109450002068526890470220724908708848007856
:10946000002806D00FF002FA002802D00420834919
:1094700008702068017C81480078014320680174ED
:109480002900C9B29DF9000005F012FF216881F89A
:1094900042009DF80000216881F84400206880F8AF
:1094A0004350206870302168486520684168206812
:1094B000B0F8582020680089121A01EB02002168D8
:1094C000486020688089800513D5206813F0B6FCB9
:1094D0002068006E00280CD02068B0F864000028D6
:1094E00007D120000DF0CEFB00202060FFF786FBA7
:1094F00029E0206890F85C00002813D0206813F061
:10950000F9FC2068806C00280CD02068B0F84C0072
:10951000002807D120000DF0B5FB00202060FFF7E8
:109520006DFB10E04C490878002805D0886C0028B5
:1095300002D02068896C884720680DF0A8FB0020C5
:10954000206000F01EF873BD80B5EB200EF04CFDDE
:1095500000203549087041480078862802D1002053
:1095600000F0F5FCECF7CFFE324900220B681B68D7
:109570001A710A6812680A60ECF7ECFE00F001F854
:1095800001BD80B5002027490870274800780028D1
:1095900001D100F00CF801BD80B50020224908700F
:1095A00020480078002801D100F001F801BD10B575
:1095B0002D480078002801D1FFF752FA05F077FD19
:1095C000254C2078002803D00120314909688847BC
:1095D00000F071FB2078002805D06069002802D0D7
:1095E000102005F097FA10BD80B51B4800780028C0
:1095F00002D0FFF703FB01E0FFF7C3FF01BD80B519
:1096000008480178832906D100210170002006490D
:109610000870FFF7CCFF01BD2D7700202F770020C9
:10962000447600202C7700202E7700204C760020F6
:109630000C070020F47400201B7700200476002023
:109640001A770020DC760020307700204876002052
:10965000DA76002032770020EC690020377700208E
:1096600090670020D475002017770020201D00008F
:109670001C1D000033770020D876002031770020B1
:109680001F770020D676002028740020F41C0000EC
:109690002476002038B5A04A517B0F2927D09F4956
:1096A0000978002923D09E490B789E49527B51F8B6
:1096B00022104B434FF47A71B3FBF1F19A4A1368CD
:1096C0008B4201D2002201E01268521A974B1C68AB
:1096D0008C4201D2002301E01B685B1A944C256880
:1096E0008D4201D2002108E02468611A05E08E490C
:1096F0000A688E490B688E4909684FF47A74624390
:1097000090420AD38B480178032904D003210170C9
:10971000007800F02BF9002025E0634398420AD33B
:1097200084480178022904D002210170007800F0F9
:109730001DF9012017E0614388420AD37D48017872
:10974000012904D001210170007800F00FF90120F7
:1097500009E078490878002804D0002008700878CB
:1097600000F004F9012032BD10B473490868401CB0
:109770000D22B0FBF2F302FB130008606F4A704B3E
:109780001C68086852F82000241A1C600020096830
:1097900042F8210010BC704720206A4908607047D9
:1097A0003EB5002068490860002063490860002039
:1097B0006349086000205F49087000206349086021
:1097C000634C6448206064480D210160002106E07C
:1097D00000225A4B0D00EDB243F82520491C0A0027
:1097E000D2B203689A42F3D34DF2F0205049086098
:1097F0005A484E4908605A484B4908600620594962
:10980000086020204F490860574D2868002821D162
:109810006846F8F7EDF800208DF800000020019070
:109820006A4601210FF29D00F8F7A3F82860286826
:10983000F8F7D4F800280DD124684FF47A70444327
:10984000F8F7C5F8B4FBF0F12868F8F7D6F82868FF
:10985000F8F7D7F837BD10B53B490A6812F1010F88
:1098600002D100220A6002E00A68521C0A603449F0
:109870000A6882180A60304A304B146853F8244052
:109880000019126843F822000868FFF703FF10BDB3
:1098900080B52D490968002901D1012011E028492E
:1098A00009680818FFF7F6FE002801D0012008E03B
:1098B0002648016811F1010F02D00168491C0160BE
:1098C000002002BD38B5FFF74FFF1D480068FFF7C5
:1098D000E1FE1F4804684FF47A704443F8F777F8C4
:1098E000B4FBF0F4204D2868F8F778F8002806D18A
:1098F00021002868F8F781F82868F8F782F831BD68
:1099000010B50400FFF748FF1648006804190D4819
:1099100000684443200010BD9067002017770020A6
:1099200034770020B41C0000A8760020A476002024
:10993000A076002047770020B0760020846E0020BB
:10994000AC76002094760020887600208C7600206B
:1099500098760020E09304009C760020F824010013
:10996000905F010090760020B47600207047280CAC
:1099700080B50020DFF8601808700020DFF85C1860
:109980000870DFF8C8080078002803D10021002003
:1099900000F099FC01BD2DE9F8438146DFF8B0885D
:1099A00098F88340DFF830582878002801D0FEF777
:1099B00082FFDFF8A0683068002801D1FEF77BFF46
:1099C00001202870DFF8907887F800903878002818
:1099D00009D0022831D006D304283BD033D306283F
:1099E0002ED04DD34DE00020DFF8341808703068D9
:1099F000807D400605D598F84E00DFF860180870A5
:109A000004E098F82500DFF854180870387800282A
:109A10000DD198F80300002809D0DFF8400801783C
:109A2000032902DB0221017001E00178017000F0DE
:109A300072F8306800286CD025E013F0D0F822E0EE
:109A400000F0DAF81FE00020DFF8D417087000F00B
:109A5000C7FB18E0306890F85D00DFF8C4170870A5
:109A6000306890F85E00DFF8F41708700020DFF827
:109A7000F017087000F04FF83068002849D002E075
:109A800001E0FEF718FFDFF854070078002812D134
:109A90003068002801D1FEF70EFF3068406800787A
:109AA00010F02000DFF8BC1708703068406880783C
:109AB000DFF8B41708703878032805D03878022802
:109AC00002D03878062824D1ECF71DFC060038783F
:109AD000022809D0DFF89417087800280CD1DFF8A5
:109AE00090070078002807D1832028703000ECF719
:109AF00031FC00F098F80CE002202870E4B2012C50
:109B000004D10878832801D1EFF7BAFE3000ECF7D2
:109B100021FCBDE8F18338B5002000208DF800005D
:109B200005F002FADFF84C47C0B20122DFF82C172B
:109B300091F900108A40511E08402080DFF8385704
:109B40002878002833D0A86B002830D0694642F22C
:109B50001A00AA6B9047DFF88406007800281CD012
:109B6000DFF8BC060078002817D19DF80000002817
:109B700013D0E86D002810D0E86D804700280CD085
:109B80002288DFF8F8160B780833DFF8F416097826
:109B90004B43B0FBF3F08218228021889DF800200F
:109BA000DFF87C060078424312FA81F02080DFF86B
:109BB000A8060078002802D112F0A8FD01E012F0FA
:109BC0006EFDDFF890060068002814D0DFF89C06D0
:109BD000007800280BD1DFF898060078002806D11D
:109BE0008320DFF8F415087000F01DF803E0022070
:109BF000DFF8E415087031BD80B5DFF8580601685C
:109C000091F86110DFF86C261180DFF87816006893
:109C100090F8620008700878002801D101200870CF
:109C200012F0F7FF01BD80B5DFF82C06017802299C
:109C300002D112F0E9FF0DE00178062902D113F0FC
:109C400039F807E00078052802D100F013F801E0A8
:109C500000F001F801BD80B5DFF8FC0501780029AE
:109C6000012902D9C91E012903D8007812F0B1FFD9
:109C7000FFE701BD80B513F022F8002802D11C20B7
:109C800000F07DF901BD80B50120DFF850150870A6
:109C9000DFF8F4054068002804D0DFF8F00581897A
:109CA000491C8181F0200EF09FF9DFF8AC050078A7
:109CB000FFF771FE01BD10B5DFF8B0050078002890
:109CC00004D1DFF8AC050078002801D0FEF7F3FDE1
:109CD000ECF719FBDFF800150A78022A28D10122D7
:109CE0000A70DFF874452278022A05D02278032A08
:109CF00002D02278062A01D183220A70ECF72AFBCF
:109D00002078002805D02078012802D02078042867
:109D100002D1FFF700FFFFE72078022805D0207866
:109D2000032802D02078062804D1FFF77CFF01E049
:109D3000ECF710FB10BD70B5DFF81C45207800284B
:109D40000DD0207801280AD02078042807D0207868
:109D5000032804D02078052801D0FEF7ACFDDFF8F9
:109D6000785404202870DFF8B8040178491C017089
:109D7000DFF8DC6496F824100078814203D2E120F9
:109D800000F0FDF829E0207804280AD1DFF8E81473
:109D90000878002805D0C86C002802D00220C96CC1
:109DA0008847DFF8B8040178491C96F831209142C1
:109DB00003DA0178491C017002E096F83110017055
:109DC0002078032804D183202870FFF744FF04E0A3
:109DD0002078052801D0FFF79EFE70BD80B5DFF822
:109DE00078040078062815D1DFF8A4040178491C0E
:109DF0000170DFF880040188022906DB0188491E12
:109E00000180062012F0E5FE08E000F00BFA00F0F9
:109E10003EF803E000F006FA00F039F801BD80B525
:109E2000DFF8B403017883290DD1DFF82C14097809
:109E3000032903D10020FFF77EFF04E08521017094
:109E40001D2000F09CF801BD80B5FFF7A5FB01BD0A
:109E500080B5DFF84004408842F20341401A07D041
:109E6000401E09D0401E0ED1E92000F088F80DE018
:109E7000002000F084F809E00120FEF795FD1B208A
:109E800000F07DF802E0E92000F079F801BD70B53E
:109E9000DFF8C0432068002801D1FEF70CFDDFF891
:109EA000C46320684068007810F020003070ECF740
:109EB0002AFA0500DFF820130878832818D13078B3
:109EC000002808D1852008702800ECF743FA00200C
:109ED00000F055F80FE0206890F86C00002801D1E0
:109EE000FEF7E9FC2800ECF735FAFFF7B1FF02E0D6
:109EF0002800ECF72FFA70BD38B505000C00ECF720
:109F000002FADFF8D4120A78862A1DD1DFF88823F6
:109F1000D3895B1CD38187220A70ECF71BFADFF828
:109F200048030078EDB285420AD1E4B2002C03D098
:109F30001B2000F024F809E0002000F020F805E0E4
:109F4000E92000F01CF801E0ECF704FA31BD80B51F
:109F5000DFF844038189491C8181ECF7D4F9DFF8EB
:109F600078120A78862A07D187220A70ECF7F2F96C
:109F7000E92000F004F801E0ECF7ECF901BD10B5C0
:109F80000400DFF818030078002825D0DFF8C402A9
:109F90000068007D00281FD000212000C0B20028EA
:109FA00003D02000C0B21B2801D101210AE020000B
:109FB000C0B2E92806D1DFF8D0024088B0F5105FC2
:109FC00000D10121C9B2002906D0DFF8BC02C07B54
:109FD000FFF796FCFFF73FFC0020DFF80012087047
:109FE0000020DFF8F41108702000C0B2002815D15D
:109FF000DFF85C0290F8530088280AD0DFF8580296
:10A00000007805280AD1DFF84C020068807D4007FF
:10A0100004D4F7F7DFFCDFF888120860DFF8581285
:10A020000878002810D0486C00280DD02000C0B25D
:10A03000496C8847DFF814020078002803D100211A
:10A04000002000F040F90CE0DFF85802007800280A
:10A0500001D1FEF705FD05F02AF82000C0B20CF092
:10A06000D2FEDFF8F0110868002806D00868007DED
:10A07000352804D0FEF7EAFC01E0FEF7E7FC10BD4E
:10A0800080B5DFF8D4010078042801D0FEF713FC76
:10A09000042051490870DFF8C8010178491C01709B
:10A0A000DFF8D411C86C002802D00320C96C88479F
:10A0B0000320DFF8C011088012F0F1FA01BD7CB571
:10A0C000DFF88C0190F88340DFF8880100680028F1
:10A0D00001D1FEF7F0FBDFF8A0512878002850D01E
:10A0E00000F07EF8DFF8C0010068DFF8C0110968F1
:10A0F0004031096888470600ECF705F90400DFF8ED
:10A100006C11087800282DD1DFF864010078002850
:10A1100028D10020E96C88476946F42000F02DF929
:10A120009DF9000076B2864203DB4D480078002896
:10A1300011D08320284908700020EFF7EDF92000A6
:10A14000ECF708F9DFF868010078DFF868110870AB
:10A15000FFF769FD37E02000ECF7FCF80020FFF77F
:10A160008FFF30E002201C4A10700878832801D14C
:10A17000EFF786FB2000ECF7EDF80420E96C884748
:10A1800021E0ECF7C0F805003849087800280CD128
:10A1900037480078002808D183200F49087028002C
:10A1A000ECF7D8F8FFF73FFD0DE002200A4A1070E7
:10A1B000E4B2012C04D10878832801D1EFF760FBC9
:10A1C0002800ECF7C7F821480078002803D10021C7
:10A1D000002000F078F873BD37770020407700202A
:10A1E00070B5254C2078002819D0E069002816D0D9
:10A1F000184D2868006D002806D000232A68022127
:10A200002868006DE669B0472868406D002806D0D0
:10A2100000232A6808212868406DE469A04770BDC2
:10A220003D77002038B50B4C2068002801D1FEF79F
:10A2300042FB214D286812F080FD2168C860286823
:10A2400012F06FFD2168088231BD00001B770020ED
:10A2500090670020D4750020397700203A770020DD
:10A260003E7700203C7700203F7700202C770020AD
:10A270002E770020DE760020EC6900201C7700207D
:10A28000347700203B77002050630020F4720020D8
:10A2900042770020F86200201C73002048770020DD
:10A2A00060760020177700201C7600203076002092
:10A2B000417700201E7700202876002000202249C8
:10A2C00008707047704770B504000D00ECF71BF87C
:10A2D0000600E4B2002C12D001211C480078E9F7F6
:10A2E000F0FE3000ECF736F82800C0B205F005F8B3
:10A2F00004F062FD002801D105F065F821E004F0CA
:10A3000065FC00281AD012F02FFE002816D0104845
:10A310000078002812D103F0B9FC0E4C20780028F8
:10A320000CD1002109480078E9F7CBFE002803D1C1
:10A330002800C0B204F0C1FF002020703000ECF70C
:10A3400009F870BD00000000147700201577002088
:10A35000E21C00203577002010B5DFF87C4288220F
:10A36000DFF878122000E9F76FFF04F0DDFD84F8D4
:10A37000220004F0D9FD207510BD70B50C00C0B2EC
:10A3800003F047FE0500C0B2FF2801D1F42014E01D
:10A39000EBF7B9FF060092482900C9B200EB810132
:10A3A0004A788D49EDB210F8250001442000E9F704
:10A3B0004BFF3000EBF7CEFF002070BD2DE9F843D6
:10A3C00004000D0029002000C0B203F034FEC028B4
:10A3D00001D10020FCE02000C0B2452809D1814C09
:10A3E000342229002000E9F72FFF7B4884600020F9
:10A3F000EEE02000C0B203F00CFE0600C0B2FF2861
:10A4000001D1F420E4E02000C0B2E82803D020000D
:10A41000C0B2E72801D10020DAE0714F3000C0B2AD
:10A4200007EB80008078002806D13000C0B207EB2F
:10A430008000C078002852D03000C0B207EB800006
:10A4400080783100C9B207EB8101C978884201D117
:10A45000FB20BDE02000C0B2582807D128888F38E3
:10A4600047F6734188423AD3E820B1E02000C0B2F9
:10A47000602807D128880A3843F6F67188422ED31F
:10A48000E820A5E02000C0B2E02808D195F900003E
:10A4900004F0EDFD10F1010F21D1E82098E020003B
:10A4A000C0B2E82809D14C4890F853002978884276
:10A4B00015D1F1F749FF00208AE028783100C9B2B0
:10A4C00007EB81018978884207D33000C0B207EBDF
:10A4D0008000C0782978884201D2E82078E0EBF744
:10A4E00012FF8046DFF8F0903000C0B207EB80002A
:10A4F00042782900F6B217F826004844E9F7A4FE8E
:10A500004046EBF727FF2000C0B250280ED052285B
:10A5100022D0532815D0E0283ED0E12828D0E228C8
:10A520002FD0E8283DD0F52840D04CE0B9F82600DF
:10A5300004F019FD2C480078002801D10EF0E6F84F
:10A5400045E0B9F82A0004F015FD274800780028F6
:10A5500001D10EF0DBF83AE099F82900002803D089
:10A560000220FEF712FA02E00220FEF72EFA2EE099
:10A5700099F8430004F0C0FD012801D01A2027E01B
:10A5800025E019F1440004F0FCFC1748007800288D
:10A5900001D10EF0BBF81AE099F9420004F000FD79
:10A5A00015E0F1F7D1FE04F08FF810E0F1F746FF67
:10A5B00099F8810004F0B7FC99F88100002801D0D7
:10A5C00004F082F803E02000C0B203F036FD002062
:10A5D000BDE8F283054870479067002068070000D7
:10A5E000F0070000506E00201F770020A41C000020
:10A5F00070B504460D46EBF786FE2968002631B19A
:10A600000A69A24208BF0E4609680029F8D1EBF793
:10A61000A1FE304670BDDFF8101791F8330000221C
:10A62000030604D4582010FB02F28818704791F8F2
:10A630008B0001220306F5D591F8E3000222030600
:10A64000F0D591F83B0103220306EBD591F8930175
:10A6500004220306E6D591F8EB0105220306E1D5B5
:10A6600091F8430206220306DCD591F89B020722EB
:10A670000306D7D5002070472DE9704306461446DF
:10A680001D46EBF740FE6EB1D6E90A2322432B4369
:10A69000C6E90A23D6E9088948EA040449EA050517
:10A6A000C6E90845BDE87043EBF754BE30B581B04C
:10A6B00004460D4602F0E2FCA04231BF241A641E9B
:10A6C000241A641CA40805F57A70A04238BFB4F1BE
:10A6D000405F06D2641B012C98BF0124204601B0C4
:10A6E00030BD002001B030BDF0B5DFF83C36044687
:10A6F0000025D3F85003012981B024D100E000687F
:10A70000002852D0C668377B07F00F07022F1AD0F7
:10A710000068002849D0C668377B07F00F07022F72
:10A7200011D00068002840D0C668377B07F00F07BB
:10A73000022F08D00068002837D0C668377B07F0A2
:10A740000F07022FDBD180B3012502B11060C26870
:10A75000167B06F00F06022E27D1012904D10169CC
:10A76000CA68898D511813E0118840F6030291429E
:10A770001CBF40F60406B14207BF01694A6901697E
:10A780000A69498B561893F82213192212FB0161AA
:10A79000406BFFF78BFF2060F7F719F92168B1FBD9
:10A7A000F0F0206001B02846F0BD0020206001B02C
:10A7B0002846F0BDF0B581B00446EBF7A4FD054690
:10A7C000002C1CBFA07A002833D0DFF8603594F944
:10A7D00009001E680122F70702FA00F10ED5DFF822
:10A7E00050351B681E0609D5DFF848355E68113004
:10A7F00002FA00F0C04306405E6018600020A072BC
:10A80000207220606060C4E90400DFF81C35A0619C
:10A8100094F9090093F820638240324393F82203AD
:10A8200083F8202310B1401E83F82203C8B200F041
:10A8300062F9284601B0BDE8F040EBF78BBD00009F
:10A840002DE9F04700261124DFF8E854DFF8D8940A
:10A850004FF00108F0B2032848DA09EB401000F588
:10A860003077B97A012941D197F90900113008FAF6
:10A8700000F0C14329606A681043686097F90900D5
:10A8800008FA00FAEBF73FFD99F894134AEA010140
:10A8900089F89413EBF75EFD99F88403022817D129
:10A8A00007F1100012F09AFB00F0FF0001280FD111
:10A8B000B86948B199F88413022909D112F08EFBC6
:10A8C00000F0FF00012803D10220B8720EE000BFA3
:10A8D00099F8210397F9091004FA01F1084389F85E
:10A8E0002103002109F582600EF054FF761C032E2F
:10A8F000B0D3BDE8F08730B5042881B020D1DFF8AF
:10A90000284404F58D60F7F769F8C8B1F7F75FF8E8
:10A91000054604F58D60F7F75FF84543B5F5967F7A
:10A920000ED204F58D60F7F76EF80520EDF7E4FC24
:10A93000012084F89103042104F56E700EF02AFFC3
:10A94000002001B030BD70B50446EBF7DCFCDFF849
:10A95000D863054696F84C0320EA040486F84C4375
:10A960000024D6F8280320B1B830F7F737F800B143
:10A970000124D6F82C0320B1B830F7F72FF80443A0
:10A9800019D196F84C03002808BF002C13D1D6F833
:10A99000480380B190F828108A070CD5446A2846ED
:10A9A000EBF7D8FCD6F8480300220221A04700208C
:10A9B000C6F8480370BD2846BDE87040EBF7CABC36
:10A9C000F0B400290CBF01230023002A0CBF01258D
:10A9D0000025002839D02C0004BF90F84440002CFA
:10A9E00033D000291CBF91F84440002C12D0446B96
:10A9F0000E6C07690969A408A4EB96040026B94205
:10AA000018BFFE68A41B04F18054B4F1805F88BFB6
:10AA1000012301D8190018D0BAB1D1680C7B04F019
:10AA20000F04022C11D1516B046C12690069890862
:10AA3000A1EB94010024904218BFD468091B01F1D6
:10AA40008051B1F1805F88BF012503EA0500F0BCA9
:10AA50007047F0B581B01E466FF002078DF80070A8
:10AA6000054634682246FFF7ABFF10B101208DF890
:10AA700000009DF90000B84201BFE968087B00F0C2
:10AA80000F0002280CD100E024684CB12268214656
:10AA90002846FFF795FF0028F6D002208DF8000029
:10AAA0009DF90010B94204D1E86B10B104218DF872
:10AAB00000109DF90070012F06D129463046EBF7B2
:10AAC000C4FC384601B0F0BD022F09D12268002A2B
:10AAD0002946304608D0EBF790FC384601B0F0BD6F
:10AAE000042F03D129463046EBF79AFC384601B0D3
:10AAF000F0BD0020704730B581B00446EBF703FC91
:10AB00000546894890F8941321EA040480F8944398
:10AB100090F89423110704D4082100F56E700EF00C
:10AB200039FE284601B0BDE83040EBF713BC2DE9F3
:10AB3000F04FDFF80CAC81B09AF88413022905D1EC
:10AB400001B0BDE8F04F1920EBF7E3BB9AF884039E
:10AB500001281CBF9AF88403042800F08780EBF7D3
:10AB6000D2FB00900024DAF85003002518B3C16826
:10AB70000A7B012502F00F02022A1CD10A88192142
:10AB800040F603039A421CBF40F60406B24219BFC6
:10AB90000269136902695369528B406B9A189AF8DB
:10ABA000223311FB0321FFF781FD0646F6F70FFF65
:10ABB000B6FBF0F800E0A04600264FF0FF39002772
:10ABC000F8B203281EDA0AEB401101F53072907AD0
:10ABD000C0B1107A012602281DD0DAF89803016965
:10ABE000408B9AF822330918192010FB0311506981
:10ABF000FFF75CFD8346F6F7EAFEBBFBF0F0484545
:10AC000098BF81467F1C022FDAD9354205D04446D1
:10AC10004C4507D905E0A146F7E70DB1444601E0F0
:10AC200006B14C46354317D064B12146012998BF7F
:10AC300001210AF58D60F6F7E0FE0AF58D60F6F762
:10AC4000E0FE0DE00AF58D60F6F7DDFE04210AF561
:10AC50006E700EF09FFD03E00AF58D60F6F7D3FEEF
:10AC6000009801B0BDE8F04FEBF774BB01B0BDE850
:10AC7000F08F30B585B00146002203920192049214
:10AC8000029240F602058C68487E628023885B1B36
:10AC900009D041F21E055B1B05D041F6E6755B1B32
:10ACA000012B0FD91CE0238A4FF6FF321340238279
:10ACB000002819BF4FF60F4003402D2060F3091301
:10ACC00023820DE0238B4FF6FF32134023830028AD
:10ACD00019BF4FF60F4003402D2060F30913238363
:10ACE0000020487602AD009504AB01AA03A92046D6
:10ACF00001F0D7FE50B1039801884FF6FF729142E0
:10AD000004D10299019801F03EFE03E002990198F6
:10AD100001F07FFEDFF8280AD0F8AC1309B10198E2
:10AD2000884705B030BD0000604100204021084048
:10AD300000000440081004402DE9F04784B00025CD
:10AD4000DFF8FC890395D8F850630295002E68D08F
:10AD5000D8F86403002804BFD8F86003002840D165
:10AD6000012585F0010903AA494602A8FFF7BCFCAA
:10AD7000040058D1DFF8CC094768002F18BF002C19
:10AD800000F009830298002840F00583D8F8641386
:10AD900003980190CDF8009008F55673D8F8600339
:10ADA00008F55472B847012800F0C881022840F025
:10ADB000F282D8F86003D8F86013B0F930400D691A
:10ADC000EBF7A1FA4FF0FF318C4201904BD1D8F84C
:10ADD000600300283BD00069A84238D1D8F86063EE
:10ADE00097E0D8F860030028BBD0D8F86003016969
:10ADF00030698142B5D196F83310CA06B1D5D8F87A
:10AE000064030028ADD10125D8F86003C1684888E3
:10AE10000028F9D0D8F86003C16848880128F3D029
:10AE20009FE702213FE3002DA4D102980028A1D082
:10AE30000146022938BF012108F58D60F6F7DDFDD6
:10AE400008F58D60F6F7DDFD04B0BDE8F087D8F8B1
:10AE5000640328B10069A84208BFD8F8646358D0D9
:10AE6000D8F8506355E0B8F930000021A04202BF85
:10AE7000D8F810300093AB4246D0B8F988000121D1
:10AE8000A04202BFD8F868300093AB423CD0B8F97A
:10AE9000E0000221A04202BFD8F8C0300093AB42CC
:10AEA00032D0B8F938010321A04202BFD8F81831D6
:10AEB0000093AB4228D0B8F990010421A04202BF10
:10AEC000D8F870310093AB421ED0B8F9E8010521E3
:10AED000A04202BFD8F8C8310093AB4214D0B8F9F1
:10AEE00040020621A04202BFD8F820320093AB42B4
:10AEF0000AD0B8F998020721A04202BFD8F87822F8
:10AF00000092AA4240F01881582010FB01F108EB92
:10AF10000106002E00F0108196F83300010640F182
:10AF20000B81D8F8600386421CBFD8F864138E42A8
:10AF30006AD0D8F850434FF0000A00E02468002C93
:10AF400000F0FA80B44211D02468002C00F0F480A4
:10AF5000B4420BD02468002C00F0EE80B44205D03F
:10AF60002468002C00F0E880B442E7D1206927680B
:10AF7000A84234D1EBF7C7F9D4E90A2343F0805152
:10AF8000C4E90A210AF1010AD4E9082343F08051F7
:10AF9000C4E90821EBF7DEF9EBF7B5F9D4E90A23A8
:10AFA00043F08071C4E90A21D4E9082343F0807199
:10AFB000C4E90821EBF7CEF998F84C133069C8F8CA
:10AFC000480341F0010188F84C1308F554702146FC
:10AFD000EBF750FA214608F55670EBF721FA3C00E2
:10AFE000C4D1BAF1000F1FBF98F88403012898F864
:10AFF0008403042800F0A080DFF8281908F56E709B
:10B000000EF0C8FB0198F1E1D8F8600300224FF080
:10B010000053FFF731FBD8F8640300224FF00053D0
:10B02000FFF72AFBDFF8000911F0D8FFD8F86043DA
:10B03000EBF769F95CB1D4E90A2343F08071C4E904
:10B040000A21D4E9082343F08071C4E90821EBF711
:10B0500081F9D8F86443EBF756F95CB1D4E90A23D7
:10B0600043F08071C4E90A21D4E9082343F08071D8
:10B07000C4E90821EBF76EF998F84C133069D8F859
:10B080005063C8F8480341F0010188F84C13344676
:10B0900000E02468002C4FD0B4420ED02468002C6D
:10B0A0004AD0B44209D02468002C45D0B44204D020
:10B0B0002468002C40D0B442EBD1002C3CD0206955
:10B0C0002768A84236D1EBF71EF90246D4E90A01F7
:10B0D00041F08053C4E90A03D4E9080141F08053E8
:10B0E000C4E908031046EBF735F9EBF70CF9024613
:10B0F000D4E90A0141F08073C4E90A03D4E90801E4
:10B1000041F08073C4E908031046EBF723F998F87F
:10B110004C133069C8F8480341F0010188F84C131A
:10B1200008F554702146EBF7A5F9214608F556704D
:10B13000EBF776F93C00C2D1019857E1039800B1D2
:10B140000646B6F930403569EBF7DDF84FF0FF31D0
:10B150008C42074614D1D8F8600328B10069A84290
:10B1600008BFD8F8606361D0D8F8640328B10069DB
:10B17000A84208BFD8F8646358D0D8F8506355E0A7
:10B18000B8F930000021A04202BFD8F81030009377
:10B19000AB4246D0B8F988000121A04202BFD8F8DE
:10B1A00068300093AB423CD0B8F9E0000221A042E5
:10B1B00002BFD8F8C0300093AB4232D0B8F93801A2
:10B1C0000321A04202BFD8F818310093AB4228D027
:10B1D000B8F990010421A04202BFD8F87031009361
:10B1E000AB421ED0B8F9E8010521A04202BFD8F851
:10B1F000C8310093AB4214D0B8F940020621A042F6
:10B2000002BFD8F820320093AB420AD0B8F99802B6
:10B210000721A04202BFD8F878220092AA4240F04B
:10B22000B880582010FB01F108EB0106002E00F059
:10B23000B08096F83300010640F1AB80D8F8600387
:10B2400086421CBFD8F864138E4261D0D8F85043B0
:10B2500000E02468002C00F09C80B44211D02468E7
:10B26000002C00F09680B4420BD02468002C00F033
:10B270009080B44205D02468002C00F08A80B4424B
:10B28000E7D12069A84240F08480EBF73CF8D4E98C
:10B290000A2343F08051C4E90A21D4E9082343F08A
:10B2A0008051C4E90821EBF755F8EBF72CF8D4E905
:10B2B0000A2343F08071C4E90A21D4E9082343F04A
:10B2C0008071C4E90821EBF745F898F84C13306910
:10B2D000C8F8480341F0010188F84C1308F5547090
:10B2E0002146EBF7C7F8214608F55670EBF798F8BA
:10B2F00098F8840301281CBF98F88403042848D0D8
:10B30000DFF8201608F56E700EF044FA38466DE04E
:10B31000D8F8600300224FF00053FFF7ADF9D8F8DA
:10B32000640300224FF00053FFF7A6F9DFF8F80599
:10B3300011F054FED8F86043EAF7E5FF5CB1D4E9B8
:10B340000A2343F08071C4E90A21D4E9082343F0B9
:10B350008071C4E90821EAF7FDFFD8F86443EAF7F1
:10B36000D2FF5CB1D4E90A2343F08071C4E90A2119
:10B37000D4E9082343F08071C4E90821EAF7EAFF21
:10B3800098F84C133069C8F8480341F0010188F877
:10B390004C1338462AE0002D00F089803069D8F837
:10B3A0009813884218BF4FF480617CD1002C1CBFD9
:10B3B000029800281FD0D8F86003002804BFD8F8EE
:10B3C0006403002817D1EAF79EFF044698F8940317
:10B3D00000F0F70088F8940398F89403010704D468
:10B3E000082108F56E700EF0D5F92046EAF7B2FF95
:10B3F00004B0BDE8F087EAF786FF98F8941341F0AF
:10B40000080188F89413EAF7A5FF96F83300C106FF
:10B4100008F5547004D5EAF7DCFFC8F8640303E0CC
:10B42000EAF7D7FFC8F86003D6E90601DFF8A048BD
:10B43000C043A060E268D6E906010243E260D6E9B3
:10B440000623DB4323606768D6E906010F43676084
:10B45000DFF880787D68F4682B46180007D0387ACA
:10B46000010704D5D8F898033246082198472046AA
:10B4700011F0B4FD208840F60201401A08D041F2D4
:10B480001E01401A04D041F6E671401A012808D87E
:10B490003DB1387AC10704D5D8F898032246012176
:10B4A000A8474FF0804108F56E700EF073F904B0B4
:10B4B000BDE8F0872DE9F04FDFF88492DFF8180837
:10B4C00081B0D9F8608311F00AFE0646DFF8EC0976
:10B4D0000468076804F02004344018BFB8F1000F76
:10B4E00007F4602716D0C9F86883EAF70CFFD8E99B
:10B4F0000A232343C8E90A23D8E908AB4BEA040529
:10B50000C8E908A5EAF726FF4FF4804109F56E70F7
:10B510000EF040F93E400DD099F8211341EA564013
:10B5200089F8210301B009F58260BDE8F04F0021E0
:10B530000EF030B901B0BDE8F08F2DE9F043DFF82F
:10B54000009281B099F82103002400284CD099F88A
:10B5500021030026C1073DD599F821031021B140F0
:10B56000084218BF0124EAF7CEFE99F821131122F0
:10B57000B240914389F82113EAF7ECFE032E33DA47
:10B5800009EB461101F53072907A68B392F909809F
:10B59000DFF82C1901EB8801002C0D68166857683C
:10B5A00004BF107A022803D1D2E90401C30009D4F0
:10B5B0001046FFF7FFF82CB10020009000224FF05A
:10B5C000007303E0009500224FF0006341463046CF
:10B5D000B84709E099F8210301268107BCD499F8FE
:10B5E000210302264107B7D499F8210338B109F5A0
:10B5F000826001B0BDE8F04300210EF0CBB801B08D
:10B60000BDE8F0832DE9F0430FF23C1285B0D2E99A
:10B610000034CDE900344FF4804011F0D9FC4FF0F4
:10B620000008F0B1DFF89C08D0F813100078C1F3DF
:10B630001501800841EAC0714148D0F898339868F4
:10B6400002AA01F0C1FA3E48DFF88816D0F8980344
:10B650004B6882681C0004D00C7AE10744BF0121CA
:10B6600098476E464FF0020937683868002855D071
:10B670003868D0E9060111F0ABFC3D680021CDE946
:10B6800002010446EAF73FFE84467DB1D5E90A236C
:10B69000DDE9020110431943C5E90A01D5E9082390
:10B6A000DDE9020110431943C5E908016046EAF7E4
:10B6B00051FE14F00A0F2AD03868DFF80018DFF8BE
:10B6C00008388A68DFF8F447D0E906011840824359
:10B6D000A26038682368D0E906018B4323603A688A
:10B6E000DFF8F0054368190007D0017AC80604D5D1
:10B6F000134CD4F89803102198473968DFF8CC0729
:10B70000EAF78EFE0020386048F0020806E02CB10F
:10B7100038680B49C1F8680348F48048361DB9F110
:10B720000109A1D15FEA08011CBFDFF8A4070EF0F0
:10B7300031F8FFF785F8FFF7FFFA05B0BDE8F083B1
:10B7400060410020841B0020C0440020C44400202D
:10B7500030B5DFF8804781B0B4F96C03B4F96E13EB
:10B76000884217D1EAF7CFFD054694F8940300F01C
:10B77000F70084F8940394F89403010704D4082193
:10B7800004F56E700EF006F8284601B0BDE83040B2
:10B79000EAF7E0BD01B030BD0720FFF7D4B82DE9CE
:10B7A000F041074682B0D7F8A860884614461D4687
:10B7B00006B1B047D7E928012040294008BF00283A
:10B7C00000F08E80DFF80C57B5F930600024464554
:10B7D00002BF2A690092BA4203D195F833201606B7
:10B7E00063D4B5F988600124464502BFAA6E009271
:10B7F000BA4203D195F88B20160656D4B5F9E0600D
:10B800000224464502BFD5F8C0200092BA4203D1B7
:10B8100095F8E320160648D4B5F938610324464567
:10B8200002BFD5F818210092BA4203D195F83B2106
:10B8300016063AD4B5F990610424464502BFD5F8FE
:10B8400070210092BA4203D195F8932116062CD4A8
:10B85000B5F9E8610524464502BFD5F8C821009234
:10B86000BA4203D195F8EB2116061ED4B5F9406211
:10B870000624464502BFD5F820220092BA4203D1E1
:10B8800095F84322160610D4B5F998620724464568
:10B8900002BFD5F878220092BA4203D195F89B22D4
:10B8A000160602D4C7E92C0110E0582616FB04F452
:10B8B000C7E92C012C44D4E9082322EA000023EA3A
:10B8C0000101C4E90801D7F8A850A5600020C7F815
:10B8D000A80002B007F15000BDE8F0410FF031BC04
:10B8E00002B0BDE8F081704700B581B00DF050FFA7
:10B8F000DFF8E0250146D2F89803D2F8882301B09A
:10B900005DF804EB1047DFF8CC050FF2D952D0F800
:10B910008813914208BFFFF70AB9042100F56E7041
:10B920000DF038BF020000400100010430B581B0C5
:10B930004FF0FF3011F04CFBDFF898550FF2A55196
:10B940000446D5F88803884232D10022DFF89015EA
:10B9500005F57D70EAF7DFFC022085F88403D5F851
:10B9600098138A6801F1380300E00246506890B1EC
:10B9700098421EBF0246506800280CD098421EBF55
:10B9800002465068002806D098421FBF0246506801
:10B9900000289842E9D1507B10F00F0F02BF488F6A
:10B9A00040F60901884203D0FEF74AFFFFF7C4F9C9
:10B9B000DFF8D00C044208D005F56E7001B0BDE888
:10B9C00030404FF000510DF0E5BE01B030BD00B584
:10B9D00081B04FF0FF3011F0FBFA800708D501B0BD
:10B9E0005DF804EB4FF40061DFF8E4040DF0D2BE23
:10B9F00001B000BD2DE9F041DFF8D874D7F85863E5
:10BA0000002E00F0AB80F068082140F6040240F6FA
:10BA1000030301E04068491E68B1CCB25CB1048800
:10BA20009C4218BF9442F5D1316901F138021AC81D
:10BA30001AC21AC81AC2D6E90A450022C6E90A2261
:10BA4000B068D0B115F0E24310D024F00F0235F009
:10BA5000E24308BF002A05D0B6F930103069D6F8A5
:10BA600008C0E04704F0000405F0E245B6F93010E4
:10BA700030692246B4682B46A047EAF744FC0446E6
:10BA8000B7F86E03401CC0F30B00A7F86E036FF00D
:10BA90000201002086F83300318607F55670EAF778
:10BAA00098FC2046EAF756FCB7F96E03B7F96C1319
:10BAB000884253D1D7F89823D7F82863D7F82C5366
:10BAC00092F8FC100024A046052001B10720FEF7E3
:10BAD0003AFF2EB196F8FC0000B9346886F8FC8075
:10BAE0003DB195F8FC0008B9D5F80080002085F834
:10BAF000FC00444538BF4446E4B9B7F96C03B7F9D4
:10BB00006E1388422AD1EAF7FEFB044697F89403A5
:10BB100000F0F70087F8940397F89403010704D422
:10BB2000082107F56E700DF035FE2046BDE8F041A6
:10BB3000EAF710BC14F1010F10D0F5F748FFB4FB81
:10BB4000F0F1012998BF012107F2AC40F5F755FF4C
:10BB500007F2AC40BDE8F041F5F753BFBDE8F08116
:10BB6000DFF8702392F884130020022904BFD2F872
:10BB70006013002903D1D2F8641301B90120704782
:10BB800070B5DFF8041B0446D248D0F89C630868FF
:10BB90002568026B9047864231BF861B401E861B7C
:10BBA000761C360BAE423CBFAD196E0840F6C41091
:10BBB000864288BF064604D8B6F5967F38BF4FF454
:10BBC0009676266070BD30B50D46A80781B0C14C91
:10BBD00012D5FFF70FFFD4F8580340B145F002012A
:10BBE00004F56E7001B0BDE830400DF0D3BD01B07A
:10BBF000BDE83040FEF79BBF680767D5012184F898
:10BC000096130420ECF778FBDFF87C0A01680A6BD6
:10BC10009047C4F89C03D4F8500398B10569D4F850
:10BC20009803002818BFA8420AD095F828004107B9
:10BC300004D56B6A002204212846984701206876C3
:10BC4000C4F89853D4F898034168DFF8400A0A789A
:10BC500002600220ECF750FB1020ECF762FB0120A1
:10BC600084F884031B49887810B90D20ECF759FB40
:10BC7000D4F8980341688868002804BFC868002881
:10BC800006D0DFF8CC0CDFF8602C0021C161026027
:10BC90000720DFF8581C08600021DFF8B40C426967
:10BCA000416182698161426942F0402242F00202B0
:10BCB00042610FF22900C4F888031A20EAF727FB33
:10BCC00001B0BDE830401920EAF721BB01B030BD1A
:10BCD00008100440CC15000020000E002DE9F043B0
:10BCE0000446880085B040F1B680DFF8E881D8F8D6
:10BCF0009803416848688E68CF68010018BF804784
:10BD00003000DFF84C5C01D138000ED0E869002823
:10BD1000FCD00021E961300018BFB047380018BFDF
:10BD2000B847DFF8300C11F059F90020E86140F60F
:10BD30000A09DFF8241C2960A8F87093A8F8720398
:10BD400098F87C1301F0F00188F87C13C8F87403AC
:10BD5000204698F87D1301F0F00141F0010188F8C8
:10BD60007D13FEF786FFA668374640F6040140F6CD
:10BD7000030200E00746786828B103884B451CBFE2
:10BD800093428B42F6D17B7B08F55C70786003F0C0
:10BD9000F0037B73D8F8500328B1C0680088904244
:10BDA00018BF88421CD0208FD0B100216187E16389
:10BDB00094F8450094F8441000F0F00040F00100C1
:10BDC00084F8450001F0F00184F8441004F13800D3
:10BDD000C8F8740398F87D1301F0F00188F87D131A
:10BDE0006946304611F081F9684611F018FAE869A1
:10BDF0000028FCD00021C5F81C100FF2E90298F8C9
:10BE00009103C8F8882330B1ECF747FC0028FBD039
:10BE1000ECF75EFC10E030490A681368012098478F
:10BE2000012809D0787B00F0F00040F00100787321
:10BE30000FF22900C8F888030021E9612E60274825
:10BE40004368190007D0007AC10704D5D8F89803D1
:10BE500032460121984705B0BDE8F083DFF8FC2A9F
:10BE6000114200D1704710B51B490A6813680120C0
:10BE7000984701280DD1DFF8E80A0FF26901C0F8F0
:10BE800088130022DFF8C81ACA6100F55C700860E8
:10BE900010BDF5F79CFD3221B1FBF0F10129DFF86F
:10BEA000C04A98BF012104F58D60F5F7A6FD04F5A1
:10BEB0008D60BDE81040F5F7A4BD00000C100440F3
:10BEC0009430044085030021FDBFFFFFB8440020EB
:10BED0001845002060410020E0010010CC15000052
:10BEE00005B601002DE9F04F04460E46700485B0FA
:10BEF000DFF86C8A2CD5EAF706FAD8F8687317B31E
:10BF0000D7E90A2302F00A0413F0E04508BF002C29
:10BF100019D1D7E90A45D7E90A23A243AB43C7E9B8
:10BF20000A23EAF717FAB86878B1002D08BF002C89
:10BF30000BD0B7F9301038692246BC682B46A047B1
:10BF400026F480462DE3EAF705FA26F4804628E336
:10BF5000B00040F18580DFF8600CD0F88C1041F023
:10BF60008001C0F88C1098F8960328B10420ECF7F3
:10BF700058F9002088F89603EAF7C5F9DFF80817A2
:10BF80004A6D1368054604209847D8F8B423014643
:10BF900091421DD1207E00281CBFD8F89C030028A8
:10BFA00016D0D8F8600370B1C1680A8840F6030360
:10BFB0009A421FBFC068018840F60402914208BF40
:10BFC00004F1140001D004F11000FFF7D9FD05E0E1
:10BFD00040F6C41020616061C8F8B4132846EAF73F
:10BFE000B9F9D8F898138A6801F1380300E00246DD
:10BFF000506890B198421EBF0246506800280CD08D
:10C0000098421EBF02465068002806D098421FBFC3
:10C010000246506800289842E9D1507B10F00F0F7B
:10C0200002BF488F40F6090290420FD1256A0022D4
:10C030004FF000736FF480712046A847D8F8500382
:10C0400010B1FEF774FD01E046F002062046E469F7
:10C0500000224FF080630021A04726F00056A0E2A6
:10C06000B00709D5FFF7C6FCD8F85803002840F000
:10C07000988226F0020694E2700540F1C380EAF748
:10C0800042F90546FFF76CFDD8F85043012840F00F
:10C09000B380002C00F0B080042088F884030022D4
:10C0A000DFF8181B08F57D70EAF735F92846EAF73E
:10C0B00051F908F2AC40F5F7A6FCDFF8CC050168B1
:10C0C0000A6B9047C8F8A003012088F89603042063
:10C0D000ECF712F92069C8F8980390F828104A077D
:10C0E00003D5436A002204219847D8F89803DFF863
:10C0F000605841688F68D1F80C904868002F08BFDD
:10C10000B9F1000F04D00021E961DFF8DC272A60D3
:10C1100008B110F08DFF002F08BFB9F1000F0ED04D
:10C12000E8690028FCD00021E96107B1B847B9F1FE
:10C13000000F18BFC847DFF81C0810F04FFFD8F8F1
:10C14000980301214176FEF794FDD8F898138F6883
:10C150003A4640F60A0E40F6040340F6030C00E0AF
:10C160000246506830B1B0F80090F1451CBFE1457F
:10C170009945F5D100205060507B00F0F00040F070
:10C1800001005073E0680088604518BF984203D1F1
:10C190000020C8F8A00315E0088F98B101F138001D
:10C1A000002141804160017B01F0F0010173417B7E
:10C1B00001F0F00141F0010141735060507B00F04B
:10C1C000F00050736946384610F08FFF684611F052
:10C1D00026F80020E8612F60DFF8E40943681900C1
:10C1E0000DD0007AC1070AD5D8F898033A46012144
:10C1F000984726F48066D4E12846EAF7ABF826F49F
:10C200008066CEE1310564D598F8960328B1042004
:10C21000ECF707F8002088F89603D8F8984304F163
:10C22000080104F138050B6800E00346586890B136
:10C23000A8421EBF0346586800280CD0A8421EBF63
:10C2400003465868002806D0A8421FBF0346586816
:10C250000028A842E9D1587B10F00F0F02BF488E8A
:10C2600040F60902904207D12046246A00224FF08E
:10C2700000736FF48071A047D8F8A00398B1DFF87D
:10C2800008140868026B9047D8F8A013814231BFA8
:10C29000401A401E401A401CD8F89813000BC86082
:10C2A0000020C8F8A0030022DFF8181908F57D70F7
:10C2B000EAF731F8022188F88413D8F8580318B146
:10C2C00008F56E700DF066FAFEF731FC26F4006694
:10C2D00067E1300740F15F81EAF715F80190FFF759
:10C2E0003FFC002800F04F8198F89403010700F10B
:10C2F0004A8198F89403010600F14581D8F850036B
:10C300000024002520B3C1680A7B012502F00F023A
:10C31000022A1DD10A88192140F603039A421CBF44
:10C3200040F604039A4219BF02691369026953690E
:10C33000528B406B9A1898F8223311FB0321FEF7B9
:10C34000B5F90746F5F743FBB7FBF0F1009100E0C4
:10C35000009400274FF0FF394FEA040A5FFA8AF091
:10C3600002281FDC08F5307101EB4012907AC8B149
:10C37000107A0127022820D0D8F898030169408B51
:10C3800098F822330918192010FB03115069FEF7A1
:10C390008DF98346F5F71BFBBBFBF0F0484598BFD2
:10C3A000814600BF0AF1010ABAF1030FD6D33D421C
:10C3B00005D0009C4C4507D905E0A146F7E70DB133
:10C3C000009C01E007B14C463D4302D0002C00F038
:10C3D000DA8098F82103002840F0D5800027012555
:10C3E000F8B202281FDC08F5307101EB4011887AA1
:10C3F000C8B191F909008D7205FA00F9E9F783FFD8
:10C40000044698F8940320EA090088F8940398F801
:10C410009413080704D4082108F56E700DF0BAF9DA
:10C420002046E9F797FF7F1C032FD9D3032088F814
:10C43000840308F2AC40F5F7E6FA0198DFF81045FE
:10C44000E9F788FF6069002161610022E068E1602E
:10C4500008F57D70DFF8201CE9F75DFF8A48016868
:10C460000A6B9047D8F89C13814231BF401A401E96
:10C47000401A401CD8F88C134FF0FF32A2EB103258
:10C480008A4234BF4FF0FF3001EB1030C8F88C0304
:10C4900098F8900330B1D8F8A403D8F88C13C002F0
:10C4A00088422FD2DFF810070268D10725D5DFF8C0
:10C4B000300C0068010620D540F60900A8F870038A
:10C4C0000021A8F8721398F87D0300F0F00040F006
:10C4D000010088F87D0398F87C0300F0F00088F8EC
:10C4E0007C03C8F87413E16108F55C71216000BF3A
:10C4F000B8F8720310F4406FFAD0002188F8905316
:10C50000C8F88C1310F077FDDFF8E013DFF8B046C1
:10C51000002008606368180007D0207A810704D5DE
:10C52000D8F898030022022198470220EBF779FE01
:10C530001020EBF78FFE98F8950320B9D8F89803F0
:10C5400050300EF0FEFDA07810B90D20EBF782FE02
:10C5500098F8910328B1002188F891130520EBF792
:10C5600060FEDFF8800BC8F88803002188F8841388
:10C570000220B8F96E13B8F96C23914208BF072066
:10C58000FEF7E1F902E00198E9F7E4FEFEF7CFFAE1
:10C5900026F0080605E0700003D5FEF7C8FA26F07D
:10C5A000804626B1314608F56E700DF0F3F805B0FF
:10C5B000BDE8F08F2DE9F54CDFF8A4A3DAF850437D
:10C5C00081B09B4600250E4600E02468002C55D023
:10C5D000B4420ED02468002C50D0B44209D0246854
:10C5E000002C4BD0B44204D02468002C46D0B44276
:10C5F000EBD1002C42D0206901992768884237D1BD
:10C60000E9F781FED4E90A2343F08051C4E90A2105
:10C61000D4E9082343F08051C4E90821E9F79AFEE0
:10C62000BBF1000F18D0E9F76EFED4E90A2343F0FE
:10C630008071C4E90A21D4E9082343F08071C4E978
:10C640000821E9F787FE9AF84C133069CAF84803C5
:10C6500041F001018AF84C1321460AF55470E9F7BC
:10C6600009FF21460AF55670E9F7DAFE15F10105D2
:10C670009DF80800002818BF3C46BAD1284603B0F0
:10C68000BDE8F08C020000408C010010D021084071
:10C690002DE9F04792460326BAF1000F84B0814697
:10C6A0001D4614BF4FF080474FF000570C46E9F786
:10C6B0002AFE4FF0FF318C420190DFF8A48256D160
:10C6C000D8F86003002846D00069484543D1D8F81F
:10C6D0006043002C00F0018194F83300010640F122
:10C6E000FB808DF800500C9ED8F8600384421CBF7C
:10C6F000D8F864138C4240F0D880D8F86053E9F73A
:10C7000002FE84464DB1D5E90A013943C5E90A0163
:10C71000D5E908233B43C5E908236046E9F71AFE3B
:10C72000D8F86453E9F7EFFD84464DB1D5E90A0125
:10C730003943C5E90A01D5E908233B43C5E9082384
:10C740006046E9F707FEBAF1000F14BFDFF8900B5F
:10C75000DFF8900B67E0D8F8640328B1006948451A
:10C7600008BFD8F86443B4D0D8F85043B1E7B8F95B
:10C7700030100020A14202BFD8F8103000934B4582
:10C7800005D1582111FB00F008EB0004A1E7B8F92E
:10C7900088100120A14202BFD8F8683000934B45B1
:10C7A000EFD0B8F9E0100220A14202BFD8F8C030A3
:10C7B00000934B45E5D0B8F938110320A14202BFE0
:10C7C000D8F8183100934B45DBD0B8F9901104200C
:10C7D000A14202BFD8F8703100934B45D1D0B8F9CF
:10C7E000E8110520A14202BFD8F8C83100934B459B
:10C7F000C7D0B8F940120620A14202BFD8F82032B3
:10C8000000934B45BDD0B8F998120720A14202BF52
:10C81000D8F8782200924A455FD1582111FB00F0E8
:10C8200008EB000455E710F0D9FB96B3D8F8605335
:10C83000E9F769FD02465DB1D5E90A0141F080736F
:10C84000C5E90A03D5E9080141F08073C5E9080389
:10C850001046E9F77FFDD8F86453E9F754FD024626
:10C860005DB1D5E90A0141F08073C5E90A03D5E954
:10C87000080141F08073C5E908031046E9F76AFD35
:10C8800098F84C132069C8F8480341F0010188F872
:10C890004C139DF80000E8B10246D8F85013334617
:10C8A0004846FFF787FE832617E033462A4621468F
:10C8B0004846FFF77FFE78B198F8840301281CBF33
:10C8C00098F88403042805D0DFF8981B08F56E70EB
:10C8D0000CF060FF832600E004260198E9F73AFD9A
:10C8E000304604B0BDE8F087510007060000046040
:10C8F00010B50C461A4991F88423022A0BD110F086
:10C900006DFB04B1206000F0FF00012801D18120FF
:10C9100010BD022010BD012010BDF0B581B004464D
:10C920000D461646E9F7EFFC07460D48D0F8981378
:10C930008C4218BF032404D131462846FFF7D8FFA4
:10C9400004463846E9F706FD204601B0F0BD000078
:10C95000001004400100070601010E04040000203D
:10C960006041002030B5144681B00546502340F2A6
:10C97000FF3210F05EFB24B1014655F82110890A00
:10C98000216001B030BD002942D00A0E202A08BF24
:10C9900010221AD0212A08BF202216D0A02A08BFB0
:10C9A000302212D00AB940220FE0102A08BF5022CC
:10C9B0000BD0112A08BF602207D0402A08BF70227E
:10C9C00003D0502A0CBF802290228901090A42EA32
:10C9D000012141F00F0100E0001D026812F1010F7A
:10C9E00018BF8A421CBF50F8042F12F1010F0ED05D
:10C9F0008A421CBF50F8042F12F1010F07D08A425F
:10CA00001EBF50F8042F12F1010F8A42E4D10160D9
:10CA10007047002944D00A0E202A08BF10221AD0DD
:10CA2000212A08BF202216D0A02A08BF302212D007
:10CA30000AB940220FE0102A08BF50220BD0112A59
:10CA400008BF602207D0402A08BF702203D0502AB6
:10CA50000CBF802290228901090A42EA012141F09B
:10CA60000F0100E0001D026812F1010F18BF8A4299
:10CA70001CBF50F8042F12F1010F0ED08A421CBFC8
:10CA800050F8042F12F1010F07D08A421EBF50F850
:10CA9000042F12F1010F8A42E4D14FF0FF310160FF
:10CAA00070472DE9F04381B01E46089DDFF8703BCA
:10CAB0001B685B0E13F00108038840F6020765D07F
:10CAC000BB4207D0B3F5C15F10D043F60607BB42A7
:10CAD00018D022E000F112030B60416911608269F5
:10CAE0003260C1692960C77B047C22E000F1120337
:10CAF0000B6041691160426A3260816A2960C77BBC
:10CB0000047C16E000F11A030B600027C169116074
:10CB1000026A3260416A29600AE000F11A030B6080
:10CB2000C1691160826A3260C16A296090F824701C
:10CB3000047E306804F0070488B105234FF6FF72C5
:10CB400040F2037110F075FA8146B9F1050F06DA6B
:10CB50002146384610F084FA316841F829002868E7
:10CB600030B305234FF6FF7240F2037110F061FA03
:10CB70000646052E1CDAFF21384610F071FA2968A6
:10CB800041F82600404601B0BDE8F083BB4218BF23
:10CB9000B3F5C15F04D100F112030B60406903E0FB
:10CBA00000F11A030B60C06910600020306028603B
:10CBB000404601B0BDE8F08340210840CFB90100F4
:10CBC000CC15000005B601002DE9F04186B01546F0
:10CBD0000C460022029204920392019201A9009154
:10CBE00003AB04AA02A9FFF75CFF8326E20F30D152
:10CBF00030B3039800281CBF019800281AD002986F
:10CC0000048040F22B28039F41463846FFF7AAFED6
:10CC1000FF281CBF48EA842147F820100199049896
:10CC2000FFF7F7FE1520288030460399696006B0AB
:10CC3000BDE8F081029801884FF6FF72914249D019
:10CC400002980480102129806C80304606B0BDE82F
:10CC5000F08100283ED0039800281CBF01980028CE
:10CC60001CD002984FF6FF7101800022019F2B21FA
:10CC70003846FFF777FEFF2804D0A40244F02B04C7
:10CC800047F8204001990498FFF77DFE1520288081
:10CC900030460199696006B0BDE8F081049F00222A
:10CCA0002B213846FFF75EFEFF2804D0A10241F099
:10CCB0002B0147F82010FF280CD002994FF6FF7087
:10CCC000088014222A80C4F315046C60304606B034
:10CCD000BDE8F0810326304606B0BDE8F0812DE9BD
:10CCE000F04391B014460022DFF8388B08920D46CD
:10CCF000019207920692002DD8F8081018BF002C58
:10CD00001E4600F00C812A78D140CB0740F1078104
:10CD100007460021204610F0E0F97D60BC60DFF896
:10CD2000005AD5F8AC0388B106A9009107AB01AA57
:10CD300008A92046FFF7B5FE019850234FF6FF7271
:10CD40000B2110F076F9FF2800F0E980E9F7DBFA13
:10CD5000814695F89503022880F2DE80002840F095
:10CD60008680EBF7ACF9DFF8C00ADFF8C04A01684B
:10CD700041F002010160DFF8B80AC8F8000002A81B
:10CD80000CF0D0FC6078DFF8AC1A049002AA05F52C
:10CD90006E700CF0CFFC02AADFF89C1A05F58260D9
:10CDA0000CF0C8FC02A8E9F7CDFA2078B24A03904B
:10CDB00002AB192105F57D70E9F782FA02ABDFF8C5
:10CDC0007C2A1A2105F24C40E9F77AFA0023002266
:10CDD000DFF86C1A05F58D60F4F7A8FD002300223A
:10CDE000DFF8601A05F2AC40F4F7A0FDDFF8580A4E
:10CDF0000168C1F3814038B10023DFF8C42A04215F
:10CE000005F59E60EBF7F7F9A078012804BF0D2027
:10CE1000EBF787FA05F55670E9F7D0FA05F5547087
:10CE2000E9F7CCFA002085F88403C5F88C030021CB
:10CE3000072085F8901385F8911385F82003C5F82D
:10CE40009C1300200521C5F8A003C5F8A41385F89C
:10CE50009403A449C5F888136368180007D0207AA2
:10CE6000410704D5D5F8980300220421984795F886
:10CE7000950305EB8002401CC2F8287385F89503E2
:10CE800034464846E9F766FA3CB90FF2C06191E8CA
:10CE90007C5109A880E87C5109AC206838604FF4C7
:10CEA000FA71F960A069B8620120218A79837876E5
:10CEB000E1693963606828B1386100216068786190
:10CEC000397605E040F6C410386178610120387683
:10CED000DFF8F00938627862F861E06800B1386222
:10CEE000606900B17862A06800B1F861C82107F1FB
:10CEF0003800E7F70BFB002107F150000EF0E0F8D7
:10CF000000230022DFF8E41A07F1B800F4F70EFD61
:10CF1000384611B0BDE8F0834846E9F71BFA002017
:10CF200011B0BDE8F083F0B5DFF8F44794F895133D
:10CF3000002981B000F09E80B4F96C13B4F96E231F
:10CF4000914205461BD004F55471FDF751FB68B9B9
:10CF5000D4F8600328B10069A84208BFD4F8600380
:10CF600004D004F556712846FDF742FB38B1B0F9FC
:10CF700030100A224FF0E043284600F0B5F9E9F7F7
:10CF8000C2F90646D4F82803854207BF0021C4F839
:10CF900028130020C4F82C0394F89503401E84F84D
:10CFA0009503C0B2002850D1C4F8985394F8840374
:10CFB000022820D1E9F7A7F9074694F8940300F076
:10CFC000F70084F8940394F89403010704D408212B
:10CFD00004F56E700CF0DEFB3846E9F7BBF930461D
:10CFE000E9F7B8F94FF0FF3105F150000EF09EF867
:10CFF000E9F789F9064604F56E700CF0C5FB04F5F7
:10D000007D70E9F77EF904F582600CF0BDFB04F257
:10D010004C40E9F776F904F58D60F4F7D4FC04F29E
:10D02000AC40F4F7D0FCD4F8B01311B104F20450C2
:10D03000884704F59E60EBF70EFBDFF8F007817878
:10D04000012904BF0D20EBF705F9D4F89803A84295
:10D0500004BF0021C4F898133046E9F77BF905F1C5
:10D0600050000EF061F805F1B80001B0BDE8F040E5
:10D07000F4F7A9BC01B0F0BD2DB901002DE9F04DC8
:10D08000E9F741F9DFF8984694F8841302291CBFA8
:10D0900094F88413042907D1DFF8042A1468E9F707
:10D0A00059F92046BDE8F08DE9F754F9DFF8F409A5
:10D0B000DFF88C8A01680A6B904710F5003641F161
:10D0C000000AD4F88013A8FB067B002008FB0ABBEB
:10D0D0003C184BEB01052C462046BDE8F08D0000C6
:10D0E00000000440C7BB0100002101604FF0FF3386
:10D0F00001718360C1600174416181610177417791
:10D1000070472DE9F04F83B081460F4615469B4688
:10D11000E9F7F9F801906FF00106DFF80486D8F816
:10D120002803814508BFD8F82C0330B1B830F4F794
:10D1300055FC10B16FF00206AAE0FDF76CFA04008E
:10D1400000F0C680DDE90C6A08F2AC40F4F75BFC45
:10D15000B8F86C03401CC0F30B00A8F86C03E76040
:10D16000002084F83200C4F808B02021B8F86C23FD
:10D17000DFF8D0092286C4F8109030400AEA010195
:10D18000C4E90601002284F83320C4E90822EE68CD
:10D1900026642A7C84F844202B6863632A7984F807
:10D1A0003820AB68E3636A69A264AB69E3642A7FF1
:10D1B00084F850206B7F84F851302A7C22B9EA68C9
:10D1C00012B1012384F844302A79002A02BF3A7B45
:10D1D00002F00F02022A04D1012284F83820BB6831
:10D1E0006363082301E017465B1E7A68002A18BFB4
:10D1F000002BF8D13A8802F47C42B2F5305F0AD1B4
:10D2000094F8332042F0100284F8332040F00800F4
:10D21000C4E9060103E040F00202C4E90621D8F89F
:10D220004803484507D198F84C03C10744BF00F0B4
:10D23000FE0088F84C03DFF8B80906686FF00205B5
:10D240000EB92E461DE0D8F8642308F556700090FC
:10D2500008F55473D8F860132046B0470646AE422E
:10D260000FD0B8F96C03B4F93010884206D0B8F882
:10D270006C03411EC1F30B01A8F86C1316F1020FE9
:10D280000FD1B8F86C03411EC1F30B01A8F86C1361
:10D29000C8F8489398F84C0340F0040088F84C0311
:10D2A00016E0B4F9306094F8330040F0800084F860
:10D2B0003300002189F8FC10D8F85003A0421FBFAA
:10D2C000E168087B00F00F00022808BFFDF72FFC83
:10D2D0000198E9F73FF8304603B0BDE8F08F000051
:10D2E0000100020401000104F0B506460F463800B3
:10D2F00081B014461D4603D50020002101B0F0BDC9
:10D300000CF044FADFF81824B2F930300021BB42A7
:10D3100002BF13690093B34203D192F833301B0666
:10D3200060D4B2F988300121BB4202BF936E0093F2
:10D33000B34203D192F88B301B0653D4B2F9E030DC
:10D340000221BB4202BFD2F8C0300093B34203D1E6
:10D3500092F8E3301B0645D4B2F938310321BB42C1
:10D3600002BFD2F818310093B34203D192F83B3197
:10D370001B0637D4B2F990310421BB4202BFD2F868
:10D3800070310093B34203D192F893311B0629D434
:10D39000B2F9E8310521BB4202BFD2F8C83100938F
:10D3A000B34203D192F8EB311B061BD4B2F94032E1
:10D3B0000621BB4202BFD2F820320093B34203D110
:10D3C00092F843321B060DD4B2F998320721BB42C2
:10D3D00002BFD2F878720097B7420BD192F89B72D5
:10D3E0003B0607D5582313FB01F1571897F8331064
:10D3F0000A0605D40CF0D2F90220002101B0F0BDDC
:10D40000D7E9082344F00A0445F0E04522402B40C8
:10D4100008BF002A0ED00CF0C1F9D7E9080120405E
:10D420002940C6E92C01D7E9082382438B43C7E989
:10D43000082312E0BA68DFF8BC178A4203D0BA6842
:10D44000C6F8A820B960C6E928450CF0A7F94FF046
:10D45000FF3106F150000DF069FED6E92C0101B054
:10D46000F0BD00000200004070B50646E8F74BFF33
:10D470000446DFF884574FF0FF30C5F88C0306F1FF
:10D48000B800F4F7C0FAB5F96E03B5F96C13884229
:10D4900010D195F8840302281CBF95F84C0300288E
:10D4A00008D02046E8F756FF0720FDF74CFAE8F7CA
:10D4B0002AFF0446B5F96E03B5F96C13884219D1F9
:10D4C00005F2AC40F4F79FFAE8F71DFF064695F821
:10D4D000940300F0F70085F8940395F8940301078E
:10D4E00004D4082105F56E700CF054F93046E8F7C5
:10D4F00031FF02E0012086F8FC002046BDE87040C4
:10D50000E8F728BF00B581B0930803F0010300934A
:10D51000530803F0010302F00102FFF7B9F801B06C
:10D5200000BD00B581B0930803F00103009302F041
:10D5300001020123FFF7ACF801B000BDF0B500BF58
:10D5400002A191E8FC5080E8FC50F0BDFFFFFFFF16
:10D550000000000000000000000000003A013A0155
:10D560000000000000000000000000000022FFF7A3
:10D57000D4B90022FFF7D1B900B581B06A46DFF80F
:10D580007C16FFF7CAF9812803BF00980002001635
:10D590006FF07F0001B000BD70B50E461546E8F78C
:10D5A000B2FE8324052E36D8DFE806F0030F1535CA
:10D5B0001F28DFF84426D2F8601321B1D2F8601397
:10D5C0000A8E2A8028E0802426E0DFF82C1691F8C5
:10D5D00020232A8020E0DFF8201691F88423022AF5
:10D5E0000CBF01210021297016E0DFF80C16D1F8DC
:10D5F00028232A60D1F82C1369600DE0DFF8F825A4
:10D60000D2F8281301B1C9682960D2F82C1301B1EE
:10D61000C968696000E00324E8F79CFE204670BDFD
:10D620009412005070B4DFF8D035B3F930400022C6
:10D6300081B08C4202BF1E690096864203D193F8E6
:10D6400033502C0660D4B3F9884001228C4202BFCB
:10D650009E6E0096864203D193F88B502C0653D4CD
:10D66000B3F9E04002228C4202BFD3F8C0600096BA
:10D67000864203D193F8E3502C0645D4B3F93841E0
:10D6800003228C4202BFD3F818610096864203D170
:10D6900093F83B512C0637D4B3F9904104228C42C5
:10D6A00002BFD3F870610096864203D193F893517C
:10D6B0002C0629D4B3F9E84105228C4202BFD3F8E5
:10D6C000C8610096864203D193F8EB512C061BD417
:10D6D000B3F9404206228C4202BFD3F82062009682
:10D6E000864203D193F843522C060DD4B3F99842E5
:10D6F00007228C4202BFD3F87812009181420BD1ED
:10D7000093F89B02010607D5582010FB02F29818E7
:10D71000C06801B070BC704701B070BC0020704799
:10D720006041002010B504460C21E6F7EFFE4FF0F3
:10D73000FF32227110BD002101704170704700005E
:10D740002DE9F04B0E4682B096F90480346883468A
:10D750001746E8F7D8FDDFF8A02492F820130090D0
:10D760006FF001094FF0000C5FF0010303FA0CFEAB
:10D7700011EA0E0F50D04FF0FF35A84518BFE04515
:10D780004AD15FFA8CF0032846DA02EB401505F522
:10D790003075A87A00283FD121EA0E0082F82003D4
:10D7A000AB7285F809C00A2192F82203401C82F866
:10D7B0002203C5F800B02B7200234248686029821A
:10D7C00095F90900401DA874B06868617FB13B7885
:10D7D00078785B0143EA800395F90900401D43EA2C
:10D7E00000234FF6FC710B40DFF814040343AB61D8
:10D7F00004B16C60D2F8980310B92968C2F8981384
:10D80000FDF795F995F909900098E8F7A3FD4846CA
:10D8100002B0BDE8F08B00BF0CF1010CBCF1030FAE
:10D82000A4D3F1E7CC21084000200940CC1500002A
:10D83000110000E0E9B801003BB50100B5B40100FA
:10D8400007B9010051B70100B44F0050F0B581B0E5
:10D8500006460F468024E8F756FDFFB2032F054623
:10D8600027DADFF8943303EB471101F53077B87A04
:10D87000F8B13968B1421CD193F88403022812D15F
:10D8800097F90910D3F89803491D0906090C41F0CE
:10D890008161002241F00101FFF73FF8044638465C
:10D8A000FCF788FF05E03846FCF784FFFDF73FF9F9
:10D8B00081242846E8F74EFD204601B0F0BD000067
:10D8C000F7A80100E7B801002DE9F04107460D4631
:10D8D00016468324E8F717FD092D804600F27F8065
:10D8E000DFE805F005081114171D42546A6F30680F
:10D8F000386075E03869603038610121786979767F
:10D90000603078616CE03068788369E03168B985AF
:10D9100066E03068DFF8E012C1F8A40360E0306828
:10D9200048B9E8F7F0FCB44991F8942342F080023A
:10D9300081F8942315E0012851D1E8F7E4FC06466C
:10D94000AD4890F8941301F07F0180F8941390F89B
:10D9500094130A0704D4082100F56E700BF01AFF27
:10D960003046E8F7F7FC3BE0A34991F88403002830
:10D9700004BFD1F85003002811D131681920E8F70D
:10D98000DDFC31681A20E8F7D9FC29E09A4F97F8B6
:10D990008403002804BFD7F85003002801D00024D6
:10D9A0001EE0316807F56E700BF0FAFE316807F57E
:10D9B00082600BF0F5FE13E030788F4981F8200388
:10D9C0000EE09048436819000AD0007A810607D516
:10D9D0008948D0F8980332462021984700E0032474
:10D9E0004046E8F7B7FC2046BDE8F08199B7010052
:10D9F0002DE9F04F0F4681B03C68DFF8FCB180465E
:10DA00000025A4088048844228BF0325E8F77BFC52
:10DA10008246DBF82C030026804508BF012686F0ED
:10DA200001000BEB8001B8F1000FD1F8289304D06E
:10DA300008F1B800F3F7D2FF10BBB9F1000F04D022
:10DA400009F1B800F3F7CAFFD0B906EB46000BEBBB
:10DA500080003968C0F830133A7A80F83823F3F739
:10DA6000B6FFB4FBF0F1012998BF012108F1B8001D
:10DA7000F3F7C3FF08F1B800F3F7C3FF832507E00E
:10DA80009BF84C03CBF8488340F002008BF84C0322
:10DA90005046E8F75FFC284601B0BDE8F08F000073
:10DAA000043004408C01001030B5044683B0A068F7
:10DAB0006A46FFF789F88328054604D100226946A3
:10DAC0002046FEF72AFF284603B030BD30B585B0AA
:10DAD0000FF23C12002301AD1468049303930293E8
:10DAE0000193009502AB806803AA04A9FEF7D9FF51
:10DAF000049909884FF6FF7291421BD1E8B1029850
:10DB000000281CBF0198002802D06A462B2102E0A1
:10DB100003986A462B21FEF725FFFF280DD00098B9
:10DB2000A40DC0F3150040EA845444F0004420469C
:10DB300005B030BDA40D41EA8454204605B030BD87
:10DB400000093D00FFEFFF9FF0B400BF31A26FF06E
:10DB50007F054CB21368AC4282B012D141788DF887
:10DB600000108DF8041083788DF800308DF80530A2
:10DB7000C2788DF800208DF8062001798DF800100C
:10DB800030E000220446214D01E0521C641D94F94E
:10DB900000607F2E1EBFD4F80170C7F31507AF4297
:10DBA00002D04FB2B742F0DA1AB902B0F0BC184650
:10DBB000704702EB8202811811F8040C8DF8000006
:10DBC0008DF8040011F8033C8DF800308DF8053015
:10DBD00011F8022C8DF800208DF8062011F8011C98
:10DBE0008DF800108DF80710019802B0F0BC704756
:10DBF000841B00209FB70100604100200100030446
:10DC000001000406CC15000041420F00FFFF3F0059
:10DC1000FFFF3F00FFFF3F0080B5E8F774FBDFF830
:10DC200058231178002313708A070FD5E8F792FB69
:10DC3000DFF848030078002803D100210120FCF719
:10DC400042FBE8F760FBE8F785FB01BD4907FAD521
:10DC5000E8F780FB00210020FCF735FBF5E780B5F5
:10DC6000E8F751FBDFF810130A7852F002020A704D
:10DC7000E8F770FB0021DFF808030078E6F726F9E3
:10DC800001BD012800D0022800207047F8B5DFF858
:10DC9000F40200683C3000688047DFF8EC42DFF8AF
:10DCA000EC120968401A21788900B0FBF1F20023D8
:10DCB000DFF8DC52286800218B4251DC01DB824214
:10DCC0004ED22868B3490968884249D228680021A1
:10DCD000861A71EB030720780021A0FB062300FBC6
:10DCE000073301FB0633AC48016809690068408BC3
:10DCF000081864300021141A73EB0105012000217B
:10DD00008D420CDB01DC844209D3F3F760FE020094
:10DD1000002320002900F9F727FE04000D00012050
:10DD200000218D422EDB01DC84422BD3E6F798FAEA
:10DD300006009A4F3868F3F751FE002802D0386881
:10DD4000F3F761FE3000E6F796FA21003868F3F742
:10DD500054FE3868F3F755FE00209149087014E02E
:10DD60008C4D286800218B4208DC01DB824205D201
:10DD700028680021861A71EB0307ACE70120884967
:10DD8000087002E0012086490870F1BD80B50023CB
:10DD9000844A07218448EAF72EFA01BD7FB57D4801
:10DDA00000210160006879490860794C5FF47000D7
:10DDB0002060002070490870002079490870E6F75B
:10DDC0004FFA0500754E306800280AD03068F3F726
:10DDD00005FE002802D03068F3F715FE3068F3F72F
:10DDE000EAFD6846F3F704FE00208DF800000020ED
:10DDF00001906A4601216D48F3F7BBFD3060306841
:10DE0000002801D1FAF757FD3068F3F7FAFD280032
:10DE1000E6F731FA0F200AF023F820680EF096FF9B
:10DE20007FBD80B5FFF7BAFF01BD38B50400E8F744
:10DE30006AFA05005748046020000EF0B7FF28007A
:10DE4000E8F788FA31BD38B5E8F75DFA04004D48C7
:10DE500000683C30006880474C490968401A4A49CC
:10DE600009788900B0FBF1F52000E8F773FA280083
:10DE700032BD38B5040047480068844201D3FAF740
:10DE80001AFDE8F740FA05004148046020000EF052
:10DE90005DFF2800E8F75EFA31BD10B43B49444A03
:10DEA000D3680868181A384B1B789B0090FBF3F373
:10DEB0004048414C647B50F82440B3FBF4F004FB31
:10DEC0001030D2680A6010BC704780B5FFF7E5FFDC
:10DED00002BD80B509F082FEE8F715FAE8F73AFAD4
:10DEE00001BD10B5274800683C30006880472649CE
:10DEF000284A14680878800044433048097889002B
:10DF0000B0FBF1F01168884201D2FAF7D4FC1F4847
:10DF10000168611801600068041921002848EBF7C6
:10DF20004EFB09F0BCFEE8F7EEF9E8F713FA10BD76
:10DF300080B518490868002806D008680EF036FF3A
:10DF4000134800680EF002FF01BD80B50A48017851
:10DF500051F004010170002109480078E5F7B6FF8F
:10DF600001BD80B5E8F7CFF90A490968084A116090
:10DF7000E8F7F0F901BD0000367700201B7700209C
:10DF8000157700203076002034770020547600206A
:10DF900058760020507600201C7600205C76002009
:10DFA0003577002083DC0100087300205FDC01006E
:10DFB00018740020B41C000090670020FFF6C2FF18
:10DFC000E99600000100C9B28139032901D2042079
:10DFD0001EE00100C9B2012907D00100C9B203291E
:10DFE00003D00100C9B2802901D1012010E0010055
:10DFF000C9B2022901D102200AE00100C9B2843964
:10E00000022902D3C0B2882801D1032000E00020F9
:10E0100070470100C9B24039252902D24038C0B248
:10E0200008E00100C9B2E039192902D24530C0B276
:10E0300000E0FF207047C220704770472DE9F84389
:10E040000D000026002D00D1E8260400002C00D190
:10E05000E8263000C0B2002802D03000C0B270E024
:10E060006068401E60603F2061680870E06C0028B6
:10E0700006D06068401E606000206168087005E09E
:10E080006068401E60608020616808702089801C84
:10E0900020810220A4F8480000270AE0208918EB1C
:10E0A00000002081B4F8480018EB0008A4F848806C
:10E0B0007F1C3800C0B202283FDA3800C0B215F821
:10E0C0003000FF2839D03800C0B215F830002A28B7
:10E0D000EED13800C0B205EBC00040680028E7D0A0
:10E0E000DFF8E0953800C0B205EBC0004068D9F811
:10E0F0001810884780466068414689B24942084402
:10E1000060603800C0B205EBC000007940071AD546
:10E11000DFF8880600788DF800006B462200380092
:10E12000C0B205EBC00041686068D9F81CC0E04788
:10E130000028B3D1EB20C0B203E060686064300017
:10E14000C0B2BDE8F283002322003800C0B205EB64
:10E15000C00041686068D9F81CC0E04700289DD124
:10E16000EB20C0B2EDE730B58BB00400002500F025
:10E1700039FD002802D0FC20C0B262E0112221004B
:10E180006846E6F761F8607C8DF81100A07C8DF898
:10E190001200E07C8DF81300DFF8800590F8530042
:10E1A0008DF81400607D8DF81500A07D002801D049
:10E1B000012000E000208DF81600E07D8DF81700AA
:10E1C000207E8DF8180094F824008DF8240094F82F
:10E1D00025008DF82500E08CADF826000B2214F107
:10E1E00019010DF11900E6F72FF8607C00280ED117
:10E1F0008120E6F733F804000A94002C05D0812131
:10E20000FF222000E6F78AF811E01A250FE000202F
:10E210000A909DF81500002809D09DF815002421CA
:10E220004843E6F71BF80A90002800D11A25280079
:10E23000C0B2002803D16946072000F011FD280074
:10E24000C0B20BB030BD38B5040094F82C000328E0
:10E2500003D194F83600032804D0E820DFF84417EF
:10E2600048703BE00822DFF88C1614F12400F5F723
:10E27000EBF9002804D0EA20DFF8281748702DE0D9
:10E2800014F124014A20FCF799F86068017842787B
:10E29000120252FA81F1ADF80010851C6946502037
:10E2A000FCF78CF828786978090251FA80F0ADF80B
:10E2B0000000AD1C69464B20FCF780F8681C017813
:10E2C0004078000250FA81F0ADF800006946532012
:10E2D000FCF774F80020DFF8CC1648702A20207074
:10E2E000200000F088FC31BD80B5DFF83404FF2148
:10E2F0000176C27E012A1AD10022C276DFF8A80672
:10E30000C07A00281ED0DFF8140490F843208DF85E
:10E31000002090F852208DF8012090F853008DF8DD
:10E3200002008DF803106846EEF708F80AE0DFF8FF
:10E33000EC0390F82C10407B814203D0FAF775FB78
:10E34000FFF703FE01BDF8B5DFF86046208800281E
:10E3500013D10121DFF84C06C08F8140491CDFF842
:10E360005006007841434FF4707041434FF47A7087
:10E37000B1FBF0F0DFF83C1608802088DFF8341697
:10E380000988884221D2DFF830060068DFF82C16B1
:10E390000968403109688847DFF824160A780300C5
:10E3A000DBB29A4200D208702088401C2080F3F72C
:10E3B0000EFBDFF810360022DFF80C164FF47A74EB
:10E3C000B4FBF0F0E5F7BBFE30E0DFF8F45595F96B
:10E3D000000040B200F04EFFDFF8C8158A6991F8DE
:10E3E0004430D05491F84400082291F84430082673
:10E3F00093FBF6F30B4491F84460082796FBF7F67D
:10E4000031444979012690FBF2F702FB170016FA16
:10E4100000F031EA000058710020208000202870B0
:10E420000421DFF84C060078E5F750FDF1BDF8B5A2
:10E430000500DFF8EC42607F002800F09C80DFF8E8
:10E44000DC62E88FF18C884240F0958015F1240061
:10E45000EDF7F9FA002800F08E800020607796F83A
:10E460002900002802D00220FAF79EFADFF85C05A6
:10E4700090F82B00002802D00120FAF795FA287CAA
:10E48000C00605D51020FAF78FFA802000F042FB75
:10E490002020FAF79AFADFF88C7217F1100009F0D1
:10E4A00078FC6868007869684978090251FA80F058
:10E4B000010089B2091211F00F016176010089B2E1
:10E4C000090B11F00101A17610F00F01A177C0F343
:10E4D000031086F82C0096F84F000F280CD0A07F70
:10E4E00096F84F10884207D26868C078002803D198
:10E4F00096F84F00707301E0A07F7073002087F8DA
:10E500003000707B0F282FD0717B280009F07DFC34
:10E51000E07E02280FD1380009F03BFC4FF4707107
:10E52000707B8140DFF87802727B30F81200091AA4
:10E53000380009F001FC2A8996F82C10022009F015
:10E540001DFA96F82C00717B884209D0200009F052
:10E5500020FCDFF82405A0606169200009F0ECFBD5
:10E56000102000F0D7FA06E0E07E022803D109F07F
:10E5700041FA09F073FAF1BD78B585B00400DFF80F
:10E58000245495F84400822803D1002085F84400E3
:10E5900004E095F84400401C85F8440095F84400D8
:10E5A000082190FBF1F0284490F82C0095F84410D5
:10E5B000082291FBF2F1294495F84420082392FBAC
:10E5C000F3F22A4492F82C20D2B2520881F82C207F
:10E5D000C0B2C00709D495F84400401C85F8440037
:10E5E00095F844008128D9DBFFE795F8440081289D
:10E5F00059DA15F14401E120FBF7E0FE02208DF825
:10E6000010004FF6FF73ADF80830A878002816D137
:10E61000F3F7DDF9DFF8AC330022DFF8AC134FF489
:10E620007A76B6FBF0F0E5F78AFD002847D01A208D
:10E6300068702A202070200000F0DDFA3FE0A87802
:10E64000022803D120000EF0BDFE38E0A878012892
:10E6500002D10820802101E00720832115F1490221
:10E6600001920022009202AAC9B2C0B2EDF752FB99
:10E670000100C9B2DB290FD00100C9B2E5290BD0D6
:10E680000100C9B2F32907D00100C9B2DF2903D0C4
:10E690000100C9B2E82912D168702A202070200038
:10E6A00000F0A9FA0BE0A878002803D1DFF81403E2
:10E6B000E5F794FD2A202070200000F09CFA06B0B7
:10E6C00070BD0000EC69002038B509F054FCE7F794
:10E6D0001AFE040000F016FC104D95F9420000F0FF
:10E6E0005FFCDFF8A003007800F022FCE88C00F06B
:10E6F0003AFC688D00F03EFC15F1440000F041FC4E
:10E700002000E7F727FE95F8430000F0F5FC15F12F
:10E7100029015220FBF752FE31BD00009067002016
:10E72000687100201C6E0020DFF85C03DFF85C13CA
:10E730000160DFF85C134160DFF858138160DFF897
:10E740005813C160DFF854130161DFF854134161BD
:10E75000DFF8501381610021C161DFF84C130162C1
:10E76000002141620FF23D0181620FF24501C16259
:10E77000DFF83803DFF838130160DFF83813416041
:10E78000DFF834138160DFF83413C160DFF8301331
:10E7900001610020DFF8EC12087070471D7700203F
:10E7A0001C07002080B5E920FBF7E9FB01BD000054
:10E7B00080B5FAF74BF901BD38B504000025DFF844
:10E7C000BC02007800283BD094F88C00002818D1B7
:10E7D00025202075DFF8EC020068807D400604D516
:10E7E000DFF8900290F84E0003E0DFF8880290F81E
:10E7F000250084F85E0094F85E00801C84F85E00BA
:10E8000010E015202075DFF8BC020068807D40060E
:10E8100003D5984890F84E0002E0964890F82500FD
:10E8200084F85E00042084F85F00002084F85D0016
:10E830000A2214F1840114F16400E5F705FD01E0FA
:10E8400001202075B4F89200E08294F89400E076FC
:10E8500094F89500207794F820000F280ED0B4F893
:10E860009C00002801D1012200E000220023D2B246
:10E8700014F1200120000EF0FDFE05002800C0B2BA
:10E88000002802D02800C0B233E094F83000FF28FE
:10E8900002D1E06C002805D014F130012000FFF710
:10E8A000CDFB05002800C0B2002802D02800C0B26D
:10E8B0001FE000200090B4F88E3014F1840294F828
:10E8C00090102000EDF7D4F805002800C0B2002811
:10E8D0000DD16B48C0892189884205D2E52060703E
:10E8E000200000F009F802E0200008F039FC2800C0
:10E8F000C0B232BDA667002010B50400207D0128FB
:10E9000008D0207D152805D0207D252802D0207D27
:10E91000352818D1207E000715D4564890F882007B
:10E9200000280BD060781B2808D10120FAF73CF8AA
:10E930004FF4806000F0F6F80020607061782000ED
:10E9400000F0F8F82DE0207E400607D55E49086803
:10E95000002802D060780968884722E0207D0128DD
:10E9600002D0207D152805D1207E000702D5312058
:10E97000207011E060781B2802D1232020700BE06A
:10E980006078002804D15148217D405C207003E06C
:10E990004F48217D405C2070210035480078E5F724
:10E9A0001AFA10BD206B0020F8730020CE760020EC
:10E9B00034770020D07600201C76002030760020AE
:10E9C00013770020D075002047E30100486F002036
:10E9D0001FB5417E09064AD5017D012905D0017D7B
:10E9E000032902D0017D042941D13A49097A11F065
:10E9F0000A0F3CD041684978C1F381018DF80810B5
:10EA00009DF8081002290ED141684979426892792F
:10EA100051EA0221ADF800104168CC7840680079D5
:10EA200054EA002408E09DF80810032904D1406846
:10EA3000411D6846F4F71EF9210089B2684609F0C5
:10EA40007FFE0100C9B21E2902D0C0B2002807D142
:10EA500009F004FFFE280AD1002009F0E9FE06E0D3
:10EA600009F0FCFEFF2802D1012009F0E1FE1FBDE4
:10EA70001577002090670020E9E20100EC69002092
:10EA80000C07002017770020E86E00200BBF000065
:10EA900035BF00003FBF00001372020063BF0000DB
:10EAA000F57102001B7302000DBF0000E072002030
:10EAB000C5A2010077C00000F7C00000B9C1000086
:10EAC0005DC10000D4750020E0750020841A0000AC
:10EAD000941A0000907400201CB5AE4C20680028E9
:10EAE00002D0200000F038F90020A07202E0684651
:10EAF00000F032F9A8480078E5F7BFF90090002847
:10EB0000F5D1A6480078002803D100210020FBF7AA
:10EB1000DAFB13BD80B50100C9B29F480078E5F764
:10EB2000D5F901BD80B5010089B29B480078E5F7B1
:10EB3000CDF901BD10B586B00C0099490278895C09
:10EB40008DF800109DF800100B2903D14470EDF7EB
:10EB500008FA39E09DF80010002935D09DF8001022
:10EB60000C2926D12100C9B21A2902D10020019016
:10EB700025E0019090F891108DF80210C168029183
:10EB8000018AADF80C10817DC90601D5002104E091
:10EB9000844991F83420817E511A8DF80E10417FFE
:10EBA0008DF80F10817F8DF81010C07F8DF8110047
:10EBB00005E09DF80010112901D1E5F7FDF88DF869
:10EBC0000140684608F078FD06B010BD7149887AAA
:10EBD000002802D0887A022801D1012000E000201C
:10EBE000C0B270476B48807A032801D1012000E051
:10EBF0000020C0B2704738B5664C6B49A27A51F814
:10EC00002220037813F07F030370037802EB4303A1
:10EC10005B781D00EDB251F82510002900D0A372D9
:10EC2000017812F8113061491A00D2B2121151F86C
:10EC30002220002A02D1EDF773F910E01900C9B2C1
:10EC400011F00F0152F82110002906D0DBB213F0A9
:10EC50000F0352F82310884701E0F9F72CFE31BD6D
:10EC60002DE9FC4105000F000026DFF84481280053
:10EC7000C0B238F81000E5F78BF80400002C1BD068
:10EC80002800C0B238F810100022A0464046E5F730
:10EC900045FB2570002060704648EDB2425D3900AA
:10ECA000201DE5F7D1FA21003B480078E5F793F8FD
:10ECB000002808D01A2606E08DF800501A21684670
:10ECC000FFF738FF1A263000C0B2BDE8F6812DE903
:10ECD000F84305000E0036482900C9B230F811800B
:10ECE000002758FA87F080B2E5F752F80400002CAC
:10ECF0001FD0414689B20022A1464846E5F70EFBE7
:10ED00002570002060701FFA88F804EB080060602E
:10ED1000FFB227812748EDB2425D310014F178003F
:10ED2000E5F792FA21001C480078E5F754F8002036
:10ED300006E08DF800501A216846FFF7FBFE1A2006
:10ED4000BDE8F28314490870704712494A6882424C
:10ED500001D100204860704738B50400002C01D173
:10ED6000F9F7A9FDE7F7CFFA0500206800280CD0D5
:10ED700020680C3807494A6823689A4201D100226A
:10ED80004A6000212160E5F76AFA2800E7F7E2FA15
:10ED900031BD000090740020157700201B77002003
:10EDA000981C000090670020681B002084700020E1
:10EDB000741C00008C1C0000E0B56A460221DFF8DC
:10EDC0008C060068DFF888361B6844331B68984758
:10EDD0009DF800000EBD80B5DFF878160868006960
:10EDE000002807D0DFF8700690F8530080B2096859
:10EDF0000969884701BD70B58AB0DFF850462068C0
:10EE0000002810D1DFF848562868002801D1F9F70A
:10EE100052FDDFF8486630002968203109688847CC
:10EE2000DFF83C06F061FFF7D6FFDFF82C0690F91B
:10EE3000420000F01CF910F1010F0CD00100C90FC5
:10EE4000002903D1DFF81C16488204E04FF6FF705A
:10EE5000DFF810164882DFF80C560020688000208A
:10EE60006860687B10F0F00050F001006873287B48
:10EE700050F080002873EDF7FFF9002807D110202B
:10EE8000DFF8E41508701420DFF8E015087020683A
:10EE900000280ED1DFF8C4352A00DFF8D405016858
:10EEA000DFF8D005DFF8A8552D682D68A847206049
:10EEB00022E00020EAF730FBDFF8946502A8316811
:10EEC00064310968884700200590DFF8AC15886830
:10EED000002802D088688047089008200021CDE9EA
:10EEE0000001002302AA29002068346850342468F5
:10EEF000A047DFF8880505600AB070BD80B5FFF750
:10EF00007AFF01BD0020DFF878150870FF20DFF8D8
:10EF1000741508705FF0FF30DFF86C150860DFF8DB
:10EF20006C1508607047704780B50DF0F5FE02BDA6
:10EF300030B40100C9B2002901D0802200E00022D3
:10EF4000DFF84C351C881D884FF67F710D402A4331
:10EF500022431A80DFF83C15C0B20A8B60F3C71257
:10EF60000A8330BC7047DFF82815C881DFF8241504
:10EF700048867047DFF818158881DFF8181508866D
:10EF8000704710B5040008222100DFF80C05E5F7F2
:10EF90005BF908222100DFF80405E5F755F910BDFB
:10EFA00080B540B200F063F810F1010F01D1E82004
:10EFB00002E000F07CF8002002BD30B40200DFF86F
:10EFC000E0341868002824D018680078121A1868ED
:10EFD0000078081A0C00E4B2FF2C18D00C001D6851
:10EFE0002D78E4B2AC4212D3C9B21C6824781D68F3
:10EFF0006D7855FA84F4A14209DA19684968D2B2E9
:10F0000089561A685268C0B21056814201D0012058
:10F0100000E0002030BC704770B40200DFF880349C
:10F020001868002821D091F9004010001D682D7843
:10F03000C0B2A84219D31000C0B21D682D781E6856
:10F04000767856FA85F5A8420FDA18680078121A11
:10F05000186840681500EDB2405764B2A04204DA67
:10F0600018684068D2B28056087070BC704701B50D
:10F070006946DFF810040078FFF7CEFFDFF82404BC
:10F0800000689DF90010DFF8C8231268603212682A
:10F0900090478102890ADFF81024914204D0DFF8FA
:10F0A000E8130860086801E05FF0FF3002BD10B5AA
:10F0B000E7F729F9DFF8D443DFF8CC231168236898
:10F0C000994216D0DFF8E4130978002911D1DFF84E
:10F0D000E013097809060CD4DFF8D8130978002961
:10F0E00007D111682160E7F735F92068EAF734FAAB
:10F0F00001E0E7F72FF910BD10B504002000C0B201
:10F10000812801DBF9F7D7FBE7F7FDF8DFF870138B
:10F110000C70DFF8A4130978002909D1DFF89013E7
:10F120000978002913D1E7F715F900F014F811E078
:10F13000DFF87C130978090609D4DFF87813097819
:10F14000002904D1E7F706F900F005F802E0E7F737
:10F1500001F9012010BD38B5DFF85C030078002804
:10F1600007D1DFF84C030078002801D0F9F7A3FBA2
:10F170000BE0DFF83C030078000604D4DFF834032A
:10F180000078002801D0F9F796FBE7F7BCF8DFF824
:10F19000F442DFF8EC5229782278914204D1DFF86A
:10F1A0001C13097849071CD5E7F7D4F8F9F7AAFC2E
:10F1B0002878EAF7CBF9012810D121782878FFF7D1
:10F1C000FCFE002808D028782070DFF88C0290F927
:10F1D0004200FFF7E5FE01E028782070F9F736FCE1
:10F1E00002E0E7F7B7F8012032BD70B50500B44C76
:10F1F0002078002801D0F9F75EFB974EF08CB149DA
:10F2000008802800C0B2002802D10120207022E02E
:10F210002800C0B2032804D1E9F765FF032020705D
:10F2200019E02800C0B2052808D02800C0B2012883
:10F2300004D0EDB2022D01D0F9F73DFB0220207081
:10F24000E9F751FF4FF6FF70F084F08C9049C881C8
:10F25000F08C9049488670BD0020994908707E481E
:10F2600098490988C184C18C894AD181C08C894957
:10F270004886704710B47FF059017FF013020300F5
:10F280000C005BB264B2A34201DA080006E0110090
:10F29000030049B25BB2994200DA100040B25A3022
:10F2A000FF214843462190FBF1F0C0B210BC7047EB
:10F2B00080B540B2FFF7DEFF02BDFEB50400824D0F
:10F2C0002878002818D1624E604F6A4602213868BB
:10F2D000336844331B6898479DF8000000280BD022
:10F2E000E4B2002C01D1EAF730FA01202870386826
:10F2F00031681C3109688847F7BD38B50400724D84
:10F300002878012810D1FFF757FD00280AD0287867
:10F31000012809D100202870E4B2002C04D1FEF7A6
:10F3200007FE01E000F001F831BD70B58AB00020A1
:10F33000474D02A82968643109688847634C2868EA
:10F340003C3000688047A060207B10F0F00050F057
:10F350000200207300206080A068029001208DF8D8
:10F360000C0000200590E6F7CEFF0600022056496B
:10F37000087041498868002802D088688047089052
:10F3800002200021CDE900010FF2650302AA21004D
:10F390002E4800682D6850352D68A84705003000BC
:10F3A000E6F7D8FF2DB2002D05D541F288310320B4
:10F3B000EAF789FA05E046480178491C01702F48B0
:10F3C00004600AB070BD10B53F4C2078022805D10A
:10F3D00040480078002801D0F9F76DFA3D480078E0
:10F3E000002802D120780228FCD010BD00000000C7
:10F3F000F8B514001D00374E01203070324F3878B8
:10F40000022801D0F9F757FA200080070FD414F032
:10F41000000015F08071002909D1002807D114F0EF
:10F42000000015F08051002901D1002808D028489B
:10F430000178491E017000203870FEF779FD01E067
:10F44000F9F739FA00203070F1BD00001C76002079
:10F45000307600202C7600209067002088710020F4
:10F4600054F1008068630020347700201C7700206E
:10F470001076002060600020F41C00002076002040
:10F48000207700201E7700200C76002008760020D0
:10F4900028740020106300202B74002038630020A3
:10F4A0001876002014760020FFFF3F002E77002002
:10F4B0003777002038770020EC6900202B77002078
:10F4C0002D770020D2760020E21C00203C0700208F
:10F4D000277700201B7700202DE9F04186B004003B
:10F4E000E57ADFF8F40A0078002801D1BA201CE19F
:10F4F000012600270C210022E8464046E4F70EFFD3
:10F5000001208DF80500207E40070AD59DF80200F5
:10F5100050F040008DF80200207E000701D456F024
:10F520000206207EC00601D556F04006207E000768
:10F5300015D59DF8020050F0C0008DF80200207E25
:10F54000800606D59DF8030050F001008DF80300F9
:10F5500005E09DF8030050F002008DF80300208BB9
:10F5600010F4C070B0F5C07F01D156F00806207AC3
:10F5700000280AD1F4F77BFCADF800009DF80200EA
:10F5800050F004008DF8020048E0207A0F280BD1DB
:10F590009DF8020050F008008DF802002088ADF8B8
:10F5A000000056F0040639E0207A022807D19DF8C1
:10F5B00002008DF802002088ADF800002EE0207ACD
:10F5C000032808D19DF802008DF80200694620004A
:10F5D00000F070F922E0207A01281FD1DFF8400BFB
:10F5E00090F8680000280CD09DF8020050F0080048
:10F5F0008DF802002088ADF8000056F48056FF25F3
:10F600000BE09DF8020050F00C008DF802004FF660
:10F61000FD70ADF8000056F004062788207EC00774
:10F6200011D59DF8020010F00C0F0CD1208804F0C9
:10F6300017FE002801D1BB2077E09DF8020050F0B2
:10F6400020008DF80200207EC0070BD59DF8020037
:10F6500010F00C00042805D19DF8020050F02000A5
:10F660008DF80200608A8DF80400684600F0B0FE54
:10F670009DF81400002856D10398C682E07E0399B5
:10F680004876207F03998876207A012805D1DFF813
:10F69000900A90F8680003990877A07E039908857E
:10F6A000208B03994885E07F039981F82C00208BFB
:10F6B00010F4C070B0F5C07F05D10398417D94F877
:10F6C00020000EF093F9A07A039981F83A0003988C
:10F6D00080F83B5003988787E0890399C887208A80
:10F6E0000399A1F84000A07E039981F84A00A07F09
:10F6F000039981F84B00607F039981F84900628A81
:10F7000061690398406CE4F79FFD207E400607D5B1
:10F71000DFF8081B0868002802D068460968884797
:10F72000684600F0A2FE9DF8140006B0BDE8F08126
:10F7300010B54178012901D1092400E00824D4F151
:10F740006C040078002804D0052005F020FD241A60
:10F750000D3CDFF8CC19087B002804D0087B05F0AD
:10F7600016FD241A0E3C2000C0B210BD13B51100C6
:10F770001A00DFF8AC4A2368002B0CD001AB0093D1
:10F780000123D2B2C0B22468A047002801D00020D3
:10F7900002E0B22000E0B62016BD38B5DFF8845A8A
:10F7A0002C68002C05D0DBB289B2C0B22C68A0470F
:10F7B00000E0B62032BD38B503000C001500B520BE
:10F7C000DBB2A22B0ED0A32B02D0AB2B15D01CE0AA
:10F7D000DFF8542A1168002903D010688047288078
:10F7E000002012E0DFF8442A1168002904D0290023
:10F7F000200080B21268904707E0DFF8340A016801
:10F800002800F3F737FA0020FFE7C0B232BD80B519
:10F810001100B522C0B2AB2806D1DFF8140A006887
:10F82000F3F728FA0022FFE71000C0B202BD70B55E
:10F8300004000E000125DFF8E808C08A210089B223
:10F84000884206D1F4F70AFB01003000F3F712FA00
:10F850002DE0F4F710FB210089B2884203D130007B
:10F86000F4F70DFB23E03100200080B20AF0CAF863
:10F870000500DFF8C0090078002818D1EAF7D0FBAE
:10F88000002814D12800C0B2002810D12000DFF8D1
:10F89000A819098880B2884209D1A4B2002C06D0E8
:10F8A0000822DFF898193000E4F7CEFC0125280083
:10F8B000C0B270BD70B504000D000126F4F7CEFA99
:10F8C00001002000F3F7C7F9012804D1DFF8500840
:10F8D000C08A288004E0290020000AF0A7F806006A
:10F8E0003000C0B270BD10B504000E20E4F7B6FCC5
:10F8F00000281BD094F83810017094F8391041702A
:10F9000094F83A10817094F83B10C170E18F8180B7
:10F91000B4F84010C18094F84210017294F84A1073
:10F9200001736188418194F84910417310BD10B58D
:10F930000C00B320DFF80829D17A00290FD192F802
:10F94000411001290BD1A07D05F08EFAA082A08A7A
:10F950004FF6FF71884201D0002000E0A120C0B224
:10F9600010BD1CB50C00217F052906D114F108013A
:10F9700080B2FFF75CFF00282BD0694614F1080025
:10F9800004F092FCBDF800004FF6FF7188421ED0D3
:10F990002078012816D1DFF8301ABDF800200C209D
:10F9A000424301EB0200001DA1690268914207D3A6
:10F9B000BDF80010A182A169491C0160002009E086
:10F9C000A22007E0BDF80000A082002002E0A120F4
:10F9D00000E0C820C0B216BD1CB50400DFF86018F6
:10F9E000C87A002829D191F84100012825D13A236D
:10F9F0006A4601210020F5F7A5FD00281AD1012053
:10FA000020749DF80000A075002060823A20A0823A
:10FA1000DFF8B8090168A1610168491C016000684C
:10FA200001280AD14FF40071DFF8800A0078E4F76A
:10FA30004DFA02E04FF6FF70A08213BD1FB50C0017
:10FA400001A980B2FFF7F3FE002834D0694601A86F
:10FA500004F02AFCBDF800004FF6FF7188422AD05E
:10FA60000C21DFF86429BDF800004843104400234E
:10FA7000237406236382BDF80030A3820368A36168
:10FA800003685B1C036000684FF47A73B0FBF3F407
:10FA900003FB140000280ED1BDF8000001FB00F1AB
:10FAA00002EB0100012101724FF40061DFF8FC0953
:10FAB0000078E4F70BFA1FBD38B505000C004FF6CF
:10FAC000FF70A082A06910F1010F43D0207C0128B3
:10FAD00007D1002060822100280080B2FFF727FFB5
:10FAE00039E0207C002812D1062060822100280005
:10FAF00080B2FFF736FF0100C9B200292BD00420E5
:10FB000060822100280080B204F0F6FC23E0207C13
:10FB1000022812D1062060822100280080B2FFF75F
:10FB200020FF0100C9B2002915D004206082210005
:10FB3000280080B204F0E0FC0DE0207C032807D10F
:10FB4000042060822100280080B204F0D5FC02E08D
:10FB5000A12000E0A320C0B232BD70B504004FF672
:10FB6000FF752069858221692088FFF767FF20697A
:10FB700010F108012088FFF75AFE00F009FF002865
:10FB800010D00020216948826820216988820220E3
:10FB900021690874DFF88C090168226991610168A4
:10FBA000491C01602069808AA8421FD1DFF8806665
:10FBB000316820690830F3F74EF800280BD1F4F7CC
:10FBC0004DF901003068F3F746F8002803D100F042
:10FBD000DFFE00280AD02169208804F021FD0028DA
:10FBE00001D0206985820020216908742069808AFB
:10FBF000A84208D12069FFF7EFFE2069808AA84259
:10FC000001D1A120207570BD38B504002C20E4F787
:10FC100025FB20612069002847D02C21002225697E
:10FC20002800E4F77BFB2000FFF797FF2069808A1C
:10FC30004FF6FF71884232D02069007C012803D141
:10FC40000E202169087714E0A068002803D00D2059
:10FC5000216908770DE000F09BFE002802D1A07812
:10FC6000C00703D50D202169087702E0052021692E
:10FC70000877A078C0B210F00300012803D1052056
:10FC80002169487004E0DFF8B805007B21694870FD
:10FC90002069407805F07BFA2169487707E0206900
:10FCA000E4F7DDFA0020206101E01020207531BD6D
:10FCB00080B50822FF21E4F71DFB02BD2DE9F041CC
:10FCC00088B004000D002C20E4F7C8FA0600002ECE
:10FCD00000F00581F4F7CBF8698B80B2814202D144
:10FCE0000220307001E0012030702869697B4942B0
:10FCF00008447060687BB070002086F82600002001
:10FD000086F82700300004F022FF287810F0030066
:10FD1000012802D10520707003E0DFF80404007BA5
:10FD20007070707805F033FA70772869317F084475
:10FD30002861297D307F091A707F091A2975287D6D
:10FD4000F0703100200080B2FFF7B6FE0700307877
:10FD5000022806D1F4F782F8010016F10800F2F744
:10FD600089FF3800C0B2002840F0B5800024DFF8D9
:10FD7000C4542878012802D0287802281CD196F88B
:10FD80002600012803D096F82700012814D1F07826
:10FD9000B1780818317F4018001DE4F75FFA0400BD
:10FDA000002C09D0F078B1780818317F4218121D64
:10FDB00071682000E4F748FA300004F025FF0700DE
:10FDC0002878012803D02878022840F07F80380066
:10FDD000C0B200287AD0002C78D000E02F0096F82E
:10FDE0002600012803D096F8270001286ED13D0097
:10FDF000F078B1780818317F4218121D2100706820
:10FE0000E4F722FA96F82600002807D00020708236
:10FE10006820B082002086F826000BE096F82700C4
:10FE2000002807D00020708240F20310B08200202A
:10FE300086F82700300004F0E7FE07003800C0B263
:10FE40000028CCD1142100220DF10C084046E4F723
:10FE500065FA01208DF81D00708A00281BD1B08A38
:10FE6000682818D17068C07B0528B7D170682A301F
:10FE7000FFF71EFF0028B1D00821FF2201AD2800A6
:10FE8000E4F74CFA01AA0021AB20FFF7C0FCFC20EC
:10FE90008DF81C000AE0708A002807D1B08A40F271
:10FEA0000311884202D1FF208DF81C000022694610
:10FEB00005A800F0EBFB9DF80010002906D003AB6D
:10FEC0001422010089B20420E6F768F9002C02D060
:10FED0002000E4F7C4F93000E4F7C1F900E010278E
:10FEE0003800C0B208B0BDE8F08110B50400E06889
:10FEF00090F83800C0B210F00300012819D1206931
:10FF0000007C002815D1E068406C0078052810D1ED
:10FF1000E068406C40780100C9B2012902D0C0B24B
:10FF2000062803D102202169087402E00320216918
:10FF30000874002021690870E06890F84800216981
:10FF40008870E06890F842002169C870E068006934
:10FF500021694860F3F782FF010020690830F2F759
:10FF600089FE206904F050FE207510BD0120704705
:10FF7000DFF8BC07DFF8BC170860DFF8BC07DFF864
:10FF8000BC170860DFF8B807DFF8B8170860DFF8BB
:10FF9000B807DFF8B8170860704738B50400206864
:10FFA0008578F3F764FF2168098880B2814210D018
:10FFB000A8060ED52068DFF87C17096888472068F6
:10FFC0000069002805D12068807810F0DF002168E2
:10FFD000887031BD00000000DF1C002030B4C16813
:10FFE00091F8382012F00303C16809690A704D1CAA
:10FFF0001900C9B2002903D01900C9B2022955D18C
:020000040002F8
:1000000012F00C042100C9B2002907D02100C9B2A6
:10001000082903D02100C9B204290AD11900C9B2A4
:10002000022901D1D10604D4C16891F83B1029708E
:100030006D1C2100C9B20C2909D1C168898F2970B2
:10004000691CC568AD8FADB22D0A0D704D1CDBB2B9
:10005000022B01D1D10629D4C168C98F2970691C2E
:10006000C368DB8F9BB21B0A0B70491CC368B3F8D3
:1000700040300B70491CC368B3F840309BB21B0A78
:100080000B704D1C2100C9B200290AD02100C9B251
:10009000082906D02100C9B20C2902D0E4B2042CF0
:1000A00004D1C16891F83A1029706D1CC16891F8AB
:1000B000391011F0030F06D1910704D4C16891F8EB
:1000C0002A10090605D5C16891F849102970691CE4
:1000D0000BE0DFF82C170B78C46884F849300B78F4
:1000E0002B700B785B1C0B70691C130616D5C3684C
:1000F00093F839300B70491CC36893F8393013F00A
:10010000030F0BD0C36893F84B300B70491C920758
:1001100004D5C06890F84C000870481C30BC70478B
:100120009C68002010B401688A7812F00303012152
:1001300001711900C9B2002903D01900C9B20229FE
:100140003AD112F00C042100C9B2002907D02100D5
:10015000C9B2082903D02100C9B2042908D1190065
:10016000C9B2022901D1D10602D40179491C017119
:100170002100C9B20C2902D10179891C0171DBB2BD
:10018000022B01D1D10617D40179891C01710179A3
:10019000891C01712100C9B200290AD02100C9B20D
:1001A000082906D02100C9B20C2902D0E4B2042CDF
:1001B00002D10179491C017111060FD50179491C41
:1001C00001710168C97811F0030F07D00179491C4A
:1001D0000171910702D50179491C01710179491C0E
:1001E000017110BC704780B50169002902D0006917
:1001F000E4F735F801BD10B5040000202168C8609F
:100200000020216808610020216808752000FFF7A0
:1002100089FF2000FFF7C1FE10BD0000807500209F
:10022000AC70002094750020B070002098750020FC
:1002300090750020D61C0020C8760020D4740020C1
:100240009C68002018B585B04189ADF80010416860
:1002500049788DF802104168891C01919DF80210BF
:10026000042906D141681231029140681A30039086
:100270001BE09DF80210012903D09DF80210062909
:100280000AD14168897C8DF80310416813310291CD
:1002900040681B30039008E0002102914168123150
:1002A00003914068807E8DF8100001240298002898
:1002B0000BD0029809F082FB012806D1F3F7CEFD9E
:1002C00001000298F2F7C7FC0400E4B2012C03D14C
:1002D00068460DF02BFCFFE706B010BD80B54189E4
:1002E000ADF80010406840788DF8020068460DF0C7
:1002F00041FC01BDE0B54189ADF800104168497885
:100300008DF80210416889788DF808109DF8021068
:10031000002902D1407A002802D068460DF03DFC49
:1003200007BD80B541680978052904D0092905D0A1
:10033000102906D008E0FFF785FF05E0FFF7CEFFA4
:1003400002E0FFF7D7FFFFE701BD10B588B004005A
:1003500001A96089FFF76BFA03AA694601A800F0BA
:1003600095F99DF80000002813D09DF81C00FD2889
:1003700003D09DF81C0000280BD1DFF82806007878
:10038000002806D1607A002803D16068007806282A
:1003900017D0607A002803D160680078072810D051
:1003A000207B002808D160680078052804D04FF42D
:1003B0009A700AF01CFC04E02000DFF8EC150968D4
:1003C000884708B010BD0000EC6F00206C7600205C
:1003D0001FB50400019401A8FFF70DFF207D002840
:1003E00042D150208DF8000021799DF80800411875
:1003F0008DF8011060798DF802002069002809D07D
:100400009DF801102069027F2069407F82185118F1
:100410008DF801106846F5F7CEFD00281FD0218821
:10042000418001214176A17880F83810E17880F888
:100430003910217980F8421001699DF80820114493
:1004400041649DF8081080F848102169002904D003
:10045000416C2269127F11444164E06004E0200095
:10046000FFF7C1FE102020751FBD10B50400207DD0
:10047000002817D12000FFF7B1FD2069002804D023
:100480002000DFF8B81209688847207D002804D1D1
:10049000E068F5F75EFD207504E0E068E3F7DFFE55
:1004A0000020E0602000FFF79EFE10BD66170020D0
:1004B00038B504000D00F3F7DAFC698B80B2814295
:1004C00007D0200080B203F0CBFE002801D101202C
:1004D00006E02900200080B2DFF870221268904701
:1004E00032BD10B50400002C0FD100242000DFF82D
:1004F000BC14098880B2884212D21022210089B22D
:100500000520E5F7B4FE641CF0E7217811F07F01C7
:100510001022C9B289B20520E5F7A9FE002020709B
:1005200010BD00007076002038B588B04FF6FF701F
:1005300000208DF800000821002201AC2000E3F724
:10054000EDFE03AA694601A800F0A0F804009DF89A
:100550000000002801D1012010E01421002203AD89
:100560002800E3F7DBFEFF208DF81C0003AB14220C
:10057000210089B20420E5F711FE002009B030BD4A
:100580002DE9F84386B004000D004FF6FF773800E0
:10059000380000208DF80000DFF8140400780028EF
:1005A00006D1DFF810040078002801D1012024E0F2
:1005B000002C01D0002D01D102201EE001AA6946C5
:1005C000280000F063F80600300080B2B84201D184
:1005D000B22012E09DF80000002811D09DF8140010
:1005E00000280DD19DF8171011F07F012300102273
:1005F00089B20520E5F7D2FD002007B0BDE8F08301
:10060000002700E07F1CDFF8A4833800B8F8001052
:1006100080B2884233D223001022390089B20520EB
:10062000E5F779FD0928EDD13C000822290003A84F
:10063000E3F70AFE002002900020019000208DF8D0
:10064000140054F080048DF8174001AB14223100DF
:1006500089B20420E5F7A2FD0C2100220C24DFF86A
:100660005853300080B2604305EB00094846E3F779
:1006700055FEB6B2664305EB060001214172B8F89B
:100680000000BFB28742B7D3B220B6E738B58CB00E
:100690000D0014004FF6FF71ADF81010002D01D0C1
:1006A000002802D1BDF810003EE00021297003901F
:1006B00009A907A8091A89B202910820019007A880
:1006C00000901423002204A90420E5F7A4FDC0B281
:1006D000002817D00821002205AD2800E3F71EFEF0
:1006E00005A8039009A907A8091A89B20291082050
:1006F000019007A800901423002204A90420E5F724
:100700008AFD01E001202870BDF81000DFF8B41266
:100710000988884206D2002C04D0142207A92000A0
:10072000E3F792FDBDF810000DB030BD00000000F1
:1007300009FC01006C750020EBFE010070750020C3
:100740006DFF010074750020BDFC0100787500206C
:1007500038B586B004000C2100226D462800E3F76E
:10076000DDFD2088ADF8000009208DF8040001208F
:100770008DF80500207A012816D121208DF802007D
:10078000DFF82C020078002811D1E9F749FC002895
:100790000DD108226168DFF82402E3F755FD2088B7
:1007A000DFF81C12088002E001208DF80200684684
:1007B000FFF70EFE9DF8140000280AD10398406C44
:1007C000072101706168401CF2F754FA6846FFF790
:1007D0004CFE7748007800280CD1E9F721FC00286E
:1007E00008D108210022754C2000E3F797FD002076
:1007F000734908809DF8140007B030BD0000000068
:100800000977002038B586B0040000208DF8140068
:100810000C2100226D462800E3F780FD6078012856
:1008200002D06078042803D102208DF8040009E08A
:100830006078022803D10A208DF8040002E0B3207A
:100840008DF814009DF8140000281FD12078ADF811
:10085000000021208DF8020001208DF80500684677
:10086000FFF7B6FD9DF8140000280FD10398406CE7
:1008700008210170617841706178022903D16168B3
:10088000801CF2F7F7F96846FFF7EFFD9DF81400BA
:1008900007B030BD38B596B004002079042807D1E0
:1008A00043480078002803D000F072F8002801D0F7
:1008B000C22064E001AA0021AB20FEF77CFF216882
:1008C00001A809F08FF8002801D1C22057E011AA31
:1008D00069462068FFF7DAFE9DF8000000284DD039
:1008E0009DF85400012849D10DAB102200214FF48E
:1008F0008170E5F7B3FC03208DF8010009AB0DAA68
:1009000008210DF1010000F063F800208DF82000AF
:100910000C21002203AD2800E3F700FD0020ADF814
:100920000C0041208DF80E0001208DF811001A20D6
:100930008DF8100003A8FFF74BFD9DF8200000285C
:100940001CD10698456C0F20287020796870F3F749
:1009500085FA0822010001A8E3F776FC01A9A81C8A
:10096000F2F788F9102209A915F10A00E3F76CFCE7
:1009700003A8FFF77AFD9DF8200000E0C22017B021
:1009800030BD80B5FFF7F4FA0F480749086001BD94
:1009900080B50822FF210D480068E3F7ABFC02BDDB
:1009A00000000000007700207C750020CA90000045
:1009B000D61C0020C01C002060700020D4740020D1
:1009C000C8760020A2640000230302009075002076
:1009D000F0B589B014001D00002209E01300DBB25D
:1009E000E35C93F0360301AE1700FFB2F355521CDF
:1009F0001300DBB2102BF1DB00950B009BB2020061
:100A0000012101A800F01EF81022290005A8E3F733
:100A10001BFC002009E00100C9B2615C91F05C019F
:100A200001AA0300DBB2D154401C0100C9B2102955
:100A3000F1DB0095802305AA012101A800F002F84E
:100A400009B0F0BD2DE9F84F88B082460C00914600
:100A50001D00129E280080B2082190FBF1F10800D1
:100A600080B2102290FBF2F789B2102091FBF0F8CF
:100A700000FB181810210022B3465846E3F74EFC3D
:100A8000E4B2002C20D0102231006846E3F7DCFBF2
:100A9000102251463000E3F7D7FB3100684600F0E2
:100AA00002F900210BE00800C0B2325C0800C0B2BD
:100AB0001AF8000042400800C0B23254491C080035
:100AC000C0B21028EFDB80354C463800471E80B29C
:100AD00000281DD0102231006846E3F7B5FB102234
:100AE00021003000E3F7B0FB3100684600F0DBF88E
:100AF00000210800C0B21028E7DA0800C0B2325C5A
:100B0000207842400800C0B23254641C491CF0E70F
:100B10004046C0B200282DD1102231006846E3F7CC
:100B200093FB0E21002234002000E3F7F7FB802026
:100B30003070280080B2000AB073F57310223100C3
:100B400004A8E3F781FB3100684600F0ACF800210F
:100B50000800C0B2102880F2A3800800C0B2325C46
:100B600004A80B00DBB2C05C42400800C0B23254A3
:100B7000491CEDE74046C0B20E285BDB1022310075
:100B80006846E3F761FB1021002237003800E3F7E5
:100B9000C5FB4246D2B221003000E3F755FB80206E
:100BA0005FFA88F806F808001022310004A8E3F77D
:100BB0004BFB3100684600F076F800210BE008009E
:100BC000C0B2325C04A80B00DBB2C05C424008003B
:100BD000C0B23254491C0800C0B21028EFDB10220A
:100BE00031006846E3F730FB0E210022340020007C
:100BF000E3F794FB280080B2000AB073F57310226B
:100C0000310004A8E3F720FB3100684600F04BF800
:100C100000210800C0B2102842DA0800C0B2325CDD
:100C200004A80B00DBB2C05C42400800C0B23254E2
:100C3000491CEEE7102231006846E3F705FB0E2160
:100C4000002237003800E3F769FB4246D2B22100A8
:100C50003000E3F7F9FA80205FFA88F806F8080018
:100C6000280080B2000AB073F5731022310004A886
:100C7000E3F7EAFA3100684600F015F800210BE0CE
:100C80000800C0B2325C04A80B00DBB2C05C42407A
:100C90000800C0B23254491C0800C0B21028EFDB73
:100CA00009B0BDE8F08F38B588B00D000D4C1022AA
:100CB000010004A8236838331B68984768462168F8
:100CC0002C310968884704A80090019502951020EE
:100CD00003906946044800682268303212689047E1
:100CE00009B030BDC01300204034002080B5DFF8CB
:100CF000601B08700020DFF85C1B81F82600F1F70C
:100D00000BFD09F023F90020DFF84C1B0860F4F715
:100D100017F9F1F704FD0020DFF8401B086001BD62
:100D200038B504000D0000220421002009F0C8FAA3
:100D30000300002B01D100201EE01889208007E06D
:100D4000188904E0208819898842F9D220882080F7
:100D500000220421180009F0B3FA03000028F1D1A1
:100D60002800218880B2884203D22088451B258034
:100D700001E000202080012032BD38B50024F0F7CA
:100D800029FE0500F0F723FE45434FF47A70B5FBCA
:100D9000F0F1DFF8CC2A106800280BD010688142EF
:100DA00006D25FF0FF301468041B1068041901E0DC
:100DB00014680C1B200032BD2DE9F04391B00E00E9
:100DC000300405D500F0D4FE96F40046300025E14D
:100DD000B00405D500F0EFFE96F4005630001DE19A
:100DE000F00714D5DFF86C1A91F82C000F280AD1FF
:100DF00091F82600002806D091F82600012802D09C
:100E0000002000F00EF996F00106300006E1B00671
:100E100040F1BC800120ADF8000000200020DFF888
:100E2000307A20213878E5F741F8DFF8348AD8F8AD
:100E300000100843002801D1012503E0FFF79DFFC2
:100E400005006D08002D66D000220421002009F065
:100E500037FA04003DE0FF208DF804008DF805000E
:100E60005FF0FF308DF8060004AA2068C17F20687B
:100E7000006AF2F7A1FE01281FD1608A50F08000BD
:100E8000ADF83E00A07B8DF84000A07A000708D5A1
:100E9000BDF83E0050F48070ADF83E00207B8DF828
:100EA00042006069002803D06069007BADF8200033
:100EB000002201A904A809F0ECFC06206073207B45
:100EC00009F021F904E0A07B0028C4D1012060735F
:100ED0004C46002C1FD000220421200009F0F0F91C
:100EE00081462089A84203D32089401B208101E04C
:100EF0000020208120890028EAD1A07B0128E2D1AE
:100F0000A07A4007DFD406206073B7212068407BB9
:100F100000F011F9DCE709F01EF8002201210020A1
:100F200009F0CEF9002803D020213878E2F7CEFF6F
:100F3000290089B26846FFF7F3FE00281FD0BDF8EC
:100F40000000002807D120213878E2F7BFFF0020F9
:100F5000C8F8000016E0BDF80000420020213878F3
:100F6000E4F774FFF0F736FD0400F0F730FD44437A
:100F70004FF47A70B4FBF0F0C8F8000002E00020F3
:100F8000C8F8000096F02006300047E0B00724D5EE
:100F9000DFF8D008007800280CD1DFF8B808418BC2
:100FA000012009F0DDFD0121DFF8A4080078E4F755
:100FB00051FF0EE002A8F2F762FFF2F75CFFDFF8E4
:100FC000BC190B78DFF8B8190A7802A980B2F3F7D8
:100FD0004BFE96F00206300020E0B00505D5F3F791
:100FE00078FF96F40076300018E0300707D501202E
:100FF000DFF89019087096F0080630000EE07005D2
:101000000BD5E8F760FE0121DFF84808808C09F075
:1010100099FD96F48066300000E0002011B0BDE834
:10102000F08310B586B0182100226C462000E3F74B
:1010300075F902208DF80800DFF81808418BADF82B
:101040000010808CADF80A0000208DF8140068466E
:10105000EBF72AFC06B010BD18B58DB00C00002CC3
:1010600015D06A460100C9B22000F2F7A5FD9DF82F
:10107000060000280BD09DF81C309DF801202100AF
:10108000002004F077F8002801D0A42000E0002020
:101090000EB010BD38B5040001204FF6FE752800D3
:1010A000A07A40060BD520680088F3F77EFB002865
:1010B00002D04FF6FF7004E02068008801E0F2F7EC
:1010C000DAFE010089B2A94214D02168088080B2FA
:1010D000F3F76BFB002803D000202168C88102E0F1
:1010E00001202168C881DFF8A0182068EBF7EFFB2A
:1010F000050000E0CD252800C0B2002809D1DFF8A6
:101100000809007800280DD101212020F3F715F8F7
:1011100008E02900C9B22068407B00F00CF80028E4
:1011200000D00024002C03D00121200008F03CFF57
:101130002800C0B232BD38B504000D001420E2F71B
:1011400027FE00280DD00C2101708470457000210D
:1011500081730100DFF8F8060078E2F73CFE00201A
:101160000FE02000C0B209F0C7F8002808D006211F
:101170004173007B05F0C6F92000C0B208F0C3FF40
:10118000102032BD01000020896A0978032907D0A8
:10119000042905D0072903D00A2901D00C2900D140
:1011A0000120C0B270477FB50500A87809F0A4F807
:1011B0000400002C51D000266878E0736878F1288C
:1011C0000ED06878CD280BD068781A2808D06878B7
:1011D000E92805D06878E12802D068781D280CD16C
:1011E0000021200008F0E0FE002806D0628969781E
:1011F0002089F1F7F4FA20810126F6B2002E24D1DD
:1012000068788DF808000194A87B8DF80900207C8F
:10121000002803D101A809F0A9FA02E001A8F3F718
:1012200064FA9DF80800E92803D09DF8080000281A
:101230000AD1012000909DF80830EA7B206841899E
:1012400020680088F2F736FEFFE7607B022801D1B4
:1012500006206073A87808F056FF08F07CFEDFF8DF
:10126000A807007800280AD100208DF80000694600
:101270005220EBF771FA01212020F2F75EFF7FBDCB
:1012800038B50400002500206079002819D055F0F9
:1012900008056189FF2009F031F9002807D055F0D1
:1012A000040555F02005607950F001006071607907
:1012B00010F00300012858D155F0010555F0100534
:1012C00053E0607F002823D094F82100002803D049
:1012D00094F82100FF2810D1DFF878056189C28ACF
:1012E000914204D155F0020555F020053DE090F8FB
:1012F0002600042839D1012037E0626A94F82110D1
:1013000094F8200005F046F800282ED101202CE0AA
:101310006089F3F74AFA022801D155F00105608986
:10132000DFF83015C98A884201D155F0020528003E
:10133000C0B2002807D0A078002802D155F02005BF
:1013400001E055F040056089F3F72FFA012801D13B
:1013500055F00105A078002807D0A06A0078F3F7BF
:10136000E8F9012801D015F0FE052800C0B232BD11
:1013700038B504000125A078022800DB002520797B
:10138000022800DB002560894FF6F87188420ED0F4
:1013900060894FF6F971884209D060894FF6FA7179
:1013A000884204D060894FF6FB71884200D1002545
:1013B000F3F7E2F9E178C0B2814200D000252800BD
:1013C000C0B232BDF0B58FB005004FF6FE70002000
:1013D0000020DFF834060078002812D12889002880
:1013E00004D001211020F2F7A8FE03E000213020F4
:1013F000F2F7A3FE00208DF8000069465220EBF7BB
:10140000ABF902AA2989C9B26868F2F7D5FB0028AE
:1014100004D002A8FFF7ACFF002803D1D32009F0C5
:10142000E6FB26E19DF83900002803D0D32009F01F
:10143000DEFB1EE1A88CADF83400E88DADF8160097
:101440009DF80E0000280DD09DF824309DF809204D
:101450006968012003F08EFE002803D0CF2009F038
:10146000C6FB06E102A8FFF70BFF06009DF80E0081
:1014700000281CD1DFF8DC03C07A002817D0300028
:10148000C0B210F02200222811D03000C0B210F0FB
:101490004200422807D10C980078062807D00C9803
:1014A0000078072803D0CF2009F0A1FBE1E0700607
:1014B00015D502A8FFF766FE002810D1BDF812006E
:1014C000DFF89013C98A884205D10C980178BDF8DD
:1014D0001400F3F77EFAD32009F089FBC9E0700607
:1014E0000DD50C980078032803D10C9840780D286E
:1014F00005D002A8F3F74DFA012800F0BA80DFF812
:101500005473B5F84000B98C884208D1002000908F
:10151000002395F84220E98FA88CF2F7CBFC9DF8C8
:101520000E00002821D0E98FA88CF3F719FE0400E3
:10153000002C48D068689DF809100844407BE17889
:101540000200D2B2914202D0E0700020606004211B
:1015500068689DF809201044401CE2F79DFE616810
:101560008842C0F08680401C606097F826000428FE
:1015700003D097F8260009287BD1B0064DD595F801
:1015800042008DF8040095F843008DF8050095F8A9
:1015900044008DF806009DF81A0001280DD1BDF811
:1015A0001400A98C884208D1BDF81200F3F7FDF8A9
:1015B000022802D100208DF81A00AA6B01A902A806
:1015C00009F067F954E09DF83900002810D0042094
:1015D000E2F7DEFB0100002909D064200870012039
:1015E0004870A88C48809A480078E2F7F4FB40E005
:1015F00097F86C000128B8D10C980078062801D122
:101600007006B2D4BDF816004FF6FF71884203D0C1
:10161000290002A800F02FF82BE0700628D50C98BE
:101620000078042808D19DF82400022804D102A9DA
:101630000020F2F7BFFF1BE00C980078072807D1C5
:101640009DF82400042803D102A8F2F725FF0FE03B
:101650000C980078032804D1002102A8F3F71AFAA5
:1016600006E00C9800780C2802D102A8F3F72CFBB6
:10167000FFE70FB0F0BD38B504000D00DFF8E0055E
:101680000078002807D060897249C98A884202D14F
:1016900004F035FC18E00021C9B2608904F07EFF37
:1016A00000280CD0807910F0180F08D0E88D009039
:1016B000AB8C627F6189A08905F03EF804E00022CE
:1016C0006189A08904F047FC31BD3EB50500614C3D
:1016D00094F82600032807D094F82600012803D0A8
:1016E00094F82600092877D16878002853D1002182
:1016F0000220F1F773F86888E082A91C5320EBF709
:101700002BF894F82600092802D0A08CF3F709FDE5
:1017100001208DF8000069464220EBF71DF80420F7
:1017200084F8260001A94A20EBF708F801A914F172
:101730001C00F1F79FFADFF82C0501780B2902D184
:101740000621017003E00021A08C09F0FBF9E18A79
:101750000320F1F743F8618B0420F1F73FF8A07BF9
:10176000000703D501208DF8000002E000208DF86D
:10177000000069465220EAF7EFFFA07B000705D57D
:1017800001214FF40040F2F7D8FC23E001210120B1
:10179000F2F7D3FC1EE0697889B241F20300F1F759
:1017A0001DF8DFF8C00401780B2901D10A2101706E
:1017B0000020DFF8B41408704FF48041DFF8AC0467
:1017C0000078E4F747FB6978A08C09F0BBF90020AA
:1017D00084F8260000F01EF937BD80B51F4A116855
:1017E000002903D11B4991F8261000E00221C9B25B
:1017F000052902D0062908D00FE0DFF8742411680B
:10180000002901D01168884720E0DFF868241168BA
:10181000002901D01168884718E01168002903D019
:1018200011688979012903D1407809F082F90DE026
:1018300011688979022902D1F3F7FEFA06E0DFF890
:1018400038241168002901D01168884701BD0000C3
:101850000B7700209C680020C4750020B87500201C
:10186000C87500200577002038B58CB00500287CAD
:101870000F28C0F281806C6801AA297C686900F099
:1018800009F99DF8040000280AD1287C0B2807DB01
:10189000207A022804D1207B00F0FF00FF2800D02E
:1018A0006AE09DF80600002803D09DF80600022893
:1018B00062D1DFF8C81391F8260002280CD091F805
:1018C0002600062808D0DFF8BC231068002844D082
:1018D00010688079012840D1DFF8A803006800284B
:1018E00007D1002000900023627C61892088F2F7F4
:1018F000E1FA2088ADF818006089ADF81A00A07BE5
:101900008DF81C00A08980B2C00B8DF81D009DF8D9
:1019100008008DF81E009DF80A008DF81F009DF844
:1019200005008DF821009DF806008DF82000607CF0
:101930008DF822009DF809008DF823009DF816000F
:101940008DF8240008220DF10B010DF12500E2F7BE
:101950007BFC06A809F0F2F80EE091F826000828B2
:1019600003D091F82600042806D19DF806200DF139
:101970000B01608900F0BDF80DB030BDFC76002091
:10198000CD1C00200E770020591002002DE9FC41EB
:1019900005000E0017006846BB49D1E90023C0E9E5
:1019A00000235FF0000829006846F1F754F9002889
:1019B00001D15FF00108B248046800E0A469002C7E
:1019C0001AD04046C0B200280CD0290014F10C00F7
:1019D000F1F741F90028F1D0A0783900C9B2884266
:1019E000ECD109E02088310089B28842E6D1A078A4
:1019F0003900C9B28842E1D12000BDE8F681A04893
:101A00000068704700000000FD76002000209C491F
:101A10000860704738B59A4D286803E08469E2F79A
:101A20001EFC20000028F9D10020286031BD70B5CF
:101A30000400150020780870481C61780170017856
:101A4000A27851EA02110170401CE178017001781E
:101A5000227951EA820101700178627951EAC2016A
:101A600001700178A27951EAC2110170461C082266
:101A7000E11D3000E2F7E8FB0836032214F10F0104
:101A80003000E2F7E1FBF01CEDB20F2D01DBA17C91
:101A9000017070BD38B5140001782170401C0178C8
:101AA00011F00F0161700178C9B20909A170401CE1
:101AB000017811F00301E1700178C1F38001217117
:101AC0000178C1F3C30161710178C9B2C909A1717B
:101AD000451C08222900E01DE2F7B6FB0835032269
:101AE000290014F10F00E2F7AFFBE81C0078A074A6
:101AF00031BD3EB50400634B1868002808D0186853
:101B00008079022804D1200080B2F3F775F92EE025
:101B10005A4DA88C23009BB2984228D1D2B2012AF8
:101B200005D015F13900F1F796F800281FD14FF4D0
:101B300000714E480078E4F7B9F9002817D1A86A77
:101B4000009095F82E008DF8040001208DF8050016
:101B500002208DF806006846F4F780FA002804D1C8
:101B6000200080B2F3F748F901E0F4F7ADFA37BD91
:101B700010B53E480078E2F780F90400002C19D037
:101B8000002100E0491C414A0800C0B212F83000B0
:101B9000FF280CD00800C0B212F830002378984219
:101BA000F0D12000C9B202EBC1014968884720008A
:101BB000E2F702F910BD10B508F02FFC0400002C6C
:101BC00005D02000FFF7FEFB2000E2F7F5F810BD7E
:101BD00038B50400607808F0C9FF6078E12808D0C3
:101BE0006078F12805D060781A2802D0607819282A
:101BF0000BD1274D2878002802D10020FFF711FAD9
:101C0000287890F00100287002E000202049087038
:101C100020480078002809D16078EB2802D060784D
:101C2000E92803D100213020F2F787FA1348012177
:101C3000009163780022818C408BF2F73BF908F029
:101C40008AF931BDC0B2002803D1002012490870C2
:101C500002E001201049087070470F480078704773
:101C6000F876002068170020FB7600200B77002014
:101C7000BC750020C0750020887500209C6800207D
:101C8000C4750020B8750020DC190000E4190000BC
:101C90000F770020FD7600200D770020DFF8541626
:101CA000CA7A110701D501207047FF280DD0010025
:101CB00010D0F1280EDADFF84016096851B14A68F1
:101CC00013788342F9D1517821B1DFF830261075AD
:101CD0000020704702207047DFF82006007D704723
:101CE00010B5DFF81406DFF818260168DFF80C36A7
:101CF00011601B7DFF2B02D10AE00868106011689B
:101D000099B1486804789C42F7D110BD086810600A
:101D1000116851B14B6818780028F7D0F128F5DA2E
:101D200058780028F2D0184610BD002010BD30B5FC
:101D300085B00021009101F05CF9040037D0FFF775
:101D4000CFFFDFF8B8556188287800F0C5FA009019
:101D500050B3017B812927DB207810BB6188ADF867
:101D6000061004228DF80420211D02A807F018FE99
:101D700001A807F04AFF78B9DFF88815DFF8884531
:101D8000087000F029F8284600F09EF900F0F6F8F7
:101D90000C2000F093F90AE061886A46012000F007
:101DA0001FF80099FF2008732046E2F758FA05B0A3
:101DB00030BD10B5DFF84C25DFF84C450020107021
:101DC00000F00AF8DFF84405E8F7DFFD00F0D6F888
:101DD000BDE810400B2071E140212078E4F73AB8CB
:101DE0002DE9F24FDFF81885DFF81065DFF804B54C
:101DF0000746D8F80000012500288AB0924600F076
:101E0000AE80D8F800004468BBF808004FF6FF73B6
:101E100098424FF000090DD0207806F120020121F0
:101E2000ECF74FFEBBF80810ADF8101001228DF84A
:101E3000182008E003208DF8180027B1BDF828000D
:101E400004A907F0DFFD2846002510E0012000F07E
:101E500089F80869B368F27900F08BF8B2282AD0C3
:101E6000002804BF4FF00109002F2BD06D1CA16882
:101E70000B7BEAB29A42E9D30546B22D1CD0B9F1E8
:101E8000000F00D0FFB1002506E0002804BF4FF08E
:101E90000109002F16D06D1CA168CB79EAB29A42D5
:101EA00009D2002000F05EF888683369327B00F0C8
:101EB00060F8B228E9D10546B9F1000F25D017B175
:101EC000FF2001E000258020DAF8001008734FF6AB
:101ED000FF70BBF8083083421BD0BDF82810ADF866
:101EE0001C10022231788DF824208DF82510002056
:101EF000012203900290019206F118010091002244
:101F0000207807A906F0B5FF03E0DAF80010FF20FB
:101F10000873B22D05D0307DFF2820D1D8F80010ED
:101F200016E0DFF8E013DFF8E04300220A70FFF765
:101F300053FF304600F0C8F800F020F80C2000F005
:101F4000BDF80CE04868007810B1F128FFF659AFF1
:101F50000868C8F80000D8F800100029F2D10BB0CA
:101F6000BDE8F08F0390029704AB327801920093A2
:101F70007047E9B230F81110207879E020784FF4FA
:101F80008041E3F767BFF8B586B0044600200090B3
:101F90000025FFF7A5FEDFF86803DFF8606301683E
:101FA0004A685078C1072CD5A2695078917800EB27
:101FB00001230227ADF804308DF80C70BDF8041031
:101FC000107900F089F90090F0B1304600F07CF80B
:101FD000A0693146001D01F000FA0098008804A9AC
:101FE00007F010FD002812BF012500980661BDF81A
:101FF00004106A462846FFF7F3FE0098017BFF298C
:1020000002D1304600F060F807B0F0BD70B504466C
:10201000BF4EA0688168C0793346182200F039FAB3
:102020000025012808BF0225A0680169007B33460E
:10203000182200F02EFA012808BF45F00105A0681B
:10204000B44E8168C0793346302200F022FA01286C
:1020500008BF45F00105A0680169007B33463022C6
:1020600000F017FA012808BF45F00205284670BDA8
:1020700073B505460999BDF8040014461E4600F0E4
:1020800006F930B901AB01223146204600F001FAD1
:1020900008B9B12076BD089800281EBF9E48046884
:1020A000002C09D001A80090079A06990123284620
:1020B000A04708B9B22076BD002076BD8D49887250
:1020C00001210620E7F75EBE10B50446A06818B1EE
:1020D000E2F7C5F80020A060206918B1E2F7BFF868
:1020E0000020206110BD8D490860704770B5040064
:1020F0000D46844E14D0307808B900210FE0824A92
:1021000010784021E3F7D2FE3178491E00F2E73023
:102110004FF47A72C1EB0111B0FBF2F0411821705B
:102120000DB13078287070BD7D490860704718B5D2
:102130008BB004464FF6FF700221FF22ADF820005D
:102140008DF828108DF82920EEF753FA0021079119
:1021500005910391002201210692049002910192BF
:1021600001230093032208A92046ECF7EEFC0400AB
:1021700007D16548007842F210724FF48041E3F7CE
:1021800065FE20460CB010BD38B55F4C0546FFF724
:10219000F5FE29465D48E8F7CBFB60B129680A7A6D
:1021A00002720B880380497A41722A685189418101
:1021B0000022027302614FF480412078BDE8344070
:1021C000E1F784BE7FB5684600210022002380E845
:1021D0000E004E4C534D24682868534E38B92046A3
:1021E00000F071F82860B0B98CB90B200FE0007BCB
:1021F000FF2805D001060ED420F0800004280ADB59
:10220000306838B9204600F05EF8286018B9FFF74A
:1022100055FF7FBD286045483B4C0178012908BF28
:1022200040F6B83204D00120F1F744FF00EB400241
:1022300020784FF48041E3F709FE3D490A78286889
:10224000082A1AD00188ADF80010027A8DF808200B
:10225000017B491C017329680A7B0888130605D590
:10226000002300220021EBF7E9FD0AE04A7A01464B
:1022700000236846EBF74EFE03E0017B41F040018E
:1022800001732868406900F01EF830607FBD20B5FA
:1022900061B100211E4ACBB232F81330834210D014
:1022A000491CCDB2182DF6DB012020BD194ACBB256
:1022B00032F81330834204D0491CCDB2302DF6DB06
:1022C000F2E7002020BD00E0406920B1017B21F051
:1022D00080010429F8DA704720B502460B480068EF
:1022E00000E0406928B103888B4204BF457A9542DB
:1022F000F7D120BDA0060020C4060020E80600207B
:10230000C8060020B8060020B9060020CC06002030
:10231000D805000008060000AC70002014750020ED
:1023200018750020D0060020D4060020FD7600207D
:10233000B406002080B5DFF8A01A00200860DFF89E
:102340009C1ADFF8180BF0F795FC02F03FFFBDE890
:102350000140F3F7FDBD2DE9F84185B00E46144666
:102360009846012818BF022829D1310018BF032E32
:1023700030D1FEF70DFBDFF8E87ADFF8E85A0028E5
:1023800018BF032E13D0E1F7C4FF049000210120F1
:1023900003900291CDF804800094DFF8CC0A6B7BA7
:1023A0003A680088DFF8C41AF3F79EFE06E00220C0
:1023B000E9F78BFA697B3868F3F722FE38B1DFF86A
:1023C000B00A00784FF47A720121E3F73FFD06B0BE
:1023D000BDE8F081012E08BF0128F0D10A20E9F7FD
:1023E00074FADFF8900A00784FF48061E3F732FD69
:1023F00069465020EAF7A2F9DFF8640BBDF8001037
:1024000081840021808C08F09DFBE0E738B504460C
:102410000D46D1212846E1F70BFDA0B90220E1F7D6
:10242000B7FC010007D1BDE83440DFF8440A00786A
:102430001021E1F74BBDD12008704C702846BDE853
:102440003440E1F7C8BC447031BD38B50546DFF80B
:10245000140B046808E06168087820B14A681178B4
:102460002846FFF7D3FF2468002CF4D1DFF8F80AE0
:10247000005F10F1010F03D0C1B22846FFF7C6FF7D
:10248000F1F7F5FCDFF8E41A0880BDE83140F1F718
:10249000E5BCF0B5002400E0641C84420EDA00259F
:1024A00000E06D1CEEB29642F6D2EFB231F8146045
:1024B00033F81770BE42F4D10120F0BD0020F0BD0A
:1024C00070471CB500F024F807D102B0BDE81040F9
:1024D000DFF89C2A89B2EBF750BE48F202030DE008
:1024E0001CB500F015F807D102B0BDE81040DFF8C8
:1024F000842A89B2EBF768BE48F20303027C00939A
:1025000001928BB2811C407C8022EBF742FF13BD0D
:1025100081690A78497802EB0121DFF8502A148892
:102520008BB2A34270477CB5054600200090002482
:10253000A96908784A78897800EB022000260A0009
:1025400014BFFF2982260ED0DFF8202A138880B21C
:10255000984207D1684601F04FFA0446009810B936
:10256000832600E08026009A31462846EBF74FFE8E
:10257000002C1EBF00980028E1F771FE73BD704764
:102580002DE9FF4104460025A069DFF8EC890178B8
:10259000407801EB0027F1F76AFC0026B9B28142CE
:1025A00007D101F049FA451E0121404601F04EFADB
:1025B00000E08026207CEDB2BFB20390CDF8088009
:1025C000019500973346617CA21C48F20500EBF7A9
:1025D00083FEBDE8FF81F0B5002308E00C784D785C
:1025E00004EB0526DFB222F81760891C5B1CDCB205
:1025F0008442F3D30846F0BD2DE9F84F804684B0FD
:10260000D8F818703878797800EB0124B878F97820
:1026100000EB012292B20192A0B2F2F7C6F80026B6
:10262000002501284FF0000909D0A0B2F2F7BDF84B
:10263000B0B9DFF838190A88A0B2904210D098F8E3
:1026400010000390A4B2029501950094802398F89D
:10265000111008F1020248F20600EBF73DFECDE052
:102660003C7907F1050A5CB16000E1F7F7FD06006F
:1026700006D0324651462046FFF7ADFF824600E0C5
:1026800000241AF8017B57B17800E1F7E7FD050057
:1026900005D02A4651463846FFF79DFF00E0002747
:1026A000DFF8C0180968CDF80880AB46B24600973D
:1026B0000D4626E0002131610EE00020B060009858
:1026C0000028F7D006F1140101EB440030615946AF
:1026D000009A5200E1F7B8FD686842681078314608
:1026E000E1F779FB3878DFF890185FFA89F209F1A1
:1026F00001098854B8F1000F1CBF3846E1F7AFFD5F
:102700002D68002D47D0686801780029F8D0AA7B91
:10271000D307F5D5AA682AB10120904707464FF0A4
:10272000010802E087684FF00008002FE8D07888A1
:10273000019988421EBF08464FF6FF718842D9D1E1
:10274000BB68FA7951462046FFF7A3FE40B90098CE
:102750003B693A7B5946C0B2FFF79BFE0028C9D0BF
:102760000098201840001430C0B2E1F711FB0600B9
:10277000B8D0D2203070002C029948887080347113
:102780000098307399D006F11400B0606200514691
:10279000E1F75AFD93E70299DFF8D0275FFA89F055
:1027A00058B1087CDFF8D037039002935FFA89F0C4
:1027B00001900023128800920BE0087B78B9DFF8C3
:1027C000B837087C12880293002603900196009285
:1027D00000238A1C497C48F20600EBF77DFDBAF124
:1027E000000F1CBF5046E1F73AFDBBF1000F05D0CA
:1027F000584605B0BDE8F04FE1F731BD00F0D5BB5C
:1028000070B58CB0032204468DF82C200D4609A823
:10281000F0F730FAF1F722FB014609A8F0F71BFAAE
:1028200020B1297D032918BF012901D084206BE044
:10283000287A002818BFFF2806D0032906D1A87DD2
:10284000002818BFFF2801D182205DE035A0DFF805
:102850002C67D0E9002307A9301DC1E90023082215
:10286000E1F7E4FC28BBDFF8F8166088CA8A9042DA
:102870001FD03078FF281CBF297A814207D070888A
:102880004FF6FF7188421CBF6A89904211D1002027
:102890008DF80C000822311D04A8E1F7D5FC03A82F
:1028A00007F055F9BDF80E006188884218BF8D20E9
:1028B0002AD1E08921281CD18C218DF8081000F044
:1028C00035F8FCF753FF08BB8DF80800E8F7D1FF97
:1028D000287D03281AD1694605F10C00FCF7EAFFB0
:1028E000A0B900230022002105F10C00EBF778FAD3
:1028F0000CE000F01BF8FCF750FF20B98DF8080041
:10290000E8F7B7FF02E088208DF80800207C0190EE
:1029100002A900910123E28942F4004200F0DCF9AF
:102920000CB070BDFFFFFFFFFFFFFFFFAB7D6989AC
:10293000287A05F10C027047F8B50023ADF80200C3
:102940008DF8003001A807F02BF8684607F05DF914
:1029500005B000BD8169DFF818360A78497802EBC6
:10296000012219890A4000D17047E0B5017C00922C
:102970000191811CDFF8F4251388407C0022EBF7DD
:10298000F4FC07BD2DE9F14F92B081690B780593F6
:1029900004AA00219C20F3F7B4FD4FF00009DFF8F2
:1029A000E01508780191CA46002818BF01280BD10C
:1029B0000421002003F054FF9DF810105FFA80FA04
:1029C00051448DF8101002E001228DF81020059876
:1029D0009DF81010884280F2BA800E1AF6B2022ECC
:1029E000C8BF02261A2010FB06F0E1F737FC5FEAA9
:1029F000000900F0AD80059F4FF000084C464FF0F5
:102A0000FF0B58E0FF22082104F10A00E1F786FCE1
:102A100042E0012020750099087D401E43E00098A7
:102A2000017D491C21762879022806DC02212175C6
:102A30002879012806D0012005E001202075297998
:102A4000032900D10020012130E003F08AFF054670
:102A50007F1C75B30099DFF808050A88228000F111
:102A60003901A01CF0F706F9288860820221E1757F
:102A700084F818B00022A97A61768DF8182006A88B
:102A80002988ADF81A1007F029F80128BAD107A94A
:102A900004F10A00F0F7EEF828790028BFD1298860
:102AA0000029B6D12075207600210220A17560751D
:102AB0001A3408F101085FFA88F1DFF8C8040090C1
:102AC000B1423FDAF8B25045BFDB05988245B4BF4A
:102AD000A0EB0A07002735E0012161750020A075F1
:102AE0000099087D401E20E00AAAF9B28720F3F77A
:102AF00008FDBDF83200DFF8901420807F1CA01C78
:102B0000F0F7B8F80DF12A0104F10A00F0F7B2F875
:102B1000BDF82800608201990878002818BF0128B4
:102B2000DAD102206075A075FF2020760220E075C2
:102B30009DF83A006076608A00B1012020751A3451
:102B400008F101085FFA88F0B042CDDB00E0002612
:102B5000002005999DF810300390C9B20091CDF87E
:102B60000890019600221298811C407CEBF7AAFD88
:102B7000B9F1000F1CBF4846E1F771FB13B0BDE887
:102B8000F08F3EB504460421A5692846E1F784FB91
:102B90000090012228798DF80400012069798DF8D0
:102BA00005208DF806200223DFF8E0231070DFF8FF
:102BB000E003037262880280DFF8D803DFF8D823CD
:102BC00001706846617C1170F3F748FA08B1F3F7B9
:102BD0007BFA37BD38B584B0FEF711FF0446FEF727
:102BE0000EFF002501E080696D1C0028FBD1DFF895
:102BF000A4030078E9B2814238BF00210BD3291A1F
:102C0000CAB2062AA8BF0521002201E0A469521C0D
:102C1000D3B28342FAD30090C9B2DFF87C030191AA
:102C2000002203920294EBB20078DFF86413EBF712
:102C3000F8FC05B0BDE83040F3F746BA2DE9F84797
:102C4000064685B0B069077804AA0021A320FCF7E6
:102C5000B2FDBDF810000024874205DAC51BADB2F5
:102C6000032D16DD032516E00025A0460020039065
:102C7000EDB20294019500974246BDF81030707C89
:102C8000DBB2B11CEBF78BFD14B12046E1F7E7FA9C
:102C90001FE0002DE9D018206843E1F7DFFA0400B7
:102CA00013D04FF00008A146C2465FFA8AF0A8424E
:102CB000DCDA57FA8AF14A4689B2A220FCF77BFD9A
:102CC00009F118090AF1010AEFE74FF0B5080025EC
:102CD000CCE706B0BDE8F087A11C04F11100EBF7CA
:102CE00059B830B5044685B0A569284606F066FE99
:102CF00038B1F1F7B3F801462846EFF7ACFF0128E9
:102D000002D10021039100E003959549A08B4A8BE5
:102D1000904204BF207B00282AD12D7A15F0400173
:102D200018BF01218DF8101015F0800118BF012186
:102D30008DF8111000229DF811008DF81220002846
:102D400004BF0398002804D101214FF40050F1F78B
:102D5000F4F903A8F3F775FB00F00CF848F234021D
:102D6000FFF7BAFF290603D4039808B9E6F789FFED
:102D700005B030BD8DF8080002A900200190009137
:102D80000123704778B5044687B0A0690178407880
:102D900001EB002575490E88AAB2B2420ED102ABF2
:102DA000112200218120E3F759FA38B9009002ABD3
:102DB000607CAAB2A11CEBF7BBFA0AE0207C019070
:102DC00048F211010091ABB2607C8422A11CEBF7A8
:102DD000E0FA08B070BD000050750020E4740020D7
:102DE00070B5044688B0A0690178427801EB0225ED
:102DF0005E490E88ABB2B3421ED181781029A8BFBC
:102E000010218DF80C10C11C9DF80C200DF10D0047
:102E1000E1F71AFA03AA11218120E3F7DCF95449FA
:102E20009DF80C000A78002814BF42F0100202F04E
:102E3000EF020A70002000E084208DF8080002A94B
:102E400002A8457085700323207C0190009148F210
:102E50001402FFF741FF08B070BD00009817002072
:102E600090170020A0060020B01C0020CC74002089
:102E7000661700200B770020484A1178002900D1FE
:102E8000704718B5364C94F8261089B0082918BF39
:102E9000042962D1694600F0EBFAF0F7DFFF0DF18B
:102EA0000201EFF7D8FE28B1F0F7E1FFBDF80010FE
:102EB000814252D0F2F72CFBBDF800000DF1020167
:102EC000F1F70EFD012848D007A8F0F7D8FF0DF163
:102ED000020107A8EFF7BFFE58B1F0F7CCFFBDF82D
:102EE0000010814205D061834B2004F11A01E9F7FB
:102EF00033FCBDF80000002103F076FAA18CBDF888
:102F00000000F2F7C1F80020BDF800108DF80C00A9
:102F1000ADF80E1003A806F0E1FD60B107A800218E
:102F2000C0E9001104A9EFF796FE20B100F038F8CF
:102F300003A806F06AFE00F033F803A806F007FEC7
:102F400000281EBFBDF80E00BDF80010884204D056
:102F5000ADF80E1003A806F058FE0AB010BD000030
:102F60009C6800209C060020A41C0020581700200C
:102F7000D873002044750020E86D0020B0170020B1
:102F8000D61C0020C0680020D568002064170020EF
:102F900078740020F4760020F3760020FD7600207F
:102FA0000DF1020104A806F0FBBC05B0BDE8F08FEE
:102FB00038B585690C4629462046EFF75BFE287A2E
:102FC000207205F1090000F046F86381C51C817884
:102FD0002175032907D1294604F10C00EFF74AFEB9
:102FE000287AA07531BD2978687801EB0022A2818A
:102FF00031BDF8B507460026B87C0C28A4BFB869D7
:10300000C67A344660000E30E1F728F9050020D07A
:10301000B969087828704F1CD8B93946281DEFF7D0
:1030200029FE07F1080000F016F800216B802973D3
:103030007EB182782A7305F10E01C3786B73001D8F
:1030400002784378801C02EB0326641E21F8026B91
:10305000F6D12846F2BD0178427801EB0223704791
:1030600030B500F05AF8B8BB9378087963F30200E2
:10307000087100F0F700937803F008031843087113
:1030800000F0EF00937803F0100318430871D37831
:10309000487900F0070003F0F80318434871D3782B
:1030A00063F302004871107988715379CB7190797C
:1030B0000872D3794B72107A887202F10A00537A3F
:1030C000CB720278437802EB03248C8182788A7376
:1030D000C378CB730079087430BD30B500F01DF8AB
:1030E000D0B94B68907823F0F003000943EA00134D
:1030F0004B60907860F303034B6023F47043D07807
:10310000000943EA00334B6023F47063D47804F081
:103110000F0443EA04234B6030BD826912F8010BAF
:1031200008701378547803EB04254D8008787047B5
:1031300038B5FFF7F2FF20B9D01CBDE83440091DB7
:103140004BE131BDF8B5856915F8016BAF78B81D55
:10315000E1F784F804000BD026702878697827718D
:1031600000EB01226280E91C3A46601DE1F76CF831
:103170002046F2BD826913780B70806942788078AE
:1031800002EB00234B8070472DE9F047866916F863
:1031900001AB0027B846BAF1000FC14605D196F839
:1031A0000090777896F80280F61C1A2000F036F826
:1031B000040032D084F800A0A770251D84F8019087
:1031C00084F80380002725E0002028803146A81CD1
:1031D000EFF750FD0836314605F10A00EFF74AFDDA
:1031E00006F10800FFF737FF6B82861D817801F03A
:1031F00003022A757F1CC1F381026A75C1F30211B3
:10320000A975C17801F00301E97501792976427940
:103210006A761A35F8B24045D6DBC0E010FB08F0FC
:10322000001DE1F71BB82DE9F843866916F8019BEC
:1032300000250027B9F1000FB84604D1377875781A
:1032400096F80280F61C4FEA0810FFF7E9FF040029
:1032500029D084F800906770A57084F80380271D3A
:1032600000251DE031463846EFF704FD30787178CF
:1032700000EB01223A816D1C307AB872717A01F04C
:103280000F01F972707A00093873B07A00F00F00FC
:103290007873B07A0009B873F07AF8730C36103787
:1032A000E8B24045DEDB2046BDE8F2832DE9F0417F
:1032B000856915F8018B002600270024B8F1000F5E
:1032C00003D12E786F78AC78ED1CE000FFF7A8FFF3
:1032D000F8B180F80080011D46708770C47000222C
:1032E00014E02B786E7803EB06270F80EB1CAE788A
:1032F00006F007054D71521CC6F3C2058D715E784C
:103300001D7805EB06274F809D1C0831D3B2A342E0
:10331000E7DBBDE8F0812DE9F047866916F801ABDF
:103320000027BAF1000FB946B84605D1377896F8AC
:10333000019096F80280F61C1820FFF76FFF04003A
:103340002DD084F800A06770251D84F8029084F8C1
:103350000380002720E03078717800EB0122AA81F9
:10336000B61C17E031462846EFF784FC307A287205
:1033700006F10900FFF76FFE6B81C61C8178297585
:103380000329E8D1314605F10C00EFF773FC307AE0
:10339000A875093618357F1CF8B24045E2DB204697
:1033A000BDE8F08770B586693078002400B9F478FC
:1033B000A01DE0F753FF05000DD03078287071781C
:1033C000B0782C7101EB00226A8024B12246311DB5
:1033D000681DE0F739FF284670BDF8B50D4610F8B6
:1033E000011B29700278437802EB0321698010F8F1
:1033F000022F417802EB0123AB80061D8178090979
:10340000A971C178E9710C0011D06000E0F726FFC6
:10341000A860E0B1002107E03378777803EB072359
:1034200020F81230B61C491CCAB2A242F4DB16F8CE
:10343000010B2873040019D06000E0F70FFF28612A
:1034400038B9A86818B1E0F70AFF0020A860012089
:10345000F2BD002107E03378757803EB052720F8EB
:103460001270B61C491CCAB2A242F4DB0020F2BDA5
:1034700038B5806942780C46017801EB022323803D
:10348000851C2946A01CEFF7F5FB287AA07231BDF8
:103490002DE9F047876917F8018B00240026B8F161
:1034A000000FB246B14610D104213846E0F7F4FED1
:1034B0000646381D0178427801EB022A10F8021FF7
:1034C0004278847801EB0229C71C04F11000E0F770
:1034D000C5FE05000ED085F800806E60A5F808A036
:1034E000A5F80A902C732CB12246394605F10D003F
:1034F000E0F7AAFE2846BDE8F08738B585690C4696
:1035000004212846E0F7C8FE2060287920710628AB
:1035100002DA6879607131BDFE2818BFFF280AD130
:1035200068792179A071A81DFF2904D1027840781B
:1035300002EB0021218131BDF8B505460F46164644
:103540001420E0F78BFE040019D0DFF84C15486812
:1035500020604C603220207301226560A760627396
:10356000A2732661287850B1F12808DA4868DFF89C
:103570002C1508606068FEF749FD616848702046B8
:10358000F2BD10B50446207800F024FA08B10220FC
:1035900010BD002200212046FFF7CEFF08B9102001
:1035A00010BD002010BD38B5DFF8EC345A68BAB150
:1035B000546825781168854204D15960104609E0A5
:1035C0000A46194651B14C6825780B688542F7D1F7
:1035D00013600846E0F743FE002032BD022032BDF2
:1035E000012032BD2DE9F04105460E4617469846AA
:1035F00000F0FCF9040011D00620E0F7C9FB01003F
:103600000CD0FD20087081F801808D708F80CE7005
:1036100060680078BDE8F041E0F7DDBBBDE8F0810F
:10362000F8B505460E46174600F0E0F9040013D041
:103630000820E0F7ADFB01000ED00798069AFE23A4
:103640000B7048708D70CA700E71CF806068007802
:10365000BDE8F440E0F7BFBBF1BD2DE9F74F0746E9
:10366000DFF83404446838780E9EDDF83CA000F0A2
:103670000C000C2898464FF0FE090BD1B888FE21AB
:1036800006F056FFFE28814603D000F0AFF9050092
:103690000BD196E0B878FF2802D1002CF9D08CE04D
:1036A00000F0A4F9050000F08980287800F092F974
:1036B00004460E9607E000F099F90500E9D0287855
:1036C00000F088F90446A2684FF6FE763AB12978F0
:1036D0000220904730B10688E0F7C1FD02E0A868FB
:1036E00000B1468839892878B14207D010B900293D
:1036F00050D103E04FF6FF7291424BD197F802B0E0
:10370000B87038690090387D3030C0B2E0F740FBC7
:1037100006003DD01A203070B9887180F888B080DA
:10372000B01D019900F0BEF9F878F0732978317571
:10373000387B707598F80010B17598F80100F07535
:1037400098F8021031769DF8340070760E99F16188
:103750009DF8300086F82000798BB18578897082D9
:10376000BDF808103182387DB08486F82EA0B08C68
:1037700040B106F13001B162B28C0099B06AE0F755
:1037800063FD00E0B062686800783146E0F723FB33
:1037900087F802B0387800F00C000C2807D1B88800
:1037A000494606F0C5FEFE28814684D109E0B87876
:1037B0000E9EFF2805D124681CB16568002D7FF49A
:1037C00078AFBDE8F78F2DE9F8430C008AB0914639
:1037D000984635D00646307A149D8DF802002807A9
:1037E0000FD5317A02292BD1F0F741FB0146308801
:1037F000884206D00322012102F030FF08B1CD201B
:10380000C1E0307A022818BF0F2814D13088F0F7B1
:10381000CCFF60B10F203072307A8DF80C00307A16
:1038200003280FD1314601A8EFF724FA0DE0307AD2
:103830000F28F1D104E003281CBF01280028EBD099
:103840000220A0E03088ADF80400A807924F04D50C
:103850004FF6FF71ADF814101BE00020ADF8140016
:10386000786800E0006878B14168A142FAD18268C6
:10387000100009D021780220904750B10188ADF89E
:103880001410E0F7ECFC04E0A06810B14088ADF83B
:1038900014000020ADF81C00E80607D59DF80C00C8
:1038A0000F281EBF01280420ADF81C00280605D5EE
:1038B000BDF81C0040F01000ADF81C00680609D5EA
:1038C000BDF81C1041F00101ADF81C1001218DF86C
:1038D000011002E000208DF80100680705D5BDF851
:1038E0001C1041F04001ADF81C1000218DF80010B3
:1038F000A80647BF04218DF81F1038788DF81F00E7
:10390000139D2B781598129A8DF81E3021788DF81A
:103910000E10737A8DF820008DF80F30ADF81290EC
:10392000ADF816800692207800F054F800281FBFEA
:103930000169002901A88847684600F071F84045F0
:1039400007D25748016811B101A8884704E0022650
:1039500003E001A8FBF7C0FD06469DF80C00022815
:103960000BD1F0F784FABDF80410814205D1297813
:10397000207833464A46FFF735FE300002D12878DA
:10398000401C287030460BB0BDE8F083F8B584B019
:1039900004460D4616460E990F9A20881F4602F0DF
:1039A00011FC010010D19DF834009DF830100390F7
:1039B00002913B460B980A990190009132462946A4
:1039C0002046FFF700FF03E005280CBF022010206F
:1039D00005B0F0BD01463048406800E000680028AE
:1039E0001EBF426813788B42F8D1704780B5FFF74D
:1039F000F1FF00B1406802BD38B504460D462846C7
:103A0000FFF7E8FF002140B1826822B1294601207A
:103A10009047012101E0406880682060084632BD7F
:103A200010B5017801290CBF08240024401CFBF7C5
:103A30007FFE041BE0B210BD17484168002001E082
:103A40000968401C0029FBD1C0B2704770B502461E
:103A500011484068002413460AE045682D780E009E
:103A600001D02E0003D0641C02F8015BE4B20068B0
:103A70000028F2D109E0195C5A5D8A423CBF1A5411
:103A800059556D1CA542F6DB3046A04202DA461CB1
:103A90003546F7E770BD000098060020C4060020F8
:103AA000A475002010B50446087A20720A7A032A09
:103AB00003D12046EFF7DEF801E0088820800021DE
:103AC000618110BD10B50C46FFF784FF20B932208C
:103AD00020700121617010BD00F10C012046BDE88D
:103AE00010400222E0F7B0BB10B50C46FFF772FFA2
:103AF00008B9022010BD022221460C30E0F7A4FBD9
:103B0000002010BD1FB500F00DF8684606F07DF8E6
:103B1000BDF80C1001280CBF0020C820FFE7218051
:103B200004B010BD0223ADF802008DF80030144639
:103B300001A805F035BF1FB50C4602228DF8002004
:103B4000014601A805F02CFF684606F000F8BDF814
:103B50000C1001280CBF0020C820E0E718B585B084
:103B60006946FFF7E8FF04000CD10220BDF8001001
:103B70008DF80400ADF8101001A805F071FF0128C0
:103B800018BF0124204606B010BD2DE9FE43DFF822
:103B9000B066716A04464FF006084FF6FE7989B99F
:103BA0001220E0F75BFB0028706256D000214FF630
:103BB000FF73851C08FB01F2491C20F80290AB52F0
:103BC0000229F7DD002C48D101AB00F01FF90028D5
:103BD0003CD1BDF80400002838D0042836D200F0CB
:103BE0006EFB04460027706A08FB07F508FB07F127
:103BF0004319891C062289B24C20E2F72FFBF8B941
:103C0000706A415B494518BF002C19D0801C009494
:103C10001823415B00F023F8206900F2E9302061AD
:103C20000C23716A8A1C515B0A465A432346B050E2
:103C3000B21860695060182200F010FC00F042FBDE
:103C40007F1C022FCFDD0CB100F040FBDFF8F43514
:103C5000082200217120E2F701FBBDE8F783002272
:103C60000620E2F7BDBA70B500220A60DFF8D03551
:103C70005A6A7AB1002306259CB26C43165B8642D1
:103C800004D05B1C9CB2032CF6D303E0101908602F
:103C9000002070BDC82070BD38B50C4600222260DF
:103CA0006946FFF748FFC82528B9BDF8000021463E
:103CB000FFF7D9FF0546284632BDF8B50C46154634
:103CC0006946FFF738FFB0B9DFF87405406A90B174
:103CD000002106238AB25A43BDF80070865ABE42BC
:103CE00004D0491C8AB2032AF4D304E010442060B3
:103CF00029800020F2BDC820F2BDB0B5DFF8402514
:103D0000526A72B1002306259CB26C43145B844254
:103D100004D05B1C9FB2032FF6D302E00B8000207F
:103D2000B0BDC820B0BD2DE9FE4F05460DF1020122
:103D30002888FFF7E2FF074600F0C1FA04000CD024
:103D40001821E0F7E3FB688822461821E2F743FADE
:103D50004FF6FF70688000F0B9FA4FF6FE7BA5F8C9
:103D600000B00020002F28714DD1DFF8D444BDF8F9
:103D700002A0606A4FF0060808FB0AF768B300F07B
:103D80002EFB5FEA000928D000F03FF8002616FB62
:103D900008F0801C80B2564509EB000506D1606A28
:103DA000C11906222846E0F74FFA0DE008FB06F19C
:103DB000891C01AB062289B24C20E2F74FFA062299
:103DC00001A92846E0F740FA761C022EDFDD4A46BC
:103DD00000F0C7FA4846E0F742FA00F016F890B94A
:103DE000606A48B1C15B594506D1BDF8000028B1F1
:103DF000411EADF8001001E000F0EBFA6A46022126
:103E00004C20E2F7E8F9BDE8F78F6B46022200216B
:103E10004C20E2F723BA70B500210160DFF82024BE
:103E2000516A91B100234FF6FE7606245C430D5B88
:103E3000B54203D05B1C032BF7DB06E02144016095
:103E40000020516A2144087170BDC82070BD1CB5A6
:103E500000F003FA040004BF0098FFF764FF204657
:103E600016BD10B588B00446F0F701F821898142EB
:103E700024D1606801900021ADF80810606802F05C
:103E800017FD00281CBF017900290AD0042908DC8D
:103E9000407900F00800401E8041C00F8DF80A00F4
:103EA00008E0EFF7E4FF2188814228D10022019247
:103EB0008DF80A2001A8F2F7C4FA20E0ADF80C1042
:103EC00006AA6068049000F02AF80022694606A855
:103ED000FCF7DCFBDFF844070178012904BF9DF8FB
:103EE0000000002805D100218DF8141003A8FCF76C
:103EF0002FFC01208DF8140003A8FCF729FC08B062
:103F000010BD01AA6946FCF7C1BB80B5FFF73DFEB5
:103F1000FFE700F011FEBDE80140FCF732BD0021D3
:103F2000AB20FBF748BC18B585B0002204468DF8DD
:103F30000420214602A8EEF79DFEFCF729FD48B9B2
:103F400001A805F004FE012804D06A46214600209D
:103F5000FFF7D8FD06B010BD70B504468EB004F171
:103F6000160000F037FDDFF8FC1A0878012818BFAA
:103F7000022828D100208DF812000DF11201102224
:103F8000012009AB039102920190009300221423B7
:103F900004A90420E2F73FF948B1DFF8CC0A006831
:103FA00009AAFFF7AFFF0328ADF810000BD20822D3
:103FB00004F116010BA8E0F747F9BDF8101009ABA2
:103FC000142200F0D4FB04F11600FFF7ACFF2079B7
:103FD000012818BF062841D10021A21DCBB2D05C18
:103FE00018B9491CCAB2102AF7DBC9B21029DFF888
:103FF0007C5A15D195F8410020BB05AA622100F03A
:1040000029FC002105A800F081FE002000F095FEAB
:1040100005A8002100220023002480E81E0011E0F2
:104020006179DFF84C6AA01D00F070FE95F8410040
:1040300000281CBF3178012904D1607900F07DFE91
:1040400000203070DFF894180A78052A5DD1DFF877
:10405000900800788021DFF739FF56E004282BD143
:10406000DFF8105A287801284FD109AA694604F1CF
:104070001600FCF70BFB01469DF80000002844D019
:10408000012200238DF834208DF835300A930993EE
:104090008DF83630142209AB00F069FBA21D00F048
:1040A000FFFC10B9A21D00F000FD002028700321C4
:1040B0000120E6F749F928E0032826D1694604F1F2
:1040C0001600FFF738FD68B16A4604F116014FF695
:1040D000FE70FFF717FD00230022002104F11600F7
:1040E000E9F77EFE00F018F9019838B901A8FFF74A
:1040F00092FE18B90199BDF800000880A11D04F1D5
:10410000160000F069F800F030F90EB070BD1FB570
:104110000446608870B96946201DFBF7CBFB012877
:1041200008D1EFF7A4FEADF80800211D0191684603
:10413000FFF797FE1FBD80B5007900F0FEFDBDE8DA
:104140000140E7F796BBF8B584B00446150001F0CE
:104150000F0618BF002C24D06B461022002140F21D
:104160000110E2F77BF83746C7F110020DEB0701AB
:104170002846E0F769F87F42EB193246694603F1B9
:104180001000E0F761F80020295C225C51402954BE
:104190002A18215C137A4B402918401C08280B72FE
:1041A000F2DB05B0F0BD70B5DFF8CC381D6888B023
:1041B000044655F83C6F102204A96846B047DFF862
:1041C000BC0800686946F4F7A3FA0199102220465A
:1041D000E0F73AF808B070BD7FB50E4601AA02A913
:1041E000FFF76BFD050028D10299BDF80400488057
:1041F00000F065F8040020D002980094182341884C
:10420000FFF72DFD102231462046E0F71DF8002073
:1042100060612061234602984188182200F01EF94F
:1042200000F050F800F052F8029949880C20414300
:1042300003480022425001444A60284604B070BD41
:10424000EC6F0020C47400201CB500F005F80100DC
:1042500004BF00990C7116BD0C466946FFF71CBDE2
:104260001FB5044601AAFFF75AFEEFF7F7FD014616
:1042700001A8EEF7F0FC90B101A9204605F0C2FBC1
:1042800078B103A901A8FFF707FD18B903980079D1
:1042900040B104E0694601A8FFF74DFC08B90120D0
:1042A00000E0002004B010BD1CB5FFF7D5FF0100F1
:1042B00006BF009949884FF6FF71218016BD18206E
:1042C000DFF7CCBF18212046E0F720B92046DFF702
:1042D000C6BF3EB515460C466A46FFF713FC08B14B
:1042E00001203EBD00F018F8019838B901A8FFF789
:1042F00092FD78B90199BDF8000008802946204652
:10430000FFF76AFF01212046FFF79EFF00F02DF81E
:1043100000203EBD11203EBDBDF8000001A9FFF701
:10432000A2BC38B500F05BF8040016D01421E0F709
:10433000EDF8224614214C20E1F714FF0928054628
:1043400001D100F00DF8FFF7C1FFDFF83427082195
:104350007120E1F707FF054300E00A25284632BD3A
:10436000224614214C20E1F736BF2DE9FC41002103
:10437000ADF8001000F033F85FEA000827D0DFF84E
:104380000457686A00B300270626686A06FB07F42C
:10439000011917FB06F0801C80B206224044DFF7AB
:1043A00053FF686A015B4FF6FE72914201D000F044
:1043B00010F87F1C032FE8DB022269464046DFF736
:1043C00043FF4246FFF7CDFF4046DFF748FFBDE819
:1043D000F381BDF80000401CADF8000070471420C8
:1043E000DFF73CBF3EB50020ADF80000062101A874
:1043F000DFF7C8FFFFF7F3FF04001BD0DFF88416D8
:10440000486AA8B10025062015FB00F0801C80B288
:10441000062201A92044DFF717FF6D1CA8B202286D
:10442000F1D9022269462046DFF70EFFFFF798FF19
:10443000FFF74CFFFFF743FF04000CD01821E0F713
:1044400065F80025234600F007F86D1CA8B2022885
:10445000F8D9FFF73BFF37BD1822A9B20620E1F7D4
:104460009DBEF8B588B0054601A80021C0E900113D
:1044700003A81421DFF786FFFF268DF81C600027B4
:1044800003AB1422B9B20420E1F745FE58BB0C215E
:10449000DFF8F40579434418290006D000F064F9E8
:1044A00000202060606060721DE003A8009014236B
:1044B0000022B9B20420E1F793FE082201A905A861
:1044C000DFF7B4FE38B903980B3003902060012069
:1044D00004996160607200F047F9142103A8DFF7C6
:1044E00051FF8DF81C607F1C032FC9DB15B1002024
:1044F000FBF7F7FF09B0F0BD2DE9F04188B00C469D
:10450000002106468DF8001004F1080005F056FA67
:10451000A12520B904F108013046FBF788F903AA68
:1045200000F028F9DFF83C750146387840F20316B0
:104530004FF6FF78012818BF022810D19DF800001F
:1045400068B901A80021C0E9001103AAFFF7DAFC4D
:104550000146414556D001208DF8000005E09DF848
:104560000000002818BF41454CD09DF81C200025B4
:1045700004F12600C2B1012A06D0022A18BFFD2A82
:1045800021D0FF2A06D045E0397801292CD0022914
:1045900003D129E03978012901D0022901D1012173
:1045A00001706582A68235E005216182DFF8DC2496
:1045B0009DF81F1001F07F01A182117801B1012146
:1045C0000170417026E00C20DFF8BC2441435018F4
:1045D000A16950F8042F914212D3491C0160387828
:1045E000012818BF022804D14FF481716582A1828D
:1045F00010E0082205A904F11E00DFF725FE09E0FE
:10460000A22507E0387828B9E5F70AFD10B96082DD
:10461000A6820025284608B0BDE8F081D51C002000
:104620002DE9F8438AB00022ADF81A000C468DF847
:10463000182004F1080005F0C1F9A125002800F0B8
:10464000868001AA00F096F84FF6FF7290428046ED
:1046500040F2031676D045460C214D43DFF8D89141
:104660009DF8000009EB050778B39DF8140098B198
:10467000012806D0022816D0FD2818BFFF2807D031
:1046800046E0DFF8E0130878012818BF022811D0AF
:10469000A682002060823BE09DF8170000F07F00BA
:1046A000A082052133E0DFF8BC030078012818BFA1
:1046B000022803D14FF48170A08227E0082203A9C9
:1046C00004F11E00DFF7C0FD22E0082204F108011A
:1046D00003A8DFF7B9FDFF2101228DF814108DF832
:1046E0001520DFF716FE00F00F0000218DF81600F0
:1046F0000191029101AB1422414600F038F80C21DF
:104700003846DFF703FF01207872A682002161821C
:10471000002020740A223968A1610A213868401CEF
:104720003860B0FBF2F201FB120070B909F1080128
:104730000120DFF85C2348554FF480611078DFF7E3
:10474000C5FB02E0A68200206082002507E006A8E3
:1047500005F0C4F9012804BF06A805F081F9284630
:104760000BB0BDE8F083000003AB1422B9B2042003
:10477000E1F714BD694604F10800FBF787BF70B587
:104780008EB00546684600210022002380E80E0016
:10479000F1F7A7FB0024000648BF0124002606E02D
:1047A00000F052F810B90CB100F048F8761CB94886
:1047B00001788E42F4DBFF22082101A8E4F768FCAF
:1047C000761E00F041F810B90CB100F037F818214E
:1047D00008A8DFF7D7FD08AA18218220E1F7C2FC5C
:1047E000002808BF012D04D108AA18218220E1F772
:1047F000F2FC112103A8DFF7C5FD03AA11213A201D
:10480000E1F7B0FC002808BF012D04D103AA112153
:104810003A20E1F7E0FC03AA11213B20E1F7A2FCDA
:10482000002808BF012D04D103AA11213B20E1F784
:10483000D2FC0EB070BD0000607000206B460C22F0
:10484000B1B20720E1F7AABC6B460C22B1B2072037
:10485000E1F761BC1CB5044608462100134628D187
:104860003A2818BF3B2802D1102201211CE040F257
:104870000312904202D11022874909E068280CD126
:1048800078480078012818BF022824D110228349D3
:104890001846DFF7D9FC002016BDB0F5817F18BFA0
:1048A000622818D11022002102B0BDE81040E1F7C3
:1048B000D5BC052C05D1009301461023002205200C
:1048C00006E0062C07D100930146102300220620A3
:1048D000E1F786FC16BD0A2016BD0000681700200F
:1048E0006617002038B586B0044618216846DFF701
:1048F00049FD00256B461822A9B20620E1F70BFC02
:10490000002808BF012C05D16B461822A9B2062049
:10491000E1F744FC6D1C032DECDB07B030BD10B596
:104920000446FFF72CFF2046FFF7DCFF2046BDE8DA
:10493000104096E57CB5FFF7C2FC04001DD00025B1
:104940000C21504869434618327A012A0FD100944D
:1049500018230022A9B2FFF783F940B9306820611B
:10496000234671686161FFF777FD002030726D1C8E
:10497000032DE5DBFFF7A6FC26E073BD7CB5FFF752
:104980002EFD04001FD000250C213F486943461826
:10499000327A012A13D1009414230022A9B20420F0
:1049A000E1F71EFC58B930682060234671686160E9
:1049B0001422A9B20420E1F7F1FB002030726D1C33
:1049C000032DE1DB00E073BD2046BDE87640DFF754
:1049D00046BC00003EB500BF36A10400D1E900236B
:1049E000CDE9002308BF6C4622460021AB20FAF730
:1049F0000EFF234D21462846EEF73CF92A460821B2
:104A00007120E1F7E8FB37BD18B58BB0182105A878
:104A1000DFF7B8FC05AA18218220E1F7DCFB1121A1
:104A20006846DFF7AFFC6A4611213A20E1F7D3FB75
:104A30006A4611213B20E1F7CEFB0C49094A0020D0
:104A400081F841001078012818BF022807D1124CC4
:104A5000224600F025F810B9224600F026F80CB0E6
:104A600010BD0000D61C0020907500209C6800201E
:104A7000BD060020BE060020C013002044340020E4
:104A8000C4740020EC6F002060700020F7760020D6
:104A900066170020D3650100D0130000C01300008A
:104AA00010214FF48170E1F75DBB10214FF481704C
:104AB000E1F791BBFFFFFFFFFFFFFFFF80B500F0B5
:104AC00003F8BDE801401CE01848194B40220221C0
:104AD0004270017080211A78012A08BF88218170F4
:104AE000A0220021C1700171827182725021417136
:104AF00000210289C17142F43052C17202810173F6
:104B0000704710B50120EFF7D5FA0A4C002814BF02
:104B100001200220216860F30301216040F6220099
:104B2000216860F30F11216010BD0000D8730020D0
:104B3000FD760020447500200FF29D30DFF86416EA
:104B400008600FF21530DFF860160860704770B526
:104B500004006068A17800EB0105287810F00700D8
:104B600060702878C0F3C10020742878C0F3401624
:104B70000421681CDFF790FBA06105202077F6B2C6
:104B8000012E0AD1207F05EB000114F10800EEF799
:104B900071F8207F0830207706E00821002214F108
:104BA00008063000DFF7BAFB207C012805D1207F02
:104BB000285CA075207F401C207770BD70B5040074
:104BC000207F0D2801D1012500E000256068A17833
:104BD00008446178227C51EAC20151EA4511017012
:104BE000401CA169DFF77DFB0600EDB2012D05D168
:104BF00014F108013000EEF73DF80836207C01285A
:104C000001D1A07D307070BD30B591B004006068F6
:104C1000A17800EB01052078002803D12000FFF7E0
:104C2000CDFF03E029786078014329700DAB2A7825
:104C3000A16914F1080000F000F9A0788DF80400D3
:104C4000207F8DF80500E0788DF8060060788DF8FB
:104C50000700608A00280CD1A08A40F20111884226
:104C600007D105AA94F8281014F11E00FFF76BFA7B
:104C700004E005AAA18A608AFFF7ECFD05A804906C
:104C8000FF208DF80000207C022803D100208DF841
:104C9000000005E0207C032802D102208DF80000EE
:104CA0009DF80000FF2807D009AB05AA0821684637
:104CB000FBF78EFE09A8049063680DAA01A920786D
:104CC00000F0BFF90400287810F0F80028701021D7
:104CD000002209AD2800DFF721FB1021002205ADDD
:104CE0002800DFF71BFB2000C0B211B030BD10B5AB
:104CF00004002300112200213A20E1F7AFFA002836
:104D000003D1DFF8A8040068606110BD18B585B054
:104D10008DF80010102201000DF10100DFF794FA68
:104D20006A4611213B20E1F756FA112100226C4618
:104D30002000DFF7F3FA06B010BD70B586B00500AD
:104D40001120DFF78BFA0400002C4AD02300112237
:104D500000213B20E1F782FA002839D12078EDB21A
:104D6000A84235D11120DFF779FA0500002D2FD0A8
:104D70002B00112200213A20E1F770FA00281ED101
:104D8000220011213A20E1F726FA0120DFF8201451
:104D900081F84100DFF814643068DFF818148842A5
:104DA00001D300203060112221006846DFF74CFA61
:104DB000306805906A4618218220E1F70CFA11212B
:104DC00000222E003000DFF7A9FA2800DFF747FAAB
:104DD0001121002225002800DFF7A0FA2000DFF7CC
:104DE0003EFA06B070BD7CB50D001400069950EA7D
:104DF000C50050EA44100870481C1900DFF771FA2A
:104E00000600E4B2002C06D0EFF728F801003000CD
:104E1000EDF730FF0836EDB2012D0DD13A236A4689
:104E200001210020F0F78EFB002803D19DF800003F
:104E3000307001E00020307073BD70B50C001500BB
:104E40001E0001003000EDF715FF16F108002100EB
:104E5000DFF747FA057070BD022110F0030011FA68
:104E600000F010F01C0070477CB504004FF6FF7690
:104E700035003A230DF1010201210020F0F762FB19
:104E8000002824D120009DF80110C0B2884201D131
:104E90003A251DE03B236A4601210020F0F752FB32
:104EA000002815D19DF80000E4B284420DD19DF890
:104EB00001009DF80010884205D29DF80000FFF720
:104EC0003CFF3A2504E03B2502E0350000E03500D8
:104ED000280080B276BD0000F8B58EB004000D0049
:104EE00016000E208DF805008DF804608DF8063050
:104EF000AF48007B8DF8070001208DF808002000E6
:104F0000C0B2002834D13A2305AA11210020F0F7BD
:104F100019FB002829D10DF115000490A34F3B681F
:104F2000581C38603000C0B2284400900122012192
:104F30009DF80700FFF757FFEEF790FF01000AA862
:104F4000EDF798FE9C480188491C01809B4909683F
:104F50000088814202D33868012846D14FF400719D
:104F600097480078DEF7B2FF3FE0002004903CE075
:104F70003000C0B22844407BFFF776FF010089B2C1
:104F80003A290ED13A2305AA11210020F0F7DAFAC6
:104F9000002803D10DF11500049016E000200490C4
:104FA00013E080B23B280ED13B2305AA112100203B
:104FB000F0F7C8FA002803D10DF11500049004E0C1
:104FC0000020049001E0002004903000C0B2295C71
:104FD0009DF8070001433000C0B229543000C0B230
:104FE0002844411D0AA8EDF745FE04223000C0B256
:104FF0002844411C0CA8DFF727F93000C0B2285C18
:105000008DF834000498002801D1A12017E02B006E
:105010000AAA01A92000C0B200F013F80400300071
:10502000C0B2285C10F0F800F6B2A855102100229A
:105030000DF115052800DFF771F92000C0B20FB09F
:10504000F0BD2DE9F44F98B00C000025E168029105
:10505000267861788E19E178042903DAA1788E190F
:10506000002700E0A77898468DF80000DFF7F8F8F1
:105070000190E07800F08BF881463000C0B24044E7
:105080003900C9B200EB010ADFF838B110220299E9
:1050900014A8DBF8003038331B6898479DF80010DF
:1050A00000292ED1E178042959DB002857D10BA81B
:1050B000DBF8001010310968884714A80B90CDF870
:1050C0003080F6B2119620784044617808440D9003
:1050D00020784044617808440E90FFB212971898E7
:1050E0000F900D208DF84C00CDF840A08DF84D901C
:1050F0000BA935480068DBF800201432126890478D
:105100002DE0E17804292ADB002828D102A8DBF869
:10511000001010310968884714A80290CDF80C805F
:10512000F6B20896207840446178084404902078CC
:105130004044617808440590FFB20997189806909A
:105140000D208DF82800CDF81CA08DF8299002A91B
:105150001D480068DBF800201832126890470028CC
:1051600000D005000198DFF786F82800C0B219B01A
:10517000BDE8F08F38B50B4D2C68002C05D0DBB2A4
:10518000D2B2C0B22C68A04700E0012032BD80B589
:10519000054A1168002903D0C0B21168884700E0B1
:1051A000002002BD74760020787600206C76002006
:1051B0009C68002001000080E0760020BC13000005
:1051C00066170020C01300203C34002080B5F1F7A2
:1051D0004BFE0FF29D10DFF8701B08600FF2DD1020
:1051E000DFF8681B08600FF29520DFF8641B086089
:1051F0000FF2C120DFF85C1B086001BD80B5002103
:10520000DFF8542B1170DFF8541B0870DFF8501BC7
:10521000DFF8500BEDF72EFDDFF84C0B0078DFF8D0
:105220004C1B0870DFF8480BDFF8481B086000F0E3
:10523000E2FB01BD38B584B00D00280438D5DFF895
:105240001C0B0078DEF719FE0400002C2CD0A07F88
:10525000002805D1608C132802D1608800F058FD29
:1052600094F83110A01C00F0E6FC002819D1207839
:10527000012810D1607E039060690290E07C01906B
:10528000207E009014F11003A289A11C14F11C00CF
:10529000FEF7E3F905E02078022802D12000FBF7B1
:1052A00054F82000DEF788FD95F4004528002BE037
:1052B000A80707D50120DFF8C01A087095F002058D
:1052C000280021E0DFF8B40A0078012807D1680738
:1052D00005D500F0ACFB95F00405280014E0280784
:1052E00011D500F047FC002809D10020DFF8901A02
:1052F00008600821DFF8640A0078E0F7ABFD95F05C
:105300000805280000E0002005B030BD38B50500D4
:105310006868007D1030C0B280B2DEF739FD04004D
:10532000002C23D00220207000206070288860812B
:10533000A87820736868007D207214F11000606006
:1053400068680078800602D50120607201E00020C4
:1053500060726868027D686801696068DEF774FFE2
:105360002100DFF8F8090078DEF735FD31BD0000D7
:1053700038B50D0011001A00D2B2C0B2F1F7CAFE62
:105380000400002C17D0290089B22000F1F77FFE1D
:10539000002810D0290089B22000F1F78AFE0028E9
:1053A00007D165882000F1F769FE280080B2F1F787
:1053B0005BFF002000E0B42032BD00002DE9FE4379
:1053C00006000D005FF0B30800275FF0000901E060
:1053D00019F101094846DFF8AC190978C0B28842D2
:1053E00048D24846C0B280B2F1F7E5FF0400002C75
:1053F000EED06079C71930003900C9B280B289B2E5
:105400008842E5D218210022A8464046DEF786FFF2
:10541000F61B60798619F6B204EB4600C0886881F5
:10542000EEF71CFD01002800EDF724FC6078012850
:1054300004D1012028756088A88115E0694660883C
:10544000F1F740FF00280FD09DF8080028759DF85F
:105450000800032805D1694615F10C00EDF70AFC98
:1054600002E0BDF80000A881207828722079A87594
:105470005FF000084046C0B2BDE8FE8380B5827A86
:10548000120715D5827A92070ED5427B062A0BD0D9
:105490000A00D2B2E92A07D00A00D2B2CD2A03D03C
:1054A0000A00D2B2F02A03D1C9B200F0E5F900E057
:1054B000002002BD2DE9F94F85B00F009146002470
:1054C0005FF0000AF988F878F1F790FE80464046D0
:1054D00080B2002800F09780397D4046C0B208F0C5
:1054E000CFF90400002C00F08E80149EDDF84CB043
:1054F0000022F988F878F1F793FE0500F8786071DA
:10550000F888E080B87D6081002020723A7D39699A
:10551000E068DEF799FEA4F812B026755FF0000B84
:10552000CDF81090119E55E0688889F807006888CA
:10553000F1F7DEFEA9F8020013E05846C0B204EB12
:10554000C00010F11609002089F8000068780128D1
:10555000EAD15FF0010A012089F800006888A9F803
:105560000200287989F804003878400605D599F8B2
:10557000060050F0020089F806005046C0B200282C
:105580001ED1DFF80408B9F80210C28A914217D17F
:1055900099F80410B9700021039112990291310019
:1055A000C9B2019100210091049B828C05993800B9
:1055B00008F05FFA99F8060050F0050089F8060037
:1055C0001BF10102D2B2F988F878F1F729FE050043
:1055D0001BF1010B002D06D05846C0B2414680B2E7
:1055E00089B28842A9D3109D9DF81890200008F038
:1055F00066F900943300DBB22A00D2B24946C9B240
:10560000380000F021F8404680B2002801D0002C7C
:1056100017D1F8788DF80300B87D8DF80400F8886C
:10562000ADF806001FFA88F8B8F1000F03D1B920D1
:105630008DF8080002E010208DF80800684608F098
:1056400010FA07B0BDE8F08F2DE9F84F8CB0824614
:10565000894690461C00169808F0D6F80600169861
:1056600008F0EFF805003000C0B2002801D100209A
:10567000FFE00027CDF800A08DF806908DF805809A
:105680008DF8044073E098F8060050F0080088F8A0
:1056900006006BE0B8F80200ADF808008DF80AA02B
:1056A0000098007D8DF80C0001208DF80D0002A8F7
:1056B000FAF78EFE9DF81C00002848D10598407D21
:1056C00088F805000598A0F816909DF80500059942
:1056D000487698F80000002805D0DFF8AC0690F86E
:1056E00068000599087716984089059908851698E5
:1056F000408A059948851698007D059981F82C0007
:1057000016984079059981F83A0098F804000599AF
:1057100081F83B000098C0880599C88700980089E7
:105720000599A1F840000098407D059981F849004D
:1057300000988088059988870098027D0098016903
:105740000598406CDEF780FD02A8FAF78EFE98F807
:10575000060050F0010088F806009DF81C000028A3
:1057600091D1E4B2002C00D06D1E761E7F1C380053
:105770001699097CC0B2884277D23000C0B20028A6
:1057800073D016983900C9B200EBC10010F11608A9
:1057900098F80600C007E9D4002400212000C0B218
:1057A000002805D02800C0B2002802D0012100E066
:1057B0000121C9B20029D9D05FF0000A5FF00809C1
:1057C0009DF80400002801D05AF0200A0C21002284
:1057D0000DF1080B5846DEF7A1FD98F800000028EF
:1057E0001ED0DFF8A40590F8680001280BD15AF00C
:1057F000080A59F48059B8F80200ADF80800FF20F3
:1058000088F804004AE75AF00C0A59F00409B8F87D
:105810000200009988804FF6FF70ADF808003DE760
:105820009DF80600002803D05AF0400A59F00209FA
:105830004FF6FE7BB8F8020058457FF42BAF0420EA
:105840008DF8200098F80700ADF82C0008A804F0A7
:10585000B6F90098A0F804B0ADF808B00023002213
:10586000002109A8E8F7BCFA18E70021169800F013
:105870005EF80DB0BDE8F08FF0B589B006000F00FE
:105880000020307B08F070F80500002D01D10020C9
:105890004BE074693800C0B2002805D10422317B86
:1058A000280008F07EF813E00822317B280008F079
:1058B00078F800280CD0002C0AD0FFB20197698933
:1058C000C9B20091037942880178A078FDF7A8FE5B
:1058D000002C29D0A088ADF80E00E088ADF81000AB
:1058E000207A8DF81C00E8680690607B8DF81D001A
:1058F0003068006A00783168096A4978090251FA0B
:1059000080F0C0F381121000C0B2002800D1042240
:105910000095237813F02003D2B2217811F04001D2
:1059200002A8FFF791FE00E0002009B0F0BD7FB5AE
:1059300001230124002219E0002416E01500EDB235
:1059400000EBC5052D7FED07F6D51500EDB200EB98
:10595000C5052D7F15F00C0FEED01500EDB200EB54
:10596000C5052D7F6D0700D50023521C1500067C50
:10597000EDB2B542E2D3027A002A17D1E4B2012C8B
:1059800002D0C9B2012911D10121017241798DF8EA
:10599000031041898DF80410C088ADF806008DF819
:1059A0000830684608F05DF8012000E0002004B0EF
:1059B00070BD80B50121FFF7BAFF01BD80B50200BF
:1059C000100080B200280BD00020DFF8AC13087064
:1059D00092B20221DFF884030078E0F737FA09E099
:1059E0000120DFF8941308700221DFF870030078BB
:1059F000E0F730FA01BDF8B50624DFF890532978B6
:105A000061430022DFF8886337003800DEF786FC48
:105A1000002006E04FF6FE710200D2B26243B1529E
:105A2000401C01002A78C9B29142F3D3F1BD70B590
:105A3000002100252BE0012128E04FF6FE7206230D
:105A4000DFF84C432800C0B25843205A90421DD082
:105A50002800C0B2584320442E00F6B25E432644CC
:105A6000B688761E86802800C0B2584320448088BD
:105A70000028E0D12800C0B2584322522800C0B20A
:105A800003FB00F304EB0300002282706D1C28006E
:105A9000BE4A1278C0B29042CFD3C9B2002906D014
:105AA0004FF4FA720421AD480078E0F7CFF970BDE9
:105AB00070B50500B54C2078002859D0A87C002886
:105AC00056D06889EEF771FE022802D06879002866
:105AD0004ED0002000E0401C01002278C9B2914263
:105AE00013D20621AA4AAB890600F6B24E43965B52
:105AF000B342F0D1EB7C0600F6B201FB06F1114493
:105B000089788B42E7D1002033E0002000E0401C80
:105B100001002278C9B2914228D206219C4A030092
:105B2000DBB24B43D35A4FF6FE76B342EFD1AB898B
:105B30000400E4B24C4313530300DBB24B43134461
:105B4000EC7C9C70C0B2484310440C218180834C93
:105B500004212078E0F7AAF9002805D14FF4FA7261
:105B600004212078E0F772F9012002E0002000E033
:105B7000012070BD2DE9F8430027DFF81882D8F81E
:105B80000040002501268048807B000734D4EBF7D5
:105B900021FF0600EBF71BFF46434FF47A70B6FB7C
:105BA000F0F1774A1068081A7B4B1E88B04201D288
:105BB00001203EE01E88B0FBF6F6DFF8E0C19CF85D
:105BC00000E0B1461FFA8EFE1FFA89F9CE4502D2D7
:105BD0009CF80060FFE7B3F800C0B0FBFCF30CFBDF
:105BE00013039BB2CB1A136006E06068C8F800008C
:105BF0002000DEF734FB4C46002C18D03000E17852
:105C0000C0B2884203D2E078801BE07001E000203F
:105C1000E070E078002806D1D4F80490002DE4D09C
:105C200060686860E4E77F1C25006468E4E738008A
:105C300080B2BDE8F28310B5564A1268037A022B8F
:105C400001D0002018E0008800E05268002A0ED041
:105C500013880400A4B2A342F7D193780C00E4B2F5
:105C6000A342F2D14D480078D070012004E0C9B2BF
:105C700080B200F002F8002010BDF8B506000F0059
:105C80000021444D2C682868002808D0491C01E0F8
:105C9000491C6468002C02D060680028F8D1404894
:105CA000008889B2814232D20820DEF7D7FA002874
:105CB0002DD00680877039490978C1700021416074
:105CC0002968002901D0606010E028602E48807BA0
:105CD00000070BD4EBF77EFE0400EBF778FE44439D
:105CE0004FF47A70B4FBF0F0254908602648807BB9
:105CF00000070CD5194C08212078E0F7D7F80028C8
:105D000005D12548028808212078E0F7A1F8F1BDE7
:105D1000F8B505001F4E3068002404E0416831608A
:105D2000DEF79DFA380000280DD001882A0092B2D3
:105D3000914205D14768002CF0D041686160EFE7DF
:105D400004004068EFE7F1BD9475002098750020CD
:105D50009C750020A075002009770020087700209E
:105D6000CC740020E4740020D21C00200A770020AC
:105D7000C474002090750020DF1C0020FD760020F8
:105D8000B475002047AE02009C680020B51C0020BE
:105D900080690020B0750020AC1C0020D41C0020BD
:105DA000AE1C00202DE9FF4106000F001500F8078A
:105DB00009D54FF6FC76B80702D557F010074AE030
:105DC00057F0080747E03900C9B2300080B200F050
:105DD000A0FCDFF82C43E18A80B2884201D1002088
:105DE0008AE03A00D2B20221300080B200F036FCE4
:105DF000002801D100207FE03B00DBB202224FF6F9
:105E0000FE71300080B200F0E5F8002801D0C72014
:105E100072E017F0DF0778061DD4002002A93000D9
:105E200080B203F0EFFD002802D057F0200712E007
:105E3000A18C300080B2EFF7AEF8040000280AD041
:105E4000A01C03F0BBFD002805D0A11C02A8ECF7A4
:105E500011FF57F02007DFF8784194F80080DFF851
:105E6000A00201210091C38A00222178C08A00F09B
:105E7000D6FA2178491C2170C0B200283AD1B80660
:105E800001D50E2000E006208DF8050001A8EEF7F0
:105E900060FC0400002C2BD00120A077EDF7DEFF82
:105EA000606220690121017017F07801417080F86B
:105EB0000280C670B6B2360A067100214171B90679
:105EC00003D502A9801DECF7D5FE4FF6FC7060806B
:105ED0002800C0B2002807D02800DFF8CC120978CB
:105EE000C0B2884200D2A5762000F0F732F802E076
:105EF000102000E0C720C0B204B0BDE8F08110B5AA
:105F0000DFF8C8404FF480512078DFF7CFFF00283A
:105F100004D00120DFF8941208701BE0DFF8900233
:105F20000078012807D1DFF88C02027801210020D7
:105F3000FFF738FF06E0DFF87C020278032100203B
:105F4000FFF730FFDFF8700202884FF480512078AD
:105F5000DFF77CFF10BDF8B507000C000125DFF866
:105F600060623800F18A80B2884208D00023D2B241
:105F7000210089B2380080B2EEF749FD050000210A
:105F8000380080B200F0C5FBF18A80B2884219D196
:105F90000021200080B200F001FB00280DD08179A3
:105FA00011F0180F09D04FF6FE71009143880022BE
:105FB000F18A008800F0C0FB04E00121200080B2DB
:105FC00004F0E8FD2800C0B2F2BD00000B7700200D
:105FD000077700202DE9F8430C0016001F00010090
:105FE0004FF6FC7289B2914201D10020DAE0002123
:105FF00080B200F08EFB8046414D4046E98A80B277
:10600000884203D1780601D40020CBE03900C9B220
:10601000404680B200F0C2FA002827D100214FF696
:10602000FE7000F0BBFA002820D117F0180F3DD009
:10603000002000E0401CDFF8BC1402000B78D2B254
:106040009A4209D2DFF8A8240300DBB202EBC302B4
:10605000927912F0180FEDD102000978D2B28A427B
:1060600022D2DFF88C14C0B201EBC000A0F800808F
:10607000210089B24FF6FE72914200D044808771B0
:10608000F90703D5817951F0040181713100C9B25A
:10609000012910D101214171817911F0180F07D028
:1060A00046490978017114E002207BE0022079E082
:1060B000297D01710DE0417901290AD0817911F022
:1060C000180F03D03D490978017101E0E97C0171A5
:1060D0004671F6B2012E64D1A98C200080B2EFF790
:1060E0003FF800285DD1002600E0761C3000DFF884
:1060F00008140978C0B2884253D2002103E000BFDF
:106100009C680020491CDFF8EC2308001378C0B21B
:10611000984212D2DFF8D8030B00DBB200EBC300C9
:106120004388DFF8D873B4465FFA8CFC1C2000FB70
:106130000CFC37F80C008342E4D11078C9B28142DC
:10614000D3D11C2100221C27DFF8B0833000C0B25D
:10615000784308EB00094846DEF7E0F83000C0B2AB
:10616000784328F800403000C0B278434044A98CFE
:1061700041813000C0B278434044AA21817430008C
:10618000C0B27843404401214174F6B27E4308EB2B
:106190000600DFF850120978491C022291FBF2F147
:1061A00001740020BDE8F28346AE02000C770020A7
:1061B000FA760020C61C00200A4500000AAE020044
:1061C0009C6800202DE9F04107000C00150020001C
:1061D000DFF82C130978C0B2884201D3052080E093
:1061E000380080B200F081F80600DFF858833000F4
:1061F00098F80010C0B2884225D14FF6FE7000F02A
:1062000074F80600300098F80010C0B288421AD125
:106210000026DFF83423117801200EE00300DBB202
:1062200012F833308C465FFA8CFC634504D20100CF
:10623000C9B212F831100600401C030098F800C0E3
:10624000DBB26345EAD3DFF800834FF6FE7031001E
:10625000C9B208EBC10148803000C0B208EBC000F1
:10626000406800280CD03000C0B208EBC000406885
:10627000DDF7F5FF00203100C9B208EBC10148602D
:106280002000C0B200281BD02000C0B24000DDF7C3
:10629000E5FF3100C9B208EBC10148603000C0B26F
:1062A00008EBC000406800281DD02000C0B24200AA
:1062B00029003000C0B208EBC0004068DDF7C4FF21
:1062C0003000C0B208EBC00047803000C0B208EB1D
:1062D000C0004470DFF874020078F6B208F83600A7
:1062E0000020BDE8F0810120FBE738B5002400E084
:1062F000641CDFF8501222000B78D2B29A420AD204
:10630000DFF844222300DBB202EBC3025288030011
:106310009BB29A42ECD122000B78D2B29A4235D18C
:106320004FF6FE72130080B298422FD1002400E095
:10633000641C20000B78C0B2984207D2DFF8080234
:106340002300DBB210F833000028F1D120000978D7
:10635000C0B288421AD2DFF8F0512000C0B205EB7B
:10636000C00042802000C0B205EBC0004068002899
:106370000CD02000C0B205EBC0004068DDF76FFF15
:1063800000202100C9B205EBC10148602000C0B265
:1063900032BD0000F8B504000D0016002000DFF843
:1063A00060110978C0B2884201D3002018E00027AC
:1063B00000E07F1C38002100C0B2C9B2884208D278
:1063C000EDF755FD3900C9B236F8111080B281429F
:1063D000EFD1FFB2EDB2AF4201D1012000E00020C9
:1063E000F2BD0000828B020010B50C00002180B2CB
:1063F00000F08FF92100C9B280B200F0CFF8002878
:106400000BD04FF6FE710180418000210171002107
:10641000417100218171002000E0042010BD2DE9B0
:10642000F84305000E0017009846089C3100C9B2D9
:10643000280080B200F08CF8DFF8A493010099F8EE
:106440000020C9B291421CD20A21DFF898233B00F8
:106450000500EDB24D431544ED79DBB2AB420ED2EF
:10646000E4B2002C09D00300DBB24B431344DF71CC
:10647000C0B248431044A0F80480002036E0032056
:1064800034E000214FF6FE7000F062F8010099F848
:106490000020C9B2914201D1022027E0E4B2002CD1
:1064A00023D00A21DFF83C230300DBB24B43134423
:1064B0005D800300DBB24B431344A3F80480030068
:1064C000DBB24B431344DF710300DBB24B43134495
:1064D000FF249C710300DBB24B43D654C0B2484347
:1064E0001044DFF8B410C97C01720020BDE8F283CB
:1064F000A45C00206E990100138002001069002046
:106500000A87020010B4002100E0491C0A00DFF8ED
:10651000D8321B78D2B29A4212D2DFF8D0220B00C6
:10652000DBB2D35C0400E4B2A342EED100200B0046
:10653000DBB2D0540020DFF81423C9B242F82100A6
:1065400010BC70476F990100C06A0020C71C002072
:1065500070B4002200E0521C1300DFF8844224785B
:10656000DBB2A34214D20A23DFF878421500EDB261
:106570005D4325446D880600B6B2B542EBD11500E7
:10658000EDB203FB05F3E35C0C00E4B2A342E2D1FD
:106590001000C0B270BC70479C68002070B511F04C
:1065A0004001002500E06D1CDFF8A4422A0023789A
:1065B000D2B29A421CD2DFF89C222B00DBB232F816
:1065C00033300600B6B2B342EDD103009BB24FF6B2
:1065D000FE76B3420CD02B00DBB202EBC302927901
:1065E00012F040020B00DBB213F040039A42DAD102
:1065F0002A002378D2B29A4223D14FF6FE7280B29B
:1066000090421ED1002500E06D1C28002278C0B207
:10661000904208D2DFF83C022A00D2B200EBC2005E
:1066200000790028F0D128002278C0B2904208D228
:10663000C9B2DFF820022A00D2B230F83200FFF7E8
:10664000D3FE28002178C0B2884205D2DFF80402C8
:10665000EDB200EBC50000E0002070BD2DE9F04177
:1066600004000D0016004FF6FE77B8462800C0B2B1
:1066700001280AD1DFF8E0010178200080B200F0A3
:10668000B7F8002801D0002041E00021200080B2AE
:1066900000F03FF83100C9B280B2FFF77FFF290058
:1066A000C9B2012909D0002805D04079EDB2A8422D
:1066B00001D100202BE0012029E0002807D04179FA
:1066C0002A00D2B2914202D1B0F8028007E0EDB2C6
:1066D000012D04D1700602D4A04600E0A046404639
:1066E00080B2B84212D0DFF870010178404680B223
:1066F00000F07EF8002801D0002008E020001FFAFA
:1067000088F880B28045E9D1B846E8E70120BDE8C5
:10671000F08180B549060DD5010089B2FF2003F054
:10672000EDFE002803D0DFF83401C08A03E04FF605
:10673000FE7000E080B202BDF8B505000E001F003B
:10674000D2B2002A08D000230B22310089B22800DF
:1067500080B2EEF75CF921E00021300080B2FFF753
:106760001DFF0400002C19D0A079C00716D506988B
:106770002A0092B2390089B280B2EEF745FD0100DD
:1067800089B24FF6FE72914208D0608000230C223D
:10679000290089B2300080B2EEF739F9F1BD10B4AA
:1067A000DFF8B020002111E09379DB070CD4538887
:1067B0000400A4B2A34207D15379012B04D10323CF
:1067C00053714FF6FE735380491C08320B00DFF8FB
:1067D00080402478DBB2A342E6D310BC70470000AF
:1067E00012800200C86B00202EAC020060740020F2
:1067F00070B50D00194EB18C80B2EEF7B1FC0400FB
:10680000002C21D0A078EEF7CFFD010060780028A1
:1068100003D00800C0B2002801D1002015E0707B31
:10682000012806D160780A00D2B2904202D3617882
:1068300000E061780800C0B2002805D0EDB2C9B20E
:106840008D4201D3012000E0002070BD3C7000208B
:106850006E990100A45C0020838B02009C680020DC
:10686000F0B40022002317E02424DFF840511E007A
:10687000F6B266432E4436790700FFB2BE420AD311
:106880000E001F00FFB204FB07F42C442479F6B27B
:10689000A64200D3521C5B1C1C00DFF80C512D7863
:1068A000E4B2AC42E0D3D2B2100080B2F0BC704788
:1068B00080B5002100F001F802BD2DE9FF41040080
:1068C0000D00280080B24FF6F871884201DB002CE1
:1068D00043D0002600E0761C3000DFF8CC100978A9
:1068E000C0B2884239D22427DFF850813000C0B2CC
:1068F000784340440079FF28EDD0002C13D12800C4
:1069000080B24FF6FF718842E5D028003100C9B24D
:10691000794338F8011080B28842DCD1F6B27E4368
:1069200008EB06001AE001208DF800003000C0B22C
:10693000784340444088ADF80C00684603F03FF9C6
:106940000028C8D001A92000ECF785F90028C2D0A2
:10695000F6B27E4308EB060000E0002004B0BDE87C
:10696000F08110B4002101E0401E491C0A00DFF84C
:1069700038301B78D2B29A4212D22422DFF8BC30CF
:106980000C00E4B254431C442479052CEDDA0400D5
:10699000A4B2002CE8D1C9B2514303EB010000E0DE
:1069A000002010BC70470000BB3701007C4F002066
:1069B0007FB5040002210120FFF752FF20702078EC
:1069C000002837D02078C000DDF748FC0400002CF8
:1069D0002ED025000026300019490978C0B288421F
:1069E00029D2242015493200D2B242430A441279F6
:1069F000012A06D03200D2B242430A441279022A56
:106A000014D101228DF800203200D2B200FB02F036
:106A100008444088ADF80C00684603F0D0F8002820
:106A200004D001A92800ECF725F90500761CD2E76F
:106A3000002000E00024200004B070BD7C4F002046
:106A4000BB37010080B500F0E0FA01BD1CB506E0DF
:106A50002000DDF7D6FA019001A8F8F77DF9DFF8FC
:106A6000484B20680028F3D16068002807D0201D1B
:106A7000DDF7C7FA00906846F8F76EF9F4E70020F2
:106A80002060002060600020A0720020E0720020E2
:106A90002073DFF8180BDFF8CC1B886013BD2DE9DD
:106AA000F0410500DFF8080B2900C9B2465C002759
:106AB0002800C0B20D280CD13800C0B250FA86F0C0
:106AC000801CFB2802DBF1F7F6FE0BE0DFF8984BA9
:106AD00008E03800C0B250FA86F0801C80B2DDF7C2
:106AE00057F90400002C38D03800C0B250FA86F1B3
:106AF000891C0022A0464046DDF710FC6C210022D4
:106B000014F10C084046DDF709FC1021FF2214F1B6
:106B100030084046DDF702FC10210F2214F1200856
:106B20004046DDF7FBFB3000C0B220446060FFB29E
:106B300027812800C0B2801E092809D26068401E43
:106B40006060681E616808702089401C2081761E84
:106B5000F6B2A4F84060200012E00220DDF718F938
:106B600000280CD0DFF8041BEDB2495D01701A213A
:106B700041700100DFF8F80A0078DDF72CF90020F9
:106B8000BDE8F08110F10802C9070BD54FF47A7106
:106B9000DFF8E03A1B7891FBF3F1022391FBF3F16C
:106BA0008A180B3280B2132801DB142000E0062083
:106BB000821892B2500080B2704780B589B280B21C
:106BC000FFF7E0FF02BD80B5DFF8AC0A007A80076E
:106BD00005D500F096FE002801D0012000E000203D
:106BE000C0B202BD70B505000026DFF8BC0904681C
:106BF00001E054F80C4C002C1AD0607E0006F8D549
:106C000095F82C00022806D1A88CB4F864108842AC
:106C1000EFD101260CE095F82C000328E9D115F1FD
:106C2000240114F16400ECF716F80028E1D00126E5
:106C30003000C0B270BDDFF8400A007A80070FD57F
:106C4000DFF86409807A002808D1DFF8301A086874
:106C5000002805D00868407E000601D5012000E02C
:106C60000020C0B2704780B5DFF83C19097BDFF81F
:106C7000102A9278914203D280B2DDF789F800E0C1
:106C8000002002BD80B5F8F767F8002002BD11B5FD
:106C900081B00198007B10F00700C0B2002804D03A
:106CA00001282ED0032830D090E0DFF8D849607B4F
:106CB0000F280ED0F7F796FF00280AD10198808997
:106CC000C0F30130022804DA0198DFF8BC19096822
:106CD000884794F8430001990874152001990870B9
:106CE000DFF8C4480199201DDDF755F9DFF70BFBEC
:106CF000217B491C2173DFF72DFB2020F7F70AFFCA
:106D000013BD162001990870EAE701988089C0F345
:106D10000130022808D1019840680078072803D183
:106D2000322001990870DBE701980089002849D0DA
:106D300001984068411C019A516000780199C8731C
:106D4000019890F82000002807D00198C07B002807
:106D500003D00198C07B0A2820DB019890F820001E
:106D600000282BD10198C07B00280FD00198C07B50
:106D70000A280BDA01980089DFF81019019AD27BF2
:106D8000114411F8011C89B2884207D00198C07BD8
:106D9000082813D10198008908280FD1019800898B
:106DA000401E019908810198C07B0B300199087041
:106DB0000198C07B401C0199C873B4E701A8F7F79C
:106DC000CBFF9DE701A8F7F7C7FF99E701A8F7F701
:106DD000C3FF95E780B5DFF8B8180868002802D02F
:106DE0000868804700E0002002BD80B5F7F7FAFE92
:106DF000002801D0202000E0012002BD417E51F09A
:106E00000101417670472DE9FC4106000024DFF8BE
:106E100084582878002819D0A86B002816D0A86DAF
:106E2000002813D0694642F21A00AA6B9047A86D59
:106E30008047002809D09DF80000002805D03000C8
:106E4000C0B2E12801D1012400E000240020F3F7C2
:106E5000C1FBC07B022802D05FF0010801E05FF0B7
:106E60000508DFF818783868002800F0CC8030007A
:106E7000C0B2002806D10020396848703868F7F79A
:106E80003BFDA8E03000C0B21B2810D13868007D5F
:106E900005280CD0DFF8EC0790F88200002806D116
:106EA0000020396848703868F7F726FD93E0300015
:106EB000C0B2E92802D0E4B2002C4ED0F12001F09B
:106EC00093F83868807E002824D03868807D400799
:106ED00007D43868807E401E39688876F2F7D3FE82
:106EE00091E03868007E10F07F00396808763868D5
:106EF000007D032805D13868407E50F004003968D1
:106F00004876F02001F070F83868DFF88C170968CF
:106F1000884760E000F0F7FC002818D03868807DD2
:106F2000400714D4DFF85C0790F834103A68917683
:106F300090F822103A685268917090F82210491C1B
:106F400080F822104046C0B2F2F725FD5BE03868B9
:106F500046703868F7F7D0FC3DE03000C0B2E12859
:106F60001CD100F0D0FC002818D03868807D400784
:106F700014D4DFF8100790F834103A68917690F83E
:106F800022103A685268917090F82210491C80F8DB
:106F900022104046C0B2F2F7FEFC34E03000C0B22E
:106FA0001C2813D1DFF8F4160868002813D03868BD
:106FB0000968884700203860DFF8E4060078002878
:106FC00003D100210020F3F77EF91CE038684670F9
:106FD0003868F7F791FC3868807D00060ED5287870
:106FE000002805D1DFF89C0690F84300F8F784F8F4
:106FF000DFF8900690F94200F7F7D2FF00203860E2
:107000001020F7F787FDBDE8F3812DE9F84300274D
:107010005FF01009DFF777F98046DFF860562868DF
:10702000002803D04046DFF795F997E0DFF87406B3
:107030000068804750EA0909DFF86C65346802E0AF
:10704000270054F80C4C002C0FD0617E4846C0B28B
:1070500001404846C0B28142F2D13A0021003000DE
:10706000DDF719F8200000F0A5FA002C03D1404606
:10707000DFF770F972E02C602868407E000603D5C7
:10708000B07A401EB07202E0F07A401EF0724046C4
:10709000DFF760F92868C18A28680089FFF78DFD4D
:1070A00030810020F3F796FA04002868807D0006FE
:1070B00009D52868C07EF8F71FF8286890F91C00E9
:1070C00040B2F7F76DFF2868C08AC00531D5308916
:1070D000002822D0286890F8600000281DD0286879
:1070E00090F86000318990FBF1F0296881F8610027
:1070F00028680089132806DB2820DFF8AC150978FA
:1071000090FBF1F005E00C20DFF89C15097890FB6E
:10711000F1F0296881F8620007E00120296881F810
:1071200061000120296881F862000620F2F733FC33
:1071300014E0E07B01280BD12868007EC0B2400833
:1071400010F0010090F00100C0B2F2F724FC05E05D
:10715000E07B022802D10520F2F71DFCBDE8F18397
:1071600038B504002000F7F7F0FD207E000706D4B4
:10717000207D012803D1DFF80805027802E0DFF85E
:1071800000054278DFF82054D2B221002800DCF755
:1071900019FF002828D02000F7F71AFC2000DFF89C
:1071A0000C1509688847A07D400717D4DFF7ABF8B6
:1071B000E97A491CE972DFF7CDF8DFF8D8140878CE
:1071C000002805D04869002802D04869804710E0AF
:1071D000E08AC0050DD4FFF718FF0AE02000DFF8B1
:1071E000D0140968884704E0F12060702000F7F7A8
:1071F00083FB31BD80B5DFF89C140878002805D0EA
:107200004869002802D04869804701E0FFF7FDFE89
:1072100001BD10B504000021DFF85C04027A92077A
:1072200008D494F8922012F00402D2B2920892F09C
:10723000010200E00122D2B2002A00D1E821007A46
:1072400010F0600F08D194F8920010F00200C0B264
:10725000400890F0010000E00120C0B2002800D1F9
:10726000E821DFF81C04C0892289904200D2E8217D
:1072700094F89000002804D194F88C00002800D1E4
:10728000F5210800C0B200283ED1D4F8A0000028A3
:1072900006D0DFF800040078002801D118212BE087
:1072A000DFF8F0030078002826D094F88C0000283E
:1072B00003D094F88C00032805D1D4F8A00050F036
:1072C0000A00C4F8A00094F8A000000607D02A2005
:1072D00084F8300094F8A00000F0FF006063D4F858
:1072E000A00010F47F0F07D0042084F82000D4F809
:1072F000A00010F47F0060620800C0B2002803D133
:107300002000F7F759FA01000800C0B2002803D0A6
:10731000C9B22000F7F70EFC10BD10B50400DFF86D
:10732000640390F88200002807D0207C400704D531
:10733000E18F14F1240006F0A7FCA07B042802DAF8
:107340001220207001E00D202070200000F0B4F920
:1073500010BD7CB50500287D012809D195F91700DD
:1073600040B2F7F784FE10F1010F01D1E820ADE043
:10737000E87B002805D18C48C07AC1490978884249
:107380000AD3E87B012840F0A0808748807ABC4976
:107390000978884280F09980A88B00902B6A95F834
:1073A000352095F83410288D00F091F80400002C59
:1073B00000F0898000202070002060702A8D696AAA
:1073C0006068DCF741FF0B2215F12C0114F1780005
:1073D000DCF73AFF290014F18400E5F7DEF868894C
:1073E000A4F88E00287B84F89000687B84F89100D4
:1073F000684615F10E010822DEF730FEDDE90001D6
:10740000E5F798F8A4F89200A87D84F89400E87D48
:1074100084F8950095F8380084F86000A88BA4F8EB
:107420009C00B4F89C00002806D0B4F89C20A96900
:10743000D4F89800DCF708FFA87F84F89E00286A3B
:10744000C4F8A000B4F89C0000281DD0D4F898001F
:10745000002819D06068401E6060F82061680870DC
:107460006068401E60600020616808706068B4F861
:107470009C104942084460602089B4F89C10891C23
:10748000081820816068E064B4F89200C00511D546
:1074900095F83700052814DB94F8920010F0050FDA
:1074A0000FD1704E300000F074FC95F837103000AA
:1074B00000F054FC21006E480078DCF78CFC0020C2
:1074C00004E0E82002E01A2000E0F12076BD2DE97A
:1074D000F84380461C000027BC26002C17D06D4DB9
:1074E000287800283AD0A869002837D0002004F076
:1074F000FF00A9698847814614F47F042000A96928
:10750000884710EB090919F1040919EB0606089DD3
:10751000280080B2002800D02D1D15EB080030187F
:1075200050FA87F0801C80B2DCF732FC0400002C9B
:1075300036D058FA87F02081300080B220442900EC
:1075400089B208446060280080B2002808D030006A
:1075500080B22044801CC4F8980004E0002020E0A1
:107560000020C4F898006C21002214F10C073800A8
:10757000DCF7D4FE16EB080815EB0808A4F84080E9
:107580001021FF2214F130052800DCF7C7FE10217E
:107590000F2214F120052800DCF7C0FE200000E0D7
:1075A0000020BDE8F2830000F8730020456A020065
:1075B000681A00007FB5050000240020687E0006E0
:1075C0004ED5287D012802D0287D032848D12A489D
:1075D000007A10F00A0F43D068684078C0F3810049
:1075E0008DF808009DF8080002280ED168684079DF
:1075F0006968897950EA0120ADF800006868C678AA
:107600006868007956EA002608E09DF8080003281B
:1076100004D16868411D6846EBF72CFB25480068DB
:1076200001E055F80C0C002813D0417E0906F8D56E
:10763000017D012902D0017D0329F2D14268310088
:1076400089B26846E4F7D2F90028EAD0002CE8D1E4
:107650002C00002C04D1310089B2684601F0CBF82F
:107660007FBD00000874002060610020941A0000B3
:10767000157700203477002090740020D475002006
:107680000C07002090670020641B0020781A00007F
:10769000EC750020EC690020DC750020F0750020FE
:1076A0001B770020E87500201C770020E47500207F
:1076B000D8750020F87300202DE9F14781B00578D6
:1076C000A2A14E5DADF800600027002E54D00D2D14
:1076D0004FF6FF7911D169465320F2F74EFEBDF8FF
:1076E00000004FF6FE7188421FBF48450199088986
:1076F000002800F0E1800C46AEE0052D4FF0240894
:1077000007D101988178012936D0027CB018243045
:107710000BE0072D0CD10199887800280FBF06F1E6
:107720001B008A7D18FB02F29019ADF8000007E0FB
:107730000C2D05D101984168C88AC10548BF0127B1
:10774000BDF80000DCF724FB040019D10C2D13D187
:107750000199486800280FD0DEF7D5FD82460198D0
:10776000001DF7F7F9FABDF80000DCF711FB040083
:10777000504602D1DEF7EEFDC1E0DEF7EBFD01E0A1
:10778000072D1BD0019932462046DCF75DFD052D03
:1077900012D16168242204F11800DCF755FD04F1D0
:1077A00018006060227C61692430DCF74DFD606860
:1077B00000F1240161614FE0072D4DD1019801785E
:1077C0002170019A5078607001998878A0700199B1
:1077D000CA78E27001994A798B7902EB0322CB795E
:1077E00002EB03420B7A02EB0362626098B91B2042
:1077F00020721B220198816904F11000DCF724FD3E
:1078000004F11000E06001998869DCF728FD019916
:107810000020886120E00198807D207200281EBF32
:107820000199896900290AD018FB00F8424604F141
:107830001000DCF709FD04F11000E06002E0002117
:10784000E16021720198806930B1DCF708FD01998F
:1078500000208861019988753848016819B120466F
:107860008847002843D10D2D2AD1019840684178DE
:10787000007800F00302022A1EDA314A937CC0F33A
:107880008300984201BF11F0C00F019890F82C10AE
:10789000022911D194F8430004F1420100F035F8B7
:1078A0000198C18D49451CD141688879022818DBAF
:1078B000204602F08BFD10B301A8F7F74DFA1EE049
:1078C0000C2D0ED1019841781A291CBF6068002840
:1078D00007D0807DC10704D5207C04F10F0100F0A2
:1078E00014F827B9174800782146DCF774FA0C2DF4
:1078F00005D10199486810B1081DF7F72DFABDE8C8
:10790000F38700207047002070470F4A1278A2B119
:107910000B783228B8BF322002DB6F28A8BF6E2058
:10792000012A04D1323858433C2290FBF2F398B23A
:10793000B0F5807FA8BFFF230B70704760750020F3
:107940009C6800200B7700200177002000161000B3
:10795000001815100200022414540000100000004A
:1079600022480021016100214161FF2101760021AF
:10797000C1760021017700214177704770B505007D
:107980000E001A4C0021100080B2FFF716F920619A
:107990003000C0B20F2802D10020606116E0300034
:1079A0001349497BC0B2884208D1607E401C10FA5E
:1079B00006F63C204643A03E666107E0607E401C20
:1079C00010FA06F63C204643103E66612576EDB27D
:1079D000012D08D10649226908698218226162696D
:1079E00008698218626170BD0000000068710020A3
:1079F0009067002010B5DFF8D00090F8290000282B
:107A000002D00220F0F7D0FF2020F0F7DEFFDFF8F1
:107A1000BC4014F1100000F0BCF9200000F0B9F9EE
:107A2000F6F7BCF910BD80B5DEF76DFC2849096892
:107A30000CE04A7E920707D54A7E52F001024A7650
:107A40000A7E12F0FD020A7651F80C1C0029F0D1D2
:107A5000DEF780FC1020F7F75DF801BD18B585B0A2
:107A600000201C4908701C4C0020E0760120207684
:107A700000206077FFF7D7FF0820F7F74BF8207F4B
:107A8000002802D0002020771BE009208DF800009C
:107A9000E0208DF801000C48C18CADF8021090F880
:107AA00043108DF8041090F853108DF8061090F8DC
:107AB00052008DF8050000208DF80F006846FFF792
:107AC000FBFD06B010BD0000906700201C6E00207A
:107AD000F873002016770020687100200020DFF87E
:107AE000E01308600020DFF8DC1308605FF470002A
:107AF000DFF8D4130860DFF8D41308600020DFF843
:107B0000D0130860704738B5DFF8C4430020206008
:107B1000DFF8AC532868002810D028684068DFF8E8
:107B2000A8130968884209DAF6F78DF929684968C7
:107B3000814201DA2968486028682060DFF88413F0
:107B4000086800280AD02068002805D00868406826
:107B500022685268904201DA086820602068002894
:107B60000BD020684068DFF860130968884204DAA7
:107B700020684068F6F77DF903E0F6F7F2F9002097
:107B8000206031BD38B5DFF8484300202060DFF8C1
:107B900030532868002810D028684068DFF8281380
:107BA0000968884209DAF6F74EF92968496881427E
:107BB00001DA2968486028682060DFF8081308683F
:107BC00000280AD02068002805D00868406822688C
:107BD0005268904201DA0868206031BD2DE9F04119
:107BE000DFF8EC42206800283ED0DFF8DC5228683D
:107BF00021684968884201DAF0F75DFE20680028B4
:107C00000ED0F6F720F921684968884208D2FFF7BC
:107C10007AFF29E0300000F0DFF83800C0B2C0473A
:107C20002068002820D020684068002801D5F0F79F
:107C300042FE2668377BD6F80880F6F704F92168FB
:107C400049688842E6D22068002809D02068406848
:107C50002968884204DA20684068F6F70AF903E0E8
:107C6000F6F77FF900202060BDE8F08138B5050007
:107C70000C0011E060682818606095480068844234
:107C800004D16068002801D5002060606068002889
:107C900001D5F0F710FE2468002CEBD131BD38B5CA
:107CA00088480468884D8648016828684042FFF784
:107CB000DDFF08E060682968884203DB61682868A6
:107CC000091A61602468002CF4D180482968026890
:107CD000914204D0006828602868F6F7A6F8FFF7FC
:107CE00012FF31BD70B504000D00002020607948FE
:107CF0000078002803D100210120F2F7E4FADEF732
:107D000002FB06002900200000F034F82900286852
:107D100001E001000068002803D0626843689A42CD
:107D2000F7DA0C6020602868A04201D1FFF7EBFE73
:107D30003000DEF70FFB70BD38B504000D00F6F71C
:107D400082F8A84204D3604800684519656000E0E5
:107D500065605C492000FFF7C5FF31BD38B5040000
:107D60000D00F6F770F84519656055492000FFF7DA
:107D7000B9FF31BD0A00096801E00A00096800295D
:107D800005D08142F9D108681060012000E0002090
:107D9000704738B504004F480078002803D100210F
:107DA0000120F2F790FADEF7AEFA05004449200010
:107DB000FFF7E0FF002803D142492000FFF7DAFF78
:107DC00043480068844203D1E1F7E3FCFFF79BFEE0
:107DD0002800DEF7BFFA31BD38B50400DEF793FAAC
:107DE000050037492000FFF7C5FF002803D13549BA
:107DF0002000FFF7BFFF36480068844201D1FFF73B
:107E0000C1FE2800DEF7A6FA31BD70B505000E00F0
:107E100030480078002803D100210120F2F753FAFE
:107E2000DEF771FA0400F6F79CF82800F6F74DF833
:107E3000050025482849F6B251F82610016001686E
:107E4000224A11600068F5F7F0FF1D48016828001C
:107E5000FFF70CFFFFF757FE2000DEF77BFA70BD3F
:107E600070B50600DEF74FFA0400174D1A48F6B257
:107E700050F82600286028681449086017480068F0
:107E80003C3000688047164A11788900B0FBF1F158
:107E9000144B186800280BD12868884208D228683B
:107EA000B1FBF0F12868414310788000414319602C
:107EB0002868F5F7BAFF2000DEF74CFA70BD000025
:107EC000F4750020F87500207C1B0020801B00202A
:107ED000FC7500201B770020B41C000030760020C9
:107EE000347700205476002080B5F7F707F8F7F7CD
:107EF00009F8334890F84300E1F7E8F80021012041
:107F0000F2F7E1F904F0DEFEF0F732FDF5F746FF97
:107F10002C480021016000214160002101810021E5
:107F20004181294800210180002141800021818078
:107F30000021C18000210181002141810021818136
:107F40000021C18100210182002020490870002009
:107F50001F490870F1F724FCF5F718FF01BD80B543
:107F6000F0F7F6FDF1F704FD01BD80B5F7F774F900
:107F7000F5F757FF01BD80B5FFF7F1FFF6F7BEFF3C
:107F800001BD10B50124DEF7BEF9124909780029B8
:107F900010D11149097800290CD11049097800291C
:107FA00008D10F490978002904D10E49097811F048
:107FB000FD0F00D00024DEF7CDF92000C0B210BDC7
:107FC000906700209C740020F4720020217700202C
:107FD000227700202C7700202E7700203777002092
:107FE000387700202B7700201CB504002000C0B299
:107FF000EA380A280CD269462000C0B2F2F7BDF96F
:108000000098401C009069462000C0B2F2F7D6F9F3
:1080100013BD0804DFF88C060FF29D1101600FF20A
:10802000654141600FF2552181600FF29921C160D5
:108030000FF2D53101610FF2893141610FF25D31EB
:1080400081610FF29941C1610FF2D94101620FF2D2
:108050003D5141620FF2915181620FF2C121C16223
:108060000FF2211101630FF201114163DFF83806AD
:108070000FF2813101600FF259514160DFF82C1687
:1080800081600FF27951C1600FF2DD510161DFF8BB
:108090002006002180F82810002180F82B10DFF83E
:1080A00014168160022202738161012101777047F9
:1080B000F8B502228DF800208DF80100C0B200282A
:1080C00001D04FF6FF71ADF802100B22DFF8E81572
:1080D00001A8DCF7B9F86846FFF7EEFA05B000BD75
:1080E00080B50A228DF800208DF801008DF802106D
:1080F0006846FFF7E1FA01BD7FB504000120E08288
:108100000220207514F1860101A8E4F746FAB4F8BC
:1081100090506068401E60606668701E606014F178
:108120009200E4F7EDF93070207D401E6168087020
:108130002089801C2081002060640020E0640020F1
:1081400000902B009BB201AA83212000E3F790FC52
:1081500005002800C0B2002802D12000FFF700F877
:108160002800C0B204B070BD80B5DFF8500590F8AB
:1081700035104FF470704143DFF84405FFF7EEFD12
:1081800001BD000030B5A9B0DFF83045607B0F2895
:1081900006D02F208DF800006846F6F72CFD08E089
:1081A000DFF80C552800FFF7F4FD618E2800FFF77B
:1081B000D5FD29B030BD000038B504006178080055
:1081C000C0B200284FD194F88E00022803D094F852
:1081D0008E00032801D1012000E00020C0B2002859
:1081E00000D1E82194F88300812800DBE821080011
:1081F000C0B2002837D1DFF8C45494F8850095F850
:108200005310884204D014F18501E820F2F7D6F823
:1082100014F18401E720F2F7D1F814F18301E12091
:10822000F2F7CCF814F190015020F2F7C7F894F867
:108230008E00022803D1B4F88600288408E04FF6A7
:10824000FE70288414F1860115F11600EAF712FD7C
:108250000B2214F17801DFF86004DBF7F5FF200052
:10826000FFF74AFF01000800C0B2002805D0617086
:10827000182020702000F6F7BEFC31BD18B585B07F
:10828000DFF82C4494F82B00002819D194F82B0027
:1082900050F0010084F82B000120F0F785FB02A8C4
:1082A000E3F788FB012014F12001019180B20090D6
:1082B000DFF80804C38C02AA03210520E3F72AFD96
:1082C00006B010BD10B504000120F0F77EFB207849
:1082D000212801D1EB206070DFF8D40390F82B1037
:1082E000490705D590F82B1011F0FB0180F82B10F1
:1082F00090F82B1089070AD590F82B1011F0FD018A
:1083000080F82B1000216078FFF7EAFE04E02B20B4
:1083100020702000F6F76FFC10BD00007CB5040053
:108320000120F0F752FBDFF888532800FFF731FDFA
:1083300015F11000FFF72DFD60680078616849783D
:10834000090251FA80F0ADF80000606886783000CC
:10835000C0B2002808D169465320F2F72FF814F173
:1083600024014A20F2F72AF80B2214F1180115F122
:108370002000DBF769FFBDF800103000C0B2FFF746
:1083800097FE95F82B00800703D500216078FFF752
:10839000A7FE002085F82B0073BD000010B5040077
:1083A000EB206070C24890F82B00800703D50021B5
:1083B0006078FFF795FE200000F002F810BD000085
:1083C00038B504000120F0F700FBB94D2800FFF795
:1083D000E0FC15F11000FFF7DCFC002085F8280018
:1083E000002085F82B004FF6FF716078FFF760FEE4
:1083F00031BD000010B504002000FFF7CFFF2000C2
:10840000E3F7ACFE10BD000010B504000120F0F74A
:10841000DCFA2089002801D0002000E0EB20607009
:10842000A34890F82B10490705D590F82B1011F0B0
:10843000FB0180F82B1090F82B10890712D590F8CB
:108440002B1011F0FD0180F82B10207C10F0100093
:10845000012801DB012100E00021C9B26078FFF7AB
:108460003FFE0AE090F82B00C00706D52B202070B5
:10847000EB2060702000F6F7BEFB2000FEF74DFFFA
:1084800010BD000018B585B00400894890F82B1085
:1084900051F0020180F82B100120F0F785FA607886
:1084A000002812D1211D02A8E4F777F8E3F793FA28
:1084B000010014F11000019001200090E38902AA4C
:1084C000C9B20520E3F726FC60706078002803D06D
:1084D00000216078FFF704FE06B010BD10B504005F
:1084E0000120F0F772FA2078212801D1EB2060708A
:1084F0006F4890F82B10490705D590F82B1011F014
:10850000FB0180F82B1090F82B10890709D590F803
:108510002B1011F0FD0180F82B1000216078FFF77F
:10852000DFFD10BD38B504000120F0F74EFA604DB4
:108530002800FFF72EFC2089002801D0002000E051
:10854000EB20607095F82B00400705D595F82B00BF
:1085500010F0FB0085F82B0095F82B00800711D553
:1085600095F82B0010F0FD0085F82B00207C10F012
:108570001000012801DB012100E00021C9B2607870
:10858000FFF7AEFD2000FEF7C8FE31BD10B50400B8
:108590000120F0F71AFAEB206070454890F82B1094
:1085A000490705D590F82B1011F0FB0180F82B102E
:1085B00090F82B10890709D590F82B1011F0FD01C8
:1085C00080F82B1000216078FFF78AFD10BD0000B5
:1085D00010B504003648FFF7DCFB2000FFF7D6FF9C
:1085E0002000E3F7BBFD10BD10B504003048FFF7D5
:1085F000D0FB2000FFF7CAFF10BD000030B585B0EA
:1086000004002E4D14F1240115F11600EAF706FBC3
:10861000002827D009208DF80000EF208DF80100F8
:108620006068007861684978090251FA80F0ADF815
:108630000200606800798DF804002089082804D1C0
:108640006068C0798DF8050003E095F852008DF858
:10865000050014F118010DF10700E3F751FC68461D
:10866000FFF72AF805B030BD80B5E3F7F5FD01BD91
:1086700014480C49C1600C49016113481349416019
:10868000134981601348144908601448144908606C
:108690001448154908601548018951F0010101810C
:1086A00070470000B06D0020CC72002047E201004E
:1086B000486F002015EB0100686F002090670020D4
:1086C000586F002084700020681B0020181B0000D9
:1086D0008C1B000015800200E4710020FD6D02007B
:1086E000E4750020EB6D0200E87500209074002016
:1086F00080B5020011000220F6F7E9FA02BD80B54C
:1087000001000620F6F7ACFA02BD0C0A80B5DFF8CE
:108710005003018B51F001010183018B51F00401E1
:108720000183018B51F010010183018B51F0400155
:1087300001830120DFF82C13087000F074F901BDEB
:108740007CB504000D00002C05D0207A022804D04E
:10875000207A032801D0E8204CE0290089B22000CB
:1087600000F0B1F8FF2801D01E2043E0207A00F08D
:108770008CF806003000C0B2052802D1207A022809
:1087800006D03000C0B2052804D1207A032801D1D8
:108790001A202FE0207A022816D120888DF80000B8
:1087A0006846218889B2090A41708570ADB22D0AE8
:1087B000C57004226946AC483300DBB200EB83008D
:1087C0000830DBF741FD09E008222100A74833000B
:1087D000DBB200EBC3000830DBF736FD217A300056
:1087E000C0B200F0C7F8227A01213000C0B200F018
:1087F000D5F8002076BD10B50400002C05D0207AF5
:10880000022804D0207A032801D0E8200FE089B2A2
:10881000200000F058F80100C9B2FF2901D1E8207A
:1088200005E0227A0021C0B200F0B8F8002010BDA7
:10883000C0B2012808D101208D4908708848018BF9
:1088400051F02001018308E0002089490870844923
:108850000A8B4FF6DF7002400A8370478448007825
:10886000012801D1FE2000E0FF20704780480078F9
:10887000002801D0012007E07E480078FF2801D0C1
:10888000012000E00020C0B2704710B504002000B5
:10889000C0B200F0B6F80100E4B2022C01D105220A
:1088A00000E00522002000E0401C03001400DBB2C1
:1088B000E4B2A34205D20B00C340DB07F4D4C0B23C
:1088C00000E0C0B210BD2DE9FF410400207A02286B
:1088D00010D120888DF800006846228892B2120AD2
:1088E0004270817089B2090A8DF803106D46042622
:1088F000052702E02500082605275FF0000801E0B3
:1089000018F1010840463900C0B2C9B288422DD2E0
:10891000217A4046C0B200F067F80028F0D0207AF3
:1089200002280CD13200D2B24F484146C9B200EB06
:10893000810010F1080101A8DBF786FC0BE0320092
:10894000D2B24A484146C9B200EBC10010F1080159
:1089500001A8DBF779FC3200D2B201A92800DBF7CD
:1089600065FC0128CCD14046C0B200E0FF2004B035
:10897000BDE8F08138B504000D002800C0B200F059
:1089800049F8012111FA04F40443EDB2022D02D199
:108990003548446001E03548446031BD70B504009D
:1089A0000D0016003000C0B200F02BF8EDB2012D22
:1089B0000CD1012111FA04F40443F6B2022E02D1C3
:1089C000294804600FE0294804600CE0012111FAF5
:1089D00004F430EA0404F6B2022E02D12248046004
:1089E00001E02248046070BD10B504000800C0B268
:1089F00000F007F8E040C00701D5012000E00020AA
:108A000010BDC0B2022802D11748006801E0174823
:108A100000687047C0B2022802D11348406801E0E4
:108A20001248406870471CB542F20200ADF80000E1
:108A30000B4C022214F118010DF10200DBF704FCCB
:108A4000012214F11A0101A8DBF7FEFB69460A486E
:108A500000680A4A126824321268904713BD000069
:108A6000106300201F77002000720020186F002084
:108A7000197700201A7700201C760020307600201D
:108A800080B500F0A3F8BDE80240374800F0D2B846
:108A900010B5364C207860B904F11401012000F0C3
:108AA000A7F8606028B10121217004F1080100F0ED
:108AB00089F8207810BD10B52C4C207820B1606862
:108AC00000F078F80021217010BD70B5274E347881
:108AD000FF2534B101EB0031706800F0AFF800B948
:108AE0000025284670BD38B5204D13462A78FF244E
:108AF00032B10A460146686800F0A0F800B90024C7
:108B0000204632BDF8B5194E3478FF2544B101EB4B
:108B1000003104277068009700F097F800B900252D
:108B20002846F2BD7CB5114E34781346FF2544B17A
:108B3000062200920A460146706800F086F800B9E5
:108B40000025284676BD10B5084B01461878FF244D
:108B500038B158684FF48052090300F02EF800B97C
:108B60000024204610BD0000307200201C7200203E
:108B700010F8012B11F8013B0AB19A42F8D0D01A33
:108B800070470303020900BF06A30F2A94BF9A5C33
:108B90002A2200F00F000A700F2894BF185C2A20C8
:108BA00048707047303132333435363738394142C6
:108BB0004344454601680A68104710B503689C683D
:108BC000A04710BD0268D3681847000030B51648AA
:108BD000047881B034B1154D55F80C0B0169884704
:108BE000641EF9D112490120087001B030BD0000A7
:108BF00070B50C460E4905460878002608B9FFF7FF
:108C0000E5FF09490A78284690420BD20CB900BF0B
:108C100013A405EB4503054A9B002146D458A269DD
:108C200090470646304670BDC3CC02006415000074
:108C3000107700200AA10A680260704730B581B041
:108C40000468E569A84701B030BD70B582B0069CE4
:108C5000009405686E6AB04702B070BD0000000065
:108C60000000000010B518B910BD93B2CC5CC4541C
:108C700013465A1E9BB2002BF7D110BD08214208A3
:108C8000C007104644BF564A5040491EF7D17047AE
:108C90002DE9F04F87B016461C00059018BF14F15F
:108CA000010F0DD09DF84020012A02D14D4B9C426E
:108CB00006D2DFF83491019122B94C4A944208D38C
:108CC000002089E04FF480734A460021FFF7FDFE43
:108CD00005E041434FF480724846FFF7C3FF019817
:108CE000059A641EB4FBF0F15218D2B204924FF40C
:108CF000807B019800FB114405A8641CA4B2029477
:108D00004FF0FF34057802980299ADF80260001226
:108D10000390039AA1EB0221069101E09DF8005017
:108D20000498A84255DB854206D103AA0698167816
:108D300028B1761CF6B202E0019E3604360E681C9D
:108D40004FF000088DF800000BE0701E80455B4678
:108D50004A4612BFE8B200219DF80000FFF7B5FEB9
:108D6000B846B045DADA701E804504BF04998D42DA
:108D700008D1069830B102990398A1EB00201FFAA0
:108D800080FA00E0DA460598854209BFB8F1000F85
:108D90000027BDF802700C3709E019F800006040A8
:108DA00000F0FF00FFF76AFF80EA14247F1CB8B2CE
:108DB0005045F2DB08F101079DF840003902002818
:108DC000C3D1019B5A4603FB05114846FFF74AFFF2
:108DD000C6E74FF0FF30604007B0BDE8F08F0000FD
:108DE0002083B8ED010010004C77002001800500C1
:108DF00070B5DFF87467044630780D4630B90FF26D
:108E000055221421E5F712FE012131700C20D9F70B
:108E1000EAFD010001D1102070BD002008600C7136
:108E20008D60726812B9716070BD024610680028CA
:108E3000FBD1116070BD0322E5F787FE0AB070BD5B
:108E40003CB589B008AC8DF820200225120A8DF8B7
:108E500021200694012207920595029300249DF893
:108E600038200492012503940195009500230322E4
:108E7000ECE02DE9F84F88B08346129D2E78F61C61
:108E8000F6B28A4691461F463046D9F7ACFD04003B
:108E900026D0DDF854802770691C3F0A6770287857
:108EA000A070E01C2A78D9F7AAFD5FEA080018BF75
:108EB00001200790069400220596039201929DF8E6
:108EC00050109DF84C0004910122029000924B46F4
:108ED000042251465846E5F738FE00F007F801E055
:108EE0004FF01008404609B0BDE8F08F804620469C
:108EF000D9F78FBD2DE9F047054688B00E4692465A
:108F00001F46012007B10220DDF8489000EB49041C
:108F1000E4B22046D9F767FD5FEA000832D0414647
:108F200017B1119801F8010B01F8019B0022139869
:108F300009E030F8123001F8013B30F812301B0A1A
:108F400001F8013B521C4A45F3DB01220792CDF8A0
:108F500018802846059431469DF854509DF85020BD
:108F6000049500260396029201269DF84050019533
:108F7000534600960422E5F7E8FD05464046D9F73A
:108F800048FD00E01025284608B0BDE8F08778B518
:108F900089B003250E9C8DF820308DF821400123E7
:108FA000240A07938DF8224008AC9DF840300595BF
:108FB0000694049300249DF83C5001261346039424
:108FC000029501960096042236E72DE9F843804683
:108FD00017460426380088B089461D4602D1AE786F
:108FE000361DF6B23046D9F7FEFC040028D02770B3
:108FF000288860702988090AA1703FB9A878E070B4
:10900000E91CAA78201DD9F7FAFC01E00020E070E5
:10901000012107910694059600229DF844009DF8D1
:1090200040100490039201200291019000900123CE
:10903000042249464046E5F788FDFFF757FF01E067
:109040004FF01008404609B0BDE8F083E5F77DFD1C
:109050000BB030BD2DE9F047064694B0736803F0BD
:109060000700012840F07A823268DFF8FC04117DA5
:10907000406800E00068002806D004798C4218BFE0
:10908000FF2CF7D18768002F00F0688290880028B5
:109090004FF0FF0900F05782032800F003820428F4
:1090A00000F09F80062861D008286ED1C3F3C0006D
:1090B00000210028894619D1F07A082865D8DFE810
:1090C00010F03F003100210017003E00300020006A
:1090D00016000900796B002908D0F06802784378FF
:1090E00002EB0324ADF800406846884738E20121CE
:1090F000386B0028FAD08DF800106846396B884725
:109100002EE20121F86A0028FAD000F04BFA8DF81F
:109110000120F0688278C37800F036FAF96A88474F
:109120001EE20121B86A0028FAD000F03BFA8DF85F
:1091300002108DF801206846B96A884710E20121C3
:10914000786A0028FAD0F06802788DF80020002AAA
:1091500018BFFF2A07D0F0684278837800F014FA2D
:10916000796A8847FCE14FF08709F9E1C3F3C00051
:1091700000284FF00009F8D1F07A02282CD9B0F17C
:10918000400121D0491E1AD0491E40F0E781386ABB
:109190000028EAD0F06801788DF80010F068417876
:1091A000827801EB0223ADF80430C178007901EB3D
:1091B0000022ADF806206846396A8847D0E1F86990
:1091C0000028FBD08047CBE1B8690028FBD000F035
:1091D000F0F9B9698847C3E179690029FBD088476C
:1091E000BEE1C3F3C000002840F0E480ADF81800F1
:1091F0001222002107A8D9F7F8FBD6F80C8000F05E
:10920000BAF90027F17A0024052900F2D080DFE8BE
:1092100001F0B0943E241203009406AB3068007D48
:1092200000220321E6F7CDFBBDF81800002801D08D
:1092300000F09CF9BCE03068007D0CA901F09AF9BF
:109240000100F7D0002000E0401CC2B28A42FBDBE4
:109250003068007D01F0C8F9AAE03068BDF81C1044
:10926000007D01F09EF9002814BF00238B2337688E
:10927000787D002804BF78880028EDD1BDF81C2037
:10928000B07A0092012102900191032289E018F83E
:1092900001AB2020D9F7A7FB04003AD0BAF1000FA8
:1092A00006D13068007D214601F064F9074618E0D8
:1092B000002511E000F05FF908F102083068BDF800
:1092C0001C10007D01F01AF928B1BDF81C00F9B29C
:1092D00024F811007F1C6D1CE8B25045EADBF8B29F
:1092E000A0B101F0B1F9C0F110003568B17A059173
:1092F000C0B20122FFB2019004920394029700923F
:109300000123287D0222A91DFFF7F4FDFFF7EFFDE1
:109310004BE0F17A8DF8101089228DF81120306819
:10932000B17A03910297012301930093811D8288F2
:10933000007D04ABE5F7E9FE37E03268507D002898
:1093400004BF5088002833D1BDF81C10107D01F0F7
:10935000D5F8002812BF00228B2207A80123346809
:10936000B17A009301910346207DA11DFFF72DFEE8
:109370001BE000F0FBF8010003D0B8280CBF8A20E6
:1093800089203768797D002904BF798800290FD1A9
:10939000BDF81C30B17A009301220192029103467C
:1093A0000022387DB91DFFF7F2FDFF2400E0012403
:1093B000A146D5E0F5681222002105A8D9F715FBD2
:1093C000142200216846D9F710FBF07A03284FF0E9
:1093D000000900F2C380DFE800F03232023229785F
:1093E0008DF80C10002495F80180AD1CB8F1000F29
:1093F00014D04FEA4800D9F7F6FA04000ED08DF8E1
:109400000680002007E02A786B7802EB032224F81C
:109410001120AD1C401CC1B24145F4DBB86B48B112
:109420003168881D00906846F17A8DF80410029426
:10943000B96B8847002C01D0FFF759FD90E015F873
:10944000010B8DF805002978687801EB00229DF862
:109450000500ADF81420002804BFF07A01280DD1D2
:10946000AA78E91C102AA8BF0F228DF816200DF14A
:109470001700D9F7C4FA0DF116000490B86B002854
:109480006ED03168881D00900122F17A8DF80410A9
:109490008DF8062005A902918DF80C906846B96BED
:1094A00088475DE0C3F3C0000028F07A32D128B9C4
:1094B00000F072F898B2E0F7C2FA4CE0012820D12F
:1094C0000020ADF80400B96819B1901D00906846FD
:1094D000884730680021009101AB8188007D00221F
:1094E000E6F76FFABDF80400002834D03068B17A8E
:1094F000BDF8042000910123811D007DFFF7A0FC31
:109500002EE040282AD1386928B300F052F8396992
:10951000884720E010BB911D0291F06801784078E7
:1095200001EB0022ADF80C2002A8F8F72DFEF96837
:1095300089B13068821D009200F02EF8ADF8043039
:109540006846884707E0C3F3C00020B9F07A28B91D
:10955000386800B180474FF0000901E04FF0010981
:10956000484614B0BDE8F087BC7400203068007D28
:10957000424607A929E098F8000098F8011000EB8E
:109580000122ADF81C2070478DF8041002EB032473
:10959000ADF8024068467047F0680278407802EB08
:1095A00000237047F06802788DF80020F068427858
:1095B0007047911D0091F06801788DF80410F068F3
:1095C00041788DF8051068467047FEB5044616468A
:1095D00000208DF804000D46B778009001AB002202
:1095E00004212046E6F7EDF99DF8040040B1102F64
:1095F000A8BF0F27AF703A46F11CE81CD9F7FFF956
:1096000001222946204600F03FFFFEBD80B5DCF771
:109610007AFEFC208DF8000001220549684604F01E
:109620009AFBECF7CDFB034901200860FEE700BF81
:10963000110000007C0520431046344A13789842FC
:1096400000D3704710B52C21314C4843205C00F00A
:109650007F00202820D12F482F4C01780B0705D5FB
:10966000207819224FF08041DCF7F0FB2B4841783D
:1096700041F0010141704FF400612078DAF764FC99
:109680000021C820E9F72FF92078BDE810406422B6
:109690004FF40051DCF7DABB10BD2DE9F8430C782C
:1096A00004F03F08B8F1280F2EDA4E78174D01204C
:1096B00004F01F012A7800FA01F92C2014494243D2
:1096C0008F1807F108037B6131462046D9F71CFF4C
:1096D000032E18BF022E05D160064CBF24F04004B3
:1096E00044F04004BC7049462A780D4B4046E8F7E8
:1096F000D3FFA10901F0010181F001012046D9F752
:109700009FFF2878401C2870BDE8F183E876002090
:10971000705200207C720020D113002012750020AE
:1097200039960200002101604160C1604FF0FF31B5
:109730008160704770B514008AB005460E4604D1AA
:109740000022DDF7F9F90AB070BD1B49A0680A686C
:10975000904204D310F1010F18BF002012D108234A
:10976000282200216846DFF7A9FB206804906A469A
:10977000606805903146E0680790A068069028462A
:10978000DDF7DAF90AB070BDDFF7C5BBDDF788B9E0
:10979000DDF7CEB9DDF71FBADDF7FCB9DDF785B926
:1097A000054A1368994202D311F1010F01D1DDF787
:1097B00020BA704700000000CC04000080B501789A
:1097C00051F080010170E1F7C5FF01BD01000020EB
:1097D0008A89DFF8A0351B889A420AD2DFF89825DB
:1097E00012688B890C214B43D15C11F00F0F00D014
:1097F0000120C0B2704710B5DFF87C25136884895A
:109800000C2254431C440A00D2B2012A03D00A009D
:10981000D2B2022A0CD142886280C9B202290BD18D
:10982000001D00F0CBF8002806D10020207003E0D6
:10983000011D201D00F0B4F82000FFF7BFFF10BD90
:10984000F8B504004FF6FE70A081002120780028B2
:1098500029D0002620E0DFF820050C22036837001D
:10986000BFB25743DB5D13F00F0F14D10068310016
:1098700089B202FB01F200EB0207207838706088A1
:109880007880211D381D00F08BF8A6813800FFF785
:1098900095FF01212E88761CDFF8D85430002A88E5
:1098A00080B29042D7D30800C0B2F2BD70B50500B7
:1098B0001400012600290FD08889A88101212800E1
:1098C000FFF799FF002C36D04FF6FE706080022122
:1098D0002000FFF790FF2EE0002C1CD0A089A8816B
:1098E000201D00F06BF801280BD12800FFF7A8FF1E
:1098F00006004FF6FE70608002212000FFF77BFF1C
:1099000019E0281D00F05AF8012814D1032128007D
:10991000FFF771FF0FE068884FF6FE71884204D1AF
:10992000281D00F04BF8012804D12800FFF788FF1C
:10993000060000E000263000C0B270BD38B5DFF888
:1099400034140880010089B2002914D00C2110FBC6
:1099500001F4DFF82454200080B2DAF77FFC28609D
:10996000286800280BD0A4B200222D68210028000E
:10997000DAF7D4FC03E00020DFF8FC13086031BD07
:1099800010B5DFF8F4432068002808D02068DAF723
:1099900066FC0020DFF8DC1308800020206010BD8A
:1099A00010B50400002903D02000E9F763F904E0B2
:1099B000082100222000DAF7B1FC10BD02000020CF
:1099C000002A0DD0002307E01900C9B2515C00291C
:1099D00001D0012008235B1C1900C9B20829F3DB60
:1099E000C0B2704780B50122884208D0002805D057
:1099F000002903D0E9F72FF9020000E0002210004F
:109A0000C0B202BD1FB50C0000218DF80010ADF8EA
:109A10000200684600F062F801A92000FFF7C0FFCD
:109A20002000FFF7CBFFC0B204B010BD1FB50C0083
:109A300000218DF80010010001A8FFF7B1FF684672
:109A400000F085F8BDF80200208020884FF6FE71F6
:109A5000884201D0012000E00020C0B204B010BD57
:109A600038B504002000FFF7B1FE05002800C0B2A1
:109A700001280ED1C0480168A2890C20424301EBA5
:109A800002000178227892F0FF0211400170FFF786
:109A900095FE2800C0B232BD38B5050000242878F4
:109AA000002818D02800FFF791FE04002000C0B263
:109AB000012810D1B0480168AA890C20424301EB6B
:109AC000020001782A78114205D1027829780A43E8
:109AD0000270FFF773FE2000C0B232BDF8B504007B
:109AE0000021201DFFF75CFF4FF6FE71A1810020D1
:109AF00062888A4229D0002621E09F490C220B6807
:109B00003700BFB25743DB5D13F00F0F16D0096863
:109B100033009BB202FB03F201EB020761887A88F3
:109B200091420BD1381DFFF749FF012803D1391DA0
:109B3000201DFFF735FFA68101202E88761C8D4D54
:109B400031002A8889B29142D7D3C0B2F2BD2DE943
:109B5000F04104004FF6FE706080A0810025201DBA
:109B6000FFF72CFF012826D100271EE082480C2198
:109B700002683B009BB24B43D25C12F00F0F13D034
:109B800000683A0092B201FB02F100EB010818F103
:109B90000401201DE9F75FF8012805D1B8F802009B
:109BA0006080A781012537887F1C724E380031887C
:109BB00080B28842DAD32800C0B2BDE8F08170B527
:109BC00004004FF6FE7060800021201DFFF7E8FEC4
:109BD0002000FFF7FBFD05002800C0B2012811D1CD
:109BE00065480168A2890C20424301EB0206708897
:109BF0006080301DFFF7E2FE012803D1311D201DDA
:109C0000FFF7CEFE2800C0B270BD2DE9F04188B04C
:109C100004004FF6FE70A08101275FF000080025C8
:109C2000002600208DF80000211D01A8FFF7B8FED6
:109C30006846FFF78CFF01280BD1BDF80C00A0810E
:109C4000BDF802006188884202D15FF0010800E09F
:109C50006D465FFA88F8B8F1000F11D100208DF839
:109C600010006088ADF8120004A8FFF737FF012844
:109C700000D104AE320029002000FFF717FE0700D4
:109C80002000FFF709FF3800C0B208B0BDE8F0813E
:109C900010B500240BE038480168220092B20C2075
:109CA00042431144200080B200F07CF8641C200084
:109CB0003049098880B28842EDD310BD10B5002428
:109CC00012E02D480168220092B20C204243114458
:109CD0000878000607D5087810F07F00087020008B
:109CE00080B200F04BF8641C20002249098880B241
:109CF0008842E6D310BD70B50C25280080B2DAF793
:109D0000ADFA0400002C19D0ADB2FF2226002900C4
:109D10003000DAF703FB002507E023000C222900BE
:109D200089B20120DCF7F7F96D1C28001149098878
:109D300080B28842F1D32000DAF791FA002070BD9A
:109D40001FB50C21FF226C462000DAF7E7FA002449
:109D500007E06B460C22210089B20120DCF71EFAD5
:109D6000641C20000349098880B28842F1D31FBDDA
:109D700000000000CC760020CC7500203EB5040029
:109D80000B000878002806D10C21FF226D46280020
:109D9000DAF7C4FA6B460C22210089B20120DCF705
:109DA000FDF937BD1CB50C0000940C230022010006
:109DB00089B20120DCF714FA002804D12078FF28AA
:109DC00001D10020207013BD01680A6810470168A6
:109DD0004A68104730B50C4C237881B000227BB123
:109DE0000A4C2578A8420BD209B900BF0FA100EB9D
:109DF00040029200064B98189B581A6990470246F9
:109E0000104601B030BD0000457700202FE1020070
:109E10000016000005A191E80C1080E80C107047B6
:109E200002685369184702689369184700000000E8
:109E300001000000000000001CB5E7F76FFD3E4C7C
:109E40000146606810B1081AB42873D3616080209D
:109E5000D8F76CF901230A2204210820D8F769F900
:109E60000146642291FBF2F2D3B26FF0630010FB63
:109E70000313332BA8BF521C40F6B8302270814226
:109E8000A8BFC82041DA40F6543081420ADD40F6CE
:109E9000B832511A3A204143642391FBF3F0C0F1E8
:109EA000640027E040F6B422914208DD411A1820F0
:109EB0004143A02291FBF2F0C0F12A001AE040F6E3
:109EC0008813994209DD511A0C2041434FF49673CF
:109ED00091FBF3F0C0F112000CE040F63502914224
:109EE00012DB591A062041434FF4AA7291FBF2F09B
:109EF000C0F1060003F03CFF01464FF08040D8F768
:109F0000C9FBD8F713FE00E0002060700F20DAF7DD
:109F1000A5F904000ED0022020700E2207A1601CBB
:109F2000DAF792F9012000900F2322460121002048
:109F3000D9F7A1F813BD00005014002021002051D2
:109F40001400202000205014002000000020DFF822
:109F500010150860704780B5F7F77FFE00280BD119
:109F600000220121002000F0ABF9002804D0016894
:109F7000002901D0F7F78EF801BD80B5042000F06C
:109F800088F9DFF8E0140978C0B2814208D3FF20D5
:109F900000F07FF9DFF8D0140978C0B2814201D215
:109FA000012000E0002002BD2DE9F04180460D00B7
:109FB000002698F80C0000F09FF904000127002CFF
:109FC00035D1B8F80A2098F80C10D8F8000000F045
:109FD00001F90400002C29D00020208198F81000FD
:109FE0002074B8F81200608218F11000EAF704FC3F
:109FF0006061B8F81800208398F81A00A07601264E
:10A0000061894FF67F4001406181A07A400708D402
:10A010006089DFF858140978491C50EAC110608142
:10A0200005E0608950F08000608100E00027380082
:10A03000C0B2012863D16189C90911F00701EDB2ED
:10A04000002D19D0022060732068807B400703D563
:10A05000DFF81C04008A20810800C0B200283AD032
:10A0600062894FF67F40024062816089C9B2491E11
:10A0700050EAC11060812EE0C9B2002901D1002749
:10A0800029E0A07A800606D5DAF743F910F07F00C0
:10A090005F30208117E0A07AC00606D5DAF739F9DB
:10A0A00010F00F000A3020810DE0A07A400708D59B
:10A0B000DAF72FF9DFF8BC1309880840801C2081EB
:10A0C00001E001202081042060732021DFF8A80333
:10A0D0000078D9F7FBFEF6B2012E10D12289617B00
:10A0E000200000F090F8002809D06069002802D014
:10A0F0006069DAF7B4F82000DAF7B1F80027380021
:10A10000C0B2BDE8F0811FB50024C0B200F0F4F881
:10A1100000281FD0417B06291CD144890168097A97
:10A120008DF8081001680988ADF8001000F01EF9DC
:10A1300020050ED5BDF80010002000F00FF8002813
:10A1400007D1DFF82C03818C6846E2F70EFC00F0A3
:10A1500020F801242000C0B204B010BD002801D0B6
:10A16000406804E0DFF8F802006800E0406800287A
:10A170000DD042891205F9D50A0092B2002A05D005
:10A18000026812880B009BB29A42EFD100E00020D7
:10A19000704710B500210020FFF7E0FF040004E045
:10A1A00000212000FFF7DAFF0400002C0ED0206809
:10A1B00000884FF6FF71884207D0DFF8B402818C27
:10A1C0002068E2F7D0FB1A28EAD102E00020E2F78B
:10A1D000CEFB10BD70B504000D0016001C20DAF790
:10A1E0003DF800280ED000214173057346810021FF
:10A1F0000181002181730021C1730460002141614C
:10A200000021416070BD70B504000E001500002CE7
:10A210003DD03000C0B201280AD1012000F039F849
:10A22000DFF858120978C0B2814216D211202FE00F
:10A230003000C0B204280AD1042000F02AF8DFF868
:10A2400024120978C0B2814207D2112020E03000E8
:10A25000C0B2022801D0C1201AE066732581002017
:10A260006060DFF8FC110868002807D0096800E08A
:10A27000496848680028FBD14C6000E00C60202150
:10A28000DFF8F4010078D9F721FE002000E0C120BA
:10A2900070BD10B402000020DFF8C41109680AE0A4
:10A2A0004B7B1400E4B2A34203D01300DBB2FF2BBC
:10A2B00000D1401C49680029F2D1C0B210BC7047DF
:10A2C00010B4002801D0406803E06548006800E051
:10A2D000406800280DD0437B0C00E4B2A342F7D1C4
:10A2E0001300DBB2002B03D003689B7B5B07EFD42A
:10A2F00000E0002010BC704701005948006800E0F1
:10A300004068002805D0027B0B00DBB29A42F7D1EF
:10A3100000E000207047F8B505000E000027280077
:10A3200000280DD04E48046801E027000024002CCE
:10A3300006D031002000A8470128F6D06468F6E76F
:10A340003800F2BD464B1968002201E00A00496856
:10A3500000290AD08142F9D11868814202D14868A7
:10A36000186001E048685060FFE7704710B50400CE
:10A37000002C12D02000FFF7E5FF2068006AD9F713
:10A380006EFF2068D9F76BFF6069002802D0606912
:10A39000D9F765FF2000D9F762FF10BD70B5304EC8
:10A3A00034680EE065682068006AD9F758FF2068B5
:10A3B000D9F755FF6069D9F752FF2000D9F74FFF51
:10A3C0002C00002CEED10020306070BD10B50100D3
:10A3D000002901D105201FE051F80C0C002803D101
:10A3E00011F8020CFF2804D00800D9F7E5FC05207D
:10A3F00012E0214C207801F8020C21480278214813
:10A40000D9F7E0FD012806D14FF400512078D9F7A3
:10A410005DFD002000E0042010BD70B5DBF773FF88
:10A420000500184E3468002C15D054F80C0C002888
:10A4300006D04FF4005110480078D9F747FD05E0E9
:10A440004FF400510C480078D9F77EFD002221001E
:10A450003000D9F720FE2800DBF77CFF200070BD1C
:10A46000647600201F5E0100D2650100BB1C002045
:10A470009C680020124500000B7700201E5E010042
:10A480000B87020068760020F8B506000F00140064
:10A4900039883000C0B200F031F8002801D0B8206F
:10A4A0002BE000F0D1F8AF490978C0B2884201D35F
:10A4B000B22022E01820D9F7D1FE0500002D01D1ED
:10A4C00010201AE0002028602E7112223900A81DE9
:10A4D000D9F7BAFEA4490868002801D10D6006E04A
:10A4E000096800E0096808680028FBD10D60E4B243
:10A4F000002C01D000F0EFF80020F2BD10B49A4A11
:10A50000126800E01268002A0FD013790400E4B248
:10A51000A34203D00300DBB2FF2BF3D1D3880C009E
:10A52000A4B2A342EED1901D00E0002010BC704701
:10A5300030B40A00D2B2FE2A01D1012400E0002486
:10A54000894A136806E00A001D79D2B2AA4200D1F6
:10A5500001241B68002B0AD0DA880500ADB2AA429C
:10A56000F7D12200D2B2002AEDD0187900E0FE2007
:10A5700030BC704730B4030000207B4A12680BE007
:10A5800014791D00EDB2AC4205D1D4880500EDB2BE
:10A5900021F81540401C1268002AF1D1C0B230BC2D
:10A5A000704770B5704C2268002301E013001268F8
:10A5B000002A17D015790600F6B2B542F6D1D58833
:10A5C0000E00B6B2B542F1D1002B02D11068206066
:10A5D00001E0106818601000D9F741FE00F07BF828
:10A5E000012000E0002070BDF8B505005E4E306827
:10A5F000002405E0016821600768D9F730FE3800C3
:10A6000000280CD001792A00D2B2914204D1002C4A
:10A61000F0D101683160EFE704000068F0E700F076
:10A620005AF8F1BD10B4020000204F49096806E055
:10A630000B791400E4B2A34200D1401C0968002940
:10A64000F6D1C0B210BC704700204749096801E04C
:10A65000401C09680029FBD1C0B2704718B585B00D
:10A660001421FF226C462000D9F758FE002400E098
:10A67000641C20003B490978C0B288420DD26B4669
:10A6800014222100C9B289B20820DBF744FD010081
:10A69000C9B20A29ECD1C0B200E0002006B010BD5A
:10A6A00018B585B01421FF226C462000D9F736FE7C
:10A6B000002408E06B4614222100C9B289B20820A8
:10A6C000DBF76CFD641C200026490978C0B2884283
:10A6D000F0D306B010BD30B585B00025224804681F
:10A6E00012E020798DF800001222A11D0DF1020068
:10A6F000D9F7AAFD6B4614222900C9B289B20820F5
:10A70000DBF74CFD6D1C2468002CEAD105B030BD90
:10A7100038B586B00025002419E001A80090142364
:10A720000022210089B20820DBF75AFD00280DD154
:10A730009DF80400FF2809D000220DF106019DF8C4
:10A740000400FFF7A1FE002800D16D1C641C20004E
:10A750000449097880B289B28842DED3280080B2E9
:10A7600007B030BDBFB002008C75002070B5050089
:10A770002C68002C00F08C80DFF83C241068002846
:10A780000BD02979200012689047C0B2012804D16B
:10A7900061894FF6FE7001406181607B022840D1E3
:10A7A000A07A80073DD52879CD283AD02879F0289D
:10A7B00037D0A07C00060FD5A07E00280CD0A07E4C
:10A7C000A07320680088E9F7F0FF002809D14FF452
:10A7D000987000F00CFA04E0DFF8E0030078401C09
:10A7E000A073287900280BD1002604E04FF49B7059
:10A7F00000F0FDF9761C30006979C0B28842F5D3CB
:10A80000A07B401EA073A07BA07604206073DFF8BD
:10A81000B003008820812021DFF8A8030078D9F751
:10A8200055FB607B022802D0607B062830D1A07ADD
:10A83000C0072DD52979200003F002F961894FF670
:10A84000FE700140618120680088E9F7AEFF0028B2
:10A8500017D1287900280FD140F22F1000F0C7F946
:10A86000002420006979C0B2884211D24FF49B7055
:10A8700000F0BDF9641CF4E740F2311000F0B7F9C4
:10A8800006E02879002803D140F22D1000F0AFF93E
:10A8900070BD2DE9F84F9AB007008846914605A88B
:10A8A0001C21D9F76FFD00245FF0000A012605A9DD
:10A8B000380003F06FFA9DF82100002803D19DF8BD
:10A8C0002800002808D09DF81400400609D5788992
:10A8D000E9F76BFF002804D040F2351000F087F94B
:10A8E00024E19DF8140010F00C00042801D101258A
:10A8F00000E000259DF8140080062ED55FF0010AC7
:10A900002800C0B2002828D1E9F7B1FAB98980B28D
:10A91000814203D197F82E00000609D4E9F7A7FA7F
:10A92000B98980B2814218D097F82E00000614D45D
:10A9300097F82E00000604D57889B989ADF82E1055
:10A9400000E0B88905A980B2F5F7B2FD002804D06F
:10A950004FF49A7000F04BF9E8E097F82E000006EB
:10A9600017D49DF81400400612D59DF8150010F07C
:10A97000030F0DD19DF8140010F00C000C2807D027
:10A980009DF8140010F00C00082801D0012400E00C
:10A9900000249DF8140010F003000100C9B2022940
:10A9A00004D105A9B88903F01CFBBFE00100C9B2BE
:10A9B000012916D1E4B2002C07D097F82E0000062A
:10A9C00003D405A9B88903F088FA05A80D90B889C1
:10A9D000ADF83000B8798DF832000CA8FAF796FC83
:10A9E000A4E0C0B2002840F0A180DFF8DCB19BF801
:10A9F0000B00012807D1B879002804D14FF49A70D0
:10AA000000F0F5F892E002208DF86400B889ADF806
:10AA10005C0097F82E0000063FD502208DF840001C
:10AA20007889ADF838009DF817008DF842009DF840
:10AA300016008DF84300BBF82400ADF84400BDF8C3
:10AA40001A00ADF84600BDF81C00ADF848009DF8AE
:10AA50002800ADF84A0009981390F88DADF8500021
:10AA6000388A8DF8520038798DF85300B87C8DF80B
:10AA700054009DF829008DF855009DF82B008DF8A5
:10AA8000560097F830008DF8570097F832008DF88F
:10AA900058000EA8F4F720FD48E0EDB2002D22D0BA
:10AAA000388A8DF82A00494D286800283ED0E9F7F9
:10AAB000DEF9BDF85C1080B2814237D197F83000E2
:10AAC0000490F88D0390CDF808905FFA8AFACDF8DB
:10AAD00004A0387900902300DBB2424605A917A8EC
:10AAE0002C68A04722E0E4B2002C03D005A9B88965
:10AAF00003F0F3F936480078012803D13800FAF75B
:10AB0000D7FF0600F6B2002E10D0B87C0390CDF827
:10AB100008905FFA8AFACDF804A0F87C00904346CA
:10AB2000BBF8242017A905A802F0A3FF1BB0BDE8BD
:10AB3000F08F80B5C0B2E0F7B3FC01BD80B5E0F79F
:10AB4000DEFC01BD80B5C9B280B2E0F755FD01BDA4
:10AB500080B5E0F799FD01BD80B5E0F7ADFD01BD21
:10AB600080B589B2C0B2E0F7E0FD01BD10B50400C8
:10AB70001548807B000708D416480068002804D0D8
:10AB8000082115480078D9F7A1F92000C0B2E0F7F4
:10AB9000DEFD10BD10B50400C9B201290BD10021A2
:10ABA000200080B2FBF720FC0C4802780021200036
:10ABB00080B2FBF7F7F810BD9C750020D01C002078
:10ABC000A61C00200B7700209C680020A0750020A8
:10ABD000FD760020B4750020087700200BAE02003F
:10ABE00080B592B2C9B280B2E0F7B2FD01BD704744
:10ABF00050B1B0FA80F18840C91CC1F584610905E3
:10AC000001EBD0214005704701467047400D40F2EE
:10AC10001E4C40EAC120BCEB115C40F0004003D464
:10AC20008CF30701C84070476FEAE1707047090470
:10AC30000068002818BF03F046BA70470068002873
:10AC400018BF03F043BA704770B50468C4B1FE2959
:10AC5000A8BF4FF0FF300DDA64256943FF2691FB52
:10AC6000F6F6F6B24FF0FF30A0FB06016422002397
:10AC7000ECF79CFE01462046BDE8704003F01BBA8D
:10AC800070BD817A8B0607D4006828B1002A18BFEE
:10AC900003F019BA03F01ABA704700002DE9F8431F
:10ACA00080463348DFF8CC900C46017816468A0778
:10ACB00086B01F4610D441F002010170002004E06C
:10ACC000FF21C2B209F81210401C2B4A1378C1B2FE
:10ACD0009942F5D303F0ACF900252848E9B2415672
:10ACE000002904D46D1CEAB2042AF7DD37E06DB206
:10ACF000002D34D484F80480657109F81580DBF7E1
:10AD000002FB0C21804611FB05F11D4A50185158D9
:10AD10008A6890474046DBF71DFB684603F0C2F99E
:10AD2000282F0CBF012000208DF8100001214FF4C6
:10AD3000FA30102E8DF80010019006DA11A131F8CA
:10AD400016100191802908BF019001218DF808108B
:10AD5000002203926946E8B203F084F910B94FF07B
:10AD6000FF3001E02060284607B0BDE8F083000016
:10AD7000ED7600208C16002066CF0200E015002042
:10AD80007C150000E803D007A00F401F803E007D27
:10AD900000FA8000040008000F001E003C0078004C
:10ADA000F000E00113490968C1F30F314BF67A3224
:10ADB0004FF0FF30914208BF022070470D480E4906
:10ADC00070B505680E682D0F06F0FF06802E28BFAF
:10ADD0000026FFF7E7FF02284FF0FF3407D125B127
:10ADE000012D08BF06F10B0401E006F10A0460B270
:10ADF00070BD000018130050A010005080B5FFF780
:10AE0000D1FF022800D101BDFEE7FF1E30B50A497F
:10AE10000A4A09E0CC5C0D5C094B2344AC422CBFD0
:10AE200013F8013C5B78136013685468A342FCD1AB
:10AE30008342EFD130BD00BF141E000000600C4003
:10AE4000181E000070471E10F0B5564981B0054627
:10AE50000C6855490A684BF2F5204443240A02F471
:10AE60004022B2F5802F11D1504801688A030DD4D9
:10AE70004F4EF06801688847EDF700F93168CA68FD
:10AE800090472709C010474304EBE7342DB94948E0
:10AE9000006820F07F402418640847480460240CB0
:10AEA00044600121816001B0F0BD44480068C0F3F6
:10AEB0000720704742480068C0F38440704741480B
:10AEC0000068C0F38120704770B53F4C82B080B2FB
:10AED0000090082325683D486E684FF47F4230217A
:10AEE000B04702B070BD70B5374C82B080B20090F0
:10AEF0001223256835486E684FF4F8020421B047E4
:10AF000002B070BD70B5304C82B080B20090112399
:10AF100025682E486E684FF400320421B04702B015
:10AF200070BD70B5284C82B080B200900A232568AD
:10AF300026486E684FF440622021B04702B070BDD1
:10AF4000F0B581B00226204C204D009607232668DC
:10AF500077684FF4C07200212846B8472468284615
:10AF6000E56807234FF4C0720021A84701B0F0BD87
:10AF7000F0B5002818BF022881B011D1124C134D32
:10AF800080B200900423266877687022002128464A
:10AF9000B84724682846E568702370220021A84736
:10AFA00001B0F0BD08400C40B44F00508C1300506D
:10AFB000E0010010102009407C600C4030A00C40E3
:10AFC00004A00C4020A00C40A401001000A00C40E4
:10AFD00080B5002901D1002002BD012801D002283E
:10AFE00002D103F083F802BD03F090F802BD0160C6
:10AFF00042600021521E8160C26001614161836133
:10B00000704770B504460E46DBF77DF90546A0682B
:10B0100028B92846DBF79EF94FF0FF3070BDA069D4
:10B02000216923680246484319183046DBF716F8B1
:10B0300020696168401CB0FBF1F201FB1200206145
:10B04000A068401EA0602846DBF784F9A06870BDA8
:10B0500081684068814201D101207047002070471B
:10B06000F0B581B004460F46DBF74DF9054666683A
:10B07000A068B0421CD0E0682368401CB0FBF6F129
:10B0800006FB1106A0690246704339461844DAF7F8
:10B09000E5FFA0686169E660401CA060884238BF97
:10B0A000084660612846DBF755F9A06801B0F0BD9D
:10B0B0002846DBF74FF94FF0FF3001B0F0BD041028
:10B0C00030B589B004460D46082324220021684685
:10B0D000DDF79EFE01218DF818106A4629462046AC
:10B0E000DDF7B3FE204609B030BD10B58AB0044686
:10B0F0000823242200216846DDF78AFE01218DF80D
:10B1000018102046034A6946DDF787FE0AB010BDD5
:10B11000000000003018002000B581B000906846A3
:10B12000DDF7BAFE01B000BDDDF7A4BE00B581B009
:10B13000DBF791FB00280CBF4FF0FF30002001B07F
:10B1400000BDDBF7E6BB094078B5D54C89B00546B4
:10B1500025640823242200216846DDF759FE0021DA
:10B160008DF8181004F6CC466A463046DDF76DFEC1
:10B17000A66408233C220021201DDDF7D9FE4FF4F0
:10B1800040606062052104F1CC00E16120626561EC
:10B190000023221D0FF2190104F17C00DDF7D2FE1D
:10B1A00004F17C0060640AB070BDBD48007870474F
:10B1B0002DE9F841BA4D286C91B010B1002180F80A
:10B1C0004510296C01F14800DEF7AFFADBF79BF878
:10B1D00006460720DDF7A5F8DDF708FF18B100BF28
:10B1E000B7A0DCF755FEEDF70AFA0CA802F0A0FFB5
:10B1F00004208DF830000CA9002002F0A2FF686541
:10B20000A84C206801688847226852F80C1F08A8DB
:10B210008847226804208DF8200008A952F8043FCE
:10B2200000209847E864206850F81C1F884722686F
:10B2300052F8281F04A88847226804208DF81000BF
:10B2400004A952F8203F002098472865E86C10B9FF
:10B25000A3A0DCF71DFE286D18B900BFA5A0DCF780
:10B2600017FE686D18B900BFA7A0DCF711FEE1F763
:10B270003BFA2C6CA9A705F6E84824B9D7E90012D7
:10B28000CDE900120EE000F015F9082269462046CB
:10B29000D8F7CCFF0128F1D0D7E90023CDE900236E
:10B2A000296C01BB0820D8F7D9FF04004FD0002734
:10B2B000D9F72FF8F9B27F1C6054F9B2000A605434
:10B2C0007F1CF8B20628F3DB302121547F1CFFB22B
:10B2D000F820E055082221464046D8F7B5FF204621
:10B2E000D8F7BDFF03E008224046D8F7ADFF6A4615
:10B2F00008210120DAF736FF002818BF092822D1DB
:10B30000EAF7EFFD800713D400F0D4F8FF220821FC
:10B3100002A8DDF7BDFE02AB082200210120DAF70A
:10B320009DFF80B90822694602A8D8F77FFF28B19F
:10B33000424608210120DAF74EFF04E0082202A964
:10B340004046D8F781FF4146E220E1F705FAEAF7E7
:10B3500067FD2020D8F782FF0028A86552D0A96C8D
:10B36000686C05F15C02D8F7FCFCF3F7EBFCA96D07
:10B3700005F15C00086005F1600200F097F8F5F750
:10B38000B5FCA96D05F16000486005F1640200F0AC
:10B390008DF8F9F733FFA96D05F16400886005F1B8
:10B3A000680200F083F802F0DDFEA96D05F1680087
:10B3B000C86005F16C0200F079F8DFF7B1FBA96D08
:10B3C00005F16C00086105F1700200F06FF803F000
:10B3D00091FAA96D05F17000486105F1740200F061
:10B3E00065F8DEF717FBA96D05F17400886105F1BA
:10B3F000780200F05BF8287003F084FCA96D05F179
:10B400007800C861E7F7F9F9FCF7A9FD3046DAF7EB
:10B41000A1FFFCF769FDE1F7A1FA0120E1F779F955
:10B42000E1F7CBFA20480178012904BF4FF400402E
:10B43000E8F783FE95F800003AA44FF48041DAF76C
:10B4400068FDA86C4FF0FF31DBF705FA0026A96D07
:10B45000F2B251F82230186818B9761CF1B20829F6
:10B46000F5D3F0B20828ECD2D8F7FAFEA96DF6B2FF
:10B4700051F826100F6800220A60D8F7FCFE54F835
:10B4800026203946002090470746D8F7E9FEA96DE7
:10B4900051F826100A683A430A60D8F7ECFED0E764
:10B4A000F0330020C0130020FD760020A96C686CEA
:10B4B000D8F757BCFF2208216846DDF7E9BD000038
:10B4C00052616E646F6D5F736565644175746F6D15
:10B4D000617469632829206661696C6564000000F5
:10B4E00041455343434D206F70656E206661696C22
:10B4F00065640000414553454342206F70656E20EE
:10B500006661696C6564000054524E47206F706537
:10B510006E206661696C656400000000FFFFFFFF3C
:10B52000FFFFFFFFB1C50000B90D02003552020058
:10B5300077E802006FAB00002BE90200BDA300001A
:10B5400099ED020080B5DCF7BAFDEBF7EDFFE1F70E
:10B550003FFCBDE8014006F0B1B920000FF25101F7
:10B560000FF259320FF2AD330160426083600FF287
:10B5700005410FF29D42C16002610FF2D9510FF2F5
:10B580003D52416182610FF241610FF2E142C161BE
:10B59000026200210FF2A1628162C162FFE7416293
:10B5A00002630FF289210FF2DD224163826370474B
:10B5B0002DE9F04FDFF8884A0646207860700328AE
:10B5C0008DB040F030810020207000216170082390
:10B5D000182207A8DDF715FB002107A8DFF85C5A41
:10B5E000DDF72AFB28642E212846D8F7CBFEFF2260
:10B5F0000A2105F10C00DDF74BFDFDF7E7FA3146B6
:10B600000020FDF7F5FAE863064605F13001FDF785
:10B61000D9FAA86B696BB1FBF0F2D3B2032BA8BFC8
:10B6200002222A70B0F5005F2A78E27003D1B1EBF4
:10B63000423F00D316B901202070F5E00021FF261B
:10B640006971EE70E8802E71AE7000274FF00C0823
:10B6500005E0EF7002E0FE2808BFAF707F1CE178C4
:10B66000F8B2884263D218FB00F0284400F11609B2
:10B6700004236A460021F8B200F079FC009889F8AA
:10B6800000000099090A89F801100098C0F385406C
:10B6900003281EBF0098000E96283ED10098000C8B
:10B6A00000F0030089F8030099F80000FF281CBF90
:10B6B000FE287E282ED001A800F0CEFA4FF4005AC2
:10B6C00053464FF088520021F8B200F050FC4FF082
:10B6D0008852AAF1040A1FFA8AF01044016811F195
:10B6E000010F03D11FFA8AF3042BF2D24FF0010BA2
:10B6F000012201F0FF03FF2B18BF9346521C090AD9
:10B70000D3B2042BF5DD0160019800F0BEFA5AFABD
:10B710008BF000E01020A9F8060099F800007C28C2
:10B7200018BF782895D0702895D12F7196E7E878C2
:10B730000027FF2818BF012717D12879FF2818BF35
:10B74000E8700FD1A878FF2812D0401C90FBF1F2CE
:10B7500001FB120188B205F11C0308FB00F2985AA4
:10B7600010B1E970022700E0AE70E878FF280CD134
:10B770000021E970284600F01DFC617808436070E4
:10B780007E220021284600F020FDA878FF2813D152
:10B79000E878E178401C90FBF1F201FB1200A87000
:10B7A0002846A97800F006FC617808436070FE2204
:10B7B000A978284600F009FDE87805F11C0118FB7E
:10B7C00000F86870012F31F80810E980A77002D0E6
:10B7D000022F22D027E0182925D3C91F002302AA4F
:10B7E00089B200F034FC9DF81300410715D5002004
:10B7F00001900322009202ABE888E978C21FBDF8ED
:10B800001600121A92B2284600F0F4FC58B9BDF89E
:10B81000142042B100F0E8F805E001206871002131
:10B82000284600F072FD607890E10000F8B5DFF87E
:10B830000C48606C18B1804708B90B20F2BD00F0CD
:10B8400063F80546002606E0204600F0B3FB797851
:10B8500008437870761CF878F1B28142F4D3401E28
:10B860007E78A0700021A08BE0806170E1707E2264
:10B8700000F07BFAA178FE2200F077FA00F0F2F8EF
:10B880003046F2BD7CB5DFF8B447E57804236A465C
:10B890000021284600F06BFB0098002600F0FF0016
:10B8A000FF281CBF7E287C2805D10C204543601949
:10B8B000868BC6F50056304676BD00002DE9F04176
:10B8C000DFF878470546606C18B1804708B90B204F
:10B8D00018E000F019F83E78804676B9B4F9060011
:10B8E000C0F5005000B2A84200DB2DB9002120466F
:10B8F00000F00BFD7E7800E00426206C4146DCF76A
:10B9000041F83046BDE8F081206CDFF83477DBF792
:10B91000F9BF0000F3B587B011461C0018BF00291D
:10B9200002D1042009B0F0BD00F063F8060006D192
:10B93000DFF80857686C20B1804710B90B263046F5
:10B94000F0E7286CDBF7DEFF074600F057F8C1B2DE
:10B9500009B90D2608E0C0B20A2804D1012300F07D
:10B960003FF8060000D00126286C3946DCF70AF8BB
:10B97000E5E70000F3B587B011461C0018BF0029A9
:10B9800002D1042009B0F0BD00F033F8070006D161
:10B99000DFF8A856686C20B1804710B90B27F8B2C1
:10B9A000F0E7286CDBF7AEFF064600F027F8074605
:10B9B000C0B268B9022300F013F807000BD1BDF83C
:10B9C000142042B100F010F8DFF87406477802E066
:10B9D0000A2818BF0127286C3146DBF7D3FFDEE7C2
:10B9E000224602A92846C2E19DF81810284600F018
:10B9F000B6BB032302AA89B207A850E103210020A5
:10BA000000910190EA88E97802AB284600F0F2BB89
:10BA100073B588B000F042F8060006D1DFF81C4686
:10BA2000606C28B1804718B90B26F0B20AB070BD1F
:10BA3000206CDBF767FF00F036F80646C0B270B93D
:10BA4000BDF814209DF81810204600F088FB00F087
:10BA50002BF80A2806BFDFF8E8054678012600F033
:10BA600001F8E2E7206C2946DBF78CBF73B588B09C
:10BA700000F014F808B100200EE0DFF8C045206C9B
:10BA8000DBF740FF00F00FF8002814BF0026BDF8D8
:10BA90001660FFF7E7FF30460AB070BD032302AA25
:10BAA000002108A8FBE00546032100200091019039
:10BAB000E288E17802AB204600F09CBB2DE9F34F11
:10BAC0008BB04FF6FF701A9E169C30809B46002C60
:10BAD0001CBF1FFA8BF000280DD0199D002D1CBF34
:10BAE000DDF85C805FEA080005D0DDF8609042F286
:10BAF0000101894501DB042028E0032306AA1FFA7F
:10BB00008BF10BA800F0CBF801001FD100F057F823
:10BB1000824602A912200295ADF80C80ADF80E9075
:10BB20000494ADF814B001910090FA88F97806AB4E
:10BB3000384600F05FFB0446C0B210B9BDF81C00E7
:10BB400030805146386CDBF71DFFE0B20DB0BDE828
:10BB5000F08F00002DE9F34387B01546109C1E4678
:10BB6000002C1ABFB0B20028042025D0032302AA5B
:10BB7000B1B207A800F093F801001DD100F01FF842
:10BB800080460321002000910190FA88F97802ABE9
:10BB9000384600F02FFB8146C0B238B900902346EA
:10BBA000B2B2A9B202A800F0A8FA8146386C4146A8
:10BBB000DBF7E8FE5FFA89F009B0BDE8F083DFF853
:10BBC000007A386CDBF79EBEF3B585B011461C00D9
:10BBD0001CBF88B2002802D1042007B0F0BD0323A7
:10BBE0006A4689B205A800F05AF8050006D1DFF8C8
:10BBF0004C64706C20B1804710B90B252846ECE7E7
:10BC0000306CDBF77FFE074600232246694630464C
:10BC100000F0ADF805000AD1BDF80C203AB19DF84E
:10BC20001010304600F09BFADFF814044578306CB1
:10BC30003946DBF7A7FEE1E710B50146002408000E
:10BC400008D0C91D89B2DFF8F40300F060F8FF28BE
:10BC500008BF0124204610BD70B5DFF86849DFF841
:10BC6000685921688A6806462846904700F0030014
:10BC700030600021226853682846984721688A6806
:10BC8000284690470028F9D170BD10B5DFF8342957
:10BC900013685C680146DFF83009A04710BD30B575
:10BCA000B1F5805F01DB052030BD0378402B01DB5F
:10BCB000092030BD448840F2FF339C4201DD07205B
:10BCC00030BD84889C4201DD082030BDDFF8703330
:10BCD0001C78032C01D1032030BDD181002191813A
:10BCE0000378448881881B0303F47C33C4F309047C
:10BCF0002343C1F3090545EA033515609180418866
:10BD0000D1809621007810729172002030BDF8B574
:10BD100004460F46E67804236A460021304600F0C8
:10BD200026F90098FF2500F0FF00782801D1FF20B8
:10BD3000F2BDFF2818BF7E2802D17C2200F014F843
:10BD400031460C2041436018E67042F20101828BBB
:10BD5000E280808B38188842B8BFE57802DB782211
:10BD600000F002F82846F2BD314620462DE22DE9CA
:10BD7000F84F0F468AB0FE89B14CF61D0546914634
:10BD80009846B1B2FFF7C3FFFF284FF0000A0DD16C
:10BD9000B1B2284600F0B9FAB6B2B0424FF0010A8B
:10BDA00004DA6078002800D10520D0E0607808BB74
:10BDB000B8F1000F05D0B8F1020F1BD1BAF1000F96
:10BDC00018D0387A8DF81C000021F888ADF81A00D8
:10BDD00005ABB888ADF81800019103200090EA88FF
:10BDE000E978284600F006FA9DF824003874BDF87A
:10BDF0002000B8810423E988ADF802100021EA7818
:10BE00008DF8002002AA9DF8000000F0B0F802981A
:10BE100000F0FF007E2805D19DF800107C22284606
:10BE200000F0D3F9029800F0FF007C2818BF012031
:10BE30007BD1F88900F1070ABDF802001FFA8AF1E8
:10BE4000081842F20102904280F28480FA88387A1F
:10BE5000120A02F0030242EA80028DF80C2003AEBF
:10BE6000F8887070BA889208B270FA89B888920916
:10BE700002F03F0242EA8012F270F88982003271C9
:10BE8000B7F80EB0BDF802009DF80020BDF80280A2
:10BE90005844ADF80400D0440C204243AF180C299C
:10BEA00023DC5A464946201DDAF7D8F8201D052222
:10BEB00003A95844DAF7D2F80BF10501002289B240
:10BEC000201D00F087FB00F047F80722201D03A982
:10BED0005844DAF7C3F8BDF802109DF800001FFAC5
:10BEE0008AF3221D00F049F820E000225946484616
:10BEF00000F070FB0246052103A800F06BFB00F088
:10BF00002BF85B46BDF802109DF800004A4600F091
:10BF100034F860700723BDF804109DF8000003AAF0
:10BF200000F02BF80146607808430FD1E9885144AE
:10BF3000E980A7F81C806070607830B1BDF80420FB
:10BF40009DF80010284600F00AF9607860700BB088
:10BF5000BDE8F08F0520F9E7327942EA90128100BE
:10BF6000327141F0020171719620B071704701EB9E
:10BF700040313248C06BFCF761BE2DE9F8432F4FCA
:10BF80000446786C0D4690469946002618B18047C5
:10BF900008B90B260BE0042000904B46F86B424694
:10BFA00005EB4431FCF751FE002848BF012630461E
:10BFB000BDE8F2832DE9FC41204F0646786C8846A7
:10BFC000002418B1804708B90B2434E04546BA6B09
:10BFD000F86B6903FCF7F1FD002848BF01242AD45F
:10BFE0000C2010FB05F57619F07DFE28B4BF401C2F
:10BFF0000120F075FF2700970423F07DDFF8CC15B2
:10C0000041EA002100916A4600214046FFF7B5FF52
:10C01000010002D10321B77571760023084A5070E0
:10C0200000F010F8012300F00DF8022300F00AF8E8
:10C030001020B08337762046BDE8F681686C00207A
:10C04000681400204FF0FF32FF214046A8E07CB585
:10C0500005460E4614463BB14FF088510722314445
:10C060006846D9F7FBFF03E007236A46FFF77FFF27
:10C07000A68125749DF80000800820729DF800209C
:10C080009DF80100217A120202F440720243E2801C
:10C0900009039DF803209DF80200930943EA8003F9
:10C0A000A38092019DF8043002F47C6242EA93027C
:10C0B000E28101F47C319DF80500800840EA83109C
:10C0C00060729DF8050000F00300E0729DF8060024
:10C0D000A072E088C0F309000143A088C0F3090002
:10C0E00040EA01302060A17AE07A962914BF40F03E
:10C0F000010040F00400E07273BD2DE9FC470746E3
:10C100000E460A9CF989BD890094924699466D1A9B
:10C110003B7C7A7AA8B200F063FA8046E0B97119E4
:10C1200052468BB2B8899E18B0420EDB48462CB1FD
:10C130004FF088511944D9F791FF0DE0134602469C
:10C14000387C89B2FFF713FF06E0F889904234BFCC
:10C150004FF005084FF006084046BDE8F68770B579
:10C1600005460C46561DB1B2204600F018FA00F004
:10C17000FD02B1B2204600F01AFA20460C214843D5
:10C180000544687E58B10221204600F008FA00F00C
:10C19000FC020221204600F00AFA0020687670BDF9
:10C1A0007CB50FF2B0452E68009692B28DF8021061
:10C1B000ADF800201C46641CA40404236A46210C2C
:10C1C000FFF7DBFE0A4A507073BD70B504460D469A
:10C1D00016460021284600F0EAF9054A507830B9A1
:10C1E0007C2E08BFE5700C2045436019867570BD34
:10C1F000681400202DE9F84F86B01F7ADE889DF97B
:10C2000040A0119C3F0307F47C37C6F3090637436F
:10C210009E88C6F3090646EA0739002580461F4670
:10C220008B462BE09DF80C20904204BFBDF80A001D
:10C23000814242D1002C5AD00AF0F000102856D189
:10C2400000200090A368A289002101A8FFF755FFF4
:10C2500038B9A068E388A28821681844E7F7F4F9A0
:10C2600070B300259DF80F00410739D400214046E6
:10C2700000F04BF898F803B0B8F8062090B21728F1
:10C280003FD3D61F002301AAB1B25846FFF7DFFE05
:10C290009DF80F0000F003000228E3D10AF00F021E
:10C2A000387AF988032A19D8DFE802F00313020468
:10C2B000B8E7BFE701988145BCD02800D2D0B9E7E4
:10C2C000142201A93846D9F7D9FE002007B0BDE8ED
:10C2D000F08F9DF80C108842EFD1ABE70420F5E712
:10C2E000BDF81220B1B28A4205D2B21AC6E738466A
:10C2F000142201A9E7E7B2B259464046FFF72FFFE3
:10C30000B4E70020B8810A20E0E72DE9F04F0546A8
:10C31000AB48406C95B08A4610B18047002813D0D6
:10C3200068788DF804000120E873042395F802B0C2
:10C330009DF8040003AA0021FFF719FE0398C0F33B
:10C34000014018B16879002800F0BF809DF8040012
:10C35000F822062100F02BF99DF804704FF00C092B
:10C3600019FB07F705F11801F820C855039A02F0E8
:10C37000FF02702A04D09DF80410702200F00DF91D
:10C38000042303AA00215846FFF7F1FD039800F0AB
:10C39000FF00FE2802D0FE2200F0FEF8FE22062159
:10C3A000584600F004F9594619FB01F10791FE20A7
:10C3B0000799294406910699087605F11C00C25B8D
:10C3C000834F6A820020787005F11C0095F8018087
:10C3D000AA78414619FB01F119FB02F9465ACDF83A
:10C3E00014908DF80520059930F8019004A8FFF706
:10C3F00033FC14E04FF08850C9F100010844A1B2A9
:10C400004942084400F50052BDF80810A3B2404666
:10C41000FFF7ADFDA1441FFA89F9BDF80660B1B27E
:10C420007878172953DB00284CD1F61F002308AA7F
:10C43000B1B24046FFF70BFEBDF82E00C41DB1B2ED
:10C4400000F1100291421DD39DF82A10962919D1AE
:10C45000311AADF806109DF82B1001F003010229E6
:10C46000DBD1BDF80610ADF808100022009201469D
:10C470009DF82920BDF80800434600F0B1F80028D7
:10C48000B8D0761EB6B2172E1CDBA6F120001728F6
:10C49000ACBF2024A6F11604361BB6B2A3B20DAA77
:10C4A00031464046FFF763FD00E0641EA0B200285D
:10C4B000E9D00DA8A1B2084410F8012C962AF4D1B5
:10C4C000A619ACE70498FFF7E0FB002061E0002824
:10C4D000F8D1C9F500514FF0885089B2A9F1100385
:10C4E00042189DF805009BB21021FFF746FD7978B0
:10C4F000084378700498FFF7C8FB059905F11C0004
:10C50000012320F80190AE82A5F81090B5F9122011
:10C51000697B9DF80500FFF743FEB5F91420A97B60
:10C520009DF805000223FFF73BFE5FEA0A0008BF03
:10C530004FF0100A288AC0F500505045ACBF7C224D
:10C54000782200F029F89DF804102846FFF732FD04
:10C550007870FC220621584600F029F80699FC2044
:10C5600008769DF80400A87085F801B085F803B03E
:10C5700005F11C000799425AEA80FE229DF804103A
:10C5800000F00BF800206871B5F90600C0F5005006
:10C5900000B215B0BDE8F08F5946284615E680B5C3
:10C5A00001236A46FFF7E3FC9DF8000002BD04B5D5
:10C5B00001236A46FFF7E1FC054B587001BD0000FE
:10C5C000686C0020D801001000400340FF000F9667
:10C5D0006814002013460A460146184605F070B953
:10C5E0002DE9F84789B00546129F88009046994684
:10C5F0008DF800000C1D4FF0000A1CE0334601AA24
:10C60000A9B24846FFF7B3FC0DE0A6B2202EC8BF82
:10C6100020263800F2D04FF08851ABB23246194490
:10C6200001A8D9F71BFD324601A9504605F048F98B
:10C630008246A41B7519A0B20028E6D152460121FA
:10C640006846FFF7C7FF40450CBF002002200AB034
:10C65000BDE8F087FFFFFF96DFF8DC050021C18110
:10C66000DFF8D81591F83120027491F82410417444
:10C67000817C11F0DF018174817C11F0E00151F0C7
:10C6800001018174817C11F03F0181740021C1742A
:10C69000DFF8AC150978017500214175704780B548
:10C6A000FFF7DAFF01BD80B5FAF794FB002803D14C
:10C6B0001C20EDF764FC28E0DFF87C150022CA811D
:10C6C000DFF8782592F831300B7492F824204A7400
:10C6D0008A7C52F020028A748A7C12F0E00252F0C6
:10C6E00002028A748A7C12F03F028A740022CA74A1
:10C6F000DFF84C2512780A7500224A75DFF84C25C0
:10C70000127800FB02F08000C86101BD80B5FFF720
:10C71000CAFF01BD2DE9F84306000F0014001D00FB
:10C72000DFF83085012088F800000020DFF82815A8
:10C7300008700020DFF824150870DFF82495D9F878
:10C740000000002801D1ECF7B6F8DFF818C5DCF8D6
:10C75000000000280AD022002B00DFF80C054188D9
:10C76000D9F800000C30DCF800C0E04714F00000FD
:10C7700015F0E241002901D100281BD0DFF8EC04BC
:10C780000178491E0170DFF8E0044068002804D0F9
:10C79000DFF8DC04C189491CC181D9F80000406878
:10C7A0000078800603D5E920EDF7E9FBC7E0EDF757
:10C7B00036FBC4E0200740F1B080DFF8B0442078B9
:10C7C000401E2070DFF87054688842F201418842B0
:10C7D00004D0688842F2054188423DD1DFF88804E0
:10C7E0004068002804D0DFF88804C189491CC18151
:10C7F0003900300009B2DFF84C2412684832126860
:10C800009047002828D0008842F60141884223D072
:10C81000DFF85C044189491C4181688842F2054186
:10C82000884203D11C20EDF7AAFB02E0E120EDF7DE
:10C83000A6FB94F90000002804D100210020EDF7A8
:10C8400042FD05E094F90000012801DAECF733F825
:10C85000002088F8000086E0DFF80C044188B1F57C
:10C86000105F16D14069DFF80C140860EDF7B6FAD6
:10C87000DFF804040078002861D0DFF800040168C4
:10C8800011F1010F02D00168491C016000210181F2
:10C8900055E0418842F60602914232D140680028B4
:10C8A00004D0DFF8CC03C189491CC181DFF8C8037B
:10C8B0000078002843D0DFF8C8030078022805D1AB
:10C8C000DFF8AC03C188491CC18004E0DFF8A00395
:10C8D0008188491C8180DFF8A403416811F1010FB0
:10C8E00002D04168491C41600189491C018141898C
:10C8F0000289914201D201894181E920EDF73FFB94
:10C900001DE04068002804D0DFF86403C189491C99
:10C91000C1811D20EDF733FB11E0DFF84C034068C7
:10C92000002804D0DFF84803C189491CC181DFF821
:10C930003C030178491E01701D20EDF720FBDFF854
:10C940002C1391F90000002804D100210020EDF7FC
:10C95000BAFC05E091F90000012801DAEBF7ABFF22
:10C96000002088F80000BDE8F18380B509B2FFF728
:10C97000D1FE01BD2DE9F0478AB08146DFF8C472CF
:10C9800002A83968643109688847DFF8D442206812
:10C99000002801D1EBF78FFF0120DFF8C0120870EB
:10C9A000DFF8B0020078002803D100210120EDF764
:10C9B0008AFC2068B0F808A0206846683178C9B2BF
:10C9C000490911F00101504680B2DCF7F6FE0790EC
:10C9D000DFF890522869002803D020680C302969BC
:10C9E0008847A868002802D0A86880470890DFF828
:10C9F00088020078002835D0286A00282DD0286ABF
:10CA0000804700280CD0DFF87C0201788DF82410D4
:10CA10000178DFF86C22117040788DF825000BE06A
:10CA2000DFF8600281788DF824108178DFF85022D9
:10CA30001170C0788DF82500DFF8440200780228D4
:10CA400005D1DFF82C024188491C41800AE0DFF85B
:10CA500020020188491C018004E0DFF814020188EB
:10CA6000491C0180ECF71DF8DFF8FC8188F80FA065
:10CA7000DFF814020078002811D02068007D00281B
:10CA80000DD01FFA8AFA5046ECF73AFFECF700FF98
:10CA9000C0B2002803D1E120EDF771FA96E0C8F8A2
:10CAA00010600020A8F80200D9F72DFC0600002035
:10CAB000A8F80200002005904846C0B2012804D121
:10CAC000DFF8C801DFF87011C8614846C0B201281C
:10CAD00004D05FFA89F9B9F1000F40D1DFF85801AD
:10CAE00000214180C0F80480417B11F0F00151F039
:10CAF00002014173017B11F0F0010173C17D11F05E
:10CB0000F00151F00401C1750021C8F8041098F833
:10CB10000D1011F0F00151F0010188F80D1021689D
:10CB20004968097889060FD5DFF86411C8F8041040
:10CB30002268526892788A7398F80D1011F0F0010B
:10CB400051F0020188F80D10DFF848C1CCF804005C
:10CB50009CF80D0010F0F0008CF80D0000E0C446C9
:10CB6000DFF8349108200021CDE90001DFF82C31F5
:10CB700002AA6146DFF8280100683F6850373F6825
:10CB8000B847A9F80000B9F90000002812D52868B4
:10CB9000002806D000220023002120680C302C68D9
:10CBA000A04741F288310120DCF78DFE3000D9F733
:10CBB000D1FB0BE0DFF8B4000178491C0170DFF80D
:10CBC000E400C0F800803000D9F7C4FB0AB0BDE82B
:10CBD000F08780B5C0B2FFF7CDFE01BD70471A489F
:10CBE00002683148006831490978411817480078CF
:10CBF000800000FB01211C488160017B11F0F001E5
:10CC000051F002010173704780B50220FFF7E1FF88
:10CC100001BD15490D4802780D480078424324486B
:10CC20000078424390008860087B10F0F00050F0DC
:10CC30000300087370470000D8620020906700204E
:10CC40003A77002030760020547600203477002098
:10CC50001C7700201B7700202577002024770020F8
:10CC6000D4750020F41C00005063002027770020BA
:10CC7000F4720020287600202A7700209C7400207F
:10CC800021770020EC74002048770020801A0600ED
:10CC9000F86200204C070020E27600206BC90200F9
:10CCA0001C760020207600207C1B0020E11C002048
:10CCB0003B77002080B50620FFF78BFF01BD0120E8
:10CCC00070471E0270B588B0514C206800281CD0F7
:10CCD00000250FE0C9B2CA000300D3406A460E0027
:10CCE000F6B256FA85F69355491C0A00D2B2042AC8
:10CCF000F0DB2D1D2800C0B2202803DADCF7A0F9F4
:10CD00000021F2E76846216888474248018B51F0CC
:10CD10000401018308B070BD80B5DCF791F9C0B2A1
:10CD200002BD3D490968401A3C4909788900B0FBB9
:10CD3000F1F201FB120080B2704737490968401ACE
:10CD4000364909788900B0FBF1F0704710B53449D5
:10CD50000978002903D001203249087025E02F49C5
:10CD60002D4A12680B789C0004FB00242E4A097897
:10CD70008900B2FBF1F1814201D2EBF79CFD2B4817
:10CD800000683C3000688047211AB1F548710029DD
:10CD900007D5021B26498A18002A02D5040014F57B
:10CDA000487421002348DCF70AFC10BD38B50400A4
:10CDB0001B480078002803D001201A49087025E09C
:10CDC000164D194829788900B0FBF1F0A04201D234
:10CDD000EBF771FD104801682878800000FB04140F
:10CDE000124800683C3000688047211AB1F548714C
:10CDF000002907D5021B0E498A18002A02D5040013
:10CE000014F5487421000C48DCF7D9FB31BD000053
:10CE10000076002010630020547600203477002034
:10CE2000E21C002035770020FFF6C2FF307600209C
:10CE300000F7C2FF09970000E996000070B50400F2
:10CE400000250026002C01D1EBF735FDA0898005D7
:10CE50004FD561684878C0B2C009C0B2002848D137
:10CE6000216600200878C0B2C0094A78520012F04A
:10CE7000FE0252FA80F07E281AD00878C0B2C009AB
:10CE80004A78520012F0FE0252FA80F07F2815D044
:10CE9000087810F07F000200D2B2921C9619C0B23E
:10CEA0000844811C3000228980B29042D9D30AE024
:10CEB000012084F85C00B61C012504E0002084F801
:10CEC0005C00B61C0125EDB2002D0FD02089310089
:10CED00089B288420AD3A4F864606068310089B2DC
:10CEE000084460602089861B268102E00020A4F8A7
:10CEF000640070BD10B504000020002C01D1EBF7D8
:10CF0000DAFC626800215078C0B2C009C0B20028C3
:10CF100028D0A26400205078C0F3C3000F280DD0A1
:10CF200010780300DBB29B1C5918C0B21044821C5D
:10CF30000800238980B29842ECD300E0891C208944
:10CF40000A0092B2904203D20020A4F84C0009E0FB
:10CF5000A4F84C1060680A0092B210446060208906
:10CF6000411A218110BD05011148007800281BD10C
:10CF700010480078002817D10F480078002813D1F6
:10CF80000E48007800280FD10D48007800280BD1FA
:10CF90000C480078002807D10B480078002803D1FE
:10CFA0000A480078002801D0002000E001207047E6
:10CFB0002C7700202E77002037770020387700204C
:10CFC0002B7700202377002024770020257700206E
:10CFD00095490A681040C2430A607047934A116835
:10CFE0000029FCD10023D3611060D0690028FCD057
:10CFF000D161506870478E48016821F0020141F408
:10D000000871016003218B48016041F23002C26067
:10D01000012343605021C16043604FF4CA61C16085
:10D0200043604FF48651C160436083490B60704791
:10D03000704770B40446002000E0401C98420BDAB0
:10D04000256815F1010F07D054F8046B16408E4285
:10D05000F3D170BCC0B2704770BCFF2070470000B5
:10D060001E281DD8DFE800F0101C131C1619161C12
:10D070001C1C191C161C1C191C1C1C1C1C1C1C1CFC
:10D080001C1C1C1C1C1C190040F2025209E04FF42D
:10D09000817206E04FF2011203E041F2011200E05A
:10D0A0000022FF2909D14FF6FF30024042F0C002B2
:10D0B00040F2037040EA02407047080008BF42F0A7
:10D0C000300205D0C8074CBF42F0100242F02002E7
:10D0D00040F2037040EA0240704700207047574911
:10D0E0000A681040C2430A607047028840F6020393
:10D0F0009A4218BFB2F5C15F04D043F607039A42C3
:10D1000002D004E0C07B03E090F8240000E000209F
:10D110004B4AD2F888320B6010F07F0FD2F808C06B
:10D12000C1F80CC00BD113684B605FEA006C54BFB0
:10D13000D268126908748A60002048747047536886
:10D140004B6002281ED0042828D0052832D006289B
:10D1500036D00A2840D00C2844D00F284ED01E28A4
:10D1600052D0822814D084281ED0852822D0862828
:10D170002CD08A2830D08C283AD08F283ED09E28B8
:10D1800042D047E0526908748A60002048747047B2
:10D19000926908748A60002048747047126A0874A3
:10D1A0008A60002048747047D26908748A60002041
:10D1B00048747047526A08748A6000204874704747
:10D1C000D26A08748A60002048747047926A0874B2
:10D1D0008A60002048747047126B08748A600020CF
:10D1E00048747047926B08748A60002048747047D6
:10D1F000526B08748A60002048747047D26B0874C0
:10D200008A60002048747047126C08748A6000209D
:10D2100048747047FF200874002048747047014626
:10D2200014220848D8F71ABF101004400010044018
:10D2300000000460546004400041044008100440B1
:10D24000C41000508002002138B504000D000720F2
:10D250002070687DA070E87DE070287E207111222A
:10D26000291D601DD6F7F0FFA078002802D181208B
:10D27000A07501E00020A075E86AA06131BD7CB511
:10D280000400C34D00206870607D062801DBE820A3
:10D290006870A07D0F2802DB607D032801D101208A
:10D2A00000E00020C0B2002801D1E8206870607D55
:10D2B000032804D1B748007A10F0010000E00120F3
:10D2C000C0B2002801D1E820687094F82800002836
:10D2D00001D0E820687021002800FFF7B5FF112277
:10D2E000211D15F12C00D6F7AFFF94F82800002877
:10D2F00006D094F8290085F84800608DE88704E09E
:10D30000002085F84800A07DE887607E85F8400011
:10D31000A07E85F84100E07E85F84200207F85F8F8
:10D320004300822085F844009B4E96F8430085F820
:10D33000450096F8520085F8460096F8530085F8A7
:10D34000470096486862042085F828000B2214F1F3
:10D350001D0115F14900D6F777FF687800282BD119
:10D360006078002828D1207E8DF80000A878002859
:10D3700001D0EA20687014F11701E720EDF71EF8DC
:10D3800095F84800002804D0207EDFF7B1F88DF82A
:10D3900000009DF8000096F85310884203D06946BB
:10D3A000E820EDF70BF8A878F1F71FFF2720207091
:10D3B0000420EBF7F9FA01E02A2020702000F1F7B1
:10D3C0001AFC73BD70B5724A92F84410082301200C
:10D3D00092F84440082594FBF5F4144492F8445024
:10D3E000082695FBF6F515446D7991FBF3F603FBE2
:10D3F000161110FA01F135EA0101617191780329E2
:10D4000006D1654890F835104FF47070414319E02B
:10D4100092F84810012906D1D18F10FA01F14FF48A
:10D42000707041430EE092F84810022903D1D18F69
:10D430003C20414306E0D18F10FA01F1491C4FF422
:10D440007070414312F11C00FAF788FC70BD2DE9A1
:10D45000F8418FB005004E4EB078022805D0B07864
:10D46000012802D0B07805285CD196F84800002841
:10D470005FD100207070182100226C462000D6F782
:10D480004DFF06A8019029006846DEF7CEFCB07D6E
:10D4900096F84010884227D20124B76996F8168082
:10D4A00002E0B8F1010824374046C0B200280BD092
:10D4B0007889BDF822108842F3D106A93800E5F733
:10D4C000ADFB0028EDD00024E4B2002C0CD02422C7
:10D4D00006A9B369B47D2420444303EB0400D6F7C6
:10D4E000B3FEB07D401CB0752B488078002807D073
:10D4F0009DF81000002803D196F84000002802D1C2
:10D500006846FAF7D9F896F84000002811D0B07DA7
:10D5100096F8401088420CD12A2028702800F1F794
:10D520006AFB06E0E82070702A2028702800F1F7D6
:10D5300062FB10B0BDE8F08110B5154C14F11C0071
:10D54000FAF727FCF1F788FE0420EBF75BFAA078E6
:10D55000032802D16078002815D014F14501E1209C
:10D56000ECF72CFF14F14601E720ECF727FF94F8C5
:10D570004700094991F85310884204D014F147013B
:10D58000E820ECF71BFF2000FAF796F810BD00002A
:10D59000206B0020907400209067002015EB0100A4
:10D5A00000B587B001006846FFF74EFEFC208DF8FD
:10D5B00001006846FAF780F807B000BDC9B200293B
:10D5C00042D1B0F8401002890B32914201DA0020BA
:10D5D0004FE04168491E416089498A8F92B2120A20
:10D5E00043681A704268521E42608A8F43681A70FC
:10D5F0004268521E4260002243681A7091F83E2031
:10D6000043681A700F2243685B1E436091F83A30FA
:10D6100052EA031243681A704268521E42604A7B03
:10D6200091F82C1052EA011241680A704168491EB3
:10D6300041602121426811704168491E4160052105
:10D6400040680170072014E0B0F840100289921D74
:10D65000914201DA00200CE04168491E416021211D
:10D66000426811704168491E4160002140680170A4
:10D67000022070472DE9F04705005FF00008002DFB
:10D6800001D15FF0E8080E00002E01D15FF0E8083C
:10D690004046C0B2002802D04046C0B2ADE0D2B28F
:10D6A000002A0ED06868401E6860F820696808701B
:10D6B0006868401E68600020696808702889801CBE
:10D6C00028815FF000091F0046E04846C0B206EB23
:10D6D000C0002100C9B20844007921280AD13900CC
:10D6E000C9B22800FFF76AFF010089B2002949D0BA
:10D6F00010EB0A0A641C2000C0B2042809DA48466C
:10D70000C0B206EBC0002100C9B208440079FF286E
:10D71000DBD16868401E6860504680B2000A10F095
:10D72000030050F08800696808706868401E6860EF
:10D73000686880F800A028891AF1020A1AEB000A2A
:10D74000A5F808A006E06868614208446860288976
:10D7500024182C8119F101094846C0B2022848DA80
:10D760004846C0B216F8300010F00F000F2840D025
:10D770004846C0B216F83000012806D15FF0000A12
:10D780000024B8E71A20C0B237E04846C0B216F805
:10D7900030000428DED10020DFF868A09AF80000ED
:10D7A0000028D7D04846C0B206EBC0004068DAF87F
:10D7B000181088470400002C18D0B5F840002989BB
:10D7C0006118891C884211DB6868614208440023A3
:10D7D0002A004946C9B206EBC1014968DAF81CC003
:10D7E000E0470028AFD11A20C0B206E01A20C0B22C
:10D7F00003E06868E8644046C0B2BDE8F087000016
:10D8000090670020EC69002010B40200884800787E
:10D8100000230AE01900C9B202EBC101097F11F02F
:10D820000D01012900D1401E5B1C1900147CC9B2F6
:10D83000A14203D20100C9B20029EBD1C0B210BC91
:10D84000704710B402007B48007800230CE01900F8
:10D85000C9B202EBC101097F0C0604D511F00D011C
:10D86000012900D1401E5B1C1900147CC9B2A142E1
:10D8700003D20100C9B20029E9D1C0B210BC70477F
:10D880002DE9F04105002800C0B2C600183656FA4E
:10D8900081F000B2D6F7E2FC04002700002C0BD088
:10D8A000310089B20022A0464046D6F737FD3D74CC
:10D8B000B6B204EB0600F8603800BDE8F08110B5A0
:10D8C000040000F014F859490978C0B2884203D323
:10D8D0005948006800F015F858480178217101781E
:10D8E000491C0170200000F02EF8207910BD0020A6
:10D8F0005149096801E0401C09680029FBD1C0B208
:10D90000704710B50400002C1CD04B4A106800284A
:10D9100018D01068002101E001000068002801D043
:10D92000A042F9D1A0420DD11068844202D12068F2
:10D93000106001E0206808602000F8F73AF8200045
:10D94000D6F78DFC10BD3C4B196800E00968002932
:10D9500002D00A68002AF9D100220260002901D011
:10D96000086000E01860704710B401003248006899
:10D9700000E00068002811D0002200E0521C1300D3
:10D98000047CDBB2A342F4D21300DBB200EBC3038E
:10D99000DB7E0C00E4B2A342F0D100E0002010BC1A
:10D9A000704730B4002300E05B1C1C00057CE4B22F
:10D9B000AC4218D21C00E4B200EBC404E47E0D00BB
:10D9C000EDB2AC42F0D11900C9B200EBC101097F40
:10D9D0000A431900C9B200EBC1010A77DBB200EBC0
:10D9E000C300163000E0002030BC704738B504009A
:10D9F0000D002000C0B2FFF7B7FF002815D00021AE
:10DA00000EE00A00D2B200EBC202D27E2300DBB2EB
:10DA10009A4204D10A00D2B200EBC202D576491C68
:10DA20000A00037CD2B29A42EBD331BDE61C00203F
:10DA3000E71C0020E81C00208476002046770020A8
:10DA400080B50B00416900290AD04069417811F086
:10DA5000030F05D1DBB28288017B8078F5F7C2FD28
:10DA600001BD80B5037AC2880179C078F5F7BAFDA7
:10DA700001BD2DE9F24F804691469B4698F814006F
:10DA80003830C0B280B2D6F783F90400002C4BD0F6
:10DA90000D9DDDF830A00B9E0A9F012020701C22F6
:10DAA000414614F11C00D6F7CFFB0A220099A01CB6
:10DAB000D6F7CAFBA4F80C909BF8000020749BF8E2
:10DAC0000200A0749BF801006074E6740020E0621C
:10DAD000C4F814A02776B8F80A00E081657698F8B3
:10DAE0001400002809D014F13800E06298F81420DE
:10DAF000D8F81010E06AD6F7A7FB607F10F0030F8C
:10DB00000CD0DFF874110868002803D020000968E1
:10DB1000884709E02000D6F74FF905E02100DFF83B
:10DB20005C010078D6F757F9BDE8F18F38B50500EC
:10DB30002020D6F72DF90400002C1AD004202070E4
:10DB400028886080A8782071E87860711022696860
:10DB5000A01DD6F779FBE96814F11600FBF720FF4A
:10DB6000287CA077687CE077210045480078D6F7CC
:10DB700032F931BD10B504000620D6F709F90028A6
:10DB80000AD00821017021884180A178017101002B
:10DB90003B480078D6F71FF910BD10B586B00400D9
:10DBA0002088E6F702FE002803D1F2F7F1FE0028F4
:10DBB00000D05EE0A07800282BD1207A042828D15C
:10DBC00001AA69462F480068F2F760FD04009DF83D
:10DBD000000000284DD09DF81400012849D10220F2
:10DBE0008DF814009DF81700000603D50DF11700FD
:10DBF000F2F777FC01AB1422210089B20420D8F798
:10DC0000CDFA0020DCF739F801210120DCF7BAF861
:10DC10002FE0A07800282CD0207A042829D101AA4E
:10DC2000694618480068F2F731FD01009DF80000D0
:10DC300000281ED09DF8140001281AD1002002905F
:10DC4000002001909DF81700000603D500208DF8F4
:10DC5000140005E001208DF81500FF208DF8140058
:10DC600001AB142289B20420D8F798FA0220DCF71D
:10DC700068FB06B010BD0000AC75002008770020DE
:10DC800066170020907500202DE9F04706000F0070
:10DC90005FF000085FF00009D8F735FB82460024EA
:10DCA000DFF898100868002805D15046D8F752FBD5
:10DCB0004046C0B23FE00D680AE02C00607E50F0A4
:10DCC00010006076207E50F08000207655F80C5CC5
:10DCD000002D1AD0687E0006F8D56A68390089B22E
:10DCE0003000DDF783FE0028F0D0002CE5D0484658
:10DCF000C0B20028EAD10120207D012805D160684A
:10DD0000007850F01000616808705046D8F722FB88
:10DD1000002C0ED0DFF828100878002805D04869BC
:10DD2000002802D04869804701E0F9F76EF95FF0FA
:10DD300001084046C0B2BDE8F0870000F87300203B
:10DD4000EC69002080B508490A6853699847074A7A
:10DD50000021116002BD38B5034B1C68A569A847B6
:10DD6000024A0021116032BDA80100108404604203
:10DD700010F0004C68B148BF4042B0FA80F18840D2
:10DD8000D1F19D014CEAC15C010671F100414CEBFF
:10DD90001020704710B400228A700022CA70027FDF
:10DDA0000A75826A00234B7300238B80838D4B831B
:10DDB000C3894B8113780B70531C0C7814F0030447
:10DDC0002200D2B2032A04DB002048730020087529
:10DDD00081E02200D2B2002A02D0E4B2022C3FD16C
:10DDE0000A7812F00C021400E4B20C2C05D00C7866
:10DDF000E40602D41C788C705B1C1400E4B2082C7E
:10DE000002D101240C7301E000240C73D2B20C2A5D
:10DE100007D11A785C78240254FA82F28A809B1C1B
:10DE20000AE0427912F00302012A05D10A7852F081
:10DE30000C020A7042898A800A78D20610D41A78B5
:10DE40005C78240254FA82F2CA809A1C13785478BF
:10DE5000240254FA83F30B81921C1378CB70531C69
:10DE60001A784A755B1C0A78120620D51A784A700F
:10DE70005B1C4A7812F0FC0F04D14A7812F00302BE
:10DE8000032A04D1002048730020087523E04A7853
:10DE900012F0030F0DD01A78CA755B1C0A7812F0C5
:10DEA0000302022A05D11A780A765B1C01E00022DF
:10DEB0004A700B610C7D826A9B1AE31A0B75037F13
:10DEC0000A7D9B1A4B73007F0A7D904203D200208B
:10DED00048730020087510BC7047F8B586B005007F
:10DEE0000C00267816F00C062078000601D556F0B6
:10DEF000800656F00206207810F00300012801D1B8
:10DF000056F010062078800601D556F020060C2128
:10DF100000226F463800D6F701FA8DF8026060786B
:10DF20008DF80300ADF8005001208DF8050068461B
:10DF3000F2F74EFA9DF81400002820D10120039931
:10DF40004876A078039981F83A00E078039981F83F
:10DF50003B00E0880399C88720890399A1F8400015
:10DF6000607D039981F84900207E039981F84C0077
:10DF7000E07D039981F84B006846F2F776FA07B026
:10DF8000F0BD10B40022437B042B26D1037C002B70
:10DF900023D14369002B20D04069037813F0030399
:10DFA000DBB2002B19D1437B4C68647DA34214D1B2
:10DFB00043890C88A34210D183884C68E488A3422B
:10DFC0000BD180784B689B78984205D048680078E0
:10DFD00010F00C00042800D101221000C0B210BCC7
:10DFE00070471CB50B00597811F0030F0AD00E4C86
:10DFF0002168002916D00022010089B21800236888
:10E0000098470FE0ADF80000019369460748FCF718
:10E0100082F9002806D00621417300210068407B68
:10E02000F3F789F813BD0000A875002083DF020014
:10E0300070B5D8F768F918490546087860B9012223
:10E0400016480A7004783CB1154E304656F80C1B41
:10E050008A689047641EF8D12846BDE87040D8F71A
:10E0600079B9000030B50C4C237881B000227BB127
:10E070000A4C2578A8420BD209B900BF15A100EBC4
:10E0800040029200064B98189B58DA689047024667
:10E09000104601B030BD00001177002066CF0200AD
:10E0A0007C150000F0B400BF0AA191E8FC0080E8F4
:10E0B000FC00F0BC704702681369184710B503688C
:10E0C0009C69A04710BD0168CA69104701680A6AC7
:10E0D000104700000100000040420F000100000056
:10E0E00000000000000000000000000030B583B018
:10E0F0000C001500012003F007FC0090019402952C
:10E1000069460520ABBE281A03B030BD18B583B0F0
:10E110000300140000930191029469460520ABBEF0
:10E1200001221900201AAFF3008004B010BDFF01D6
:10E1300070B400BF06A191E87C0080E87C0070BC50
:10E140007047024A02EBC000EAF79ABAF0150000E5
:10E15000020000000000000000000000FFFFFFFFC1
:10E1600000000000DFF8641708700FF2B100DFF85C
:10E17000601708600FF2C130DFF8581708600FF21F
:10E18000E960DFF8541708607047002810D0DFF806
:10E190004C371A68002A01D1186006E01B6800E0BD
:10E1A000DB68DA68002AFBD1D8600022C260817186
:10E1B000704730B40300DFF82407006800E0C0684F
:10E1C00000280FD0C4791D00EDB2AC42F7D184888D
:10E1D0000D00ADB2AC42F2D184791500EDB2AC4283
:10E1E000EDD100E0002030BC704710B5DFF8EC1630
:10E1F0000C680A68904205D10A68D2680A600C6807
:10E2000007E0E468002C04D0E1688142F9D1C168DC
:10E21000E160D6F724F8200010BD00007CB50500B1
:10E22000287A002807D0287A012804D02888E6F721
:10E23000BCFA002801D002208FE0287A032808D1F8
:10E240000DF102012800F1F735FB002804D102206E
:10E2500083E02888ADF80200688A4430D5F7FEFFD5
:10E260000400002C78D04421002226003000D6F78C
:10E2700055F86946A87AF5F725FC9DF8000084F862
:10E280003A009DF8010084F8390001212000FFF7D1
:10E290007CFF2422290014F11000D5F7D5FF14F1DA
:10E2A00044002064688AA0876A8A6969206CD5F76F
:10E2B000CBFFBDF80200A080DFF824060178E171F1
:10E2C0000178491C0170E3F785FB0600E3F77FFB4B
:10E2D00046434FF47A70B6FBF0F02080FF2194F9AA
:10E2E0003900814084F8371094F8370084F83600FC
:10E2F00000208DF80400287EC00703D501208DF88A
:10E30000050002E000208DF80500287A8DF806004F
:10E3100001A8F5F785FB801E84F83400A08F94F8DF
:10E32000341090FBF1F02072A08F94F8341090FB21
:10E33000F1F201FB1200002802D0207A401C20726A
:10E34000208D50F0080020850121DFF8800500783D
:10E35000D5F7BCFD002000E0102076BD38B50400E4
:10E36000E3F738FB0500E3F732FB45434FF47A70DF
:10E37000B5FBF0F0208094F83800DFF868150978D4
:10E38000884280F0838094F83600FF2808D194F802
:10E390003800401C84F8380094F8370084F83600C0
:10E3A00094F83510002000E0401C020094F8393049
:10E3B000D2B29A420FD294F8362092F0FF02024174
:10E3C000D207F1D5411894F83620012313FA00F052
:10E3D000104384F83600A38F0A00D2B294F83400B8
:10E3E00000FB1232100094F8343080B29BB2984295
:10E3F00002D394F8342002E0FF2084F8360094F829
:10E400003600FF280CD1DFF8E0040079DFF8DC34B7
:10E410001B7810FB03F0642310FB03F0608002E024
:10E4200094F83A0060800800C0B2002809D1208D1D
:10E4300050F020002085207A84F82E00206C606245
:10E440000FE0238D4FF6DF700340238584F82E10F4
:10E45000236C0D00EDB294F83400454303EB050046
:10E460006062E07984F82D00D2B26284DFF8802403
:10E470001068002805D00800C0B21168884700283D
:10E480000ED114F11000F1F727F809E0E923E28B2F
:10E4900094F82A10A07EF5F7A5F82000FFF7A5FE56
:10E4A00031BD70B5DFF834040468E3F793FA050072
:10E4B000E3F78DFA45434FF47A70B5FBF0F14FF670
:10E4C000FF731A000BE06688280080B2361A10002D
:10E4D00080B2864202DA60882A00821AE468002C40
:10E4E0001ED025884D1B2800668880B2B042EAD332
:10E4F000A07902280AD12000017CFF2902D080697E
:10E50000D5F75AFC2000FFF770FE02E02000FFF76D
:10E5100025FF0121DFF8B4030078D5F7D7FC0AE026
:10E52000100080B2984206D092B20121DFF89C031D
:10E530000078D7F78BFC70BD70B50500160001227E
:10E5400089B2687DFFF735FE0400002C4FD0300003
:10E55000C0B200284BD1E87D94F83510884246D1EE
:10E56000E87D94F839100818217A88420EDB287E5D
:10E57000FF280BD13300DBB2E28B94F82A10A07E87
:10E58000F5F730F82000FFF730FE30E0287EFF2856
:10E5900014D1FF2194F93900814084F8361094F8A1
:10E5A000360084F8370094F8351094F83900411893
:10E5B00084F83510002084F8380005E0287E84F8BF
:10E5C0003700287E84F83600E3F704FA0500E3F705
:10E5D000FEF945434FF47A70B5FBF0F0208094F8D3
:10E5E0003A0060800121B9480078D5F76FFC70BD12
:10E5F0002DE9FC470700894690461E00B878F5F7DC
:10E60000F5F90500002D01D1002060E01C20D5F7B0
:10E6100025FE0400002C59D01C210022A2465046A1
:10E62000D5F77CFE6946B878F5F74CFA9DF80100FD
:10E63000207502212000FFF7A8FDB9F80000A08096
:10E64000787DE071FF2194F914008140617468685D
:10E6500000782074387DA074F87DA17C4843303068
:10E6600080B2D5F795FB0500A561002D2AD0DDF815
:10E6700028A01A2028700020687000206880F88880
:10E68000A8804946A81DF5F70DFAF878E873964872
:10E69000808C2882788BA88578896882B8782875DC
:10E6A000387B687598F80000A87598F80100E8753F
:10E6B00098F8020028766E76C5F81CA015F1300097
:10E6C000A86203E02000FFF790FD00242000BDE8D1
:10E6D000F6872DE9FC470600884691469A460025B4
:10E6E000F77D83490868002806D03800C0B2096861
:10E6F0008847002840F0B6800222B8F80010707DEC
:10E70000FFF757FD0400002C14D17078C00711D515
:10E710000A9800905346DBB24A4641463000FFF764
:10E7200067FF0400002C05D027720121674800789C
:10E73000D5F7CCFB002C00F095803800C0B2217AD0
:10E74000491E884200D10125207CFF2874D07078B2
:10E75000C00700D500273800C0B2E17C227D5118E7
:10E76000884208DBE17C207D4118E174FF2194F9A7
:10E77000140081406174327D3169A069836ABC46AE
:10E780005FFA8CFCA07C00FB0CFC03EB0C00D5F7C3
:10E790005BFD3800C0B2217D627C012390FBF1FC5F
:10E7A00001FB1C0013FA00F0104360742800C0B293
:10E7B000002815D03800C0B2217D627CFF2390FB79
:10E7C000F1FC01FB1C00401C13FA00F010436074C4
:10E7D000A17C3A00D2B2307D02FB0101A0698184A4
:10E7E0002800C0B2002809D0607CFF2806D1A169AA
:10E7F000207CD5F7F0FAFF2020741DE0E3F7EAF85B
:10E800008146E3F7E4F800FB09F94FF47A70B9FBAD
:10E81000F0F020806421354A334B93F804C010781F
:10E8200000FB0CFC1B79107843432E4800784343CF
:10E830004B4301FB0C316180FFB2E07C217D081865
:10E84000401E874205D0607CFF2802D0EDB2002D2B
:10E8500008D0E07CF075607C30763100B8F80000BC
:10E86000FFF73BFBBDE8F38780B501001748007850
:10E87000D5F7B1FA01BD38B50D00280418D4E80762
:10E8800021D5FFF70EFE95F0010528001CE00CE0F5
:10E8900020780128FBD1200041690091C37C10F150
:10E8A0001002811C1C30FFF714FF2000D5F784FAFA
:10E8B00006480078D5F7E1FA0400002CE8D195F479
:10E8C0000045280000E0002032BD0000E51C0020CB
:10E8D000A4750020A8750020AC7500207C7600206F
:10E8E00009770020D01C00209C680020D11C00204B
:10E8F0008076002010B5DFF80044207648F215013C
:10E90000DFF7EAFF207E3821DFF7E6FF0FF28930DC
:10E910000FF2BD31E062A16202210FF25530606258
:10E9200021754FF6FE70A08110BD2DE9F043DFF890
:10E93000C863DFF8C873307E88465FEA084189B053
:10E9400007F16E054EF6602940F1F98034E00020B1
:10E95000E6F718FA03460020019000946A88707E5A
:10E9600006F10C0100F037F9707908B33222082162
:10E97000307ED7F76BFA1BE02888738C328CB0811D
:10E9800010210191009406F10C01002000F023F900
:10E990000121B07EF17630B93C21F1834A46307EC8
:10E9A0000221D7F753FAB07E401CB0760020707178
:10E9B0002046D5F701FA307ED5F75FFA040000F063
:10E9C000BB802078312800F08B80322800F09880BE
:10E9D000D328EDD1E189382907D048F215029142B8
:10E9E000E6D1204600F0E4F8E2E706A80021002284
:10E9F000002380E80E0006A92046F4F77EFD9DF86E
:10EA00001C1005291CDC207B0028D1D19DF81D009D
:10EA10000028CDD00528CBDC0698E7F7CBFD0028F1
:10EA2000C6D1607C707661889DF81D00B181411E61
:10EA30008DF81D1006A890E80C4086E80C40B7E75A
:10EA4000FE291DD129799DF81E00814203D300289B
:10EA500008BFFF29ACD1E5F7FDFC00200699C140B5
:10EA6000CA0703D4401CC1B21A29F7DD397EC2B2ED
:10EA700091429DD030776420FA794243012177E7B3
:10EA8000FF2919D129799DF81E00814203D300285E
:10EA900008BFFF298CD1E5F7DDFC069800281EBFD2
:10EAA000B86A069988421CBFB962DCF779FEBDF8E6
:10EAB000200000F0D2F87BE7207B0028FBD16088A3
:10EAC000B0810021002305910491039102930191EB
:10EAD00000918022607C06F10C01DFF7BCFE67E745
:10EAE000B07E0428FBDA97F82E108548E7F762FD20
:10EAF0000028F4D160883084FF20A188718456E713
:10EB00007079FF287FF423AF397E62680020CA4005
:10EB1000D30744BF04F10800405C00216268CA408A
:10EB2000D30705D504F10802525C8242FFF624AFF8
:10EB3000491C1A29F2DD39E788F4004035E05FEA24
:10EB4000C87110D5307F387606F11C01E120DDF761
:10EB500003FEDCF725FE002068800120E6F712F9AD
:10EB600088F0010021E05FEA88710DD5F18B31B1A9
:10EB7000491EF1834A460221D7F768F901E00020D7
:10EB8000B07688F0020010E05FEA08710CD5707969
:10EB900038B131793068E7F70DFD10B97079411E51
:10EBA000717188F0080000E0002009B0BDE8F08332
:10EBB0001CB504460020009069462046F4F7DAFAB6
:10EBC0009DF8000030B99DF80200410644BF6088FE
:10EBD00000F043F813BD2DE9F04786B080460E9D46
:10EBE0008A46164699460027002400206968C140DD
:10EBF000CA0748BF7F1C401C1B28F7DBF8B288B14E
:10EC0000D5F72CFB04000DD0002100206A68C2401B
:10EC1000D30704D52A18CBB2127AE254491C401CFF
:10EC20001B28F3DB9DF83C300493002205920394EB
:10EC3000FFB20297CDF8049000966B68AA7851460F
:10EC40004046DFF708FE2CB1204606B0BDE8F0478D
:10EC5000D5F705BB06B0BDE8F0872849B1F86E20AE
:10EC600082421CBFA1F86E00DCF79ABD704700001D
:10EC700010B504460620D5F78BF860B1312101703C
:10EC8000228842806188818001461B48007EBDE861
:10EC90001040D5F7A0B810BD38B505462420D5F7EB
:10ECA00077F8040012D0322020701B222978A1703E
:10ECB0006868606004F10800A968D5F7C5FA2146C4
:10ECC000BDE834400C48007ED5F785B831BD000062
:10ECD00010B5094CE17E69B1C178002904BF4078C4
:10ECE000002807D1054AA2F870100120E6F74AF87B
:10ECF0000021E17610BD0000B86E00209C68002065
:10ED000000F8FF0710B5184C1849A0700020DCF778
:10ED1000C6FD17490120DCF7C2FD16490420DCF7C7
:10ED2000BEFD15490620DCF7BAFD14490720DCF7C3
:10ED3000B6FD13490820DCF7B2FDA0784FF6FF714D
:10ED4000DFF7CAFD0F48DBF753FE0F48F3F7CBF9A7
:10ED50000E48F3F7E9F90E48DBF74DFEBDE8104029
:10ED60000C48DBF751BE000028180020770F030085
:10ED7000D30F0300171003004D100300971003007A
:10ED8000CD1003006B1803003F180300FF170300AA
:10ED9000C3170300851703002DE9F04F0D46280423
:10EDA0009DB041F10887DFF8D067B078D5F765F8F6
:10EDB000040069D02378DFF8C477B3F11A0007F1B3
:10EDC000680800F08E81173805285AD99F3858D026
:10EDD000401E00F0D981401E53D0401E09D0401E75
:10EDE00002284ED9293800F03F81401E00F05D8195
:10EDF000DBE1E289133A00F0278147F6ED73D21A7E
:10EE000000F01781521E00F00981521E00F0FA80B6
:10EE1000521E00F0EA80521E00F0CB80521E00F01D
:10EE2000BD80521E00F0AF800B3A00F0A080121F90
:10EE300000F090800B3A7DD0521E00F08380521E6D
:10EE400070D00E3A62D0521E54D0521E46D0521E7E
:10EE500038D0521E2ED0521E24D0521E18D0921ED0
:10EE60000FD12046F4F714FB06000AD06188DFF8C2
:10EE7000103732464FF4000001F0EDFF3046D5F771
:10EE8000EEF92046D4F798FF85F4004001F09BBED0
:10EE9000A069DFF8F03601F01BFF4FF4800001F0AD
:10EEA000DAFFEEE7A069DFF8E03601F011FF4FF47A
:10EEB0000010F4E7A069DFF8D43601F009FF4FF441
:10EEC0008010ECE72046F4F726FA0600D9D06188D6
:10EED000DFF8BC3632464FF40020CDE72046F4F789
:10EEE000E5F90600CDD06188DFF8A83632464FF448
:10EEF0008020C1E72046F4F747F90600C1D06188B9
:10EF0000DFF8943632464FF40030B5E72046F4F788
:10EF10008AF90600B5D06188DFF8803632464FF4B2
:10EF20008030A9E7A069DFF8783601F0D1FE4FF410
:10EF30000040B4E7A069DFF86C3601F0C9FE4FF479
:10EF40008040ACE7A069DFF8603601F0C1FE4FF405
:10EF50000050A4E70021009120466946F4F70AF921
:10EF60006188DFF848366A464FF4006097E720462C
:10EF7000F4F718FA060084D06188DFF83436324698
:10EF80004FF4807078E72046F4F7DCF80600F2D002
:10EF90006188DFF82036324640206DE72046F4F7DE
:10EFA000D1F80600E7D06188DFF80C363246202021
:10EFB00062E7182101F074FE69462046F4F7B8F8BC
:10EFC0006188DFF8F8356A46102001F044FF0398A5
:10EFD00018B1D5F744F9002003900598002803D014
:10EFE000D5F73DF9002005904BE70021CDE900124F
:10EFF00020466946F4F771F86188DFF8C4356A463F
:10F0000008204CE701F04BFE69462046F4F728F84B
:10F010006188DFF8B0356A46042040E72046F3F700
:10F02000E8FF0600E0D06188DFF89C353246022018
:10F0300022E72046F3F7DDFF0600D5D06188DFF830
:10F040008C353246012017E768460021002380E80E
:10F050000E0069462046F4F70BFA6188DFF8703538
:10F060006A464FF080701AE70A20D4F791FE060036
:10F0700016D00A21D5F74AFA91203070002171701C
:10F08000A078707161783171E078B071A1883181B8
:10F09000A07801F023FE20B100793146D4F79BFE21
:10F0A000EFE63046D4F788FEEBE61620D4F770FE84
:10F0B0000600F9D01621D5F729FA932030700021E7
:10F0C000717060783071A17831742079012807BFA0
:10F0D0000121B1710220B071E0883081E178317591
:10F0E000D6E73020D4F754FE0600DDD03021D5F726
:10F0F0000DFA9220307000217170A07B30710328CE
:10F1000005D10822A11DB01DD5F79EF801E0E088C9
:10F11000F080E07BB073218A318260887082A188A0
:10F12000B182608AF082217D3176607D00B101205C
:10F130007076607E00B10120B07606F12407A07DD4
:10F14000F076E17D3177207E7077E169316294F865
:10F1500020003870A18D798094F82E003871A18C30
:10F16000F980A08CD5F77AF80028B8601CD0A28C62
:10F17000A16AD5F769F8207D01F0B0FD00288BD198
:10F18000B868D5F76CF88CE76078F17881420BD0DD
:10F19000F070F21CDFF83C3400214FF0007001F0F9
:10F1A0005AFE707888F800006BE6DFF82C0494F8BB
:10F1B00002900188DFF82424DFF824B4DFF8240467
:10F1C0000191002B07F1280ADFF81C1401F0E184FB
:10F1D000022B01F0E783032B01F07180042B00F078
:10F1E0003F87072B01F0C883082B00F0E086092B2E
:10F1F00001F01F84102B01F0CD83112B01F0E68369
:10F20000122B01F01C84142B00F01A85182B01F02E
:10F21000A683192B01F09B831B2B01F07E831C2BF3
:10F2200001F04F831E2B01F02A831F2B01F0248352
:10F23000202B00F04484212B00F01D84222B00F0B1
:10F240006F83282B00F04D83292B00F029832A2B74
:10F2500000F01B832B2B00F011832C2B00F0278355
:10F26000382B00F00483392B00F0DD823A2B00F0BC
:10F27000C2823B2B00F08D823C2B00F06A823D2B3A
:10F2800000F053823E2B00F047823F2B00F03D827E
:10F29000402B00F03382412B00F00E82422B00F015
:10F2A000F581432B00F0E781442B00F0CE81452B04
:10F2B00000F0BD81462B00F0A081472B00F0968125
:10F2C0004A2B00F0C0834B2B00F0AD834C2B00F099
:10F2D0001E834D2B00F01183A02B01F08D82A12BFA
:10F2E00001F0AD82A22B51D0A32B4FD0A42B01F063
:10F2F0003382A52B01F0D281A62B01F0A681A72B8A
:10F3000044D0A82B45D0A92B01F09D81AA2B01F058
:10F31000FA83AB2B01F0D083AC2B01F0AD83AD2B86
:10F3200000F01681AE2B00F0EA80AF2B00F0D38006
:10F33000B02B00F00581B12B00F0FB80B22B00F068
:10F34000EE80B32B00F0E680B42B00F0D080B52B1C
:10F3500000F0BC80B62B00F09280B72B65D0B82BA4
:10F3600059D0B92B4CD0BC2B42D0C02B38D0C12B9C
:10F370002ED0C42B1DD0CD2B16D0CE2B21D0EB2BD5
:10F3800009D0F92B02D0FA2B00D0FB2B01F05881C9
:10F39000FC2B01F053B96168087810B1DBF7FBFF73
:10F3A00030E3DCF704F82DE300206070DAF71DFF8E
:10F3B00028E3A068002864D000216170DAF7D5FC4A
:10F3C000B4E0606800285CD00068DAF749FF11E219
:10F3D0006068002855D001F066FCDBF71AFB11E3EA
:10F3E000606800284DD041680078DAF74DFB01E2F3
:10F3F0006068002845D000F11201DAF767FBF9E1F7
:10F40000606800283DD0002161706068DBF714FB64
:10F41000A1680880F6E2A068002832D0002161705F
:10F42000A068411CF2F762FEECE2A068002828D038
:10F4300000226270A26808891081A268C87AD0721E
:10F44000A268887A9072A268087B1073A268887B91
:10F450009073A26848685060A268487B5073A268A5
:10F4600008681060A268C87BD073A268087C10741A
:10F47000A268487C5074887CA1688874C2E2606885
:10F48000002800F09185002262706268107D08B14A
:10F49000D07C48746268907D08B1507D8874626841
:10F4A000107C08B1D08908816268107B08B190682F
:10F4B00048606268907C08B1507C4873626810793B
:10F4C000002800F06B8512680A609BE200216170E1
:10F4D000DAF7E1FB96E2A06800283BD000216170DA
:10F4E000F2F7FEFB08B1007820E0012082E1A0687D
:10F4F0000028C6D000216170E1F77BF816E0606853
:10F500000028BED000216068617081780088DAF739
:10F5100096FA77E200216170F2F74BFC72E2A06884
:10F520000028AED000216170F2F7D6FBA168087008
:10F5300068E260680028A4D00078F2F7AFFB59E1D8
:10F54000606800289DD001F0AEFBDAF7DFFA59E2DF
:10F550006168002900F081850822DFF8500BD4F79C
:10F5600073FE6068DFF8482B018911806068DFF85E
:10F57000442B817A11707CE2281800209C680020BE
:10F580002117030009170300F1160300CD1603002D
:10F59000231603009F150300F714030079140300DA
:10F5A0004F140300371403001F140300EF1303006C
:10F5B000AB1303006F1303004F130300C9120300C2
:10F5C00063120300DB1103007111030051110300EA
:10F5D0001311030067170300A2640000FE760020E9
:10F5E000D8730020C4170020A006002060680028FF
:10F5F00064D001F02DFB112279E1606800285DD014
:10F6000001F004FB606801798DF800101029C4BF77
:10F6100010218DF800106068816801F0F1FA6068CF
:10F62000418800236A4605A8DEF787FCE2E06068AF
:10F63000002843D00A3001F0E7FB02466068811CD5
:10F6400000880023DEF7BAFCD4E06068002835D0DB
:10F6500002218DF8101060680188ADF8081060680C
:10F6600081890191827A0092437A027A416802A8E4
:10F67000DEF7AFFFBEE0606800281FD001F0F1FAAE
:10F68000C27881786846DEF759FFB3E060680028E9
:10F6900014D002218DF8081060680188ADF80010C0
:10F6A00060680A3001F0B0FB02466068811C0023EC
:10F6B0006846DEF730FF9DE06068002800F0748443
:10F6C00002218DF80C104FF6FF71606800888842A7
:10F6D0001FBF4FF6FD7290424FF6FC71884206D173
:10F6E000E4F7C5FBADF8040001F0E9FA607060686A
:10F6F0000188ADF8041001F0E2FA7BE061680029AE
:10F70000DCD001F0B8FA33220CE06168002974D033
:10F7100001F0B1FA322205E0616800296DD001F0F4
:10F72000AAFA3122DEF736FB64E06068002864D074
:10F7300002218DF80C1060680188ADF804100021DA
:10F7400060680091437A027A416801A8DEF7CFFE33
:10F7500050E06068002850D001F066FA1CBF012814
:10F760000F2804D0032806D101F06BFA03E060688B
:10F77000018AADF8101000216068039104AB027E8D
:10F7800002920193821C8189009107A9837A222029
:10F790002EE06068002830D001F046FA1CBF012836
:10F7A0000F2804D0032806D101F04BFA03E060686B
:10F7B000018AADF810106168BDF81C30FE8A887AA5
:10F7C0000A7EB34209D10C310091012304A9E7F765
:10F7D000A1FB002800F041844BE10292002304AA1F
:10F7E0000393019203468E8900968A1C07A9212063
:10F7F000DEF742FED9E36068002800F0D58301F00F
:10F8000005FA00216068049142690392017C02912B
:10F81000C2680192017A0091C3880279418805A8E3
:10F82000DEF7C9FDC1E361680029E6D0087800224F
:10F8300000B10122487808B142F00202887808B18C
:10F8400042F00402C87808B142F00802087908B111
:10F8500042F01002487908B142F02002887908B1DC
:10F8600042F0400200211046DEF789FB9DE360680C
:10F870000028C2D001F0ECF9102238E060680028BE
:10F88000BBD001F0E5F9052231E060680028B4D072
:10F8900001F0E7F9027941886846DEF73BFB84E333
:10F8A00060680028A9D001F0D3F903221FE0606846
:10F8B0000028A2D002218DF8181060680188ADF8E8
:10F8C000101000216068039102690292017B01918E
:10F8D0008268009283798288418804A8DEF7C2FAA0
:10F8E00063E36068002888D001F0B2F90222606802
:10F8F00041886846DEF76AFA57E3606800283BD023
:10F90000C278817800880023DEF798FA4DE36068BA
:10F91000002831D0427A017A0023DEF761FA44E30D
:10F920006068002803D0007D01F0D8F9002800F0BD
:10F9300094836168D1F8188001F11C024FF000092E
:10F94000107808B14FF00209507808B149F0100959
:10F95000907808B149F00809D07808B149F0200939
:10F96000107908B149F04009507908B149F080098F
:10F97000087DF4F73BF8060000F016836068817A92
:10F980008DF8211060688189ADF8221060680078D8
:10F990008DF8200002281CBF01280F2808D003285A
:10F9A0000AD16068811C082206A8D4F74DFC03E048
:10F9B00060684188ADF818106168887B28B301F051
:10F9C00009FC07001FD0002105E0006930F8112074
:10F9D00027F81120491C6068827B9142F5DB00F119
:10F9E0002201049205970A7801F0FCF8836A0093DB
:10F9F000C28A4B88314606A8F3F7C8FF60703846C4
:10FA0000D4F72DFCCAE21020CFE201F122000278E7
:10FA100001F0E8F88B6A0093CA8A4388314606A849
:10FA2000F3F7D1FEC1E260680028A5D040788DF8D8
:10FA30000000616888788DF8010069466068007888
:10FA4000F4F752F8B1E2606800281CBFA1680029F1
:10FA500037D000786946F4F735F86068A268017815
:10FA60001170A1689DF800004870A1689DF8010020
:10FA70008870002099E26068002803D0007801F0C7
:10FA80002DF9070000F09082387BF3F78CFD0028F9
:10FA900060700AD17168002907D008460022B84278
:10FAA00004D0024600680028F9D177E238688F4216
:10FAB0000CBF70601060384601F062F96EE2606859
:10FAC000002800F0CA82007801F008F908B100F0BF
:10FAD000B5B801F037F93178884228BFD120C9D2B2
:10FAE0004FF0000884F80180484601F01FF9070034
:10FAF00001D0387B58B11C20D4F7B0FB0700DDD013
:10FB00001C21D4F73FFC4FF0010887F8049060688F
:10FB1000017839736068017A3976B01C3861142035
:10FB2000D4F79CFB002878614DD01421D4F72AFC2F
:10FB300060684168887979698A7900F00F0002F07D
:10FB4000F0021043887161684A6878699188818001
:10FB5000626851680B78037061684A6878695188F7
:10FB6000418062685168CA79C27160684168087BE7
:10FB7000796908737869C07901F02CFB796988602C
:10FB800068B1002008E0626853689A6832F8103063
:10FB90008A6822F81030401CCA799042F3DB087B57
:10FBA00001F018FB7969086168B1002008E062681B
:10FBB00053681A6932F810300A6922F81030401C74
:10FBC0000A7B9042F3DB07F10C00F3F7DAFC064600
:10FBD000022E18BFB82E07D1387BF3F7E4FC07F1EB
:10FBE0000C00F3F7CEFC06465EB9B8F1000F07D063
:10FBF000384601F07FF8002802D1384601F0C0F8FD
:10FC0000CCE1B8F1000F03D0384601F0B9F811E0AB
:10FC1000786958B1806808B1D4F721FB7869006928
:10FC200008B1D4F71CFB7869D4F719FB07F10C0075
:10FC300001F03EF8022E18BFB82EE1D1D020B4E179
:10FC40006068002800F0B08100216170484601F032
:10FC50006DF806000FD11C20D4F700FB0600CFD0B2
:10FC60001C21D4F78FFB00F0B3FF20B93046D4F746
:10FC7000F6FAD12099E16168087848B14878F288AD
:10FC8000002812BF42F001024FF6FE700240F280DF
:10FC90006168887848B1C878F288002812BF42F0BD
:10FCA00002024FF6FD700240F2806168087948B1A7
:10FCB0004879F288002812BF42F004024FF6FB7028
:10FCC0000240F2806168887948B1C879F2880028DA
:10FCD00012BF42F008024FF6F7700240F2806168EE
:10FCE000087A48B1487AF288002812BF42F0100220
:10FCF0004FF6EF700240F2806168887A48B1C87AA6
:10FD0000F288002812BF42F020024FF6DF70024056
:10FD1000F2806168087B48B1487BF288002812BFF6
:10FD200042F040024FF6BF700240F2806168887B6B
:10FD300040B1C87BB268002812BF42F001025208ED
:10FD40005200B2606168087C40B1487CB26800280B
:10FD500014BF42F0020222F00202B2606168887CA5
:10FD600040B1C87CB268002814BF42F0040222F0FF
:10FD70000402B2606168087D40B1487DB268002825
:10FD800014BF42F0080222F00802B2606168887D68
:10FD900040B1C87DB268002814BF42F0100222F0C2
:10FDA0001002B2606168087E40B1487EB2680028E7
:10FDB00014BF42F0200222F02002B2606168887E07
:10FDC00040B1C87EB268002814BF42F0400222F061
:10FDD0004002B2606168087F40B1487FB268002885
:10FDE00014BF42F0800222F08002B2606168887F16
:10FDF00040B1C87FB268002814BF42F4807222F478
:10FE00008072B260616811F8220F38B100F0F4FE20
:10FE100014BF42F4806222F48062B260616811F81B
:10FE2000240F38B100F0E8FE14BF42F4006222F45F
:10FE30000062B260616811F8260F38B100F0DCFE94
:10FE400014BF42F4005222F40052B260616811F80B
:10FE5000280F38B100F0D0FE14BF42F4804222F4E3
:10FE60008042B260616811F82A0F38B100F0C4FE18
:10FE700014BF42F4004222F40042B260616811F8FB
:10FE80002C0F38B100F0B8FE14BF42F4803222F4D7
:10FE90008032B260616811F82E0F38B100F0ACFE0C
:10FEA00014BF42F4003222F40032B260616811F8EB
:10FEB000300F38B100F0A0FE14BF42F4802222F4CB
:10FEC0008022B260616811F8320F38B100F094FE00
:10FED00014BF42F4002222F40022B260616811F8DB
:10FEE000340F38B100F088FE14BF42F4801222F4BF
:10FEF0008012B260616811F8360F38B100F07CFEF4
:10FF000014BF42F4001222F40012B260616811F8CA
:10FF1000380F38B100F070FE14BF42F4800222F4B2
:10FF20008002B260616811F83A0F38B100F064FEE7
:10FF300014BF42F4000222F40002B260616811F8BA
:10FF40003C0F38B100F058FE14BF42F0807222F02E
:10FF50008072B260616811F83E0F38B100F04CFE5B
:10FF600014BF42F0007222F00072B260616811F8B2
:10FF7000400F38B100F040FE14BF42F0006222F0A2
:10FF80000062B260616811F8420F38B100F034FECF
:10FF90000CBF22F0805242F08052B260A07821461D
:10FFA000D3F719FFFEF770BF02206070F6E76068B4
:10FFB000002852D0002161702A216068D4F7A6FA87
:10FFC0006168F88ADFF8042C08806168107888720C
:10FFD00008226168B88C88816168788BC88207F1D3
:10FFE000390160680E30D4F72FF9E3F737FF014687
:10FFF00060680822801CD4F727F96068082207F19E
:020000040003F7
:100000001C011830D4F720F96168387E81F823008C
:100010000120616881F822009BF80200C10703D526
:100020006168012281F82420810703D561680122DB
:1000300081F82520410703D56168012281F8262037
:10004000010703D56168012281F827204006A5D564
:100050006068012180F82810A0E7022161709DE707
:1000600060680028A0D0002161706168087838B10C
:10007000487800B10120107001216320D6F7ABF859
:100080006168087948B1487900B10120DFF8982CFF
:10009000107001216D20D6F79EF86268907958B1F2
:1000A000D1794FF40050E4F748F81AE0B417002073
:1000B000B2170020B0170020107A90B1108AD168D2
:1000C00010F0070F01D064290BD3E3F793FF012150
:1000D0000020E4F732F8DFF8842C28213520D6F709
:1000E0007AF86168887C38B1DFF8742C888A1080CF
:1000F00002214420D6F76FF86168887D38B1DFF8B7
:10010000642C088B108002214620D6F764F86168C1
:10011000887E38B1DFF8502C888B10800221832034
:10012000D6F759F86168887F38B1DFF8402CC87F6E
:10013000107001212920D6F74EF8616811F8200FC0
:1001400030B1DFF82C2C00F053FD2B20D6F743F80C
:10015000616811F8220F30B1DFF8182C00F048FD6B
:100160004320D6F738F8616811F8240F30B1DFF872
:10017000082C00F03DFD2E20D6F72DF8616811F80F
:10018000260F30B1DFF8F42B00F032FD2F20D6F728
:1001900022F8616811F8280F30B1DFF8F02C00F078
:1001A00027FD3020D6F717F8616811F82A0F30B113
:1001B000DFF8DC2C00F01CFD2C20D6F70CF8616871
:1001C00011F82C0F80B148788DF800001028C4BFBA
:1001D00010208DF800006068016B00F011FD6A4688
:1001E00011218120D5F7F7FF616811F8340F40B174
:1001F00048781028C8BF10204A6801466220D5F709
:10020000EAFF616811F83C0F38B1DFF8882C4868C4
:10021000106004218420D5F7DEFF616811F8440FD7
:1002200030B1DFF8742C00F0E3FC4B20D5F7D3FF9E
:10023000616891F8460058B1DFF8607C08224731C8
:100240003846D4F701F83A4608214720D5F7C3FFCE
:10025000616891F84F0028B101F150020821012096
:10026000D5F7B9FF616811F8580F30B148788DF8AB
:10027000000069465220DCF76FFA616811F85E0FE2
:1002800030B1DFF81C2C00F0B3FC3320D5F7A3FF0E
:10029000616811F85C0F40B1DFF8082C00F0A8FC91
:1002A0003220D5F798FFDAF7BDFF616811F8600FCB
:1002B000002803D04878707088F800006EE6606807
:1002C00000281CBFA06800283FF4C7AE6368002167
:1002D0006170187830B1A06801210170107800F0C9
:1002E000DAFC48706168887838B1A0680121017132
:1002F000DFF8341A00F0CEFC48716168C87858B154
:100300000020E3F70FFFA2680121917110F4005063
:1003100018BF0120A168C8716168087958B3A06846
:1003200001210172A16801F10C00E3F7FBFEA16855
:10033000DFF8742B08821078E8B90120E3F7BAFEE1
:10034000A16848610220E3F7B5FEA1688861042036
:10035000E3F7B0FEA168C8610820E3F7ABFEA1682F
:1003600008621020E3F7A6FEA16848622020E3F7A8
:10037000A1FEA16888626168487940B1A068012146
:1003800080F82C10DFF8D819A0680A88C285616847
:10039000887940B1A068012180F83010DFF8C419D5
:1003A000A0680A8842866168C87940B1A0680121C6
:1003B00080F83410DFF8B019A0680A88C286616836
:1003C000087A48B1A068012180F83810DFF89C193C
:1003D000A0680A7880F839206168487A48B1A06836
:1003E000012180F83A10DFF88819A0680A7880F8AF
:1003F0003B206168887A48B1A068012180F83C10F0
:10040000DFF87019A0680A7880F83D206168C87A22
:1004100048B1A068012180F83E10DFF85C19A0689F
:100420000A7880F83F206168087B48B1A068012104
:1004300080F84010DFF84419A0680A7880F841205D
:100440006168487B48B1A068012180F84210DFF85C
:100450003C1AA0680A7880F843206168887B48B11C
:10046000A068012180F84410DFF8241AA0680A78F7
:1004700080F845206168C87B50B3A068012180F8EE
:1004800046106B46112200218120D5F7E7FEA168B6
:100490009DF8000081F84700A16891F84700A8B1D5
:1004A0009DF80000D3F7DAFEA1688864A168886C23
:1004B00030B19DF800200DF10101D3F7C5FE07E032
:1004C00081F847000021A068816401E000228A646D
:1004D0006168087C90B11020D3F7C0FEA168086560
:1004E000A26802F14C01486840B101220A70102252
:1004F000A068036D00216220D5F7B0FE6168487CDA
:1005000040B1A068012180F85410DFF88819A06874
:100510000A6882656168887C48B1A068012180F81A
:100520005C10DFF87419A0680A7880F85D206168B3
:10053000C87C50B1A068012180F85E100822A06834
:1005400007F139015F30D3F77FFE6168087D58B14C
:10055000A068012180F86710E3F780FC0146A068DD
:1005600008226830D3F770FE6168487D70B1694633
:100570005220DCF7E3F8A168012081F870009DF8B3
:10058000001001B10121A06880F871106168887DB8
:1005900038B1A068012180F872100021A06880F8AD
:1005A00073106168C87D48B1A068012180F874109B
:1005B000DFF8F01800F06EFB81F875006168087EC6
:1005C00048B1A068012180F87610DFF8D418A0683F
:1005D0000A7880F877206168487E40B1A0680121E0
:1005E00080F87810707800F056FB81F87900616827
:1005F000887E002821D0A068012180F87A1000268A
:1006000097F82600042818BF082812D090B9212096
:10061000D5F7C1FD74280DD16B467422002121202D
:10062000D5F71CFE30B99DF82600042818BF08280D
:1006300000D10126A06880F87B60AFE41220B4E40A
:10064000606800282CD0122108E56168002927D0B5
:100650000878F8B1002600E0761C01988642ECDAB2
:1006600002A9009100F0DAFA00286070F4D1606805
:10067000082204A9401CD3F7D9FD0028ECD114218D
:1006800002A8D3F77FFE02AB1422B1B20420D5F743
:1006900085FD8AE4481CF3F7DAFB86E460680028ED
:1006A0003FF482AC0178002935D007A800F000FBA8
:1006B000002609E03EB96068082207A9001DD3F7AB
:1006C000B5FD00B93E467F1C0198874213DA02A9A6
:1006D000009114230022B9B20420D5F781FD00282F
:1006E0006070F0D16068082204A9001DD3F79EFD58
:1006F0000028DFD13E46002E9FDD6068011D00F01E
:10070000A3FA6068C169029102AB6068016A039153
:100710001422B9B2BAE700F10C01102201A8D3F7F4
:1007200093FD6068C16905916068016A0691694638
:100730006068001DF3F7B0FA607030B90098408827
:1007400001AA1821D5F747FD2FE46068011D4088F4
:1007500001AAF3F7BEFD28E4616800291CBFA06868
:1007600000289DD00978017008226068A368411CA8
:10077000581CD3F769FD62681078F8B1DFF82C07D0
:100780000788002600E0761CBE4215DA01A800901A
:1007900000F044FA00286070F5D16068082203A9CF
:1007A000401CD3F743FD0028EDD1A16802980862F0
:1007B000A1680198C86140E731D1E8E16946501C61
:1007C000F3F76AFA0028607029D10098408801ABDD
:1007D00018220021D5F742FD002860701FD1A168C2
:1007E000069808621022A1680598C86101A9A0684E
:1007F0000930D3F729FD20E7616800291CBFA068F4
:1008000000283FF4D1AB0978002914BF3A203B20DF
:100810006B4611220021D5F721FD002860707FF47E
:10082000BDAB6068A268017811701022A1689DF8C4
:10083000000048700DF10101A068801CD9E76168D3
:1008400000296FD00878002814BF3A263B26487844
:100850008DF800006168887830B11022C91C0DF154
:100860000100D3F7F1FC03E00DF10100F3F79BFC6D
:100870006A461121304665E7F9F7E6FE6BE76068E6
:1008800000284FD000F00BFA60684188ADF80010E6
:1008900060680279002A1CBF806800280AD0102AEC
:1008A000A8BF0F228DF80220606881680DF1030057
:1008B000D3F7CAFC6068007801226946F9F7E4FDC5
:1008C00049E7606800281CBFA06800283FF4C5AB5A
:1008D0000021C0E90011606841880078F9F70EFE38
:1008E000060018D000206070A06831880180A068E0
:1008F000B1788170A168887800283AD0D3F7AEFC2F
:10090000A1684860A1684868002832D08A78F11C44
:10091000D3F79AFC91E6B1201DE7606800281CBF60
:10092000A06800283FF440AB00F0BDF9F9F77AFE6B
:10093000A1680870A068007800F04CFCA1684860CD
:10094000A068416860680078F9F714FE75E6606891
:100950000028E7D000F0A7F9F9F746FE6DE66068D9
:1009600002210028617004D041880078F9F719FE4F
:1009700000283FF413AB0AE1606800285BD090F9CF
:1009800000603046DBF7F8FFA06808B9FFF771B8E0
:100990000670FCE060680028C4D000880021DAF707
:1009A00072F94AE66068002845D000216170012094
:1009B0006168087002226068427006216068827077
:1009C0006068C17003216068017136E660680028C4
:1009D00031D0484600F0AAF906000CD11C20D3F70C
:1009E0003DFC0600C5D01C21D3F7CCFC00F0F0F88C
:1009F00008B9FFF73BB9F0880FF2B54140F00C00A1
:100A0000F0800220DAF74BFF0FF2FD410320DAF706
:100A100046FF6068016800910122606801798DF8E5
:100A200004108DF805208DF806206846E5F716FBC2
:100A300091E6606800283FF410ABC2208BE6606846
:100A400000283FF4B1AA011D082202A8D3F7FCFB3D
:100A50000320DAF73AFF6068C07BDAF7AEFE606821
:100A6000817B9BF802300191828900924188027853
:100A700002A8E5F783FC6EE660680028DBD00088FA
:100A8000ADF8040061684888ADF8020001A9532060
:100A9000DBF762FE0DF102015020DBF75DFE6946D7
:100AA000E120DBF74BFE60689DF800100079814281
:100AB0006DD000F091F86AE060680028BBD0007843
:100AC000E3F7C8FC6068397E407881420CD0387604
:100AD0006946E120DBF732FE60689DF8001040783F
:100AE000814201D000F078F862685078012181409D
:100AF000CAF80010DAF754FE0021A8F80810012007
:100B0000E4F740F943E06068002894D0007887F863
:100B1000260061684888F8826168087A38766168DA
:100B20004889788361684868CAF8000061688889E4
:100B3000B8846168887B8AF810006168C87B787126
:100B40006168087CF87061684869CAF808006168E3
:100B50008869CAF80C006168087F98F80A10814219
:100B600018BFE3F777FC606800F11D0107F1390059
:100B7000E2F780F897F82600082808D13A46742151
:100B80002120D5F728FB02210020E5F7B9F9FEF76F
:100B900070BF606860B1407818B10321FF20E5F7AD
:100BA000AFF9E5F70DF9DFF80C1D01200860FEE74D
:100BB0000222627041E5680404D5D5F793F985F403
:100BC000804000E000201DB0BDE8F08F68170020D5
:100BD00086F8049030468DE08DF800006946E120EB
:100BE000DBF7BABD0392CDF80890CDF804807047CA
:100BF00048781070012170474878B2680028704723
:100C00009DF800200DF10100D3F71EBB02218DF8E5
:100C10001C1060680188ADF814107047142300227E
:100C2000B1B20420D5F7DCBA02218DF82410606837
:100C30000188ADF81C106068807B8DF818000228D0
:100C40007047606800F11001082204A8D3F7FCBACD
:100C500002218DF80810002360680188ADF80010AB
:100C6000704702218DF80810002360680188ADF8F4
:100C700000106068704702228DF810200023616820
:100C80000A88ADF808200193012361688A1C00924C
:100C900002A97047087800B10120A16870471221AD
:100CA0006846D3F76FBB60680021617000787047B9
:100CB000002100220023002780E88E0070470021D9
:100CC00060680091837AC27A811C01A8DDF761BC5B
:100CD00001788DF800106A46618870470146DFF898
:100CE000D80B406800E0006800281CBF027B8A42E5
:100CF000F9D1704710B5044600F024F8DFF8B82B9E
:100D00001178814201D2002010BD516821B100E06C
:100D1000014608680028FBD100202060002914BF8C
:100D20000C605460012010BDFF7600200146DFF802
:100D3000880B406800E0006800281CBF02798A42E6
:100D4000F9D17047DFF8701B4968002001E009689D
:100D5000401C0029FBD1C0B2704700001470002075
:100D6000A61C0020A81C0020B01C0020BC1C0020D9
:100D7000BE1C0020D01C0020C31C0020C41C00206E
:100D8000002818BFD3F76BBA7047C20744BF0123CE
:100D90000B70820744BF01234B70420744BF0123FD
:100DA0008B70020744BF0123CB70400644BF012271
:100DB0000A717047C20744BF01230B70820744BF0A
:100DC00001234B70420744BF01238B70020744BFCD
:100DD0000123CB70C20644BF01230B71820644BFBE
:100DE00001234B71400644BF01228A717047C2073C
:100DF00044BF01230B70820744BF01234B7040079F
:100E000044BF01228A70704702460020117801B168
:100E10000120517809B140F00200917809B140F009
:100E20000400D17809B140F00800117909B140F00F
:100E300040007047F8B500F021F809E0E08828404C
:100E4000A84204D1380002D020793146B84724683E
:100E5000002CF3D1F1BD2DE9F04100F00FF89846D8
:100E600008E0A1682940A94203D120793A463146D9
:100E7000C0472468002CF4D1BDE8F0810546DFF8B6
:100E8000380A44680E46174670470000C51C00200B
:100E9000C21C002058750020D31C0020CC740020F8
:100EA000F9760020F8760020FD760020A26400008C
:100EB00080B501460FF231020420FFF7BBFFE5F7D2
:100EC00003F90220DAF7F3FC0320DAF7F0FC00F074
:100ED00093FC4FF6F37203E0C1881140C1800068B3
:100EE0000028F9D102BD000070B505460E7800F06B
:100EF000EAF8040006D000F042FC782000F066F921
:100F0000E6705DE170BD000080B501460FF205029C
:100F1000082035E070B505460E461A20D2F738FF96
:100F2000040027D01A21D3F7F1FA792000F06DF8E8
:100F30007088E08031792172707900B1012060728F
:100F4000B07900B10120A072F07900B10120E07207
:100F50000822307A2073717A6173B07AA073F17AC3
:100F6000E17306F10D01307B207404F11100D3F719
:100F70006BF925E170BD80B501460FF20D0201202D
:100F8000FFF758FF002002BD70B500F010FC040010
:100F90001ED00C21D3F7BAFA762000F017F9B078FA
:100FA00000F018F9A06008B900F006BC3088A080F5
:100FB000B178A171B07850B1002005E0716831F8C6
:100FC0001020A16800F0BFF9B1788842F6DBF7E0A5
:100FD00070BD80B501460FF209020220D0E7000083
:100FE00070B505460E4600F0BFF904000CD000F0C5
:100FF000EEF9772000F009F80822307AA071E01DA0
:101000007168D3F721F9DBE070BD207000216170B9
:101010003288A280704780B501460FF20902102085
:10102000AEE7000070B5054600F022FA04000CD0CF
:1010300000F019FA7A202070317861707088A080F1
:10104000E8B2B188E1802146BCE070BD80B50146C0
:101050000FF20502402093E770B505460E461220B8
:10106000D2F796FE040015D01221D3F74FFA7C2058
:10107000FFF7CBFFB07AA073307B00B10120207462
:10108000F07A00B10120E0730822B11CA01DD3F753
:10109000DBF895E070BD80B502460FF20D0300212C
:1010A0004FF0805019E0000070B500F00AF804001D
:1010B00006D000F064FB962000F088F8E6707FE030
:1010C00070BD054616780420D2F762BE80B5024690
:1010D0000FF2110300214FF00060FFF7BCFE00206B
:1010E00002BD000070B5054600F03DF904000FD0C8
:1010F00000F06DF9952000F069F8B11C3288A280EB
:1011000004F108000822D3F79FF87089E08057E0C7
:1011100070BDF8B505460E4617461620D2F738FEC4
:10112000040014D01621D3F7F1F9482000F04EF84E
:10113000A68008223888E080B91C04F10800D3F7A3
:1011400083F8B87A04F11001FFF71FFE27E1F1BD23
:1011500070B500F008F8040004D01821D3F7D6F9D0
:10116000602010E070BD054616461820D2F710BE6C
:1011700070B5FFF7F8FF040004D01821D3F7C6F9C3
:10118000612000E070BD00F021F8311D327822713D
:1011900008227088E081601DD3F756F8307B6074B8
:1011A00070B1307B00F016F8606148B1002004E0B7
:1011B00006EB4001CA8900F0C5F8617C8842F7DB84
:1011C0002146E8B2BDE87040D2F705BE207000218C
:1011D000617070474000D3F741B8F8B505460F4637
:1011E00016462C20D2F7D4FD040039D02C21D3F799
:1011F0008DF9622000F05FF804F11101B079FFF77A
:10120000C4FDB08904F11C01FFF7D4FD307900F072
:10121000070020733079C00800F001006073307956
:10122000000900F00100A073707900F00700E0737E
:101230007079C0082074317AF07900EB0122E282E3
:10124000707A2076B17AF07A01EB00226283B07B6B
:10125000F17B00EB0122A2842146307CA0629FE05A
:10126000F1BDF8B505460F4616461220D2F790FD9F
:1012700004001FD01221D3F749F9632000F01BF8B6
:1012800004F10B017068C0F30310FFF7B0FD706844
:10129000000A04F10E0100F00F00FFF7A8FD7068CE
:1012A000000B00F00F0060742146307900F00F0051
:1012B000A07275E0F1BD207000216170A7803078C8
:1012C000A071718821817047F8B505460F46164612
:1012D0002020D2F75DFD040033D02021D3F716F98A
:1012E0006420FFF7E8FF30892082B17A01F00F0116
:1012F000A17430792073F188E181F07AE074317C57
:101300002176F07AFFF766FF606148B1002004E0C3
:10131000F16831F8102000F015F8E17C8842F7DB25
:10132000307CFFF757FFE06150B1002005E07169A4
:1013300031F81020E16900F006F8217E8842F6DBE2
:101340002DE0F1BD616921F81020401C7047F8B50F
:1013500000F007F8040003D000F039F8652010E031
:10136000F1BD05460F4616461020D2F711BDF8B55F
:10137000FFF7F7FF040003D000F029F8662000E033
:10138000F1BD00F027F8E06048B1002004E031181A
:10139000E26849791154401CA17A8842F7DB214662
:1013A000E8B2BDE8F440D2F716BDF8B5FFF7D9FFB3
:1013B00004000BD000F00BF8682000F00BF8E060A0
:1013C00018B13279711DD2F73FFFE8E7F1BD102166
:1013D000D3F79CB8207000216170A7803078A0718D
:1013E000718821813079A0723079D2F737BFF8B592
:1013F00005460E4617460E20D2F7CAFC04000DD053
:101400000E21D3F783F86A20FFF7E0FEA680E11DE6
:101410003878A0717888FFF7CDFCC0E7F1BDF8B54A
:1014200000F024F8040005D000F01DF86C2000F056
:1014300059F9B4E7F1BDF8B500F018F8040005D08B
:1014400000F011F86B2000F04DF9A8E7F1BDF8B5F8
:1014500000F00CF8040005D000F005F86D2000F055
:1014600041F99CE7F1BD0821D3F750B8054617783C
:101470000E460820D2F78CBC2DE9F84300F035F871
:10148000040030D0FFF7A3FF6E2000F0C1F80E215A
:1014900000F080F84843D2F7E1FE0500E06021D07B
:1014A0004FF000091BE00E212846D3F72FF807EB79
:1014B00009160822311D2846D2F7C6FEB07B2872D5
:1014C000F17B6972307CA872717CE972B07C287300
:1014D000F07C00B10120687309F101090E35607AD2
:1014E0008145E0DBEBE0BDE8F18380460D46174621
:1014F0001020D2F74DBC2DE9F041FFF7F6FF0400B4
:1015000046D0FFF764FF6F20FFF760FEA5801A2624
:101510003878A0717978E17100F03CF816FB00F0A2
:10152000D2F79CFE0500E0602BD0607A16FB00F637
:1015300031462846D2F7EAFF3F1D00261EE008226A
:10154000B91C281DD2F780FE082207F10A0105F117
:101550000C00D2F779FE38886880761C798A298059
:10156000387D6875797DA975B87DE875F97D6976EE
:10157000387E2876797E29751A351A37607A864240
:10158000DDDB21465FFA88F0BDE8F041D2F723BCED
:10159000BDE8F081B8782072F87860727047F8B5CD
:1015A0000646FFF7A3FF040031D0FFF710FF7020BD
:1015B00000F02EF8FFF7EEFFC000D2F74FFE050057
:1015C000E06021D0617AC900D2F7A0FF002118E0C5
:1015D00007EBC10082882A80C3886B80427A2A7117
:1015E000837A9A0744BF0123AB71827A530744BFC1
:1015F0000122EA71807AC20744BF01206871491C48
:101600000835607A8142E3DB2146F0B2C9E6F1BDDC
:10161000207000216170A5803878A0717978E1711F
:1016200070472DE9F84380460D46FFF79CFE040005
:1016300043D0FFF7CCFE7120FFF7C8FDA5801A2725
:101640003078A0717178E171B0782072F0786072B2
:1016500017FB00F0D2F702FE0500E0602CD0607AA4
:1016600017FB00F739462846D2F750FF4FF0000924
:101670001FE0388AE88117E0182101FB09F177188B
:101680000822391D2846D2F7DFFD387B2872F989F8
:101690006981387E28730328EBD1082207F11001F5
:1016A00005F10E00D2F7D0FDB87EA87509F1010949
:1016B0001A35607A8145DFDB01E0BDE8F183214620
:1016C0005FFA88F0BDE8F443D2F785BBF8B5FFF7C1
:1016D000CDFE040005D0FFF7C6FE722000F002F830
:1016E0005DE6F1BD207000216170A680A771704792
:1016F000F8B5FFF7BBFE040005D0FFF7B4FE73207A
:10170000FFF7F0FF4BE6F1BDF8B5FFF7AFFE0400C1
:1017100005D0FFF7A8FE7420FFF7E4FF3FE6F1BD18
:10172000F8B505460F46FFF71FFD04001AD0182133
:10173000D2F7ECFE7520FFF749FDA7803078A07145
:101740007168A1603089A0817189E181307B20744A
:10175000D2F784FD606120B1227C06F10D01D2F741
:1017600073FD1CE6F1BD70B5FFF7ABFC040005D0BE
:1017700000F005F894202070E67021E570BD04218A
:10178000D2F7C4BE70B500F012F804000ED00C21E0
:10179000D2F7BCFE00F030F8CB2100F062F82672E0
:1017A000656010B1007921460CE505E070BD054685
:1017B0000E460C20D2F7ECBA2046BDE87040D2F7B6
:1017C000FBBA10B50320D2F7E3FA040013D00321CB
:1017D000D2F79CFE00F010F8CA2100F042F828B1C0
:1017E00000792146BDE81040D2F7F5BA2046BDE8A1
:1017F0001040D2F7E1BA10BD2F484068704770B56D
:1018000006461220D2F7C4FA050017D01221D2F7EB
:101810007DFE29484468C7212970002068700A228B
:10182000B18929823146B07AA873281DD2F70CFD00
:1018300014B120792946C5E42846BEE770BD38B505
:101840000546FFF740FC04000AD0FFF798FFFFF7BA
:10185000D3FFC62100F005F8E57000B124E01EE0DA
:1018600031BD217000226270704738B5050015D077
:101870000620D2F78DFA040010D00621D2F746FEDA
:10188000FFF7BAFFC521FFF7ECFF2B78E37069780B
:101890002171AA78627100B106E000E031BD2046F6
:1018A000BDE83240D2F788BA00792146BDE834401D
:1018B000D2F791BA7C052043281800207047000019
:1018C00010B5054C03E011F8013B5840205C13466D
:1018D0005A1E002BF7D110BD6806000010B500F0AD
:1018E0003BF8020000230024E4431068A04203D028
:1018F00011000220ABBE13605068A04203D0111D3E
:101900000220ABBE536010BDF0B583B0040000F000
:1019100023F8A10047183D680026F643B54216D1CA
:10192000AFF300803D68B5420FD100BF09A0009021
:10193000002C01D1002000E004200190032002903F
:1019400069460120ABBE05003D60AFF30080280072
:1019500003B0F0BD3A747400004870478C1B00203F
:1019600030B514462C219A4A4843104400F108052A
:1019700085B02B788DF80030817801F03F028DF82A
:10198000042001F01F01012202FA01F10291C17845
:1019900000F0A1F804918DF80C306846E97800F069
:1019A000A7FA01001CBF28792060080018BF012099
:1019B00005B030BD2DE9F0432C21854A4843161867
:1019C00006F1080789B038788DF810000122B07848
:1019D00000F03F0100F01F008DF8141002FA00F033
:1019E00006900225F17800F076F88DF81C30089109
:1019F0006A46022104A800F044FB02280CBF01241F
:101A0000002404A800F016F914B96D1EF0D15EE0B0
:101A10009DF800009DF8011041EA0021F1810C20A1
:101A2000FA8842430A21B2FBF1F0BA78012A08BFD2
:101A3000400800034FF40064002118B935E040006D
:101A4000A1F58051B0F5805FF9D3B0F5005F24BFF8
:101A5000400801F58051F8D2024600230C20A2FB79
:101A6000028902FB039903FB02994FEA29334FEAEB
:101A70001832002B42EA095207DB02DCB2F5005FA4
:101A800003D35B104FEA320261186410401EE6D1A6
:101A900040F2D14041430813FCF76AF94FF0665118
:101AA000D0F7F8FD4B49D0F7F5FDD1F73FF8401CD2
:101AB000ADF80C0002210020029003AA01910092CF
:101AC0002123707800224FF48061D1F712FA0020B0
:101AD00009B0BDE8F08301F03F0301F01F0102FAF5
:101AE00001F170472DE9F0473B4D394A2B7881468B
:101AF0002C2086B043430120D61891F800A091F81D
:101B000002803649B07186F80380B1610024344800
:101B1000F06100946A4601214846D1F7DFFB0028B6
:101B20001EBF009800280446002700976A4602213D
:101B30004846D1F7D3FB30B1009F07F00F07022FC3
:101B400008BF1E2000D0C8203073B7722020012F9C
:101B5000F07204D0022F04BF2320F07201E0212193
:101B6000F17223213172E0B200B13472317A8DF812
:101B700004100AF03F0201210AF01F008DF808202E
:101B800001FA00F0039008F03F0208F01F008DF802
:101B9000102001FA00F0059001A800F023F8707AF7
:101BA00000F0FE007072012101A800F0A1F92321CC
:101BB00001A800F09DF9012806D1707A40F00100DB
:101BC00070722978491C297006B0BDE8F0870000C2
:101BD0007052002000401C46E87600206119030086
:101BE000B519030081680069DFF88424136C0B4386
:101BF00013641160116C0143116410607047F8B5F3
:101C000000F0A3F8064600F033F93C600C20396C74
:101C1000294339643D60E4F7DFF800F029F93C61BD
:101C20000C20E4F7D9F800F09CF8BDE8F2400C2055
:101C3000E4F7D2B8F8B584680769DFF83464D4F7FC
:101C400062FB0546306C204330643461306C3843AD
:101C500030643760FA20316B394201D1401EFAD12D
:101C600000F04FF8306C20433064346000F049F8E5
:101C70002846BDE8F240D4F76DBB2DE9F84306795C
:101C800084680569DFF8E87300F0E3F8D6F800909F
:101C9000D4F739FB8046386CA043386449F00059CA
:101CA000D4F731FB0021731C31704FEA1922B11CAB
:101CB0001A704FEA194C81F800C04FEA196906F80A
:101CC000039FD4F747FB386C284338643D6100F02C
:101CD00018F800F03FF80026FA20396B21420ED0A8
:101CE000401EFAD100F02EF800F00EF84046D4F76E
:101CF00031FB6420E4F770F83046BDE8F28301263A
:101D0000F0E74420E4F764B8386C284338643D6158
:101D1000386C204338643C612E20E4F759B8F8B59C
:101D200000F013F80646FFF7EFFF00F00BF800F0A5
:101D300011F800F016F800F005F8BDE8F2402E208A
:101D4000E4F746B82E20E4F743B884680569C84F25
:101D5000D4F7D9BA386C284338643D602E20E4F7B4
:101D600037B8386C284338643D613046D4F7F2BA4E
:101D70002DE9F14F84B08268049BBD4F00928B46E1
:101D80001C69E24302924FF00109D4F7BCFA0190BA
:101D90004FF0080A00F065F800F06AF83C61FFF7C0
:101DA000B0FF5FEA0B6005D5396C009801433964D8
:101DB000009939604FEA0B60800F00F0010080F05D
:101DC000010800F0EFF800F053F8B9F1000F3C60A3
:101DD00026D00498067B00F03CF84FF000093568E7
:101DE000396C02980140396445F00055D4F78BFAFC
:101DF0000021731C31702A0AB11C1A704FEA154C6D
:101E000081F800C02D0E06F8035FD4F7A3FA9620E0
:101E1000396B214201D1401EFAD100F029F83C6013
:101E200000F0C0F800F024F8B8F1000F4FEA4B0BB7
:101E30003C6101D000F015F8BAF1010AB1D100F00F
:101E400010F8FFF765FF019805B0BDE8F04FD4F733
:101E500081BAB60006F0FC0606F1804606F50126BA
:101E60007047396C009801433964009939617047B3
:101E7000386C20433864704704B56B46012200F08B
:101E800001F802BD2DE9F04105460E46144698467C
:101E9000FFF7B5FE29784906090E00F034F800F086
:101EA00030F80027E0B1310A04D000F02CF800F03F
:101EB00028F8A8B1F1B200F026F800F022F878B1C5
:101EC000200008BF01270BD018F8011B00F01BF8F9
:101ED00000F017F820B100F018F87F1C641EF3D151
:101EE0002846FFF7A7FE00F010F8F8B2BDE8F08131
:101EF00080B500230022FFF7C5FF012818BF00208E
:101F000002BD2846B9E6284632E73220E3F764BF2F
:101F10002DE9F0470479D0F808800769544DA400F2
:101F200004F0FC0404F1804404F501244FF000099E
:101F30002668D4F7E8F98246286C20EA080028646D
:101F400046F00056D4F7DFF90021631C2170320AF5
:101F5000A11C00F031F804F8036FD4F7FBF900F08E
:101F600024F801260824286C384328642F6000F0E8
:101F700019F816B1002600F07DF8286B4FEA4909E0
:101F800010EA080F18BF49F0010900F00BF800F043
:101F90000CF8641EE7D15046D4F7DCF95FFA89F0FB
:101FA000BDE8F0872220E3F713BF286C384328648C
:101FB0002F612E20E3F70CBF1A704FEA164C81F800
:101FC00000C0360E70472DE9F84F04468946217847
:101FD000490041F001019046C9B2FFF7C9FE00F087
:101FE0008CF800284FF0000A3FD05FEA090008BFD4
:101FF00001203BD0CA461E4D31E0A6682769D4F7C0
:1020000082F983460C20E3F7E7FE286C304328640E
:102010002E60FFF7C7FF286C384328642F6000F05C
:1020200029F8FFF78FFE286C384328642F61286C4D
:10203000304328642E61FFF7B5FF5846D4F78AF97C
:102040000BE02046FFF764FF88F800005FFA89F094
:102050000028D2D02046FFF762FE08F1010848466A
:10206000A0F10109C0B20028EBD15046BDE8F28FC3
:1020700090200240FA20296B394201D1401EFAD14A
:10208000704770B504460D461646FFF7B8FD324658
:1020900029462046BDE8704095E72DE9F041044609
:1020A0000D4616469846FFF7AAFD21784906090E07
:1020B0002046FFF75DFE00F020F80027A8B1290AAE
:1020C00005D02046FFF754FE00F017F868B1E9B2DA
:1020D0002046FFF74DFE00F010F830B14246314681
:1020E0002046FFF7CEFF07462EB12046FFF7A2FDA0
:1020F000FFF70BFF3846BDE8F0812046BDE51346EB
:102100000122CAE72DE9F0474768DFF8E46788460F
:1021100091460025306C384328FA05F430645FEAB4
:10212000090104F00104376002D0D4F7ECF88246CC
:10213000306C384330643761002C14BF08205020C5
:10214000E3F74AFE306C3843306437605FEA0901D8
:102150001CBF5046D4F7FEF81CB15020E3F73CFEFC
:1021600002E02E20E3F734FE6D1CE8B20828D1DB34
:10217000BDE8F0872DE9FE4F07784668DFF8705715
:10218000BF0007F0FC0707F1804707F50127F2437E
:10219000D7F800B08DF800104FF00008C14601924A
:1021A000296C314329642E609DF8000010B1D4F7EA
:1021B000AAF88246286C304328642E612E20E3F76B
:1021C00007FE286C0199084028644BF0005BD4F7A7
:1021D0009AF800217B1C39704FEA1B22B91C1A7037
:1021E0004FEA1B44FB1C0C704FEA1B621A70D4F7B9
:1021F000B1F80820E3F7F0FD286B16EA000418BFD9
:1022000001249DF8000010B15046D4F7A3F828200F
:10221000E3F7E2FD24B1012000FA09F040EA0808E2
:1022200009F101095FFA89F10829B9DB5FFA88F041
:10223000BDE8FE8FF8B506784468DFF8B456B600FE
:1022400006F0FC0606F1804606F501264FF41170F3
:102250003768296C214329642C61E3F7BDFD286CA4
:10226000A043286447F00057D4F74DF80021731CB1
:1022700031703A0AB11C1A704FEA174C81F800C04D
:102280003F0E06F8037FD4F765F84120E3F7A4FD7D
:10229000286B14EA000618BF0126AA20E3F79CFD6C
:1022A000286C204328642C604FF41170E3F794FDF0
:1022B000F0B2F2BD2DE9F04F064687B07068DFF846
:1022C000345600906FEA00093478A40004F0FC044E
:1022D00004F1804404F501244FF00108D4F800B063
:1022E000A8784FF0000A0028CDF818A0CDF810808B
:1022F00040F0DF803046FFF79DFF20B100202870BE
:10230000A8706870DAE00022F0213046FFF7FAFE8C
:10231000009FDFF8DC65CDF81490E11C03918DF887
:1023200000A0A21C611CDDF81890DDF810A002923C
:102330000191049400F0C5F8306C059908403064B0
:102340004BF0005BD3F7DFFF049A002111704FEAD6
:102350001B238DF803304FEA1B43019A9DF80310AD
:1023600011708DF802304FEA1B63029A9DF802103B
:1023700011708DF801301946039A1170D3F7EAFFF6
:102380000820E3F729FD306B3840044618BF0124CC
:102390002820E3F721FD00F094F8306C05990840FF
:1023A0003064D3F7B0FF049A00211170019A9DF8B0
:1023B00003101170029A9DF802101170039A9DF893
:1023C00001101170D3F7C6FF0820E3F705FD306B4D
:1023D00017EA000118BF01218DF801102820E3F74A
:1023E000FBFC9DF801100C4255D1E0B2884216D09A
:1023F00058BB05EB0900007920EA0A0005EB09014A
:102400000871306C384330643760E0B2316C394366
:1024100031643761002814BF082050201BE0287861
:102420005FFA88F181420ED205EB09005FFA8AF368
:1024300000791840002807DC002408298DF8008066
:10244000D7DC6970D5E7F7D1012405EB09000079E5
:102450004AEA0000D2E7E3F7BFFC306C384330644F
:102460003760E4B21CB15020E3F7B6FC02E02E2046
:10247000E3F7AEFC4FEA4A605FEA106A08F1010830
:1024800005D109F101005FFA80F94FF0010AB9F1B5
:10249000080FFFF64FAF5FFA88F19DF80000412961
:1024A00007DB010004BF0121A970287001212879F0
:1024B00018B900212970A9706970084607B0BDE8F5
:1024C000F08F306C3843306437602E20316C3943E4
:1024D00031643761E3F77CBC082210F8013B8B4282
:1024E00002D1521EF9D101E000207047012070474F
:1024F00038B50D4604462A460121D0F7EFFE60B1FB
:102500002A1D02212046D0F7E9FEFF212846FFF7C9
:10251000E3FF08B1022032BD012032BD38B50446C8
:102520000D46FFF7E5FF01000ED12B4608220021E2
:102530002046D0F78AFF30B100212846FFF7CCFFB4
:1025400008B9032032BD002032BDFEB502280C467A
:102550002DD1D1072BD523462C20DFF89C234343D4
:10256000D018C17801F00701022920DD0022CDE951
:102570000022857840786B4608220021D0F77CFF46
:102580002046D0F7F1FD0027DFF87043DFF87063D5
:10259000F8B2315C072904BF205CA84203D1294668
:1025A000F8B200F07DF87F1CF8B21028F0DBF7BD20
:1025B0002DE9FE4FDFF84C633578102D044689462F
:1025C00090461EDA4FF0000BDFF828A3CA4F01E057
:1025D0000BF1010B5FFA8BF0A84214D22C21484377
:1025E0003B18395CC8090ED001F07F010729EFD1F3
:1025F00008220AF1040103F10800E1F725F8002898
:10260000E6D100204AE04046A046002404281BD121
:102610000027BB4DF8B2285C072808D16946F8B2FC
:10262000FFF77CFF002802BF002C0124B8467F1C66
:10263000F8B21028EEDB3CB10AF1040308220021B5
:102640005FFA88F0D0F718FF3078D0F779FD0546AB
:10265000307800BFB1A1401C307085F8018085F84A
:1026600002901422E87800F0780040EAC41040F0AC
:102670000300E870287800F0800040F00700287020
:1026800005F11800D3F7FAFC0820A87108220AF116
:10269000040105F10800D1F7D7FD0120BDE8FE8F48
:1026A000FEB504460D4605F03F00012200F0D5F8C6
:1026B000D0B990480021017081706846FFF7FAFD9B
:1026C00090B10026904F3878761C08B1E0F7F9F801
:1026D000042229462046FFF76BFF6846FFF7EAFD14
:1026E00010B1F0B21028EEDB00F001F8F7BD0021C8
:1026F0002846D0F75ABF7CB514462C217E4A484361
:1027000010440121857805F01F0005F03F0281404B
:102710008DF8002001916846FFF78CFD002648B92E
:1027200000F097F80122442100F091F840F2EE20E9
:1027300020600126FFF7DBFF304676BD2DE9FC4126
:102740002C216D4A484314180122A57805F03F005A
:1027500000F083F8B0B9E07800F00700022802D159
:1027600000F077F80EE00122552100F070F8002605
:10277000F0B220440122017A00F069F8761CF0B230
:102780000828F5DB0122BE2100F061F8012168462E
:10279000FFF7F0FC804601216846FFF7EBFC074697
:1027A0006846FFF747FDFFF7A2FFE51C574EB8F15B
:1027B000FF0F08BFFF2F15D007F0070648EA0620D5
:1027C000CFF70CFD0022524BCFF736FDCFF72EFF8F
:1027D0003F07064614D54FF043403146CFF7C6FFBA
:1027E00006460DE0287800F00701032908DBC0F356
:1027F000C201062904DAC108491C61F3C50028702A
:10280000304600F095F80022424BCFF715FDCFF788
:10281000F7FC01B26078D0F7A3FB287800F007013D
:10282000012906DD400604D40120D0F796FD0400FE
:1028300001D1002009E02878374940F04000287095
:102840006660201DD0F784FD2046BDE8F68168460D
:1028500058E40122CC21684654E405F01F018DF8AC
:1028600000008A4001926846E4E4F8B50446220676
:102870000E46204F0BD5391D04F07F00FFF738FEC0
:1028800020B131884EF6FF7001403180F1BD3578BE
:1028900071782846D0F738FE391D2046FFF73EFEF6
:1028A000020004D029462046BDE8F84080E6002119
:1028B000114E00E0491C134A1378C8B2984211D255
:1028C000CFB22C225743F2191378D809F2D003F073
:1028D0007F03072B04BF9378AB42EBD1D078C009BC
:1028E000E8D0F1BD29462046BDE8F440D8E6000016
:1028F000902002404874002070520020687300202D
:1029000058730020E8760020EF7600200000C8C24F
:102910000000B03F00005940E2230000F72603000A
:102920003D2703004B2503000000000000000000CD
:10293000C0F3C75181B1FF2906D0C110400721F073
:10294000E04101F16051704741020CBF40F4E001E9
:102950006FF000410020704700F0004100020AD0F3
:10296000B0FA80FC00FA0CF001F16051A1EB0C51BF
:1029700001EBD021400570472DE9F84F8A4E8B4F6F
:102980008B4A2C21484315180020CFF7CFFB012399
:102990000A2204210820CFF7CCFBCFF711FCFFF768
:1029A000C7FF32463B46CFF747FCF8F72FF9814681
:1029B000A878CFF793FB95F803B005F1080480469B
:1029C000012259462046F8F75CF92046F8F730F91D
:1029D0000120E3F717FA8020CFF7A8FB0421404637
:1029E000CFF7EBFB04214046CFF7E7FB01230A2298
:1029F00004214046CFF79DFB82462046F8F71EF99A
:102A0000002259462046F8F73CF94846F8F7F0F816
:102A1000684A694BCFF710FC684A694B00F0ECF844
:102A2000CFF7EEFB80B2F8F7E3F80446884650464D
:102A3000CFF7C6FBFFF77CFF32463B46CFF7FCFBE8
:102A4000F8F7E4F8F8F7D4F82246434600F092F994
:102A500000225C4BCFF7F0FB06460F464846F8F7DE
:102A6000C7F8594A594BCFF7E7FB594A594B00F081
:102A7000C3F8CFF7C5FB80B2F8F7BAF82246434651
:102A800000F078F902460B4630463946CFF7AAFCEB
:102A90000022002300F0E0F9DFF83C8106D3012298
:102AA000484B00F0F3F903D8464604E0002602E064
:102AB000CFF7BCFD06466C69276838460021D0F781
:102AC00019FE04D030463946CFF7E4FD0646B4F986
:102AD00004408CB1200008D54042FBF749F931464B
:102AE00000F0EEF998BF00260CD92046FBF740F91C
:102AF0003146CFF73BFE06463046384900F0E0F954
:102B000098BF46463046D0F711F881B26878D0F7C2
:102B10002FFA0020BDE8F28FF8B5314C244A237813
:102B20008F78304905462C2043430020D618B27CCC
:102B3000B071F16142F00802B274F77001213846B9
:102B4000D0F7BEFC0023072206F108013846F8F74B
:102B5000A5F8042826D2052803DA94F90010224AA1
:102B60001154802030743221B068204AFBF7A6FA55
:102B7000317C06F10800F8F767F81D48455DCFF78E
:102B8000B6FA05F03F052846CFF7A8FA0646012118
:102B90002846D0F7B9FC0C20164946438D552278BB
:102BA000521C2270F1BD00004C6CBBC4B64B0240FD
:102BB00070520020E37FC5F66782EA3F9CEC551A0D
:102BC000475C86C00088C340A79DD92F51DDDD3FFB
:102BD000C733C3A1521974C000401C4601401C46B3
:102BE000E876002079290300E015002080841E008B
:102BF00068730020E815002070B491EA030F4FF0CD
:102C0000004540F1BF806B40841A71EB030604D28B
:102C10006E40001BB141121973414FF4001C1CEBB4
:102C2000410F34BF7CEB430683E00C0DA4EB13563D
:102C3000362E00F37C80012E45EAC32341DC43EAB3
:102C4000525312BFD20292025B08240545EAC12109
:102C500041EA5051D2EBC020994125D407D1B0FAB6
:102C600080F610FA06F162D00020203608E0B1FAB2
:102C700081F6B140C6F1200220FA02F21143B040C1
:102C80004FEAF474B4EB465434F001064FEA74048E
:102C90000AD8D6F50016760D04F00044F04061FA2B
:102CA00006F25040F1404840C00A40EA415021F04D
:102CB000004128BF5FEA500550F1000044EBD121EC
:102CC00035E0DB0A45EAC121C90AB6F120050EDD6F
:102CD00042EA0242120CC5F1200603FA06F6EB4066
:102CE00042EA06056D42984161F100010DE062FA89
:102CF00006F5F240554063FA06FC82EA0C02F34006
:102D00005A406D42904161EB030111F4801F05D1DF
:102D1000641E620502D06D004041494121F48011DA
:102D2000430875F1004350F1000041EB045170BCC1
:102D300070471CEB410F15D223F0004352EA4306C3
:102D40000BD04FEA4C0CBCEB410F04D80C0D661EA7
:102D5000342EB7DDEBE7801A994150EA410608BFEF
:102D60000021E4E708BF1CEB430F28BF6FF0000110
:102D7000DDE7000070B491EA030F4FF000457FF5E6
:102D800043AF6B40841A71EB030603D2001BB141C1
:102D9000121973414FF4001C1CEB410F34BF7CEB44
:102DA000430442E00C0DA4EB1356352E4FDC45EAEC
:102DB000C323DB0A45EAC121C912B6F120050DDDA6
:102DC00063FA05F6EB4086EA0305124218BF45F0A8
:102DD0000105C01851F100010CD213E062FA06F5AA
:102DE000F2405540F3415A40B340F3405A408018F6
:102DF000594107D349085FEA30005FEA350528BF2B
:102E000045F0010501F58011420875F1004250F1CD
:102E1000000041EB04514E0016F5001F70BC38BF96
:102E200070470020090D090570471CEB410F10D2B7
:102E300052EA43060BD0BCEB410F05D80C0DAB4357
:102E4000661E342EB6DD02E0AB438018594170BCDB
:102E5000704770BC7047000041EA030C50EA4C0C0C
:102E600052EA0C0C4FF4001C09D307D01CEB410FA5
:102E70009CBF1CEB430F8B4208BF824270471CEB88
:102E8000430FFBD8994208BF9042704741EA030CB8
:102E900050EA4C0C52EA0C0C4FF4001C09D307D03A
:102EA0001CEB410F9CBF1CEB430F994208BF9042A3
:102EB00070471CEB410FFBD88B4208BF8242704722
:102EC00040EA010C1CEB0C0F4FF0807C07D305D0BF
:102ED0001CEB400F9CBF1CEB410F884270471CEB62
:102EE000400F98BF8142704770B504463D49206845
:102EF0003D4D0860202263683C48036005F1900066
:102F0000A168D3F7BBF8E6681822314605F1B00096
:102F1000D3F7B4F81822314605F1C800D3F7AEF85C
:102F20002169182205F17800D3F7A8F895F88400F4
:102F300040F0800085F884004022616905F1380086
:102F4000D3F79CF805F12C062022F07E40F0A50076
:102F5000F0762846A169D3F791F805F1780068600A
:102F60001422687B297B00F0F00040F002006873B7
:102F700041F0800129730520287404216974A87C1C
:102F8000E97D00F0E00040F00100A87401F0F001DC
:102F900041F001010320E975287505F12000E16980
:102FA000D3F76CF83078F178114A124B40F080007A
:102FB000307001F07001707800F0F00040F0010016
:102FC000707041F08401F1704FF458607060216AB4
:102FD0001160187808B1F5F799FBBDE87040D6F795
:102FE00082B800BF10760020D8620020147600203E
:102FF000187600201F77002000B589B06846044984
:103000002422D3F73BF86846FFF76EFF09B000BDF6
:10301000940900000628A8BF052040B2D9F7ACBC2F
:103020007CB50C2A08BF552B2BD106990A0026D057
:103030002C22384B079C50431D18022905F1080625
:1030400012D1206800F074F80146152919D23170A8
:103050006878D0F71EFA3078FFF7DCFF6878012235
:103060008021E0F74AF90AE001290AD13078CFF748
:10307000A7F80090042269462046CFF7C0FC012043
:1030800076BD002076BD0020704710B52C23214C62
:10309000594321440831012805D1D20703D50878C6
:1030A000BDE81040B6E710BDF8B51B4D194A2E78A3
:1030B0002C214E430446164406F1180017A1142291
:1030C000D2F7DCFF12273772002000906A460121F8
:1030D0002046D0F703F908B1009830720021009122
:1030E00020466946D0F7D1F910B10098307205E05A
:1030F000307A009001462046D0F7CBF9307AFFF7BE
:1031000089FF287832220121D0F7A0F82878401CC6
:103110002870F1BD70520020E87600200000000009
:10312000873003008B3003002130030003000000D0
:10313000C10DD1F19E0104D4000240F00040C8400E
:1031400070476FEAE070704738B50C460021009177
:103150006A460121D0F7C2F8002500281CBF00985C
:10316000002805D004B1207000980004000E01D1A1
:10317000002032BD0021A14A0B061B0DD45C04F0D7
:103180001F04844204D0491CCBB20F2BF4D300E0BF
:10319000D518284632BD78B5044622462C209849D9
:1031A0004243114401F1080585B0686800283BD00E
:1031B0006A78406868B302F0FE0228786A708DF879
:1031C00000000123887800F03F0200F01F008DF816
:1031D000042003FA00F00290CA7802F03F0602F0E1
:1031E0001F0203FA02F28DF80C600492087800F0D6
:1031F0007F00172804BF6846FEF7F4FC6A6853682E
:10320000694620469847697801F0FE0108436870D6
:1032100002E042F001026A706878C10743BF40F0E3
:10322000020068700120002006B070BD2DE9F04357
:103230009146804642462C2171484A43871807F13F
:10324000080585B0686850B168780024810703D408
:103250004046FFF7A0FF01246878C10701D4002091
:103260002CE068684688387920B114B94046FFF7E9
:1032700092FF6436C9F8006001206A689168E9B17C
:1032800028788DF800000122B87800F03F0100F0A6
:103290001F008DF8041002FA00F002904046F97801
:1032A00001F03F038DF80C3001F01F0102FA01F12B
:1032B00004914A466B689C686946A04705B0BDE822
:1032C000F0832DE9F04103462C214D4A4B43D4189D
:1032D00004F108038AB0596800291CBFC968002995
:1032E0003FD0484DADF80C50ADF80E50ADF8105031
:1032F00001261A788DF81420A17801F03F0201F020
:103300001F018DF8182006FA01F1079105A9E2784E
:1033100002F03F078DF8207002F01F0206FA02F259
:10332000099203AA5B68DE68B047D0B103AE0027FC
:103330000FF2E008B6F90000A8420ED0012F0CBF32
:10334000212329230221002001910290009638F8C0
:10335000171060780022CFF7CCFDB61C7F1C022F1F
:10336000E8DD00200AB0BDE8F081F8B502060C46A1
:103370000CD5002100F07F00FFF7E6FE00283CD0CE
:103380002188007841EA50112180F1BD1E4E1C4A6F
:1033900033782C214B43D7186179A278FA7001F069
:1033A0007F0117290CBF01210021B9711749F9616B
:1033B00007F10801FFF7C8FE0100F8601DD00A7888
:1033C000787A920000F0030002F07C0210437872D9
:1033D000886808B10E4ABA614D7845B12846D0F7E1
:1033E0003DFF040009D02946D1F790F87C61307880
:1033F000FFF7D1FE3078401C3070F1BDE0130000C3
:103400007052002019FCFFFFE8760020C332030051
:103410002D320300020405040304000038B50D46F4
:1034200004460022F421FEF727FD2A78D00704D5B0
:103430000222F2212046FEF71FFD2822F521204618
:10344000FEF71AFD9122F4212046FEF715FDACE1AE
:10345000FEB50C462C21D64A4843104400F108061C
:1034600045696A46D0212046FEF749FE00286ED005
:103470009DF8000060280CBF01200020297801F091
:10348000FE01084328702B1D182288212046FEF7D4
:1034900004FE18285BD12878C1072AD505F11C0342
:1034A0000122A1212046FEF7F8FD01284FD101ABF2
:1034B0000722E1212046FEF7F0FD072847D1BDF89D
:1034C0000400A5F81D009DF80600E8779DF80800A7
:1034D0009DF8071000F00F0242EA01122A84000949
:1034E0009DF8091040EA011068849DF80A0085F8EB
:1034F00024007078810728D440F0020070702946BB
:10350000287800F0070040F0500028700A26204676
:10351000FFF784FF4FF47A70E2F774FC204600F066
:1035200018F80746022F09D06420E2F76BFC761CDE
:10353000012F0AD1F0B21D28F0DD06E0287800F056
:103540000700B61C40EAC60028700120FEBD00201E
:10355000FEBD80B500218DF800106A46F321FEF70C
:10356000CEFD30B19DF80000010701D5012002BD5C
:10357000022002BD2DE9FE43884614462C218C4AC8
:103580004843111840464E69FFF7E3FF0025012824
:1035900012D13078C1081D2905DC00F00700491C54
:1035A00040EAC10030703078C0F34101022902DCEA
:1035B00000F0F9003070DBE0022817D13078C0F35A
:1035C0004101022904DC4108491C61F342003070CA
:1035D0004FF008093078C10758BF4FF006096B4615
:1035E0004A46F7214046FEF758FD484540F0BB806B
:1035F0009DF804109DF803009DF801309DF800200F
:10360000090141EA00319DF8050041EA10111B0152
:103610009DF8020043EA0233327843EA1013D007E0
:1036200005D59DF806009DF8077047EA0027B08889
:10363000C0EB2112C908A1EB4001B6F906004143D5
:103640005243B6F9080012134243921302EBE122EF
:1036500002EB82018031091221805010A0F57A40DE
:103660008510811001FB05FCB6F91210B6F914E0C3
:1036700041434FEAEC2549000EFB0515B6F9101041
:10368000090401EBA505B6F90E104FEA6C3C0CFBE2
:1036900001FCB6F90C104843401000EBEC0080141C
:1036A000718900F500404843C01324D0C3F580134E
:1036B000A3EB253340F635414B43B3F1004F39BFFF
:1036C0005B00B3FBF0F1B3FBF0F14900CB08B6F9B6
:1036D0001A005B435B0B4343B6F918008D0868433F
:1036E000401300EB2330B6F91630034401EB2311ED
:1036F0006420B1FBF0F0A0803178C80732D5B6F96C
:103700002000B6F92210BF03A2F59632A7EB0057AE
:10371000F07F02FB117796F9241051434243D212F5
:10372000891202F500424A439212B6F91D0002F5D1
:103730000012424307F5804702F50052FF1392132F
:103740007A43D1134943307FC9114143B2EB21126F
:1037500011D50022121364204243511202EB915200
:103760009212628001250022F4214046FEF784FB7C
:103770002846BDE8FE830F488242EBDB42F210721E
:10378000EFE738B50B462C21094C4843204464240C
:1037900041690D78ED0865431560007908B105F5BC
:1037A000FA7515601846FFF739FE00B1012032BDE9
:1037B0007052002001000019F8B50C4615461E464F
:1037C000002702E02220E2F703FB3046461EC0B28B
:1037D00048B18D48016814EA010018BF0120C0B249
:1037E000A842EFD101273846F2BD2DE9FC4B86B047
:1037F0002C21484304900122049984480144487ACA
:103800000499800803908248445C059204F03F01CB
:1038100002912829AFBF0026012004F01F0600FAFC
:1038200006F6A40004F0FC0404F1804404F501242D
:10383000254678482F68016C3143016406616FEAC0
:103840000608039901294FF4617030D002292AD06B
:1038500003292AD0102908BF4FF4FA70E2F7BCFA06
:103860006C48016C0246314311640660014647F022
:103870000057086C08EA0008C2F84080D2F743FD00
:103880000021631C29703A0AA11C1A703D0C0D70AE
:103890003F0E04F8037FD2F75DFD039810280CBF9C
:1038A0001420322007E0C82002E0022000E01320AC
:1038B000E2F7A8FAD4E7E2F78FFAD2F724FD8046C0
:1038C0000298FA2300F0ABF818B900F0A5F801242B
:1038D0008DE002985A23012200F0A2F818B900F0F6
:1038E0009BF8022483E002985A2300F098F818B954
:1038F00000F092F803247AE00027B946029D0024E4
:10390000A346462301223146E8B2FFF755FF38B3FC
:103910001E20E2F761FA3F48016B314204D005985E
:10392000CBF1070188400443462300223146E8B228
:10393000FFF742FFA0B10BF1010B5FFA8BF00828F3
:10394000DFDB5FFA89F009F101095FFA89F10DF80F
:1039500000400429D2DD00F05FF81FB1042446E0E6
:103960000127F8E79DF801009DF800209DF802402E
:103970009DF803309DF804108218A2189A18D2B24C
:10398000914218BF052432D1039F9DF800500A21AF
:1039900022461E46012F18BF022F08D0120202F441
:1039A000FE429219E30912B200EB052006E006F090
:1039B0007F0611FB0262DB0911FB05000BB15242CD
:1039C00012B202F5EA4330334EF66124A3420DD21F
:1039D00083B242F21175AB4208DA069B12FB01F288
:1039E0001A8010FB01F05880002400E00624049A9D
:1039F0000748805C0021CFF753FD601E8041C00F57
:103A000008B0BDE8F08B0000C020024070520020DA
:103A100072520020902002404046D2F79BBC002208
:103A20003146C0B2C8E600001CB50C466B46022207
:103A3000FE212046FEF731FB022819D16B460222F7
:103A40000E212046FEF729FB022811D10421002275
:103A50008DF800108DF801206B4602220E212046C1
:103A6000FEF710FA78208DF80000782207210CE08C
:103A7000002016BD1CB50C466A4604212046FEF700
:103A80003EFB01228DF800200F212046FEF7F4F9BD
:103A9000012016BD80B5434900F09AF838BF0846AA
:103AA00004D34149FFF70CFA98BF40484049CEF78C
:103AB0005DFE4FF08741CEF7EDFD3E490AE080B54F
:103AC0003D49FFF7FDF998BF3C484FF08741CEF7DD
:103AD000E1FD3B4900F090F8CFF728F8C0B202BDF5
:103AE000FEB50D46164601AB042200212846FEF71E
:103AF000D4FA04280CBF012400242846FEF79AF8C3
:103B00006A4604212846FEF7FAFA0CB90020FEBDE9
:103B100001AC9DF80410607841EA002144F2740081
:103B200041430914A1F6D2713180E078A17841EACD
:103B3000002142F210704143091471800A20B6F945
:103B4000001091FBF0F0FAF713F907461D49CEF784
:103B50000DFEFFF79FFF8DF804004FF07F513846B0
:103B6000CEF704FEFFF796FF60700A21B6F9020057
:103B700090FBF1F0FAF7FCF806461349CEF7F6FD94
:103B8000FFF79DFFA07030461049CEF7EFFDFFF71D
:103B900096FFE07001AB04220A212846FEF772F975
:103BA0000120FEBD000020C20100FA420000FA42DE
:103BB000000022420000254301007A4400007A44BC
:103BC0000000C8420000C0BF0000A0C00000A0402C
:103BD00040EA010C1CEB0C0F4FF0807C07D305D0A2
:103BE0001CEB400F9CBF1CEB410F814270471CEB4C
:103BF000410F98BF884270474FF0FF0C1CEAD0532A
:103C00001DBF1CEAD1526345624543E09B1A5FEA3F
:103C1000CC7280EA010C42EA01211CEA020C42EA61
:103C20000020421A38BF01EB420253F17E034FEAF3
:103C30001121B2FBF1F001FB102260F3D63C4FEAF8
:103C40000222B2FBF1F001FB102260F3CE1C4FEA1E
:103C50000222B2FBF1F006DDFF2B29DA5CEA50000C
:103C600040EBC3507047C3F1020301FB1022192B34
:103C700040EA4C010CF0004C41F0807121DC21FA4B
:103C800003F0C3F120039940114371F1004250EB5E
:103C90000C00704763451ABF0CEAD152624512E02E
:103CA00080EA010C00180CF0004C06D049181AD11B
:103CB0000CF0004C4CF0FF407047C94208BF6FEA5F
:103CC000020C60467047634506D1B2EB0C02F5D09A
:103CD00001F00041484070474A0212BF0846484080
:103CE00000F0004070474AB90902B1FA81F29140F0
:103CF00043B19B18C00140F0004092E7C90141F078
:103D0000004152420002B0FA80F39840D31A88E78B
:103D100038B586B0012818BF00283BD12C20394A7D
:103D20004143501800F1080529788DF80410817876
:103D300001F03F028DF8082001F01F01012202FA74
:103D400001F10391C17801F03F0301F01F0102FA74
:103D500001F105918DF810306A46032101A8FEF7A4
:103D600090F903280CBF0124002401A8FDF762FF8D
:103D700084B19DF800109DF8014044EA01249DF8AB
:103D80000210204600F042F820B92C81F52101A84C
:103D9000FEF7AEF807B030BD38B504460D466A46AA
:103DA000E7212846FEF7ABF9012812D19DF8000063
:103DB00000F07A008DF800000246E6212846FEF762
:103DC0005BF82C200F4A104944431019016201206E
:103DD00032BD002032BD38B52C2204462546094BA1
:103DE000554308465A194FF619411182F321FEF73F
:103DF0007FF828B1782201212046CFF727FA012049
:103E000032BD000070520020113D030030B541EA80
:103E10000021434A0020C0F1170321FA03F4E5070B
:103E200048BF5140401C5208C3B2102BF3DBC8B24C
:103E300030BD1CB50C4601AB04224FF6C9412046EB
:103E4000FEF72BF9042812DB6A46E7212046FEF72D
:103E500056F960B19DF8000000F07A008DF800007E
:103E60000246E6212046FEF707F8012016BD002095
:103E700016BD80B50846F521FEF73AF800B10120DD
:103E800002BD2DE9FC412C23264E5843884614469A
:103E900006446A4603214046FEF7F3F803280CBFA8
:103EA000012500254046FDF7C5FE002D35D09DF8C3
:103EB00000009DF801709DF8021047EA002738467F
:103EC000FFF7A4FF002540BB40F2E24047433F1408
:103ED000A7F13C010A2211FB02F26280707880088F
:103EE0000A280CD16B460222E0214046FEF7D5F8A5
:103EF0009DF800009DF8011041EA002104E031899D
:103F00004FF61940814208D044F2A4404143064A8A
:103F100002EB21422280012000E02846BDE8F68124
:103F20000080980078520020B3EDFFFF3EB50D46AB
:103F300094212846FDF7DCFF0220E1F763FF892189
:103F40002846FDF7D5FF03246A4606212846FEF7DA
:103F500098F8062802D0641EF6D101E001203EBD8B
:103F600000203EBDFEB50E461546032400276A46D6
:103F700006213046FEF785F8062802D0641EF6D1E9
:103F800000E001273046FDF755FE3FB39DF80000E5
:103F90009DF8017047EA0027684600F02BF80024DE
:103FA00038B144F25C4047430D4901EB2741298079
:103FB00001249DF803009DF8046046EA00260DF1F7
:103FC000030000F017F838B143F2D400464336142A
:103FD000A6F516766E8001242046FEBD0020FEBDAB
:103FE0006CEEFFFF80B50846FD21FDF781FF00B1B3
:103FF000012002BD10B5FF220023D9B2415C4A4026
:104000000821540012064CBF84F031022246491E9A
:10401000F7D15B1CD9B20229EFDB405CD2B28242FD
:1040200001D1012010BD002010BD1CB50C4643F28B
:10403000A2012046FDF75CFF0520E1F7E3FE6B4699
:1040400003224FF22D312046FEF727F8032801D135
:10405000012016BD002016BD80B5084642F20B4176
:10406000FDF746FF00B1012002BDFEB50D46144626
:104070006A4606212846FEF704F806280CBF0126EA
:1040800000262846FDF7D6FD30002AD09DF8000016
:104090009DF8017047EA00276846FFF7ABFF00264E
:1040A00058B144F25C4047434FF6FF7197FBF1F182
:1040B00041F294128A1A228001269DF803009DF88D
:1040C000045045EA00250DF10300FFF793FF40B1CE
:1040D00042F2107045434FF6FF7195FBF1F161809C
:1040E00001263046FEBD00001CB500F063F848F222
:1040F0005D012046FDF7FCFE0120E1F783FE6B46E3
:1041000002224EF6C8712046FDF7C7FF022801D1F2
:10411000012016BD002016BDFEB50F4615466A46A5
:1041200006213846FDF7ADFF002606280CBF012406
:1041300000243846FDF77EFD4BF298013846FDF726
:10414000D7FE24B39DF800009DF8017047EA0027D0
:104150006846FFF74FFF38B144F25C4047430D49D2
:1041600001EB2741298001269DF803009DF80440BA
:1041700044EA00240DF10300FFF73CFF28B142F2AE
:104180001070444324146C8001263046FEBD00208C
:10419000FEBD00006CEEFFFF10B500F00BF840B163
:1041A0000120E1F72FFE46F29C012046FDF7A0FE1C
:1041B000012010BD0C4643F217512046FDF798BE72
:1041C0007CB50D4600F043F800F1080672789007C0
:1041D00025D403246B46022201212846FDF75DFF0A
:1041E000022813D1602080218DF800008DF8011085
:1041F00070726B469DF80110B172022201212846AF
:10420000FDF740FE707840F0010070707078C107D3
:1042100005D40120E1F7F6FD641EDBD101E00120A9
:1042200076BD002076BD10B50C4600F010F810F8F1
:10423000103FD90709D4427842F080024270431CF3
:10424000022201212046FDF71DFE012010BD2C2178
:104250001C4A4843104470471CB5084614466B4638
:1042600002220021FDF719FF022829D19DF8001034
:10427000FF2904BF9DF80110FF2921D09DF80100FE
:104280009DF80010C20708D5C00840EA4110B0F5FB
:10429000805F0ADB40F4604007E0000940EA01105B
:1042A000B0F5006FA8BF40F47040F6F7A1FC002203
:1042B000054BCDF7C1FFCDF7A3FF2080012016BD30
:1042C000002016BD705200200000194010B50120DA
:1042D000CFF743F8040001D1002010BDDDF71EFB2D
:1042E000CDF76EFF6060204610BD30B50549064C25
:1042F0000A7815462C2045436019044BC361521CB3
:104300000A7030BDE876002070520020CD420300D4
:1043100030B400BF08A191E83C0080E83C0030BC0C
:104320007047024A02EBC00000F075B83C1500006F
:104330002421D0F727B80000020000000000000090
:10434000FFFFFFFF0000000030B5054681B02C687C
:10435000D1F7D9FFA178C1B900226270D1F7FAFF75
:104360009B488168002944BF4FF0FF326260994941
:104370000160284600F016F8207A02280AD101B020
:10438000BDE830409448F6F7DCBE01B0BDE83040EF
:10439000D1F7E0BF637A6269616824692846A04763
:1043A00001B030BD10B584B004686069617A8B4A91
:1043B000012990F8211004D1126840699368984748
:1043C00010E01268936868469847606990F8212069
:1043D0004169684600F016F9002814BF60686FF064
:1043E0000300606040217E4801608022026000235B
:1043F000C0F8FC320220D3F714FF7A48F6F7A1FE8A
:1044000004B010BD00B581B000F037F97649012045
:10441000087001B000BD70B505460C462E68D1F796
:1044200072FF71490A780AB1317819B1D1F792FF58
:10443000002070BD01213170D1F78CFF04B96B4CA5
:104440002078307261683161207802280CBFA06842
:104450000020F0600A20D3F764FF284670BD026890
:10446000002111700A20D3F7F5BE2DE9F04F0D465B
:10447000804681B02868D8F800608468D0F804903D
:10448000D8F80470DFF85CA1F16893465046F6F75F
:104490004DFE20B16FF0010001B0BDE8F08F0021AA
:1044A0007060B17086F809B0756142465049514854
:1044B000D1F731FF39782720D1F740FF0622A1B28A
:1044C000484600F034F988B94B4F454C39684A6981
:1044D000272090470220C4F8FC020620F96C4A68A5
:1044E000904758B140202060802121605046F6F767
:1044F00028FE4FF0FF3001B0BDE8F08F0220D3F767
:10450000FBFEFA6C95F820102869D3699847FB6C7C
:1045100095F8211095F82000D3F800C0BBF1010FE9
:104520000CBF01220022E047E869C4F850010021D5
:10453000C4F85411A969C4F8581159B1D7F84CC03E
:104540006868DCF8109000230022C847F96C2B48FB
:104550008A699047307A042803D039680A6927208D
:104560009047EA68A868EB69FD6C2E691946B04768
:10457000D8F8005001206870287A042814D1F96C0A
:104580001F488A699047002844BF4FF0FF31696097
:104590000020687040460F49C4F88413FFF702FFFB
:1045A000686801B0BDE8F08F022808D14FF0FF31F4
:1045B0000948F6F7BBFD686801B0BDE8F08F002040
:1045C00001B0BDE8F08F01224FE702224DE7000065
:1045D000884702400300008084660020FC01001030
:1045E000044402403466002043770020384303002F
:1045F00049430300D4660020B0010010020000808F
:104600000100008003B481B000208DF800005AB38F
:10461000D1070DD5019802999DF8003090F800C09F
:10462000087880EA0C0C4CEA03038DF80030012076
:10463000520819D00199029B9DF800C0095C1B5CCF
:10464000594041EA0C0C8DF800C0401C0199029BB6
:104650009DF800C0095C1B5C5940401C41EA0C0CF1
:10466000521E8DF800C0E5D19DF80000401E80412B
:10467000C00F03B070470000FEE730B583B0D1F73C
:1046800042FE124D04462878D0B96846D1F75AFE4A
:104690004FF0FF31002201918DF808206B460C4A43
:1046A000272105F1A400D1F70BFE0121281DF6F703
:1046B00007FD002105F15400F6F702FD01202870E6
:1046C0002046D1F747FE03B030BD00003066002021
:1046D00079460300F0B5002918BF0028444C0BD0E0
:1046E000444D03262E60AF6817F0030FFBD1012560
:1046F000414E35602060A160002B18BF002A04D015
:104700003E49012008602262A362F0BD10B5044654
:104710000120E1F75DFB3749886820406FF39D0079
:104720000028F5D0886804400C60204610BD2DE9B3
:10473000F04788B080460D46924620216846CFF764
:1047400021FE0026102D05D0182D05D0202D08BFE4
:10475000032602E0012600E002260127284CDFF8AC
:10476000A49007FA0AF767602720D9F800104A6971
:10477000904725480121016003222449426001231A
:104780000B608260A068864218BFA660182D276063
:104790000BD1182241466846D1F760FC0023002265
:1047A00020216846FFF796FF05E0002300222946F6
:1047B0004046FFF78FFF1648FFF7A8FFD9F8001013
:1047C0000A6A054627209047D9F800100A69272071
:1047D000904715F0404F04D1606820FA0AF0C107F5
:1047E00001D4012000E0002008B0BDE8F0870000FF
:1047F000044002408847024000004842000448420A
:1048000000440240B00100108047024000470240CF
:10481000030000C030B400BF0AA191E83C0080E86A
:104820003C0030BC70470021002200238C4680E809
:104830000E107047024A02EBC00000F064B800009E
:10484000441500000200000000000000FFFFFFFF11
:104850000000000030B5054681B02C68D1F753FD4B
:10486000002184F8241094F8211003291EBF042984
:10487000002184F82510D1F76DFDDFF8BC028168B6
:10488000002944BF4FF0FF32E261DFF8B01201604F
:10489000284600F014F894F82000022806D101B050
:1048A000BDE83040DFF89802F6F74BBC94F82130B1
:1048B0002268E16964682846A04701B030BD10B5A0
:1048C0000468DFF88002402101608022026000233A
:1048D000C0F8FC3294F8261031B1DFF86C02F6F71C
:1048E00030FC002184F826100220BDE81040D3F7E8
:1048F00098BC00B581B0FFF7C0FEDFF85012012070
:10490000087001B000BD70B505460C462E68D1F7A1
:10491000FAFCDFF83822117811B196F8221019B19B
:10492000D1F718FD002070BD012186F82210D1F7C3
:1049300011FD0CB9DFF81842207886F82000616874
:104940007160207802280CBFA0680020B0600021B0
:10495000012086F8230086F8241086F8251086F8B2
:1049600026100A20D3F7DDFC284670BD026800211E
:1049700082F822100A20D3F76DBCF0B5044681B04E
:1049800027680D461646D1F7BEFC97F8251029B1C9
:10499000D1F7E0FC4FF0FF3001B0F0BD012187F806
:1049A0002510D1F7D7FC296807F10C0091E88C108D
:1049B00080E88C1032462946204601B0BDE8F04020
:1049C00003E00122D9E70222D7E72DE9F04780462C
:1049D0000E46D8F80040D8F804706569D4F81090F5
:1049E00094F82300924658B1A1685748F6F79EFB09
:1049F00018B16FF00100BDE8F087012084F82600AF
:104A000084F821A026600020E061424651495248C6
:104A1000D1F781FC39782720D1F790FC0622A9B282
:104A20004846FFF784FE70B194F8260028B1464846
:104A3000F6F787FB002084F826004FF0FF31E16194
:104A4000E069BDE8F0873F4D444FD5F8800320F082
:104A50000200C5F8800394F82000042803D13968C7
:104A60004A69272090470220C5F8FC020620F96C0D
:104A70004A689047A8B14021296080222A6094F8B2
:104A8000260028B13048F6F75CFB002084F82600A9
:104A90000021C5F8FC124FF0FF30E061E069BDE88D
:104AA000F0870220D3F728FCBAF1020F1CBFBAF13D
:104AB000040FBAF1060F01D1002000E00420C5F870
:104AC0004C010020F368C5F85031C5F854010121AC
:104AD00084F824101946FC6CB26870682669B047E7
:104AE000D8F8004094F82000042818D1F96C134835
:104AF0008A699047002844BF4FF0FF31E161E669C1
:104B0000002084F8240094F8210003281EBF042804
:104B1000002084F825004046FFF7D1FE09E0022876
:104B200006D14FF0FF310648F6F700FBE66900E0DA
:104B300000263046BDE8F08788470240010000802B
:104B4000846600200444024034660020447700203C
:104B50004448030055480300D4660020B00100100B
:104B600070B544688568D1F7CEFB0646207890B1D1
:104B7000AA480188491E018089B211B9001DF6F7C3
:104B8000D3FA2878D1F7FFFB002020703046BDE82B
:104B90007040D1F7DFBB70BD6FF0010070472DE9A9
:104BA000F04381B0476885687878894620B14FF036
:104BB000FF319B48F6F7BAFA0220D3F79DFB994CD8
:104BC000206801280CD00220D3F72BFB787810B195
:104BD0009348F6F7B6FA4FF0FF3001B0BDE8F08326
:104BE000914E687831688847D6F8580141698847FE
:104BF000E87818B9D6F8580181688847AA7A697A9E
:104C0000287A00F01FF9894900200860D6F8582159
:104C1000906A804780468648016801F4906181600F
:104C20003020D1F74BFBD6F8580141688847012066
:104C300020600220D3F7F5FA787810B17848F6F7BB
:104C400080FAA87898B1D6F85811287A8A699047DE
:104C5000D6F85811CA690746287A9047D6F85831CD
:104C60001D68024639461FFA88F0A8478046A9F811
:104C70000080002001B0BDE8F0832DE9F04F06462A
:104C800081B03068654D87688B4691464FF0FF31A3
:104C9000281DF6F74BFA63490868012401284FF0F4
:104CA000000807D0281DF6F74CFA4FF0FF3001B08E
:104CB000BDE8F08FDFF870A1DAF858014169884744
:104CC000F87818B9DAF8580181688847BA7A797A99
:104CD000387A00F0B7F8B87858B1DAF85811387A5D
:104CE0008A699047DAF85811CA690446387A9047B9
:104CF00080465FEA090021D000945846DFF82CB1C5
:104D0000044630688768DAF8001078788847002011
:104D1000CBF80000DAF85811886A8047B97839B1C1
:104D2000DAF858310099D3F800C0424680B2E04723
:104D3000361DB9F1010924F8020BE2D13D494FF4C7
:104D4000906008603020D1F7B9FADAF8580141686C
:104D50008847344A01201060281DF6F7F2F9002038
:104D600001B0BDE8F08FF0B581B08568A8780C4639
:104D700080B9314E3168287A8A6990473168CA69AA
:104D80000746287A90473368024620461C68394611
:104D9000A0470446287A58B9274A1368E87821467C
:104DA00000281C6B14BF25482548A04701B0F0BD62
:104DB000214A6868136821461C6BA04701B0F0BD0A
:104DC00040680021017070472DE9F0410446666893
:104DD000A5680F46D1F797FA8046307828B140464B
:104DE000D1F7B8FA0020BDE8F081012030703979A0
:104DF0000A4F7170388818B90121381DF6F760F92B
:104E00003888401C38804046D1F7A4FA287846F20A
:104E10000201E2F7E5FB2046BDE8F081746B00205B
:104E2000786B002008800C408C0000101C900C4017
:104E300030500C4038500C40E4010010E09C410020
:104E4000648F160038B5064B1C682569A8470348CF
:104E5000032101700170017031BD000018B00C40D9
:104E6000E401001040680021017070476FF00100FC
:104E70007047F0B5DFF8D87304460D46386881B046
:104E800016464FF0FF31F6F751F9324629462046D3
:104E900000F075F904463868F6F753F9204601B07A
:104EA000F0BD806802680A604068DFF8A8234860A7
:104EB0001068800200F470508860704730B5DFF8E9
:104EC0009403DFF88C5381B00068800200F47050C6
:104ED000411EC9436860A9600120F6F706F904463F
:104EE000D1F711FA296829B92C6001B0BDE830402A
:104EF000D1F730BAD1F72EFA2CB1204601B0BDE877
:104F00003040F6F709B901B030BDDFF8442300B5F1
:104F1000106881B0F6F70AF908B16FF0020001B02D
:104F200000BDF0B5DFF828430546206881B018B908
:104F3000FFF7C4FF206818B3DFF81C130A78954206
:104F40001ED205EB4500C54980000A1D0E181558F4
:104F5000B76820684FF0FF31F6F7E8F828780128A5
:104F60000BD060683968421E114206D179688142CF
:104F700003D3A0680840814205D02068F6F7E1F825
:104F8000002001B0F0BD012028702068F6F7D9F8A4
:104F9000304601B0F0BD2DE9F04187680C461E4651
:104FA000786831198842904638BF6FF003000FD3FC
:104FB000A74D28684FF0FF31F6F7B8F838680119A7
:104FC00032464046D1F74AF82868F6F7BAF800208A
:104FD000BDE8F0819E480068F6F7B3B82DE9FA4FB6
:104FE000054683B0A8680190164642680399049864
:104FF000411800248A42A04638BF6FF00300C0F079
:10500000BB8093480E9F00684FF0FF31F6F78EF893
:10501000F807029613D58E49049A896804980A40C5
:10502000884302D08A4B58688218039B194028464F
:1050300000F0A5F85FEA000840F0998035E0B80775
:1050400033D5019903980968411804980022334622
:1050500002E0521C091D1B1D824225D20E781D78CC
:105060002E40B54217D1521C82421DD24D785E7837
:105070003540AE420FD1521C824215D28E789D78B7
:105080002E40B54207D1521C82420DD2CD78DE7837
:105090003540AE42DDD06E480068F6F752F86FF04A
:1050A000060005B0BDE8F08F049001990398D1F88F
:1050B0000090029E049D814400F0AEF88DF800003F
:1050C00004E000BFA5EB0A055644D14495B1082D74
:1050D0008CBF4FF0080AAA46D1F715F9834652460D
:1050E00049463046F8F737FE04465846D1F732F9BC
:1050F000002CE7D09DF8000028B1594A59481368A0
:105100005D680121A8475848016821F0300101601D
:105110005CBB78072BD5019B03981B68029AC318C8
:105120000498002102E0491C1B1D121D81421ED261
:1051300017781C78A74218D1491C814217D255789C
:105140005C788DF80040A5420FD1491C81420ED2F7
:1051500094789F78BC4208D1491C814207D2D57807
:10516000DC788DF80040A542DDD04FF0FF3838499B
:105170000868F5F7E6FF404605B0BDE8F08F2DE979
:10518000F043334F1546BA6881B00E46806800245C
:1051900002EA06039E4218BF6FF0040039D141684D
:1051A0008E4228BF6FF0030033D2AB19994202D36D
:1051B0002A40954204D06FF0050001B0BDE8F083AD
:1051C0000068361800F028F8804602E078688619F2
:1051D0002D1A5DB1D1F797F881463046F8F7B2FD48
:1051E00004464846D1F7B6F8002CEFD0B8F1000FCE
:1051F00005D01B4A1B4813685D680121A8471A485F
:10520000016821F030010160002C14BF4FF0FF3025
:10521000002001B0BDE8F08370B5114C114D21683C
:105220008A682846904706460F48016841F03001D9
:105230000160F0B250B122685368002128469847B7
:1052400021688A68284690470028F9D1F0B270BDDD
:10525000A874002030240340C3CC02006415000071
:10526000D80100100040034004400340F0B5DFF8CF
:105270007C570446E86987B04FF0FF31F5F756FFD9
:105280006768A66878686861318CA961706958BBE5
:10529000308B05F110010A5C531E05F11002135406
:1052A000328B885C00BB204600F062FBB9208DF891
:1052B00000002046A96989B200F0B4FB00200390E9
:1052C00001210191CDF808D001A9686900F0FAFB2D
:1052D000A96989B2204600F009FC786800F0ACFBAF
:1052E000318B002045F821002046A96989B200F0E1
:1052F00007FC00203870E869F5F723FF07B0F0BD20
:1053000070B50546202988B018BF6FF0010030D174
:105310006868DFF8D86641687161A868018CB1617E
:10532000284600F025FB10B14FF0FF3420E0C720E5
:105330008DF800002846B16989B200F073FB0020A7
:10534000039001210191CDF808D001A9706900F006
:10535000B9FBB169002814BF00244FF0FF3489B2B3
:10536000284600F0C3FB1CB9284600F001FB0446A8
:10537000204608B070BDF0B5DFF8707604460D46E3
:10538000F86981B016464FF0FF31F5F7CFFE32468F
:105390002946204600F010FA0446F869F5F7D1FED8
:1053A000204601B0F0BD80684FF0FF320A604368CC
:1053B0004B6080688860704710B500F040FB0120AA
:1053C000F5F793FE0446D0F79EFFDFF82026D1695B
:1053D00021B9D461BDE81040D0F7BCBFD0F7BAFF07
:1053E00024B12046BDE81040F5F796BE10BDDFF8A9
:1053F000FC2500B5D06981B0F5F798FE08B16FF0D3
:10540000020001B000BD2DE9F041DFF8E05504468F
:10541000E86990B020B9FFF7CFFFE869002842D0D3
:10542000DFF8CC150A7894423DD2E869DFF8C485EC
:105430004FF0FF31F5F77AFE04EB4400840008F1E9
:10544000040108F108000F5939780659012927D0BD
:10545000B068421ED143B9603368134220D17268EC
:1054600082421DD311408A421AD1706910B100687E
:1054700078602AE0308B042812DA55F82000C8B989
:1054800007A800F017FBF0690B9000218DF8281099
:105490008DF81C1007A9308BC0B200F0EBFA30B9C0
:1054A000E869F5F74EFE002010B0BDE8F081318BC1
:1054B00045F8210005F11002308B55F82010796075
:1054C00005F11001135C5B1C0B54A0447868686103
:1054D0004046318CA96100F093FA01203870AB216D
:1054E0008DF800104046A96989B200F09BFA0020AF
:1054F000039001210191CDF808D001A9686900F05D
:10550000E1FAA969002814BF00244FF0FF3489B2E2
:10551000404600F0EBFA14B9404600F029FAE86979
:10552000F5F70FFE404610B0BDE8F0812DE9F041DF
:1055300004460D46A06890461F4641687A1991427C
:1055400038BF6FF0030011D3DFF8A064F0694FF0AB
:10555000FF31F5F7EBFD3B4642462946204600F079
:10556000B7F90446F069F5F7ECFD2046BDE8F08197
:10557000DFF87804C069F5F7E4BD00002DE9FA4FC3
:105580008BB08046002114460391D8F808200C986F
:10559000029251680B9AD8F804508218914238BF91
:1055A0006FF00300C0F00481DFF84074F8694FF039
:1055B000FF31F5F7BBFD686802997861088CB86126
:1055C00004941698C1071BD5A9680C9A0C980A4038
:1055D000884302D0029B986882180B9B1940404672
:1055E00000F0EAF80028039040F0DE8000E00C9420
:1055F00002990B980E68DDF810900C9C861933E028
:105600008007F5D50299C86800281CBF0D69002DD8
:1056100000F09F80A246DDF82C900C9C2B460026C3
:10562000834605E0761C5B1C0AF1010A09F10109B9
:10563000A642DCD2AB4207D15A464946404600F06A
:1056400047F90028D3D100239AF800001BF8031073
:1056500001408842E6D06FF00600A4E0B96989B243
:10566000404600F043FAD944002C66D0404600F092
:105670007FF900285ED1B96989B2404600F0D2F9BD
:10568000002007900121059105A90FF27032786979
:10569000069200F017FAB969002814BF00254FF0F0
:1056A000FF3589B2404600F021FA002D42D106F0C4
:1056B000FF00C0F58070A346844288BF8346022164
:1056C0008DF80010320C310A8DF802108DF801208F
:1056D0004046B9698DF8036089B200F0A3F9002053
:1056E000079004210591CDF818D005A9786900F03C
:1056F000E9F95E44A4EB0B04E0B10020DA464D4624
:10570000079075B901788DF8041001AA0125069259
:10571000059505A9786900F0D5F958B1BAF1010AE3
:105720009CD07869CDF814A0069505A900F0CAF9B7
:10573000002893D14FF0FF3035E016984107C2465C
:1057400032D50298C06800281EBF02990C69002C4F
:1057500007D1F869F5F7F5FC6FF007000DB0BDE86B
:10576000F08FDDF82C90DDF810800C9D234600268C
:1057700083460CE05FF0000318F8010B1BF80310E0
:1057800088427FF468AF761C5B1C09F10109AE42C8
:1057900008D2A342F0D15A464946504600F098F844
:1057A0000028E7D000200390F869F5F7CAFC0398B9
:1057B0000DB0BDE8F08F00002DE9F04D88B04468D1
:1057C000A668836806EA0105A94218BF6FF00400C5
:1057D0000DD15D68A94228BF6FF0030007D25718AA
:1057E000BD4202D31640B24204D06FF0050008B0AB
:1057F000BDE8F08D7D4E64680FF2002874614FF0B3
:10580000FF3B1D8CB56182461C6801930F1914463D
:1058100004E000BF00F06AF9EF19641B002C53D0BC
:10582000504600F0A5F820BBB16989B2504600F09F
:10583000F9F80020049001210291CDF80C8002A912
:10584000706900F03FF9B169002814BF00255D467A
:1058500089B2504600F04AF95DB94FF6FF708442B4
:105860000BD9390409D1D8204FF480358DF80000C8
:1058700008E0584608B0BDE8F08D01988568202101
:105880008DF80010390A8DF80210380C8DF80100DF
:105890008DF803705046B16989B200F0C3F800205A
:1058A000049004210291CDF80CD002A9706900F097
:1058B00009F9B169002889B25046ABD100F016F958
:1058C000584608B0BDE8F08D002008B0BDE8F08D66
:1058D0002DE9F0410E46044688B06168A068434F48
:1058E00015464A687A619846018CB9610068861944
:1058F000204600F03DF870BB03218DF80010320CFB
:10590000310A8DF802108DF801208DF803602046D1
:10591000B96989B200F086F8002003900421019152
:10592000CDF808D001A9786900F0CCF8B0B1002119
:105930000291CDF80480039501A9786900F0C2F8BE
:10594000B969002814BF00254FF0FF3589B2204601
:1059500000F0CCF8284608B0BDE8F081B96989B2FA
:10596000204600F0C3F84FF0FF3008B0BDE8F081EA
:105970002DE9F043804687B0D8F808501EA61B4F8B
:105980004FF0FF3903E0686A08B1DCF73EF8B96907
:1059900089B2404600F046F80020039001210191B1
:1059A000029601A9786900F08DF80020029001218B
:1059B0000191CDF80CD001A9786900F083F8B9699C
:1059C000002814BF00244C4689B2404600F08EF8EF
:1059D00024B1204607B0BDE8F08300BF9DF8000069
:1059E000C107D0D4002007B0BDE8F083A871002023
:1059F000C3CC020064150000050000000600000092
:105A000010B50C464FF6FF718C4207D0E1F78CFDC4
:105A1000E0B2BDE810400249E1F7E2BD10BD00BFB1
:105A2000016000204FF6FF729142084603D000212A
:105A3000C0B2E1F74FBE704701680A68104770B501
:105A4000D0F761FC18490546087860B9012217486B
:105A50000A7004783CB1164E304656F80C1B8A6822
:105A60009047641EF8D12846BDE87040D0F772BC5C
:105A70000000000030B50C4C237881B000227BB1CF
:105A80000A4C2578A8420BD209B900BF0FA100EB40
:105A900040029200064B98189B58DA6890470246DD
:105AA000104601B030BD00004977002067CF0200EA
:105AB000D8150000F0B500BF04A191E8FC5080E8C3
:105AC000FC50F0BD02681369184700000000000098
:105AD000FFFFFFFF000000000000000040420F0039
:105AE0000800000000000000000000004FF6FF72F8
:105AF0009142084603D00121C0B2E1F7EBBD7047E7
:105B00007047000070472DE9F041054682B0AE684D
:105B10006F680C46D0F7F7FB397829B1D0F71AFC3B
:105B2000002002B0BDE8F08101213970D0F712FCED
:105B3000684600F05BF9042140F60A228DF8001057
:105B4000ADF80220002101228DF806108DF8042006
:105B50006946707800F04FF95FEA00081DD0207C9C
:105B6000824900B982493078E1F73AFD2078B8706F
:105B700061687960207A3873E1683961207C7968DE
:105B80003876C7F81C80284600F010F850B13078FD
:105B9000D0F7F9FB404600F089F90020387002B0D8
:105BA000BDE8F081284602B0BDE8F0812DE9F04162
:105BB00046683769B078884600F092F8317B044631
:105BC0003A4600F0A9F805466FF07F40844205D2BE
:105BD00024B1681E844201D3002D03D56FF002006A
:105BE000BDE8F081F069C6F80480B460214600F099
:105BF0000FFA376175612946F06900F023FA002039
:105C0000BDE8F08170B545682E7BA8680C46224639
:105C1000314600F081F86FF07F41884209DAAA68C6
:105C2000521C824203D2310018BF022E01D000283C
:105C300002D56FF0030070BD68610146E8692C6110
:105C400000F000FA002070BD2DE9F0474668884654
:105C500091467768B078494600F042F8317B0546B6
:105C6000424600F059F8824600246FF07F4085429A
:105C700004D21DB1AAF101018D4203D26FF00200DE
:105C8000BDE8F087824528BF6FF0030026D2C6F832
:105C90000490B560C6F81080C6F814A0D0F733FBA6
:105CA0008046707850B1102F04D3F06900F0E4F909
:105CB000102803D2F06900F083F90124F069294625
:105CC00000F0A6F9F069514600F0BCF914B1F06992
:105CD00000F04EF94046D0F73DFB0020BDE8F087CC
:105CE00030B583B005460C466846DBF76EFE45B11D
:105CF000012D02BF0198B0FBF4F4641E204603B0EE
:105D000030BD01981B4AA4FB00010023E1F74EFEC1
:105D1000441E204603B030BD70B582B005460E4625
:105D200014466846DBF751FE1CB92C46204602B0EB
:105D300070BD16B1012E0AD012E001980D4AA4FBE5
:105D400000010023E1F732FE2C1A641C09E0A5FBD8
:105D500004014FF0FF320023E1F728FE2C1A00E087
:105D60002C1B04B96C1C204602B070BD01630020DE
:105D70000063002040420F0010B584684068002195
:105D80004170C06900F01CF92078BDE81040002186
:105D9000E1F77EBC10B582684468E169012060705B
:105DA0004B681078197AE1F773FCE069BDE81040A0
:105DB00000F0DEB810B5816844680878D0F7E3FADF
:105DC000E06900F073F80020E061207010BD10B5AC
:105DD0000024202906D111784268D06900F062F9C8
:105DE000204610BD6FF00104204610BD0FF20431B3
:105DF0000822D0F733B9F0B50C00DFF8D41200EB6D
:105E0000400201EB820508BF0FF2E82481B06E6802
:105E10002F68207838B9B4F90200212818BF222849
:105E200013D1287A88B9D0F76EFA217839B9797800
:105E3000BA78114307D101217970B9700AE02A7A42
:105E40003A44517821B1D0F785FA002001B0F0BD75
:105E500001215170D0F77EFA20783870B079D2F7EE
:105E600060FA6868296800680A780FF26C2302609B
:105E7000297AC1EBC1025200995A2379B4F9022060
:105E8000012B637908BF42F48062012B08BF42F006
:105E90001002B1F57F4F0CBF0830001D026028468C
:105EA000A17900F0FFF8284601B0F0BD2DE9F041DE
:105EB0000446207A636825681A68C0EBC001480070
:105EC0000FF2142101EB000C0E1DBCF80270365AC3
:105ED00002F10C0E40F20110DEF80080BCF800C0A8
:105EE00000EA0C0028EA0000CEF800004FF04E084F
:105EF000DEF8000008FA07F720EA0707CEF800707E
:105F0000207AC0EBC00701EB4707F98838890843BE
:105F100079890143B88940EA010C02F1180002F1C5
:105F20002407016821EA0C01B218016002F1280679
:105F3000C7F800C04FF0FF3002F130013060086058
:105F400002F1380700203860002642F8406F987947
:105F5000D2F780F9D0F7D7F9297811B96E70A97006
:105F600002E0237A691CCE54BDE8F041D0F7F2B9C3
:105F700070B504466068016851F80C2F94F8083039
:105F800055A0C3EBC3056D00465B40F2011006400F
:105F900032430A602568D0F7B6F9227A2A4492F88B
:105FA000441019B1BDE87040D0F7D4B9012182F88E
:105FB0004410D0F7CFF9BDE870400220D2F79CB969
:105FC00070B504466068016851F80C2F94F80830E9
:105FD00041A0C3EBC3056D00465B40F201100640D3
:105FE000B2430A602568D0F78EF9227A2A4492F8E3
:105FF000441019B9BDE87040D0F7ACB9002182F85F
:106000004410D0F7A7F9BDE870400220D2F709B9D3
:1060100030B4047AD0F804202FA300681268C4EBCF
:10602000C40503EB4505AB8804789B18042C05D107
:1060300003F138020802000E89B2106043F8281FED
:1060400030BC704730B4047AD0F8042022A3006832
:106050001268C4EBC40503EB4505AB8804789B18B4
:10606000042C05D103F140020802000E89B2106031
:1060700043F8301F30BC7047014600BF16A3486884
:106080000268087AC0EBC00C03EB4C0CBCF804307F
:10609000D21852F8480F09680A78042A08BF20F07D
:1060A0007F40704730B581B04368007A0AA2C0EBE8
:1060B000C0046400105B4A1E01461868054B1C684A
:1060C000E5689241D243D20FA84701B030BD00002D
:1060D00048160000C8010010FF0000000000010089
:1060E00002000400100000FF08000400000100028C
:1060F000000400080000220000010000F0B5054681
:1061000081B0AE6830686C6850F8041F21F002015D
:1061100001602046D0F7F5F8D4F8CC0000F076FE08
:1061200004F13000F3F730FB94F8F80018B904F1EB
:106130006C00F4F7F9FF6F68AD6895F83800D0F798
:1061400022F995F83900D0F71EF995F83A00D0F702
:106150001AF997F8FB00D0F716F9307BD2F77AF8E6
:1061600004F11C00D2F777FA002084F8FD0001B09A
:10617000F0BD70B5446885684FF0FF3304E01678D1
:10618000FF2E26D10022232120290DD065D32229DC
:10619000F5D013D3242930D025D326293FD034D3AA
:1061A0006FF00103184670BD94F8F900012803D17F
:1061B000012184F8FC100023184670BD94F8FB0000
:1061C0000021E1F74FFA002084F8FC000023184674
:1061D00070BD94F8FB00D0F7D6F884F8FB60304629
:1061E000696BE1F755FA94F8FB00FF28E3D0D0F78C
:1061F000CAF8FF2084F8FB00DDE7D4F8C0000028CF
:10620000DAD1012184F8FE10D5E7D4F8C0000028C7
:10621000D2D10021002384F8FE10184670BDD4F8B6
:10622000C00000281CBF94F8FE000028C4D02968D4
:1062300001F12400026842F0030202602B696869E0
:10624000D4F8CC2003435068046844F8283F51F840
:10625000040F40F002000860ADE76FF0010318463C
:1062600070BD00002DE9F04786683268456802F18C
:106270001C0102F1200309681960C9072CD5D5F863
:10628000C01021B103220A74BDE8F0476CE3101D71
:10629000016821F00201016002F124000468A408F1
:1062A000A4000460316970690143D5F8CC004468EA
:1062B000256845F82C1F4068046804F204542160E6
:1062C000012152F8140F4008400010601960304658
:1062D000BDE8F04700F0DBBC31697069D5F8CC202F
:1062E00001435068036803F204530224C3F800100A
:1062F000D5F8C010002900F0B480D5F8E00020B92E
:10630000F769B26905F1D80303E0776A326A05F1EB
:10631000DC03D5F8CCE0DEF80480D8F80090D6F89D
:1063200014C009F20459D9F800A01AEA0C0F1AD0C7
:10633000926812F0070F02BFD5F8D020D1F8008084
:10634000424510D14A6972B9326852F8248F28F058
:106350000208C2F80080DEF80420D2F800E00EF255
:10636000045ECEF800C0BA6812F0070F76D11A6842
:10637000002A73D0D5F8D470D21900280CBF202081
:106380000020C5F8E000C5F8D42000201860D5F83A
:10639000D0200868824224BFD5F8D430834214D27A
:1063A0003146284600F0AAFB95F8FE00002855D09B
:1063B000D5F8CC0041680868716900F2045213688E
:1063C0000B424BD040F8281F48E000200874D5F855
:1063D000C82012B9C5F8C81010E0506968B15269F8
:1063E000506950B10246506938B1024650690028E0
:1063F0001EBF024650690028F1D151610846496923
:10640000C5F8C01000224261D5F8E00000280CBF9A
:10641000D5F8D800D5F8DC00C5F8D000C5F8D420F0
:1064200091B13146284600F069FB95F8FE0088B12D
:10643000D5F8CC0041680868716900F2045213680D
:106440000B4207D0283004E0306850F8241F890838
:106450008900016005F13000F3F79EF9641E7FF4B6
:1064600047AFBDE8F0874068002180F8FD10704715
:106470002DE9F043044685B0D4F80490A7680D4692
:10648000CFF741FF99F8FD1019B96969091F0D2966
:1064900005D3CFF75FFF002005B0BDE8F0830121F1
:1064A00089F8FD10CFF756FF2869C9F8E40069693B
:1064B000C9F8E810287B89F8F900297889F8F810DC
:1064C00000216868C9F8EC0089F8FC10C9F8C01010
:1064D000C9F8C410C9F8C810287E0FF68C0151F80D
:1064E000201089F8FA10FA89A9F8F620287B0028EC
:1064F0000CBF10200120C9F8F000002089F8FE0030
:10650000387BD1F70EFF204600F0F6FB97F83B00F2
:1065100089F8FB00D4F8048098F8F900A6680128EF
:106520001FD1F16A96F83800E1F7B2F8B16A96F82F
:106530003900E1F7ADF8316B96F83A00E1F7A8F8C9
:10654000716B98F8FB00E1F7A3F898F8FB000FF2E5
:10655000D161CFF701FF98F8FB002146CFF707FF85
:1065600013E0B16A96F83800E1F792F8F16A96F80C
:106570003900E1F78DF8316B96F83A00E1F788F8C9
:10658000716B98F8FB00E1F783F86846CFF7DAFE05
:1065900000946B467879DFF8B8270190484639793E
:1065A000CFF78EFE6846F3F7BDF800946A46B868E8
:1065B0000FF24901029009F13000F3F7BBF800F047
:1065C000F1FBC9F8CC0023460FF28D72042109F1CA
:1065D0001C00D1F710FE99F8F80038B9002109F134
:1065E0006C00F4F76DFD0FF20D5000E0A868C9F8DB
:1065F000BC0005B02046BDE8F083000070B504463D
:106600006568D5F8C800E8B1D5F8C8607069C5F804
:10661000C80000217068716110F0704F06D128B178
:106620000620D1F7FEFD0420D1F7FBFD0220D1F7B3
:10663000F8FDD5F8BC20314620469047D5F8C80073
:106640000028E1D170BD00002DE9F24F044682B070
:106650000868D4F804B0A568002800F00C81CFF7D2
:1066600052FE06460299DBF8E8000A7A09288041C2
:10667000C04302F0010212EAD07F01BF0A4611793D
:1066800001F0010111EAD07F05D1DBF8C000A8B10B
:106690009BF8F80048B90298032101743046CFF7FF
:1066A00059FE002003B0BDE8F08FDBF8C4104A614A
:1066B00006210298CBF8C400017416E0CBF8C02084
:1066C00000200299CBF8D000CBF8D400CBF8D8004A
:1066D000CBF8DC00CBF8C4109BF8FC00DBF8C4104E
:1066E000002814BF0520012008740020DBF8C41026
:1066F00048619BF8FC00012808D102218BF8FC10AE
:106700004FF4E0219BF8FB00E0F7ACFF02984068F3
:1067100010F0704F06D128B10420D1F7EDFD06200E
:10672000D1F7EAFD0220D1F7E7FD9BF8F800002839
:1067300040F0A4800298EA6B0168914280F09E804C
:106740009BF8FC00002840F099809BF8F900002895
:106750001CBFDBF8EC0010F1010F40F08F803046D9
:10676000CFF7F8FD0298876837B1DBF8E800092811
:106770002CBF0221012102E00BF1F4070021029855
:10678000406848B18146DBF8E80009282CBF4FF08B
:10679000020A4FF0010A03E00BF1F6094FF0000A7C
:1067A00002980668286850F8042F42F00202344626
:1067B0000260C6B3CDF80410DFF89885DBF8E80076
:1067C000761E092819D201E0D144641E4CB1D8F8D4
:1067D000003099F800102868D3F808C0E047002876
:1067E000F2D1D8F800302868D3F80CC06946E047E9
:1067F0000098387013E0D144641E44B1D8F80020EA
:10680000B9F800102868936898470028F3D1D8F8A1
:1068100000202868D3686946984700983880019915
:10682000CF19002ECAD12968DBF8F00051F80C2FDF
:10683000024219BF0121002200210122102818BFA5
:1068400011460029EFD10298406810F0704F06D130
:1068500028B10620D1F7E5FC0420D1F7E2FC0220A4
:10686000D1F7DFFCDBF8C01000200874CBF8C000C3
:10687000CBF8C400012003B0BDE8F08FDBF8D800EE
:106880000028DBF8DC0029D018B92946584600F06A
:1068900035F9286850F8141F41F0010101603046B5
:1068A000CFF758FD9BF8F8000028E3D1DBF8EC1097
:1068B0000BF16C00F4F73AFC0028DBD0DBF8C010D9
:1068C00003200874204600F04FF800210BF16C0003
:1068D000F4F72CFC002003B0BDE8F08F0028D4D1E1
:1068E0002879DFF87074CFF710FD2869D7F810C049
:1068F00090FAA0F0B0FA80F1DBF8CC004368186899
:10690000DCF804300222984768693F6990FAA0F0E9
:10691000B0FA80F1DBF8CC00436818687B6802228B
:1069200098472879CFF7CAFC2879CFF7F0FC294699
:10693000584600F0E3F80020DBF8C010CBF8E00088
:1069400040F201420868904203D32946584600F0BD
:10695000D5F89BF8FE0000289BD1286850F8041F4A
:1069600041F00201016094E72DE9F04106467468A8
:10697000B768CFF7C8FCD4F8C010804631B9386882
:1069800050F8041F21F002010160ADE094F8F80016
:1069900028B9087C032818BF042840F0A58038795E
:1069A000CFF7B3FCD4F8CC10486803687A6943F891
:1069B0002C2FD7F8003094F8F90020B903F10C051A
:1069C0002868C006FAD4181D03F1240C056825F0C8
:1069D000020505604D682D68386945F82C0F0243A3
:1069E000DCF80050AD08AD00CCF8005048680168F4
:1069F00001F2045103F114000A60026852085200C7
:106A00000260012043F8200FD4F8C020D4F8D4103D
:106A10001160D4F8D80070B1F8698168C1F3091029
:106A2000D4F8D810401C814205D3D4F8C020136894
:106A3000C918081A1060D4F8DC0070B1786A81684F
:106A4000C1F30910D4F8DC10401C814205D3D4F8FE
:106A5000C0201368C918081A1060304600F04CF9BD
:106A60003879CFF72BFC3879CFF751FCD4F8C02018
:106A7000116810000AD0037C032B1EBF042B0223D5
:106A800003740026066040690028F4D11160D4F830
:106A9000C81011B9C4F8C82010E0486968B1496944
:106AA000486950B10146486938B101464869002833
:106AB0001EBF014648690028F1D14A610020C4F890
:106AC000C000C4F8C400C4F8D000C4F8D400C4F8AE
:106AD000D800C4F8DC004046CFF73CFC04F130009D
:106AE000BDE8F041F2F758BE4046BDE8F041CFF7AF
:106AF00031BC000040686C30F4F723BB2DE9F04353
:106B0000D0F8C080D0F8E820D0F8D090083A002A19
:106B10004246CCBF012500251368994508D3D8F813
:106B20001420002A00F0798001234FF0000913742B
:106B30001368A3EB090CBCF5806FD0F8D83088BF80
:106B40004FF4806C2BB9C0F8D8C0D1F81CE08E6926
:106B500004E0C0F8DCC0D1F824E00E6A53685BB1F1
:106B600087A454F82570B7606C1C04FB09330CFA39
:106B700005F4E3185B1E05E085A353F82540B460D7
:106B800000F1F6033360ACF101030C68083443F6FE
:106B9000F077746007EA0317B3683B43B360936808
:106BA0007BB100BF78A454F82560CEF808606C1C57
:106BB00004FB09390CFA05F54D446D1ECEF804505E
:106BC00009E000BF72A353F82540CEF8084000F159
:106BD000F403CEF804300C680834CEF80040DEF838
:106BE00008301F434245CEF8087004D1D0F8D020B9
:106BF0006244C0F8D02090F8FE2072B90A6852F8BA
:106C0000243F43F0030313600A694969D0F8CC00BC
:106C10000A4341680B6843F8282FBDE8F083000061
:106C200070B50446CFF7AAFB054620466E68E0F72C
:106C3000D0FCA8B9CFF767FB0446D6F8C00010B166
:106C40000121017407E096F8FB000021E0F70AFD3E
:106C5000012086F8FC002046BDE87040CFF77ABBE3
:106C6000CFF751FB044696F8FB000021E0F7FAFC51
:106C7000012086F8FC00D6F8C00008B10421017498
:106C80002046CFF767FB2846BDE870406CE630B47D
:106C9000006800F10C0100F108020B685C070FD5D9
:106CA00013680D686C070BD513680D686C0707D562
:106CB00013680D686C0703D513680D686C07EFD473
:106CC00000F18002022313608C300C68E3070FD4BC
:106CD00004680D68EB070BD404680D68EB0707D454
:106CE00004680D68EB0703D404680D68EB07EFD563
:106CF0000020106030BC704770B584B0446885686F
:106D00002846FFF7C4FF2868011D0A6822F0020226
:106D10000A6000F114010B681B091B010B600321C1
:106D200040F8201F02A8DAF750FED4F8E8000190DE
:106D3000D4F8E410009194F8F93094F8FA20286817
:106D4000044C256803992E68B04704B070BD00005C
:106D500065620300C401001000B581B01046FFF762
:106D6000CBFF002001B000BD0000000002000000C9
:106D700001000000030000001000000020000000DF
:106D8000038000C0038000D50380000C0380005DF9
:106D9000038000CC038000DD40680268012142F8D6
:106DA0004C1F7047F0B5164C666883B02768307981
:106DB000D1F7B7FACFF7A7FA05463878D0B96846C1
:106DC000CFF7C0FA00946B46B0790E4A0190381D97
:106DD0007179CFF775FA012038704FF0FF313268C2
:106DE00042F82C1F01233068074900F108021160A6
:106DF00040F8043F2846CFF7ADFA204603B0F0BD77
:106E000054150000996D03000004002070B544681B
:106E10000568CFF778FA0646287880B12079D1F74F
:106E20002FF9012808D12168002041F8040F281DFE
:106E3000CFF767FA002028702079D1F70BFA304697
:106E4000BDE87040CFF786BA4149086849680847ED
:106E5000404901200860704770476FF0010070479B
:106E6000406800210170704770B504460D466668A1
:106E7000CFF749FA3178012903D1CFF76BFA002017
:106E800070BD01213170CFF765FA68797072297988
:106E90003172286830B12E490C60486002202E49BA
:106EA000CFF74EFAA06841686568204600F038F8D0
:106EB0000646CFF728FA2949294AC1F8002C00BF15
:106EC000D1F8002C012AFBD00E602B7A254A012B29
:106ED00007BF01265660002353606B7A5D1EAD41EB
:106EE000214BED0F1D60012696601660C1F8006C05
:106EF000CFF730FA204670BD10B50C46CFF703FA35
:106F00001649174AC1F8002CD1F8002C012AFBD0F1
:106F10000C600123C1F8003CCFF71CFA002010BD23
:106F200010B582B00C466846DAF74FFD01980F4A5B
:106F30004009A0FB0221480A4FF0FF33B3FBF0F3F6
:106F4000A34234BF00244443204602B010BD0000D9
:106F5000047500200C000840496E03000000084042
:106F600051E5CC1A0001004320830043986E128340
:106F700009A0074990E80C1081E80C100548002290
:106F80000121022380F84120017080F89830704779
:106F9000E0040021E003002125A1000051A300002E
:106FA00021A2000000F00BF8002803D000F00AF83E
:106FB00000F022F80020E1F780FCD0F791FF0120DB
:106FC0007047000010B5074979441831064C7C44DD
:106FD000163404E00A68081D114488470146A1429E
:106FE000F8D110BDBC020000D802000005480128FD
:106FF00008BFD1F7BDBC70470348012808BFD0F7D0
:10700000C9BE70470100000001000000014885462C
:107010000148804700800020DB7103001EF0040F50
:1070200014BFEFF3098169468869EFF3118102B457
:1070300000B5DFF8C4E0F047DFF8C820116801EAC6
:10704000000010605DF804EB1EF0080F03D101BCD6
:1070500080F31188704704BC1EF0040F14BFEFF3D7
:1070600009816946A1F1200114BF81F309888D4689
:107070004A604FF08070C861DFF88C008861DFF8EB
:1070800084301868086040F201101860704702B43C
:1070900001B4EFF3148100291CBF002282F314888D
:1070A00002B402B4DFF854E0F04701BC01BC002890
:1070B0001CBF022181F3148801BCDFF844E0F047D3
:1070C000DFF830004FF08051016001BC80F311887F
:1070D00000BF00BFFEE700001EF0040F14BFEFF377
:1070E0000981694601F1200114BF81F309888D46A9
:1070F0007047000004ED00E0957500000176000087
:1071000009760000E01B00208F7003001EF0040FC2
:1071100014BFEFF30980684685462DE9F00F6846F5
:1071200071467446024A904768462146FEE700BF12
:107130002B7500001CB50C466B460222FF21204631
:10714000FAF7ABFF022812D16B4602220221204639
:10715000FAF7A3FF02280AD110208DF800006B4631
:10716000022202212046FAF78DFE012016BD0020E2
:1071700016BD80B508460021FAF7BAFE00B101201D
:1071800002BD7CB50E4615466A4604213046FAF724
:1071900078FF04280CBF012400243046FAF74AFD8A
:1071A000BCB19DF800009DF8012042EA002244F2A3
:1071B000740042431214A2F57A622A809DF80200FC
:1071C0009DF8031041EA002142F210704143091476
:1071D0006980200018BF012076BD00B581B0FFF79F
:1071E00005FFAFF3008001B05DF804EBFFF7DABEF6
:1071F00030B4002512E050F8042BD30744BF4A44B2
:10720000521E091F042942F8045BFAD213468C0768
:1072100044BF15809B1CC90748BF1D7050F8041B54
:107220000029E8D130BC7047F0B402461068956878
:107230001318506803EB5004C0071CD54D441AE0E6
:1072400013F8017B05F8017B491EF9D198B113F8B9
:10725000011BC6F38106032E08BF13F8016B01EB77
:1072600006214942801C294405D011F8016B05F81C
:10727000016B401EF9D1A3420ED013F8016B16F03A
:10728000030104BF13F8011BC91C30090F28DBD10F
:1072900013F8010B0F30D7E7F0BC02F10C00704778
:1072A00051FFFFFF605A0000EC1C002000000000AE
:1072B00079FFFFFF0C0000004E0700005006002081
:1072C0001200018301000143C5A70D639B8915B01E
:1072D00007010058180020C5A7000161106108A12E
:1072E00044100800F8FF07FFFF00000504157203B3
:1072F00019F32E010001115310040047726F7570CD
:1073000008100704001000030603003202100102F7
:1073100000015CB0017D000C02100E18003000600E
:1073200000C000800100032C051C0A819208821114
:107330003283010C10F00138800100011003BDAD53
:107340000200E86C43540954F002FFF92F030001D6
:10735000F1FF01F1FF01F1FF01F1FF01F1FF01F187
:10736000FF01F1FF01F1FF01F1FF01F1FF01F14721
:1073700001CF54090B0CFD2B770C4004D9550000AC
:10738000C9564152D90883DB565112E70C10033914
:107390005700007304F305C7576943FFFF18D2FF76
:1073A00001FD1BB20CFC013020BF02E00CFEF619FF
:1073B000220D3588150C3C0517090001A05A3240F2
:1073C0000F83180A0C83190B0C831A0C0C831B0DEA
:1073D0000C831C0E0C831D0F0C831E100C83FF05E9
:1073E0000C580CE0400020E45F00205C620020FFAD
:1073F000FF121C01602500630FA40400346D0020FF
:10740000409C3F093D880F126404300812001101AE
:1074100010020F030C04215B40174C1204C62D6BA5
:107420000F113F10040040040020300413400608F0
:1074300011041D870F2E0003032D7B0F430B00F05B
:10744000211413ECC80513EECA0513F1CD0513F48E
:10745000D00513F6D20513F7D40513FADA5013FB4F
:10746000DC051001FDE40E101FA2203A0312A50551
:10747000100102642EC3136A24751F1E607210303F
:10748000062EA400007FFFFF3F898B716FC6100797
:10749000D388F30083880F00431343230378F0015C
:1074A00009001E0001F328040001A0026617002055
:1074B0003E6D5C032114D2C91CF13B0117881316E1
:1074C0005C0623456789ABCDEF205B04F30DFFFF1E
:1074D0006E1E50DC11835018944FF377B3113001B6
:1074E000FF00141312701C21041D651113007C0889
:1074F00021049EC0EF034DC0041001010098182123
:107500000452A00452A804561C83212812BC102146
:107510000443181C042114AD0005437B670D12E4DD
:1075200024210452EC0452F40452FC0483B1653566
:1075300025A7D210E3434C19D0122C082104523451
:1075400004523C04524404524C04525404525C040D
:10755000526404830000A0790F11FC43C0571CF053
:1075600001007D670001EDD00512B048210452B83A
:107570000452C00452C80452D00452D8042178F0F6
:1075800001FF137B0001F11401A57CFD0F5807409A
:1075900008C18700001F8800008B87297C01FA0042
:1075A000062A0390042FE40100A41A41621C0C1265
:1075B000F0091005F00053AA0100F304ADD8037CD4
:1075C00001006CDC16031A84A46D7A041EB34815FE
:1075D0005EF94C154B50063817C676E81002750058
:1075E000206804D1A72E20CA14FF05986424042122
:1075F000402D0003ED3803210112C41852C41CE1D0
:1076000001DA2CCC2101A10CF301B0197052E01465
:107610001E70A8032104527804AD4315F3017C4B7E
:10762000383602162007B80B803EFEFFE803050E31
:107630002020200612140A09080102030207010192
:10764000051E02051E0A0A010101080308010103C3
:107650000201020A03000E14010301E010010F30C1
:0776600001FEFEFF0503011E
:040000050003700D77
:00000001FF
