:100000004343313378325231FFFFFFFF0301F7FFE3
:10001000FFFF0701FFFFFFFFFFFFFFFFA80000003A
:100020003030303144CA03002C00FFFF01F7FFFFDE
:080030000000000000000000C8
:1000A8000040022001BF030039FB021039FB021097
:1000B80039FB021039FB021039FB021039FB021020
:1000C80039FB021039FB021039FB021039FB021010
:0C00D80039FB021039FB021011FB021072
:1010000001000000000000000000000000000000DF
:10101000FFFFFFFFC83100200400000000000000B7
:101020000000000014000000841A000018000000F6
:10103000F0180000C010000034310020040000004F
:1010400000000000000000002400000070190000F3
:1010500018000000D9D2020008000000B011000002
:1010600074100000C1C8021001BB021091EB021005
:10107000DDE5021081E00210B9E5021071E5021011
:101080003100000001000000010000009C1A000077
:1010900000000000FFFFFFFFA0310020040000005F
:1010A0000000000000000000280000005C1A0000A2
:1010B000240000001E0000001800000000000000D6
:1010C00028130000D41000009BEC021025E202104F
:1010D00005EB021025DE0210FDE10210E1E4021032
:1010E0002F00000034000000240028000000000051
:1010F00014310020FFFFFFFFE83100200400000052
:10110000000000000000000038000000101B00007C
:101110002800000001000000100000000000000096
:1011200000000000F7F1021000001A00100000009B
:1011300004000000741B00000A39010008000000D0
:1011400036000000A8310020F031002009001D0009
:10115000A3D900003C310020010000000000120073
:10116000FFFFFFFFD8310020040000000000000056
:101170000000000010000000D41A00001800000059
:101180000000000000001300FFFFFFFF50320020AE
:1011900004000000000000000000000054000000F7
:1011A000381B00003C000000000001002D00000082
:1011B00004100000CFE2000030000000000000003A
:1011C000B0110000D811000069980300D9DB0210AB
:1011D00059EC0210CDD6021085DE02104DE502104A
:1011E00029E5021030000000000016000000000099
:1011F00000000000FF7F000058320020FFFFFFFFCB
:10120000D0310020040000000000000000000000B9
:1012100058000000A01A00003400000039FB021042
:1012200001002F0006000000000000002000000068
:10123000010000001BF80210280000002813000025
:101240005012000093EC02106DEB02104DEC0210F6
:1012500029E00210BDE4021099E402102D00000004
:10126000000000007C3100200400000000000000AD
:101270000000000010000000881900002C00000091
:10128000000000000000030000000F003C00000010
:1012900000000000000000002FF902101000000004
:1012A00008000000841B0000FFFFFFFFE03100206A
:1012B0000400000000000000000000001C0000000E
:1012C000EC1A0000240000003C1200002C31002029
:1012D0000400000000000000000000000C000000FE
:1012E000F81800001800000097230100000000001B
:1012F00000000000080000000100000004000000E1
:10130000000000000000140000000000F046000093
:101310000000190000001800240000004DC3030065
:101320000040000000020000041000000000100057
:1013300055F002100C0000000FD302000000000066
:101340000C3100200400000000000000000000003C
:1013500020000000C0180000300000000847000016
:1013600001000000CFD3020043E1000000000000B4
:101370000000170000020000310000000000230000
:101380000000150001000000C0110000983100208D
:101390000400000000000000000000002000000029
:1013A000381A000024000000E0D502008C31002033
:0813B00020000000981B000062
:1013C00051D2020091D4020095D4020099D40200B7
:1013D0009DD40200A1D40200A5D4020039970300D5
:1013E000ED970300F5960300E9C20300CBC20300AA
:1013F000C5970300D19703001BC303002198030086
:1014000005D60200A1990300012800000000000099
:10141000000000000001003000000000000000009B
:101420000003FF186400000000000000000000003E
:101430007856341200000000BAAB00000000000132
:101440000000000000000000000000000000F0BFED
:10145000000000000000008000000000000000808C
:101460000000000000000000000000C05294EEBF29
:1014700000000048204E51BE000000F86467BCBC6C
:101480000000000000000000000000208133EDBFDC
:1014900000000080B3DB14BE000000506706A3BC50
:1014A0000000000000000000000000D0E9DCEBBFFD
:1014B00000000008C39259BE00000080B0D3B8BC41
:1014C000000000000000000000000070F98FEABF7B
:1014D000000000C0A51028BE000000E8BFC0B0BCDE
:1014E000000000000000000000000070284CE9BF70
:1014F00000000060134B42BE000000C03D20B8BC9D
:10150000000000000000000000000050FA10E8BFDA
:10151000000000C05FF62BBE000000905C71A7BC0D
:10152000000000000000000000000020FCDDE6BF1D
:10153000000000C0F8F154BE00000018E9F6B9BC84
:101540000000000000000000000000D0C3B2E5BFB2
:1015500000000070E43254BE00000050DB06B4BC52
:10156000000000000000000000000010EF8EE4BF4B
:1015700000000020F36252BE000000C02A879ABC1F
:101580000000000000000000000000B02272E3BF75
:10159000000000F0E8E056BE00000028352DBDBC7C
:1015A0000000000000000000000000000A5CE2BF34
:1015B000000000B0FA8E41BE00000040AE6FBDBC1E
:1015C000000000000000000000000000564CE1BFD9
:1015D000000000F015CD5FBE00000000141C90BCA0
:1015E000000000000000000000000040BD42E0BF1D
:1015F00000000030F93457BE000000E06C1E93BCC0
:101600000000000000000000000000E0F57DDEBFEB
:10161000000000B08A535EBE00000080DA77AABCEA
:101620000000000000000000000000C09D81DCBF41
:1016300000000000FFA226BE0000006057E2B0BC20
:10164000000000000000000000000060F98FDABF19
:10165000000000580A8151BE000000F05F60B8BC75
:1016600000000000000000000000000098A8D8BFA3
:10167000000000607A7F45BE000000D05433A3BC58
:101680000000000000000000000000600FCBD6BF8B
:10169000000000D091CB40BE000000406D1BA0BCFC
:1016A0000000000000000000000000A0FBF6D4BF16
:1016B00000000098C5CE52BE000000003A397EBC42
:1016C0000000000000000000000000E0FE2BD3BF7F
:1016D0000000004073872BBE00000000926879BCB8
:1016E000000000000000000000000040C069D1BF01
:1016F00000000058F16353BE00000080438D7CBCA5
:10170000000000000000000000000080D85FCFBF94
:10171000000000181F8354BE000000B03F42A2BC6E
:1017200000000000000000000000008067FCCBBF4C
:1017300000000060FAFF53BE00000050E00DB8BC8E
:1017400000000000000000000000000098A8C8BFD2
:10175000000000607A7F35BE000000C0543393BCA7
:10176000000000000000000000000000DC63C5BFB6
:1017700000000058D6FF54BE00000000396490BC41
:101780000000000000000000000000C0AD2DC2BF3E
:1017900000000080A45915BE000000E0484BABBC1F
:1017A0000000000000000000000000801A0BBEBF17
:1017B00000000050BF3C5ABE000000A0B364B6BC9D
:1017C00000000000000000000000008004D6B7BF49
:1017D00000000040BBCF36BE0000008076CEA8BC23
:1017E00000000000000000000000008032BBB1BF1C
:1017F000000000402A0043BE00000028C60CBDBC0B
:101800000000000000000000000000009473A7BF6B
:10181000000000182B3B59BE000000C0E55DA5BCD0
:10182000000000000000000000000000EE4397BF31
:10183000000000A0E6C340BE00000020958DB5BCAE
:101840000000000000000000000000000000008018
:101850000000000000000080000000000000008088
:10186000000000000000000000008001100080FF68
:10187000FDFF58003AC1B9F3FFFFFFFFFFFFFFFF75
:10188000FFFFFFFFFFFFFFFFFFFFFFFFFFFFFFFF68
:10189000FFFFFFFFFFFFFFFFFFFFFFC5FFFFFFFF92
:1018A00000FFFFFF00C5C5FF000000FF00000000B3
:1018B000FFFFFFFFFFFFFFFFFFFFFFFFFFFFFFFF38
:1018C000300000000000000000000000E8180000E8
:1018D000040000000000000001000000FFFFFFFF07
:1018E000FF000000010000000800000000000000F0
:1018F00000000000000000001800000000000000D0
:1019000000000000081900000800000000000000AE
:1019100010000000281300002819000045C3030030
:10192000A95B0300315B0300C5D4020019D5020096
:10193000A9D402002E000000141900007431002008
:101940000400000000000000000000002000000073
:1019500058190000180000001800000000000000E6
:1019600000000000681900000800000000000000EE
:1019700018000000000000000000000080190000B6
:1019800008000000000000002C0000000000000023
:1019900000000000AC19000004000000000000007E
:1019A00001000000FFFFFFFFFFFFFFFF0800000036
:1019B00000000000B0110000CC190000699903007C
:1019C0007999030095990300899903005BD502007A
:1019D00085D5020039D5020032000000B41900009C
:1019E000843100200400000000000000000000001E
:1019F00014000000FC1900001C0000001C00000086
:101A00000000000000000000101A000000000000AC
:101A10000800000000000000010000005B6E0000F4
:101A200049C303009B9D00005F6E0000636E0000D1
:101A30004F6E00006D6E00002400000000000000EA
:101A400000000000541A0000000000000000000028
:101A5000000000000800000000000000240000005A
:101A60000000000000000000781A000000000000E4
:101A7000000000000000000008000000000000005E
:101A80000A00000018000000000000000000000034
:101A9000941A00000800000000000000DD93000020
:101AA000340000000000000000000000CC1A00001C
:101AB0000000000000000000010000000000000025
:101AC000010000000000000000000000080000000D
:101AD00000000000180000000000000000000000EE
:101AE000E41A0000080000000000000024000000CC
:101AF0000000000000000000081B000000000000C3
:101B000001000000000000000800000000000000CC
:101B1000280000000000000000000000301B000052
:101B20000000000000000000FFFFFFFF00000000B9
:101B300008000000000000003C0000000000000061
:101B4000000000006C1B000000000000000000000E
:101B50000100000000000000000000000000000084
:101B6000000000000100000000000000080000006C
:101B70000000000049D4020025DD0210CD960300CC
:101B800075DF0210010000000000000000000000EE
:101B9000000001000000010015F9021001E602102A
:101BA0002DDA021045E7021041D10210C9D302100C
:101BB000A5DF02102DE4021061EA0210259903004E
:101BC00005000600080009001600020102020302D7
:101BD000000301030105020500060106040B1406BB
:101BE0001506170600070107020703070009040985
:101BF00007000A000C000D000E000F00100011007D
:101C00001200130014001B00000101010002010278
:101C1000020400040104030404040504060400058E
:101C20000206030604060506060607060806090658
:101C30000A060B060C060D060E060F061006110608
:101C40001206130604070009000B010B020B030B1D
:101C5000AB0055007C0084004B00B5001B00E50084
:101C60000017E8000047B8000077AB0000ABAB00FE
:101C70000055AB000022DD000E00F2003E00C20065
:101C800071008F00A1005F00D0002F00F907000055
:101C90000097B92EE5725CCB5DCAE473B82F01964C
:101CA000BA2D03945FC8E671E7705EC90295BB2C3C
:101CB000E3745ACD0691BF28BE2907905BCCE2752C
:101CC00059CEE077BC2B05920493BD2AE17658CF1C
:101CD00051C6E87FB4230D9A0C9BB522E97E50C70C
:101CE000EB7C52C50E99B720B6210F9853C4EA7DFC
:101CF000B2250B9C57C0EE79EF7856C10A9DB324EC
:101D0000089FB126ED7A54C355C2EC7BB027099EDB
:101D1000A2351B8C47D0FE69FF6846D11A8DA334CB
:101D2000188FA136FD6A44D345D2FC6BA037198EBB
:101D300041D6F86FA4331D8A1C8BA532F96E40D7AB
:101D4000FB6C42D51E89A730A6311F8843D4FA6D9B
:101D5000F3644ADD1681AF38AE3917804BDCF2658B
:101D600049DEF067AC3B15821483AD3AF16648DF7B
:101D70001087A93EF5624CDB4DDAF463A83F11866B
:101D8000AA3D13844FD8F661F7604ED91285AB3C5B
:101D9000000000000000000000000000E9BF030098
:101DA000D5E202000000000031BF030021C00300A3
:101DB0004DC0030000000000000000000000000013
:101DC000E9BF0300D5E202000000000031BF0300BC
:101DD00021C003004DC0030000000000000000000F
:101DE00000000000E9BF0300D5E20200000000008F
:101DF00031BF030021C003004DC0030000000000FC
:101E00000000000000000000E9BF0300E5E202005E
:101E10000000000031BF030025C0030087C003009D
:101E2000000000000000000000000000E9BF030007
:101E3000E5E202000000000031BF030025C00300FE
:101E400087C0030000000000000000000000000048
:101E5000E9BF0300E5E202000000000031BF03001B
:101E600025C0030087C00300000000000000000040
:101E700000000000E9BF0300F5E2020000000000DE
:101E800031BF030029C00300C1C0030000000000EF
:101E90000000000000000000E9BF0300F5E20200BE
:101EA0000000000031BF030029C00300C1C00300CF
:101EB000000000000000000000000000E9BF030077
:101EC000F5E202000000000031BF030029C003005A
:101ED000C1C003000000000000000000000000007E
:101EE000E9BF030005E302000000000031BF03006A
:101EF0002DC00300FBC00300000000000000000034
:101F000000000000E9BF030005E30200000000003C
:101F100031BF03002DC00300FBC003000000000020
:101F20000000000000000000E9BF030005E302001C
:101F30000000000031BF03002DC00300FBC0030000
:101F4000000000000000000000000000E9BF0300E6
:101F500015E302000000000031BF030031C00300A0
:101F600035C1030000000000000000000000000078
:101F7000E9BF030015E302000000000031BF0300C9
:101F800031C0030035C10300000000000000000064
:101F900000000000E9BF030015E30200000000009C
:101FA00031BF030031C0030035C103000000000051
:101FB0000000000000000000E9BF030025E302006C
:101FC0000000000031BF030035C003006FC10300F3
:101FD000000000000000000000000000E9BF030056
:101FE00025E302000000000031BF030035C00300FC
:101FF0006FC10300000000000000000000000000AE
:10200000E9BF030025E302000000000031BF030028
:1020100035C003006FC10300000000000000000095
:1020200000000000E9BF030035E3020000000000EB
:1020300031BF030039C00300A9C103000000000044
:102040000000000000000000E9BF030035E30200CB
:102050000000000031BF030039C00300A9C1030024
:10206000000000000000000000000000E9BF0300C5
:1020700035E302000000000031BF030039C0030057
:10208000A9C10300000000000000000000000000E3
:10209000E9BF030045E302000000000031BF030078
:1020A0003DC00300E3C10300000000000000000089
:1020B00000000000E9BF030045E30200000000004B
:1020C00031BF03003DC00300E3C103000000000076
:1020D0000000000000000000E9BF030045E302002B
:1020E0000000000031BF03003DC00300E3C1030056
:1020F000000000000000000000000000E9BF030035
:1021000055E302000000000031BF030041C003009E
:102110001DC20300000000000000000000000000DD
:10212000E9BF030055E302000000000031BF0300D7
:1021300041C003001DC203000000000000000000B9
:1021400000000000E9BF030055E3020000000000AA
:1021500031BF030041C003001DC2030000000000A6
:102160000000000000000000E9BF030065E302007A
:102170000000000031BF030045C0030057C2030048
:10218000000000000000000000000000E9BF0300A4
:1021900065E302000000000031BF030045C00300FA
:1021A00057C2030000000000000000000000000013
:1021B000E9BF030065E302000000000031BF030037
:1021C00045C0030057C203000000000000000000EB
:1021D00000000000E9BF030075E3020000000000FA
:1021E00031BF030049C0030091C20300000000009A
:1021F0000000000000000000E9BF030075E30200DA
:102200000000000031BF030049C0030091C2030079
:10221000000000000000000000000000E9BF030013
:1022200075E302000000000031BF030049C0030055
:1022300091C2030000000000000000000000000048
:10224000000000000000000000000000000000008E
:102250000000000029FE0200000000001DFE020038
:1022600000000000BB8F0000000000001775000098
:10227000000000001F9D000000000000AB93000064
:102280000000000021000300E7FE020057FF0200EB
:10229000F9FE0200BFFF0200E9000300A11A273F78
:1022A0005A5DB03E7C85233FF086B63EE202203F79
:1022B0000A23BC3ED3931C3FAD24C13E9E38193F38
:1022C0001D86C53E8BF1153F4647C93E1ABF123FDA
:1022D0006D6CCC3E0AA20F3F0EFDCE3E419B0C3FE3
:1022E000E702D13EB2AB093F2589D23E42D4063F38
:1022F000B39BD33EB215043FB646D43E9370013F24
:102300001C96D43E7DCAFD3E5295D43EA7E7F83ECA
:10231000124FD43E7738F43E3FCDD33E5FBCEF3E04
:10232000DC18D33E7B72EB3E033AD23E9F59E73E28
:10233000EB37D13E6770E33EF718D03E44B5DF3E41
:10234000BDE2CE3E8826DC3E1E9ACD3E6EC2D83E11
:102350005443CC3E2987D53E03E2CA3EE372D23EC7
:102360004979C93ECB83CF3ECF0BC83E16B8CC3E91
:10237000D89BC63E020ECA3E4C2BC53EDC83C73EF0
:10238000C4BBC33EFE17C53E964EC23ED3C8C23E36
:10239000DCE4C03ED994C03E807FBF3E9E7ABE3E04
:1023A0003D1FBE3EC278BC3EACC4BC3EF78DBA3EBB
:1023B0004470BB3E01B9B83E6122BA3EB5F8B63EA4
:1023C0004ADBB83EF84BB53E2F9BB73EBFB1B33E9C
:1023D0003262B63E0E29B23E6730B53EF8B0B03E2E
:1023E000D505B43E9C48AF3E7AE2B23E29EFAD3E01
:1023F0004BC6B13ED6A3AC3E38B1B03EEB65AB3E6A
:1024000029A3AF3EB534AA3E039CAE3E910FA93E30
:10241000A99BAD3EE1F5A73EF7A1AC3E12E7A63E73
:10242000CAAEAB3E9BE2A53EFEC1AA3EF8E7A43E83
:102430006ADBA93EAEF6A33EE8FAA83E4A0EA33EEA
:102440005020A83E5E2EA23E794BA73E8356A13E69
:102450003B7CA63E5886A03E6FB2A53E80BD9F3E07
:10246000ECEDA43EA5FB9E3E8C2EA43E75409E3E08
:102470002874A33EA28B9D3E9BBEA23EE3DC9C3E05
:10248000BF0DA23EF2339C3E7161A13E8E909B3EF9
:102490008CB9A03E7AF29A3EF015A03E79599A3E48
:1024A0007A769F3E54C5993E09DB9E3ED735993ECC
:1024B0007F439E3ECEAA983EBCAF9D3E0B24983EE5
:1024C000A31F9D3E61A1973E16939C3EA322973E7B
:1024D000FA099C3EABA7963E34849B3E5030963E14
:1024E000AA019B3E6FBC953E41829A3EE34B953ECE
:1024F000E3059A3E8DDE943E768C993E4B74943E75
:10250000E515993E000D943E18A2983E8FA8933E83
:10251000FB30983EDC46933E78C2973ECEE7923E33
:102520007D56973E4A8B923EF4EC963E3B31923E6E
:10253000CD85963E88D9913EF520963E1C84913EED
:102540005ABE953EE230913EEB5D953EC6DF903E31
:1025500099FF943EB690903E53A3943E9F43903E85
:102560000C49943E70F88F3EB2F0933E18AF8F3E08
:102570003A9A933E87678F3E9545933EAE218F3EB4
:10258000B5F2923E7EDD8E3E8FA1923EEA9A8E3E5D
:102590001552923EE4598E3E3C04923E5F1A8E3EA6
:1025A000F8B7913E4EDC8D3E3F6D913EA79F8D3E2C
:1025B0000424913E5C648D3E3FDC903E652A8D3E56
:1025C000E595903EB5F18C3EEB50903E43BA8C3E83
:1025D000490D903E05848C3EF6CA8F3EF24E8C3EED
:1025E000E8898F3E011B8C3E184A8F3E29E88B3EBE
:1025F0007D0B8F3E62B68B3E0ECE8E3EA4858B3E0B
:10260000C4918E3EE7558B3E98568E3E24278B3ED6
:10261000821C8E3E53F98A3E7CE38D3E6ECC8A3E10
:102620007EAB8D3E6EA08A3E82748D3E4D758A3E95
:10263000813E8D3E044B8A3E75098D3E8D218A3E3A
:1026400059D58C3EE3F8893E26A28C3E00D1893EC6
:10265000D66F8C3EDFA9893E653E8C3E7B83893EEA
:10266000CD0D8C3ECE5D893E08DE8B3ED438893E52
:1026700012AF8B3E8814893EE5808B3EE5F0883EA4
:102680007E538B3EE8CD883ED7268B3E8BAB883E73
:10269000ECFA8A3ECB89883EB9CF8A3EA468883E50
:1026A0003AA58A3E1248883E697B8A3E1128883EB8
:1026B00045528A3E9E08883EC7298A3EB6E9873E33
:1026C000EE018A3E54CB873EB5DA893E76AD873E31
:1026D00018B4893E1890873E158E893E3773873E21
:1026E000A868893ED156873ECD43893EE33A873E6E
:1026F000821F893E691F873EC3FB883E6104873E77
:102700008ED8883EC8E9863EDFB5883E9CCF863E9F
:10271000B393883EDBB5863E0972883E819C863E37
:10272000DD50883E8D83863E2C30883EFC6A863E96
:10273000F40F883ECD52863E33F0873EFC3A863E0B
:10274000E7D0873E8823863E0BB2873E6F0C863EDD
:10275000A093873EAFF5853EA275873E46DF853E56
:102760000E58873E32C9853EE43A873E71B3853EB6
:10277000211E873E029E853EC201873EE388853E3C
:10278000C7E5863E1174853E2CCA863E8D5F853E28
:10279000F0AE863E534B853E1294863E6237853EB0
:1027A0009079863EBA23853E675F863E5810853E07
:1027B0009645863E3BFD843E1B2C863E62EA843E67
:1027C000F612863ECBD7843E24FA853E75C5843EFC
:1027D000A3E1853E5FB3843E72C9853E87A1843EF6
:1027E00091B1853EEC8F843EFC99853E8E7E843E81
:1027F000B482853E6B6D843EB66B853E815C843EC3
:102800000155853ED04B843E943E853E573B843EE9
:102810006E28853E142B843E8D12853E071B843E18
:10282000F0FC843E2E0B843E96E7843E89FB833E7B
:102830007ED2843E17EC833EA7BD843ED6DC833E29
:102840000FA9843EC6CD833EB694843EE6BE833E49
:102850009A80843E36B0833EBA6C843EB3A1833EF8
:102860001659843E5E93833EAC45843E3685833E56
:102870007B32843E3977833E831F843E6769833E83
:10288000C20C843EC05B833E38FA833E424E833E98
:10289000E4E7833E20960020AC8C0020E8940020E2
:1028A0008C8D0020000000006C92002028960020F3
:1028B000E8920020F8940020B88E0020B84700006D
:1028C000F0470000004800000C4800001C480000D1
:1028D000089500201C9700202097002024970020B6
:1028E00058340020289700202C9700203097002093
:1028F000349700203897002018950020208D002064
:10290000EC930020E48E00202C480000A04800003A
:102910001449000088490000FC490000704A00008A
:10292000884A0000944A00006F9800209495002087
:102930005C34002004930020A891002070980020AF
:1029400071980020588E002000940020A888002054
:1029500072980020342F0000BC2F000000000000FF
:1029600000000000A04A0000D08500203C97002015
:1029700040970020703400207434002044970020D9
:10298000B04A000084930020148900200000000059
:1029900000000000B01C002000000000000000004B
:1029A0000000000000000000C08D0020808000209A
:1029B00074960020014A031049480310D5490310BA
:1029C00015470310DD8303005D49031081470310A1
:1029D000A14603109548031045450310254A0310EE
:1029E00021440310ED47031099490310E1480310F7
:1029F000214903105553031089520310CD5203107F
:102A0000655003108D4E0310757903005F7A030043
:102A1000DD7C03000000000059510310ED5003104D
:102A20007D7E0300CD4B0310295203101153031078
:102A3000A95503107555031069530310DD55031094
:102A4000355503102B8C030021540310855C0310B3
:102A50000D5603104D5D0310A9640310B55B031000
:102A60006D570310E5610310095E0310C55803108C
:102A70008560031071610310B16203109963031044
:102A800055630310FD600310B15E0310F78203006D
:102A9000D55A0310D559031009630310D9630310E5
:102AA00019640310555F0310C56403104D620310D1
:102AB000716403108D64031055640310E164031006
:102AC0002975031079720310A16B0310F5720310BE
:102AD0009D740310797403102D7403106173031037
:102AE000FD7303105574031015750310D96C031092
:102AF000FD740310F1890300E17403103D750310A8
:102B0000598B0300F9640310CD6803102D71031075
:102B1000C1740310F56E0310B97303102967031015
:102B2000056E0310C56F0310058D0300A177031018
:102B3000797D03103D7E031049750310157E031047
:102B4000357D031099760310997C0310257B0310C3
:102B500071780310B57D0310ED7C0310857E0310A2
:102B60002D790310B97A0310917B0310B17903100A
:102B7000ED7B0310E97D0310617E0310357A0310AD
:102B8000D57E0310457C0310A57E0310BD7E031087
:102B900033780300D9800310E97E031049830310C2
:102BA000898403108D8103107D820310E584031056
:102BB0002B840310C58303109187031061880310D1
:102BC00045880310F1850310B18803107D88031038
:102BD000C98803101D870310A18603100185031007
:102BE000E188031099880310F9870310C788030050
:102BF000359C0310819D0310E99A0310359B031047
:102C0000C19B0310419A0310F18803101D8C03101F
:102C1000618F0310F1940310919E0310C19E031065
:102C20003D9E0310699E0310259E0310619D0310B5
:102C30000D9E0310819B0310ED9303105599031013
:102C4000C9970310D9980310BD950310959C0310E4
:102C5000C19D0310A59E03107D9E0310C991031012
:102C600039880300699C0310DD9D031095900310C3
:102C7000FD9B0310CD990310158E0310019D0310C9
:102C8000E19C0310219D0310419D0310BD9C031086
:102C9000F59D0310A19D031055980310E1920310B8
:102CA000999A0310B99E0310559E0310F175030005
:102CB0003F76030039A203106376030069A1031075
:102CC00075A20310C59E0310B9A10310F9A103104A
:102CD00015A103109DA20310B98D0300C18D03003F
:102CE000C38D0300018E0300158E03001B8E0300AD
:102CF00031A90310ADA2031015810300B9A8031078
:102D000099A503100F7C030039A803106DA90310C7
:102D10001D7B03006DAC031099B1031009AF0310C4
:102D200059B1031001B103109DA90310A38403003E
:102D3000117B0300197B0300A7840300AB8403000D
:102D4000157B0300AF840300B3840300B784030042
:102D5000BB840300BF840300F1B9031075BA0310EC
:102D600081BB0310F18F0300299003000991030038
:102D7000A991030093920300D1920300579303009B
:102D800085930300E5930300199403003B9403002B
:102D900059940300BB940300079503000F950300AB
:102DA00049950300CB950300E39503006D9603005E
:102DB000F17A03009B8403009F840300C384030013
:102DC000D9860300E9C60310978403001D7303002E
:102DD00091750300A59D00003F9E0000D99D000055
:102DE000770C0300892C02008D75030087760300A1
:102DF0008B760300F97603008F7703006D73000074
:102E000083730000697300006B7300003973000066
:102E100051C303005DC303009F6E0000C76E000036
:102E200011710000A5700000D3700000A5710000B2
:102E300091710000896F0000E56E0000D171000003
:102E4000DB6F0000DBFD02104D200100F15000009F
:102E50004D7200002B73000071E2000097E2000049
:102E6000C9E20000ABE20000C334002076980020E5
:102E70007798002075980020789800207998002095
:102E8000C43400209F3302006368020051AB02008B
:102E90002F5702009F570200ADAC020019AD02008F
:102EA00009580200575702000B570200CB57020087
:102EB000DDAA0200D5AA0200515D0100255D0100D6
:102EC0003BC90200ADAA020013AB020021AB020015
:102ED0002FAB02006F5B01002F5901002D5C010038
:102EE000EB5C0100798F03001FAC0200E5C8020013
:102EF000F1C8020000000000A5AF0200D3AA020042
:102F0000E5AE020077AF02000000000013340200BB
:102F1000F1640200BF6B02005D5B01000000000075
:102F2000000000007970020049A90200F55B010071
:102F3000FDC802003600010006000000000000008D
:102F4000000F000000000000000000000000000072
:102F500000000300FFFF00000403FFFF0000FFFF6D
:102F60000F00E8030005401F0310000100000000EF
:102F7000FF3F0F000800050B0000000000000000EC
:102F80000300010F0000000000000000000000002E
:102F90000000000000000000000000000000000031
:102FA0000000000000000000000000000000000021
:102FB00000000000AD0000020000000000013636F5
:102FC00001010001020100010301000104010606E4
:102FD000080400000C0100340D01000F1004010171
:102FE000140100FF1608000020020000220100FF6B
:102FF00023010001240100FE250100082602000033
:1030000028010001290100012A0200002C01000F03
:103010002E0200003001000131010008320200FFE1
:1030200034010007350102FF3601000037010001BD
:1030300038010001390100FF3A01000F3C0200FF96
:103040003E01010F3F0100014001041F4101000149
:10305000420100FF43010080440800004E010008C7
:103060004F01000F50010001510100FF520100000B
:103070005301000054010001580400005C040000EA
:103080006004000064040000680400006C04000098
:103090007004000074040000780400007C04000048
:1030A000800100FF81010001820100018301020211
:1030B00084010001A7990200599C02000000000051
:1030C000000000000000000029A2020047A2020048
:1030D0008DA1020061A2020091A2020097A202004B
:1030E00069A40200000000005FA4020079A50200AC
:1030F000AB9D02009DA20200BDA202004DA30200F2
:10310000F5A50200339E0200F9A70200D5A7020030
:103110000000000075A80200199E02001DA7020011
:10312000B9490200D7480200134A0200C54802000C
:10313000E54802007B4B02007F4B020047BC0200C7
:1031400089BB0200C1BC020069BB02007BBB02005C
:1031500017BD02001BBD0200795701008557010011
:10316000E02C0020902C0020CC3E0000EC3E000023
:10317000043F0000081400001C3F00003C3F00001A
:1031800000000000808386898C8F9295989B9EA278
:10319000A5A7AAADB0B3B6B9BCBEC1C4C6C9CBCE93
:1031A000D0D3D5D7DADCDEE0E2E4E6E8EAEBEDEE18
:1031B000F0F1F3F4F5F6F8F9FAFAFBFCFDFDFEFE8A
:1031C000FEFFFFFFFFFFFFFFFEFEFEFDFDFCFBFA23
:1031D000FAF9F8F6F5F4F3F1F0EEEDEBEAE8E6E4EF
:1031E000E2E0DEDCDAD7D5D3D0CECBC9C6C4C1BECF
:1031F000BCB9B6B3B0ADAAA7A5A29E9B9895928F75
:103200008C898683807C797673706D6A6764615D72
:103210005A5855524F4C494643413E3B393634315A
:103220002F2C2A282523211F1D1B191715141211B5
:103230000F0E0C0B0A090706050504030202010123
:10324000010000000000000001010102020304056A
:10325000050607090A0B0C0E0F1112141517191B7E
:103260001D1F212325282A2C2F313436393B3E417E
:103270004346494C4F5255585A5D6164676A6D70B8
:103280007376797C5054564F5349474E31000000B5
:10329000000000000000000000000000000000002E
:1032A000000000000000000000000000000000001E
:1032B000000000000000000000000000000000000E
:1032C00000000000000000000000000000000000FE
:1032D0000000000000000000000000003C001001A1
:1032E000030507090B0D0F00020406080A0C0DBFA9
:1032F000FB097074766F2E696E666F202020202087
:1033000020200B7074766F2E7377697463682020A9
:1033100020202000202020202020202020202020CD
:10332000202020200A323032362D30332D33300128
:10333000000000000000000000000000000000008D
:10334000000000000000000000000000000000007D
:10335000000000000000000000000000000000006D
:10336000000000000000000000000000000000005D
:10337000000000000000000000000000000000004D
:10338000000000000000000000000000000000003D
:10339000000000000000000000000000000000002D
:1033A000000000000000000000000000000000001D
:1033B000000000000000000000000000000000000D
:1033C00000000000000000000000000000000000FD
:1033D00000000000000000000000000000000000ED
:1033E00000000000000000000000000000000000DD
:1033F00000000000000000000000000000000000CD
:1034000000000000000000000000000000000000BC
:1034100000000000000000000000000000000000AC
:10342000000000000000000000000000000000009C
:10343000000000000000000000000000000000008C
:10344000000000000000000000000000000000007C
:103450000000000000000000000000005054564F23
:103460005349474E320000000000000000000000F9
:103470000000000001200000DF53000000010000F8
:1034800002200000DF5300000001000003200000C4
:10349000DF5300000100000004200000DF530000A3
:1034A0000001000005000000000000000000000016
:1034B00006000000000000000000000007000000FF
:1034C00000000000000000000800000000000000F4
:1034D00000000000000000000000000000000000EC
:1034E0000A00000000000000000000000B000000C7
:1034F00000000000000000000C02000000000000BE
:10350000000000000D0000000000000000000000AE
:103510000E200000DF530000100100000F2000000B
:10352000DF53000010000000108000000B3C020080
:10353000000000001100000035040300100000002E
:103540001200000007080300100000001300000034
:103550000000000000800000140000009506030039
:103560000000000015000000000000000000000046
:10357000160000000000000000000000170100001D
:1035800000000000008000001801000000000000A2
:1035900000800000190000005544010000000000F8
:1035A0001A00000055440100000000001B0000004C
:1035B00000000000000000001C01000000000000EE
:1035C000000100001D0100000000000000010000DB
:1035D0001E00000000000000000000001F010000AD
:1035E0009FD902000800000020000000EF8C0100BD
:1035F0000000000021000000316401000000000014
:1036000022000000E1090300100000002300000078
:1036100000000000000000000000000000000000AA
:10362000000000000000000000000000000000009A
:10363000260000000000000000000000270000003D
:10364000000000000000000028090000876F030050
:103650000000000029000000F572030010000000C7
:103660002A00000000000000000000002B00000005
:1036700000000000000000002C000000000000001E
:10368000000000002D00000000000000000000000D
:103690002E00000000000000000000002F000000CD
:1036A000000000000000000030000000497203002C
:1036B00010000000310100000000000000000000C8
:1036C0003200000000000000000000003300000095
:1036D00000000000000000003400000000000000B6
:1036E00000000000350000000000000000000000A5
:1036F000360000000000000000000000370000005D
:103700000000000000000000380000000000000081
:10371000000000003901000000000000000100006E
:103720003A00000000000000000000003B00000024
:1037300000000000000000003C000000000000004D
:10374000000000003D00000000000000000000003C
:1037500002040504030400040C000C040D042A04F4
:10376000040B02070A001100060000005054564FD7
:103770005349474E33BFFB090030032620000000A9
:1037800000FFFFFFFFFF000000000000000000003E
:1037900000005054564F5349474E34004F41442087
:1037A0004E564D31000000000000000000000000F7
:1037B0000000000000000000000000000000000009
:1037C00000000000000000000000000000000000F9
:1037D000000000005054564F5349474E3700000038
:1037E00000000000000000000000000000000000D9
:1037F00000000000000000000000000000000000C9
:1038000000000000000000000000000000000000B8
:1038100000000000000000000000000000000000A8
:103820000000000000000000000000000000000098
:103830000000000000000000000000000000000088
:103840000000000000000000000000000000000078
:103850000000000000000000000000000000000068
:103860000000000000000000000000000000000058
:103870000000000000000000000000000000000048
:103880000000000000000000000000000000000038
:103890000000000000000000000000000000000028
:1038A0000000000000000000000000000000000018
:1038B0005054564F5349474E380000000000000056
:1038C000000020017F6001000000000001002001D5
:1038D0007F60010000000000020020016A9B0100DF
:1038E00000000000030020017E60010000000000D5
:1038F00004004201F1320000000000000500420116
:1039000002330000000000000600420124330000E2
:1039100000000000070020012F330000000000001D
:1039200010004201133300000000000011002001CC
:1039300044980020000000000040420124330000B1
:103940000000000000804201DD370000030000009D
:103950000000210312980020060000000000101152
:1039600000000000070000000000303300000000ED
:1039700007000000100030330000000007000000C6
:103980000140203300000000070000000240203307
:1039900000000000080000000000203300000000CC
:1039A0000C00000055003933000000000C0000003E
:1039B0001C004233000000001200000055002101ED
:1039C00000000000190000000000F081D029002054
:1039D0001900000001002381D829002019000000EF
:1039E00002002301689600201900000003002181D5
:1039F000823400201900000004002381DC2900200B
:103A00001900000005002181843400201900000005
:103A100006003081429800201900000007002101B3
:103A20000E98002019000000080021010C980020C9
:103A300019000000090021810A98002019000000E7
:103A4000FDFF2181924E00000004000000002104CF
:103A50000000000002040000000029150000000022
:103A60000304000000002904000000000504000019
:103A700000002904000000000C04000000003904CC
:103A8000000000000D0400000000390400000000E8
:103A90002A040000000039040000000002070000B2
:103AA00000002904000000000207000000021805C1
:103AB000BBC80100020700000003300552000200ED
:103AC0000207000001032205A03C000002070000DD
:103AD00002032205A43C00000207000003031801B2
:103AE000BAC8010002070000060318110000000018
:103AF000040B000000001B059C3C0000040B0000B0
:103B00000001291500000000040B00000301291525
:103B100000000000040B0000060129040000000062
:103B2000040B000000022105EA550000040B000010
:103B3000010221050E560000040B000002022105BF
:103B4000EA550000040B0000030221054656000060
:103B5000040B000004022105EA550000040B0000DC
:103B6000050221053A5A0000040B0000000321045D
:103B700000000000040B000000042105EA550000CD
:103B8000040B00000104210516660000040B000070
:103B90000505211500000000040B00000805211593
:103BA00000000000040B00000B05290400000000C9
:103BB000040B00001005280400000000040B0000A6
:103BC00000062105EA550000040B0000010621054E
:103BD0000E560000040B000002062105EA55000005
:103BE000040B00000306210546560000040B0000EC
:103BF00004062105EA550000040B00000506210516
:103C0000F2570000050B0000010021020000000037
:103C1000000300000000203300000000000300004B
:103C200001002033000000000003000003002133E6
:103C30000000000000030000040021330000000029
:103C40000003000007002133000000000003000013
:103C50000800301100000000000300000F001811E0
:103C600000000000000300000A40191100000000DD
:103C7000000300000B4021110000000000030000C1
:103C80000C4021010000000001000401FEFF0000C3
:103C90000000000000000000000000002100000003
:103CA00001000000E80300000000C8420A00000014
:103CB00002000000040000000800000010000000E6
:103CC0002000000040000000800000000001000013
:103CD00000020000000400000008000000100000C6
:103CE0000020000000400000E8030000D0D1D2D343
:103CF000D4D5D6D7D8D9DADBDCDDDEDF5A69674226
:103D00006565416C6C69616E63653039344B0000E8
:103D1000D8930020602B0020344B0000DA93002061
:103D20006C2B0020344B0000DC930020782B00200B
:103D3000344B0000DE930020842B0020344B000025
:103D4000E0930020902B0020344B0000E2930020F1
:103D50009C2B0020344B0000E4930020A82B002073
:103D6000344B0000E6930020B42B0020344B0000BD
:103D7000E8930020C02B00206C93002087CB02002A
:103D8000108F002096D10200000002400929FF0098
:103D90002C920020883D000000A00A000040000096
:103DA000504B000047980020983D0000784B0000E1
:103DB00070950020DC2B0020A04B000030850020F7
:103DC000042C0020A04B000050850020062C002071
:103DD000A04B000070850020082C0020A04B0000A4
:103DE000908500200A2C0020A04B0000B085002008
:103DF0000C2C002000000000F54E01005999000035
:103E00000101010000000000FF0001002511030076
:103E100007000000C44B00004C150020102C0020AF
:103E2000C44B00004C160020502C0020FF00000066
:103E30000000000080A90300588600202C3E0000EE
:103E400000000840E8030000DC4B0000388F002031
:103E5000403E0000000001401FFF0000170000006E
:103E60000010014021FF0100190000000020014066
:103E700023FF02001B0000000030014025FF03006B
:103E80001D0000000000014020FF0000180000009D
:103E900080790020543E000000000000CC79002012
:103EA000603E000000000000187A00206C3E000018
:103EB00000000000647A0020783E0000000000004E
:103EC000B07A0020843E00000100000002080000DB
:103ED00000000000000000000001010008005D2C4F
:103EE000F02C00200000000000000000030800008B
:103EF0000000000000000000000165090000000053
:103F000000000000012C0000000000000000000084
:103F10000001001E0000000000000000022C000054
:103F20000000000000000000000000000000000091
:103F3000000000000000000000000000032C000052
:103F40000000000000000000000000000000000071
:103F50000000000000000000000000000000000061
:103F60000000000000000000010101010101010149
:103F70000101010102020202020202020303030321
:103F800003030404040405050505050606060607E3
:103F900007070808080909090A0A0A0B0B0B0C0C89
:103FA0000D0D0D0E0E0F0F10101111121213131410
:103FB000141515161617181819191A1B1B1C1D1D78
:103FC0001E1F1F2021222223242526262728292AB6
:103FD0002A2B2C2D2E2F30313233343536373839C9
:103FE0003A3B3C3D3E3F4041424445464748494BB1
:103FF0004C4D4E50515254555658595A5C5D5E6066
:104000006163646667696A6C6D6F707273757778E7
:104010007A7C7D7F8182848688898B8D8F91929432
:1040200096989A9C9EA0A2A4A6A8AAACAEB0B2B440
:10403000B6B8BABCBFC1C3C5C7CACCCED1D3D5D719
:10404000DADCDFE1E3E6E8EBEDF0F2F5F7FAFCFFAE
:104050005374617469630000426C696E6B00000008
:104060004272656174680000436F6C6F722057691B
:1040700070650000436F6C6F72205769706520494E
:104080006E76657273650000436F6C6F72205769BE
:10409000706520526576657273650000436F6C6FC2
:1040A0007220576970652052657665727365204984
:1040B0006E76657273650000436F6C6F722057698E
:1040C00070652052616E646F6D00000052616E6415
:1040D0006F6D20436F6C6F720000000053696E6754
:1040E0006C652044796E616D696300004D756C7478
:1040F000692044796E616D69630000005261696EE8
:10410000626F77005261696E626F77204379636CEA
:10411000650000005363616E000000004475616C2F
:10412000205363616E00000046616465000000007A
:1041300054686561746572204368617365000000AE
:1041400054686561746572204368617365205261CB
:10415000696E626F7700000052756E6E696E67203F
:104160004C696768747300005477696E6B6C650006
:104170005477696E6B6C652052616E646F6D0000E0
:104180005477696E6B6C65204661646500000000C1
:104190005477696E6B6C6520466164652052616E70
:1041A000646F6D00537061726B6C6500466C617377
:1041B0006820537061726B6C65000000487970650F
:1041C0007220537061726B6C650000005374726FE3
:1041D000626500005374726F6265205261696E629D
:1041E0006F7700004D756C7469205374726F62654F
:1041F00000000000426C696E6B205261696E626F54
:104200007700000043686173652057686974650032
:10421000436861736520436F6C6F7200436861731C
:10422000652052616E646F6D000000004368617329
:1042300065205261696E626F7700000043686173A8
:104240006520466C61736800436861736520466C45
:104250006173682052616E646F6D00004368617322
:1042600065205261696E626F7720576869746500D6
:10427000436861736520426C61636B6F7574000005
:10428000436861736520426C61636B6F7574205283
:1042900061696E626F770000436F6C6F72205377B5
:1042A0006565702052616E646F6D000052756E6EB0
:1042B000696E6720436F6C6F7200000052756E6EFE
:1042C000696E672052656420426C756500000000CD
:1042D00052756E6E696E672052616E646F6D00007C
:1042E0004C6172736F6E205363616E6E6572000075
:1042F000436F6D657400000046697265776F726B7D
:104300007300000046697265776F726B73205261AB
:104310006E646F6D000000004D6572727920436815
:10432000726973746D6173004669726520466C69C9
:10433000636B6572000000004669726520466C6917
:10434000636B65722028736F667429004669726515
:1043500020466C69636B65722028696E74656E73A4
:104360006529000043697263757320436F6D627540
:10437000737475730000000048616C6C6F7765653D
:104380006E0000004269636F6C6F72204368617356
:1043900065000000547269636F6C6F72204368613E
:1043A000736500005477696E6B6C65464F5800006A
:1043B0005261696E00000000437573746F6D2030A8
:1043C00000000000437573746F6D20310000000021
:1043D000437573746F6D2032000000004375737471
:1043E0006F6D203300000000437573746F6D2034CF
:1043F00000000000437573746F6D203500000000ED
:10440000437573746F6D203600000000437573743C
:104410006F6D2037000000005F180100FF1B0100D6
:10442000A3180100955B000051190100D11C010087
:1044300051190100371E010053190100955B00005E
:1044400051190100D11C0100B7190100955B000052
:104450000000000000000000F11A0100955B000060
:1044600000000000000000003D1B0100955B000003
:10447000E91B0100955B0000000000000000000047
:10448000000000000000000000000000000000002C
:10449000000000000000000000000000000000001C
:1044A000000000000000000000000000000000000C
:1044B00000000000000000000000000000000000FC
:1044C00000000000000000000000000000000000EC
:1044D00013000000990B0200000000007BB90000EF
:1044E000010000007BB9000002000000E3010200AF
:1044F00002800000E101020003000000010202004E
:104500000400000047020200048000009F02020035
:1045100005000000A10202000600000019030200CD
:1045200030000000A308020031000000A5060200D0
:10453000330000005D09020034000000030A02009D
:1045400011000000A50A020014000000010B020087
:104550001500000075060200FFFF000000000000CB
:104560008F000100BA34002087000100B834002019
:1045700035002800888F0020280001009D3400208D
:10458000290001009E34002084000400A096002031
:10459000860001007D1B00202A0001009F340020BE
:1045A0002B000100A03400202C000100A4340020C6
:1045B0002D000800DC3000202E000100A534002072
:1045C0002F000100A634002030000100A734002095
:1045D000320001005298002033000100539800205F
:1045E00034000100A8340020360001005498002057
:1045F00038000100A934002039000100A334002054
:1046000083000200923400206300010058980020CB
:1046100065000100A13400206D00010059980020C0
:1046200071000800F895002066000100B7340020F2
:1046300043000100B234002044000200883400200E
:1046400045000100B3340020460002008A340020F7
:10465000470008000096002048000100B434002004
:104660004B000100B534002004000100B9340020E3
:10467000A1000100BF34002037000100BE3400203B
:1046800088000100BB3400203C000100AA34002057
:104690003D000100AB340020490002008C340020B2
:1046A000670001005A9800204D0002008E3400205F
:1046B0004E000100B63400204F000200903400206C
:1046C0003E000100B0340020510001005598002048
:1046D00052000100AD34002053000100AF3400202F
:1046E0005400010056980020000000000000000067
:1046F0007B7374617469632D696E7374616E636535
:104700002D6E616D657D00007B656D7074792D691E
:104710006E7374616E63652D6E616D657D00000062
:104720008C310020FFFFFFFFFFFFFFFF0A000000AA
:10473000EBC7010002000000E7C201000500000015
:1047400085C4010007000000F7C301000C00000051
:10475000BFBD01000D000000DDBF0100FF00000033
:10476000000000008E0000008E0001008E0002009C
:104770008E0003008F0000018F0000028F000003F5
:104780008E0001048E0000058E0008048E000004D7
:1047900089000006500000007F0001003F00040077
:1047A0003F0002003F0001007F0002008E00020473
:1047B0008E0001028E0001010000000002000000D6
:1047C000020000000A0000000200000002000100D8
:1047D00000000000000000000000000000000000D9
:1047E0000000000000000000000000000E000000BB
:1047F00000A6AAACA4A9A9A399B19ABCB6A8000026
:1048000002040201010101090200000031311719FF
:104810001A21241B1D1F3131333100003131181989
:104820001A22311C1E203131343100000300710086
:10483000300160001100700031022003500480003C
:104840000700100061000000140063007300720094
:104850006200430000001300060000000000040096
:1048600012000000000000000000040004003700F7
:1048700037003C024400000000000000000065001A
:1048800000003500810000000500000083000000EA
:10489000660000000000080009000A000B0000008C
:1048A0000101710101010101110101013101010148
:1048B000010180010001100161013B00140063014E
:1048C00073017201620143010001130106013D0100
:1048D0003500040112010001000100010001040182
:1048E0000401330133013C0144013201360000016F
:1048F000000165010001350081010001050182010F
:1049000083010001660100010001080109010A019B
:104910000B010000030271023001600211027002FB
:1049200001020202020280020002100261023A0049
:104930004100630273027202620243020002130228
:10494000380000020002040212020002000200020B
:10495000000204020402370037003C024402000255
:1049600039000002000265020002350281020002E5
:1049700005028202830200026602000200020802AF
:1049800009020A020B020000010371030103010383
:1049900001030103010322030203010300031003C7
:1049A00000030003000300030003000300034203AD
:1049B000000324030603000300030403120325037A
:1049C000230325032303040304030003000300035C
:1049D00044030003000323030003650321003503A0
:1049E0008103000305030003000300030003250304
:1049F0002303080309030A030B03000003047104E3
:104A0000020460041104700402040204010402049C
:104A100000041004610400041404630473047204A9
:104A200062044304000413040604000400040404A4
:104A30001204000400040004000451046400000493
:104A4000000400044404000400040004000465049D
:104A50000004350481046400050400048304000498
:104A6000660400040004080409040A040B0400009E
:104A700000000500BD00B700B100BC001C00300004
:104A80003800080038010200000120181A18182CFC
:104A900034041E000C0E020B040B0A070800110F51
:104AA00088B22400881300001000000000000001FC
:104AB000C003000080070000000F0000001E00007F
:104AC000003C00000078000000F0000000E0010061
:104AD00000C003000080070000000F0000001E005F
:104AE00000003C00000078000000F0000000F00032
:104AF00000000000000000000000000000000000B6
:104B000000000000000000000000000000000000A5
:104B1000000000000000000000BE040A00BE020801
:104B20003031323334353637383961626364656623
:104B300000000000ED990300259A03002B9A030062
:104B4000079B0300F39B03004D9C0300559C03004F
:104B5000F19C0300F99C0300FF9C03002F9D0300C0
:104B6000499D0300979D0300AF9D0300239E030012
:104B7000619E0300699E0300F9A003008DA103005C
:104B800003A2030033A2030045A203007BA203009B
:104B900093A20300B9A30300FDA3030009A403002B
:104BA00041AC03005BAC030091A9030093A903008F
:104BB00091AA030039AA0300D5AA030021AC03007F
:104BC00005AC030089AF0300FFAF0300F3B203009D
:104BD000FDB20300D5B40300F5B70300DDBC03004C
:104BE000E5BC0300E7BC0300EDBC0300F5BC03001B
:104BF00085BD0300ADBD03005D400021894000215B
:104C0000954000213B410021074C657900F009F8EF
:104C100061796940490703D50121044A890311607C
:104C200070BD70B502490847800300210811044097
:104C30002D59000000F00AF800480047577F000097
:104C400000F00AF8004800471B880000806B0C4900
:104C50000007000F48717047094A0A491823507924
:104C6000CB56497EC018814201DD084602E00F287C
:104C700000DD0F20D189090909010143D181704765
:104C8000E0020021880000210122274B0221254853
:104C9000184710B5254880472548406A00280DD19F
:104CA00024490A200856002809DA401C07D0084683
:104CB0002038406A2049884200D1804710BDFFF764
:104CC000E3FF10BD00211E4B1C4A08461847012077
:104CD0001C49400208601C48FB2201781140017009
:104CE0001248EC38004710B5184988471149203957
:104CF000012807D0020404D5002008851448486222
:104D0000012010BD4A6A094BEC3B9A4201D1114A7D
:104D100005E007494A6A104B9A42F2D10F4A4A62AB
:104D200010BD0000060800009F060000A1920200CE
:104D3000080100215401002163920200E740002194
:104D4000B5B4020080E100E080030021F796020084
:104D5000DD40002123410021699502001941002115
:104D6000010200030200010339480068017800F0E5
:104D7000C9B8F8B500F03DF817460A691E469047D5
:104D800080B2854214D206988DF802008DF800702A
:104D90008DF8016005EB4505206841689DF800200D
:104DA000481902709DF8011041709DF80210817041
:104DB000F1BD7CB500F01DF816460A69904780B237
:104DC000854215D2310A300C8DF801108DF80000A3
:104DD0008DF8026005EB4505216848689DF80010D4
:104DE000284401709DF8012042709DF802108170E6
:104DF00073BD04460D462068016870472DE9F041F7
:104E0000044688462068016816460A691F4690478E
:104E10000546A9B28E4214D2A8B2390008BF054691
:104E20000CD0BF19BFB2ADB2BD4207DD3D4605E0B3
:104E30004246B1B22046FFF7BCFF761CB0B2A84292
:104E4000F6DBBDE8F081024802681170704700008F
:104E5000D092002038B5FFF7CCFF0A69904780B2A6
:104E6000854201D3002032BD2068416805EB45052D
:104E7000294408788DF8000048789DF800208DF8C6
:104E80000100000289788DF8021040EA02400843D0
:104E900032BD010010B5444C616851B9207828B981
:104EA0000121217004F1080000F005F804F1080167
:104EB0006160606810BDFF21017000224FF0FF317A
:104EC000816042804221C26042600174704770B5C7
:104ED000012B04460D46164603DB06EB4606354419
:104EE0001E4621688A689047656066612046216891
:104EF0004A69904701462C484068012200F05AF860
:104F0000204670BD2DE9FC4106460D46274C7068D1
:104F100030B100F052F861687268401A9042F6D3DE
:104F200000F04BF86060F2681AB1B168284690470B
:104F30000546246815E07088A77C6428BCBF002162
:104F4000A1742A462146684600F047F8D4F800C00C
:104F500062696168DCF804806B462046C047A7742C
:104F6000A468002CE7D11921304600F002F8BDE812
:104F7000F38170B50E4C05462068461C88420FDB55
:104F800000F020F86168401A08BF01204FF47A71E0
:104F90004E43B6FBF0F06880002600F013F8606026
:104FA000266070BD00000000CC920020B895002063
:104FB000C09500200A214160704710B500F098F8B4
:104FC000044606E010B500F093F84FF47A71B0FB98
:104FD000F1F400F08AF8604310BD10B5144601F1F9
:104FE0000F0301F10C022146BDE8104000F0A6B805
:104FF000DFF800F001CE0210DFF800F09DEB0210A8
:10500000DFF800F025DB0210DFF800F0C5E2021047
:10501000DFF800F0C3EC0210DFF800F0E7E902105F
:10502000DFF800F0BBEC0210DFF800F08DDD0210BD
:10503000DFF800F049E60210DFF800F0FDE90210A9
:10504000DFF800F011DC0210F0B51C0089B0054655
:105050000E46174605D10023FFF7E6FF284609B0A4
:10506000F0BD0823242200216846FFF7C5FFA16890
:1050700006916B462278ADF810203A46606805909C
:1050800031462846FFF7D0FF284609B0F0BDF0B5FD
:10509000140089B005460E46264F05D13B46002236
:1050A000FFF7AEFF09B0F0BD0823242200216846B7
:1050B000FFF7A2FFA16806913B462278ADF81020C9
:1050C0006A466068059031462846FFF799FF09B0A7
:1050D000F0BD00B581B000906846FFF7A1FF01B0B8
:1050E00000BDFFF7A5BFFFF7A7BF134800687047D3
:1050F000FFF7A6BF00F03DB800B581B000F052F850
:10510000401E8041C043C00F01B000BD002181603E
:10511000017041607047FFF77BBFFFF77DBFFFF76E
:1051200073BF0549096800EB5100B0FBF1F0FFF7D0
:105130005FBF0000EC300020801A000070B504460C
:105140000020207060700D4600262800A6700FD049
:10515000915D985D002918BF002806D0401C10FB07
:1051600005F0491C4143090CA155761C022EEFDDC8
:1051700070BD70B5044600F01BF80646A08A0025F5
:1051800001280AD1FFF75CFF0546E068A168451BCE
:10519000A9423EBF2069A8420025304600F009F828
:1051A000284670BD808A7047DFF800F07DE8021065
:1051B00000E006E0EFF31180202181F311887047B1
:1051C000000080F311887047FFF7EEBFF2E7F8E7C1
:1051D000F0E7F6E70000EDE7F3E70E49C20744BF4A
:1051E00001230B60820744BF4FF480730B604007BC
:1051F00044BF4FF480320A60704710B5064AC307B7
:1052000048BF1160840748BF5160400748BF9160A4
:1052100010BD0000042009401820094070B5044664
:10522000257805F07F050E2D02D19FEDAA0A70BDED
:10523000E678032D1CBF042D012D01D1002000E0D4
:10524000802000F08BF90F2D14BF012200220321D2
:10525000304600F084F90F2D04D100EE100AB8EEAC
:10526000400A70BD00F0C2F9032D41EC100B04D1CF
:1052700000F0CEF900F0BAF917E0F9D0042D0CD106
:1052800053EC102B9448954900F0DEF900F0C0F97A
:1052900000F0ACF90022924B05E000F0B9F900F003
:1052A000A5F900228F4B00F0A5FA00F0C7FB00EE35
:1052B000100A207AC10708D56069D0ED000AB0EE67
:1052C000401A90ED010A01EE200A70BD7FB5044638
:1052D0002C204443844D281900F108014E88964241
:1052E00004BF8988994245D108990B0006D10C2A40
:1052F0000CBF042102210A98018017E0012939D14D
:10530000FFF78CFF8DED000A295D099801F07F0100
:10531000012918BF02290CD003291DD0042908D067
:105320000F2927D10422694600F053FC012004B064
:1053300070BD6E49DDED000A0A8800EE102AB8EE55
:10534000400A60EE200AFDEEE00A10EE903A1BB231
:105350000193022201A9E7E76549D1ED000A60EE59
:10536000200AFDEEE00A10EE902AADF8042001A913
:105370000222D9E70020DAE770B504462C214C431D
:10538000594D2E192DED028B3046FFF747FF295D51
:1053900001F07F010329B0EE408A0DD1544890ED11
:1053A000000A707828EE000ABDEEC00A10EE101A4E
:1053B00009B200F09CFE0EE0285D00F07F000F288F
:1053C00006D1012001F07CF830B180ED018A03E0C4
:1053D000707800F09CFE0020BDEC028B70BD2DE9C2
:1053E000FC478046434F4D79434911F808904846A1
:1053F00000F08CF8064600F092F8002000F0AEF8BD
:105400003A7839492C2042438C183C49D4F814A0EE
:105410006162012005F07F0584F8280040F6043120
:1054200061814FF48070032DA08105D140F20240CC
:105430000926608100214BE0042D08BF08262CD0EE
:105440000421484601F01CF90C2010FB06F02C4901
:1054500001F80090012D33D108442A4A426000210E
:10546000009101916A460121404601F007F801AA26
:105470000221404601F002F89DED000AB5EE400A17
:10548000F1EE10FA09D0207A40F001002072009865
:10549000CAF800000199CAF8041084F8018084F861
:1054A0000290E6700021207800F08000054325700E
:1054B000A1711548E0613978491C3970BDE8F3875E
:1054C000681E0128CBD90E38E7D10C206081552108
:1054D000A181E2E7000000009A9999999999B93F52
:1054E0000000594000408F40647C00200E560000B0
:1054F000A83C000041980020D0950020CD5200002B
:10550000602B0020308C110079530000A0F11701AE
:10551000082902D21738C0B27047FF2070470C48E4
:105520000178CA0700D5704710B541F0010101703C
:105530000020084905E0C3B20C246343FF22CA548B
:10554000401C054B1C78C2B2A242F4D310BD00002F
:1055500046980020602B002086CB0200704713463F
:1055600001222DE9FE430928044691461D4605D136
:1055700001F007FA01F034FA80B234E05FEA090082
:105580000BD001F056FA01A801F08EFA01A92046CD
:1055900001F06AFA5FEA000801D1002023E0002749
:1055A0000024002609E06946404601F03CFA18B99B
:1055B000BDF80000641C3F18761CF0B24845F2D3D9
:1055C000E0B20228A4BFE4B2B7FBF4F73DB1B9B230
:1055D000404601F02BFA4FF47A71B0FBF1F74046E8
:1055E00001F01EFAB8B2BDE8FE83010010F00041E0
:1055F00060B148BF4042B0FA80F29040D21CC2F580
:10560000846241EA025202EBD021400570476400F7
:10561000C1F30A5340F21E42D31A0CDDCA0283F3CF
:10562000070342EA505242F00042DA4002EBE172D4
:1056300082EAE17070476FEAE17203F2E13008B18B
:1056400082F000407047E80330B540F2FF7C1CEA6E
:1056500011541DBF1CEA1355644565453FE06419AC
:1056600081EA030C6FF35F530CF0004C43F480139A
:10567000C90241F0004141EA505EC5021100A5FB9C
:10568000020200284FF00000EEFB01204FF0000165
:10569000E3FB052118BF42F00102401800214941F7
:1056A000E3FB0E01A4F580640D0302D29218404181
:1056B000494154F1010470DD450872F1004250F196
:1056C000000051EB0451A1F5801102D441EA0C0114
:1056D00030BD40F2FF7E4CEA0E51002030BD0CEA96
:1056E0001355644518BF654581EA030C0CF0004C66
:1056F00041D050EA410E1CBF52EA430E02E061461F
:10570000002030BD24422C441BD15FEA050EF6D0A8
:10571000090302BF01460020AEF1140EB1FA81F573
:10572000AEEB050401FA05FE0C35C5F1200100FAC7
:1057300005F5C8404EEA000E6FF35F5343F4801343
:105740009CE733F00043B3FA83F504BFB2FA82FE5C
:1057500075440B3D641BB5F1200E2FBF02FA0EF30A
:10576000AB40C5F1200E22FA0EFE38BF43EA0E030D
:10577000AA40641C7CE750EA410E14BF52EA430E73
:105780006FF000014FF4001515EB430F8EBF194663
:1057900015EB410F9DE7B4D830BDD4F10104B4F14D
:1057A00020050FDAC4F12005520828BF42F001029B
:1057B00010FA05FE01FA05F57244E2BFE040284305
:1057C000E1400FE0352C9ADCC5F1200452EA40029A
:1057D00020FA05F218BF42F0010231FA05F0A140AB
:1057E0000A43002172F1004250F1000051EB0C011C
:1057F00030BD0100F0B540F2FF7581EA030C0CF0FA
:10580000004C15EA11541DBF15EA1357AC42AF42C4
:10581000E5E0BC41C1F31301C3F31303801A9941BE
:1058200043F4801304D2641E001849418018594182
:10583000C90241EA5051B1FBF3F603FB1611A2FB7A
:105840000675D7EBC020A94102D2761E80185941B7
:10585000C90241EA5051B1FBF3FE03FB1E11A2FB4A
:105860000E75D7EBC020A94103D2AEF1010E80180E
:105870005941890241EA9051760546EA8E2EB1FBE4
:10588000F3F603FB1611A2FB0675D7EB8020A941A6
:1058900002D2761E80185941C90241EA50514EEA9F
:1058A000060EB1FBF3F603FB1611A2FB0675D7EB50
:1058B000C020A94102D2761E80185941C90241EA8E
:1058C0005051B1FBF3F703FB1711A2FB0735D3EBE4
:1058D000C020A94167F100070CBF004247F0010753
:1058E00066F3D5274FEA1E31B80814F5806412DD3F
:1058F000BD0775F1004250EB0E5051EB045111F50C
:10590000801F5CBF41EA0C01F0BD4CF07F6141F0AB
:10591000E0410020F0BDBD076D0840EA0E5041F4A3
:105920008011D4F10104B4F120060ADAC4F1200692
:105930000200E04001FA06F3E1401843B24015438B
:105940000EE0342C13DCC6F1200445EA40056D0856
:1059500020FA06F2154321FA06F0A1400D4300217A
:1059600075F1004250F1000051EB0C01F0BD002038
:105970005FEA0C01F0BDCFB992185B41B3FA83F72F
:1059800004BFB2FA82F6BF190B3FB7F120062FBF52
:1059900002FA06F3BB40C7F1200622FA06F638BF2A
:1059A0003343BA401CB1E419641E33E77F4231F03F
:1059B0000041B1FA81F404BFB0FA80F6A4190B3C9F
:1059C000B4F120062FBF00FA06F1A140C4F1200671
:1059D00020FA06F638BF3143A0403C1B1AE7AC4220
:1059E0001ABF05EA1357AF4212E050EA41061CBF46
:1059F00052EA4306BFE750EA4107304661461CBF02
:105A000041EA0551F0BD52EA430C08BFC143F0BD65
:105A100000204FF4001616EB410F98BF16EB430F12
:105A200008BF16EB410F24BFC14305E016EB430F3F
:105A30000CBF61464CEA0551F0BD0A0001F000427E
:105A40008B1AA3F16051B1F5801F0ADBB1F17F6FB2
:105A50001FD242EAC102C10071F1004142EB507015
:105A600070470B15C3F10903212B10D2890241EABB
:105A7000905180020128494141F0004121FA03F090
:105A8000C3F12003994071F100415041704710006B
:105A900070476FF0000013EB103F5CBF000E42EA4E
:105AA000C0507047F8B50D4688B00446287800F01D
:105AB000BAF800283ED1DFF83C220021131D53F82C
:105AC000310018B1491C0829F9DB33E005A800238F
:105AD0000026002780E8C80002F83140121D42F875
:105AE000315028788DF80000A8684188ADF8021080
:105AF0008188ADF80410807900F00F008DF8060061
:105B0000A868C1798DF80710A86881680291007BA8
:105B10008DF80C00A8680169049105A928788DF812
:105B200014008DF81C30CDF818D0204601F034F860
:105B3000012000E0002009B0F0BDDFF8BC110860D2
:105B400070472DE9F041DFF8B4512C6880460F46CC
:105B500000F069F8002630B90020BDE8F081206827
:105B600000B9264604462CB120794045F7D1A760FC
:105B70000120F2E70C2001F0F7FB0028ECD0002216
:105B8000026080F8048087602968002914BF3060B3
:105B90002860EDE710B559490A6800E0126852B173
:105BA000036811791C7DA142F8D191680029F5D0D4
:105BB000BDE810400847012010BD01F0D5BB10B56D
:105BC000044610460A460146204601F02DFC2046B8
:105BD00010BD03E011F8013B00F8013B13465A1ECB
:105BE000002BF7D17047002818BF01F0BEBB7047EB
:105BF00001700A0A0B0C090E42708370C170001DFF
:105C0000704700223B4B03EBC201496811B1097890
:105C1000884203D0521C082AF5DB02E013F8320058
:105C200070470020704710B501460022314800EB54
:105C3000C203586810B10478A14203D0521C082A4C
:105C4000F4DB00E010BD002010BDF0B58BB00746BE
:105C50000C4615461E462C21684601F019FC397A7F
:105C60008DF80010032906D1082239460DF10200F3
:105C700001F070FB03E011B13988ADF80210797AB8
:105C800012988DF80A107989ADF80C10810744BF7D
:105C900001228DF81C20C10644BF01228DF81D2071
:105CA000010744BF01228DF81E20810644BF012256
:105CB0008DF81F20410644BF01228DF820200006E8
:105CC00044BF01218DF821101398119B109A277859
:105CD0008DF822008DF81470ADF816500693ADF8CB
:105CE00024600A922078FFF78CFF694600F058FF85
:105CF0000BB0F0BD308C00208496002088960020E8
:105D0000F8B50D2805462DD201F030FBDFF87C35C3
:105D10001A7800240146BAB100265FFA86FC2820D2
:105D2000DFF86C7510FB0CFC6744787C000904D02C
:105D3000761CF0B21728F0DD06E0521E3C461A70C1
:105D4000607C40F0F0006074084601F01AFB4CB132
:105D5000280014BF04F11C000020A061E57504F1C7
:105D60000C00F2BD01F0BCFB40F20131884206DBC1
:105D700005F11006B0B201F092F8040001D1002044
:105D8000F2BDB1B201F0C4FB280014BF04F1100051
:105D90000020E060E5722046F2BD38B50446207967
:105DA000C0F30210022806D1E06820B1A17A0229CE
:105DB00008BF01F0DAFA6079000910D001F0D6FAD4
:105DC00005461C21204601F063FBDFF8C004017882
:105DD000491C01702846BDE8324001F0D2BA204685
:105DE000BDE8324001F06FB82DE9F0470F46DFF80B
:105DF000A414B1F8D421054600262879C0F302196D
:105E0000C40900F00F00C240D5F80080D00704D5C7
:105E10001CB92846FFF7C1FF33E001F0A7FADFF80D
:105E200078248246506800213B4602E0014650F843
:105E30000C0C08B30768474502BF0779C7F3021C7B
:105E4000CC4504BFFF09A742F0D1761C1F0013D038
:105E5000F7B2BB42EAD150F80C3C45F80C3C546810
:105E6000A04208BF556009B141F80C5C002140F820
:105E70000C1CFFF792FF00E00546504601F081FA46
:105E80000DB1012000E00020BDE8F08770B501F001
:105E90006DFA0646DFF8000444680025456005E019
:105EA000204654F80C4CFFF778FF6D1C002CF7D1FE
:105EB000304601F066FAE8B270BD2DE9F0430C46B9
:105EC0008FB0200448BF84F4004000F1C780E00791
:105ED000DFF8C46340F1B6807078002884F00109CF
:105EE0001BD100F1180801F0FBFA002740F2011164
:105EF000884213DAB078401CB070C0B21F28A4BF2B
:105F0000B770FFF7C3FFB078052190FBF1F101EB0B
:105F10008101401A03D000F0A4F891E0B770301D61
:105F200001F0F6F80400F8D0162106F1080001F09F
:105F3000AFFA21791625080910F0070003D00228CE
:105F400052D014D359E0C809E57A05900497039715
:105F5000029701F00F01E068019006F10800A27AB3
:105F6000009216352389E28802F0C8FD44E0E17909
:105F7000FF290CD02C20DFF82423414355181E2282
:105F800007A9284600F0CAF9074605F11808E06895
:105F90000168069107AB217902790497001D0393EC
:105FA0000290552306F10800D519CA09059206AFDB
:105FB0003922009201970C2201F00F0102F09EFDA0
:105FC0001A35010018D198F81000010715D5FF21E6
:105FD0000020009102900190A179E079D8F80C702E
:105FE00055230C22B84708E0E288E068E57A01F022
:105FF0000F0102F02DFD163570B9652D05DB3078E7
:106000003222012102F07EFE17E03078012100F0FB
:10601000E4FF49F0010910E0607900F00F01022966
:1060200008DC411C61F3030060712146301D01F062
:10603000AFF8002400F015F814B12046FFF7ADFECC
:1060400048460BE0A00708D5002171700121307887
:1060500000F0C3FF84F0020000E000200FB0BDE8B4
:10606000F083012070704FF47A723078022102F0D0
:1060700049BE4FF6F07300F00F0003EA0213184315
:1060800040EA014070472DE9F84F0B9D824E824651
:10609000884693461F462846FFF732FE040022D06A
:1060A000DDF830905A4641465046FFF7E2FF206047
:1060B0002A460AF00F0040EAC9102071A4F80680B1
:1060C000A4F808B0A7720A99E06801F043F9102F0C
:1060D0000CBF032101212046FFF786FE18B9214697
:1060E000301D00F0DFFF3078BDE8F44F78E003B5F5
:1060F00083B000F004F8292340F2024110E00021AF
:10610000022204AB02910192009300227047F8B57D
:10611000634900F009F84FF48072FFE740F604315C
:10612000FFF7B1FF05B000BD0A8800EE902AF8EE37
:10613000600A20EE800ABDEEC00A10EE102AADF80B
:106140000C200023022103AA02930191009229232B
:1061500070471FB50B0018BF012301218DF80C30CB
:106160000292019103AC0094102300220621FFF754
:106170008AFF1FBD2DE9F04707460E469246994615
:106180000C20FFF7BDFD0400DFF80C8124D0089D32
:10619000721C49463846FFF76CFF206007F00F0776
:1061A0002079A57100F0800007433920A07247F0E4
:1061B0001007E0682771E67184F808900C225146B8
:1061C00001F0C8F801212046FFF70EFE20B9214654
:1061D00008F1040000F066FF98F80000BDE8F04701
:1061E000012100F0FABE2DE9F047804689461400EF
:1061F0009A4618BFBAF1000F11D0089E370908BFA0
:10620000012706F00F06022E0CBF00205046FFF7B4
:1062100077FD050005D116B1204601F0A6F8002053
:1062200031E0002249464046FFF723FF286008F08E
:106230000F01287900F08000084340F02000287109
:1062400085F80BA00020A5F806902881AE72022EDA
:1062500008BFEC6008D0E8685246214601F07AF8A1
:1062600016B1204601F081F839462846FFF7BCFDFB
:10627000094C18B92946201D00F014FF207801218F
:1062800000F0ABFE0120BDE8F0870000953400204F
:106290008C110020843200000C920020647C0020CD
:1062A0000E56000070B504462C214C43DFF8D8523E
:1062B0002E19304601F02CF92A5DDFF8D01242F099
:1062C00080022A5500200870304670BDF0B5B14BF1
:1062D000B14C1B5C245C024600E0491CAC4D2E789E
:1062E000C8B2B04217D25FFA81FC2C25A64F15FB2D
:1062F0000CFC07EB0C052878C0090CD0687890429C
:1063000002BF2F7807F07F079F4204BFA878A04202
:10631000E3D148B2F0BD4FF0FF30F0BDF0B5034619
:10632000002400200EE0E4B266440E5507F00F078B
:106330006C1C0A2FACBF37263026EDB2F6194E552D
:10634000401CC0B29E79B042E5B212DAEF1CBA42EC
:106350000FDB10B12D264E55641C1D182F7AC7F384
:106360000316651C0A2EB4BF4FF0300C4FF0370CEB
:10637000D9E7E0B290423CBF00204855E0B2F0BD02
:1063800010B500F001F811E0012303FA00F000F06D
:10639000FF0000EB0120814C704710B5012303FA88
:1063A00000F000F0FF0000EB01207D4C81B220786E
:1063B000BDE8104002F0A6BC70B500F00EF8784EB3
:1063C00000F003F800B90FE070BD307804EB012451
:1063D000A4B21546214602F0C5BC0446012000FACD
:1063E00004F404F0FF04704730782A462146BDE8E3
:1063F000704002F087BC012202FA00F000F0FF00BA
:1064000000EB0120654B07E0012202FA00F000F0EA
:10641000FF0000EB0120624B81B2187802F076BCDD
:106420001CB500F045F80CBF02F1FC0102F1AC0113
:10643000052202F06FFD9DF80000012816D0022809
:106440000FD0032807D0042810D0052809D006282B
:1064500018BF0B2810D10DF1010108682060012040
:1064600016BD0DF10101086880B2F7E70DF10101D9
:10647000086800F0FF00F1E7002016BD1CB500F031
:1064800017F80CBF02F1FC0102F1AC01052202F089
:1064900041FD9DF80000072808D10DF101000168B9
:1064A00000EE101A84ED000A012016BD002016BD72
:1064B00014463C4A00EB80000244022968467047BB
:1064C00070B510260228054603DB0C2110FB01F6EF
:1064D000361D304600F048FF040003D0314601F07D
:1064E00017F82570204670BD420602D5491E894125
:1064F000C90F00F01EB92C22234B504318440079D9
:10650000002818BFFFF7F0BF704738B50024204DB2
:1065100003E00021FFF7EFFF641C2978E0B2884216
:10652000F7D32148027802F0FD02027031BD70B548
:106530002C2606E0D5B2144C75432C44521C207115
:106540006171D4B29C42F5D370BD70B52C220E4B54
:106550000446191D54430C5D00E0401C0C4D2E7880
:10656000C1B2B1420CD251435D18297900291CBF38
:10657000A9780029F1D02979A142EED1012070BD7E
:10658000002070BD00000000647C002094340020D6
:1065900041980020C8950020D09500205329002064
:1065A000542900208432000010980020C0001030D0
:1065B00070477CB5C0001030461814461D46314661
:1065C000102002F00CFD48B9009523460022314608
:1065D000102002F069FD08B9012076BD002076BDCB
:1065E00013460A460EE0C00080B510304118102056
:1065F00002F038FD012002BD13460A460021F2E7F1
:106600000B4604220021D4E702B56B460422002188
:10661000FFF7E9FF02BD0A0000F03F02282A0ADA6C
:10662000012200F01F0012FA00F004D0644A09B100
:106630001060704710617047F8B500F04CF81EDA32
:1066400000F043F81BD05F490A681043086024F04B
:10665000605402F0DCFD00F04CF830001CBF032E4B
:10666000042E02D144F4C04408E0012E08BF44F4D3
:10667000804403D0022E08BF44F4005449E0F1BD29
:10668000F8B500F028F81FDA00F01FF81CD04D49CB
:106690000A6822EA0000086044F0005402F0B7FDE6
:1066A00000F027F830001CBF032E042E02D144F462
:1066B000C04408E0012E08BF44F4804403D0022EF9
:1066C00008BF44F4005424E0F1BD012100F01F0094
:1066D00011FA00F07047850005F0FC0505F18045D2
:1066E00005F501250E462F4600F03F013C6828299C
:1066F0007047002139706F1C220AA91C3A70230CC4
:106700000B704FEA146C05F803CF24F4C04402F078
:10671000A5BD02F07CFD240A3C70BDE8F24002F009
:106720009DBD840004F0FC0404F1804404F50124C0
:10673000704700F03F02282A0DDA012200F01F0006
:1067400012FA00F007D01E4A136C0343136409B118
:106750001060704710617047F8B50D4600F03F01BA
:1067600028292BDAFFF7DDFF174A2668137800F097
:106770003F00834222D3154902F072FD26F4E02740
:10678000032D47F4C02047F4A0210ED8DFE805F020
:106790000C0A050247F4E02707E006F4E026B6F508
:1067A000C02F01D10F4600E0074602F030FD621C09
:1067B000390A11703F0C04F8027FAEE7F1BD00000A
:1067C00090200240D020024002D602008FE100005B
:1067D000F8B504460D4601260027344203D0294669
:1067E000F8B2FFF7B9FF7F1C7600F8B22028F4DB7F
:1067F000F1BDE80370B502F00AFD06467D48406829
:10680000FA246FF0F90560B1B0F90C108C42C8BFE2
:106810000C46B0F90E1000688D42B8BF0D46002836
:10682000F2D12946204600F005F83046BDE8704018
:1068300002F014BDF0B46F4BB3F90040A0421ADA75
:106840006D4D6E4C2E782568A5F5407576B2821C8C
:106850007543D7052D1105EBE735803D12F1F90F92
:106860002ADA4FF4803505F47F4525631880206AC5
:1068700040F004002062B3F9020088421ADA5E4C4C
:106880005E4A25781468A4F540746DB2881E6C4386
:10689000C605241104EBE634803C10F1F90F15DA3B
:1068A0004FF4803404F47F4454635980106A40F0FC
:1068B00008001062F0BC7047FA2AA8BF4FF47F4569
:1068C000D1DA002DCFD54E4A1540CEE7FA28A8BF21
:1068D0004FF47F44E6DA002CE4D549480440E3E76E
:1068E0002DE9F0474448454D01782A68414E454F0F
:1068F0004FF47F432B63FA2131802A6A22F004028D
:106900002A620022007829686A636FF0F9007080BB
:10691000296A21F008012962F86B7468D0F8001028
:1069200088470FFA80FAE4B1B4F90E90D4F80080E9
:10693000D145BCBFB4F90C108A450FDBD145B8BFB7
:10694000B4F90C902146301D02F018FD0020226998
:1069500020752346A46849465046A0475FEA0804CC
:10696000E2D1FFF747FF686A00F00C006862686ACE
:1069700010F00C0FF7D139680A6ABDE8F0473520EE
:10698000104770B584B002F042FC1F4D04462878D1
:1069900008BB684602F05AFC1C490A7801920121A2
:1069A0008DF808106B461A4A3521281D02F00CFCA0
:1069B0001848194B816C21F0040181640322816C19
:1069C00021F008018164026009211A68166802201A
:1069D000B04701202870204602F040FC04B070BD92
:1069E00000B50E4881B001680A68904700B201B056
:1069F00000BD00004C3400200C130050285009400A
:106A000000FF0100B00100104C920020632203003F
:106A1000E16800000050094084010010EC01001002
:106A200001680A681047026893681847026813698A
:106A3000184770B502F0EBFB18490546087860B9B5
:106A4000012217480A7004783CB1164E304656F8B9
:106A50000C1B4A699047641EF8D12846BDE8704077
:106A600002F0FCBB0000000030B50C4C237881B074
:106A700000227BB10A4C2578A8420BD209B900BF8D
:106A80000CA100EB40029200064B98189B589A69A3
:106A900090470246104601B030BD00006B980020C0
:106AA00086CB02000C3D000002A1D1E90023C0E921
:106AB000002370470000000001000000DFF800F034
:106AC000F5EA02102DE9F041102705460E469046E2
:106AD000082B38BF082398B200F0E1F9040010D069
:106AE000267000F037F800F03BF840B9FFF7E6FFFA
:106AF00000F09AFA00F03CF80028F7D0477800F050
:106B000042F83846BDE8F0812DE9F843054608987B
:106B100010260F46904699460C2838BF0C2080B2AC
:106B200000F0BDF9040012D0277000F013F8C4F88B
:106B3000089000F015F840B9FFF7C0FF00F074FAB4
:106B400000F016F80028F7D0467800F01CF8304620
:106B5000BDE8F28300206070A570C4F8048070471F
:106B600021460A48007800F0BDB90849087070470E
:106B70002178284600F0E0BA0A4608230421A1E75C
:106B8000FFF7C2FF02BD204600F09DB95C980020CF
:106B90000A460823142195E70A460823202191E795
:106BA0000A46082322218DE70A4608234D2189E75A
:106BB0000A4608232C2185E70A460823B02181E7ED
:106BC0000A460823B6217DE70B460C2100910022DE
:106BD00070470A460823C12174E703230022CD2110
:106BE00070E780B5FFF7F0FFC421C9E738B5044668
:106BF00001252078801F46D0423848D018383ED032
:106C0000401E3CD0401E012841D9801E2FD0401E7E
:106C100033D0401E31D0801E2FD0801E032836D99D
:106C2000001F2AD0401E28D0401E26D0401E24D04F
:106C3000401E02282BD9C01E21D0401E23D0401E4A
:106C400025D0C01E23D0801E21D015381FD0401E55
:106C500017D0C01E012884BF3038062817D91B382A
:106C600015D0801E012812D9093810D012E06069B1
:106C700008B100F07AFBE06906E0E06804E06069D2
:106C800002E0E06A00E0A06808B100F06EFBFFF7E8
:106C90007AFF00E00025284632BD2000DFF800F032
:106CA00021CD0210DFF800F0B1BF0210DFF800F0D4
:106CB0004DEA0210DFF800F045DF0210F8B542F2AD
:106CC0000C74DFF810562E19307901281DD0284693
:106CD000002101E040F8041B42F210722A44904265
:106CE000F8D3E8212960002042F22462DFF8E87539
:106CF0003060C5F8E82005F1E801796000F006F899
:106D0000B8607D60FC6001203071F1BDF8B50026EF
:106D10000027051D15F003001CBF291D0D1A00F0EA
:106D200025FB0146DFF8B025112D34BF5468946867
:106D30002068002803D580F0004000271AE03B00BF
:106D400014D03368D4F800C06344AB42336011D32D
:106D500034461846ECB1401B042811D3605145F06D
:106D600000402060D3685D1BD56011E0A842F1D2DD
:106D700001272646044420680028DAD1002408E0D0
:106D8000D36820681B1AD360256845F0004525604C
:106D9000241D11600846F3E038B5040019D0DFF86F
:106DA000385500F0E3FA286054F8041C002903D495
:106DB0002969491C29610BE021F0004144F8041CB9
:106DC000EA688918E960211F6A68914238BF6960E2
:106DD0007CE131BD2DE9F04100F0C8FADFF8F8247C
:106DE0009368002400250026002709E00E460125AF
:106DF0001C4604E011D581F00041002547460B44B4
:106E00001968B046BE4238BFB8460029F2D11060BA
:106E100000F0B7FA4046BDE8F081002DE6D0D4F886
:106E200000C08C44C4F800C08E19E8E710B50446D1
:106E300042F21070DFF8A0142060CA686260FFF7A9
:106E4000C9FF09282CBF08380020A06010BD80B5FC
:106E5000FFF734FF4BF6BE2002BD084656E7084652
:106E60009AE702B56846FFF7E1FF01BD01207047D0
:106E7000F0B5DFF8684425782E460F2E0BDA18237C
:106E8000DFF85C745E43BB19586000201D70D96048
:106E9000986018745A616D1C2570681EF0BD38B575
:106EA00004460025200001D1002032BD04F10C0071
:106EB00000F05AFA28B10560FF220481827200F1C5
:106EC0000C05284632BD80B508B9052002BD10F872
:106ED000021CFF2901D0042002BD0C3800F045FA45
:106EE000002002BD2DE9F0410C00064602D105202C
:106EF000BDE8F0810020DFF8E85300E0401CDFF837
:106F0000DC231378C1B2994217D2C7B218214F437C
:106F1000EA5DB242F2D100F029FA8046E819214632
:106F2000083000F0BFF84FF40041304600F055F84B
:106F3000404600F026FA0020DAE70320D8E7F8B54B
:106F400005460E4600F012FA00240021DFF89023D7
:106F500000E0491CDFF884733F78CBB2BB420FD20C
:106F6000182717FB03F3D75CAF42F2D1D1188C6816
:106F700001E054F80C4C002C1CBF2178B142F8D130
:106F800000F0FFF92046F2BD2DE9F84380464FF0AE
:106F900000090026DFF84843DFF8405316E000F010
:106FA0001CF812E018225043215C41450DD12718EE
:106FB00007F1080000F0ACF88146B86800284FF4EB
:106FC0000041F0B2EBD100F046F8761C2978F0B21F
:106FD0008842E7D34846BDE8F2832DE9F047814671
:106FE0008A4603260025BD4C18E01821BC48694399
:106FF00047183A784A450FD100F0B8F980467869C9
:1070000001684AEA01010160F86808B1FFF746FE2D
:10701000404600F0B6F900266D1CEDB2207885429E
:10702000E3DB3046BDE8F08770B504460025AB4E83
:107030000DE01821AA48694308444268A24204D1DD
:10704000C0684FF0FF31FFF72DFE6D1CEDB23078B8
:107050008542EEDB70BD2DE9F04180460C460027ED
:107060009E4E04E02878404510D07F1CFFB2307857
:10707000874215DA18229A497A438D18B8F1FF0F22
:10708000F0D1FFF71BFD69688142EED100F06EF987
:1070900069690A6822EA04040C60BDE8F04170E105
:1070A000BDE8F08138B505460C4600F05FF96CB1DB
:1070B000002144F80C1C2A6812B92C6006E00A462C
:1070C00052F80C1C0029FAD142F80C4CBDE83240B1
:1070D00057E12DE9F84304460D46904600F046F985
:1070E000814620680027002628B100E07F1C50F868
:1070F0000C0C0028FAD1474504D229462046FFF758
:10710000D1FF0126484600F03CF93046BDE8F28345
:1071100038B5044600F02AF92168002541B10D4632
:10712000A5F10C0100230A682260FF240B608C7219
:1071300000F027F9284632BDF8B507460E4600F0A4
:1071400015F9002400250021654A00E0491C634B25
:107150001B7899421BDA18234B4312F803E0BE4513
:10716000F4D1D1188C6801E0254614467CB123780F
:1071700054F80C2CB342F7D1002D0CBF8A6045F8AF
:107180000C2C0021FF2244F80C1C04F8022CF7E61A
:1071900038B504460D4600F0E9F8216845F80C1CA6
:1071A000256093E770B504460D46164600F0DEF8FC
:1071B000A5F10C0123680A689D420CBF226046F8C5
:1071C0000C2C0022FF230A608B72BDE87040D8E0CF
:1071D000F8B5424C424A65780026002311E0182792
:1071E0005F4302EB070CD75D874204D10F0018BF45
:1071F00001278CF810709CF810703E4318BF0126D0
:107200005B1C2778BB42EADB02F001F8074630003E
:1072100009D1012D28460FD102F09DF9022002F07C
:107220009AF9002508E0280006D1012002F0FEF9B5
:10723000022002F0FBF90125384602F00FF86570D4
:107240003046F2BD01468868496808472DE9F84193
:1072500089B080460F4616461D0008BF022035D073
:107260002C68F4B90C20FFF751FD040015D0082359
:10727000242200216846FDF7BFFE00200590ADF8EE
:107280001000069400236A4641461648FDF7B8FEF2
:1072900020606760A660206808B9082016E02C60AE
:1072A0000CE000F063F805462068FDF77BFF10B1A5
:1072B0002068FDF7A9FE284600F063F820684146E3
:1072C000FDF7A6FE2068FDF7A7FE00200AB0BDE886
:1072D000F0810000CC340020C49300201C01002069
:1072E000FC7A00204572000070B505001CBF2C68B8
:1072F000002C01D0206808B9022070BD00F036F8DB
:1073000006462068FDF74EFF10B12068FDF77CFEB1
:107310002046FDF785FE204600F027F80020286073
:10732000304600F02EF8002070BD20B10068002823
:1073300018BFFDF769BE704710B513465A1E3BB122
:1073400010F8013B11F8014BA342F6D0002010BD0C
:10735000012010BD03E011F8013B00F8013B13468A
:107360005A1E002BF7D17047D0E415E580B5FFF722
:107370009DFCADF8000001F04AFFADF80200009856
:1073800002BD01B5BDF8020001F068FFBDF80000C4
:10739000BDE80240FFF78EBC80B5022100F002F884
:1073A00080B202BD012901D100787047022904D1C1
:1073B0000178407801EB00207047032907D102785B
:1073C0004378807802EB032101EB004070470429E9
:1073D0000AD10278437802EB03218278C07801EB6E
:1073E000024101EB006070474FF0FE3070470170C2
:1073F0000A0A0B0C090E42708370C170001D7047A1
:1074000010B540B1002300E05B1CDCB2944204D212
:10741000045D8C42F8D0002010BD012010BD80B565
:1074200002F038FC80B202BD62F30F2262F31F4209
:10743000401810F0030308D0C91A1FD3DB0748BF58
:1074400000F8012D28BF20F8022D130030B4144697
:107450001546103928BF20E93C00FAD8490728BF53
:1074600020E90C0048BF40F8042D890028BF20F80F
:10747000022D48BF00F8012D30BC7047C91818BF55
:1074800000F8012DCB0728BF00F8012D70470E0032
:10749000002202F02BBC030038B50446FFF766FF5C
:1074A00005460E480178220008D10A0710D441F0A1
:1074B00008010170022002F0B9F809E0012C07D19F
:1074C0000A0705D501F0F7010170022002F043F828
:1074D0002846BDE83240FFF754BF00004698002020
:1074E000E0B56846FFF7A2FC0198B0F5803F28BFE1
:1074F0004FF6FF7080B20EBD38B504460D4601F060
:1075000005FC29462046BDE83440FFF7A4BD010034
:107510000022FFF78DBF7047DFF800F0E5EB0210A7
:10752000DFF800F0C1DD02102DE9F84F9CB0012119
:10753000FEF703FB00220192009200234FF47A72BF
:107540000FF64531DFF88C0BDFF88C6B02F0EEFBA9
:10755000DFF8881B086008232422002113A8FFF706
:10756000DBFF00208DF8640013AA002106F12C0037
:10757000FFF7D6FF06F12C00B062FFF79FFAB16A61
:1075800006F11402FFF774FC707306F1180200F0A4
:1075900072FBDFF84C1B087006F11C0200F06BFB5D
:1075A000B0730020F073307402F097FEDFF8340BF4
:1075B00090F8260004281ABF082800200420DFF8CD
:1075C000287BDFF8284B7978DFF8245B01F0FB019A
:1075D000084300F0F7007870B4F83690387800F07F
:1075E000FC005FFA89F140EA9110387002F0C8FEA1
:1075F000707C00281FBF00217174687EFF2804D0B2
:1076000001220121012002F05BFFDFF8E88A00205F
:1076100088F800008DF8040001AB00F0D8FB78B9C1
:1076200001A80090012300220121102001F03CFD5F
:1076300030B99DF80410B4F82900014088F8001012
:107640005FEAC970DFF8B08A3ED400218DF80510DA
:107650000DF1050301220321102001F0C0FC98BBAD
:107660000DF105000090012300220321102001F0FC
:107670001BFD48BB9DF80500DFF880AA401C8DF873
:1076800005009DF80500042810DB002000F0F7FA43
:1076900000F00CFF707B6422202101F033FBBAF86C
:1076A000000040F00200AAF80000DBE200F0E7FA78
:1076B000707B41F27072202101F024FBBAF80000C7
:1076C00040F00100AAF80000DFF8341A087810B181
:1076D000012002F078FE002003F046FA03F0AEFB32
:1076E0000020308130804FF6FF7B03F01BFD042229
:1076F0008DF819200122DFF80C1A04918DF818205A
:107700008DF814208DF81A208DF80C208DF81C208F
:107710008DF81E2000218246029103228DF81D1053
:107720008DF81B20ADF816B002A9707BFFF748FA60
:1077300003F0BBFB8DF8050003F0D7FBDFF8481C16
:10774000087810B9707B00F0EBFD707B342104F0F9
:107750002DFD442102A8FFF79BFE01218DF8461064
:107760008DF847108DF820108DF821108DF81E101F
:107770008DF81F108DF81A108DF81B108DF822103F
:107780008DF823108DF818108DF8191002A9707B50
:10779000FFF7FEF9DFF8741B00200870FF220821B4
:1077A000DFF86409FFF740FEDFF86019DFF86029B1
:1077B000DFF86039002008804FF0FF30106018605B
:1077C000DFF85409A0F800B0002004F093FD687EB3
:1077D000FF2830D0012005F071FDDFF8340BDFF811
:1077E00034BB01788DF80010584605F081FE9DF8F5
:1077F0000010584605F03BF8717BB06A002205F096
:1078000069F8B5F8090008B9B4F86B00DFF8081B8F
:10781000DFF8082B0880D5F80D001060B5F80B00D4
:1078200018B994F89C0100F07F00DFF8601B088015
:10783000012004F05FFDBAF1000F18BF03F002FF52
:10784000B4F85810DFF8485B4FF47A704143296070
:107850002B4604220521102001F0C1FB60B902A9CA
:1078600002900091042300220521102001F01CFC4D
:1078700010B10298286002E02B4601F06DF802F08A
:10788000C1FD122002F029FD0021DFF8082BC8B24B
:10789000105C002844D1491CCBB2082BF7DB05F063
:1078A00067FEB07B401C8DF80000684605F0F2FED4
:1078B0009DF80500012106F0FCF906F087FC4FEA6F
:1078C0000960400E00F0010088F8000098F8000000
:1078D00030B106F0A5FC06F0A5FC707B00F025FD9C
:1078E000757B0420FFF7DBFA04000AD00421FFF7C0
:1078F0000FFE942020700121E17028462146FFF7F9
:10790000F1FADFF8341B0120087000F075FB01204C
:1079100000F0D0FB0020FFF7BFFD00F075FDA1E1F6
:10792000B16A06F120020020FFF7A2FAF07306F117
:10793000240200F0A0F93074B1E7012000F0BAFB96
:107940002046FFF753F910B92046FFF7BCFA707BC9
:10795000FFF71AFB040000F02B812078D62804D111
:10796000E078002106F0A5F9EEE7D32819D1E089E7
:107970000028E9D1A07C0828E6DB307B062818BF68
:107980000728E1D1A169DFF8F80A06F08EFC00288B
:10799000DAD0706940F400307061B06AFFF77EF9A8
:1079A000D2E798F8000008B106F059FC2278707B05
:1079B0007978623A032A43F698250ED9121F12D01D
:1079C0002C3A00F08880921E25D0313A00F0CE800B
:1079D000521F79D0521E74D0B2E78806B0D528461F
:1079E00006F044FEACE7A07A801DFFF758FA0500C8
:1079F000A6D0A079287021896980A07A2871A27AFE
:107A0000E168681DFFF7A6FC284605F0B9FB28468B
:107A1000FFF759FA94E7E078307301280DD101F0AF
:107A2000F30179703878C10620D440F01000387026
:107A30000020DFF83C1B03F01CFA307B062818BF3F
:107A4000072809D0012811D0012007F0A1FBA84286
:107A500006D34FF0FF3100E02946012007F038FB44
:107A6000307B09281CBF072806280ED0DFF8241B0E
:107A70000878002808D0707B402101F073F90028B5
:107A800002D1642008F0ECFD5AE77878410711D460
:107A900040F004007870284608F0E2FDDFF8441B4F
:107AA0000020087028467A7842F020027A7006F0AA
:107AB000DDFD03E041F2883008F0D2FD02F0A2FCC7
:107AC0003EE7FFF78AF83BE700218DF80010694692
:107AD000FFF77FF834E7608AADF80200A08AADF8BE
:107AE0000400A07B8DF80F00208AADF810002079EB
:107AF0008DF80E0002281CBF01280F2808D003288B
:107B000009D10822A11D0DF10600FFF723FC02E0B8
:107B1000E088ADF80600E08AADF81200207E8DF80E
:107B20001400607E8DF81500E07E8DF81600207F31
:107B30008DF81700607F8DF81800A07E8DF8190071
:107B4000206A079004F1240001788DF82010418804
:107B5000ADF82C1001798DF82E10C188ADF82410E5
:107B600080680A90684609F0D3FAE9E6207990B176
:107B7000012816D00528F8D1E1780D29F5D0DFF8D5
:107B80005C0500684FF47A7102F003F9DFF84405F0
:107B900002F0F4F8D4E6012000F08CFA00F034FC96
:107BA000CEE6E07800287FF4C8AE00F025FAF5E7CD
:107BB00005F000FA98F80000A8B1DFF8102BDFF804
:107BC0004C371078197839B168B90120107006F077
:107BD00046FB06F03BFB06E018B10020107006F0F3
:107BE00021FB06F03CFB706990B1FFF7BFFB7469A5
:107BF00000217161FFF7C5FB707B214600F08EFA12
:107C00000446FFF7B3FB71690C437461FFF7B9FBDE
:107C1000B16949B10020B061DFF8C4241078FEF7E3
:107C20004CF9B1690843B061F16939B10020F061E4
:107C3000B07B00F07FFBF1690843F061316A39B134
:107C400000203062F07B00F0A7FB316A084330620D
:107C5000716A39B100207062307C00F09DFB716A5E
:107C6000084370624FF0FF31B06AFFF71BF800283D
:107C70007FF46DAEF6E7B16A0020FFF7F9B880B582
:107C80008DF800006B4601220321102001F0EAF973
:107C900001BD0FF2084270B5D2E900568AB004A9BE
:107CA0000024C1E90056ADF802408DF800406B4653
:107CB00000F08DF8002800F088806B460122012139
:107CC000102001F0CFF90DF102020221832001F012
:107CD000ADF990B90DF1020302220021832001F0D9
:107CE00021FADFF8EC29BDF802101088884204D090
:107CF0000221832001F0D3F9012402AA08212D20BA
:107D000001F094F988B902AB082200212D2001F07E
:107D100009FA082202A904A80AF098F928B104AACD
:107D200008212D2001F0BBF9641CDFF8A859DFF809
:107D3000D41329600020019001AA0421842001F0BD
:107D400075F980B901AB04220021842001F0EAF921
:107D500028680199884206D0019001AA0421842054
:107D600001F09DF9641C20002BD006A80FF23431DD
:107D7000DFF87863102201F0DDF896F85A0006ADBE
:107D8000102808BF06F15B05622001F068F9014682
:107D90002A46622001F083F90020ADF8020063203A
:107DA00001F05DF901460DF10202632001F077F95F
:107DB00096F89D0100F03F00062804BFFA200AF063
:107DC000E3F9C5490120487420460AB070BD01227C
:107DD0000121102001F003B970472DE9F84FDFF8B9
:107DE000401BDFF8402B0C78DFF83C1BDFF83C9B96
:107DF000002046F2020349F8203041F82020401CC0
:107E0000C0B28442F7DA00218DF80010684603F012
:107E10000CF90028DFF8D4A200F0CE800025DFF8AE
:107E2000107BDFF8108BDFF8100BDFF86825415D61
:107E3000565D0AEB050303F13802587A002814BF97
:107E400092F800C04FF0000C00F03F030CF0030E5E
:107E50009C424FEA8C5C15DB002818BF884211D089
:107E60005FEA1C600ED1BEF1020F08BF4FF4205034
:107E700006D0BEF1010F0CBF4FF490404FF4D0403C
:107E800049F823000AEB0500407E002814BF137C4C
:107E9000002303F003029B0500F03F0C644510DB58
:107EA000002818BF88420CD01B0E0AD1022A08BF36
:107EB000404604D0012A0CBF3846DFF8880B49F849
:107EC0002C0000293AD001F03F0B5C4536DB012E37
:107ED00018BF022E03D00E2E18BF0F2E02D1DFF8CE
:107EE000680B29E03146E8B20AF000FA48B9314699
:107EF000E8B20AF0D1F920B90A2E1CBF062E0D2EC9
:107F00000ED1DFF8B00B405D022808BFDFF8A80BE8
:107F100012D0012814BFDFF8A40BDFF8A40B0BE08C
:107F2000DFF8900B405D022808BF404604D00128CE
:107F30000CBF3846DFF80C0B49F82B006D1C082DE0
:107F4000FFF671AF6A4B597EFF2935D0987DDFF877
:107F5000742BDFF8744BDFF8747BDFF8745B00F090
:107F60003F00107001F03F01DA7D02F03F02227005
:107F70001B7EDFF8604B03F03F0323703970DFF89E
:107F8000584BDFF8587B2184E561247E07EB84148D
:107F9000FF2704F8380F6270A370E770DFF8404BDA
:107FA00049F82240DFF83C2B49F8202049F82320EB
:107FB000DFF8340B49F821000AF29D1108780028F7
:107FC00012BF00F03F00DFF8240B0078DFF8202B11
:107FD00049F820204878002812BF00F03F00DFF861
:107FE000140B007849F82020DFF89C0C017849F840
:107FF0002120BDE8F18F704718B599B0684664211B
:10800000FFF746FA01248DF80840ADF810404FF410
:108010007A71314C607B03916946FEF7ADFD6421B6
:1080200003911022ADF810206946607BFEF7A4FD95
:108030001AB010BD7CB50020072100220023DFF814
:10804000B85AEE5C0DF803605B1C082BF9DBDFF817
:108050003C5C0023EE5C9219401C0FE000206EBDDA
:10806000C6B2032EF6D1E85CD2B24240C8B21DF8C7
:108070000060B242F2D100220020491E5B1C202B7E
:10808000EED301206EBD0000DFF8040C416941F41D
:1080900000314161806AFEF701BE0000FFFFFFFF73
:1080A000FFFFFFFF01030507090B0D0F0002040688
:1080B000080A0C0D80B5002819BF02218DF80010A8
:1080C00000228DF80020DFF8C80B407B6946FEF7E0
:1080D00073FD01BD609100204429002070960020AE
:1080E0000C92002058870020569600208432000011
:1080F0006C37000040980020489800200898002025
:108100005496002000F8FF07D02900200A9800208C
:10811000D8290020DC29002084340020F8B50C4642
:108120006000DFF8285909D502F0DFFE964908788B
:1081300010B9687B00F0F4F884F08044A00305D502
:10814000687B6946FEF74DFD84F40034A00703D533
:1081500002F058F984F00204E0070ED5DFF8340B82
:10816000018840F2E9339942ACBFA1F57A71002150
:10817000018084F0010406F07BFA6006DFF81474D5
:10818000DFF8146B24D5717801F0EF01717002F003
:108190002FF9DFF8080B7178C28EC908520A01F076
:1081A000010102F001020A4081F00101C901FF2032
:1081B00008F0ADFA76480068002804BF3978002935
:1081C00004D008B94EF6602008F04AFA84F0400462
:1081D000200606D500220021FE2008F098FA84F03F
:1081E0008004A0043CD5012002F0EDF8287B002893
:1081F00012BF01280120FFF75DFF287B02281CBF6A
:108200000028012802D07078810603D543F6982013
:1082100006F02CFA287B062818BF072801D03878EA
:1082200038B1707881064CBF41F288300A2008F0DE
:1082300017FA0027DFF8686A0CE0F9B22C22DFF8A1
:10824000640A51434218136A1BB10022F9B2FF209D
:1082500098477F1C3178F8B28842EED384F40054FA
:10826000E00448BF84F48054600720D502F01DFE6E
:10827000DFF8343ADFF8342A1E78117830420FD014
:10828000491CCBB2642B04D10020107000F00EF911
:108290000BE011706422687B042100F033FD04E0E0
:1082A00019B10020107002F020FE84F004042007B1
:1082B00005D50121012005F063FC84F00804E106E6
:1082C0000AD5DFF8EC29107808B105F0C8FF687B03
:1082D00000F02BF884F01004A00614D5DFF8D409C0
:1082E000058800210180E80744BF0020FFF7C7FC94
:1082F000A80748BF00F0DAF8E80648BF00F09EF88B
:1083000084F02000F2BD2046F2BD0000429800201B
:108310006B9B0100BC3800000E980020689600207E
:1083200064224FF0804100F0EDBC4FF47A721021CE
:1083300000F0E8BC70B50C46DFF874190546087803
:1083400008B105F08CFF200402D584F4004070BD14
:10835000DFF83C09817B8D4213D100250126AE4018
:10836000F6B2344209D000220021E8B202F05CFCEF
:108370000121E8B208F02FFB74406D1CE8B2082818
:10838000ECDB204670BD00009E9300200C9800207E
:108390006C960020C89500202DE9F04281460C46DD
:1083A000200448BF84F400402CD4DFF8A056E87BBA
:1083B000002818BF5FEA090123D081451CBF297C32
:1083C00089451ED10026DFF8D87816E00120B0409C
:1083D000E1B2014210D0F3B22C20DFF8C8284343A9
:1083E000D018036A43B1E97B894514BF00200120FE
:1083F000C4F30722F1B29847761C3978F0B288426C
:10840000E4D30020BDE8F082DFF89008DFF8A81878
:10841000B0F86B00C8704CF21012000A0871DFF857
:108420009C08036862F30F030360887840F00C0037
:10843000887007F017BA00005798002038B509F087
:108440007BFFDFF87C28DFF87C380021116018788A
:1084500060B101250624E8B201F09DFF4FF496704B
:1084600009F08CFF641E85F00105F4D1DFF858088F
:10847000016809F061FFDFF8541801200860FEE789
:1084800010960020E0B500F00DF800F046F810B1AD
:1084900000200AF0D5FBFCF728FE00F047F8FFF7B4
:1084A000CDFF07BD0221FF200AF0C6BE3EB5012266
:1084B000012100F02FF80122032100F02BF8042203
:1084C000052100F027F80D22062100F023F80024F2
:1084D000E0B2FEF76BF80546A9B2102000F0ABFD44
:1084E0000246A9B200F016F8641CE0B20828EFDBDF
:1084F0000321FFF7D8FFFFF7D5FF00F00EF810B10A
:1085000000200AF09DFBFCF7F0FD00F00FF8FFF7EC
:1085100095FF37BD102000F00EBE68460021C0E96F
:10852000001101218DF805100BF027B94FF47A7274
:10853000B2FBF0F04FF4FA614843FCF759BD38B58F
:1085400005460C4608F06AFA1CB1C188DFF84027DE
:108550001180047D0CB1092C01DB002032BD2046C6
:1085600002F0FAFC10B1601E2870012032BD00003C
:1085700021E1000080884FF47A7110FB01F080B295
:1085800006F074B870470146DFF80407008805F06C
:108590009FBE000094340020808805F0B6BE1CB554
:1085A000044601216846FFF7CAFFB0B19DF80010EC
:1085B000DFF8E806014491F838109DF800008908BA
:1085C00009F094FE48B19DF800000021FDF77EFE01
:1085D000207094F90000002801D5FF2016BD9DF8F9
:1085E000000016BD459800203EB500F011F8FF28A8
:1085F0000DD000F010F8628821789DF90440DFF872
:10860000A4062C2514FB05F528440BF013FB37BDFD
:10861000044601A8C3E7237903B101230120009098
:1086200070477CB50546FFF7F4FFFF28044621D0CC
:10863000287800280CBFFE210121AB78FFF7ECFF62
:108640002C269DF90400DFF85C5610FB06F600228C
:10865000A8190BF0EFFADFF8F403008800281EBF1A
:10866000DFF86C16CA8A824204D00022002120461C
:1086700008F04DF873BD3EB5FFF7CAFFFF2824D0C0
:108680009DF804000BF00DFC01466278207840B99B
:108690005018FF2803DBFF2917D0FE2107E05118EF
:1086A00005E08A4202DB81B1012100E0891AFFF76F
:1086B000B2FF2C2562889DF90400DFF8E84510FB25
:1086C00005F5C9B260190BF0B5FA37BD499800201D
:1086D00092340020A096002080B508468168009161
:1086E00083798188008805F040FE02BD2DE9F04FB6
:1086F000044687B0E07ADFF8DC65002501280CD05D
:1087000004280AD0062811D0082800F08A800A28F8
:1087100000F0E3800B2808D0FAE0606903780021BC
:1087200000E0491CCAB29A42FBD3F0E0676938788E
:10873000800000F101094846FEF716FE5FEA0008D6
:10874000EAD04946FEF7E4FE3878DFF88C15DFF80A
:108750008C2588F800000291A946BC49009201913D
:1087600015E0BBF8040008B90298408C306028B1CD
:108770004FF47A714843306007F072FF334600F0DF
:10878000EBF88AF8005009F101005FFA80F93878B7
:1087900081453CDA0E22791C12FB09F201EB020B37
:1087A00008F1010000EB890ABBF80110AAF80210D9
:1087B0008C219BF800008AF801008AF800100298CA
:1087C00002789106DFD4BBF80100002818BF5528B5
:1087D000D9D10198407B4021FEF78EFE0198407B65
:1087E0008021FEF789FE0098017801F003010170F5
:1087F0000099487800F081004870BBF80600002816
:10880000B2D04FF6FF718842ABD10020AEE72068AE
:1088100001210391434600F091F808F009FB40461E
:1088200058E0D4F8148098F80090C9EB091909F1C0
:1088300001094846FEF798FD070069D04946FEF752
:1088400067FE98F8000038704FF47A723168464637
:10885000B1FBF2FA4FF6FF79A8462FE0701C08EB47
:10886000480108447A1CC8EB081302EB030BB0F86C
:108870000110ABF802108BF8015086218BF8001024
:10888000ABF80590ABF807906B46D4F800C0B0F891
:108890000120BCF804109CF8140008F0B9FD48B1A0
:1088A0008BF800509DF806108BF80410ABF805A06B
:1088B000ABF807A008F101005FFA80F83078804536
:1088C000CCDB2068012103913B4600F037F808F02B
:1088D00004FB3846FEF749FD1AE0636904A800214D
:1088E0000022002680E846008DF818100126DFF8E7
:1088F000F00301784A1C02702068039602910196E9
:10890000009504A98288007D08F086FB00E001251F
:10891000606908B1FEF729FD284607B0BDE8F08F71
:1089200002D60200D97D00007C810020047F002057
:108930000044002000240020D0950020A27A01915C
:1089400002926168C90801F0010181F00101009102
:10895000811D8288007D704704220521102000F0CF
:1089600081BB2DE9F84F90B0002590464C1CAB46DA
:10897000DFF86C930FF2803A0C908DF8211057E0DD
:1089800000228DF82C2070880BF0A6FF32E05FFAF1
:108990008BF20E20D34942438E18E7B23378BB42A4
:1089A00044D10C9A0621ADF822100DA95068007828
:1089B0008DF82000009108AB9DF821000DF12202F6
:1089C000414605F08FFE0746FF2F2FD0BDF822103D
:1089D00030460BF066FE48B39AE80C1009A981E80E
:1089E0000C1070780028CBD001218DF82C107188E4
:1089F000ADF82410012230798DF82D000DAB99F8D7
:108A000000000490411C07920693002002920092FD
:108A100089F80010039001909DF82030BDF82220C5
:108A2000059709A9E0B208F07EF86D1C0BF1010B67
:108A3000AD490A785FFA8BF09042A8D3E8B211B042
:108A4000BDE8F08F00640020006000204429002071
:108A5000F0B5034687B0084604A900240025002687
:108A600081E87000ADF810400125A0490C889C49B0
:108A7000ADF81A408DF8195002270C788DF818704F
:108A8000651C0D700126401C039602940196009609
:108A900004A9C0B208F0C0FA040008D07E484178AA
:108AA000CA0604D441F01001417001F099FC20463F
:108AB00007B0F0BDD8950020002880000068800035
:108AC000004880009A3400209B3400209834002015
:108AD00000350C0099340020DC2B0020102C0020E5
:108AE000026000200002002001020020A301030018
:108AF0000003002042020300F01200502DE9F0476D
:108B00008AB006468946149D90469A46232101A8BC
:108B1000FEF7BEFC01200027002D1CBF2C78002C86
:108B20000AD0232C08DA2246691C0DF10500FEF755
:108B300011FC601CC0B22746169C210013D0E1191D
:108B4000491C23290FDC3FB1232805DA01AA2C2177
:108B50001154401CC0B27F1C159901AB2246184429
:108B6000FEF7F8FBE71912988DF80470A6F801A03B
:108B7000F0700121139A72609DF8040090B10021F9
:108B80008DF800106F2030811821B1726846C6F848
:108B90000B001C22A6F80F204220707401AA0321AA
:108BA000C6F812203170424649463046FFF750FF62
:108BB00004000CD1179850B1B8F1060F18BFB8F1E6
:108BC000120F04D1424649463046FFF7CAFE2046FE
:108BD0000AB0BDE8F08770B5054645480278012324
:108BE000AB4088B00E461A421FBF2C4A5219507A29
:108BF000002801D0012E44D03E48405D010740D4FA
:108C00000820FEF7B1FB04003BD00821FEF780FCF2
:108C100001F0EEFB0120207055212122A4F8011063
:108C2000E270ADF8106004A9616002208DF81C00AC
:108C30000021ADF8141001222C4801882848ADF815
:108C40001E108DF81D202346017802914A1C0270E7
:108C500001200390002101910091681C122205A9B6
:108C6000C0B208F0D9F910B101F0BAFB06E0012E4C
:108C700004DC062229462046FFF773FE2046FEF755
:108C800074FB08B070BD00004302030024340000F0
:108C900044290020129800205696002084320000BB
:108CA00041980020647C0020BA930020B9930020F2
:108CB0004898002008980020C89400208C96002036
:108CC00034000940549600202C2009407C052043A4
:108CD000588700206C960020BA32000010980020BF
:108CE00043980020E88C002027BF02009234002027
:108CF00078940020B09300200000000000000000E5
:108D00000000000000238EE001238CE070B50446D3
:108D10000E46FEF72BFB05463146204600F0E5F8EF
:108D200004001AD02068FCF76FF92046FCF778F9A8
:108D3000754881688C4203D12169816005E0014654
:108D40000869A042FBD1206908612046FEF70DFBAF
:108D50002846FEF716FB002070BD2846FEF711FBE3
:108D6000022070BDF8B505460E46FEF7FFFA044630
:108D70003146284600F0B9F8002750B10068FCF7EA
:108D8000F8F9624A13684FF47A71B1FBF3F3B0FB60
:108D9000F3F72046FEF7F5FA3846F2BDF8B55A4E1D
:108DA000FEF7E4FAF468054654B127692046FCF75B
:108DB00037F92046FEF7D9FA3C00F6D10020F060E2
:108DC0002846BDE8F240FEF7DCBA4F4A1070516009
:108DD000704710B50446A1682079FEF7FEF8207BA5
:108DE00000BB2068FCF710F9474A9068844203D121
:108DF0002069906005E008460169A142FBD1216924
:108E000001610020D168206111B9D46004E00146FD
:108E100008690028FBD10C61BDE81040516810784A
:108E2000FEF7DBB810BD2DE9F8471E46374B8046EC
:108E3000894618684FF47A71B1FBF0F0424389B06B
:108E40001546FEF793FA82464946404600F04DF833
:108E5000082704000AD02068FCF7D6F820682946C5
:108E6000FCF7D6F82068FCF7D7F837E01420FEF7B7
:108E70007BFA040032D00823242200216846FCF744
:108E8000BBF8002E14BF059505960121ADF8101012
:108E9000069400236A4629461D48FCF7B1F8206075
:108EA000C8B184F80480C4F80890267300202061BB
:108EB0001548816811B9846004E0014608690028FA
:108EC000FBD10C6120682946FCF7A2F82068FCF76A
:108ED000A3F8002702E02046FEF747FA5046FEF7C7
:108EE00050FA38460AB0BDE8F08720B50246064879
:108EF000806800E0006928B10379934204BF856867
:108F00008D42F7D120BD000088940020801A000017
:108F1000D38D000062B38B0708D0521E11F8013BBD
:108F200000F8013B00F024808B07F6D1830740F066
:108F3000208000BF103A07D330B4B1E83810103A9F
:108F4000A0E83810F9D230BC530724BFB1E80810AC
:108F5000A0E8081044BF51F8043B40F8043BD20796
:108F600024BF31F8022B20F8022B44BF0B7803708A
:108F70007047121F17D35B0009D151F8043B20F84A
:108F8000023B1B0C121F20F8023BF6D20BE051F8FB
:108F9000043B00F8013B1B0A20F8023B1B0C121F8C
:108FA00000F8013BF3D238BF121D521E24BF11F846
:108FB000013B00F8013BF8D8704780B500680168B4
:108FC0000A69904700EB400080B202BD6C4800681F
:108FD00020B1816800291CBF002008477047FEB5FA
:108FE000674E1D4633681446002B1CBF1A69002AC1
:108FF0001AD001228DF8002000F04CF800279A6A60
:109000001AB1DDE9000190470746A74201D10020CF
:10901000FEBD224634682B46DDE900012569A847DC
:10902000012801D10A20FEBD0920FEBD13460A46D3
:1090300001460020D3E71CB5514B1B680022002BD2
:109040001CBF9B6A002B08D0012400F023F88DF888
:109050000040DDE900019847024690B216BD014686
:109060000020E8E7BCB5464C24680025002C1CBF56
:109070006469002C0CD0012700F00CF88DF800700A
:10908000DDE90001A04718B10A280CBF09250A250F
:109090002846B6BDADF80200ADF80410704713467F
:1090A0000A4601460020DDE77FB5354C2468002CD8
:1090B0001CBFE469002C0FD00126ADF80600ADF806
:1090C00008108DF80460DDE90101089D0095A047B6
:1090D000012818BF002000D10A2004B070BD78B567
:1090E000274C246887B0002C1CBF246A002C16D0A3
:1090F0000491ADF8160001260F99BDF838000C9DBB
:1091000003918DF814600026BDF83410029001918F
:10911000ADF81860DDE905010095A04700B10A200F
:1091200008B070BD80B5009313460A460146002082
:10913000FFF7BAFF02BDFEB5114E33680025144695
:10914000002B1CBF9A69002A18D001278DF80070E7
:10915000FFF7A0FF9A6A1AB1DDE90001904708B94C
:1091600009250BE0A04218BF0C2507D1326893698E
:10917000DDE900019847012808BF0A252846FEBD01
:10918000205C0020DFF800F049EB0210DFF800F06F
:1091900075E40210DFF800F055EB0210DFF800F084
:1091A000D9D80210DFF800F01DD90210DFF800F066
:1091B00047EC0210DFF800F019E90210DFF800F0C8
:1091C000FDE802100BF094BCF0B51C008DB0054614
:1091D0000E46174604D100230BF0A0FC0DB0F0BDE5
:1091E0000823302200216846FFF7CCFF2068059055
:1091F0006B46606808903A46207AADF81800314610
:1092000028460BF08BFC0DB0F0BDFFF7BFBFFFF79A
:10921000C1BFFFF7C3BFFFF7C5BF0BF09FBCF0B5E1
:1092200081B004460D461646FFF7B4FF07463246A6
:10923000294620460BF09CFC384601B0BDE8F040C2
:10924000FFF7B4BFFFF7B6BFFFF7B8BF002101605B
:109250004FF0FF320123426003727047FFF7A6BF51
:10926000FF281FBF164A526852F820308B4218BFA1
:1092700042F820107047FF2803D0114A936843F842
:10928000201070470E498A6852F82000704710B5C8
:10929000FF28044612D00BF06FFC094801682246F3
:1092A00051F8221020460BF0E9FC00212046FFF780
:1092B000D7FF2046BDE810400021DCE710BD0000CC
:1092C000CC2B002010B50446FFF7A1FF0021616000
:1092D0002160BDE81040FFF7C1BF30B581B0054641
:1092E000FFF795FF2C683CB12168296021680029AF
:1092F0001ABF00224A606960FFF7B0FF204601B044
:1093000030BD70B504460D461646FFF780FF2E604F
:10931000716869607168002914BF0D60256075600F
:10932000BDE87040FFF79ABF30B581B004460D46E6
:10933000FFF76DFF0021296062686A60616800299B
:1093400014BF0D602560656001B0BDE83040FFF7D7
:1093500085BF30B581B004460D46FFF758FF216840
:10936000296000226A602168002914BF4D60656091
:10937000256001B0BDE83040FFF770BF30B581B067
:1093800004460D46FFF743FF29686A6800290CBFB1
:1093900062604A6069682A6800290CBF22600A601E
:1093A00001B0BDE83040FFF759BF7047DFF83C0817
:1093B00080687047DFF83418084490F84A01704715
:1093C00002460020022904D1012A06D140F2EE20F3
:1093D0007047012A08BF4FF47A707047DFF80C1805
:1093E00091F8410120B1D1F86C01002818BF004765
:1093F0007047F0B5DFF8F44794F84201002883B0D5
:1094000040F090800121DFF8E867DFF8E85784F842
:109410004211307B84F841017168C4F86C11A8686E
:10942000C0F38140A0B9306990B12F68FBF75DFEB1
:10943000C7F30662642111FB02F2B2FBF0F20023D3
:109440000FF2ED7104F19400FBF7FEFD0BF09AFCB6
:109450006846FBF75BFE002001908DF800000022BB
:1094600002926B460FF20161DFF88C7704F10C0079
:10947000FBF7EAFD6846FBF749FE002001908DF8F6
:10948000000002906B460822DFF8701704F15000CC
:10949000FBF7DAFD00230FF27152322104F1D800FC
:1094A000FFF792FE002038600023DFF854272C21BC
:1094B00004F1F400FFF788FEA968707BC1F38151C5
:1094C00028B1032903D1012084F8390109E00329D7
:1094D00018BF022905D0012902D10BF064FC11E06C
:1094E00081B9386840F040003860FFF790FEA1680D
:1094F00041F00401A16094F84511491C84F845111C
:10950000FFF7ACFE686840070CD4FFF780FEA16847
:1095100041F00101A16094F84311491C84F8431102
:10952000FFF79CFE002003B0F0BD30B581B00024F1
:1095300008B1150004D16FF00204204601B030BD1F
:109540008160C26003610146DFF8A006FFF7ECFE10
:10955000204601B030BD10B50446FFF758FEDFF8D5
:109560008C160A1992F843315B1E82F84331DBB244
:1095700033B98A68012303FA04F422EA04048C60F4
:10958000FFF76CFE002010BDF0B581B00546FFF777
:109590003EFE0446DFF85416481990F84A21521E40
:1095A00080F84A21D2B232BBDFF8580600EB8502C0
:1095B00010F825505688280623D5DFF84C763968F0
:1095C0000A6A3046904739688A6A30469047396857
:1095D0000A6B30469047DFF8341601200860DFF848
:1095E000300601688907FCD505F03F05152DBCBF85
:1095F0002846FFF7C9FF2046FFF730FE002001B0E4
:10960000F0BD680606D501EB86010020D1F8602187
:109610009047E9E7DFF8F0150B689A693046904704
:1096200030460BF021FC0228FAD1DDE710B50446E4
:10963000FFF7EDFDDFF8B4158A680123A3401A4354
:109640008A60214491F84321521C81F84321FFF79D
:1096500005FE002010BD2DE9F0410646FFF7D7FDBD
:109660000446DFF88855A81990F84A114A1C80F87A
:109670004A2139BBDFF88C8518F8260000F03F003E
:109680001428D8BFFFF7E7FF08EB8600478818F8D3
:10969000260001061CD5DFF870552A68D1693846C6
:1096A00088472A68516A384688472A68D16A384606
:1096B0008847DFF8582501201060DFF8540501685D
:1096C0008907FCD52046FFF7C9FD0020BDE8F081E1
:1096D000400606D505EB87010120D1F860219047AF
:1096E000F0E7DFF824150B685A693846904738468A
:1096F0000BF0D7FB0128FAD1E4E72DE9F04700276A
:1097000000250128A94618BF6FF0010840F010811C
:10971000DFF8D844D4F8340101285DD10221C4F81F
:1097200034110BF042FC012000F0A1F95FEA0008BF
:1097300057D194F85A0100B1012794F8590108B1A2
:1097400047F0020794F8580108B147F004070120D8
:109750000BF025FB01281CBF94F83801012833D1F8
:109760000BF01BFBDFF8B00401680125C1F3814059
:1097700058B9DFF87C0406693EB104F19400FBF7A8
:10978000CEFC0BF042FB0020B04794F83801D8B172
:10979000DFF88804D0F8841221F08001C0F8841228
:1097A0008022C0F88C22FFF732FD94F84611491E42
:1097B00084F84611C9B219B9A16821F00801A16065
:1097C000FFF74CFD84F83891207ADFF83C64C1073C
:1097D0000FD54FF0010915E06FF004084046BDE8D1
:1097E000F0870120C4F834010BF0E8FB4046BDE8E7
:1097F000F087316ADFF828048A6890478246BAF118
:10980000040FF6D048460BF012FBB9F1000F0AD155
:10981000BAF1010F05D1326ADFF80404536801215F
:1098200098470BF0B4FA31684A693846904794F883
:10983000540120B13168CA6A4FF48060904794F8AF
:10984000530120B13168CA6A4FF481609047DFF854
:10985000BC13DFF8C893012008600022C9F800207B
:109860000320C4F8340138460BF01BFB0128FAD161
:10987000DFF8A0733868042000F0F9F80646DFF836
:10988000A41301200860002D3A6843D00BF087FA3A
:1098900001283FD094F8380100283BD1DFF87873D5
:1098A0003868C0F3814078B9DFF8440305695DB1D9
:1098B0000BF09EFA502008F047FD0120A84704F164
:1098C0009400FBF72AFC01E008F00AFC012084F870
:1098D00038013868C0F3814018B9DFF814130869FB
:1098E00058B9207A810608D48020C9F88C02D9F8AA
:1098F000841241F08001C9F88412FFF788FCA16846
:1099000041F00801A16094F84611491C84F8461101
:10991000FFF7A4FC08F014FD082000F0A8F80643A7
:109920000120C4F834010BF049FB0EB14FF0FF38B1
:109930004046BDE8F08730B581B00446FFF767FCCC
:1099400005462146DFF8A402FFF718FD284601B0BE
:10995000BDE83040FFF782BC10B50024022802D0D9
:10996000032805D008E00BF03FFB0446204610BD5D
:109970000BF040FC204610BDFEE7F0B581B0FFF7CC
:1099800046FC9A49054691F83801012450B1A64E8B
:10999000A6483768D7F80CC0002301223C21E047D5
:1099A00000B900242846FFF759FC204601B0F0BD5D
:1099B00030B581B0FFF72BFC044608F0A0FB8B4DBF
:1099C000002085F83801FFF722FC95F84611491E62
:1099D00085F84611C9B219B9A96821F00801A96032
:1099E000FFF73CFC2046FFF739FC814884680220E1
:1099F000A0470546102000F03AF8012D04BF0320CF
:109A0000A04701B030BD000030B57B4C81B0656827
:109A1000206820EA050105406A0621601DD5042062
:109A20000BF0BDF9022818BF032804D0012814D177
:109A30000BF0B9F911E00BF0B6F9FFF7E8FB6B4951
:109A400091F84521521E81F84521D2B21AB98A688F
:109A500022F004028A60FFF701FC280648BF00F0EC
:109A600021F8A56001B030BD70470020704730B5C7
:109A700005465E48046881B05CB1A068284205D004
:109A80002269E36800212846984728B92468002CF9
:109A9000F3D1002001B030BD4FF0FF3001B030BD38
:109AA0000020704730B581B0FFF7B1FB04460BF0E2
:109AB00094F900B9FEE7FFF7AAFB4C4D95F8461163
:109AC000491E85F84611C9B219B9A96821F00801E3
:109AD000A960FFF7C3FB002085F838012046FFF797
:109AE000BDFB434884680220A04705461020FFF7CD
:109AF000BEFF012D04BF0320A04701B030BD70B5EB
:109B0000012841D10BF04BF901286DD0374D95F864
:109B10003801002868D1404E3068C0F3814070B9E8
:109B2000334804695CB10BF063F9502008F00CFC79
:109B30000120A04705F19400FBF7EFFA01E008F0DF
:109B4000CFFA012085F838013068C0F3814010B9A0
:109B50002749086948B9287A810606D42648802210
:109B60008260016841F080010160FFF750FBA96845
:109B700041F00801A96095F84611491C85F8461185
:109B8000FFF76CFB002070BD70BB0BF006F922489C
:109B9000164D0068C0F3814050B9154804693CB1C6
:109BA00005F19400FBF7BBFA0BF02FF90020A0475A
:109BB00095F83801C0B11048016821F080010160BA
:109BC00080218160FFF723FB95F84611491E85F837
:109BD0004611C9B219B9A96821F00801A960FFF7B7
:109BE0003DFB002085F83801002070BDDC320020EC
:109BF000F43D0000AC4F005090220840DB520100C1
:109C00005150010064470000B8010010282008608E
:109C1000282008402C200940B44F00500C20084058
:109C2000004003400C400940A401001000A00C407B
:109C300000B581B00BF0F6F801B05DF804EB31E748
:109C400030B5ADB00BA88421FDF722FC04210BAC8C
:109C500021A58DF81810009401950BF050FC06A971
:109C600068460BF08DFC05000DD01422184902A89F
:109C70000BF088FD02A928460BF0CAFC04462846D2
:109C80000BF0BCFC1CB14FF0FF302DB030BD0020FC
:109C90002DB030BD10B5FFF7BAFA0D4A9168536880
:109CA000D468D160936084EA94041168516081EAB9
:109CB000440383EA01135C40136906491460CB181E
:109CC00013611C19FFF7CAFA204610BD00000000FE
:109CD00064940020C5870500FF000000000000001C
:109CE0000001000062F30F2262F31F4200B500BFC3
:109CF000130096469446103928BFA0E80C50FAD8B5
:109D00005FEA417C28BF0CC048BF40F8042BC9075C
:109D100028BF20F8022B48BF00F8012B00BD80B5FA
:109D2000006801680A69904780B202BD2DE9F043DE
:109D300089B08046894617461D46109C119E08230F
:109D4000242200216846FBF757F90B4906964FF489
:109D50007A700A68B0FBF2F14D4305954F43ADF8B8
:109D600010406B463A4649464046FBF75DF940468F
:109D700009B0BDE8F0830000801A0000FBF74CB981
:109D800080B5FBF70FFA00B10120C0B202BDFBF7AE
:109D90003BB964225143FBF73BB97047DFF800F051
:109DA0001D87031002460020117801B1012051786F
:109DB00009B140F00200917809B140F00400D17877
:109DC00009B140F00800117909B140F04000517923
:109DD00009B140F08000704703B49DF800100020E6
:109DE000012908BF01209DF80110012908BF40F09A
:109DF00004009DF80210012908BF40F008009DF8FA
:109E00000310012908BF40F010009DF8041001293B
:109E100008BF40F020009DF80510012908BF40F060
:109E200040009DF80610012908BF40F080009DF811
:109E30000710012908BF40F4807002B070470A7A09
:109E400002720B7A022B1CBF0822FDF783BA0A8824
:109E5000028070473EB50D460BF09AFCA806DFF86D
:109E6000A44412D429043DD445E09DF800001628EE
:109E700004D1A168D1F8542301A890479DF80000AF
:109E8000162802D000F0B0F88847A068C16B081D02
:109E9000FDF73EF900280190E4D0FFF7B8F9A1687A
:109EA000CA6B117BA2684B1ED16B0B73FFF7D6F9FF
:109EB0000198017801988DF8001000F08AF8506040
:109EC000019948780028D0D10846A168D1F84023EC
:109ED0009047D3E700F07DF800F06EF8904700F06F
:109EE00083F88847A068D0F894100878FDF74CF8FC
:109EF00000280190EED1E80603D52E2100F07CF871
:109F00009047E80703D5252100F076F89047A80789
:109F100003D5262100F070F89047680703D5272164
:109F200000F06AF89047280703D5292100F064F86B
:109F30009047680606D500218DF801102D2200F00B
:109F40004CF89047280606D500218DF801103022E4
:109F500000F043F89047E80506D500218DF8011080
:109F6000352200F03AF89047280503D50021372222
:109F700000F028F8E80403D50021382200F022F888
:109F800000F027F81068A8B1FFF741F900F021F8B8
:109F90001368A26801930021D2F898301960FFF786
:109FA0005DF900F016F8019800F006F8904700F00F
:109FB0001BF8884700203EBD5060A1680198D1F889
:109FC000402370478DF801108DF800206846FFF798
:109FD000E5BEA168D1F898207047A1688DF80020EF
:109FE0006846D1F840237047A068A268D0F898105E
:109FF000081DD2F8541370478DF800106846A16808
:10A00000D1F84023704738B5DFF8F842A068D0F89F
:10A01000E0138847A068D0F8F01288470025A068B0
:10A02000D0F8A01051F8250000B180476D1C072D15
:10A03000F5DBA068D0F858138847EB2005F00EFC3C
:10A04000012032BD38B5010018BF0121DFF8B4424C
:10A050000846A168D1F8C82390470546A2680020A9
:10A0600000F0C7F856209847A268DFF89C12D2F893
:10A070003034E2209847284632BD80B5E2280A46AF
:10A0800006D1DFF88412104604F01EF9002002BD4C
:10A09000DFF870229368D3F82824BDE80840104701
:10A0A00038B5E22804460D460DD1DFF85C0204F015
:10A0B0000BF9DFF850229368D3F830242946204664
:10A0C000BDE8384010475228F3D1DFF84022297804
:10A0D00010780143EDD1012032BD38B5044688B077
:10A0E00000202072202100F0A3F800F044F8E07A6C
:10A0F0008DF80B000022217B8DF80C108DF80D20BF
:10A1000004F10E010A220DF10E00FDF723F9A57EE0
:10A1100006210DF11A00FDF7FBF9E80744BF012104
:10A120008DF81A10A80744BF01218DF81B1068078D
:10A1300044BF01218DF81C10280744BF01218DF870
:10A140001D10680644BF01218DF81E10280644BF6B
:10A1500001218DF81F100021ADF80C10DFF8A411BB
:10A16000208B8A68ADF818006846D2F8F412884748
:10A17000002009B030BD0B2221466846FDF7EAB841
:10A1800010B504468AB00020A071282100F050F8D4
:10A190000B2204F10B010DF11900FDF7DBF820682B
:10A1A0005B49086068462168FDF721F920798DF840
:10A1B0001100002160798DF81200E0798DF815000A
:10A1C000207A8DF81600607A8DF81700A07A8DF845
:10A1D00014108DF813108DF8180000F006F8D2F85E
:10A1E0007C14884700200AB010BD684645498A683B
:10A1F00070478DF800006946D2F83034704710B5CA
:10A20000044686B00020207500F011F80A22FFF7FE
:10A21000B3FF3C4960898A68ADF80A006846D2F805
:10A22000F8128847002006B010BD002020721821C7
:10A230006846FDF72DB930B58FB000F05DF80A2201
:10A24000FFF79AFF6089ADF80A00207B8DF80C00BB
:10A25000607B8DF80D000DF10E00E18900F05AF8D9
:10A26000207C8DF81600607C8DF81700A07C8DF89E
:10A270003700E07C8DF83800E07FADF82800FDF76E
:10A2800073F8099080B1E27F216AFDF763F8280036
:10A290000AD0BDF828000999C0B2A84720B1099892
:10A2A000FDF763F81A2008E000F020F8884704461C
:10A2B000099808B1FDF759F820460FB030BD80B5B8
:10A2C0000BF098FC002002BD0BF0B0BC0BF00DBDF4
:10A2D00080B50BF027FD002002BD0A4A01B5936846
:10A2E000D3F830246946E020904702BD05498A68CA
:10A2F000D2F888126846704704460D463C216846ED
:10A30000FDF7C6B80C010020C8680020B134002059
:10A31000A4960020CA0744BF012303704A0744BF24
:10A3200001234370CA0644BF0123C3708A0644BF99
:10A3300001230371C90544BF0122C271704780B572
:10A3400010208DF801000DF101015A20FFF7A8FE41
:10A350004FF4FA71ADF8021055200DF10201FFF72C
:10A360009FFE03208DF8000069465920FFF798FEF4
:10A370000020FFF7B2FF01BD00004FF0FF30704733
:10A380004A484B4990F83500087100281CBF00214D
:10A39000FCF752B97047464A12790021002A00D1D1
:10A3A000704710B5930903F00103040008BF194674
:10A3B00004D0012814BF022883F00101BDE8104039
:10A3C0001046FCF729B93A4A117941B11378D1788E
:10A3D00003F0FE0360F303011370D17012E07047C5
:10A3E0003349087918B101228A700320EBE77047DE
:10A3F0003048017801F00301032904BF0120FFF771
:10A40000E2BF704770B52C4D28780221FEF77EFC24
:10A41000274A1079002847D01078D17800F0FE0341
:10A4200000F0010080F00100034311F00F0F1370E2
:10A430004FF4C8740CD018B14B1E63F30301D170F4
:10A44000917811B110B3642421E04FF4FA741EE046
:10A450005178B1B9194E317809291CBF072906294D
:10A4600015D11449097801F00301022918BF032905
:10A4700007D058B901290CBF47F2305441F2883453
:10A4800005E003F0FE030024137000E0C8241078F8
:10A4900000F00100FFF77FFF34B128782246BDE8C5
:10A4A00070400221FEF72EBC70BD00008432000017
:10A4B0005096002056960020512900205029002057
:10A4C0002DE9F8430024002888B00746904600F0A4
:10A4D000D180082880F2CE800E4600F00DF90025CC
:10A4E000300006D0012F3AD001220121012000F0D6
:10A4F000D0F8781E062865D8DFE800F031393C2E08
:10A50000045D5D0000F0F8F80BF038FD0BF03EFD47
:10A5100008B9012556E00FF240670F233A460021A3
:10A5200004200BF06DFD032598B9DFF8F4950F2397
:10A530004A46002104200BF046FD022548B9394661
:10A5400048460BF093FD042500B9002500200BF0D0
:10A5500078FD0BF02EFD35E000F0D7F931E000F08A
:10A5600048FA022805462DD100F052FA29E000F001
:10A5700040FA26E0684600F079F9050022D10A2069
:10A58000FCF7F2FE04460820207001274FF0000976
:10A590005FFA89F2E1191DF802000BF071FD09F173
:10A5A0000109E1195FFA89F22020FF1C022A887054
:10A5B000FFB2EDDD06E0062F0CBF0120002000F009
:10A5C00076F905466EB1280002D00A22012105E085
:10A5D000B8F1000F4AD001220121022000F059F801
:10A5E00044E08DF81050012604B10226B046C8EBB5
:10A5F000C80808F1010087B23846FCF7B5FE05002F
:10A6000034D03946FCF784FF2E704FF48040A5F813
:10A6100001002021E97004A8686034B144F201000F
:10A6200042212881A972C5F80B4002208DF81C0038
:10A630000021ADF814100122DFF8E8040188DFF8EA
:10A64000E804ADF81E108DF81D202B46017802910C
:10A650004A1C0270002101200191009103901922EF
:10A6600005A906F0D9FC2846FCF77FFE14B1204668
:10A67000FCF77BFE09B0BDE8F08380B50120FFF751
:10A680008AFE462007F07AFEBDE802400020FFF770
:10A6900082BE2DE9F0410D46DFF890140446904645
:10A6A0000878474630B3002612E00120FFF773FE1A
:10A6B00028000CBF4FF42F704FF4967007F05EFE29
:10A6C0000020FFF768FE4FF4967007F057FE761CE7
:10A6D000F0B2A042E9D3280014BF4FF47A604FF4DF
:10A6E000FA6007F04BFE5FEA0800DCD07F1EF8B28C
:10A6F0000028D8D1BDE8F08138B5DFF8344420789F
:10A70000FF2828D0DFF82C14DFF82C540AF0B6FA12
:10A71000DFF82804007829460AF0B0FADFF82004B0
:10A72000007829460AF0AAFADFF81804DFF81814AE
:10A7300000780AF0A3FA207800F07BF8012007F0F7
:10A7400003FE207800F08BF84FF40C7007F0FCFD4E
:10A75000AB2000F01FF831BD1CB5DFF8D4432078E2
:10A76000FF2816D0FFF7C8FFB92000F013F82078B3
:10A77000FEF78DFDDFF8C4030078FEF788FDDFF8F3
:10A78000C0030078FEF783FDDFF8B8030078FEF71A
:10A790007EFD13BD8DF80000012168464CE02DE9D7
:10A7A000F24F80460026DFF89C93DFF894A3DFF891
:10A7B0008C5326E018F806B00027082400F038F87B
:10A7C0004FEA0B619AF80000C90F0AF0D1FA287815
:10A7D00000F045F8042007F0B7FD99F800000AF0F2
:10A7E00046FA4FEA4B0B7F0008B147F001070420FF
:10A7F00007F0AAFD641EE1D100F01AF808F806700F
:10A80000761C9DF800008642D4DBBDE8F18F80B550
:10A81000DFF82803007800F00CF8012007F094FD21
:10A82000DFF80C030078BDE8044000210AF0A0BA6C
:10A83000287800210AF09CBA38B504460D46FFF787
:10A84000E6FF280003D029462046FFF7A8FF00F0C6
:10A8500003F8BDE8324005E0DFF8D40200780121BA
:10A860000AF086BA4FF42F7007F06EBD1CB504468F
:10A870006846002101609F228DF800200421FFF727
:10A88000DBFF44B19DF8010020709DF8022062704A
:10A890009DF80300A0709DF8010000281CBF9DF8E2
:10A8A0000200002801D0002016BD022016BD1CB5F4
:10A8B00004460021ADF80010200014BF042006203B
:10A8C0008DF8000001216846FFF7B6FF210008D18E
:10A8D00001208DF8000002218DF801106846FFF775
:10A8E000ABFF05208DF8000002216846FFF7A4FFAA
:10A8F0009DF80100400800F0010080F00100844252
:10A9000001D1002016BD032016BD78B585B00BF02F
:10A91000DBFB68460BF00CFC694601200BF0E6FB04
:10A92000040008BF012028D001A90BF0C9FB0025B5
:10A9300000260AE00398B6FBF0F000F003000328BD
:10A9400008BFFFF79AFE039886190298864208D23C
:10A95000039A314620460BF0AEFB80B20028E9D0C6
:10A960000325042304AA002120460BF0E5FB00B1D7
:10A97000022520460BF09CFB284606B070BD38B57A
:10A980008CB002F0A4FD7149714D4B6B0024AB42B9
:10A9900028BF00202BD228182F226946C01A0BF09E
:10A9A00020FB002804BF9DF8000050281ED19DF810
:10A9B0002600502801BF0DF10D010868D5F80D10D3
:10A9C000884213D10DF111010868D5F811108842A1
:10A9D00002BFBDF80900B5F80910884206D1BDF8DC
:10A9E0000B00B5F80B10884208BF012420460DB0BB
:10A9F00030BD10B50BF0CAFA0124012806D1FFF7CB
:10AA0000BEFF022400B100240BF0D3FA204610BD93
:10AA10002DE9F04F8FB002F05AFD4C4E0546706B99
:10AA200000900024D6F824900BF0B0FAB04601282C
:10AA3000A9EB08096AD1FFF7A2FF10B10BF0B9FA30
:10AA400064E00BF0FEFA18B10BF0B3FA032064E0F7
:10AA5000706A716B401A401C07032E0B3F0E010BEE
:10AA6000B0EB01301CBF7F1CFFB2B34607E00AF019
:10AA70000300032808BFFFF700FE0BF1010B5FFA8C
:10AA80008BFA57FA86F0824506DA5FFA8BF00BF004
:10AA9000D8FAFF28EBD12FE0009E4A4631462846DF
:10AAA0000BF0BEFA40BB01A82A493822FEF742FA51
:10AAB0002C2206F1080103A8FEF72CFA0E98009448
:10AAC0004B4600224FF40051C0B20BF05FFBFE2159
:10AAD0008DF815100390FF220A99A1EB080007904A
:10AAE0008DF8142005208DF816000C95342201A94C
:10AAF00000200BF095FA00B103240BF05AFA032C56
:10AB00000AD8DFE804F0030507029FE7002004E00D
:10AB1000012002E0042000E006200FB0BDE8F08F25
:10AB2000B08B0020923400204398002054960020DF
:10AB30009834002001620020006200209934002037
:10AB40009A3400209B3400200220002000000000E6
:10AB50006C3700009C3700004F4144204E564D207A
:10AB600031323334353600002DE9F84F002814BF58
:10AB700001260026DFF8988298F8C01101F0010143
:10AB800086F0010211422ED10024DFF888924FF0A6
:10AB9000010B074608EB0400457A0DB30BFA04F2EB
:10ABA00090F8381099F80000D2B2104001F003017B
:10ABB000824618BFDA46680648BF8AF0010AA6B185
:10ABC000B8F8291011420BD005F01F0538680BFAB0
:10ABD00005F5BAF1000F0CBF20EA050505433D60FD
:10ABE000641C082CD6DBBDE8F18F2846FBF724FD5A
:10ABF00051462846FBF710FDF2E78549B1F82900D8
:10AC000028B1844B012201211020FEF72BBA704796
:10AC1000012202FA00F07F4A1378002914BF18437A
:10AC200023EA0000107070472DE9F84F81467848FC
:10AC300048440C46457A002D90463DD090F8386047
:10AC4000B108484607F020FB002835D0714801784C
:10AC50000122002702FA09F212EA010018BF0120BE
:10AC60008DF80000802CACBF4FF0010ABA468DF879
:10AC70000170B108484604F07F0B07F037FB002451
:10AC800050B10DF101036A46B108484609F01BFABC
:10AC9000040011D04FF0010ABBF1020F04D19DF85E
:10ACA000000080B901270EE006DCBAF1000F04BFF6
:10ACB0009DF80000584501D1002053E05F4639005F
:10ACC00002D0012100E0394648460BF00FFB00B9E5
:10ACD000002739464846FFF79BFF84B1B8F1000FC3
:10ACE00004D03946204609F00AF93AE0236A002BDD
:10ACF00037D09DF801103A460220984731E0B1085C
:10AD0000484607F0C9FA08B3002100E0491C424A4E
:10AD10001378C8B2984222D2CCB22C223F48544376
:10AD20002044037803F07F03B3EB960F04BF42780F
:10AD30004A45EBD1036A93B1B8F1000F18BF47F051
:10AD40000207BAB2C9B20220984708E0680602D5E5
:10AD50007F1EBF41FF0F39462846FBF75DFCFFF71A
:10AD60004CFF0120BDE8F28F2DE9F84F2C4D044631
:10AD70000127A7402878FFB238428846914632D052
:10AD8000234B1A19507A30B192F838008008461EC9
:10AD9000B641F60F00E00026224A12F804B05946E8
:10ADA000204607F079FA82465946204607F09EFA77
:10ADB000002E08BFBAF1000F00D1A0B128793842A7
:10ADC00014D0E878384205D0B9F1000F07D101223C
:10ADD000022101E0012241462046FFF725FF012123
:10ADE000204605F0F8FD0020BDE8F28FB8F1000F15
:10ADF000F9D0B9F1000F04D1012202212046FFF75A
:10AE000013FF0121204605F0E6FD0120ECE70000DC
:10AE1000843200004098002041980020647C00208B
:10AE200078940020C895002047490123CA6800F0A3
:10AE30001F0003FA00F01043C860704738B5424C59
:10AE400000202070E060002503F0E0F86019007930
:10AE500008B1FFF7E9FF6D1C082DF7DBE06820B1B2
:10AE60003A490A6822EA0000086000202061607008
:10AE700031BD38B5344C364DA070216140B1607899
:10AE800001280FD128784FF08041FDF73FFF09E0FE
:10AE9000E06810B10421FBF79BFC28784FF080415B
:10AEA000FCF79BF80120607031BDF0B52948264DB4
:10AEB00003680021012200240127E0B22844007920
:10AEC00060B100F01F0607FA06F640064CBF304698
:10AED00000201E40864204BFD0B20143641C5200D1
:10AEE000E0B20828E9DBC8B2F0BD80B5FFF7DDFFAE
:10AEF00015490B7898420BD030EA030308701CBF49
:10AF00000A69002A04D01846BDE80840002110470D
:10AF100001BD0F48007819224FF08041FDF7F2BEC5
:10AF200038B504460D460520FBF7B9FF50B1D621D0
:10AF300001700571C4700146BDE8344004480078D2
:10AF4000FBF7D0BF31BD00009C930020D020024011
:10AF500051290020C0200240F0B5DFF804375C68BA
:10AF60001E78014600200022142700E0521CD5B2B2
:10AF7000B54204D27D43635D8B42F7D16019F0BDC9
:10AF80002DE9FE4F8B46DFF8D8164B680193194622
:10AF90004FF01409034619FB03F35600CF180025A0
:10AFA000F6B296B35FEA0B0114BFD7F80880D7F862
:10AFB000108000248DF80000154616E00198E1B2DB
:10AFC00019FB01F108445FEA0B0107BF017BD0F8D0
:10AFD00010A0C179D0F808A08D4205D13246514663
:10AFE000404607F033F878B1641C9DF80010E0B2D9
:10AFF0008842E3D33046FCF7B7F905000AD0324661
:10B000004146FCF7A7F900E05546BBF1000F06D01A
:10B01000BD6005E0BBF1000F04D1002038733D6135
:10B02000BDE8F78F0020F871F2E72DE9F14F82B00B
:10B030000024DFF83006DFF8309600900027A046A5
:10B04000002509EB050000F13801427A002A1ABFF9
:10B050000B784FEA930C4FF0000C407E00281ABF8B
:10B060000E7CB608002600234FF0010E0EFA05FEF6
:10B07000002818BF002E0CD03346DFF8F0A500F0F2
:10B080007F060AF805600E7C06F0030B009E06F8AA
:10B0900005B0002A18BFBCF1000F0BD002F07F06EC
:10B0A000DFF8C8A50AF805600978009E01F00301E1
:10B0B00071556346DFF8B8154B556E1CB9F8D4A12D
:10B0C0005FFA8AF111EA0E0F06D0D9B2614502D1BA
:10B0D0000023002204E00022D9B2052900D194B94E
:10B0E000002808BF002A00D10DB908F10108D8B224
:10B0F000052802D13CB9344605E007F0B1F810B19B
:10B10000F8B200B96F1C3546082D9ADB029929B1B7
:10B110000CB10C7002E0FAB202B10F705FFA88F065
:10B12000BDE8FE8F2DE9F84FDFF83C05017892B0BD
:10B13000502901BFDFF83C050D900079502818BF59
:10B14000002040F07C8200218DF802108DF809105B
:10B150000DF10200FFF769FF040008BF01249DF80C
:10B160000210DFF81425DFF8F83411701C70142079
:10B1700044432046FCF7F8F8DFF8E4144860214621
:10B18000FCF7C6F900218DF80B1006910025DFF8B9
:10B19000D814002029448DF803004C7ADFF8C80445
:10B1A000284400F13801002C1ABF08784FEA900AB1
:10B1B0004FF0000ADFF8B0042844427E0592002ACE
:10B1C0001ABF097C890800210491DFF8A4144A5DA4
:10B1D00004980192C0B207F021F810B90498202811
:10B1E00002D10021059104910121A940C9B2089121
:10B1F000504607F013F838B9BAF1200F04D00D9873
:10B20000089A0188114207D001998A4504BF00209D
:10B2100001904FF0000A00240598204301D1002D31
:10B2200005D10198052807D19DF80900002840F0B4
:10B23000CA8101218DF8091014200699DFF82074C5
:10B2400000FB01F679688819DFF830141422FDF745
:10B2500071FE06997868491CC9B230440691039082
:10B260006A1C8DF80820002203999DF808000870D8
:10B270004FF6FE7BADF8002090460792002700268F
:10B2800075B9DFF8FC03417E01270126FF29ADF8DF
:10B290002420ADF8382003D01920ADF83A0002265A
:10B2A000019850B3042806DCDFF8D813087840F082
:10B2B0000400087003E00E2818BF0F28F4D0DFF850
:10B2C000C81301980A78904217DA01460C204143CE
:10B2D000DFF8B823535AADF800301A040DD5C3F384
:10B2E0000E00ADF80000DFF8A803001D425822B19F
:10B2F00045F080006946C0B29047BDF800000006E6
:10B30000000F10F0010906D0BDF800104FF6EF70E5
:10B310000140ADF80010BDF80000BDF80010000BB2
:10B3200000F001008DF80A004EF6FF70014048055C
:10B33000ADF8001012D509AA0A213B4622F81310D5
:10B340000A200EA9324621F812004FF6FF30BDF850
:10B35000001001407F1C761CADF8001009A9BDF853
:10B360000000D8B10022DFF82C0311E0BDF8003056
:10B37000DB0707D5D3B230F813305FFA87FE21F828
:10B380001E307F1CBDF800305B08ADF80030521C49
:10B39000C14B93F800C0D3B26345E7D305980028AA
:10B3A00048D0002C53D0BD48089B027801981A421F
:10B3B00037D1002840D14FF001088DF80380049860
:10B3C00060B95146E8B206F067FF38B14FF6FE713A
:10B3D0004FF001088B4508BF4FF0020B0198C1B236
:10B3E000E8B206F083FF002809AC41D09E4805EB87
:10B3F000850108444FF0000990F84C018028C846A8
:10B400002FDB00F07F00022840F2011B05D001284D
:10B4100026D1E8B20BF056F850B3012007908046D1
:10B4200029E020B15146E8B206F036FF20B14FF0D6
:10B430000108C4E7002CC2D05FEA0A0004D14FF033
:10B4400001084FF0020BBAE705980028B7D004981E
:10B450000028B4D101218DF803104FF0060BB0E79E
:10B4600030B94FF00109CDF81C90C8464FF0030BDE
:10B47000019810280CD14FF44071FAB224F8121040
:10B480007F1C9DF8080086490CF01CFB4FF4817B63
:10B49000B9F1000F04D00C20F9B224F811007F1C80
:10B4A000059838B1049828B909A80721FAB220F8FC
:10B4B00012107F1C9DF80A1051EA080005D009A956
:10B4C0000620FAB221F812007F1CB8F1000F0EA975
:10B4D00004D00622334621F81320761C079858B171
:10B4E00009A80822FBB220F813207F1C4FF6FE7239
:10B4F000934508BF4FF0030B9DF8030000283CD094
:10B500001222334621F81320761C0598002834D0E7
:10B510000498002831D1614A2A445379012B03DC75
:10B52000B8F1000F29D113E0701C9C1E3246042C88
:10B5300038BF08231ED39C1F062C38BF052319D300
:10B540000CD1082321F81230B8F1000F064614D1AF
:10B550000620324621F81200761C0EE0A3F10D04FD
:10B56000032C38BF4FF4407304D3203B0E2B04D27E
:10B570004FF4A06321F81230064603990020C871E9
:10B580000399886003990873039908610398A0F8E8
:10B5900004B0F8B206994C1E48B10398C77109A9C6
:10B5A00003988160FAB20121E0B2FFF7E9FCF0B242
:10B5B00048B1039806730EA903980161F2B2002105
:10B5C000E0B2FFF7DDFC6D1C082DFFF6E0AD244F67
:10B5D000DFF8D0B03C78DFF8D080DFF8D0902001E1
:10B5E000FBF7C2FEB8602101FBF792FF9DF80B400C
:10B5F000012620E07868142171430144A1F114056B
:10B60000E879297B0918002913DDB8682A7800EB4E
:10B610000611012401F8102D8D6099F80000FAF749
:10B6200041FA28784146FAF78CFA287859460CF006
:10B6300031FC761CF6B23878B042DBDA204613B023
:10B64000BDE8F08F80B51A481A4A0178FF2005F04E
:10B6500001FABDE80840184A1849FF2005F03ABA37
:10B6600058950020D895002084320000D095002005
:10B67000C8950020583400003F980020883C000006
:10B680006C37000056960020764B010070340000A5
:10B690006834000050370000774B01007894002098
:10B6A000641C00208C290020ED8600005129002018
:10B6B0006B9B0100BC380000D986000091E40000BB
:10B6C000F0B587B0044604A800250026002780E8CE
:10B6D000E0008DF819501E26087A8DF818005B1CC2
:10B6E0000988DFF8700BADF810104168257801F873
:10B6F000015C03964E1E4578DFF85C1B029509300D
:10B700000190009604A80DF01AF9010002D12178E9
:10B71000491C217007B0F0BDF8B5DFF8385B069C16
:10B720006E681F4603E014F801CB06F801CBBC4657
:10B73000ACF101075FFA8CFCBCF1000FF3D1079C60
:10B7400004B140246C70FFF7BBFF00246C70F2BDA5
:10B7500010B500F0ADF80223014604F10800BDE881
:10B760001040ADE72DE9FF41DFF8E87A80460D464D
:10B770007C68DFF8680B1646414602F096FD38B942
:10B780000F214FF6FD728DF80810ADF8002007E08C
:10B7900002218DF80810DFF8482B1188ADF8001051
:10B7A0004146204602F090FD0A23057046700022B3
:10B7B000694607F10800FFF783FF04B0BDE8F08198
:10B7C0007FB5DFF8904A6568ADF8000002268DF875
:10B7D00008602870A970000A6870EA7004230122CA
:10B7E00000F0AAF804B070BD2DE9F047099E984614
:10B7F000B4460CEB0803DFF85CAADAF804505B00EF
:10B800000C469B1DD9B25129A8BF102042DA01462F
:10B810004FF6FD700F7A4FF6FF790F2F18BF022FEA
:10B8200003D10F884F4508BF08804C4508BF044628
:10B830002C70681D240A6C70AA70120AEA70B8F1A4
:10B84000000F85F804800DD0089A002432F81450B7
:10B8500000F8015B32F81450641C2D0A444500F8CE
:10B86000015BF3DB00F8016B6EB10A9A002432F839
:10B87000145000F8015B32F81460641C360A644509
:10B8800000F8016BF3DB0AF10800BDE8F047DBB21A
:10B89000062215E7BDE8F08710B500F009F89A70A8
:10B8A000014604F10800BDE810400323042207E725
:10B8B000DFF8A04963681970090A597070472DE9CB
:10B8C000F0411546DFF88C692C7880467068102CA2
:10B8D000A8BF10240170C71C090A4170847020227F
:10B8E00010213846FBF7A0FD2246691C3846FBF7BD
:10B8F00031FD414606F10800BDE8F0411323142252
:10B90000DEE67FB5DFF84C4963680F254FF6FD761C
:10B910008DF80850ADF800601870000A58700029C2
:10B9200014BF4020002060700223152200F004F8AC
:10B930000021617004B070BD694604F10800BFE6E3
:10B940003EB54FF6FD75ADF800501446DFF80459CA
:10B950006A680F238DF808301070000A5070901C30
:10B9600002F0B2FC686884720B23132200F001F825
:10B970003EBD694605F10800A2E62DE9FC470FF639
:10B980006C110646D1E90023CDE90023F0894FF67A
:10B99000FE7900244D4600280CBF08210221B3691E
:10B9A000DFF8B07813F80180DFF834A9DFF82C292C
:10B9B00040B91C462146104602F077FC88B1BAF81F
:10B9C000005009E01878597800EB0125BAF800001A
:10B9D000ADB2854205D114464D451CBF002C786898
:10B9E00006D1307B88BB78684D4518BF002C0BD042
:10B9F000B8F1000F14BFB8F1010F00220BD0317B5A
:10BA00008022012907D120E0F189812200290CBF81
:10BA10004FF6FF756C4600F8012B1CB1214602F071
:10BA200053FC02E0694602F04FFC05702D0A457098
:10BA3000102078700B23F28942F40042B11C06F109
:10BA40001100FFF73DFE00207870BDE8F38710B5C8
:10BA500000F03EF8117801F01F01D970517819718A
:10BA600094785C71D17899711479DC71517919727B
:10BA700094795C72D17999721489DC721189090AFE
:10BA80001973917A5973D47A9C73117BD973811C81
:10BA9000BDE81040102348F2020217E010B500F094
:10BAA00017F811680C0901F00F0141EA0411D9706F
:10BAB00011680A0B090A01F00F0141EA021119711C
:10BAC000811CBDE81040052348F203021130F7E560
:10BAD000DFF880375B6800241C705970090A997080
:10BAE000704770B5DFF86C375C680D000AD14AB159
:10BAF000D379157BEB185B000C33DEB2512E02DBE1
:10BB0000102070BD04232170DEB281690D7865704C
:10BB1000042E81694D78A5703FDD191FE1701578FD
:10BB200025715188617155882D0AA5719188E1713F
:10BB300095882D0A2572917901F00F016172D179F2
:10BB4000A1720B34D17989B100210CE0956835F8E8
:10BB5000116004F8016B956835F81160360A491CCC
:10BB600004F8016BC9B2D579A942EFDB167B04F862
:10BB7000016B117B99B10021157BA9420FDA16697F
:10BB800036F8115004F8015B166936F811502D0A89
:10BB9000491C04F8015BC9B2EEE70021E170811C89
:10BBA000BDE87040DBB248F204028FE72DE9F341B3
:10BBB000DFF8A0460427D4F804C048F20601054681
:10BBC000904688420CBF10260026099A08988CF8E7
:10BBD00000308CF801008CF80320000A8CF8020079
:10BBE000100005D00A99171D0CF10400FBF7B2FBF9
:10BBF0006670FBB22A46414600F01FF800216170D2
:10BC0000BDE8F68171B5DFF84C0640680C460021AE
:10BC100081B01D7801704270591C120A82702D1D6E
:10BC20001E78C670001D1A78FBF794FBEBB248F241
:10BC30001102214600F001F876BD01A840E511B5DA
:10BC4000DFF81046636881B004981A70587048F2A3
:10BC50001502000A9870032310206070FFF7EDFFB3
:10BC60000021617016BD31B5DFF8E84564680498BD
:10BC70002270637000251B0AA3700246E57004233E
:10BC800000F001F832BD68461AE52DE9FE4F0C9C24
:10BC9000DDF83880DFF8BC9508EB040682467600B4
:10BCA0001D46D9F8040001900F36F3B29346512B8C
:10BCB000A8BF10203DDA0F46009703F046F900991F
:10BCC00089B2814218BF022033D1019807703F0A20
:10BCD00001994F7003F030F901460198801C02F081
:10BCE000F3FA002280F800B045702D0A8570C47008
:10BCF000001D0D998DF8304001E000F01CF89DF812
:10BD000030309A42F9DB00F8018B00220F998DF850
:10BD1000388001E000F00FF89DF838309A42F9DBE6
:10BD20005146F3B209F1080003B0BDE8F04F2022FC
:10BD3000C6E4BDE8FE8F31F8123000F8013B31F85F
:10BD40001240240A00F8014B521C70472DE9F047BD
:10BD5000099EDFF8005589468046317A68680C27CD
:10BD60009A46032908BF152702D0012908BF0E27CC
:10BD7000089C114602F0A8FA80F800A04470240A3A
:10BD80008470317AC170001D317A032905D10A9C73
:10BD9000314602F099FA047006E0012904D1318895
:10BDA00001703288120A4270102068703B46424689
:10BDB000494605F10800FFF783FC00216970BDE8E2
:10BDC000F087F8B5DFF88C740446786815461E468F
:10BDD000FBF70DFB21460570467007F1080001B026
:10BDE000BDE8F040062330226AE470B5DFF86464F1
:10BDF00004467068154602F067FA706805722146BD
:10BE000006F10800BDE8704009233522FFF758BC51
:10BE10003EB5DFF840540446686801704270207AED
:10BE2000022818BF0F2816D120884FF6FF718842CC
:10BE30001FBF4FF6FC7290424FF6FD7188420AD147
:10BE400002228DF8082003F080F8ADF800000223EC
:10BE50003622FFF78EFD02233622214605F1080027
:10BE6000FFF72EFC3EBDF8B5DFF8E85304466868DE
:10BE700016461F4602F028FA686800210172012E5A
:10BE800004BF40210172012F03D1017A41F08001EA
:10BE90000172214605F1080001B0BDE8F040092318
:10BEA0003422FFF70DBC2DE9F041DFF8A86380468E
:10BEB000706817461C46FBF79AFA0525062F07708F
:10BEC00002DA062544700DE0FE2F18BFFF2F01BFD8
:10BED000069906254170FF2F04D107998170082526
:10BEE000090AC1702B46414606F10800BDE8F04141
:10BEF0003822FFF7E5BB2DE9F14FDDF82C9088469D
:10BF00004E460C2111FB06F6361DF0B215461C46B6
:10BF100000F0ACF85FEA000A08BF10203AD00A9897
:10BF20000AF101074FF0000B3D707C70B87087F884
:10BF300003903D1D0C9C1BE004F10C01284602F00F
:10BF4000C3F9A0782872A0796872617940EA01107B
:10BF50006872FF20A8724FF6FE702189814207BFE8
:10BF60000020E8720122EA72A4690C350BF1010B82
:10BF70005FFA8BF04845DFD300F0D2F848F2300288
:10BF8000FFF781FE05465046FBF7EFF904F10D007F
:10BF900060602846BDE8F28F2DE9F14F82B01000B5
:10BFA0000E9DDFF8B06288469A4648F2310907D004
:10BFB0007468227001234A4602A8FFF781FB53E010
:10BFC0000D9C2746162010FB07F73F1DF8B200F026
:10BFD0004DF8009008B9102046E000990C984A1CD2
:10BFE00001921146002281F801A00A708870CC707D
:10BFF00001F1040B924623E0A91C584602F064F9B3
:10C0000005F10A010BF1080002F05EF9698A01707E
:10C0100000F1060B6A8A120A42700AF1010A297DB0
:10C0200081706A7D41EA82018170AA7D41EA021134
:10C030008170E97DC1702A7E0271697E41711A3575
:10C040005FFA8AF0A042D7D301987060FBB24A46EB
:10C05000414602A8FFF734FB04460098FBF785F938
:10C0600006F10D0070602046BDE8FE8F401CFBF716
:10C070007BB92DE9F14781B08846DDF82CA0152168
:10C080001AFB01F0001DC0B214461D46FFF7EEFF7B
:10C090005FEA000908BF102040D00A9809F10107A3
:10C0A00004263C707D70B87087F803A0381D0C9C86
:10C0B000002522E0A18900F8011B0E36A289120A90
:10C0C00000F8012B17E0214602F0FEF8217A0170FA
:10C0D000628942706189090A8170217DC170001DE9
:10C0E000217D0329E6D104F10C0102F0EDF8A17DD8
:10C0F00000F8011B153618346D1CE9B25145E2D326
:10C1000000F00EF848F23302FFF797FD0546484667
:10C11000FBF72BF904F10D0060602846BDE8F687B7
:10C120004C4C41466760F3B270472DE9F14FDDF8A2
:10C13000308008F10A095FFA89F00D4692469B4665
:10C14000FFF794FF040008BF10202DD00B9F0A9E1C
:10C15000601C594600F801ABFBF749F90670360A36
:10C160004670877080F804803F0A5FEA0801C77054
:10C1700004D00D994246401DFBF7ECF829460E9875
:10C18000344D621C6A6068705FFA89F348F23802C5
:10C19000FFF779FD06462046FBF7E7F805F10D00AD
:10C1A0006860002169703046BDE8F28FF8B54D4CEB
:10C1B000276805460E46384607E00179A94204BFC4
:10C1C000C388B34210D0074600680028F5D1082084
:10C1D000FBF7CAF850B10571C680002202602168E1
:10C1E000002914BF386020600020F2BD1020F2BD8D
:10C1F000F8B506463B480468002727E0F089E18847
:10C20000814207D04FF6FF7291421ED1010401D442
:10C2100013281AD1B07C2030FAF741FE050014D063
:10C2200020223146FBF796F8B07C38B105F12001A9
:10C23000A961B27CB169A869FBF78CF8D32028709A
:10C2400029462079FAF74EFE01272468002CD5D123
:10C250003846F2BD783000205C30002038B588B018
:10C2600002218DF80A100024C188ADF80210417D2A
:10C270008DF80C108188ADF80E10417E8DF81010ED
:10C28000818C4A1E8DF81220816A4A1C0692816AAE
:10C290000A788DF81120418AADF81410818DADF81F
:10C2A0001C106846FFF7A4FF0F4900E0641CE2B2CF
:10C2B00031F832304FF6FF75AB4209D0BDF80E5061
:10C2C000AB42F3D101EBC20168464A68904703E0F4
:10C2D00010B9684606F081FE09B030BD1096002006
:10C2E000143000209C960020D0440000FFFFFFFF88
:10C2F000FFFFFFFFDFF8B01508707047C1694A788B
:10C30000952A00D0704710B5DFF8A015CA681378D9
:10C31000022B02BF807A0B78984202D1002414705D
:10C320000C7010BDF0B516468BB000F068F831788F
:10C33000012906D1B18900F8011BB289120A00F85F
:10C34000012B0126DFF864154A78049200F0A4F866
:10C3500008AF00F0A8F801239AE0F8B516468EB0B1
:10C36000044630788DF820000D4608A8B188417049
:10C37000B288120A8270F188C170F288120A0271C2
:10C380000DF12500B16800F055F8F16800F052F8A1
:10C390000746307C07F8010B3178CA0705D506F14E
:10C3A0001101384601F090FF08373078810706D533
:10C3B000708B07F8010B718B090A07F8011B012329
:10C3C00000F008F800F00DF80323FFE700F02DF867
:10C3D0000FB0F0BDDFF8D404417804914A1C4270DC
:10C3E000704708A8002107933F1A0120039102918A
:10C3F0000191009008AEBFB20696059770470446BB
:10C4000030788DF820000D4608A8B1884170B288B8
:10C41000120A8DF82220F1888DF82310F188090A7C
:10C4200001710DF12500B16804E01922294620466A
:10C4300004F079BB01700A0A0B0C090E427083707C
:10C44000C170001D7047F0B58BB0044610788DF8B0
:10C4500020000D4608A891884170012693881B0A88
:10C460008DF8223008AFD1888DF82310D188090AC1
:10C4700001710DF125009168FFF7DCFFDFF82C1446
:10C480004A780A7000F008F8049200F00CF80623CD
:10C49000FFF7CBFF0BB0F0BD531C4B7008A9401A3F
:10C4A00080B205907047002003900290019007969B
:10C4B00006970096704700002DE9F04FDFF8EC2357
:10C4C000DFF8EC43D3686569D4F81090A3B01F7807
:10C4D000012F40F066818DF8041000279DF804209C
:10C4E00008910392029010E002202070039FDFF871
:10C4F000BC2350680168491C0160DFF8B803036879
:10C50000994280F07C817F1C7FB20398874280F241
:10C51000A781DFF898138B684E68DFF89C130978C1
:10C520006288A0880F29E2D8DFE801F0090909092B
:10C530001520293441474E585F656B82D7E7029832
:10C540000FF28C33C25D585C82422FD1DFF8680352
:10C55000491C0170CBE730680628C8D10298C15D3C
:10C5600061800522DFF850030270C0E70299C85DC0
:10C5700042EA002262800621DFF83C03E9E73268E4
:10C58000122AB4D10298C15D19800722DFF828333E
:10C590001A70ACE702991888CA5DC74940EA0220C0
:10C5A0001880082008701A88022AA0D0A0E03068FD
:10C5B000521E90429BD10921DEE70299C85DA080FE
:10C5C0000A22BD490A7092E7029AD15D40EA012031
:10C5D000A0800B20B8490025087088E70298B64A69
:10C5E00010F807900C21117081E70298C15D49EAAB
:10C5F00001290D22B6E70299C85D49EA00490E22D9
:10C60000DFE7029AD15DAC4A49EA01690F23A949E3
:10C6100013700A683168511A494569D3002806D158
:10C6200000212170E1803821A448FAF731FF5EE74C
:10C630000028FCD12078DFF8848218B1012800F0AE
:10C64000B58054E79EA206A9D2E90030C1E90030C6
:10C650009DA204A8D2E90062C0E90062E0883828FF
:10C6600007D20299CA5D08F80020401CE0806D1CCA
:10C670003DE70822404605F0E9FC98BB98F80C001D
:10C6800003282FD1B8F80E004FF6F771884204BF87
:10C6900098F81200072825D109F078FC002800F04E
:10C6A0008080342209A9002009F09BFC082204A9FB
:10C6B00009A805F0CBFC002871D1D8F818600F98B4
:10C6C000360B06EB1030801C4FEA003ACAF57F2A81
:10C6D000C4F808A0C4F80CA0761C4FEA1A3A4FF030
:10C6E000000B14E00020E08038214046FAF7D0FE2D
:10C6F000C4F8109065619620B6E05FFA8AF009F000
:10C70000A0FCFF284BD00AF1010A0BF1010B5FFAE4
:10C710008BF0F1B28842F0D3012009F092FC00289E
:10C720003DD12C22414616A8FAF714FE082204A98E
:10C7300016A8FAF70FFEE168219100222292342315
:10C7400016AA0021012009F05BFC40BBA068000391
:10C75000382342460021000E09F052FCF8B9A068C7
:10C7600002999DF804303830A060CA19C0F30B015B
:10C77000DB1B00039BB2000E09F042FC78B9039862
:10C78000A168C71B79184948A1607D1940680168F4
:10C790007F1E7F1807600120039F2070A7E609F025
:10C7A00008FCC4F81090656195205DE00898451973
:10C7B00009F0ECFB002821D0A668E268D8F8183010
:10C7C000DDF820C0300BB44403EB020EF445C6F391
:10C7D0000B0118D2029A9DF804303A44C0B209F015
:10C7E0000FFC0028DBD1A1680898039A41182F4854
:10C7F000A160521E406801685118016076E6D16858
:10C80000022008702CE09E1B9619029AB3B23A449B
:10C81000C0B209F0F5FB0028C1D1A0683018A060B3
:10C8200034232248406801687618761E066009AAFB
:10C83000E7680021012009F0C6FB9DF835000B9E3A
:10C840003F03FC28ABD00121009100220F9B4FF445
:10C850008051380E09F09AFCB0423FF445AE9EE795
:10C86000C4F810906561002023B0BDE8F08F30B5AA
:10C8700000220E4B02E0A4689C60521C8A4212DA2D
:10C880000C24544304442588192DF6D1A588012D84
:10C8900006D0052DEFD0062D04BFA468DC60ECE7C0
:10C8A000A4685C60E9E730BD4B980020B894002094
:10C8B0000C8B0020082A0020FC290020D48A0020AC
:10C8C00043433133783252314F4144204E564D313B
:10C8D0001EF1EE0B1CB5DFF8144C2064E173192037
:10C8E0000FF2F102192104F09DF80021019100914D
:10C8F000002364220FF6E91104F16400FDF716FA33
:10C90000606400F040F80FF6E51104F18800FDF7CF
:10C910000DFAA06400F037F80FF6E11104F1AC0055
:10C92000FDF704FAE06400F02EF80FF6F51104F1BB
:10C93000D000FDF7FBF9206500F025F80FF6ED11AA
:10C9400004F1F400FDF7F2F9606500F01CF80FF651
:10C95000E91104F58C70FDF7E9F9A06500230020CA
:10C960000190009041F288320FF6D91104F59E70C3
:10C97000FDF7DCF9E06500F091FC00F06FFCBDE82C
:10C98000134009F0FBBA00230020019000906422BC
:10C990007047F8B50D4616463C21DFF8502B04468B
:10C9A000B6FBF1F7D7822846FDF7EAF9012804BF64
:10C9B0002846FDF7ECF93C2101FB17664FF47A702D
:10C9C000464331462046FDF7E4F92846BDE8F240EB
:10C9D000FDF7D4B92DE9F04F89B0054604F01EF8F3
:10C9E0000024007D00F06AFC01282FD1D5F800E07A
:10C9F000DFF8606B9EF814003178884202BF6968E6
:10CA000001F00300012808D1C1F38000002840F0A4
:10CA1000C782C1F3C00008B98124C2E2DFF8387BC5
:10CA2000E87A796AD7F82CA07A6BBB6BD7F830C05C
:10CA3000DFF8288B58B102286CD0052800F0EA8076
:10CA4000072800F0D581092800F05D8260E0298A7E
:10CA5000891E082901D98024A3E2DFF8040B01789C
:10CA6000002955D09CF80000002851D1E9680878C9
:10CA700091F8018011F802CF91F8019011F802AFFE
:10CA80000CEB092C91F801900AEB092911F802AF7F
:10CA900091F801B00AEB0B2A91F802B0C9780AEBC1
:10CAA0000B4A0AEB016A9EF81510E9B188B11188AA
:10CAB0001FFA8CF28A42CFD1012804DD19881FFAAF
:10CAC00089F28A4223D1022803DDB86A01688A45C7
:10CAD0001DD000F0C7FCC0B2642290FBF2F26421CA
:10CAE00001FB1200804512DB796B8DF800406A462D
:10CAF0000888ADF80400B86B0188B86AADF8061074
:10CB0000016802912868811D3078FFF70BFC48E22C
:10CB1000012446E2288A0D2818BF01289BD19CF8E1
:10CB200000000128F5D0EE6816F8010B8DF804001E
:10CB3000002860D13478707804EB0020B41CADF884
:10CB400008002678607806EB0020ADF80A0014F89B
:10CB5000026F607806EB0026A07806EB0046E078CE
:10CB600006EB0066201D0396047890F801E004EBC4
:10CB70000E298478C07809EB044404EB006004902B
:10CB8000BDF80A401888844202BFBDF80800128828
:10CB90009042C3D1CAF8006000220498B8610A60CC
:10CBA0003A7301208CF8000038462A68911D0C2247
:10CBB000FCF7B0F9082202A907F5B070FAF7CAFB32
:10CBC000F86B0288B86D414600F0D3FB2868C18835
:10CBD000ADF800100022ADF802206946F87BF9F7A5
:10CBE000E3FF07F1F4042046FDF7CAF8012804BF6B
:10CBF0002046FDF7CCF80320FAF7B6FB40B136210A
:10CC0000017000219DF804204270817000F0C6FB85
:10CC1000FF24C6E19CF800000128FAD1D5F80CE009
:10CC20001EF8019B8DF800900EF1010B9DF800009D
:10CC3000002807F1D00970D1288A0E28FFF60BAF23
:10CC40009EF800C09BF800000CEB0020ADF804003B
:10CC50000EF1020090F800E090F801B00EEB0B2E00
:10CC6000ADF806E010F802BF90F801C00BEB0C2EF7
:10CC700090F802B090F803C00EEB0B4E0EEB0C6E6A
:10CC8000CDF808E000F1040E9EF800B09EF801C057
:10CC90000BEB0C209EF802B09EF803C000EB0B409B
:10CCA00000EB0C6003909EF804008DF810000EF16C
:10CCB000050005901B88BDF80600984202BFBDF82C
:10CCC00004001288904202BF0298DAF800209042D5
:10CCD00027D10398096888429BD14846FDF757F849
:10CCE000B98A3C744FF6F7700140B98205989DF8F7
:10CCF0001010FFF7E1FB5FEA0009386B55D10078AF
:10CD0000022807D100F051F98DF8184006AA2968C9
:10CD1000891D55E0F86B028842E0972854D1288A93
:10CD20000B287FF498AE9EF800109BF8000001EBF2
:10CD300000229EF802109EF8030002EB014202EB73
:10CD400000620EF1040001920178427801EB0223A7
:10CD50008178C27803EB014303EB0263029310F87E
:10CD6000041F407801EB002202980199ADF80C20D5
:10CD7000401A0FD03C744846FDF702F8012804BF62
:10CD80004846FDF704F8029A0198121A786C07F1E8
:10CD90006401ACE0F86BBDF80C20028002F59672DD
:10CDA000B86D414600F0E5FAFBE00470002000F0A9
:10CDB00085FA00F0FAF88DF8189006AA2868811D07
:10CDC0003078FFF740FBECE095285DD18CF800400F
:10CDD000002000F073FA3C744846FCF7D1FF0128AC
:10CDE00004BF4846FCF7D3FF952000F0EBF9D8E0EC
:10CDF0001188DFF87067ADF800101888DAF80010B5
:10CE000034702E8A102E3FD1ED682E7895F801E00F
:10CE10001B8806EB0E2E15F8026F95F8018006EBC5
:10CE2000082815F8026F95F8019095F803A006EB15
:10CE30000929AE7809EB064606EB0A692E1D3578FE
:10CE400096F801A096F802B005EB0A2596F803A023
:10CE500005EB0B4505EB0A6506F1040A9AF800B0EC
:10CE60009AF801600BEB06269AF802B09AF803A034
:10CE700006EB0B461FFA88FB06EB0A669B4502BFD2
:10CE800012881FFA8EF393427FF4E5AD9CF80020E0
:10CE9000022A04D0032A0CD116F1010F29D04FF633
:10CEA000FF7293421FBFBDF8003093421FFA8EFEFF
:10CEB0009E4576D11FFA88F393421EBF90421FFA17
:10CEC00088F282426DD119F1010F1CBF11F1010FDF
:10CED000894566D1B86C16F1010F07F1880109D0B8
:10CEE0000022B54238BF721B04238CF80030FFF7D4
:10CEF00050FD56E003228CF800204FF46162FFF7EA
:10CF000048FD7C744DE0288A0D2818BF0128BBD14C
:10CF10009CF80000012844D0EE6816F8010B0028A8
:10CF20003FD1307896F801E01B8800EB0E2006F127
:10CF3000020E9EF800609EF801801EF8029F9EF887
:10CF400003B006EB08269EF8018009EB08289EF83E
:10CF5000029008EB09481EF8049F08EB0B689EF846
:10CF600001B009EB0B299EF802B09EF803E009EB33
:10CF70000B49B6B209EB0E699E4202BF128880B21D
:10CF800090427FF468ADCAF80080C7F818900C6032
:10CF900001218CF800102A68901D00F02CF900E0A7
:10CFA0008324204609B0BDE8F08F082201A907A814
:10CFB000FAF7D0B92DE9F841DFF89C45207DC1078B
:10CFC00085B04EF6602816D5E08A38B9206B017816
:10CFD00001290BD1204600F00EF907E0401EE08247
:10CFE0004246606C04F1640100F0C3F9A18A4FF677
:10CFF000FE700140A18204F5B076207DDFF8545523
:10D0000081072BD5E08A04F18807D8B9206B007816
:10D01000042807D003281CD1607C401C6074C0B277
:10D02000022803DD002000F0CDF812E0002000F01F
:10D03000A0F800F099F8A06C4FF461623946FFF750
:10D04000A8FC06E0401EE0824246A06C394600F093
:10D0500090F9A18A4FF6FD700140A182207DC106A2
:10D0600013D5226B107858B90320FAF77DF938B13F
:10D0700036210170012200234270837000F08EF986
:10D08000A18A4FF6EF700140A182207D010716D5DD
:10D09000207C401C2074C0B20B2808DB952000F0D7
:10D0A00068F800F061F8952000F08CF802E0204666
:10D0B00000F0A1F8A18A4FF6F7700140A182207D0F
:10D0C000410721D5226B1078C8B90021606B8DF81B
:10D0D00000106A460188A06BADF804100188A06AB0
:10D0E000ADF806100168287802912146FFF71AF979
:10D0F000606D42F2107204F1F40100F03AF9A18A75
:10D100004FF6FB700140A182207D810607D52046A5
:10D1100000F071F8A18A4FF6DF700140A182207DF6
:10D1200041061DD54FF6FF71ADF80010ADF80210A5
:10D1300001204FF48271ADF80410A0748DF8060040
:10D1400004F16001029100228DF80C2004926946DE
:10D15000E07BF9F72DFDA18A4FF6BF700140A18257
:10D16000002006B0BDE8F08128786A462146FFF726
:10D170006AB98DF800000822314601A8FAF7EAB82A
:10D1800038B5DFF86843A27C012A19D10178A9B922
:10D19000017999B10222227204F59E75418821809D
:10D1A000427962722846FCF7EBFD012804D128463B
:10D1B000FCF7EDFD002060730021A174012032BD59
:10D1C000002032BD10B50446DFF88C03026B00214D
:10D1D00011708069A62814BF382801240320FAF7AB
:10D1E000C3F838B136210170447001228270BDE865
:10D1F0001040D3E010BD18B587B0044602208DF86A
:10D200000000DFF8E802416B0A88816BADF804206A
:10D210000A88C16AADF806200A68416A02920A6863
:10D22000039209688269531A202B34BF511A2021B6
:10D230008DF8101041F28832C16B0B88ADF81A30AE
:10D2400000F1D001006D00F094F8DFF808030078D9
:10D250006A462146FFF781F808B010BD10B500F00E
:10D2600001F9DFF888420121A173E169B0FBF1F215
:10D2700001FB12000A18E06C04F1AC0100F079F82F
:10D280000120607341F28832E06D04F59E7100F078
:10D2900070F8DFF8D0120020087010BD10B5934C64
:10D2A000206AFF220421FAF7BFF8A06B41F2342173
:10D2B000018045F27862616B0A8010BD80B5DFF8AD
:10D2C0009422117829B910700FF20D11F8F739FC7A
:10D2D00001E0884201D1012002BD002002BD000012
:10D2E000DFF87402818A41F0010103E07F48818AFE
:10D2F00041F002018182006CF9F7D0BC10B5964C68
:10D30000A08A40F00400A082A07B38B1E169E06C03
:10D31000FCF73FFD04F1AC00FCF730FD24E0000019
:10D320008D48818A41F00801E4E700008A48818A3B
:10D3300041F01001DEE700008748818A41F02001BA
:10D34000D8E7000010B5694CA08A40F04000A082E8
:10D35000607B40B1E06D41F28831FCF71AFD04F5C5
:10D360009E70FCF70BFD00BF206CBDE81040F9F784
:10D3700095BC70B504460D4616462846FCF700FDE0
:10D38000012804BF2846FCF702FD31462046FCF781
:10D3900000FD2846BDE87040FCF7F0BC10B504461F
:10D3A000A17811B1012906D010E0607870B901218F
:10D3B0004FF4FA6008E0607818B9012000F05EF8D8
:10D3C00004E000214FF0FF3000F032F82046BDE8C5
:10D3D0001040F9F7CABF000038B505462020F9F71C
:10D3E0005EFD04001CD034202070D5E90123C4E97F
:10D3F000012329688888A081891D04F10E000C2270
:10D40000FBF788FD2868017DA1766869E17AE06113
:10D410000B2904BF2046FEF771FF2046F9F753FDA4
:10D42000686918B1F9F7A1FF00206861002032BDDA
:10D4300078B599B004460D4668466421FAF728F895
:10D4400002214548C07BADF8101001268DF85860C8
:10D450008DF859508DF8086003946946F9F78CFBF4
:10D460001AB070BD10B5FCF715FC0446FCF712FCB1
:10D470000006000C50FA84F080B210BD80B501287F
:10D480009AB01ED108F082FD01281ED134230DAAC6
:10D49000002108F098FD34220DA96846F9F75AFFDB
:10D4A000FE208DF8100034236A460021012008F088
:10D4B000A7FD08F07EFD04F03FFF2B490120086026
:10D4C000FEE7042808BF0BF0D9FB1BB000BD2749BD
:10D4D000486A411A080B090B090318BF401CC0B267
:10D4E000401C0003C0F5801070470000F0290020A8
:10D4F00030B50023184A05E0A468D46301E0A468AD
:10D5000094635B1C8B4224DA0C245C43044425881E
:10D51000192DF6D1A588092DF3D8DFE805F0080B01
:10D520000E05110514170706EBE7E5E7E7E7A46822
:10D530001462E6E7A4685462E3E7A4689462E0E753
:10D54000A468D462DDE7A4681463DAE7A4685463CE
:10D55000D7E730BD4C980020F0290020082B002090
:10D560004B980020B89400207C0520430000000068
:10D570001FB5F7F7BAFD4FF47A71B1FBF0F44C43E5
:10D580006846F7F7C3FD0020012102908DF80010D6
:10D5900001946B4622460FF20D011F48F7F754FD28
:10D5A0001FBD0000F8B5F7F7A3FD1C4D0646A8689F
:10D5B00086422CD0371AF7F798FD78434FF47A71EA
:10D5C000B0FBF1F4F7F791FD298847434FF47A70E7
:10D5D0007A18B7FBF0F100FB11218AB2B2F57A7F1D
:10D5E00005DB014692FBF1F1641C00FB112129804F
:10D5F0006CB1E968AE606418B4F57A7F06D36B68E5
:10D60000B4FBF0F1CB186B6000FB1144EC60F1BD92
:10D6100002484068704700006C8B002098940020FE
:10D6200010B50446607900F07F0004F000FE48B1B8
:10D6300061782078F9F700F8E178A078BDE810402B
:10D64000F8F7FABF10BDF8B50E46C649054608788A
:10D65000F8F728FE0746307900F03F0078703978F7
:10D66000707960F3060139703278BA706C78A4086A
:10D6700007D02046F9F778FE786150B12146F9F7D6
:10D6800047FF6A6830793146BDE8F84000F03F0056
:10D690001047F1BD2DE9F14FB348417841F0400109
:10D6A000417084B04FF4B071B048F9F7F1FEAD4964
:10D6B00000220A709346AE490878002568B904989C
:10D6C00004990078AA4C401C0870207004980499B2
:10D6D0000078A84C401C08702070FF208DF80200D4
:10D6E0008DF800000026ADF80820FFF75BFF9D488D
:10D6F0000378082B80F20E819F48845D54B95FEA5D
:10D700000B0006D09DF80820E9B2F8F710FF4FF0A3
:10D71000000BFBE0701C0828BABF9848875D002703
:10D720009748984910F80680974811F80690B0F885
:10D7300029200123B340D0B218420CD0924AF1B252
:10D74000114408F03F004B7A03F03F03984208BFB2
:10D750004FF0010A01D04FF0000A062C18D14946BB
:10D760004046F8F769FF01214046F8F7BDFE00206A
:10D77000039003AA0121F0B2F8F752FE48F0800BA3
:10D78000052500B1039D774801788DF80810BDE0AC
:10D790002146F0B204F078FD18B9204604F0B7FD38
:10D7A00060B1BBF1000F09D06E4803789DF80820E6
:10D7B000E9B25846F8F7BBFE4FF0000B3E2CE6DA14
:10D7C0000C2212FB04F2714810440390039908786C
:10D7D00000281EBF6E498858002814BF012100216F
:10D7E0006A48431C9B5C13F0030F2DD09DF8052065
:10D7F0008DF8008064F306028DF80520FF229DF865
:10D8000005008DF8019000F0C5F806F03F0040EAF1
:10D8100083108DF804000006800F022804D18DF8D3
:10D8200002208DF8022071E09DF80200FF2818BF49
:10D830000A2FF6D0002969D06846FFF7F1FE039859
:10D840006946FFF700FF61E0FF270A2C18BF0D2C87
:10D850003AD19DF8051011F07F0F22D09DF80520D8
:10D860008DF8028002F07F020C214A4300EB02088F
:10D870008DF8039098F8000000281CBFD8F8040029
:10D88000002808D00A2C04BF6846FFF7C9FE694685
:10D890004046FFF7D8FE9DF8050000F080008DF8A7
:10D8A00005009DF804008009022807D19DF80400B6
:10D8B0008DF8027000F03F008DF804000020304920
:10D8C0002D4B8855985521E09DF804208DF8008057
:10D8D00066F305028DF804208DF801908DF8027032
:10D8E0009DF8052064F306028DF805209DF80500DB
:10D8F00000F050F819B103986946FFF7A4FE192CFF
:10D9000004D19DF80900401C8DF80900761C082EF2
:10D91000FFF6EBAE58469DF808209DF809402946D1
:10D92000C3B223B10F4D2B78C9B2F8F700FE0D49F1
:10D93000087840B90E48049B01784A1E1A700021ED
:10D940000C4A11700170F8F7E0FD0748417801F0CA
:10D95000BF01417014B1012005F0D8FF05B0BDE84A
:10D96000F08F00004198002056960020647C002033
:10D970005329002054290020C8950020C995002073
:10D98000D0950020D8950020843200006834000033
:10D990006C34000000F07F0040EACA108DF80500EA
:10D9A000704770472DE9F0420D46DFF84C170446EA
:10D9B000087808B100F053FCDFF84067317A8C42F8
:10D9C00054D2DFF83C0700EB040999F848008008BE
:10D9D000202804D12046BDE8F0420BF066B90028AB
:10D9E00044D1375DB80606D42A4601212046FDF70A
:10D9F000BBF900283AD199F81900B8B33519B8061F
:10DA000022D5DFF800174878012202FA04F42042F8
:10DA100009D0287BC0F34102511E894100F0FE006D
:10DA200040EAD1702873287BC0F34101032904DA4E
:10DA30004108491C61F3420028730021287B00F053
:10DA40000700287300200EE001212046FBF7C3F8F1
:10DA500017F0060F0AD0287B00F0F80040F0030012
:10DA6000287300210120BDE8F04289E0BDE8F08282
:10DA70002DE9F041DFF884160E5C720780467DD4F4
:10DA80000F1897F80CC0CCF34100002876D0DFF8CF
:10DA900074466378012101FA08F100205FFA81FEE3
:10DAA000CCF3410213EA0E0F14BF0CF00101002168
:10DAB0004FEADC0311B1152B05DB03E0052B01DA7E
:10DAC000022A00DD01200025084206D0032A19D0D1
:10DAD0004CF006003873042516E0022A05DDE378D1
:10DAE00013EA0E0F18BF03250ED1002846D0012AD5
:10DAF00005DDA07810EA0E0F02D0022504E01AB16D
:10DB0000012501E0002839D009B900203873B30796
:10DB100004D5002200214046FDF726F928002DD02B
:10DB200045F010070024DFF8E0650EE04878424633
:10DB3000904208D191F82830D80604D50B6A13B169
:10DB4000E1B2F8B29847641CE4B231788C4207D253
:10DB50002C23DFF8B8256343D1180878C009E5D134
:10DB6000012D05D1002201214046FDF7FDF828B91D
:10DB700029464046BDE8F041FBF72DB8BDE8F081ED
:10DB80002DE9F84F4FF00008C146C2460025DFF8E6
:10DB90006C458DF801008DF800103EE0142801DA84
:10DBA000780730D5002232730021E8B2FBF713F872
:10DBB00029E0CA081F2A08DA9DF8000028B101F000
:10DBC0000701521C41EAC2013173307BC1071AD5EB
:10DBD0005FEA090004D1FDF768F982464FF00109B8
:10DBE0001AEA0B0F0FD1317BC80801F0FE01317327
:10DBF000B907D3D57A07D1D4002030730022002191
:10DC0000E8B2FDF7B1F8E8B2FFF732FF307BC0F3BE
:10DC1000410008B108F101086D1C217AE8B2884280
:10DC200014D22618275C317BC1F341000028F3D0C1
:10DC30009DF801000028E6D0012000FA05FBB80796
:10DC4000B7D501F0070141F00801BDE75FFA88F0A0
:10DC500058B1DFF8BC4420780821FBF783F820B9DD
:10DC6000207864220821FBF74DF85FFA88F0BDE8C0
:10DC7000F28F38B5DFF884440D46A17A024609B91F
:10DC8000002032BDDFF8880400780A420AD06422FE
:10DC90000421FBF737F80120607229460020FFF7C6
:10DCA00081FE04E00421FBF731F8002060720120BE
:10DCB00032BDF8B504460D46FFF7DBFF060018BF7E
:10DCC0000126DFF8387408E00120B040044203D098
:10DCD0002946F0B2FFF766FE761C397AF0B2884228
:10DCE000F2D3F1BD0846FDF714B9DFF818340D2260
:10DCF00006211020FBF7B6B970B50246DFF8FC0329
:10DD0000DFF80054845C002041B110390BD043F699
:10DD1000F176891B0BD0491E11D070BDE10710D4DC
:10DD2000E00602D509E0E1070BD4022070BD297896
:10DD3000012303FA02F2114203D0012070BDA8189A
:10DD4000407970BDF8B505460520F9F70DFB0400D4
:10DD50001CD001220FF2CC31F9F7FCFA661C002727
:10DD6000F9B2601CC1EBC1017F1C415A2846FFF784
:10DD7000C3FF06F8010BF8B20428F1DB0221009181
:10DD80000523224607212846F8F72DFAF1BDF8B5FC
:10DD90000546DFF87003002490F804E00126AE4049
:10DDA000F343002946EA0E0700EB050C43D1032A92
:10DDB00045DAFF2A03EA0E0429D1D149B1F833200C
:10DDC0003240224302718478B1F82F201C40324047
:10DDD00014438470B1F83120C4781C40324014439D
:10DDE000C470B1F82D2044781C4032401443447074
:10DDF000B1F82B200478234016403343037005EB21
:10DE000085000144D1F84D018CF805003FE0110078
:10DE100007D10771C178827819401340C1708370AF
:10DE200035E0022A0471F5D1C17882783143164376
:10DE3000C17086702BE0102914D1032A01DB8720E2
:10DE4000F2BD012A06DC07718178C47819401C40B4
:10DE50008170C470022AC17819BF0B40C3700E4391
:10DE6000C67014E044F20107B94212D111000CBF90
:10DE700004210021A14C675D07F0FB073943615580
:10DE8000012A017807BF0E4306700B40037001247E
:10DE900005E044F20200814208BF8CF80520FFF73C
:10DEA00024FF1CB10021284600F011F82846FFF796
:10DEB00049FF9748007847F230522021FAF722FFB5
:10DEC0009448018841F0100101800020F2BDF8B5AE
:10DED000024616468A48304490F84840437EC4F3D0
:10DEE000850523B12DB1100008BF202D01D00020E1
:10DEF000F2BD844F012000FA02F23879D2B212EA60
:10DF0000000C04F00304604618BF01204FF0000E1F
:10DF10008DF800E08DF800005FEA000E08D097F859
:10DF200000E012EA0E0EF44604D04FF0010C01E0BE
:10DF30004FF0000C9DF800E00EF0FD0E4EEA4C0E86
:10DF40008DF800E050B197F800E002EA0E0EBEF145
:10DF5000010C6CEB0C0C4FEADC7C01E04FF0000C88
:10DF60009DF800E00EF0FB0E4EEA8C0E8DF800E0FE
:10DF7000202D0CBF082500259DF800E00EF0F70EBF
:10DF800045EA0E058DF80050032C18BF022C05D170
:10DF90005D064CBF23F0400343F04003002C14BF48
:10DFA000032C04249DF800504FEA931C05F0BF0594
:10DFB0000CF0010C45EA8C1505F0CF058DF80050EA
:10DFC000D0B9B878104201BFFD7815427D7812EAC9
:10DFD000050000D001209DF8002042EA40128DF893
:10DFE00000209DF80000420902F0010282F00102C7
:10DFF00040EA02108DF80000474883559DF8002044
:10E000003E4B9A5501B10C700120F2BDFEB501A83E
:10E01000FAF7DCFF3B4C23460D2206211020FAF7CD
:10E02000DEFF002538B900940D23002206211020C0
:10E03000FBF73AF800B30D212046F9F769FA3048AA
:10E04000B0F82F10A170B0F83120E270B0F82D10A8
:10E050006170B0F833202271B0F82B1021700021CC
:10E0600001EB81028318D3F84D216318491C08295C
:10E070005A71F5DBFFF739FE0024204E264F0DF1D3
:10E080000501E0B2FFF723FF38B3385D8DF80400D7
:10E09000621C315DC80709D41CB1080758BF327231
:10E0A00007D5B07A10B90123A340B37208073272C2
:10E0B00000D46D1C9DF8040000F03F0028280ADA07
:10E0C0009DF805109DF80400F8F7DAFA9DF80400B1
:10E0D000FCF7AAFE01E000203855641C082CCEDBBA
:10E0E000EDB2002D14BF082000200C490A7802F080
:10E0F000F70210430870F7BD48980020B093002045
:10E10000843200007894002041980020647C002034
:10E110005129002008980020A09300205696002046
:10E12000FCF7FEBE040000300000000010003000CC
:10E13000000000014020000000000240200000001C
:10E140000000FEE770B50AF057FE04462E4801783D
:10E150000A0704D5FF2221460020FFF7C3FD002651
:10E160002A4D0BE02A48310600EB11535968214033
:10E1700003D01A7ADB6800209847761C2978F0B221
:10E180008842EFD370BD014622480AF037BE0146EF
:10E1900021480278530703D5012000FA01F1F3E783
:10E1A0007047002900D17047F0B5184C25780C2D28
:10E1B00008DA174F07EB05166D1C3070716032726C
:10E1C000F3602570606801436160F0BD38B584B0CC
:10E1D000FBF71DF8104D0446287841070ED4684619
:10E1E0000AF0D4FD0021029103916A460B490948C7
:10E1F0000AF0D4FD287840F0040028702046FBF790
:10E200002DF805B030BD000056960020E0950020A6
:10E21000B0830020708C00204698002045E100006B
:10E220000AF006BE10B5114C201D0AF03BFE211D60
:10E2300000200AF017FE206041F288310AF03BFE10
:10E2400001462068BDE810400AF032BE10B5074C08
:10E25000206818B10AF0E9FD0020206010BD0348D5
:10E260000068002818BF0AF0DDBD7047A8940020A0
:10E27000027A0B7A9A420CD15AB1022A05D100884F
:10E280000988884205D101207047032A08BF00F0A1
:10E290000CB8002070470A7A0272032A04BF0822D1
:10E2A000F9F758B80B880380704710B5082210F8AA
:10E2B000013B11F8014BA34202D1521EF7D101E0FC
:10E2C000002010BD012010BD0822F9F743B87047A7
:10E2D00038B504460D46012100F03FF850B1012D3C
:10E2E00009D1002201219DF80000FCF79DFC0CB132
:10E2F00000F036F831BD280002D100220021F2E7FB
:10E30000022DF7D100220221EDE71CB5040022D036
:10E3100000F022F8F8B19DF80010DFF8480501443C
:10E32000487AC0B191F83800800814D19DF80000F7
:10E3300000220121FCF778FC9DF90000DFF8283568
:10E3400064214C430121814018782246C9B2FAF772
:10E35000D9FC00F005F813BD00216846FAF7EFB8C4
:10E360009DF80000002102F036BBF8B507460D46C7
:10E3700014461E46380018BF012F13D1012C10D1AE
:10E38000DFF8E8040178491CCBB243F69822072B4A
:10E39000A8BF41F28832DFF8D8341A80017000F04B
:10E3A00067F971E0FFF7D8FF08B90120F2BD40F628
:10E3B00005318F4208BF012D04D19DF800000028CF
:10E3C00065D063E09DF80000DFF898140A1892F811
:10E3D00038108908062F0DD1022C1CBF507A002856
:10E3E00050D09DF8000003F04FFF00284AD0002DC8
:10E3F0004AD04BE0072F18D1507E002842D092F827
:10E40000480080083ED1280018BF102D07D044F2E4
:10E4100001018D421CBF44F20200854236D1302EEC
:10E4200018BF202E30D08720F2BDDFF84814095CD9
:10E43000142F09D1DFF84024107828B19DF800008E
:10E44000002818BF052921D001B3012C16BF002CCC
:10E4500001200220002100E0491CDFF820341C7854
:10E46000CAB2A24212D2CDB22C23DFF814245D43EB
:10E470002A449DF8003054789C42EDD192F828103F
:10E48000014201D18120F2BD0020F2BD8620F2BD03
:10E490002DE9FF4705460C4617469846002103A87C
:10E4A000FAF74DF8002871D021469DF80C000C9C1D
:10E4B000002804BF40F60532954214D1012955D1F8
:10E4C000022F18BF8F2008D198F80000812803DBA5
:10E4D00000F07F00082801DB8720B6E00022002141
:10E4E000FBF7EEFFA7E00126122DDFF8989308D185
:10E4F00004B12680012FF5D100F0B0F818BF01203B
:10E5000028E0062D1CD19DF80C10DFF858030844B4
:10E5100090F838108908022F1CBF407A002804D0D8
:10E520009DF80C0003F0B0FE08B981208DE004B125
:10E530002680012F10D100F091F818BF012009E0CA
:10E54000072D13D104B12680012F06D19DF80C00B0
:10E55000FFF7D2FB88F800006DE0022F6BD198F82E
:10E5600000209DF80C00FFF712FC64E09DF80C20E1
:10E57000DFF80003825C142D09D1DFF8FC623078EB
:10E5800028B19DF80C00002818BF052A5CD0002A8D
:10E590005AD04FF00009B94E8A4616E0022F12D128
:10E5A0009CF82800810757D502200294CDF80480FA
:10E5B00000905346DCF824C02A4600215FFA89F017
:10E5C000E047002837D109F1010931785FFA89F075
:10E5D000884239D25FFA89F22C23A9485A4300EBCA
:10E5E000020C9DF80C009CF801108142EBD1012F28
:10E5F00001D03800D2D19CF82800C107CED52A46D8
:10E60000002564B1BAF1000F18BFBAF11C0F04D095
:10E61000BAF1550F02D1042500E0012525800294AE
:10E62000CDF8048000975346DCF8246000215FFA9F
:10E6300089F0B04708B1002007E0012F08BFBAF108
:10E640001C0F05D188F80000012004B0BDE8F08758
:10E65000002CF9D02580F8E78820F6E79DF90C001A
:10E6600099F80010864016EA01007047804908803A
:10E6700038B58549087808B1FFF7F1FD834A844C25
:10E680007B4D537820782988A9B143F0200353703B
:10E690004FF47A720121FAF735FB20784021FAF71E
:10E6A00061FBE8B12A8890421AD22078BDE8384050
:10E6B0004021FAF727BB03F0DF0353704021FAF73C
:10E6C00051FBB0F57A7F05D920784FF47A7240215A
:10E6D000FAF718FB2078BDE834400121FAF716BBA1
:10E6E00031BD00002DE9FE4F6A4A1C7810444FF0FE
:10E6F000060990F805B0270018BF012706290CBFAE
:10E700004FF001084FF000080C9D0B212846FF2612
:10E71000F8F7FEFEABF10C02032A4FF0FF0A4FF4AC
:10E72000407053D8DFE802F0021F1F3C042C20D8B1
:10E73000DFE804F01503060609000026022788E03A
:10E740000026002785E00020287085F801A001211F
:10E75000A9704FF0080905270426E97079E003271E
:10E760004FF0080930E081466CB3012C02D0042C34
:10E770000BD06CE0BBF10D0F0CBF02270527012069
:10E78000287019210526697063E0BBF10D0F0CBFDD
:10E790000127042701202870042685F801A058E0ED
:10E7A000814684B1012C02D0042C03D04FE04B27CA
:10E7B0000B2601E04B2709260120287085F801A0CF
:10E7C0000021A97045E04727022642E0B8F1000F7A
:10E7D00003D1012C18BF002C40D1BBF1010F05DC87
:10E7E0000026BBF1010F09D1022707E0ABF12000A1
:10E7F0000E2803D24FF4A06906262F70B8F1000F3F
:10E8000001D1012C23D1ABF10200042816D2BBF1B7
:10E81000040FB4BF0227062706264FF00809BBF1F4
:10E82000020F16BFBBF1040F002001202870192031
:10E83000687085F802A085F803A00AE0ABF1060035
:10E84000062804D20527B9460326A87001E0FF2E4A
:10E8500004D00198A0F80090029807703046BDE8F7
:10E86000FE8F0000843200005229002045980020CD
:10E8700012980020C89500203F9800204198002061
:10E88000647C002040980020489800205696002084
:10E890005129002078940020F0B587B005000024AD
:10E8A00000204FF6FE7637000AF025FB002801D045
:10E8B00011208AE0287F002818D0DFF85C0B01784F
:10E8C0000078400150EA810028776988FF200AF02B
:10E8D000D3FD00280AD001244FF6FF77E88A50F0D4
:10E8E0000400E882287F50F001002877688800F053
:10E8F000CAFF002801D000206876A87E002803D136
:10E90000DFF8180B0078A8762878000604D5287858
:10E9100010F00300287009E0E87E002806D1DFF837
:10E920000C0C0178E9760178491C0170287E0128D9
:10E9300009D1DFF8F80BC07A002804D12878002824
:10E9400001D1002028762878012807D1286900788D
:10E95000022803D1E88A50F04000E882A87D4006F2
:10E9600001D4E4B2002C04A9280000F0BEF8040091
:10E97000380080B2B04200D16F88002C22D02878B5
:10E980008DF814000695688DADF8160005A8039063
:10E9900095F82C000290E88A0190687D00909DF81F
:10E9A0001030DFF8880BC28A390089B2200000F0ED
:10E9B00044F805002800C0B2102804D12000F8F760
:10E9C000D4FC00E010252800C0B207B0F0BD10B59F
:10E9D0008EB0040001A83421F8F75AFDA088ADF8E4
:10E9E00010006088ADF80E00207D8DF820002069B1
:10E9F0000B90207F8DF80900208DADF81400207E4B
:10EA00008DF80A00607E8DF80800608DADF8320048
:10EA100094F82C008DF83400FF208DF800008DF85C
:10EA200001005FF0FF308DF802000022694601A866
:10EA30000AF0EDFE00200EB010BD2DE9F84F88B0B1
:10EA400006000F00904699465FF0100A2420F8F760
:10EA50008BFC01900198002842D0149C139DDDF896
:10EA600048B08DF80090ADF802805FF000082421D6
:10EA70000022DDF804904846F8F7D6FCDFF8AC0A2F
:10EA8000808C01994881BDF80200ADF81C0002207D
:10EA900001990873022001990872019807809DF876
:10EAA00000000199C877019880F80DB001980662BE
:10EAB000ADF80E508DF810B01598D0E90023CDE9CF
:10EAC00005238DF81E404146C9B201A80AF02AFA72
:10EAD000012802D15FF0000A02E00198F8F745FC36
:10EAE0005046C0B209B0BDE8F08FF8B505000C0083
:10EAF00008206870687F002802D068780830687045
:10EB0000A87F002802D0687808306870287F002825
:10EB100002D06878401C6870A879002806D0687810
:10EB2000297AC9B24900891C08186870287E002813
:10EB300001D00E2600E00026DFF82C0A007801281C
:10EB40000BD12878012808D0DFF8240A00780028A3
:10EB500003D0012085F8340002E0002085F834005D
:10EB6000297D6878411871182170287E002807D007
:10EB7000DFF8B809007B0BF014FB217840182070F7
:10EB80002078752801DB002403E02078F8F7ECFBFF
:10EB90000400002C54D0280000F054F8207080B2FB
:10EBA000000A60706888A070688880B2000AE0700F
:10EBB000A8882071A88880B2000A6071A87EA07120
:10EBC000E87EE0710827687F002806D0296A3800AF
:10EBD000C0B22044FFF778FB0837A87F002806D092
:10EBE000696A3800C0B22044FFF76EFB0837A87985
:10EBF000002815D0287A3900C9B260547F1C687A81
:10EC00003900C9B260547F1C287A4200E968380094
:10EC1000C0B22044F8F79EFB287A400050FA87F7EC
:10EC2000287F002804D0287F3900C9B260547F1C97
:10EC30002A7D296968782044F6B23044F8F78AFBC7
:10EC40002000F2BD10B5040000F004FE2178C0B22F
:10EC500051EA8001607E800110F0C0000143207FF6
:10EC6000002801D0012000E0002051EA0021207E90
:10EC700051EA4021607F51EAC021A07F51EA003172
:10EC8000A07951EA802194F8340051EA403108001B
:10EC900080B210BD2DE9F04106000F0014000125DF
:10ECA00034210022A0464046F8F7BEFB3800C0B22F
:10ECB000082801DA002094E0277030787178090282
:10ECC00051FA80F0210080B200F08DF8002800D0C9
:10ECD0000025B078F17809020818608130797179DF
:10ECE00009020818A081B079A074F079E0740820B6
:10ECF0006070E079002805D0607830446061607809
:10ED000008306070207A002805D060783044A06117
:10ED1000607808306070002084F820000020606275
:10ED20006079002805D06078305C60716078401CA4
:10ED30006070607F002834D000206078411C6170D2
:10ED4000C0B2305C84F820006078411C6170C0B2B1
:10ED5000305C84F8210094F8210094F82010884257
:10ED60001DD2DFF88808007894F82010884201D27C
:10ED70000C2701E094F82070DFF874883800C0B2E6
:10ED80004200607806EB00014046F8F7E3FAC4F869
:10ED900024806078FFB279000818607001E00020DC
:10EDA000607720786178884201D2002019E060788D
:10EDB0003044A06221786078091A2177A079002870
:10EDC0000DD0207F0E382077A06A0E30A062DFF8C9
:10EDD0009C07007B0BF0E5F9217F081A20772800BB
:10EDE000C0B2BDE8F08110F003028A70C0F3830264
:10EDF000CA70C0F381120A71020092B2521212F06C
:10EE000001028A71020092B2121212F001024A71DA
:10EE1000020092B2921212F001024A77020092B2FC
:10EE2000D21212F00102CA71020092B2121312F051
:10EE300001020A72020092B2521312F0010281F82A
:10EE4000312080B2800BC0B270470200002091795F
:10EE5000002909D0DFF81417C97A00290ED191785A
:10EE600000290BD1012009E0DFF80037D97A002909
:10EE700004D05189DA8A914200D00120C0B2704793
:10EE8000F8B506000D00140030787178090251FAC7
:10EE900080F0210080B2FFF7A6FFB078F178090278
:10EEA000081860813079717909020818A081B07959
:10EEB000A074F079E07408206070E079002805D033
:10EEC000607830446061607808306070207A002893
:10EED00005D060783044A061607808306070607957
:10EEE000002805D06078305C60716078401C6070EC
:10EEF0002000FFF7AAFF07003800C0B2002818D191
:10EF0000A079002806D160783044A06260782D1A7C
:10EF100025770EE0607830440E30A062DFF84C06B2
:10EF2000007B0BF03EF961786D1AB5F10E01081AFD
:10EF300020773800C0B2F2BD10B5DFF89449210047
:10EF4000E220FBF79AF8200010BDDFF82006C08A07
:10EF50007047DFF81806408B704780B501004A20E3
:10EF6000FBF78BF801BD10B5DFF884090478017850
:10EF7000491C01702000C0B20AF07CF9002800D0C2
:10EF800000242000C0B20028EED02000C0B210BD86
:10EF90002DE9F04706008A4691469846089D0024D0
:10EFA0000027514689B2300080B201F047F90028AD
:10EFB0000CD12900C9B2002908D14A46D2B2514623
:10EFC00089B2300080B201F077FA7FE000282CD0BF
:10EFD0002900C9B2002908D04146C9B2002903D18D
:10EFE00000210170012727E026E04146C9B200292F
:10EFF00013D181785FFA89F919EB010189B24908C7
:10F0000081708178002901D1012181704178002926
:10F0100003D1DFF8E01809784170DFF8DC180978CF
:10F020008078814208D2012706E02800C0B201287A
:10F0300002D14046C0B20028EDB2012D2BD140468E
:10F04000C0B2002803D04046C0B2EB2804D1002053
:10F05000DFF8A81808701EE04046C0B2E1281AD0B8
:10F060004046C0B2F12816D04046C0B21A2812D08D
:10F070005FFA88F8B8F1190F0DD0DFF88008017831
:10F08000491C01700178DFF82C291278914202D3D3
:10F09000012400210170FFB2002F03D12000C0B273
:10F0A000002813D0E4B2002C10D03000DFF8BC14DC
:10F0B000498B80B2884209D1310089B201200AF01F
:10F0C0000DFD01214FF4005000F0A5F8BDE8F087D8
:10F0D00010B4DFF8E4281278002A4BD1C20707D514
:10F0E000DFF884291160136A934201D1002313626F
:10F0F000020708D5DFF870295160136A141DA34276
:10F1000001D100231362C20609D5DFF85C299160A2
:10F11000136A12F10804A34201D10023136282068C
:10F1200009D5DFF84429D160136A12F10C04A34217
:10F1300001D100231362820709D5DFF82C299161E0
:10F14000136A12F11804A34201D10023136242078B
:10F1500009D5DFF81429D161136A12F11C04A34206
:10F1600001D100231362C20404D54FF47A72DFF890
:10F17000F8385A61400409D5DFF8EC080161016AEA
:10F1800010F11002914201D10021016210BC7047C0
:10F19000C10703D5DFF8D008006830E0010703D5C8
:10F1A000DFF8C40840682AE0C10603D5DFF8B808D4
:10F1B000806824E0810603D5DFF8AC08C0681EE053
:10F1C000C10403D5DFF8A008406918E0810703D522
:10F1D000DFF89408806912E0410703D5DFF888085A
:10F1E000C0690CE0410403D5DFF87C08006906E043
:10F1F00010F4204F01D0002001E05FF0FF30704795
:10F20000002804D0DFF86018096A09680160DFF897
:10F210005808808C704738B50022DFF89C27127898
:10F22000012A02D14CF6C0721040C9B2002905D0A3
:10F23000DFF834188A8C1043888405E0DFF828183A
:10F240008A8C32EA00008884DFF81C48A08C000415
:10F2500006D501208DF8000069465220FAF720FFFC
:10F2600000F02BF8002807D120620121DFF888097F
:10F270000078F9F74BFD1FE0216A002904D00168EE
:10F28000226A1268914217D02062206A0068012821
:10F2900006D10121DFF860090078F7F79EFE0BE048
:10F2A000DFF8545901212878F9F730FD206A026807
:10F2B00001212878F9F728FD31BD81B00020DFF861
:10F2C000A827918C890464D4918C090405D5918C6C
:10F2D000490401D512F110005BE0918C002958D04F
:10F2E0005FF0FF3000906846DFF8CC1609780029FF
:10F2F0004BD192F82410C90704D5116803689942CC
:10F3000000D2100092F82410090704D55168036850
:10F31000994200D2101D92F82410C90605D59168B3
:10F320000368994201D212F1080092F8241089066C
:10F3300005D5D1680368994201D212F10C00918C75
:10F34000490405D511690368994201D212F11000F0
:10F35000918CC90405D551690368994201D212F113
:10F36000140092F82410890705D591690368994221
:10F3700001D212F1180092F82410490705D5D1697D
:10F380000368994201D212F11C006946884200D1FB
:10F39000002001B0704710B50024644A7421212078
:10F3A000F9F744FE0A2801D154F001040BF0B3F937
:10F3B0000A2801D154F00204DFF80C19086800286B
:10F3C00005D0086880470A2801D154F008040AF0E3
:10F3D00003F90A2801D154F010040BF010FE0A289A
:10F3E00001D154F020042000C0B210BD80B50CF053
:10F3F000D4F94E4A74212120F9F751FE0BF0B0F9EF
:10F40000DFF82C190868002801D0086880470AF046
:10F4100005F90BF055FE01BDB534002026BF0200F2
:10F4200038B50024414D2A0074212120F9F7FEFD52
:10F43000002856D12B00742200212120F9F772FEFA
:10F4400000284ED1E88A4FF6FE71884249D0012447
:10F4500095F82600082803D095F8260004283DD109
:10F4600001208DF8000069464220FAF719FE15F1D7
:10F470002F014320FAF714FE15F12C014720FAF76B
:10F480000FFE15F11C014A20FAF70AFE15F11A01C8
:10F490004B20FAF705FE15F124015020FAF700FE83
:10F4A00015F116015320FAF7FBFD15F12D0154203B
:10F4B000FAF7F6FD15F11801E120FAF7F1FDA87B46
:10F4C000000703D501208DF8000002E000208DF830
:10F4D000000069465220FAF7E3FD02E00CF05DF906
:10F4E00000240BF0E5F8DFF84C180868002801D07C
:10F4F000086880470AF0CAF82000C0B232BD10B5D3
:10F500000400E00704D5094A74212120F9F7C7FD5A
:10F51000200701D50BF0E2F8600706D5DFF81818D0
:10F520000868002801D00868804710BD588700206F
:10F5300078B585B004000D4880F87240DFF8FC57BC
:10F54000DFF8FC676A46317828000DF0B0F88DF8D6
:10F5500012403278290068460DF076F829004520DF
:10F56000FAF79EFD06B070BDB03400205887002029
:10F570005598002070B50600DFF87C564FF4806186
:10F580002878F9F7C3FB0920DFF8701681F8260008
:10F590000020DFF8C4180870FFF7CEFC0100706986
:10F5A000FEF783FE012820D11020F7F778FC040035
:10F5B000002C1AD002202070B06A4078B16A897895
:10F5C000090208186080B06AC0786070B1694A208A
:10F5D000FAF766FDB079002803D10520DFF8F018AE
:10F5E000087021002878F7F77DFC70BD22550200D5
:10F5F0005493002038B5050002208DF801006846BC
:10F6000000F015F90400002C3FD02069042101709E
:10F6100000214170297A012903D1417851F020015C
:10F620004170697A012903D1417851F0400141705C
:10F63000A97A012904D1417851F08001417001E09B
:10F640000120A076687A012806D16868002801D0D8
:10F650000120607768682062E87A012801D10120E2
:10F66000E082288800F00FF9002803D0E08A50F0EB
:10F670000400E0820120A077FFF75EFC606228882A
:10F680006080200003F001FE00E01020C0B232BD17
:10F69000F8B584B005000E0000240E2100226F464C
:10F6A0003800F7F7C1FEB06A407810F01F0F04D0A1
:10F6B000D3200DF001F9002057E0810602D5012189
:10F6C0008DF80C10010602D501218DF80B104006B3
:10F6D00002D501208DF80A009DF80A00012804D106
:10F6E000F079002805D0746903E0307A002800D052
:10F6F000B469002C04D021000DF10200FEF7E4FDF6
:10F70000B089ADF800009DF80A00012828D1DFF883
:10F7100000180878002802D00878012804D1DFF802
:10F72000BC080078002818D00878002815D0FFF70A
:10F7300010FCB18980B281420FD1708900F0A3F82A
:10F7400000280AD1002C0BD0FFF7F6FB01000DF1C9
:10F750000200FEF7AAFD002802D12800C0B204E092
:10F7600068460AF0B7F92800C0B205B0F0BD7FB511
:10F7700004000D000E2100226E463000F7F754FE03
:10F780006889ADF80000A86A4078810602D5012199
:10F790008DF80B10010602D501218DF80A104006E4
:10F7A00005D569690DF10200FEF78EFD04E0A96937
:10F7B0000DF10200FEF788FD20798DF80C006846F7
:10F7C0000AF084F97FBD18B58DB004002068807AF6
:10F7D000C0071AD5206841894FF6FE7001402068A5
:10F7E00041816A4620680068C17F20680068006A1D
:10F7F000FFF746FB002808D10A980078042804D1B6
:10F8000069462000FFF7B3FFFFE70EB010BD01000F
:10F8100000200A00D2B2042A06D00A00D2B20A2A74
:10F8200002D0C9B2032900D10120C0B2704710B57F
:10F83000382101700121817003F059FD0400002C72
:10F8400006D0012020700120A077FFF775FB6062D1
:10F85000200010BDDFF8A403807C7047DFF8AC17F0
:10F8600008707047DFF8A81701220A70020703D555
:10F870000A7852F002020A70800703D5087850F027
:10F8800004000870704702000020002192B24FF679
:10F89000F873D21A032A0BD9121F05D0521E05D0B5
:10F8A000921E07D1012105E0042103E0022101E0BD
:10F8B0000821FFE7DFF8582712780A4201D002201A
:10F8C00003E0C9B2002900D00120C0B27047000097
:10F8D0001096002080B50178002906D141680029E2
:10F8E00003D040680DF0F1F900E0002002BD0000F7
:10F8F0005E980020E35602009634002060980020B5
:10F9000010B4002100E0491C0A00D2B2032A12DA26
:10F91000DFF800270B00DBB202EB83035B880400F7
:10F92000A4B2A342EFD1DFF8F0060078C9B202F822
:10F930002100C5203BE0002100E0491C0A00D2B2B2
:10F94000032A17DADFF8CC260B00DBB202EB8303C5
:10F950005B884FF6FE74A342EFD10B00DBB202EBE3
:10F9600083035880DFF8B0060078C9B202F821009E
:10F9700000201CE0002200E0521C1100C9B2032943
:10F9800014DADFF890361100C9B213F821100029FB
:10F99000F2D11100C9B203EB81014880DFF878068B
:10F9A0000078D2B203F82200002000E0C72010BC8B
:10F9B000704700009E340020579800207FB5040057
:10F9C0000D001226200080B2002801D1002049E05D
:10F9D00020008A49C98A80B288420AD1FFF7ACFA6E
:10F9E00001002800FEF761FC002801D1012600E09B
:10F9F000002600208DF80000ADF8024068460AF0AD
:10FA00007DFD00280CD001A80AF0E8FC012807D1F0
:10FA1000012601A92800FEF748FC002800D0002696
:10FA20002900200080B200F014FC0100C9B20A29AC
:10FA300001D101260BE0C0B2A02808D12900200086
:10FA400080B200F0F7FC200080B200F098FD30009A
:10FA5000C0B2012804D10021200080B200F006F8D5
:10FA60003000C0B204B070BD888F0020704710B560
:10FA70000400207A00280AD0A169A089FFF79EFF20
:10FA8000012804D1A089FFF73BFF01200EE0E079B7
:10FA900000280AD061696089FFF790FF012804D12E
:10FAA0006089FFF72DFF012000E0002010BD7CB52C
:10FAB00004000D00012605208DF801006846FFF7BF
:10FAC000B6FE00280ED0016903220A7013224A7084
:10FAD0008C70220092B2120ACA700D71448003F039
:10FAE000D4FB06003000C0B276BD2DE9FE4306000F
:10FAF0000F0090461D005FF0010904208DF8010001
:10FB00006846FFF794FE0400002C2DD0EDB2002DC6
:10FB100008D00120A077A780207850F080002070C6
:10FB20000020E07620690321017080F80180877051
:10FB3000BFB23F0AC770300080B2FFF7A4FE0028B2
:10FB40000BD101A9300080B20AF06CFC002804D06F
:10FB50000120607701A8206201E0002060776680C4
:10FB6000200003F092FB81464846C0B2BDE8FE8308
:10FB700070B504000D000126A06A4178A06A807863
:10FB8000A26AD27812021218207F042804D0D3204F
:10FB90000CF092FE00202DE00800C0B200280228E0
:10FBA0000AD9C01E07280AD90838012806D9801E9C
:10FBB00003D0401E03D003E003E002E001E000E0D8
:10FBC000002592B2C9B2608909F0C8FF6089FFF7C9
:10FBD0005AFE00280DD0A07C02280ADBA089074924
:10FBE000C98A884205D0F6B2012E02D12800C0B2DF
:10FBF00000E0002070BD00006598002058870020BC
:10FC00002DE9FE4305000F0090461E005FF001093C
:10FC10000A208DF801003800C0B2002808D19DF8F4
:10FC200001003100C9B2490051FA80F08DF801009D
:10FC30006846FFF7FCFD0400002C40D02069092134
:10FC40000170401C0670017851EA4711017010F1F3
:10FC5000010941464846FEF737FB19F10801FFB29A
:10FC6000002F17D100220A980EE01300DBB230F803
:10FC700013300B70491C1300DBB230F813309BB209
:10FC80001B0A0B70491C521C13003700DBB2FFB279
:10FC9000BB42EAD30120A077FFF74EF9606201A9C9
:10FCA000280080B20AF0BEFB002803D00120607754
:10FCB00001A820626580200003F0E7FA81464846EB
:10FCC000C0B2BDE8FE830000DC9100202DE9F047C2
:10FCD00005000E0017009946DFF88484D8F800006C
:10FCE000002822D04846C0B240000E3080B2F7F75C
:10FCF000D6F80400002C18D0DDF820A0D420207005
:10FD0000658026713900601DFEF7DEFA84F80D90DB
:10FD10005FFA89F95FEA4902514614F10E00F7F7DC
:10FD200019FB2000D8F800108847BDE8F0870000D4
:10FD3000E0910020E4910020E8910020D894002078
:10FD4000C23400202DE9F84305000E0090461F0044
:10FD50005FF0010903208DF801006846FFF767FD99
:10FD60000400002C1AD020690B210170401C80F87F
:10FD70000080401C07700120A077FFF7DDF860626B
:10FD800001206077266265800120A0760020DFF8E0
:10FD900040150870200003F078FA81464846C0B24A
:10FDA000BDE8F28370B5806A401C0578401C047879
:10FDB000294A147001215120F9F771F90120DFF867
:10FDC00010150870EDB2002D1BD1DFF80C15087866
:10FDD000002808D1DFF8FC04097850F821104FF40E
:10FDE0007A70414307E0DFF8EC04097850F82110FD
:10FDF0004EF660204143DFF8E4040078B1FBF0F5F3
:10FE00000AE0DFF8D004016A4EF660204143DFF8D3
:10FE1000CC040078B1FBF0F500214FF48040FFF7EF
:10FE2000FAF90E4E02213078F8F770FFE0070AD594
:10FE300029004FF48040FFF74BF901214FF4804037
:10FE4000FFF7E9F906E0A00704D52A00022130787F
:10FE5000F8F75AFF70BD0000559800206598002003
:10FE600070B401000022002327E01800C0B205FB97
:10FE700000F504EB0500008B82181DE01C25DFF85F
:10FE800060441800C0B26843205A4FF6FE76B04274
:10FE900012D01800C0B268432044008B00280BD059
:10FEA0000800C0B20028E0D01800C0B205FB00F581
:10FEB00004EB0500002404835B1C1800DFF8B44544
:10FEC0002478C0B2A042D9D3100080B270BC704771
:10FED0002430002038B504000021DFF8A055286840
:10FEE00000E04068002805D0028823009BB29A42B7
:10FEF000F7D10121C9B2002908D10820F7F734FA57
:10FF0000002803D0048029684160286031BD0000CA
:10FF1000B83400207CB50025DFF86065306801E06A
:10FF20006D1C40680028FBD12800C0B24000F7F7E4
:10FF30001BFA0400002C2AD00021306806E0028859
:10FF40000B00DBB224F81320491C40680028F6D1CE
:10FF5000DFF82C05B0F86E10C28A91420AD10094E5
:10FF60002B00DBB210F139020021B0F86E00FFF770
:10FF7000ADFE09E000942B00DBB210F13902002144
:10FF8000B0F86E00FFF73CFE2000F7F7EEF903F043
:10FF900037FA73BD10B5DFF8E444206804E0416827
:10FFA0002160F7F7E2F920680028F8D110BD38B5D4
:10FFB000DFF87C04848CDFF8C05429888184290010
:10FFC0005020FAF76DF82988200080B200F0A6FAD8
:10FFD0002A880121002000F003F831BDAB34002055
:10FFE000F8B504000D001600DFF80C76386800281C
:10FFF0000BD00620F6F753FF002806D0D52101705C
:020000040001F9
:100000008470C570868039688847F1BDC03400208F
:100010005D98002088950020E756020010B5002466
:100020000AE0DFF8BC122200D2B21C20424301EBEE
:10003000020000F0D3F8641C2000DFF838140978BF
:10004000C0B28842EDD300200EE0DFF804164FF670
:10005000FE720300DBB201EB83035A80002203002F
:10006000DBB201F82320401C0100C9B20329ECDBFC
:1000700010BD70B4002200E0521C1300DFF8F443FE
:100080002478DBB2A3421ED21C23DFF8C84515003A
:10009000EDB25D43655B0600B6B2B542ECD115002A
:1000A000EDB25D4325446D890E00B6B2B54205D070
:1000B0000D004FF6FF76ADB2B542DDD1D2B25A4354
:1000C00004EB020000E0002070BC704770B54FF6F2
:1000D000FF714FF6FE70FFF7CCFF002825D10024FA
:1000E0001CE01C257E4E2100C9B269433144897C45
:1000F000002906D02100C9B269433144497C002956
:100100000BD12000C0B26843305A0EF050FB2000E3
:10011000C0B205FB00F506EB0500641C2100DFF80A
:1001200038251278C9B29142DBD370BD10B40020DB
:1001300000220BE06A4B1400E4B21C214C43195B13
:100140004FF6FE73994200D0401C521C1100DFF89C
:1001500008351B78C9B29942ECD380B210BC704705
:100160009096002038B504000D00290089B22000C7
:1001700080B2FFF77EFF07E000F030F8290089B277
:10018000200080B2FFF775FF0028F5D131BD70B4B3
:100190000022002101E0521C491C0B00DFF8D44270
:1001A0002478DBB2A34216D21C23DFF8A8440D004A
:1001B000EDB25D43655B4FF6FE76B542ECD01500BF
:1001C000EDB20600ADB2B6B2B542E4D1C9B2594300
:1001D00004EB010000E0002070BC704738B504005B
:1001E000002C0BD01C21002225002800F7F71CF959
:1001F0004FF6FE7020804FF6FF70608131BD38B53C
:100200000400002512E01C2035492A00D2B24243E6
:100210000A44528923009BB29A4206D02A00D2B2E5
:1002200000FB02F00844FFF7D9FF6D1C2800DFF83F
:1002300028140978C0B28842E5D331BD80B589B2AF
:1002400080B2FFF716FF002801D0103000E0002038
:1002500002BD2DE9F84304000D0000265FF00009FF
:1002600026E01C27DFF878804846C0B27843404437
:10027000801C0AF0B3F8002818D04846C0B2784372
:1002800038F80000210089B2884201D156F00A06F0
:1002900029004846C0B207FB00F708EB0700801CA6
:1002A000FEF703F8002801D056F0A00619F1010965
:1002B0004846DFF8A4130978C0B2884203D2300060
:1002C000C0B20028CDD03000C0B2BDE8F28300003B
:1002D0005F980020AC3C0000AF340020AE3400201A
:1002E000CC8700202DE9F84F04000D0016005FF0C8
:1002F000000A0021012701224FF6FE79C8460BE0D3
:10030000F7F78DF8C0B25FFA8AFA90FBFAF10AFBB0
:1003100011015FF0000A00223800C0B2002800F08E
:100320008480002306E01800C0B20CFB00FC3EF8FD
:100330000C805B1C1800DFF83CC19CF800C0C0B208
:1003400060455AD25FF01C0CDFF808E31800C0B219
:100350000CFB00F03EF800004845EAD01800C0B29F
:100360000CFB00F03EF80000A3461FFA8BFB58453B
:10037000DFD01800C0B20CFB00F03EF80000AB4626
:100380001FFA8BFB5845D4D01800C0B20CFB00F00C
:100390003EF80000B3461FFA8BFB5845C9D0180041
:1003A000C0B20CFB00F07044407C0028C1D01800A3
:1003B000C0B20CFB00F07044407C0828B9DA180089
:1003C000C0B20CFB00F07044407C0728ABD010009A
:1003D000C0B2012802D11AF1010AAAE71AF1010AF2
:1003E00050468B46C0B25FFA8BFB5845A1D3DBB2B7
:1003F0000CFB03F33EF8030018E05046C0B200289F
:100400000AD00800C0B2002806D15046C0B2012868
:100410007FF476AF01217CE7404680B2484501D1A8
:10042000002779E7404680B200E04846BDE8F28FF9
:10043000588700202DE9F04104000D00002600E05F
:10044000761C30000B490978C0B2884210D21C27B4
:10045000DFF8008229003000C0B278434044801C9D
:10046000FDF723FF0028EBD0F6B27E4328F80640C4
:10047000BDE8F0819B40020018980020CC96002037
:1004800058870020010007200A00D2B20D2A01DBA4
:1004900001200FE00A00D2B2072A01DB032009E0A5
:1004A0000A00D2B2032A01DB052003E0C9B2002909
:1004B00000D10020C0B270472DE9F04106000F00C6
:1004C0001500FFF703FE0400002C25D01C2100229C
:1004D000A0464046F6F7A8FF268067812800C0B2F4
:1004E000002801D0A57401E00120A074DFF86C01A0
:1004F00090F86C00012805D12800C0B2FFF7C2FFB8
:10050000607401E007206074DFF840010078401C4F
:10051000022190FBF1F02074BDE8F08170B5040079
:100520000E00002523E02A00D2B242430A44528939
:1005300033009BB29A4219D02A00D2B200FB02F0DB
:100540000844FFF74BFE11E01C20DFF808112A00D9
:10055000D2B242430A44528923009BB29A42E2D16A
:100560002A00D2B200FB02F0084446816D1C28002C
:10057000DFF8E4100978C0B28842E5D370BDF8B561
:10058000040000252AE01C26DFF8C8702800C0B24D
:100590007043385A210089B288420DD020004FF6AE
:1005A000FF7180B2884218D12800C0B27043385A17
:1005B0004FF6FE71884210D02800C0B27043384414
:1005C000801C09F00BFF002807D12800C0B206FBF1
:1005D00000F607EB0600FFF701FE6D1C2800DFF8B0
:1005E00078100978C0B28842CDD3F1BD80B54FF6FE
:1005F000FF70FFF7C4FF01BD949600203EB50400D4
:10060000082100226D462800F6F70EFF69462000FB
:10061000FDF74BFE012801D1002000E001203EBD86
:1006200010B51C0023009BB23A2B03D023009BB2D1
:100630003B2B09D113000A0092B2010089B22000BD
:1006400080B2F8F76FFD00E00A2010BDE25602000C
:1006500088950020CC8700209B400200588700200E
:100660000246DFF8880300784021F8F74BBB38B525
:10067000DFF87C43257805F0030545EA8005257001
:10068000491C607861F3460005F0FD05607045EA9D
:100690004305DFF85833257080211878BDE83840CD
:1006A000F8F730BB38B5491C04461546C9B2F5F712
:1006B0000DFE002808D4C1B22B464FF49672204696
:1006C000FFF7D5FF012032BD002032BDDFF8240343
:1006D00070B508440C4690F83860407A1546A0B1D1
:1006E000B108204601F0D0FD20B9B108204601F044
:1006F000FDFD50B1C04802780121A140114018BF52
:1007000001212A462046F5F724FD012070BD2DE980
:10071000FE4F0446B948BA4D0078B44E8846174695
:10072000062818BF07280FD0FF2C09D1307847F2D0
:1007300030522021F8F7E6FA298841F00801298093
:10074000B04A107800280BD0DFF8BCA29AF801104C
:1007500030788A0605D541F288324021F8F7D2FA7E
:100760000CE129884FF6F7721140298004BF20213F
:10077000F8F7CCFAFF2C0CBF00252546FE2CA6BFAF
:10078000072101910194FE2C994E30788DF800805C
:1007900008BF850830D0FF2C1CD100F0030040EAD0
:1007A000850000F0FD0000F00DF9019A95420CBFA4
:1007B0000120002001F0FE0101437170F7F73AFCBF
:1007C00040B9FCF725FF40F61161884202D38F4AF9
:1007D0000020107087B99DF80080019C2F4605E02D
:1007E0000022F9B24046FFF771FF7F1CF8B2844245
:1007F000F6DA8DF8008001942C46DFF8149200E0C0
:10080000641C0199E0B28142C0F2AB80072800F37A
:10081000A88080490A5C002A18BF082AF0D0062A5E
:100820001CBF3C2A202AEBD07B49737811F800804A
:10083000C3F34500F8B900252C27DFF8D0C100E04C
:100840006D1C9CF80010E8B2884279D2784309EB1D
:10085000000191F800E00EF07F0E964501BF09F10E
:10086000010E1EF800005FFA84FE7045E8D1897819
:100870004145E5D100E0451E6DB2002D60D42C202D
:10088000684309EB0008C3F3450020B130788107C5
:1008900001D4C2071ED498F8040048B13178880703
:1008A00006D40121E8B2F5F726FE98F8052082BBB0
:1008B000307840F001003070D8F8183053B14FF460
:1008C000FA70029002AA9DF80010E8B2984758B357
:1008D000029810BBD8F81C20002722B19DF8001008
:1008E000E8B29047074698F8040040B1681CC0B2CF
:1008F000F5F72BFE18B90021E8B2F5F7FCFD002F43
:1009000058D03878002852D09DF800804FF0000B66
:1009100046E064200123424301E000230246E9B29D
:10092000E0B2FFF7A4FE29E0327802F0FE02327056
:100930002946520802F00102E0B2FFF7B3FEE8B91F
:10094000317801F00301317001F0FE01707800F0A0
:10095000810070703170C1077FF552AF00F0FE006A
:100960007070307800F0030000F02CF89AF8010065
:1009700040F008008AF80100F5F7C7FDBDE8F78FE1
:100980005FFA8BF10C22381D51434218CDF80080DC
:100990005FFA8BF3E9B2E0B2F5F7ECFB0BF1010B78
:1009A00039785FFA8BF08842EAD38DF800803846B8
:1009B000F6F7DBFC00222946E0B2FFF773FE0028C1
:1009C000BED0DBE7307000F0FE00717801F08101ED
:1009D0007170307070470A4608490978072918BFB6
:1009E000062902D10146002070E6704751290020F7
:1009F00010980020843200004098002050290020E8
:100A00000898002094340020569600204198002039
:100A1000647C0020C8950020D0950020DFF8800A73
:100A20008068704770B500F04FF808B9102070BDAD
:100A3000002101608480C5808660DFF8641A4A68FE
:100A400012B9486004E00A4611680029FBD1106021
:100A5000002070BDF8B505460E4617461820F5F77C
:100A6000ACF8040001D11020F2BD18220021F5F7E6
:100A7000A6F800202060A060257126746761DFF869
:100A8000240A016811B9046004E0014608680028DE
:100A9000FBD10C600020F2BD70B500F015F808B96C
:100AA000102070BD00210160047145718660DFF87F
:100AB000F8190A6812B9086004E00A4611680029AA
:100AC000FBD11060002070BD04460D4616460C2078
:100AD000F5F773B838B50C46154600F08FFC18B121
:100AE0008460C560002032BD012032BD1FB50124E5
:100AF0008DF800400AB9062B01DB032901D1012042
:100B00000FE001AB1222002100F082FC20B1002294
:100B100001A9684600F0EFFD9DF80000012818BF0C
:100B2000002004B010BD2DE9F04F87B005468A467D
:100B30001646994608F016F8040008BF022032D085
:100B4000ADF818603146284600F0B0FC80465FEAF8
:100B50004860DFF84C6906D4B06820B1407E0128B7
:100B600008BF48F04008109F0822002104A8F5F7AC
:100B700026F82FB10499012060F30101049103E0EC
:100B80000498800880000490A06858B14088049AB6
:100B9000BDF8181000904B4602F003022846FFF7FC
:100BA000A5FF08B9012079E01398010005D0049A47
:100BB000ADF8140042F00402049211980028049841
:100BC00014BF40F0080020F008000490129800289C
:100BD000049814BF40F0100020F0100004908DF82D
:100BE0001790032114988DF816000498C0F3800024
:100BF00000B10521DDF854B00BEB0107B8B2F4F7F2
:100C0000DCFF050048D0049800F0030028706B1C3E
:100C1000049989088A0002F004021043287004999C
:100C2000C908CA0002F00802104328700499090993
:100C30000A0102F01002104328700498C0F38000EB
:100C400038B1BDF814001870BDF81410090A5970B5
:100C50009B1CDDF85C9016999DF816001870981C86
:100C60009DF817205A705A46F4F7B3FF7178039134
:100C7000CDF80880B9F1000F01965046BDF8182054
:100C80000095BBB2214602D0F4F7DFFF01E007F088
:100C900056FE00F086F800E01024204601F0CCB9A2
:100CA0002DE9F84F88B082468946002400259046F9
:100CB0001E4616E012884146504600F04EFD0EE0FA
:100CC000731C03EBC002E41C907848B95068641CA4
:100CD0000028A4B2EED05168D07800F0F1FC2418BE
:100CE0006D1C3178E8B28842EAD300F092F9050031
:100CF00052D0AB46002731E001A800905B46BCF81B
:100D000000204146504600F03CFDBDF804008344FD
:100D100023E0711CFAB201EBC20CBCF800000BF826
:100D2000010BBCF800301B0A0BF8013B9CF80210C9
:100D30000BF8011B9CF8020078B99CF803000BF833
:100D4000010BDCF804000028D6D0DCF804109CF875
:100D500003005A4600F0BEFB83467F1C3178F8B290
:100D60008842D6D3A4B2059401239DF8504007933E
:100D700006950494002603969DF84C309DF8484053
:100D80000293019450464246494600960123FFF7DC
:100D9000CAFE00F006F800E01024204609B0BDE8C5
:100DA000F08F04462846F4F71EBF2DE9F8431C4691
:100DB00088B02778054607EB470700F089F85FEA17
:100DC000000930D000210AE001EB4102A21800F036
:100DD00079F8538800F8013B528800F06FF82278C8
:100DE0009142F1DB012A02BF6078002801272846E2
:100DF0000123079331469DF848509DF844300495EF
:100E0000029300269DF84050CDF818904246059771
:100E10000396019500960423FFF785FE0546484694
:100E2000F4F7E1FE00E01025284609B0BDE8F083A4
:100E30002DE9F8431C4688B027780546BF0000F02E
:100E400047F85FEA000937D000210EE004EB810289
:100E500000F038F8937800F8013BB2F8033000F85E
:100E6000013BB2F8032000F029F822789142EDDB33
:100E7000012A02BF607800280127139B28464246BA
:100E800031461D0018BF01259DF848300493079591
:100E900000269DF840309DF844500193CDF81890FD
:100EA00005970396029500960723FFF73CFE05463B
:100EB0004846F4F798FE00E01025B5E7120A00F85E
:100EC000012B7047491C537800F8013BC9B27047A9
:100ED0000E4690463846F4F770BE2DE9F04788B0CC
:100EE0008046894692461D46002400261BE0A41C2D
:100EF00018E0F2B2691CC2EB02121144241D0878FA
:100F000080B948780028F2D10879641DA0F1200149
:100F10000F2981BF18390229A839022902D800F007
:100F20006FFB2418761C2978F0B28842E1D300F0D8
:100F300070F8070068D0002644E0B3F8091000F804
:100F4000011BB3F80920FFF7B9FF3AE0F3B2691CBF
:100F5000C3EB03130B441A7800F8012B597800F8FF
:100F6000011B5A8800F8012B5988090A00F8011B57
:100F7000197831BB59780029DFD1197900F8011BA4
:100F8000B3F8052000F8012BB3F80510090A00F8A2
:100F9000011BB3F8072000F8012BB3F80710090A6A
:100FA00000F8011B1A79203A0F2A81BF183A022A49
:100FB000A83A022A05D8D3F80B100246187900F097
:100FC00089FA761C2A78F1B29142BFD3139D52461A
:100FD0004946404605B101259DF8483004930795E0
:100FE000A4B29DF840309DF844500594019300242C
:100FF00006970394029500940923FFF794FD044695
:101000003846F4F7F0FD00E01024204608B0BDE8B3
:10101000F087A0B2F4F7D1BD2DE9F04788B000F019
:101020003DF803E000F030F80419E41C3978E8B228
:101030008842F7D3FFF7EDFF050023D0002601E03B
:1010400000F033F83A78F1B29142F9D3139E524648
:101050004946404606B101269DF84830049307965C
:10106000A4B29DF840309DF844600594019300249B
:1010700006950394029600940A23FFF754FDFFF7A8
:1010800090FE00E01024C0E7E9B2781CC1EBC1017A
:1010900008446D1CD0F80310807811E3804689461F
:1010A00092461F46002400257047F2B2791CC2EB1D
:1010B000C2028B18C21C19880170761C1988090A93
:1010C000417099788170D3F80310987802E278B56E
:1010D00089B01C788DF8204001245B788DF8213090
:1010E000079408AB069302259DF84440BDF84030B4
:1010F0000595049403939DF83C409DF83850029464
:101100000026019500960B23FFF70DFD0AB070BD78
:10111000F0B506468DB0B08C0024022840F3D48090
:10112000DFF87C530596AE600A940894ADF824402D
:1011300006A8B16A00F02AF90890B28C121AB06AB7
:101140008218ADF82420307D07F00CFD10B9A8609E
:1011500002200FE1806860B140889DF818209DF85A
:101160001F30009002F00302B188307DFFF7BEFC13
:1011700010B9AC600320FDE0B188307D00F096F935
:101180000146B388686800E0006800283AD0828889
:10119000934224BFC7889F42F6D39DF8182012F0CF
:1011A000070F04BF9DF81F200B2A2BD04A0629D514
:1011B000717E39BB0599487D002804BF4888002806
:1011C0001DD1307D0022194600F076F901208DF8FE
:1011D000110004AB9DF81F00BDF81C108DF8100025
:1011E00002919DF81E0006990390C9080120019004
:1011F00000F0C2F8B188307D012200F05DF9AC60EA
:101200000520B7E0069911F0030F61D1C1F380000A
:1012100008B1842772E09DF81F00172856DADFF81E
:10122000D87557F83010002950D0307D8DF82C003B
:10123000BDF82400ADF82E0008980C900BA8884744
:101240000A9028B3391D9DF81F0051F8301019B1CC
:1012500005A888470A9810B10A98F4F7C4FC9DF8CD
:101260001F00002818BF02283CD0032818BF0528FB
:1012700038D0062818BF082834D00C2818BF1128E9
:1012800030D013281CBF15280B282BD0002735E0A1
:101290000599487D002804BF4888002813D19DF88F
:1012A0001F008DF8100080218DF8111004AB9DF8FF
:1012B0001E00BDF81C1003900291012006990190B8
:1012C000C90800F059F8AC60012053E0822715E00E
:1012D00000281CBF8168002909D005A88847FF287D
:1012E000074602D10020A86044E0012806D10698F4
:1012F000C0F38000002814BF832781270599487D0B
:10130000002804BF4888002823D10699C1F30010A3
:1013100018B1380008BFAC601FD09DF81F00BDF8A1
:101320001C208DF81000C9089DF81E00039001F0E4
:10133000010101200190029281F0010105988DF8D0
:1013400011700091811D8288007D04ABFFF7BFFE04
:10135000012400213A00A96001D100200AE0842F75
:1013600004D1002C0CBF0620072003E0002C14BF82
:10137000092008200DB0F0BD01F00101059881F0B1
:1013800001010091811D8288007DA0E638B50D46DF
:10139000044608220021F4F712FC2978206861F342
:1013A0000100206020F004002978890801F0010183
:1013B00040EA8100206029780A074CBF40F008000D
:1013C00020F00800206015F8011B2068090920F0B2
:1013D000100001F0010140EA011020602068C0F314
:1013E000800028B12878697800EB0122A280AD1C2A
:1013F0002878A071A81C6978E17132BD014629489E
:10140000006820B102798A4218BFFF2AF8D17047DC
:10141000F8B50C4615461E46FFF7F0FFB0B142691D
:10142000002100E0491C037C99420FDA0C234B4356
:10143000D75AA74202BFD718BF88AF42F2D1D018FF
:1014400090E80E0086E80E000120F2BD0020F2BDFB
:1014500080B5FFF7D3FF00B1806802BD80B5FFF70C
:10146000CDFF00B1C06802BD70B50A460E490968DB
:1014700091B10B798342FAD1002300E05B1C4D79D6
:10148000DCB2AC42F3D28C68DDB234F8256096420F
:10149000F4D104EB850070BD002070BD0000000099
:1014A000083000207C9600208096002080B5FFF751
:1014B000DBFF00B1807802BD10B51446FFF7D4FF02
:1014C00038B18178002C14BF41F0400101F0BF0118
:1014D000817010BD03460029104600D1704710B539
:1014E000082B59D0092B5BD00A2B61D00B2B6BD06A
:1014F000102B18BF182B4FD0192B51D01A2B57D0A7
:101500001B2B61D01C2B64D01D2B64D01E2B64D0F0
:101510001F2B64D0202B3FD0212B41D0222B47D032
:10152000232B51D0242B54D0252B54D0262B54D0F0
:10153000272B54D0282B2FD0292B31D02A2B37D032
:101540002B2B41D02C2B44D02D2B44D02E2B44D0F0
:101550002F2B44D0302B1FD0312B18BF382B1FD04E
:10156000392B31D03A2B3AD0412B18BF422B38D0EF
:10157000432B18BF442B37D0E02B1CBFE12BE22BB1
:1015800022D0E82B18BFE92B0AD0EA2B1CD0F02B75
:1015900025D0F12B2FD010BD097800F8011B10BD0C
:1015A0000A8800F8012B0B881B0A00F8013B10BDCC
:1015B0000A6800F8012B0B681B0A00F8013B0C6855
:1015C000240C00F8014B10BD0968BDE81040F4F789
:1015D0000FBB052210E006220EE007220CE00822D5
:1015E0000AE00A78521C07E00A784B7802EB0322E3
:1015F00092B2921C00E01022BDE81040F4F7E9BA64
:10160000082849D0092849D00A2849D00B2849D0B0
:10161000102818BF18283FD019283FD01A283FD0CB
:101620001B283FD0202837D0212837D0222837D078
:10163000232837D0242837D0252837D0262837D05C
:10164000272837D0282827D0292827D02A2827D06C
:101650002B2827D02C2827D02D2827D02E2827D05C
:101660002F2827D0302817D0312818BF382815D078
:10167000392817D03A281DD0E0281CBFE128E228DD
:1016800010D0E82818BFE92808D0EA280AD0F028A6
:1016900010D0F12810D011E00120704702207047CF
:1016A00003207047042070470520704706207047CC
:1016B00007207047082070471020704700207047AF
:1016C00080B5442818BF43280CD10878497800EB2E
:1016D0000120821C92B283B29A422CBF801C4FF62A
:1016E000FF7006E0422813BF41280878401CFFF72E
:1016F00087FF80B202BDF8B50E460546B1681446B4
:1017000009B90120F2BDB079FFF7DAFF0746B168E9
:101710003A462846F4F75DFA04B127800020F2BD6E
:10172000F8B584B01F4604460D46164601ABFFF7D8
:101730006FFE08B901200EE00A9A039820B101A9B2
:101740003846FFF7D8FF06E000923B46324629466E
:10175000204600F016F805B0F0BD7CB50C4600211F
:10176000ADF804101546FFF773FE060006D001A879
:1017700000900023002229462046B047BDF804000F
:1017800076BDF8B5069C0D4616461F46FFF760FE6F
:1017900084460CB100202080BCF1000F06D00094DC
:1017A0003B46012231462846E047F2BDC120F2BD4A
:1017B00070B514461D46E27993071AD5224600F00B
:1017C0003BF8060016D1DFF87C0802681AB12946FA
:1017D0002046904758B1D5F80310A079FFF770FF65
:1017E000D5F803100246A068F4F7F3F902E0872663
:1017F00000E08826304670BD184400007CB51446D1
:101800000646E07982071D4614D52246304600F090
:1018100013F801000FD13046FFF71AFE060007D07B
:10182000002000902B46A18820880222B04776BD78
:10183000C12076BD882076BD38B515460C46E979BD
:101840008A060AD5FFF70AFE030006D0294620467D
:1018500001B0BDE8304002221847002032BD70B50B
:10186000054668886C68C10701D5002070BD401C22
:1018700080B2F4F7A2F998B1698849080170002193
:101880000AE02278637802EB0325CEB200EB460231
:10189000A41CA2F80150491C0378CAB29A42F0D3A2
:1018A00070BD2DE9F04706460025D6F804807788FC
:1018B000A946002402E080440419814470687188BC
:1018C0000144884513D26D1C98F80200E41C0028DE
:1018D00008F10308F2D118F8010B4146FFF7F0FEBA
:1018E000641C10FA84F18F42E5DA00202EE0EC004F
:1018F00000F0F7F85FEA000827D0766888F8005013
:1019000008EB040900241CE008EBC000471C3178F8
:10191000707801EB00223A80B078B870F61C78B984
:1019200016F8010BF8703146FFF7CAFE82465246A0
:1019300031464846F4F74DF9C7F804905644D1446F
:10194000641CE0B2E9B28842DED34046BDE8F087CD
:10195000F5E0F8B50446002661886568022908DBD1
:101960000322B1FBF2F202EB4202881A01D00020FE
:10197000F2BD491C88B2F4F720F9D8B16188012979
:1019800012D12A784270012613E0F1B201EB410135
:1019900015F8012B431C761C5A542F786A7807EBF4
:1019A0000223871CAD1C7B52616862880A44954201
:1019B000EBD30670F2BD2DE9F84F06464FF0000854
:1019C00077687588C146002401E07F1DA41C7068FB
:1019D000718801448F421DD23878E41C002808F138
:1019E0000108F2D1F8780837641DA0F120010F2911
:1019F00081BF18390229A8390229E8D8FFF700FE6B
:101A000010FA84F18D42A2BF3F1804198144DEDA36
:101A1000002064E037460E2606FB08F400F061F86B
:101A20005FEA00095AD07D6889F8008009EB040A52
:101A3000002717E008784A7800EB022323818D1CE9
:101A40000FE01BF8010B0AF80300D3180846411EEB
:101A50000028F6D1C4F80AA0E078FFF7D1FD2D18D0
:101A600082447F1CF8B25FFA88F1884236D2704314
:101A70004844441C0E2200212046F4F7A0F82878A0
:101A80002070691C0A784B78891C02EB032200281D
:101A9000A4F80120CED111F8010BE0700A78487843
:101AA00002EB0023881CA3800178427801EB02231B
:101AB000E380851CE078A0F120010F2981BF18394F
:101AC0000229A8390229CCD85146FFF7F9FD012295
:101AD000AB460146ADF800200023B7E74846BDE815
:101AE000F28F641CE4B2A1441FFA89F0F4F765B8E0
:101AF00070B5446840880322B0FBF2F505EB450160
:101B0000401A01D0002070BDE8B200F08FF9A0B1FA
:101B1000057000210EE001EB410214F8013B85182D
:101B2000491C6B70C9B22678637806EB0325861CC6
:101B3000A41CB55202789142EDDB70BD00BF2DE9C7
:101B4000F0470646002571687488A846002703E020
:101B500009EB0001C7198044706872880244914201
:101B60000DD2887801F103094946FFF7A9FDFF1C52
:101B70006D1C10FA87F18C42EADA002032E0C5EBE6
:101B8000C5077F1CFFB2B8441FFA88F0F4F715F8B8
:101B90005FEA000825D0716888F8005047440024A7
:101BA0001BE0C0EBC0004044461C0A78487802EBBA
:101BB0000023338001F103098878B0704946FFF7AC
:101BC0007FFD8246524649463846F4F702F8C6F889
:101BD000037009EB0A015744641CE0B2EAB2904278
:101BE000DFD34046BDE8F08710B544680220F3F724
:101BF000E4FF18B1217801706278427010BD2DE9C0
:101C0000F843064686B077693878C00000F010F9CE
:101C10005FEA000808BF002057D0387888F8000035
:101C2000002406E08621A97001E08F20A870641CC2
:101C3000E4B23878844238DA08F10101781C01EB0B
:101C4000C40530F8141029807A1C3068818832F875
:101C50001420007D03ABFFF7DBFB0128E2D19DF8E8
:101C60001300410605D47168C209C1F3C0018A425C
:101C7000D8D1C207D9D53168C00601F1060909D506
:101C8000087DFFF7EBFB030004D0012203A94846BF
:101C9000984700E00020A870A8780028C7D10598D0
:101CA00068609DF81200E870C1E73068B17A00F012
:101CB000B8F8736800F0AEF843468288007DFEF7FE
:101CC000EFFF4046F3F78FFF012007B0BDE8F08338
:101CD0002DE9F84F044684B0E07A666902284FF097
:101CE000000907D1307800F0A1F85FEA000A18BFB8
:101CF000C8462DD100206FE0862068703988698041
:101D0000D94623E0B8789DF80A10884240F07F80D9
:101D10000398D4F800C000286AD0BCF80410032946
:101D200004BF388800285AD1D7F803100222684629
:101D3000F5F710FB2068007D0CF09AFD0CF0BAFD61
:101D40002068017DBDF800000DF0F3F808F10108EE
:101D500031785FFA88F0884223D25FFA88F2701CEB
:101D6000C2EBC202871820683A888188007D5FFA3A
:101D700089F303EB43030AEB030501ABFFF748FBD1
:101D8000002809F1010BB7D09DF80B006168C0096C
:101D9000C1F3C0018842B5D086206870D946398821
:101DA00069808AF800909AF8000028B900218AF822
:101DB000011001208AF800002068A17A00F031F8B3
:101DC000636800F027F853468288007DFEF7EDFF38
:101DD0005046F3F708FF012005B0BDE8F08F9CF8EE
:101DE00014003B4601AA0CF10601FFF7E1FC08E0F4
:101DF000D7F803309CF8140001AA0CF10601FFF794
:101E0000FDFC0100A2D068703888688078E78D21D9
:101E10006970F9E7DB0803F0010383F00103009325
:101E20007047029101220192811D704700EB400032
:101E3000401CF3F7C2BE2DE9F04F054687B0D5F838
:101E4000149099F80000FFF7F1FF4FF0000AD04618
:101E5000060008BF00204DD000241DE028688188BE
:101E60003A88007DFFF779FC0FE09DF81600B978FD
:101E7000814240D19DF817108A073ED589063ED48D
:101E800006990029EAD0FFF71BFCADF80C00641C92
:101E9000BDF80C008244E4B299F800108C4213DAC9
:101EA00009F10100C4EBC4028718286881883A88C8
:101EB000007D04ABFFF7ACFA0028D6D18620707005
:101EC0004FF001083988718086F800803178002948
:101ED00040F0A2804446C4EBC404E4B20AEB040020
:101EE00080B2F3F76AFE5FEA000A0AD13046F3F7E0
:101EF0007AFE0020A0E08D20E1E78820DFE77E2049
:101F0000DDE7CDF804900AEB04000027814604E0E9
:101F1000BDF80C007F1C8144FFB2019801788F420C
:101F20006FDA0199C7EBC7004A1C14180AEB000BC3
:101F3000286881882288007D04ABFFF769FA0028B1
:101F40005FD02088ABF80000CBF80390069860B112
:101F500003AA04A94846FFF7CEFB2868811D007D2F
:101F6000234604AAFFF724FC10E0286803A9009187
:101F70004B4681882288007DFFF703FCD4F80330AC
:101F80002868811D007D04AAFFF738FC0100BFD03E
:101F900008EB4801721CB31C505408F1010820885A
:101FA000585200241EE0DBF800302868811D007DB7
:101FB0006A46FFF723FC14E00AF1030000EB090B6B
:101FC000DDF80890B9F1000FEDD0DBF800109DF8B6
:101FD0000600FFF775FB0246DBF800104846F3F7F2
:101FE000F8FD641CA0B2B8420BD228688188007D3D
:101FF000C4EBC4096B463AF80920FFF709FA002838
:10200000DAD186F800805046317819B90022727012
:1020100001213170F3F7E7FD2868A97AFFF701FF86
:102020006B68FFF7F7FE33468288007DFEF7BDFE42
:102030003046F3F7D8FD012007B0BDE8F08F024825
:1020400000787047789600200830002003000020B8
:1020500013F0030F09D0521E22BF13F8010B11F821
:1020600001CBB0EB0C00F3D0704711F0030F14D18B
:10207000121F22BF53F8040B51F804CB6045F7D070
:10208000121D0AD200BA9CFA8CFCB0EB0C0038BFCF
:102090006FF0000088BF01207047521E22BF13F866
:1020A000010B11F801CBB0EB0C00F6D0521C08BFAD
:1020B0001046704738B5DFF83801DFF8385104882A
:1020C00014F0010403D14FF0012129600088DFF8EA
:1020D00028211168884714B14FF08070286031BD05
:1020E00010B5DFF8282113685C6801210120A047A2
:1020F000DFF80C01DFF80C110068886010BD38B5FE
:10210000DFF8F840E16B0A680120904701281FD0F2
:102110002468DFF8DC00E568002301223C21A847A1
:10212000B8B1FFF7C7FFDFF8D800DFF8D830026892
:102130009968DFF8D4001C68DA60A4EB9404521AA2
:102140004243120C1A6019688C4238BF0C461C605E
:10215000012032BD38B5DFF8B44022685368002151
:102160000120984721680A680120904708B1FFF7CD
:10217000A1FFDFF88C00DFF88C5000686860E06831
:1021800001688847286131BD10B5DFF88420DFF889
:102190006C401268DFF87C1000020A40E16C00F429
:1021A0007F4010430A6A904723681C690246182141
:1021B000DFF83C00A04710BD70B5174CA268E56879
:1021C0001B3800FB00F100FB01F681FB0223C6FB7C
:1021D00005236568C0FB05232068120942EA0372E3
:1021E000C117101841EB2311000C40EA014070BDEB
:1021F00000A00C4004A40C4080000010A4010010BA
:10220000302009405094002040420F00E0010010AF
:10221000B44F0050FF00FDFF489500200A281CBF66
:1022200006280D2801D1012070470020704717288B
:1022300018BF182810D01F2818BF1C280CD01D2824
:1022400018BF262808D0272818BF282804D03228ED
:102250001CBF2E28332801D1012070470020704771
:10226000152818BF16280BD01B2818BF1E2807D00A
:10227000222818BF2A2803D03B2818BF2C2801D1B8
:10228000012070470020704780B50A0002D000F09E
:1022900003F800B1012002BD70B50C2918BF212937
:1022A0001ED0232918BF08291AD0352918BF37296D
:1022B00016D0102918BF112912D0142918BF2229AD
:1022C0000ED0084A13788B4207D30E460C22064DD7
:1022D0005643AA191389DA0402D400F007F800B1B2
:1022E000012062BD764B010068340000192918BF37
:1022F0001A2908D0102918BF142904D036291CBF68
:102300002829382901D10120704700207047202852
:1023100018BF03280CD0042818BF292808D030285B
:1023200018BF2B2804D02E281CBF3C282F2801D1F1
:102330000120704700207047EFF3108072B670479D
:10234000EFF3108062B670470138FDD170477047D7
:1023500080B50DF05FFE0022064BF3F775F9002201
:10236000054BF3F771F90DF063FEBDE80240401E26
:10237000FFF7EABF000048400000D03F10B5044618
:1023800003E04FF47A70FFF7E3FF2046441E80B26B
:102390000028F6D110BD704710B5DFF8BC49A07316
:1023A00002204FF6FE7120722180FCF7C5FD0DF072
:1023B00051FE04F1480006F0A0F900F091F900F098
:1023C0007BFEBDE8104016E238B508F010FCDFF8DF
:1023D0008859E86B30B1E86B0468F4F7C6FF002C4D
:1023E000EC63F8D131BD70B50D462904DFF868699A
:1023F00016D4EA071CD5012000F081FEDFF84C0955
:102400000078B17C0F230F2200F007000DF033FE9F
:1024100085F0010070BD00F081F92046F4F753FD0E
:10242000B07BF4F7B1FD0400F5D185F4004070BD38
:10243000E90612D5307C0DF098FEDFF8140901781A
:10244000012907D1DFF80C09007864224FF40061FC
:10245000F6F758FC85F0100070BD290702D585F00D
:10246000080070BDE90511D5DFF8F00890F82600E6
:10247000082818BF042806D10F20FDF740F80221D4
:10248000002000F0D9FE85F4807070BD69070AD580
:102490000321FF2000F0D0FEFFF74EFFDFF8C01849
:1024A00001200860FEE72946BDE8704010B50C46E3
:1024B00020060DD500F082FA00F0D2F801200DF0D0
:1024C00094FC012103200CF0D7FE84F0800010BDA5
:1024D000A00504D500F0A2FA84F4007010BD200518
:1024E00004D509F093F884F4006010BD600504D5AC
:1024F00009F0B2F884F4806010BD002010BD2DE911
:10250000FE4F804689460EF0A7FEDFF84078DFF8E0
:102510004C48B978DFF84058A1730026287C38B9B8
:1025200000F053FEA07B01070BD58DF8006004E09E
:10253000080706D501218DF8001069465220F7F7EB
:10254000AFFD09F098F900F05CF8824640B900F060
:102550009EF8824694F9180001218140A96305E0A4
:10256000FCF719FFFCF742FF09F0BCF8BAF1010FC4
:102570004FF6FF7B33D100F050F8F4F750FF00F036
:102580007F06DFF8E0070168A963FF20022100F061
:1025900053FE4FF6FE70E0826083A4F824B0002062
:1025A000FCF7C6FFDFF8C408017846446436012909
:1025B0000CD1B9F1010F03D1002009F079F805E041
:1025C00068460021C0E9001109F072F82246742122
:1025D0002120F6F764FD0221002000F02DFE504678
:1025E000FFF7F2FED84506D00120287400F0EFFA7C
:1025F000B0B200F007FDB878FDF734F95046BDE8F9
:10260000FE8F10B500F009FE0024800703D50020DE
:102610000DF0EBFB0124204610BD10B5DFF82C17A0
:10262000DFF848080A780078DFF82C4702F0F80253
:1026300010B902200A7011E0012808BF42F001021F
:1026400003D0022802D142F002020A70DFF8A80883
:10265000FDF7D4FF10B1042103206174A07410BDF4
:1026600080B5DFF8F406017C05290CD100F0A2FA50
:10267000062000F044FD00F017FD00F0CFF9BDE8A2
:10268000014000F0EEBCBDE8014000F00DBD38B5E2
:10269000FCF781FE10BBFCF7C3FEDFF86048D8B141
:1026A000DFF8B456FCF751FC288028B9DFF89C0607
:1026B000017801F0F80101700320A8740021DFF80F
:1026C0009C0680F8261000F1390105F14000FBF767
:1026D000FBFD0020208032BD00212180012032BD81
:1026E00000B585B011216846F4F7D2FE6A46112183
:1026F0008120F6F79BFC78B96B46112200218120DE
:10270000F6F710FD40B99DF8000028B1DFF83C064F
:10271000017841F01001017005B000BD80B5DFF80F
:102720004C1703780978DFF83026012B0FD0022BE5
:1027300023D01A2B04D0D32B06D0FD2B33D02FE07F
:10274000BDE80240F9F78ABDBDE802402CE0107CEC
:10275000022828D1012918BF022924D10CF0D6FE65
:1027600018B10CF0D9FEF0B166E209F059FF00B1E2
:102770000120BDE802400CF03EBF012918BF02292C
:1027800011D1DFF868070078072818BF082804D19E
:10279000D17B11B901210CF06FFDBDE801405CE077
:1027A000BDE802403EE001BD10B5044686B0E089B8
:1027B0002138012813D947F6DF71401A012818D8AB
:1027C00020460EF0A6FA040013D0207818B96088CD
:1027D000211D0DF041FF2046F4F7C7FD09E0207BE5
:1027E00038B9694620460EF073FA694620460DF066
:1027F00097FE06B010BD10B5DFF85C45A07B48F22F
:102800000101F9F7D3FCA07B4FF40041F9F7CEFCAE
:10281000A07B2121F9F7CAFCA07BBDE81040222152
:10282000F9F7C4BCDFF8441602780978042A04D00A
:10283000062A08D0082A0AD07047012918BF0229A1
:102840000AD108F0FBB9012906D108F0D2BA012952
:1028500014BF022908F0E1BA704738B5DFF8F85420
:10286000297CE87B032908D00A29DFF8E04431D12C
:10287000217801F00701012934D130BBA87B102158
:10288000F4F7ABFB012000F06AF940B90121082000
:10289000FCF7C1FC052000F032FC012016E0287C8A
:1028A00003280DD100F0DDFBDFF840060178022996
:1028B00006D101200DF099FA012102200CF0DCFC78
:1028C000BDE83240062000F01ABC0020BDE83240CE
:1028D0000CF025BF042918BF0D2903D00E2918BFFD
:1028E0000C2961D130BBDFF8CC27E87400211170CE
:1028F000012000F034F900281EBF287C0D280E2886
:102900000BD101210820FCF786FC052000F0F7FB25
:10291000BDE8324042F210703BE1062000F0EFFBD0
:10292000A078010704D501214FF40040FCF773FCA7
:1029300000F0DEBAA87CDFF8BC1701282DD1E87CB6
:10294000401CC2B2042A22DA09884FF6FF72914273
:1029500017D10021A974E874FDF760FB00F050FD69
:10296000A078010704D5DFF8C4050278012A24D134
:10297000A87C032821D1BDE8344001210820FCF7C0
:102980004ABC0122042303216A736B74E2E7DFF877
:1029900084170A78012ADED1DBE70328DCD1012085
:1029A000687300228A70D7E739B100F05AFBA87B20
:1029B000BDE834401021F4F710BB31BDF8B584B048
:1029C0000024DFF8985301AF00E0641CDFF84817DB
:1029D0000A78E0B290421FD2E6B200970C230022A0
:1029E00031460720F6F760FB00F052F8A0B9082244
:1029F000002102A8F4F704FD0028E6D0082205F122
:102A0000390102A8F4F7A6FC0020019001AB0C22CA
:102A100031460720F6F726FB05B0F0BD38B58AB081
:102A200004A807F07EF904AA18218220F6F737FBE4
:102A30000024DFF8285300E0641CDFF8DC0601788E
:102A40008C4219DA01AA00920C230022A1B20720BD
:102A5000F6F72AFB00F01CF80028EDD00998019049
:102A600001AB0C22A1B20720F6F7FCFADFF88C14B8
:102A7000002008800BB030BDFF22082102A8F7F724
:102A800031F909980190611E01AB0C2289B2EAE785
:102A9000082202A905F13900F4F74EBC10B5DFF8A1
:102AA000B0422346012200213220F6F73BFBDFF83B
:102AB0006C36012200213320F6F734FBDFF8940254
:102AC00021780078012906D1BDE8104064224FF436
:102AD0000061F6F717B9BDE810404FF40061F6F752
:102AE00015B9F8B584B001A800210022002380E8C0
:102AF0000E00DFF82416DFF864620D78002401AFC1
:102B00000EE000970C230022E1B20720F6F7CCFA82
:102B1000082202A906F13900F4F70EFC30B9641C52
:102B2000E0B2A842EDD30198B8B16C1EDFF8F01501
:102B3000087890B9012201980A7000F2E240DFF8AB
:102B4000E4150190086001AB0C22E1B20720F6F712
:102B500089FADFF8A8130020088005B0F0BD38B569
:102B60008AB0FFF7BEFF04AB182200218220F6F7DF
:102B7000D9FA002450B9684600F0F6F810226946E8
:102B80000DF11100F4F7D8FB00B9012420460BB079
:102B900030BD38B5DFF8C0510446A87B0421F6F7F4
:102BA000E1F830B9A87B2246BDE838400421F6F7A9
:102BB000A9B831BD10B5DFF8A041A07B0421F6F71C
:102BC000A5F8A07BBDE810400421F4F744BA10B585
:102BD000DFF8544500222270012122468520F6F7B5
:102BE00025FA38B92346BDE810400122002185208E
:102BF000F6F798BA10BD0121012808BF0321DFF8BC
:102C000028251170FFE701218520F6F748BA80B525
:102C10004FF6FF700EF056FFBDE8044001214FF45F
:102C20000050FCF7F8BA80B500200EF04BFF0021F1
:102C30004FF40050FCF7EFFABDE801400CF0BDBACC
:102C400038B50446FFF7D7FF41F2883528460EF025
:102C500039FF01214FF40050FCF7DDFA012C16D1A9
:102C60003D48DFF8C8440221017403220121417369
:102C7000827404F139014030FBF726FB022084F80E
:102C8000260000F0BDFBBDE831400DF086B92846B6
:102C9000BDE832407DE77FB504460D46284607F083
:102CA00048FF284607F0CCFDDFF88464306850B157
:102CB00003218DF80810082229466846F4F74AFBDC
:102CC000316868468847002120460BF095FBDFF805
:102CD0005C04818C2046FDF745FA00F077F97FBD52
:102CE0002DE9F041804616460F461D463046F4F762
:102CF000D6F804000ED0002E18BF002D03D03246A7
:102D00002946F4F727FB277021464046BDE8F041ED
:102D1000F4F7E8B8BDE8F08111B5DFF81C44207B7A
:102D200081B020B1002121730DF0E4FD0CE0E169D8
:102D300011B101A8884707E08DF801006B46A07B20
:102D400002220121FFF7CCFF002016BDC89400200D
:102D500052980020659800201430002058870020E9
:102D60007C052043A096002000210022002300259E
:102D700080E82E007047F8B50546DFF8BC03016A0D
:102D800019B12846BDE8F4400847DFF8B463346859
:102D9000274609E020886988884202BFA0782979FF
:102DA000884215D02746A469002CF3D11C20F4F7E3
:102DB000DBFA040059D01C21F4F76AFB4FF6FE70D1
:102DC0002081FF21E172306800280CBF3460BC61B3
:102DD000687AA071297A61712879A0706988218048
:102DE000287B2075297A012906D005F10D0104F10F
:102DF0000C00FBF769FA05E0FF22082104F10C0042
:102E0000F6F770FFDFF83C03AA7A017891422CD2E2
:102E10006879012802D00CF079FB30B3A87AA27A45
:102E20000021824203D2E87A102806DB06E09042B5
:102E300004D1E87AE27A904200D20121E87928B9F7
:102E4000DFF8E8022A88438B9A420AD129B1288800
:102E50002081A97AA172E87AE072E87908B10121AB
:102E60002171A87908B10121E170F1BDB8340020C9
:102E7000FEB5DFF8C452DFF8B4620F00EF7322D161
:102E8000FDF7CCF8FDF722F9040017D01C21F4F768
:102E9000FFFA708B208006F11C01A01CFBF714FACE
:102EA000B08C6081AA21DFF8A002A1740078401CD8
:102EB00000EBD0704010207401206074287C10B9A1
:102EC000032000F01CF9696A49B1F08AADF80200EC
:102ED0008DF80070708BADF8040068468847A87BB9
:102EE000002302220221FFF7FBFEF7BD841B002016
:102EF000BDE83140B5E00000189600202E98002073
:102F000010B50446FCF718F80146A01CFBF7CDF9F4
:102F1000012809D18848816A11B12046884718B92B
:102F2000E07ABDE810408BE610BD0000B034002010
:102F30001CB50446A07A012814D100218DF8021096
:102F4000207B30B9ADF800100CF015F9684600F0A0
:102F50003BFC207BFFF774FE0DF102015220F7F7D6
:102F60009FF818E0FBF7F5FF01462088E27A8842D7
:102F70000DD1012A07D06F490B7803F00703022B0C
:102F800005D101202073207BFFF75AFE03E0237B4D
:102F9000A11CFFF780FE6848C16A09B12046884736
:102FA00013BD012800D0704780B56349C87C48B97B
:102FB000FDF734F80CF0AAFA18B9BDE802400CF09D
:102FC000AEBB39E601BD7047FBF7BFBF80B500F06F
:102FD0002AF808B9FFF757BB01BDC289130400D511
:102FE0007047E0B5017B61B9132A0AD0017C0191D9
:102FF00042F400420092811C407C00238422F8F7B6
:1030000032FE07BD02004C48807B1CBF0121F5F752
:1030100079BE0121F3F7E1BF80B500F004F808B9EB
:10302000FFF731BB01BD444A907B4FF48071F5F747
:1030300099BE40498A78930700D4704710B53F4A3B
:103040001478A0420CD0087800F0F8000C2240F070
:1030500002008A7008700C20BDE81040FCF702BC2A
:1030600010BD1CB500200EF02DFDFBF765FF0446DA
:10307000FBF76BFF2F498A7800232146F8F760FCA5
:1030800000200EF01FFD3148017801290BD1684660
:10309000FBF763FFFBF75DFF2D492E4A0B78127893
:1030A0006946FCF74FFE13BD2348807B4FF48071C7
:1030B000F3F793BF8C1B002030B500201E4900227F
:1030C000C3B2401C01EB8304C5B2092D6261F7DB7A
:1030D00030BD092803DA184A02EB80000CE0022018
:1030E0007047092804DA144A02EB8000002103E04B
:1030F000022070477C8700204161002070470E4A03
:10310000137C834204D010741021907BF3F765BFC9
:1031100070470000649800206F3902005398002027
:103120004F980020B4970020509800205887002026
:10313000D8910020C8940020143000209F34002033
:103140000C97002096340020E2560200B034002094
:1031500056980020AF34002038B584B000F05DF8F8
:103160000024C00748BF0124434A01215520F5F738
:103170005DFF20B920001CBF00200CF036FE3F4947
:10318000E220F6F77AFF204600F01FF8684600219B
:1031900000220023002580E82E006A4610216220CC
:1031A000F5F744FF30B9200004D06A4610216220B0
:1031B000F5F775FF204608F01EFA1CB1012100202A
:1031C00000F03AF8002005B030BD2DE9F0412C4B5D
:1031D0000122044600251A7017E033463A460021C2
:1031E0004046F5F79FFF0EE04E684F888046324616
:1031F0003946F5F71BFF30B92000EED0324639468C
:103200004046F5F74CFF6D1CEDB21E4901EBC501C0
:1032100008880028E8D1BDE8F08180B500208DF84D
:1032200000006A4601210320F5F700FF08B900F00D
:103230001DF89DF8000002BD38B5054600208DF848
:1032400000000C4600F012F801000ED19DF80000BD
:10325000FF2D0EBF044384F0FF0404408DF80040AE
:103260006A4601210320F5F71AFF32BD6B460122A1
:1032700000210320F5F756BF7E1B0020DC30002024
:103280005998002060450000704738B50400DFF809
:103290003C0690F8261008290CD090F82610042936
:1032A00008D0217811F00301012919D12169097889
:1032B000062915D161884FF6FE72914210D06188BF
:1032C000C08A814202D1207F002804D02000FBF771
:1032D000E3FA050005E02000FBF779FB050000E0BC
:1032E000C2252000F4F741F82800C0B232BDF8B57D
:1032F00005002878697851FA80F080B2F4F734F844
:103300000400002C16D0260029780022370038004F
:10331000F4F78AF84FF6FE707080FBF716FEB08067
:1033200028782044306168783075FBF71CFE707592
:10333000A87830762000F2BDF0B587B006000D0009
:10334000DFF8884594F82600042803D094F8260076
:10335000082801D1C2201BE0A66284F82E501C214F
:1033600000226F463800F4F75FF800968DF805509C
:1033700001208DF8040000208DF80700022084F859
:1033800026000020DFF8481508706846F6F7F8FEBA
:1033900007B0F0BD30B587B00400DFF838552868B5
:1033A000002829D10820F3F7DFFF286028680028CB
:1033B00020D0206829680860207929680871607920
:1033C00029684871A079296888711C2100226D46FE
:1033D0002800F4F729F82068009020798DF805007E
:1033E00060798DF8040000208DF807006846F6F734
:1033F000C7FE02E0102000E00120C0B207B030BDDF
:1034000010B5DFF8D0442068002804D02068F3F716
:10341000ACFF0020206009F00AF9FCF7BBFD10BDED
:103420002DE9F04387B006000C001700984611986C
:103430000025C0B2002817D05FF00109129D01E0FD
:103440005FF000094846C0B200280DD0280080B2C5
:103450004FF6F871884203DA280080B20028EFD1D5
:10346000F3F7DDFF0500EDE70E9A1000C0B20F285C
:1034700004D10F990800C0B20F2801D0C12061E02B
:103480001098DFF84894C9F8287089F82E8089F8D8
:103490002C2089F82D1089F82F004FF6FF7031008D
:1034A000020089B291420DD1DFF82C140A888242C1
:1034B00004D1F3F7B4FFA9F8240005E00888A9F8BF
:1034C000240001E0A9F82460002C09D02000FDF7B9
:1034D00095F8012804D1210019F13900FAF7F4FE1A
:1034E00019F139042000FDF789F8002803D12100E3
:1034F000E220F6F7C2FDA9F816500020A9F81A003C
:10350000002089F838000F2089F82C000F2089F856
:103510002D00052089F826001C2100226C46200081
:10352000F3F782FF00208DF80400D9F828000090FE
:1035300099F82E008DF8050000208DF807006846E8
:10354000F6F71EFE07B0BDE8F0830120DFF87C131C
:1035500081F82600704780B50122C9B200F007F853
:1035600002BD80B50022C9B200F001F802BD2DE90C
:10357000FC4105000E009046DFF850733200D2B2D5
:10358000B98C280009F010F80400002C01D1CA20E1
:103590008EE020894FF6FE71884201D1C32087E07A
:1035A000FBF7D3FC218980B2814201D1C2207FE0A8
:1035B000B88C2188884201D02088B884B88CFCF768
:1035C0001EFEE07A401C87F83800290017F1390008
:1035D000FAF77AFE02208DF801006846FCF727F919
:1035E0000500002D5DD0286906210170401CB97BC3
:1035F0000170401C0120A877FBF79EFC6862012047
:10360000A8764020E8822089688085F81880280004
:10361000FFF73BFE05002800C0B2002842D1002081
:10362000092087F8260020897883387E3100C9B2C6
:10363000884200D03E7617F11A014B20F6F730FD94
:1036400017F124015020F6F72BFD17F11801E120A6
:10365000F6F726FD17F116015320F6F721FD01219B
:103660000820FBF7D8FD00214FF40050FBF7D3FDF5
:10367000DFF868424FF480612078F5F747FBDFF808
:1036800060020078012802D14FF4DC6203E00820D8
:10369000FBF77EFD82004FF480612078F5F732FB66
:1036A00000E010250020DFF83C1208702800C0B2AE
:1036B000BDE8F6812DE9F24187B0070015001E0034
:1036C000824C94F82600042803D094F82600082899
:1036D00001D1C2204EE0BDF838004FF6FE7188429D
:1036E00001D1C32046E01C210022E8464046F3F702
:1036F0009BFE032084F8260007A95020F6F7D0FC93
:103700000EA94B20F6F7CCFCBDF81C00A084257652
:10371000BDF838006083A673390014F13900FAF758
:10372000D3FD16F0CE0656F080068DF81A60022002
:103730008DF81600BDF83800ADF80E00BDF81C007D
:10374000ADF818008DF80B5000208DF808000F2000
:1037500084F82D0014F12D015420F6F7A1FC0F2060
:1037600084F82C0014F12C014720F6F799FC6846E8
:10377000F6F7B3FC08B0BDE8F0811FB5002441792D
:103780008DF8081001798DF80A10574909788DF8DD
:103790000B100168002904D0006806F01FFE002805
:1037A0000ED100208DF80900FBF7C6FB01904FF603
:1037B000FD70ADF800006846FBF71CFF0400FFE752
:1037C0002000C0B204B010BD1FB5040000203F4966
:1037D00091F82620082A03D091F82610042915D143
:1037E0004FF6FD70ADF80000FBF7A6FB019000203E
:1037F0008DF8090060788DF8080020788DF80A00AF
:1038000000208DF80B006846FBF7F4FEC0B204B050
:1038100010BD10B50120F6F715FC0400F6F78FFD7A
:1038200006F0BEFD05F078FD08F001FF2B4800789A
:1038300008F068F82000C0B210BD38B514000022AE
:1038400000250200D2B2802A0CD0872A1BD08B2AF6
:1038500029D0982A0FD09C2A11D09D2A21D09E2AA7
:1038600004D022E01948808C20802BE0174890F883
:103870002600207026E01548807C207022E0FCF7AE
:1038800055FC20701EE0C125080080B2FCF77FFCCB
:10389000002805D01C2201002000F3F75BFD002565
:1038A00010E0C9250EE0C9250CE00100C9B281393C
:1038B000582901D3C92505E00449C0B2084410F8CD
:1038C000810C20702800C0B232BD00005887002053
:1038D0005598002000970020923400206598002021
:1038E0005798002021300020AC340020E0B5009033
:1038F0008DF8041000208DF8050000208DF80600DA
:103900006846FFF747FDC0B20EBD0006F8B5064693
:103910000027DFF8044BDFF8045B13E099780022FE
:103920000EF0EDFA0DE002F07F02192A09D16318BA
:10393000310003F10800F1D0017A0022184600F0AE
:103940004DF87F1C2978F8B2884205D2F9B22C22B2
:103950005143625CD009E6D1F1BD10B5130004D02B
:10396000DFF8BC3A5C78630603D4BDE810400EF083
:10397000C6BA10BD1CB5CAB94279130016D0037C73
:103980008B4234BFCC1A5C1AA4B26243FF2392FB71
:10399000F3F293B253B10B0016BFFF2901230023AA
:1039A0000024009492B200F045F913BD02B0BDE8C6
:1039B0001040012212E038B504460D4600F01AF915
:1039C0000DB1617C05E0A07C002182075CBF207CFA
:1039D00060742046BDE838400022CBE72DE9F64F61
:1039E000064683B07069DFF8308A01908B46B47C5C
:1039F0008DF800B06409F57C2C27C5F3011004F0A4
:103A00000104022884F001041AD1D94605F00F05FB
:103A100007FB05FA18F80A10707801F07F01FEF72D
:103A200065FC38B108F1130010F80A10C1F3011059
:103A300001281DD06D1E6DB2002DE9D58DF80090C6
:103A4000B07C86F810B000F0FE00B074FF2501983D
:103A500090F9021000291CBF9DF80000002819D021
:103A6000081800B2B0F5807F0DDB8DF8005011E032
:103A7000EDB208F1100017FB05F5415D58460EF058
:103A8000D0FC8146DAE7002846BF00218DF80010FF
:103A90008DF8000001989DF800104078884223BFFF
:103AA0000198007881428DF8000054B19DF8001013
:103AB00006F108000EF006FA06F108000EF0FCF917
:103AC00005E0B3681BB16A460021304698479DF86F
:103AD00000004FF0000A0128D34604DC8DF800B046
:103AE0004FF0010B06E0FE2804DB4FF0010A8DF8D1
:103AF0000050D346B07C010707D534B1B1788BF0C4
:103B0000010206F10800FFF728FFB07CC10648BF9C
:103B10008AF0010A6CB1B0785146F2F70AFEBBF1A7
:103B2000000F02D0B07C010703D506F108000EF0AB
:103B3000BDF9DFF8F048317C25787078F7F768F840
:103B4000F07CC0F30110022808BF2570F07C9DF8BE
:103B50001090C0F3011101292ED101A900F00F002E
:103B600003F0DBF8002827D09DF8090081060BD56B
:103B70009DF8040000F037F89DF8050000F033F8D8
:103B80009DF8060000F02FF89DF80900010703D505
:103B90009DF8070000F027F89DF80900C1060BD535
:103BA0009DF8080017FB00F708F110014A46C95DAF
:103BB00008EB0700FFF712FFF07CB9F1000F00F0EF
:103BC0000F0002D0C822042108E021788D4207BFEF
:103BD0004FF4FA6201214FF4FA720221F2F7ECFB82
:103BE00005B0BDE8F08F784308F110014A46095C42
:103BF0004044F3E670B5054601216E69E87C7468BF
:103C000000F00F00F2F7F7FBE87C022100F00F0054
:103C1000F2F7F1FB6CB12046F3F7A7FB00207060D0
:103C20006422E87CBDE87040042100F00F00F2F748
:103C3000B4BB70BD2DE9F843044608980D46914683
:103C4000984648B18DF800506946204600F051F87A
:103C50009DF8000000B16074267CB54203D1204677
:103C6000FFF7C8FF43E06769786860B91020F3F791
:103C70007BFB08B9002518E00021002200238C46B8
:103C800080E80E1078604FF47A7132464A43426001
:103C90000570B542827B39BF751B02F0FE02AD1B79
:103CA00042F001028273EDB24D43642000FB09F241
:103CB000142192FBF1F080B200281ABF4FF6FF7278
:103CC00090420120616949688A7B888102F0FD0287
:103CD00042EA48028A73B5FBF0F000B9012088601F
:103CE0001422E07C012100F00F00F2F749FBBDE84F
:103CF000F1834069406858B1807B820708D5087815
:103D0000FE2808BFFF2002D0012801D10020087042
:103D100070472DE9FC418846164643462C21DFF8C2
:103D2000F8264B43D4180228656904F1080708D126
:103D3000E878820704D406F001012046FFF73BFE35
:103D4000A6E0012821D00028FAD1700713D5B97A4E
:103D5000480610D5397A787A01EB002292B20092A7
:103D6000F87A00F073FB0CBF0121002160786B46EC
:103D70000422F2F738FCE069002805D0607806F0EC
:103D800001020021FCF7C3FC82E0B00747D5012304
:103D9000DFF89416E0560A7883401A421FD0F97A69
:103DA00001F03F008909491C40EA81100106890F92
:103DB0000329F8720BD100F03F00F8722046E97831
:103DC00041F00201E97001F0010100F076F8F87AA3
:103DD0006422022100F00F00F2F7D2FA1BE0E9782A
:103DE000480706D5C90801F001012046FFF7E3FDA9
:103DF00009E0880707D501F0FE0201F0010181F01A
:103E000001011143E970F87A00F03F00F872E87898
:103E100000F0FD00E870E87800F0FB00E870F007C3
:103E200036D561694868002832D0818909B1491EB8
:103E30008181818919B900788DF8000015E0817BB6
:103E4000CA0703D5426881688A1802E0436882681D
:103E50009A1A4FF47A714260B2FBF1F18DF80010BA
:103E60009DF800200078824207D169462046FFF77E
:103E700040FF2046FFF7BEFE04E014220121404629
:103E8000F2F77EFA9DF8001001222046FFF7A6FD0A
:103E9000BDE8F3812C21DFF8802548431044007CE5
:103EA00070472C21DFF87025484311184869406895
:103EB00008B100787047087C704770B50546002649
:103EC0002C7C59B9FF2C08BF002409D02146C1F130
:103ED000FF011429ACBF1434FF2407E014B9FF24F8
:103EE000012603E0142CB4BF0024143C6C74FFF7CB
:103EF00081FE3246E1B22846BDE870403AE510B591
:103F0000827C436994071BD5D20916D0DA7842F037
:103F10000402DA7001B1082102F0F7020A43DA70F4
:103F20004FF49672C37C03F03F03C3740221BDE8D3
:103F3000104003F00F00F2F723BABDE810403AE555
:103F4000BDE810400021B8E7FEB506462C256E43BB
:103F5000DFF8C4540899099C05F10807082A37447A
:103F600005D0142A05D0B2F5407F05D050E01800E6
:103F700000E0552B13D04BE0FA7AC2F30112012A6C
:103F800046D10A9F0091029701944FF44072A95DB7
:103F900001F07F0103F0F4F900283AD036E0080080
:103FA00034D002291CD1082A03D1002B30D121782A
:103FB00009E00C2A08BF552B2AD194ED000ABDEE6A
:103FC000C00A10EE101AB87A820703D5387A08B9F9
:103FD00079721BE00122C9B2A819FFF7FFFC15E0B6
:103FE000012915D1552B08D1387A00EE100AB8EE08
:103FF000400A8DED000A042204E04BB9387A8DF8AE
:104000000000012269462046F1F7E3FD0120FEBDD4
:104010000020FEBD2DE9F84380462C26444674431B
:10402000DFF8F45384B00F46281900F10809002185
:1040300002910120019005F1010C09F108000090A6
:1040400020231CF8040000220821F2F71CF8802F1E
:1040500002BF99F80B00C0F3011001282FD102A96B
:10406000404602F05AFE50B39DF80D00810626D559
:104070009DF8081005F110007143425C9DF809108D
:104080008DF8062071436A46405C8DF8050005F105
:1040900010019DF80A0016FB00F6895D8DF80410EA
:1040A000002100910DF10201019802F06BFA681CE9
:1040B000BDF80020BDF80210005D03F0ADF800204F
:1040C00005B0BDE8F083F0B5002500E06D1CD34ECF
:1040D0003778ECB2BC421BD25FFA85FC2C26CE4C62
:1040E00016FB0CFC6444277807F07F078F4204BF5F
:1040F00066788642EAD11D7060694068002814BF66
:104100000078207C010018BF012111702046F0BD0D
:104110000020F0BD000000002DE9FE4F05460F46CF
:10412000904699460820F3F71FF9040000F07281C9
:104130008DF800708DF802500821F3F7E9F9DFF8E7
:10414000DCB2B54A9BF8000003462C214B43D11842
:104150004D69F2F7A7F807469DF80060B348815D06
:104160009DF800008DF8011078701422397801F064
:104170007F0139709DF80100B87007F118009DF8B3
:10418000021001F07F013970B7A1F4F7D3FEFD6092
:104190007C610122A648815DF9709BF80000F97CE2
:1041A0009DF9005060F30301F97402FA05F59DF8DA
:1041B0000200EDB219281ABF1A2801200020B97C8C
:1041C0009C4A01F0DF0141EA4011B97413782B4297
:1041D00005D0127915EA020002D0012000E000208B
:1041E00001F0FD0141EA4001B97406EB86069249EF
:1041F0004FF0FF0A8A1987F810A009F0010092F821
:104200004C61802EACBF06F07F060026A8B9022EB6
:1042100004D09DF8000002F055F970B1F87C00F070
:10422000CF0040F01000F8740021B87CB96040F075
:104230002000B874F96039740AE04EB1052E07DC2D
:10424000F87C00F0CF0040F02000F8740020F86106
:10425000B97C744E8A0704D533782B4204BF002200
:104260003A748DF8038087F811A001F0BE019DF823
:10427000030041EA80119DF80100800901F0EF017F
:1042800000F0010041EA0011B97400229DF801100C
:104290009DF80300019201F03F018DF80110C0B1BB
:1042A00000F0D3F80CBF012100219DF8000001AB04
:1042B0000422F2F77EF928B1019838740199090AAD
:1042C000797406E0F87C6422042100F00F00F2F714
:1042D00064F8B87C810704D53078284204BF0021F7
:1042E00039740020207084F801A001905FEA897081
:1042F0001AD500F0AAF817D09DF8000001AA0121F4
:10430000F2F78EF880B10198000A20700199090C2B
:10431000617020786178884203D30020207084F88F
:1043200001A00198000EA0700020019001AA9DF844
:1043300000000221F2F774F800281CBF0198002841
:1043400009D078710199C80505D5B87C81075CBF93
:1043500040F08200B8749DF8020019280CBF0124B7
:104360000024B87C810638D4F9789DF80100F2F772
:1043700063F94FF000080F25C246200008BF03254F
:1043800006D0B87CC1064CBF4FF0280A4FF0300A67
:104390009DF80000CDF8048001AA0121F2F740F851
:1043A00020B10198C1B28D4228BF8046B87C00F090
:1043B000F70040EAC400B87453469DF801005FFA64
:1043C00088F207F108010DF0A7FD002822D4052886
:1043D00003DA9BF90010194A11549BF80000401CA5
:1043E0008BF80000397841F08001397000F02DF829
:1043F0000BD19DF803209DF800109DF8020049F0B4
:104400000103FFF789FE00F01BF8B87C810601D498
:1044100000F016F8BDE8F78F647C0020419800207A
:1044200056960020409800209C930020D0950020B4
:10443000D89500207894002084320000582B00206A
:10444000397C00223846FFF7C9BAF87CC0F3011066
:104450000128704710B54C790146E20904F07F004D
:10446000BDE81040022357E600000000154001009F
:10447000133D0100493F01000300000010B5DFF8C3
:104480005436DFF85446198820784143FF22DFF87C
:104490004C06F2F7C9FFDFF848060FF28D010FF264
:1044A0005D02416082600FF2ED210FF25952C1604E
:1044B00002610FF295510FF2BD52416182610022FB
:1044C0000FF2E951C161027010BD70B50021DFF833
:1044D0000C260E2600E0491CDFF8FC452578CBB2FF
:1044E000AB4206D27343D45CFF2CF4D10170D018D8
:1044F00070BDFF210170002070BD000010B50020CC
:104500000021DFF8D82508E00E234B43D45CFF2CB4
:1045100002D013445B79C018491CDFF8BC351C7805
:10452000A142F1DB80B210BD2DE9F04F0D4685B000
:104530000746287A93469846012818BF032808D1D1
:10454000002F18BFFF2F04D0032808BFBBF1000FB6
:1045500001D1002099E00A2201A8F2F7FBFE8DF8B4
:104560000EB000F0DFF9284600F007FA0646287A78
:104570000024012806BF4FF0010AA346A2464FF6C9
:10458000FE7086424ED08DF801800020DDF8389014
:10459000DFF84855DFF84C8500E0401CDFF838159F
:1045A0000A7890423ADA0E234343EC1821788F427E
:1045B00004BF62789245F0D161888E4204BF2279AF
:1045C0009345EAD19DF8016025464FF0000A074661
:1045D00011E0DFF8000502882346B9B20220F4F7A3
:1045E00041FD39F81A00D8F80010ADF8100091B16B
:1045F00001A888470FE0B24545DA39F81A10284675
:1046000000F04FF838B939F81A10284600F07AF857
:104610000028DED100250AF1010AECE76846FFF721
:1046200054FF040030D0277084F801A0668084F81D
:1046300004B0DFF8B4049DF8011006788E4288BFFC
:104640000E46002709E039F81700D8F80010ADF839
:10465000100009B101A888477F1CB742F3DB6671DF
:1046600072004946A01DF2F775FE9DF80010DFF8B4
:10467000642412880E2041436B189DF8001002201C
:10468000F4F7F0FC00E02C46204605B0BDE8F08FC2
:1046900080B5DFF840140988FF22F2F7C5FE01203B
:1046A00002BD10B568B1002200E0521C4479D3B2BB
:1046B000A34206D200EB4303DC888C42F5D10120F3
:1046C00010BD002010BD30B500281CBF4279002A63
:1046D00016D0831D00240DE045796D1E4571EDB2A5
:1046E0003DB90DE000EB4405ED888D42F4D023F890
:1046F000025B641C9442F5DB407908B1012030BDB7
:10470000002030BD10B568B1DFF8DC3342791C7889
:10471000A24207D200EB4202D1804179491C41718B
:10472000012010BD002010BDF8B50D460446287AC2
:104730001646012808BF2A8803D0284600F0BCF896
:1047400002464FF6FE70824221D0002305E0012888
:1047500004BF4888824218D05B1CDFF87C030178D4
:104760008B4214DA0E20DFF8747358433918087836
:10477000A042F1D12F7A4878012FE8D0002801BF5C
:10478000488882420F79B742E6D10846F2BD002040
:10479000F2BD000070B50446207A012808BF2588C4
:1047A00003D0204600F088F805464FF6FE7085429B
:1047B00020D0002617E0002804BF4888A84211D165
:1047C0000846FFF765FF0DE00E21DFF81003227A9F
:1047D00071430144012A4878EDD1012804BF48887B
:1047E000A842EDD0761C00F006F8EDDB2846BDE8C7
:1047F000704043E070BDDFF8E00201788E42704700
:104800002DE9F0410546884600270026B34C0BE011
:104810000E214843225CAA4205D141462044FFF7BD
:1048200040FF00B17F1C761C00F009F9F0D3B8B24C
:10483000BDE8F0812DE9F04781468A469046002682
:104840000025A64C01E0761C6D1CA3490A78E8B24D
:10485000904211D20E235843215C4945F4D12718C8
:1048600051463846FFF71DFF0028EDD0F0B2404515
:10487000E9D33846BDE8F0870020FBE71FB54FF6C7
:10488000FE72904217D094490B7800220CE00E2162
:10489000924C51430C446178012904D0002904BF93
:1048A0006188814207D0521C9A42F0DB03D100F0AC
:1048B00032F805F0E5FD1FBDF8B504218DF80010B4
:1048C000027A022A02D100F07AF804E000F051F8EE
:1048D000684605F04CFE6EE038B584B00422ADF8B1
:1048E0000C008DF800200C46684605F078FE0500A7
:1048F00005D00320207201A92046F9F7E5FC2846DF
:1049000005B030BDF8B500F006F805F068FEBDF85A
:10491000020005B000BD0422ADF80C008DF80020A7
:10492000684670471FB56E4C207808BB04218DF88F
:1049300000106E48C18AADF80210FAF7FDFA00F0D7
:1049400018F8684605F071FEFAF703FBBDF802108F
:1049500088421CBF4FF6FE72904207D0ADF80200AD
:1049600001A8FAF7FAFA684605F05FFE0120207008
:104970001FBD014601A805F023BDF8B504218DF83F
:104980000010017A022903D100F019F898B907E064
:10499000032909D1FFF7EDFF684605F0E8FD50B99E
:1049A000684605F042FE06E0012914BF4FF6FE708E
:1049B0000088ADF80C00BDF80C0005B000BD018802
:1049C000ADF80210684605F099BDF0B5014600202B
:1049D00000220023414C4FF00E0C00E05B1C3E4EC9
:1049E0003778DDB2BD420AD21CFB05F5665DFF2EAD
:1049F000F4D01646721CF6B28E42EFD16019F0BDAB
:104A00000000000070B533490D882846F2F7ACFC71
:104A1000040012D0FF222946F2F706FD002606E028
:104A200023462A46F1B20220F4F7D9FA761C00F0A8
:104A300006F8F5D32046F2F798FC002070BD264911
:104A40000A78F0B2904270471FB5FF220E216846E7
:104A5000F5F748F9002407E01E4802886B46E1B2EA
:104A60000220F4F7FFFA641C1B490A78E0B2904276
:104A7000F2D31FBDF8B500250026184C10E00E2714
:104A80007743E0190090002212480388B1B2022057
:104A9000F4F70AFB18B9E05DFF2818BF6D1C761CFF
:104AA000FFF7A9FEEBDBA8B2F2BD000070B5002451
:104AB0000A4D084E08E00E23634332882B44A1B20E
:104AC0000220F4F7CFFA641C034801788C42F2DB31
:104AD00070BD00008E74000027BF0200E88C00202B
:104AE000CC9100205C96002056C802005887002018
:104AF00010280CD3A0F110020549520901EB8203E2
:104B00001038012100F01F008140C3F88012704767
:104B100000E000E0DFF800F021D40210F8B5044610
:104B20000B480C4F0668F8690D4650F82510B14245
:104B30000AD10948009029462046FFF7EBFFF869A3
:104B400050F82510B14201D10020F2BD2046F2BD3F
:104B50001C12000050110020EC300020102803D35C
:104B600002491038C1F8000F704700BF00E000E0B4
:104B70008160426070473E0DFF2806D0724901EB0C
:104B80008001087800F0FB000870704770B56D4830
:104B90006E4E0468046000257CB17168B4FA84F03C
:104BA000C0F11F000122824051F8201094430029D7
:104BB0000EBF1543C0B28847EEE715B12846F9F796
:104BC000E2FA70BD2DE9F841A3B0F4F720FB604D87
:104BD0002978002411B1F4F741FB45E00121297047
:104BE000F4F73CFBF4F705FC0820F4F734FD6846C5
:104BF000F4F72CFB4FF0FF3001906B46554A102123
:104C0000281DF4F7E1FA5448544905780F78DFF885
:104C10003C812E4613E0D8F8000050F826100A0A0E
:104C200003A8120240F826208A0707D40120B040CA
:104C3000044301F00101F0B200F09AF8761CB7428B
:104C4000E9D2474804607F1C7F1B03A94548BA008E
:104C500001EB850100EB8500F4F75CF9424802683E
:104C6000202161F30D22026024B0BDE8F0810146ED
:104C70003E480068C84000F0010070472DE9F0414F
:104C800005468846FF2808BF4FF0FF3036D0354F25
:104C900007EB80074FEA580438684FEA182604F0FB
:104CA0000104360284F00104000618BF3E600ED1F4
:104CB000F4F7ADFA7A1C310A07F1020C1170330CCB
:104CC0008CF80030360E07F8036FF4F7C7FA24B1FA
:104CD00008F00101284600F04BF8F4F798FA01219A
:104CE00001FA05F51E49002C19BF0A6815430B6827
:104CF00023EA05050D60F4F7B1FA0020BDE8F08164
:104D000038B5FF280C4610D00F4D05EB8005F4F7A1
:104D10007EFA2978240C01F0F80104F007040C4312
:104D20002C70BDE83240F4F799BA31BDFF2808D0A5
:104D30000C4A02EB8002106800F0FF00884218BFA6
:104D400011707047E020024002100840CC2B002078
:104D5000EC9100208D4B010097D1020002D6020099
:104D6000D02002400010084000300940C02002401E
:104D7000FF2806D000F1804000F5083001F0010165
:104D8000017070472E494FF00040086070472D4871
:104D9000016841F0030101607047FDF7DBB92A4962
:104DA0000A6813681847F0B581B00326274C284DD0
:104DB00000961C23266877684FF040520021284651
:104DC000B8470120009028462468656809234FF4FD
:104DD00000720021A84701B0F0BD00B581B0FDF719
:104DE0008EF910B9FDF78BF900B1012001B000BDBB
:104DF000184819490068C00F03D04FF440500860AC
:104E000070474FF480520A60704712481349006897
:104E1000C00F03D04FF44150086070474FF48252E6
:104E20000A6070470C4940200860FDF759B94FF0FF
:104E3000FF3200210DF018BB094801684A6810478D
:104E400000A10C4024220840E0010010A401001041
:104E500000A00C40AC4F0050A8A00C4028A10C4072
:104E6000E80100100DF0ECBA30B51C4B1A685B6D10
:104E70000021C50704D5D40701D45B0700D5012163
:104E8000830703D5540804F001042143400703D5E8
:104E9000920802F00102114309B1012030BD022045
:104EA00030BD30B50D4B1A685B6D0121C50704D5C7
:104EB000D40702D45B0758BF0021830703D55408E9
:104EC00004F001042140400703D5920802F00102DA
:104ED000114009B1012030BD022030BD4021084001
:104EE000DFF800F025EA0210DFF800F061DB0210C5
:104EF00030BF704730B581B0FDF71EFAFFF79CFF59
:104F0000F4F754FA054605F00C000C2804D1AFF371
:104F10000080FFF7EDFF41E0680725D40DF022FB8C
:104F2000044601210120F4F74BFA2949096801FBE5
:104F300004F2904218D2F020B0FBF1F0254D211A76
:104F400005F10C00F0F764F805F10C00F0F764F8D7
:104F5000AFF300800120F4F7D0FBAFF3008005F140
:104F60000C00F0F751F81BE0AFF30080280713D4D2
:104F700019491A480A68936898470428F8D0E9063E
:104F800000D408B9012000E00020FFF76BFF1448AF
:104F900001210160006801E0FFF7AAFFAFF3008084
:104FA00001B0BDE83040FDF7CBB910B50D4CF1F7BD
:104FB0007DFE2060FFF794FF606010BD10B5094CC6
:104FC0006068FFF791FF2068BDE81040F1F772BEFE
:104FD000801A0000DC320020D8010010004003409D
:104FE0002C2009404096002030B5C74D95F8390176
:104FF000002481B0002802BFC449887B00280CD05F
:10500000F4F705F995F83B11002906BF012285F850
:105010003B210124F4F722F914B1002001B030BD86
:105020000220F4F703FB0D20F4F715FBB8490868DC
:1050300010B1012001B030BDB6484022026042608C
:105040000120C861002185F83A11002001B030BD6F
:1050500030B5B14981B000200860AB4C94F83A01FA
:10506000002800F0C38001280DD194F840010DF014
:1050700091FA0021A54A84F84011907B002800F0A5
:1050800089800221B0E0022840F08A80A3480568A8
:105090000DF0B1FAC4F814010DF0B2FAC4F8180119
:1050A0000DF0B3FAB5F5C062C4F82801C4F81021B8
:1050B00003D1002084F8300168E094F8301159B928
:1050C000D4F81811D4F81431C4F82011C4F81C31E4
:1050D000C4F82401C4F82C21D4F82C0100284CBFBA
:1050E0006FF00101022100EB40000818D4F82011F4
:1050F000421000EB9270D4F81421C4F81C2101EB8B
:10510000A0010029C4F8201115DCD4F824010328DB
:1051100005D11531D8BF0121C4F8201124E00B318D
:10512000D8BF0121521E48BF0022C4F82011C4F884
:105130001C21032019E01E2919DDD4F8240138B9F7
:1051400015391E29C8BF1E21C4F8201103200CE008
:105150000B391E29C8BF1E21521C3F2AC8BF3F223F
:10516000C4F82011C4F81C210020C4F82401D4F88C
:105170001C010DF04FFA01200DF06AFAD4F820015D
:105180000DF057FAD4F824010DF071FAA5F2FF558D
:10519000032D03D20620C4F83C0127E0042123E0BC
:1051A000032823D15D480068D4F81011A0F5C06031
:1051B0000029C4F82C0148BF4942002848BF40429A
:1051C0008142A8BF00200CDAD4F814010DF022FAB5
:1051D000D4F818010DF02DFAD4F828010DF047FA93
:1051E000012084F830010621C4F83C1101B0BDE86B
:1051F000304000BFF0B581B0494C4A4D424F42F6B5
:105200002A2608E0C7F83C010321216000206860DD
:1052100068688107FCD4D7F83C0106285CD8DFE831
:1052200000F004564C54353D19000F21E160266111
:105230000DF02CFA0120286029688807FCD501218F
:10524000E16197F8390100281DBF00212963012081
:105250000320D7E700212960696029688807FCD40A
:1052600069688807FCD400212B4A294B1160012072
:1052700018600D20F4F788F90220F4F76CF900208B
:10528000C7F83C0187F83B0101B0F0BD0520C7F825
:105290003C010021696068688107FCD4032087F81D
:1052A0003A0100200DF00AFA0120686001B007F110
:1052B0005000BDE8F040EFF730BF0320C7F83C01D5
:1052C0000021696068688107FCD40220E7E70120BB
:1052D00087F83A010220E5E7FEE7134801688A07EC
:1052E000FCD509490E48D1F83C21012A07BF2021ED
:1052F00081610122826100210160082205490A6062
:105300004A60012101607047DC320020F43D00005A
:1053100004800C4038500C403C500C4008400C407D
:1053200000400C4054600C4058600C402DE9F041A6
:1053300082B0F3F76CFFDFF81C74804678780024A5
:10534000012823D1DFF8105428680321C007A96081
:105350001CD5DFF8086431684A6802209047009045
:10536000012031684A6890470190694607F128009A
:105370000DF00DFADFF8E8130C600322AA6002209A
:10538000F4F7E9F80720F4F7FFF87C707D683DB387
:105390000EE0686AA96AEB690E1A082E88BF082613
:1053A000324669461844F3F7B5FD686A36186E62EE
:1053B000686AA96A884207D2694607F128000DF099
:1053C000B7F910F1010FE4D1686AA96A884207D3DE
:1053D0002946381DF3F7D2FF0020012485F832005A
:1053E000787868BB786818B1806800F051F827E0D9
:1053F00007F128000DF0C3F910BB012078700720D9
:10540000F4F729F90220F4F711F94FF0FF313120B8
:10541000F3F718FFDFF84003DFF840330321816022
:105420004268DFF8401342F00302426000221E6827
:10543000D6F800C00020E047DFF824130120086000
:105440004046F3F70BFF04B3A86804680021E1624B
:10545000A16909B102220A7094F83010022906D11C
:1054600004F134000DF00FFA02B0BDE8F08101291B
:105470000BD1E16AA26922B1E368984702B0BDE8A6
:10548000F081A36AE2692469A04702B0BDE8F08117
:105490000268406892F8301052690078042914BFFD
:1054A0000121002170B514460E46DFF8A822012123
:1054B000054651700720F4F7CEF80220F4F7B6F84D
:1054C00029463120F3F7BEFEDFF89C02032141603C
:1054D00026B1016841F00301016003E0026892080F
:1054E000920002602146DFF874321C6825680022B1
:1054F0000020A847DFF868120120086070BDF0B5F1
:1055000081B0F3F784FEDFF84C520446287888BB5C
:105510000023DFF85822312105F10C00F3F754FE87
:105520000823042205F1480105F128000DF0F6F8E2
:10553000012068700720F4F78EF80220F4F776F85F
:105540004FF0FF313120F3F77DFEDFF81C02DFF86A
:105550000C32032141600268DFF8081242F00302B6
:10556000026000221E6837680020B8477C4901208D
:1055700008602870204601B0BDE8F040F3F76EBE29
:10558000F0B5054681B02E686F680C46F3F73FFE14
:1055900096F8311011B96F4A117821B9F3F75EFE10
:1055A000002001B0F0BD0121002286F8311086F8FC
:1055B0003220F3F753FE04B96D4C2178012904BF62
:1055C0006068002801D1A068B0B186F83010E068AA
:1055D000684A30626168F160A0683061B560B8689F
:1055E000A0F58071914228BF5E487061002106F1EC
:1055F00034000DF007F9284601B0F0BD10B504687D
:1056000004F134000DF032F9002184F8311010BD9E
:1056100000BF10B481B0002903681CBF4A68002A8B
:1056200004D00C78042C01D18A6822B901B010BCD6
:105630006FF00200704700225A6299614A68DA618D
:105640008968996201B010BCFFE72DE9F041054679
:105650004FF0FF342E683F4FF462F3F7D8FD8046D9
:1056600096F83000042804BF7878012806D13A481B
:105670000321816042689208920042607069394952
:10568000884205D0786818B97878012817D108E0E1
:1056900096F83000042812D1786880B17878012813
:1056A0000DD12F482C4B0021016003229A6002206B
:1056B000F3F751FF0720F3F767FF0020787096F8A3
:1056C000320080BB96F830000428314603D1381DE3
:1056D000F3F73FFE02E0381DF3F726FE012086F8BF
:1056E00032004046F3F7BAFD0020FFF71FFE2D6899
:1056F00095F8300004281CD1686AA96A88421FD234
:105700000120FCF721FE1448006810F0030FF7D0C9
:105710000020FFF70BFE686AA96A8842F0D3EC6AA2
:105720002046BDE8F0814046F3F798FD2046BDE8ED
:10573000F081022808D1296A05F134000DF098F8AB
:10574000EC6A2046BDE8F081012808BF002420460D
:10575000BDE8F0816889002008800240CC0100107B
:10576000A802504280A903000C8002402D53010082
:105770008422030001FFFF00022303704160826066
:10578000002070470423037041608260002070474E
:1057900080B5F3F73CFDDFF81C241178002313706B
:1057A0008A0713D5F3F75AFDDFF80C24D068C068D8
:1057B0000078002805D1002101209268D2F85824F1
:1057C0009047F3F724FDF3F749FD01BD4907FAD5EA
:1057D000F3F744FD00210020DFF8DC239268D2F8C3
:1057E00058249047F1E780B5F3F711FDDFF8C413B3
:1057F0000A7852F002020A70F3F730FD0021DFF858
:10580000B8038068D0F894000078F1F7E6FB01BD9A
:10581000012800D0022800207047F8B5DFF89C036B
:1058200000683C3000688047DFF89443DFF8941349
:105830000968401A21788900B0FBF1F20023DFF8F3
:105840008853286800218B4253DC01DB824250D20E
:105850002868DFF87813096888424AD2286800214E
:10586000861A71EB030720780021A0FB062300FBBA
:10587000073301FB0633DFF8580301680969006844
:10588000408B081864300021141A73EB01050120C5
:1058900000218D420CDB01DC844209D3EFF725FCAB
:1058A00002000023200029000CF0F0FF04000D008E
:1058B000012000218D422EDB01DC84422BD3F1F745
:1058C00055FD0600C34F3868EFF716FC002802D0DC
:1058D0003868EFF724FC3000F1F753FD21003868F9
:1058E000EFF719FC3868EFF718FC0020BA49087088
:1058F00014E0B64D286800218B4208DC01DB8242AF
:1059000005D228680021861A71EB0307ABE7012056
:10591000B149087002E00120AF490870F1BD80B5BF
:105920000023AE4A0721AE48F3F7FFFD01BD7FB566
:10593000A648002101600068A2490860A24C5FF4FB
:105940007000206000209B4908700020A249087068
:10595000F1F70CFD05009F4E306800280AD0306832
:10596000EFF7CAFB002802D03068EFF7D8FB3068A9
:10597000EFF7AFFB6846EFF7C9FB00208DF800009A
:10598000002001906A4601219648EFF780FB3060C5
:105990003068002804D188488068D0F84C058047DA
:1059A0003068EFF7BAFB2800F1F7EBFC0F208249D3
:1059B0008968D1F81415884720680DF0E5F87FBD97
:1059C00080B5FFF7B4FF01BD38B50400F3F71FFC45
:1059D00005007E48046020000DF00AF92800F3F766
:1059E0003DFC31BD10B5040078480068844204D302
:1059F00071488068D0F84C058047002C04D56E486B
:105A00008068D0F84C058047F3F701FCF3F726FCDB
:105A100010BD38B5F3F7FBFB0400684800683C3064
:105A20000068804767490968401A65490978890014
:105A3000B0FBF1F52000F3F711FC280032BD6248FD
:105A40000068704738B5040060480068844204D399
:105A500059488068D0F84C058047F3F7D8FB05001B
:105A60005948046020000DF08FF82800F3F7F6FB8A
:105A700031BD10B453495C4AD3680868181A504BBA
:105A80001B789B0090FBF3F34B488468D4F8EC4000
:105A90008068D0F8D400407B54F82040B3FBF4F089
:105AA00004FB1030D2680A6010BC704780B5FFF765
:105AB000E0FF02BD80B540488068D0F8DC04804734
:105AC000F3F7A5FBF3F7CAFB01BD10B53B4800682F
:105AD0003C30006880473A493C4A146808788000A6
:105AE0004443424809788900B0FBF1F011688842CC
:105AF00004D231488068D0F84C05804731480168AD
:105B00006118016000680419210039480DF075FB27
:105B100029488068D0F8E4048047F3F778FBF3F76E
:105B20009DFB10BD80B529490868002806D008688B
:105B30000DF05EF8244800680DF026F801BD80B530
:105B40001C48017851F00401017000211A48806856
:105B5000D0F894000078F1F740FA01BD80B54FF419
:105B6000007015498968D1F82C13884701BD10B51C
:105B7000114CE068C0680078002805D100210120A0
:105B8000A268D2F858249047F3F741FBF3F766FB7D
:105B9000A068D0F8B800806E804710BD80B5F3F7DC
:105BA00036FB0A490968084A1160F3F757FB01BD43
:105BB00000000000909800200C0100207897002041
:105BC0008E9800209C970020A09700209897002096
:105BD00064970020A49700208F980020115801009E
:105BE00028940020E757010028950020FFF6C2FF07
:105BF0004933020080B5DFF86403018B51F00101E5
:105C00000183018B51F004010183018B51F01001DC
:105C10000183018B51F0400101830120DFF8401323
:105C2000C9684969087000F07BF901BD7CB50400C2
:105C30000E00002C05D0207A022804D0207A0328F8
:105C400001D0E82050E0310089B2200000F0B5F822
:105C5000FF2801D01E2047E0207A00F090F80500D0
:105C60002800C0B2052802D1207A022806D02800D8
:105C7000C0B2052804D1207A032801D11A2033E0CC
:105C8000207A022818D120888DF8000068462188E3
:105C900089B2090A41708670B6B2360AC67004220B
:105CA0006946B0482B00DBB200EB830010F1080618
:105CB0003000F3F72FF90BE008222100AA482B004F
:105CC000DBB200EBC30010F108063000F3F722F955
:105CD000217A2800C0B200F0CAF8227A01212800F7
:105CE000C0B200F0D8F8002076BD10B50400002C3A
:105CF00005D0207A022804D0207A032801D0E82099
:105D00000FE089B2200000F058F80100C9B2FF2965
:105D100001D1E82005E0227A0021C0B200F0BBF8F2
:105D2000002010BDC0B2012808D101208F490870A1
:105D30008A48018B51F02001018308E000208B4943
:105D4000087086490A8B4FF6DF7002400A8370475D
:105D500086480078012801D1FE2000E0FF2070472E
:105D600082480078002801D0012007E080480078B0
:105D7000FF2801D0012000E00020C0B2704710B51C
:105D800004002000C0B200F0B9F80100E4B2022C17
:105D900001D1052200E00522002000E0401C0300A4
:105DA0001400DBB2E4B2A34205D20B00C340DB0710
:105DB000F4D4C0B200E0C0B210BD2DE9FE4304002F
:105DC000207A022810D120888DF8000068462288A9
:105DD00092B2120A4270817089B2090A8DF80310DA
:105DE0006D460426052702E02500082605275FF0FA
:105DF000000801E018F1010840463900C0B2C9B2FC
:105E0000884231D2217A4046C0B200F06AF80028B8
:105E1000F0D0207A02280ED13200D2B25148414649
:105E2000C9B200EB810010F108010DF104094846E8
:105E3000F3F770F80DE03200D2B24B484146C9B2D8
:105E400000EBC10010F108010DF104094846F3F719
:105E500061F83200D2B201A92800F1F76DFA0128E9
:105E6000C8D14046C0B200E0FF20BDE8FE8338B58F
:105E700004000D002800C0B200F049F8012111FA19
:105E800004F40443EDB2022D02D13648446001E02F
:105E90003548446031BD70B504000D001600300077
:105EA000C0B200F02BF8EDB2012D0CD1012111FA96
:105EB00004F40443F6B2022E02D12A4804600FE033
:105EC000294804600CE0012111FA04F430EA0404CA
:105ED000F6B2022E02D12348046001E02248046099
:105EE00070BD10B504000800C0B200F007F8E04033
:105EF000C00701D5012000E0002010BDC0B202287B
:105F000002D11849086801E0174908687047C0B213
:105F1000022802D11349486801E0134948687047D4
:105F20003EB542F20200ADF8000002220B4C14F123
:105F300018010DF102052800F2F7ECFF012214F11F
:105F40001A0101AC2000F2F7E5FF69460948006834
:105F5000094A126824321268904737BD3082002007
:105F60000C01002020930020888E002073980020D0
:105F700074980020649700207897002080B500F086
:105F8000A3F8BDE80240374800F0D2B810B5364C4F
:105F9000207860B904F11401012000F0A7F86060D6
:105FA00028B10121217004F1080100F089F820785E
:105FB00010BD10B52C4C207820B1606800F078F846
:105FC0000021217010BD70B5274E3478FF2534B103
:105FD00001EB0031706800F0AFF800B900252846E9
:105FE00070BD38B5204D13462A78FF2432B10A46D9
:105FF0000146686800F0A0F800B90024204632BDD0
:10600000F8B5194E3478FF2544B101EB003104276F
:106010007068009700F097F800B900252846F2BD97
:106020007CB5114E34781346FF2544B10622009208
:106030000A460146706800F086F800B90025284637
:1060400076BD10B5084B01461878FF2438B1586862
:106050004FF48052090300F02EF800B900242046C6
:1060600010BD0000509300203C93002010F8012B3D
:1060700011F8013B0AB19A42F8D0D01A70470101D9
:10608000020900BF06A30F2A94BF9A5C2A2200F0DF
:106090000F000A700F2894BF185C2A2048707047C0
:1060A000303132333435363738394142434445464E
:1060B00001680A68104710B503689C68A04710BDC6
:1060C0000268D3681847000030B51648047881B0DC
:1060D00034B1154D55F80C0B01698847641EF9D190
:1060E00012490120087001B030BD000070B50C46A7
:1060F0000E4905460878002608B9FFF7E5FF09496B
:106100000A78284690420BD20CB900BF13A405EBC5
:106110004503054A9B002146D458A269904706468C
:10612000304670BD03D60200A03D00006A980020F2
:106130000AA10A680260704730B581B00468E56959
:10614000A84701B030BD70B582B0069C00940568C8
:106150006E6AB04702B070BD000000000000000091
:1061600010B518B910BD93B2CC5CC45413465A1E76
:106170009BB2002BF7D110BD08214208C007104682
:1061800044BF564A5040491EF7D170472DE9F04FA1
:1061900087B016461C00059018BF14F1010F0DD0F2
:1061A0009DF84020012A02D14D4B9C4206D2DFF8D7
:1061B0003491019122B94C4A944208D3002089E0DD
:1061C0004FF480734A460021FFF7FDFE05E041438E
:1061D0004FF480724846FFF7C3FF0198059A641E8A
:1061E000B4FBF0F15218D2B204924FF4807B0198C4
:1061F00000FB114405A8641CA4B202944FF0FF34C4
:10620000057802980299ADF8026000120390039A93
:10621000A1EB0221069101E09DF800500498A842EC
:1062200055DB854206D103AA0698167828B1761C5C
:10623000F6B202E0019E3604360E681C4FF00008EC
:106240008DF800000BE0701E80455B464A4612BF89
:10625000E8B200219DF80000FFF7B5FEB846B04552
:10626000DADA701E804504BF04998D4208D1069881
:1062700030B102990398A1EB00201FFA80FA00E0E8
:10628000DA460598854209BFB8F1000F0027BDF82E
:1062900002700C3709E019F80000604000F0FF00C0
:1062A000FFF76AFF80EA14247F1CB8B25045F2DB86
:1062B00008F101079DF8400039020028C3D1019B75
:1062C0005A4603FB05114846FFF74AFFC6E74FF061
:1062D000FF30604007B0BDE8F08F00002083B8EDCC
:1062E000010010003C06002001000B002DE9F84FD2
:1062F00003460A464FF0010909FA03F1C9B24FF00B
:10630000000C05E0022C5CD0032C26D00CF1010C13
:10631000674C25785FFA8CF0A84254D25FFA8CF76C
:106320002C2464486743C619357805F07F05212D74
:10633000ECD175692F786C780F4204F00F04E5D02A
:10634000012C5D4FDED196F90110387809FA01F180
:106350000140481E8041C00F36E00020824232D109
:106360000026984609FA06F1022C14BF4FF0000CE3
:106370008C462A780A421CBFF2B290451CD03B786A
:1063800019405FFA8CF0814216D1022C19BFCA461F
:1063900081214FF0000A80210022F0B2F4F744FC82
:1063A00083465146F0B2F4F733FCBBF1000F03D043
:1063B0000121F0B2FAF70FFB761CF0B20828D1DB0E
:1063C00001E00120CAE70120BDE8F28FF8B50228FC
:1063D00014462CD12C20374A41435018466977780F
:1063E00007F00F07022F18BF032F20D04578002198
:1063F0002846FAF7F0FA04F00104012F08BF002440
:1064000036780027F8B2A8420DD026FA07F0C00768
:1064100009D500222146F8B2F4F706FC18B1012193
:10642000F8B2FAF7D8FA7F1CF8B20828EADBF1BD17
:106430007CB51F4C1F49227805462C204243881802
:1064400000F1080343611D4946690162002300937E
:106450006A4601212846EFF7E3FF38B10098307013
:1064600000987178000C60F303017170707800F08F
:106470000F00012818D03078114AB2F829600021A5
:1064800001238B40DBB2184218BF1E4204D1491CC5
:10649000CBB2082BF4DB07E007480178194018BF9E
:1064A00001212846F4F7B4FB2078401C207073BD0E
:1064B00041980020647C002040980020CD630100BA
:1064C00084320000DFF8141D00EB8002114491F8C3
:1064D0004C21802A17DB02F07F02012A13D101F23E
:1064E0003D110328A4BF0878802803DB00F07F005B
:1064F000022808D0087D802805DB00F07F000528F1
:1065000001D10120704700207047F8B504460D46C0
:1065100001216846F2F713F870B39DF80000DFF828
:10652000BC7C384490F838609DF80000B6083146CD
:10653000FBF7DCFEA0B1102E14D09DF8000000EB9C
:106540008000391891F84C017F2803DD00F07F00AE
:10655000022807D09DF80000FFF7B4FF10B90BE048
:10656000102E09D19DF800000021EFF7AFFE20703A
:1065700094F90000002801D5FF20F2BD2E709DF88F
:106580000000F2BDF1B52DED0A8B0C469DF82A00F6
:1065900015469FED74BB70B100F0DCF800F0D0F848
:1065A00000F0D2F800F0D2F900F0C2F80DF08CF84B
:1065B00041EC190B01E09FED6D9B9DF8290070B136
:1065C00000F0C8F800F0BCF800F0BEF800F0BEF92A
:1065D00000F0AEF80DF078F841EC1A0B01E09FEDF9
:1065E00063AB9DF8280070B100F0B4F800F0A8F893
:1065F00000F0AAF800F0AAF900F09AF80DF064F89B
:1066000041EC180B01E09FED598B53EC192BDFF88F
:10661000D00BDFF8D01BEFF717F800F084F8DFF8A5
:10662000C80BDFF8C81BEFF70FF800F085F800F093
:1066300075F8DFF8BC0BDFF8BC1BEFF705F800F0CE
:106640007BF8EFF7FBF90BEE100A53EC192BDFF890
:10665000A80BDFF8A81BEEF7F7FF00F064F8DFF8EF
:10666000A00BDFF8A01BEEF7EFFF00F065F800F0DD
:1066700055F8DFF8940BDFF8941BEEF7E5FF00F018
:106680005BF8EFF7DBF953EC192BDFF8841B0BEE0B
:10669000900ADFF8800BEEF7D7FF00F044F8DFF840
:1066A0005C0CDFF85C1CEEF7CFFF00F045F800F063
:1066B00035F8DFF8500CDFF8501CEEF7C5FF00F09E
:1066C0003BF8EFF7BBF93BEE2BCA00EE100A3CEEAD
:1066D000000AB5EE400ADFED9A0AF1EE10FA08BFA3
:1066E000002007D08BEE001A21EE201ABDEEC11A51
:1066F00011EE100AB5EE400A2080F1EE10FA08BF44
:10670000002007D08BEE800A20EE200ABDEEC00AE2
:1067100010EE100A2880BDEC0A8BF1BD06460F462C
:1067200053EC182B704706460F4653EC1A2B704754
:1067300051EC100BEFF782B932463B460CF0E8BF44
:1067400053EC1B2B0CF0E4BFDFF8C42BDFF8CC3B81
:10675000EFF750B89FED7B1BB0EE418AF0EE618AF7
:1067600009F058BC295C8FC2F528AC3F000000003E
:10677000000000002DE9F94E2DED048B0C469DF82C
:106780001210154600201E460A0018BF10469DF83C
:1067900011309E468645B8BF86469DF810C06046BB
:1067A0007045B8BF70464FF0FF0EFF2918BF9646E0
:1067B00019467145C8BF7146E6468E45C8BF8E462C
:1067C000A0EB0E0700213FB200280EBF9FED5A0A32
:1067D00097FBF0F900EE109AB8EEC09A814600EEF1
:1067E000109A4FF0FF0AB8EE400ADFED540A4FF05E
:1067F000FF0993FBFAFA4FF0FF0BC0EE209A92FBD1
:10680000F9F901EE10AA9CFBFBFB00EE109AF8EEE2
:10681000C10A01EE90BA7045B8EEC00AB8EEE11AAE
:106820009FEDCA8B34D04FF0060E1EFB07FE03EE21
:1068300010EA9042F8EEC31A08D1634534BF06202F
:10684000002030EEC10A10FB07F704E098420BD19C
:1068500031EE400A7F0000EE907AF8EEE00A30EE6A
:10686000200A80EE210A0CE0604511D1BF0001EE44
:10687000107A30EE600AB8EEC11A30EE011A81EEDD
:10688000210A00F075F900F018F8EEF7C1FE014694
:10689000217019EE100A0CF017FF00F00EF8EEF759
:1068A000B7FE287000F060F900F007F8EEF7B0FED0
:1068B0003070BDEC048BBDE8F38E53EC182BEEF773
:1068C000C3BE000080B5DFED9D0AB4EE600AF1EEB4
:1068D00010FA2DED028B08D500F04AF9DFF8342AC2
:1068E000DFF8343AEEF7B0FE17E09FED951BB0EEFF
:1068F000418AF0EE618A00F03BF900F027F853EC92
:10690000102BDFF80C0ADFF8141AEEF79DFEDFF803
:10691000102ADFF8103A0CF0FBFEEFF78FF800EECC
:10692000100AB5EE400AF1EE10FA48BF9FEDE00AFA
:10693000BDEC028B01BD00000000000000007F43A1
:1069400000008047333333333333034041EC100BC3
:10695000B0EE481AF0EE681A0DF013B870B52DEDD0
:10696000068B08EE100A9FED780AB8EE488A68EEAA
:10697000000A08EE101AB8EE488A28EE008AB7EE30
:10698000000AC0EE088A164668EEA09A10EE900A39
:106990000CF09AFE02460B460020DFF88C190CF032
:1069A00075FF04460D4600F0B6FF02460B46204632
:1069B00029460CF06BFFEFF741F809EE100A00F0E2
:1069C000D3F8DFF86829DFF86839EEF73DFEDFF825
:1069D0006429DFF864390CF09BFE68EE898A00F0C8
:1069E000CFF8DFF85829DFF85839EEF72DFE00F020
:1069F000C3F8EFF723F800F0B4F8B0EE408AB1EE38
:106A0000690A00F0B5F8DFF83C29DFF83C39EEF709
:106A10001BFEDFF83829DFF838390CF079FE00F07A
:106A2000AFF8DFF83029DFF83039EEF70DFE00F06F
:106A3000A3F8EFF703F800F094F8B0EE409A00F0F6
:106A400093F8DFF81829DFF81839EEF7FDFDDFF8C5
:106A50001429DFF814390CF05BFE00F091F8DFF830
:106A60000C29DFF80C39EEF7EFFD00F085F8EEF7B2
:106A7000E5FF00F076F8B0EE40AAB5EE408A9FED53
:106A80008C0AF1EE10FAC8BFB0EE480AB4EE490A1B
:106A9000F1EE10FA48BFB0EE490AB4EE4A0AF1EE40
:106AA00010FA48BFB0EE4A0A9FED821AB4EE410ACE
:106AB000F1EE10FA05DB88EE008A89EE009A8AEE84
:106AC00000AADFED7DAA28EE2A0A00F051F800F0B6
:106AD000F5F8B0EE408A29EE2A0AF0EE608A00F05E
:106AE00047F800F0EBF8B0EE409A2AEE2A0AF0EEF2
:106AF000609A00F03DF800F0E1F8B0EE40AAF0EE48
:106B000060AA51EC180BEEF799FF00F023F8B07073
:106B100051EC190BEEF792FF00F01CF8707051EC7D
:106B20001A0BEEF78BFF00EE900AFDEEE00A10EE76
:106B3000901A3170BDEC068B70BD00001C2E4D3BD1
:106B4000ABAAAAAAAAAADA3F000080370000000078
:106B500000C06F4000EE100ABDEEC00A10EE100A31
:106B6000704700EE100AADE619EE900A0CF0ACBDCD
:106B700010EE100A0CF0A8BD22462B460CF0C8BD42
:106B800004460D4618EE900A0CF09EBD10B52DED92
:106B9000048B00EE100AB8EE400A9FEDA88A80EE42
:106BA000080A08EE101AB8EE488ADFEDA48A09EE4A
:106BB000102AC8EE288AB8EE499ADFEDA09A89EE2D
:106BC000298AF1EE080A20EE209A1C4619EE100AD6
:106BD0000CF07AFD00F072F851EC100BEEF718FD96
:106BE00080B2014600EE101AB8EE400A062239EED5
:106BF000401AFFEE001A90FBF2F20621B7EE009A5F
:106C0000F7EE000AB7EE002A01FB120039EE689A8F
:106C100041EE680A31EE211A01EE282A042829EEF5
:106C2000080A60EE880A22EE081A21D8DFE800F090
:106C300003080F161B00F0EE481AB0EE412A03E0DD
:106C4000F0EE601AB0EE482AB0EE408A16E0B0EEE0
:106C5000482AF0EE401AB0EE418A0FE0F0EE401AFA
:106C6000B0EE602A0AE0F0EE411AB0EE402A05E0EC
:106C7000F0EE481AB0EE402AB0EE608A9FED0E0AA0
:106C800061EE800A22EE001AFDEEE00ABDEEC11AA6
:106C900028EE000A10EE900A11EE102ABDEEC00A8E
:106CA000A070627010EE101A2170BDEC048B10BD44
:106CB000000000000100803F00007F4341EC100B0A
:106CC0000CF068BEF8B504460F4615461E4620680F
:106CD00000F04FFCF8070CD5390608D59DF80110D7
:106CE00078064CBF491B69188DF8011001E08DF83A
:106CF0000150B80709D5390605D59DF8001078066A
:106D00004CBF8E1B76188DF800609DF8001023464E
:106D1000FE222846FFF73AFFF1BD2DE9FE43074664
:106D2000884606216846F0F7B3FB00247F1CDFF895
:106D30000C5CDFF80C9C00E07F1C99F80010F8B2A6
:106D400088424CD2FAB22C235A43A95CC80946D0D7
:106D5000AE1801F07F017078FBF7C8FA00283ED02A
:106D60007178DFF8780401EB8101421892F84C1138
:106D7000802931DB01F07F01601C022906D19DF8DA
:106D800005108DF8007041F0010122E0032906D1C1
:106D90009DF805108DF8017041F0020119E00429F9
:106DA00006D19DF805108DF8027041F0040110E045
:106DB000012906D19DF805108DF8037041F00801F6
:106DC00007E0052908D19DF805108DF8047041F001
:106DD00010018DF805100446E0B20528ACD1E4B2EC
:106DE000012C28DD9DF8050000F0DF01430800F0CC
:106DF000010203F0010380081A4000F00100104076
:106E000041EA40118DF8051001F0BF00CA080909D8
:106E100002F0010201F00101114040EA811010F07E
:106E2000600F8DF8050006D0404669460622F2F74D
:106E300071F8012000E00020BDE8FE8300007E43E1
:106E40008178FE29A1BF4178FE290278FE2A05DB60
:106E5000FF21817041700170012070470020704750
:106E60002DE9F64704468A4660799DF805809DF82D
:106E70000690DFF8C86A2C25010708D5B9F1FD0F87
:106E8000A2BFB8F1FD0F9DF80410FD2903DA8106B9
:106E900017D4000702D5E07800F07EF86079C106CB
:106EA00002D5207900F078F86079810654D52078F1
:106EB00000F077F8607800F074F8A07800F071F8CE
:106EC0004AE010F0180F10D02078FCF7E3FF50B91B
:106ED0006078FCF7DFFF30B9A078FCF7DBFF471ED6
:106EE000BF41FF0F02E0002700E0012760790107A2
:106EF00003D517B1E07800F054F86079C10603D5E6
:106F000017B1207900F04DF86079810624D5012071
:106F10000090012394F800C015FB0CFC5246494632
:106F200006EB0C00FCF786FE01200090012394F88C
:106F300001C015FB0CFC5246414606EB0C00FCF769
:106F400079FE012000900123A0789DF80410684389
:106F500052463044FCF76EFEDFF8E8190888002836
:106F60001EBFDFF8F019CA8A824213D06079810609
:106F700048BF207802D441060CD5E07815FB00F517
:106F8000701907D0407802B0BDE8F0470122802197
:106F9000F9F7BDBBBDE8F387684301213044FCF736
:106FA0000ABD684300213044FCF705BD3EB50C46E0
:106FB00015466946FFF7B1FE20B12A4621466846CC
:106FC000FFF74EFF37BD7CB50D4614466946FFF707
:106FD000A4FE68B324B1204669460622F1F79AFF61
:106FE000FF20A870687028702C219DF80530DFF80C
:106FF0004C29180706D59DF8036002F110044E4392
:10700000A05DA0B9980612D59DF8000002F110030A
:10701000484310321C5CAC709DF8010048431B5C77
:107020006B709DF8020011FB00F1515C297001208A
:1070300076BD7FB50C4615461E466A4602A9FFF787
:10704000C2FF002833D0A80626D59DF80500DFF83A
:10705000EC582C24010703D59DF8030000F028F814
:107060009DF80500C10603D59DF8040000F020F846
:107070009DF8050081061AD59DF8000000F018F86B
:107080009DF8010000F014F89DF8020014FB00F4D4
:107090002819FCF7AFFD7FBD089B3246294602A8A0
:1070A000FFF710FE029A21466846FFF7D9FE7FBD22
:1070B00060432844FCF79EBD10B50C4641790A0791
:1070C0001ED5C9061CD5CCB1C278DFF87C182C209F
:1070D00042431144087A00B9487A00EE100AB8EE2B
:1070E000400AFFF745FDDFF86428DFF86C38EEF75B
:1070F000ABFAEEF78DFA00F5FA602080012010BDA2
:10710000002010BD7FB5054616461C4601A9FFF7B5
:1071100004FE002860D00096002101A8FFF7CCFFF4
:10712000002854D0FF218DF800108DF801108DF843
:1071300002100021009A01A8FFF792FE9DF80900B5
:1071400010F0180F48D0A4B2B4F5FA6F38DA4FF443
:10715000FA64A4F5FA6400EE104AB8EEC00ADFED56
:107160006B0AC0EE200A10EE900A0CF0ADFA41EC6A
:10717000100B53EC102B0020DFF8D417DFF8BC679E
:10718000EEF762FAEEF744FA0446012000902C254F
:107190009DF80700684301230022E1B23044FCF768
:1071A00049FD01219DF808000091C4F1FF0415FB81
:1071B00000F501230022E1B27019FCF73BFD7FBD11
:1071C00041F665118C42C4DB9FED6A0BD1E7009A52
:1071D00000212846FFF7EAFE7FBD00008432000050
:1071E000D7A19A92AC43E53FA3737E8AE3C0C33F25
:1071F00016A5846055BDC43F6F2BBD361B2BD23FF7
:107200003E26529ACD63E53F43FF04172B6AA83F01
:107210009411173FA226FA7CF8B505460E4617468C
:107220001320F0F7A1F8040001D10020F2BD0220E4
:1072300020700E220FF67801601CF0F78BF804F135
:107240000F00132306806060224620F8027FC4F8F6
:107250000B004FF44071022000902846EEF7C3FF68
:10726000F2BD000070B52DED028B84B005460E46D0
:107270001446062102A8F0F70BF90022ADF8002011
:10728000314602AA2846FFF79EFE40B19DF80D0048
:10729000010704D5694602A8FFF70EFF20BB31465F
:1072A00028460CF040FC306800F0EDFABDF8040010
:1072B000BDF8021001EE100A00EE901A9FED2F0AA1
:1072C000B8EE411AF8EE600A21EE001A20EE800AAC
:1072D000B0EE418AF0EE408AB0EE480AF0EE680A5D
:1072E0000CF006FEADF80000BDF800000CF04EFDFD
:1072F000208004B0BDEC028B70BD0000897B2C7D2A
:10730000E882B23FD19332A9A18DEF3F00A08C4516
:10731000E17A14AED7A3703D0AD7294047E1F03F88
:10732000295C8FC2F528ACBF0000F03FC05E61C190
:10733000FD80FA3F40FCFCF7E0B5D6BF122F4FE7C7
:107340008A52D0BFA3957B8159A1E63F1D588E90EC
:10735000817CFA3F45B75ED38382A23F4F5C8E5754
:10736000207AAA3F0E68E90AB611BFBF1EC4CE1428
:107370003A2FF03F000000000000F03F000080378F
:107380002DE9F0412DED048BB2F5407F84B08046AD
:107390000E461D4678D10E9C0F9F20000DD0102E5A
:1073A00004D101A940460CF0BEFB04E0002201A973
:1073B0004046FFF708FE012C65D1032D18BF042DB0
:1073C0000DD044F20A018D4218BF072D07D044F2B8
:1073D0000B018D421CBF44F20C02954201D10221E7
:1073E00008E0082D18BF0F2D03D0002D18BF012D68
:1073F0004AD101211098002C018012D0012D37D9DB
:10740000E81E012816D9001F21D0401E0AD0C01F37
:1074100037D043F6FB71401A06D0401E21D0401EE3
:1074200022D098E001202CE00921ADF808100222BA
:1074300002A908E000F097F8032D07BF02220DF122
:107440000201022269463846EEF7C3FB83E0ADF83D
:1074500000006A4601A94046FFF704FFBDF800009E
:1074600004E06421398076E04FF4FA70388072E0ED
:10747000019800F07EF8002D0CBF9DF801009DF8EA
:107480000000387067E0022C67D1032D18BF042D6F
:107490001AD100F068F83988032D0CBFADF802103E
:1074A000ADF80010BDF80010BDF8020001AAFFF70A
:1074B00055FA102E02D10199404646E0019A00216A
:1074C0004046FFF773FD46E055B93A78102E02D1D9
:1074D000002301210BE000200090134601220DE063
:1074E000012D10D13B78102E05D1002202214046FB
:1074F0000CF024FB2FE000930222002300214046E1
:10750000FFF797FD27E0072D27D13C8800F079F998
:10751000FF2820D020460CF035FC05460CF038FD45
:1075200000F0FDF900F004FAEEF772F800F0F2F95D
:1075300000F000FAEEF76CF802AE00F04DFA00F041
:107540005CF905D102999DF800000CF0B6FA02E052
:10755000029A00F046FA012000E0002004B0BDECE1
:10756000048BBDE8F08101986A460DF10201FFF736
:1075700009B80DF102036A460DF10101FFF7FAB8EF
:107580001CB500F07FF8FF2801D1812016BD9DF8C1
:1075900005002278102805D100F070F801210CF0C8
:1075A000CDFA08E000210091134661889DF804009F
:1075B0000122FFF73EFD002016BD1CB500F062F869
:1075C000FF2801D1812016BD2078012108B9202192
:1075D00002E0032808BF41219DF80500102805D1CD
:1075E00000F04CF8FF220CF0A9FA08E0002200920B
:1075F0000A469DF80400FF230021FFF71AFD002032
:1076000016BD1CB500F03EF8FF2801D1812016BD43
:1076100020788121032808BFC1219DF805006278E8
:10762000102804D100F02AF80CF088FA08E00023B2
:10763000009313460A46A1789DF80400FFF7F9FC71
:10764000002016BD1CB500F01DF8FF2801D18120D7
:1076500016BD9DF805002378102806D19DF804007A
:10766000002202210CF06AFA06E00093618800F023
:1076700005F80222FFF7DDFC002016BD9DF804008E
:107680000023704704460DF1050101A8FEF73DBF38
:107690001CB5FFF7F7FFFF2801D1812016BD207828
:1076A000022108B9202102E0032808BF42219DF8E9
:1076B0000500102806D19DF80400FF2300220CF0DD
:1076C0003DFA07E0FF2200920A46FFF7D7FF0021AC
:1076D000FFF7AFFC002016BD1CB5FFF7D3FFFF2856
:1076E00001D1812016BD20788221032808BFC22144
:1076F0009DF805006378102805D19DF8040000224C
:107700000CF01CFA06E000930A46A178FFF7B6FFDA
:10771000FFF78FFC002016BD1CB500F0BEF8FF2857
:1077200001D1812016BD6178207801ABFE22FFF7E0
:107730002DFA01A8FFF784FB00F05FF802D100F0FA
:1077400065F805E0019A61889DF80000FFF72EFCBE
:10775000002016BD1CB500F0A0F8FF2801D1812043
:1077600016BD6188208801AAFFF7F8F801A8FFF785
:1077700067FB00F042F802D100F048F805E0019AFA
:10778000A1889DF80000FFF711FC002016BDE0B5B0
:1077900000F037F8FF282FD000F02FF813D19DF814
:1077A000000001A90CF0BFF99DF80600FF2801BFF9
:1077B0009DF80500FF289DF80400FF280CD100214A
:1077C000ADF804100DE09DF80000002201A9FFF7BC
:1077D000FAFB0028E8D107BDFF218DF804108DF8D1
:1077E00005108DF8061000F008F802D100F00EF830
:1077F00007BD019A00F04CF807BD9DF80100102864
:1078000070470DF101016846FEF77FBE01999DF8B2
:1078100000000CF052B91FB500F03FF8FF2808BF78
:1078200081202ED09DF80000002202A9FFF7CBFB9B
:1078300008B9012025E0029800F025F8BDF80410F1
:10784000B4F900004118ADF8041002AABDF8021006
:10785000B4F902004118ADF80210BDF80400BDF8FB
:107860000210FFF77BF802A8FFF7EAFAFFF7C5FF5F
:1078700003D10299FFF7CBFF02E0029A00F008F86B
:10788000002004B010BD0DF1020201A9FEF77ABE7E
:107890009DF800000021FFF789BB04460DF10101AE
:1078A0006846FEF732BE00207047F8B52DED048B18
:1078B00082B00546FFF7A5FFFF2808BF812025D02D
:1078C00028880CF05FFA06460CF062FB00F027F8FF
:1078D00000F02EF8EDF79CFE00F01CF800F02AF8FE
:1078E000EDF796FE01AF3A46214680B2FFF736F833
:1078F000FFF783FF02D1FFF789FF06E0019A69884D
:107900009DF800003346FFF7FDFB002002B0BDEC00
:10791000048BF2BD84B218EE100A0BF0D5BEF0EE67
:10792000608AB0EE408A18EE900A0BF0CDBE0000DF
:107930009FED0A9B53EC192BEDF786BE647C00206B
:1079400041980020442900206C7C00209A99999944
:1079500000E06F40588700209999314000000000F6
:107960000000F04070B52DED048B82B0FFF795FF5D
:10797000FF2808BF81202BD02078032805D1A088BC
:1079800008B1322806DA322004E001281FD1E0884D
:1079900000F086F80CF0F6F905460CF0F9FAFFF75E
:1079A000BEFFFFF7C5FFEDF733FEFFF7B3FFFFF7AD
:1079B000C1FFEDF72DFE01AE00F00EF8FFF71DFF41
:1079C00002D1FFF723FF02E0019A00F00AF800203D
:1079D00002B0BDEC048B70BD3246214680B2FEF78A
:1079E000BDBF9DF800002B460021FFF78BBB0000B8
:1079F0001CB504460DF103010DF10200FEF785FDF3
:107A0000FF2801D1812016BD2DA19DF802000A6832
:107A100001920023ADF800306A4601A9FFF722FC6D
:107A20002078618803280CD1E08808B1322800DA78
:107A30003220BDF80020511A00F02CF80DD2084673
:107A40000BE0012824D1208900F02AF8BDF800209D
:107A5000891800F01FF888BF0846ADF80000BDF88F
:107A600000000CF08FF9044601A90CF0B3F99DF861
:107A70000300102805D101999DF802000CF01DF8B3
:107A800006E0019A9DF8020023460021FFF73AFB29
:107A9000002016BDADF80010BDF8001088427047F8
:107AA00010B1B0F57A7F01DA4FF47A7070470000B8
:107AB000030021000000000400210000000000007D
:107AC0000000000070B5DFF80463044630780D460E
:107AD00048B90FF23D0240F201314FF44070F8F71F
:107AE000A1FF012131700C20EEF767F8010001D1F0
:107AF000102070BD002008600C718D60726812B992
:107B0000716070BD024610680028FBD1116070BD25
:107B10007FB50146087900F00700012844D10B68C1
:107B2000AA481A7D406800E0006800283CD004792B
:107B30009442F9D18268002A36D09888B0F5407F07
:107B400032D1CB7A002B00F03181012B00F0218162
:107B5000022B00F01681032B00F00481042B00F0AF
:107B6000F480052B00F0E980062B00F0D880072B6D
:107B700000F0C180082B00F0B380092B00F0A68034
:107B80000A2B00F09480402B00F08680412B72D0AD
:107B9000422B58D0432B46D0442B1ED0472B04D029
:107BA0004B2B11D04C2B05D00BE1116C002900D0D0
:107BB000884707E1946C002CFBD00A216846EFF758
:107BC00067FC6846A047FDE0516C0029FBD0684681
:107BD0000022C0E900228847F4E0D06B0028E3D0FF
:107BE0006B4600200024002583E83100CE683378FE
:107BF0008DF80030C86843788DF80430C868837801
:107C00008DF80530C868C178037901EB0324ADF81D
:107C100006404179807901EB0023ADF808306846D1
:107C2000D16B8847CEE0906B0028BDD000F0DCF827
:107C30009DF80200ADF80430FF2800F0BC80916B85
:107C400068468847BEE0506B002841D0C86803787A
:107C50008DF80030C8684178837801EB0324ADF8D3
:107C60000240C178007901EB0023ADF8043068468A
:107C7000516B8847A6E000F0E2F8ADF80230BDF89D
:107C8000020018B99DF80000002864D1116B00298A
:107C90001ED06846884795E0D06A002818D000F0CA
:107CA000A3F8ADF804306846D16A88478AE0926A42
:107CB000002A0DD000F08CF8BDF80000ADF80230BD
:107CC000B0F57F4F77DA684690477BE0526A002A2A
:107CD00077D000F099F8ADF804306846904771E02D
:107CE000126A002A6DD000F073F8ADF802306846D1
:107CF0009047002066E0D269002A62D000F084F844
:107D0000BDF80000ADF80430B0F57F4FBCBFBDF842
:107D10000200B0F57F4F4EDA6846904752E0906916
:107D200000284ED000F0A3F81CBF9DF80100FF28EA
:107D300041D091696846884744E05069002840D0A6
:107D400000F087F8516988473CE000F06FF818B9F7
:107D50009DF80000002822D11169002931D0684621
:107D600088472FE0D06800282BD000F068F89DF8F5
:107D70000000ADF80230FF281DD0D1686846884762
:107D800020E0906800281CD000F063F891688847D4
:107D900018E000F04BF820B99DF8000008B18520EC
:107DA00010E0516869B1684688470BE0106840B13F
:107DB00000F05DF801D1872004E01168684688472B
:107DC00000E00120C0B204B070BD0000F0950020BA
:107DD000C8680178437801EB0324ADF8004081784E
:107DE000C07801EB00237047C8680378447803EB40
:107DF0000425ADF8005080788DF80200C868C1787D
:107E0000007901EB00237047C8680178437801EBE3
:107E10000324ADF800408178C37801EB0324ADF86A
:107E200002400179407901EB00237047C86803786C
:107E30008DF80030C86840788DF801007047C86838
:107E400003788DF80030C8684178807801EB002312
:107E50007047C86803788DF80030C86843788DF89B
:107E60000130C86881788DF8021068467047C8688C
:107E700003788DF80030C86843788DF80130C86801
:107E80008178C07801EB00239DF80000ADF8023046
:107E9000FF28704770B5DFF87467044630780D46E8
:107EA00030B90FF255221421F8F7BCFD01213170D1
:107EB0000C20EDF782FE010001D1102070BD0020E2
:107EC00008600C718D60726812B9716070BD0246F5
:107ED00010680028FBD1116070BD0322F8F723FE63
:107EE0000AB070BD3CB589B008AC8DF820200225E1
:107EF000120A8DF82120069401220792059502931B
:107F000000249DF8382004920125039401950095E2
:107F100000230322ECE02DE9F84F88B08346129D40
:107F20002E78F61CF6B28A4691461F463046EDF78B
:107F300044FE040026D0DDF854802770691C3F0AF7
:107F400067702878A070E01C2A78EDF742FE5FEA9F
:107F5000080018BF0120079006940022059603929E
:107F600001929DF850109DF84C000491012202905E
:107F700000924B46042251465846F8F7D4FD00F0D3
:107F800007F801E04FF01008404609B0BDE8F08F57
:107F900080462046EDF727BE2DE9F047054688B01C
:107FA0000E4692461F46012007B10220DDF8489098
:107FB00000EB4904E4B22046EDF7FFFD5FEA00085C
:107FC00032D0414617B1119801F8010B01F8019B1D
:107FD0000022139809E030F8123001F8013B30F824
:107FE00012301B0A01F8013B521C4A45F3DB012207
:107FF0000792CDF818802846059431469DF85450D4
:108000009DF85020049500260396029201269DF8C3
:1080100040500195534600960422F8F784FD05462A
:108020004046EDF7E0FD00E01025284608B0BDE829
:10803000F08778B589B003250E9C8DF820308DF837
:1080400021400123240A07938DF8224008AC9DF8B3
:10805000403005950694049300249DF83C50012679
:1080600013460394029501960096042236E72DE903
:10807000F843804617460426380088B089461D46D6
:1080800002D1AE78361DF6B23046EDF796FD04000B
:1080900028D02770288860702988090AA1703FB904
:1080A000A878E070E91CAA78201DEDF792FD01E0A8
:1080B0000020E070012107910694059600229DF8AA
:1080C00044009DF840100490039201200291019019
:1080D00000900123042249464046F8F724FDFFF7AB
:1080E00057FF01E04FF01008404609B0BDE8F083AB
:1080F000F8F719FD0BB030BD2DE9F047064694B0F6
:10810000736803F00700012840F07A823268DFF8D4
:10811000FC04117D406800E00068002806D0047966
:108120008C4218BFFF2CF7D18768002F00F06882BF
:10813000908800284FF0FF0900F05782032800F0D4
:108140000382042800F09F80062861D008286ED1A1
:10815000C3F3C00000210028894619D1F07A08280D
:1081600065D8DFE810F03F003100210017003E0025
:108170003000200016000900796B002908D0F06853
:108180000278437802EB0324ADF800406846884744
:1081900038E20121386B0028FAD08DF800106846CB
:1081A000396B88472EE20121F86A0028FAD000F0E6
:1081B0004BFA8DF80120F0688278C37800F036FA27
:1081C000F96A88471EE20121B86A0028FAD000F057
:1081D0003BFA8DF802108DF801206846B96A88478D
:1081E00010E20121786A0028FAD0F06802788DF850
:1081F0000020002A18BFFF2A07D0F0684278837851
:1082000000F014FA796A8847FCE14FF08709F9E138
:10821000C3F3C00000284FF00009F8D1F07A02281B
:108220002CD9B0F1400121D0491E1AD0491E40F08E
:10823000E781386A0028EAD0F06801788DF80010EC
:10824000F0684178827801EB0223ADF80430C17800
:10825000007901EB0022ADF806206846396A8847AC
:10826000D0E1F8690028FBD08047CBE1B86900284D
:10827000FBD000F0F0F9B9698847C3E179690029BA
:10828000FBD08847BEE1C3F3C000002840F0E48083
:10829000ADF818001222002107A8EDF790FCD6F8DF
:1082A0000C8000F0BAF90027F17A0024052900F2C9
:1082B000D080DFE801F0B0943E241203009406ABB6
:1082C0003068007D00220321F9F72AFABDF8180072
:1082D000002801D000F09CF9BCE03068007D0CA9BA
:1082E00001F006F90100F7D0002000E0401CC2B206
:1082F0008A42FBDB3068007D01F034F9AAE0306887
:10830000BDF81C10007D01F00AF9002814BF0023FD
:108310008B233768787D002804BF78880028EDD14A
:10832000BDF81C20B07A0092012102900191032235
:1083300089E018F801AB2020EDF73FFC04003AD0AB
:10834000BAF1000F06D13068007D214601F0D0F867
:10835000074618E0002511E000F05FF908F1020877
:108360003068BDF81C10007D01F086F828B1BDF81A
:108370001C00F9B224F811007F1C6D1CE8B25045B6
:10838000EADBF8B2A0B101F01DF9C0F110003568C8
:10839000B17A0591C0B20122FFB201900492039418
:1083A000029700920123287D0222A91DFFF7F4FD08
:1083B000FFF7EFFD4BE0F17A8DF8101089228DF870
:1083C00011203068B17A0391029701230193009341
:1083D000811D8288007D04ABF8F779FE37E03268B2
:1083E000507D002804BF5088002833D1BDF81C10F0
:1083F000107D01F041F8002812BF00228B2207A84F
:1084000001233468B17A009301910346207DA11DB8
:10841000FFF72DFE1BE000F0FBF8010003D0B828A9
:108420000CBF8A2089203768797D002904BF7988AC
:1084300000290FD1BDF81C30B17A009301220192BE
:10844000029103460022387DB91DFFF7F2FDFF249B
:1084500000E00124A146D5E0F5681222002105A81C
:10846000EDF7ADFB142200216846EDF7A8FBF07A8A
:1084700003284FF0000900F2C380DFE800F0323239
:10848000023229788DF80C10002495F80180AD1C7B
:10849000B8F1000F14D04FEA4800EDF78EFB04004E
:1084A0000ED08DF80680002007E02A786B7802EB6A
:1084B000032224F81120AD1C401CC1B24145F4DB5D
:1084C000B86B48B13168881D00906846F17A8DF824
:1084D00004100294B96B8847002C01D0FFF759FDB6
:1084E00090E015F8010B8DF805002978687801EB0C
:1084F00000229DF80500ADF81420002804BFF07A92
:1085000001280DD1AA78E91C102AA8BF0F228DF8E6
:1085100016200DF11700EDF75CFB0DF1160004902D
:10852000B86B00286ED03168881D00900122F17A66
:108530008DF804108DF8062005A902918DF80C9095
:108540006846B96B88475DE0C3F3C0000028F07A45
:1085500032D128B900F072F898B206F0EAFC4CE08B
:10856000012820D10020ADF80400B96819B1901D90
:1085700000906846884730680021009101AB8188EF
:10858000007D0022F9F7CCF8BDF80400002834D0B3
:108590003068B17ABDF8042000910123811D007D6F
:1085A000FFF7A0FC2EE040282AD1386928B300F05C
:1085B00052F83969884720E010BB911D0291F0689C
:1085C0000178407801EB0022ADF80C2002A806F0FB
:1085D000C5FBF96889B13068821D009200F02EF861
:1085E000ADF804306846884707E0C3F3C00020B9FF
:1085F000F07A28B9386800B180474FF0000901E0EF
:108600004FF00109484614B0BDE8F087E895002016
:108610003068007D424607A929E098F8000098F8E4
:10862000011000EB0122ADF81C2070478DF80410FA
:1086300002EB0324ADF8024068467047F068027808
:10864000407802EB00237047F06802788DF8002034
:10865000F06842787047911D0091F06801788DF8BC
:108660000410F06841788DF8051068467047FEB533
:108670000446164600208DF804000D46B778009099
:1086800001AB002204212046F9F74AF89DF80400C6
:1086900040B1102FA8BF0F27AF703A46F11CE81C5D
:1086A000EDF797FA01222946204600F0ABFEFEBD09
:1086B000F8B505460F4616461420EEF755FE0400A1
:1086C00019D0DFF84C15486820604C6032202073C8
:1086D00001226560A7606273A2732661287850B199
:1086E000F12808DA4868DFF82C150860606806F0A1
:1086F00077FA616848702046F2BD10B504462078CC
:1087000000F024FA08B1022010BD0022002120460A
:10871000FFF7CEFF08B9102010BD002010BD38B5FE
:10872000DFF8EC345A68BAB154682578116885428C
:1087300004D15960104609E00A46194651B14C6807
:1087400025780B688542F7D113600846EEF70DFED9
:10875000002032BD022032BD012032BD2DE9F041A2
:1087600005460E461746984600F0FCF9040011D065
:108770000620EEF794FB01000CD0FD20087081F874
:1087800001808D708F80CE7060680078BDE8F04108
:10879000EEF7A8BBBDE8F081F8B505460E461746D2
:1087A00000F0E0F9040013D00820EEF778FB010098
:1087B0000ED00798069AFE230B7048708D70CA7011
:1087C0000E71CF8060680078BDE8F440EEF78ABB98
:1087D000F1BD2DE9F74F0746DFF8340444683878D7
:1087E0000E9EDDF83CA000F00C000C2898464FF0DF
:1087F000FE090BD1B888FE2100F058FEFE28814604
:1088000003D000F0AFF905000BD196E0B878FF284F
:1088100002D1002CF9D08CE000F0A4F9050000F0A2
:108820008980287800F092F904460E9607E000F05F
:1088300099F90500E9D0287800F088F90446A26883
:108840004FF6FE763AB129780220904730B106887B
:10885000EEF78BFD02E0A86800B1468839892878D8
:10886000B14207D010B9002950D103E04FF6FF7292
:1088700091424BD197F802B0B87038690090387DBA
:108880003030C0B2EEF70BFB06003DD01A2030703E
:10889000B9887180F888B080B01D019900F0BEF9E8
:1088A000F878F07329783175387B707598F8001076
:1088B000B17598F80100F07598F8021031769DF8BE
:1088C000340070760E99F1619DF8300086F8200032
:1088D000798BB18578897082BDF808103182387D36
:1088E000B08486F82EA0B08C40B106F13001B162A0
:1088F000B28C0099B06AEEF72DFD00E0B0626868B6
:1089000000783146EEF7EEFA87F802B0387800F0DA
:108910000C000C2807D1B888494600F0C7FDFE2896
:10892000814684D109E0B8780E9EFF2805D12468DD
:108930001CB16568002D7FF478AFBDE8F78F2DE995
:10894000F8430C008AB09146984635D00646307AF6
:10895000149D8DF8020028070FD5317A02292BD1FA
:10896000F6F7F3FA01463088884206D00322012147
:1089700005F07CFE08B1CD20C1E0307A022818BF96
:108980000F2814D13088F6F77EFF60B10F203072C7
:10899000307A8DF80C00307A03280FD1314601A8C7
:1089A000F5F792FC0DE0307A0F28F1D104E00328AE
:1089B0001CBF01280028EBD00220A0E03088ADF8D1
:1089C0000400A807924F04D54FF6FF71ADF81410BC
:1089D0001BE00020ADF81400786800E0006878B172
:1089E0004168A142FAD18268100009D021780220A2
:1089F000904750B10188ADF81410EEF7B6FC04E0D2
:108A0000A06810B14088ADF814000020ADF81C003B
:108A1000E80607D59DF80C000F281EBF012804208A
:108A2000ADF81C00280605D5BDF81C0040F010006C
:108A3000ADF81C00680609D5BDF81C1041F0010115
:108A4000ADF81C1001218DF8011002E000208DF816
:108A50000100680705D5BDF81C1041F04001ADF8D4
:108A60001C1000218DF80010A80647BF04218DF8C6
:108A70001F1038788DF81F00139D2B781598129AC7
:108A80008DF81E3021788DF80E10737A8DF8200045
:108A90008DF80F30ADF81290ADF816800692207860
:108AA00000F054F800281FBF0169002901A8884779
:108AB000684600F071F8404507D25748016811B187
:108AC00001A8884704E0022603E001A803F0F6FEAF
:108AD00006469DF80C0002280BD1F6F736FABDF8D1
:108AE0000410814205D12978207833464A46FFF7A1
:108AF00035FE300002D12878401C287030460BB07B
:108B0000BDE8F083F8B584B004460D4616460E99CC
:108B10000F9A20881F4605F05DFB010010D19DF8DB
:108B200034009DF83010039002913B460B980A994F
:108B300001900091324629462046FFF700FF03E0EE
:108B400005280CBF0220102005B0F0BD01463048BA
:108B5000406800E0006800281EBF426813788B421E
:108B6000F8D1704780B5FFF7F1FF00B1406802BD52
:108B700038B504460D462846FFF7E8FF002140B10E
:108B8000826822B1294601209047012101E0406816
:108B900080682060084632BD10B5017801290CBFFD
:108BA00008240024401C03F0B5FF041BE0B210BDF4
:108BB00017484168002001E00968401C0029FBD1EA
:108BC000C0B2704770B50246114840680024134691
:108BD0000AE045682D780E0001D02E0003D0641CF9
:108BE00002F8015BE4B200680028F2D109E0195CE8
:108BF0005A5D8A423CBF1A5459556D1CA542F6DB9A
:108C00003046A04202DA461C3546F7E770BD000048
:108C1000681B0020941B0020EC96002010B5044631
:108C2000087A20720A7A032A03D12046F5F74CFB12
:108C300001E0088820800021618110BD10B50C463C
:108C4000FFF784FF20B9322020700121617010BD30
:108C500000F10C012046BDE810400222EEF77ABB7D
:108C600010B50C46FFF772FF08B9022010BD0222B2
:108C700021460C30EEF76EFB002010BD80B5F0F7FA
:108C8000C6FAFC208DF800000122054968460BF069
:108C9000D2F9F9F751FB034901200860FEE700BF54
:108CA000110000007C05204310462D4A137898429D
:108CB00000D3704710B52C212A4C4843205C00F0AB
:108CC0007F00202812D12848284C01780B0705D5B1
:108CD000207819224FF08041F0F714F82078BDE891
:108CE000104064224FF40051F0F70CB810BD2DE98C
:108CF000F8430C7804F03F08B8F1280F2EDA4E78CC
:108D0000174D012004F01F012A7800FA01F92C20E8
:108D1000144942438F1807F108037B61314620460E
:108D2000EDF7AEFC032E18BF022E05D160064CBF36
:108D300024F0400444F04004BC7049462A780C4BAF
:108D40004046F5F72EFAA10901F0010181F0010179
:108D50002046EDF701FD2878401C2870BDE8F1831E
:108D600041980020647C0020B0930020512900200D
:108D7000A98C0100DFF800F091D80210DFF800F0B4
:108D8000F1EB0210DFF800F0BDE8021000210160F5
:108D90004160C1604FF0FF318160704770B51400D1
:108DA0008AB005460E4604D100220BF055F90AB0F0
:108DB00070BD1B49A0680A68904204D310F1010FEE
:108DC00018BF002012D10823282200216846FFF78F
:108DD000D5FF206804906A46606805903146E068D7
:108DE0000790A068069028460BF036F90AB070BDCF
:108DF000FFF7C8BFFCF774B80BF03AB90BF03EB9F7
:108E0000FFF7B8BFFCF770B8054A1368994202D360
:108E100011F1010F01D10BF041B9704700000000C2
:108E20002412000001680A68104701684A68104768
:108E300070B5F0F7ECF918490546087860B90122D9
:108E400016480A7004783CB1154E304656F80C1B93
:108E5000CA689047641EF8D12846BDE87040F0F714
:108E6000FDB9000030B50C4C237881B000227BB1F5
:108E70000A4C2578A8420BD209B900BF0FA100EB1C
:108E800040029200064B98189B581A699047024678
:108E9000104601B030BD0000A0980020F259030038
:108EA000483E000005A191E80C1080E80C107047C6
:108EB0000268536918470268936918470000000068
:108EC00001000000000000000020DFF8101508601D
:108ED000704780B503F0CEFC00280BD100220121A1
:108EE000002000F0ABF9002804D00168002901D06F
:108EF00002F0DCFE01BD80B5042000F088F9DFF847
:108F0000E0140978C0B2814208D3FF2000F07FF955
:108F1000DFF8D0140978C0B2814201D2012000E00C
:108F2000002002BD2DE9F04180460D00002698F892
:108F30000C0000F09FF904000127002C35D1B8F88F
:108F40000A2098F80C10D8F8000000F001F904008D
:108F5000002C29D00020208198F810002074B8F847
:108F60001200608218F11000F6F7B4FC6061B8F8E6
:108F70001800208398F81A00A076012661894FF620
:108F80007F4001406181A07A400708D46089DFF802
:108F900058140978491C50EAC110608105E06089C5
:108FA00050F08000608100E000273800C0B2012846
:108FB00063D16189C90911F00701EDB2002D19D003
:108FC000022060732068807B400703D5DFF81C0413
:108FD000008A20810800C0B200283AD062894FF68A
:108FE0007F40024062816089C9B2491E50EAC110C7
:108FF00060812EE0C9B2002901D1002729E0A07AC2
:10900000800606D5EEF70BFA10F07F005F30208166
:1090100017E0A07AC00606D5EEF701FA10F00F00AF
:109020000A3020810DE0A07A400708D5EEF7F7F965
:10903000DFF8BC1309880840801C208101E0012072
:109040002081042060732021DFF8A8030078EDF769
:10905000C4FFF6B2012E10D12289617B200000F0FE
:1090600090F8002809D06069002802D06069EEF706
:109070007CF92000EEF779F900273800C0B2BDE88E
:10908000F0811FB50024C0B200F0F4F800281FD012
:10909000417B06291CD144890168097A8DF80810A2
:1090A00001680988ADF8001000F01EF920050ED502
:1090B000BDF80010002000F00FF8002807D1DFF8FD
:1090C0002C03818C6846F1F701F900F020F80124A7
:1090D0002000C0B204B010BD002801D0406804E0F8
:1090E000DFF8F802006800E0406800280DD04289EF
:1090F0001205F9D50A0092B2002A05D0026812883A
:109100000B009BB29A42EFD100E00020704710B5EF
:1091100000210020FFF7E0FF040004E00021200010
:10912000FFF7DAFF0400002C0ED0206800884FF60D
:10913000FF71884207D0DFF8B402818C2068F1F714
:10914000C3F81A28EAD102E00020F1F7C1F810BDF7
:1091500070B504000D0016001C20EEF705F900287C
:109160000ED0002141730573468100210181002149
:1091700081730021C17304600021416100214160BD
:1091800070BD70B504000E001500002C3DD03000FD
:10919000C0B201280AD1012000F039F8DFF85812D6
:1091A0000978C0B2814216D211202FE03000C0B23F
:1091B00004280AD1042000F02AF8DFF824120978E4
:1091C000C0B2814207D2112020E03000C0B2022894
:1091D00001D0C1201AE06673258100206060DFF8AD
:1091E000FC110868002807D0096800E04968486851
:1091F0000028FBD14C6000E00C602021DFF8F40176
:109200000078EDF7EAFE002000E0C12070BD10B448
:1092100002000020DFF8C41109680AE04B7B14004B
:10922000E4B2A34203D01300DBB2FF2B00D1401CF9
:1092300049680029F2D1C0B210BC704710B40028B0
:1092400001D0406803E06548006800E040680028FD
:109250000DD0437B0C00E4B2A342F7D11300DBB284
:10926000002B03D003689B7B5B07EFD400E000205A
:1092700010BC704701005948006800E040680028B1
:1092800005D0027B0B00DBB29A42F7D100E0002050
:109290007047F8B505000E000027280000280DD003
:1092A0004E48046801E027000024002C06D031005D
:1092B0002000A8470128F6D06468F6E73800F2BD20
:1092C000464B1968002201E00A00496800290AD0CB
:1092D0008142F9D11868814202D14868186001E0E2
:1092E00048685060FFE7704710B50400002C12D0AA
:1092F0002000FFF7E5FF2068006AEEF736F82068E7
:10930000EEF733F86069002802D06069EEF72DF8B7
:109310002000EEF72AF810BD70B5304E34680EE02C
:1093200065682068006AEEF720F82068EEF71DF8FF
:109330006069EEF71AF82000EEF717F82C00002C01
:10934000EED10020306070BD10B50100002901D1C0
:1093500005201FE051F80C0C002803D111F8020C75
:10936000FF2804D00800EDF7AEFD052012E0214CE7
:10937000207801F8020C214802782148EDF7A9FE77
:10938000012806D14FF400512078EDF726FE002089
:1093900000E0042010BD70B5EFF739FF0500184E4E
:1093A0003468002C15D054F80C0C002806D04FF46B
:1093B000005110480078EDF710FE05E04FF4005121
:1093C0000C480078EDF747FE002221003000EDF751
:1093D000E9FE2800EFF742FF200070BDAC970020A7
:1093E0008B2802006E3902009D340020588700202F
:1093F0009A6C0000659800208A280200235502001C
:10940000B0970020F8B506000F001400398830002E
:10941000C0B200F031F8002801D0B8202BE000F0F5
:10942000D1F8AF490978C0B2884201D3B22022E016
:109430001820EDF799FF0500002D01D110201AE04A
:10944000002028602E7112223900A81DEDF782FF3E
:10945000A4490868002801D10D6006E0096800E011
:10946000096808680028FBD10D60E4B2002C01D027
:1094700000F0EFF80020F2BD10B49A4A126800E044
:109480001268002A0FD013790400E4B2A34203D07B
:109490000300DBB2FF2BF3D1D3880C00A4B2A342AC
:1094A000EED1901D00E0002010BC704730B40A00DF
:1094B000D2B2FE2A01D1012400E00024894A1368B7
:1094C00006E00A001D79D2B2AA4200D101241B682D
:1094D000002B0AD0DA880500ADB2AA42F7D12200EB
:1094E000D2B2002AEDD0187900E0FE2030BC7047DF
:1094F00030B4030000207B4A12680BE014791D0091
:10950000EDB2AC4205D1D4880500EDB221F815408A
:10951000401C1268002AF1D1C0B230BC704770B54F
:10952000704C2268002301E013001268002A17D053
:1095300015790600F6B2B542F6D1D5880E00B6B25E
:10954000B542F1D1002B02D11068206001E0106813
:1095500018601000EDF709FF00F07BF8012000E033
:10956000002070BDF8B505005E4E3068002405E0AF
:10957000016821600768EDF7F8FE380000280CD07C
:1095800001792A00D2B2914204D1002CF0D10168B5
:109590003160EFE704000068F0E700F05AF8F1BD31
:1095A00010B4020000204F49096806E00B7914004E
:1095B000E4B2A34200D1401C09680029F6D1C0B230
:1095C00010BC704700204749096801E0401C096849
:1095D0000029FBD1C0B2704718B585B01421FF2215
:1095E0006C462000EDF720FF002400E0641C200002
:1095F0003B490978C0B288420DD26B461422210043
:10960000C9B289B20820EFF7EAFC0100C9B20A2901
:10961000ECD1C0B200E0002006B010BD18B585B096
:109620001421FF226C462000EDF7FEFE002408E026
:109630006B4614222100C9B289B20820EFF712FD4F
:10964000641C200026490978C0B28842F0D306B0D5
:1096500010BD30B585B000252248046812E020799D
:109660008DF800001222A11D0DF10200EDF772FE2F
:109670006B4614222900C9B289B20820EFF7F2FC28
:109680006D1C2468002CEAD105B030BD38B586B019
:109690000025002419E001A80090142300222100D5
:1096A00089B20820EFF700FD00280DD19DF80400D5
:1096B000FF2809D000220DF106019DF80400FFF7F4
:1096C000A1FE002800D16D1C641C2000044909780B
:1096D00080B289B28842DED3280080B207B030BDA4
:1096E00057C80200D496002070B505002C68002CE5
:1096F00000F08C80DFF83C24106800280BD029791A
:10970000200012689047C0B2012804D161894FF649
:10971000FE7001406181607B022840D1A07A800701
:109720003DD52879CD283AD02879F02837D0A07CAB
:1097300000060FD5A07E00280CD0A07EA073206864
:109740000088F6F7A0F8002809D14FF4987003F0CC
:10975000B3F804E0DFF8E0030078401CA073287938
:1097600000280BD1002604E04FF49B7003F0A4F80E
:10977000761C30006979C0B28842F5D3A07B401EC8
:10978000A073A07BA07604206073DFF8B00300888C
:1097900020812021DFF8A8030078EDF71EFC607B14
:1097A000022802D0607B062830D1A07AC0072DD5D0
:1097B000297920000AF08EFC61894FF6FE70014085
:1097C000618120680088F6F75EF8002817D12879B3
:1097D00000280FD140F22F1003F06EF80024200073
:1097E0006979C0B2884211D24FF49B7003F064F8DB
:1097F000641CF4E740F2311003F05EF806E02879CB
:10980000002803D140F22D1003F056F870BD2DE969
:10981000F84F9AB007008846914605A81C21EDF73D
:1098200037FE00245FF0000A012605A938000AF07F
:1098300075FD9DF82100002803D19DF8280000281F
:1098400008D09DF81400400609D57889F6F71BF872
:10985000002804D040F2351003F02EF824E19DF8E2
:10986000140010F00C00042801D1012500E00025AF
:109870009DF8140080062ED55FF0010A2800C0B2C2
:10988000002828D1F5F761FBB98980B2814203D164
:1098900097F82E00000609D4F5F757FBB98980B276
:1098A000814218D097F82E00000614D497F82E00A5
:1098B000000604D57889B989ADF82E1000E0B88982
:1098C00005A980B203F0E6FF002804D04FF49A7097
:1098D00002F0F2FFE8E097F82E00000617D49DF89A
:1098E0001400400612D59DF8150010F0030F0DD19D
:1098F0009DF8140010F00C000C2807D09DF81400FF
:1099000010F00C00082801D0012400E000249DF88C
:10991000140010F003000100C9B2022904D105A906
:10992000B8890AF022FEBFE00100C9B2012916D1B0
:10993000E4B2002C07D097F82E00000603D405A946
:10994000B8890AF08EFD05A80D90B889ADF83000F1
:10995000B8798DF832000CA807F05CFDA4E0C0B225
:10996000002840F0A180DFF8DCB19BF80B00012853
:1099700007D1B879002804D14FF49A7002F09CFF07
:1099800092E002208DF86400B889ADF85C0097F889
:109990002E0000063FD502208DF840007889ADF8F2
:1099A00038009DF817008DF842009DF816008DF8DC
:1099B0004300BBF82400ADF84400BDF81A00ADF830
:1099C0004600BDF81C00ADF848009DF82800ADF831
:1099D0004A0009981390F88DADF85000388A8DF838
:1099E000520038798DF85300B87C8DF854009DF8FA
:1099F00029008DF855009DF82B008DF8560097F83A
:109A000030008DF8570097F832008DF858000EA8F6
:109A100002F054FF48E0EDB2002D22D0388A8DF8D4
:109A20002A00494D286800283ED0F5F78EFABDF887
:109A30005C1080B2814237D197F830000490F88DE5
:109A40000390CDF808905FFA8AFACDF804A038792F
:109A500000902300DBB2424605A917A82C68A04756
:109A600022E0E4B2002C03D005A9B8890AF0F9FC81
:109A700036480078012803D1380008F09DF8060028
:109A8000F6B2002E10D0B87C0390CDF808905FFAA3
:109A90008AFACDF804A0F87C00904346BBF8242055
:109AA00017A905A80AF02FFB1BB0BDE8F08F80B501
:109AB000C0B2F9F731F901BD80B5F9F75CF901BD24
:109AC00080B5C9B280B2F9F7D3F901BD80B5F9F715
:109AD00017FA01BD80B5F9F72BFA01BD80B589B23F
:109AE000C0B2F9F75EFA01BD10B504001548807BDD
:109AF000000708D416480068002804D0082115483B
:109B00000078EDF76AFA2000C0B2F9F75CFA10BDF0
:109B100010B50400C9B201290BD10021200080B288
:109B200004F06AFC0C4802780021200080B204F0A6
:109B300041F910BDE4960020B234002088340020A2
:109B40006598002058870020E8960020579800204C
:109B5000FC960020629800203368020080B592B223
:109B6000C9B280B2F9F730FA01BD03510FF29D304E
:109B7000DFF8441608600FF21530DFF84016086071
:109B8000704770B504006068A17800EB0105287883
:109B900010F0070060702878C0F3C10020742878A6
:109BA000C0F340160421681CEDF7FCFBA061052002
:109BB0002077F6B2012E0AD1207F05EB000114F1C7
:109BC0000800F4F781FB207F0830207706E00821A9
:109BD000002214F108063000EDF726FC207C012855
:109BE00005D1207F285CA075207F401C207770BDA8
:109BF00070B50400207F0D2801D1012500E000256B
:109C00006068A17808446178227C51EAC20151EA77
:109C100045110170401CA169EDF7E9FB0600EDB2AA
:109C2000012D05D114F108013000F4F74DFB083681
:109C3000207C012801D1A07D307070BD30B591B07D
:109C400004006068A17800EB01052078002803D1AA
:109C50002000FFF7CDFF03E02978607801432970E9
:109C60000DAB2A78A16914F1080000F000F9A07882
:109C70008DF80400207F8DF80500E0788DF806004F
:109C800060788DF80700608A00280CD1A08A40F225
:109C90000111884207D105AA94F8281014F11E007A
:109CA00001F0C3F804E005AAA18A608A01F040FC33
:109CB00005A80490FF208DF80000207C022803D125
:109CC00000208DF8000005E0207C032802D102204E
:109CD0008DF800009DF80000FF2807D009AB05AA09
:109CE000082168460AF068FC09A8049063680DAA78
:109CF00001A9207800F0BFF90400287810F0F800DE
:109D000028701021002209AD2800EDF78DFB1021ED
:109D1000002205AD2800EDF787FB2000C0B211B08E
:109D200030BD10B504002300112200213A20EFF7C6
:109D3000F9F9002803D1DFF888040068606110BDDC
:109D400018B585B08DF80010102201000DF101004A
:109D5000EDF700FB6A4611213B20EFF7A0F9112136
:109D600000226C462000EDF75FFB06B010BD70B519
:109D700086B005001120EDF7F7FA0400002C4AD058
:109D80002300112200213B20EFF7CCF9002839D124
:109D90002078EDB2A84235D11120EDF7E5FA0500A3
:109DA000002D2FD02B00112200213A20EFF7BAF915
:109DB00000281ED1220011213A20EFF770F901206E
:109DC000DFF8001481F84100DFF8F4633068DFF851
:109DD000F813884201D30020306011222100684628
:109DE000EDF7B8FA306805906A4618218220EFF73F
:109DF00056F9112100222E003000EDF715FB280046
:109E0000EDF7B3FA1121002225002800EDF70CFB35
:109E10002000EDF7AAFA06B070BD7CB50D00140065
:109E2000069950EAC50050EA44100870481C190011
:109E3000EDF7DDFA0600E4B2002C06D0F5F77CF869
:109E400001003000F4F740FA0836EDB2012D0DD1D3
:109E50003A236A4601210020F6F7E2FB002803D1ED
:109E60009DF80000307001E00020307073BD70B5C7
:109E70000C0015001E0001003000F4F725FA16F161
:109E800008002100EDF7B3FA057070BD022110F053
:109E9000030011FA00F010F01C0070477CB50400BC
:109EA0004FF6FF7635003A230DF101020121002023
:109EB000F6F7B6FB002824D120009DF80110C0B2AF
:109EC000884201D13A251DE03B236A46012100204A
:109ED000F6F7A6FB002815D19DF80000E4B28442F5
:109EE0000DD19DF801009DF80010884205D29DF823
:109EF0000000FFF73CFF3A2504E03B2502E0350077
:109F000000E03500280080B276BD0000F8B58EB0C4
:109F100004000D0016000E208DF805008DF8046079
:109F20008DF80630A748007B8DF8070001208DF8DA
:109F300008002000C0B2002834D13A2305AA11211C
:109F40000020F6F76DFB002829D10DF115000490D3
:109F50009B4F3B68581C38603000C0B228440090CA
:109F6000012201219DF80700FFF757FFF4F7E4FFF6
:109F700001000AA8F4F7A8F994480188491C018057
:109F8000934909680088814202D33868012846D184
:109F90004FF400718F480078EDF71FF83FE0002084
:109FA00004903CE03000C0B22844407BFFF776FFCD
:109FB000010089B23A290ED13A2305AA11210020C5
:109FC000F6F72EFB002803D10DF11500049016E0E2
:109FD0000020049013E080B23B280ED13B2305AA59
:109FE00011210020F6F71CFB002803D10DF115000C
:109FF000049004E00020049001E000200490300070
:10A00000C0B2295C9DF8070001433000C0B229545A
:10A010003000C0B22844411D0AA8F4F755F90422C3
:10A020003000C0B22844411C0CA8EDF793F9300071
:10A03000C0B2285C8DF834000498002801D1A1201A
:10A0400017E02B000AAA01A92000C0B200F013F803
:10A0500004003000C0B2285C10F0F800F6B2A85539
:10A06000102100220DF115052800EDF7DDF9200083
:10A07000C0B20FB0F0BD2DE9F84F98B00C00934678
:10A080000025E1680291267861788E19E17804292B
:10A0900003DAA1788E19002700E0A77898468DF89A
:10A0A0000000EDF763F90190E07800F07AF881465E
:10A0B0003000C0B240443900C9B200EB010A10229E
:10A0C000029914A8FBF758FB9DF80010002928D12D
:10A0D000E17804294DDB00284BD10BA80AF002FCE3
:10A0E00014A80B90CDF83080F6B211962078404439
:10A0F000617808440D9020784044617808440E90BF
:10A10000FFB21297CDF83CB00D208DF84C00CDF881
:10A1100040A08DF84D900BA92F4800680AF02DFD46
:10A1200027E0E178042924DB002822D102A80AF0E4
:10A13000D9FB14A80290CDF80C80F6B208962078CE
:10A140004044617808440490207840446178084491
:10A150000590FFB20997CDF818B00D208DF82800B2
:10A16000CDF81CA08DF8299002A91B4800680AF0C0
:10A1700006FD002800D005000198EDF702F928003F
:10A18000C0B219B0BDE8F08F38B50B4D2C68002C6B
:10A1900005D0DBB2D2B2C0B22C68A04700E00120EB
:10A1A00032BD80B5054A1168002903D0C0B21168DC
:10A1B000884700E0002002BDBC970020C097002027
:10A1C000B497002058870020010000802E980020BE
:10A1D000E83C0000223000202C5C002080B5017893
:10A1E00051F080010170F8F7F1FE01BD010000207F
:10A1F0008A89DFF8A0351B889A420AD2DFF89825B1
:10A2000012688B890C214B43D15C11F00F0F00D0E9
:10A210000120C0B2704710B5DFF87C25136884892F
:10A220000C2254431C440A00D2B2012A03D00A0073
:10A23000D2B2022A0CD142886280C9B202290BD163
:10A24000001D00F0CBF8002806D10020207003E0AC
:10A25000011D201D00F0B4F82000FFF7BFFF10BD66
:10A26000F8B504004FF6FE70A08100212078002888
:10A2700029D0002620E0DFF820050C2203683700F3
:10A28000BFB25743DB5D13F00F0F14D100683100EC
:10A2900089B202FB01F200EB020720783870608877
:10A2A0007880211D381D00F08BF8A6813800FFF75B
:10A2B00095FF01212E88761CDFF8D85430002A88BB
:10A2C00080B29042D7D30800C0B2F2BD70B505008D
:10A2D0001400012600290FD08889A88101212800B7
:10A2E000FFF799FF002C36D04FF6FE7060800221F8
:10A2F0002000FFF790FF2EE0002C1CD0A089A88141
:10A30000201D00F06BF801280BD12800FFF7A8FFF3
:10A3100006004FF6FE70608002212000FFF77BFFF1
:10A3200019E0281D00F05AF8012814D10321280053
:10A33000FFF771FF0FE068884FF6FE71884204D185
:10A34000281D00F04BF8012804D12800FFF788FFF2
:10A35000060000E000263000C0B270BD38B5DFF85E
:10A3600034140880010089B2002914D00C2110FB9C
:10A3700001F4DFF82454200080B2ECF7F5FF2860E8
:10A38000286800280BD0A4B200222D6821002800E4
:10A39000EDF74AF803E00020DFF8FC13086031BD58
:10A3A00010B5DFF8F4432068002808D02068ECF7E7
:10A3B000DCFF0020DFF8DC1308800020206010BDE7
:10A3C00010B50400002903D02000F3F77DFF04E05E
:10A3D000082100222000EDF727F810BD0200002020
:10A3E000002A0DD0002307E01900C9B2515C0029F2
:10A3F00001D0012008235B1C1900C9B20829F3DB36
:10A40000C0B2704780B50122884208D0002805D02C
:10A41000002903D0F3F749FF020000E000221000FA
:10A42000C0B202BD1FB50C0000218DF80010ADF8C0
:10A430000200684600F062F801A92000FFF7C0FFA3
:10A440002000FFF7CBFFC0B204B010BD1FB50C0059
:10A4500000218DF80010010001A8FFF7B1FF684648
:10A4600000F085F8BDF80200208020884FF6FE71CC
:10A47000884201D0012000E00020C0B204B010BD2D
:10A4800038B504002000FFF7B1FE05002800C0B277
:10A4900001280ED1C0480168A2890C20424301EB7B
:10A4A00002000178227892F0FF0211400170FFF75C
:10A4B00095FE2800C0B232BD38B5050000242878CA
:10A4C000002818D02800FFF791FE04002000C0B239
:10A4D000012810D1B0480168AA890C20424301EB41
:10A4E000020001782A78114205D1027829780A43BE
:10A4F0000270FFF773FE2000C0B232BDF8B5040051
:10A500000021201DFFF75CFF4FF6FE71A1810020A6
:10A5100062888A4229D0002621E09F490C220B68DC
:10A520003700BFB25743DB5D13F00F0F16D0096839
:10A5300033009BB202FB03F201EB020761887A88C9
:10A5400091420BD1381DFFF749FF012803D1391D76
:10A55000201DFFF735FFA68101202E88761C8D4D2A
:10A5600031002A8889B29142D7D3C0B2F2BD2DE919
:10A57000F04104004FF6FE706080A0810025201D90
:10A58000FFF72CFF012826D100271EE082480C216E
:10A5900002683B009BB24B43D25C12F00F0F13D00A
:10A5A00000683A0092B201FB02F100EB010818F1D9
:10A5B0000401201DF3F779FE012805D1B8F8020047
:10A5C0006080A781012537887F1C724E3800318852
:10A5D00080B28842DAD32800C0B2BDE8F08170B5FD
:10A5E00004004FF6FE7060800021201DFFF7E8FE9A
:10A5F0002000FFF7FBFD05002800C0B2012811D1A3
:10A6000065480168A2890C20424301EB020670886C
:10A610006080301DFFF7E2FE012803D1311D201DAF
:10A62000FFF7CEFE2800C0B270BD2DE9F04188B022
:10A6300004004FF6FE70A08101275FF0000800259E
:10A64000002600208DF80000211D01A8FFF7B8FEAC
:10A650006846FFF78CFF01280BD1BDF80C00A081E4
:10A66000BDF802006188884202D15FF0010800E075
:10A670006D465FFA88F8B8F1000F11D100208DF80F
:10A6800010006088ADF8120004A8FFF737FF01281A
:10A6900000D104AE320029002000FFF717FE0700AA
:10A6A0002000FFF709FF3800C0B208B0BDE8F08114
:10A6B00010B500240BE038480168220092B20C204B
:10A6C00042431144200080B200F07CF8641C20005A
:10A6D0003049098880B28842EDD310BD10B50024FE
:10A6E00012E02D480168220092B20C20424311442E
:10A6F0000878000607D5087810F07F000870200061
:10A7000080B200F04BF8641C20002249098880B216
:10A710008842E6D310BD70B50C25280080B2ECF756
:10A7200023FE0400002C19D0ADB2FF222600290020
:10A730003000ECF779FE002507E023000C22290009
:10A7400089B20120EEF74BFC6D1C280011490988E5
:10A7500080B28842F1D32000ECF707FE002070BDE4
:10A760001FB50C21FF226C462000ECF75DFE002493
:10A7700007E06B460C22210089B20120EEF772FC43
:10A78000641C20000349098880B28842F1D31FBDB0
:10A79000000000001A980020149700203EB5040025
:10A7A0000B000878002806D10C21FF226D462800F6
:10A7B000ECF73AFE6B460C22210089B20120EEF73D
:10A7C00051FC37BD1CB50C0000940C230022010085
:10A7D00089B20120EEF768FC002804D12078FF2818
:10A7E00001D10020207013BD1FB500F00DF86846A0
:10A7F000FFF71BFFBDF80C1001280CBF0020C8207C
:10A80000FFE7218004B010BD0223ADF802008DF8EF
:10A810000030144601A8FFF7D3BD1FB50C46022235
:10A820008DF80020014601A8FFF7CAFD6846FFF732
:10A830009EFEBDF80C1001280CBF0020C820E0E7E8
:10A8400018B585B06946FFF7E8FF04000CD1022077
:10A85000BDF800108DF80400ADF8101001A8FFF746
:10A860000FFE012818BF0124204606B010BD2DE9B7
:10A87000FE43DFF8A866716A04464FF006084FF6FB
:10A88000FE7989B91220ECF76FFD0028706256D06E
:10A8900000214FF6FF73851C08FB01F2491C20F8CC
:10A8A0000290AB520229F7DD002C48D101AB00F039
:10A8B0001FF900283CD1BDF80400002838D0042836
:10A8C00036D200F06AFB04460027706A08FB07F5E1
:10A8D00008FB07F14319891C062289B24C20EEF7C8
:10A8E00021FCF8B9706A415B494518BF002C19D0AA
:10A8F000801C00941823415B00F023F8206900F2CB
:10A90000E93020610C23716A8A1C515B0A465A4364
:10A910002346B050B21860695060182200F00CFC59
:10A9200000F03EFB7F1C022FCFDD0CB100F03CFBA2
:10A93000DFF8EC35082200217120EEF7F3FBBDE8CB
:10A94000F78300220620EEF7AFBB70B500220A6045
:10A95000DFF8C8355A6A7AB1002306259CB26C43E9
:10A96000165B864204D05B1C9CB2032CF6D303E03A
:10A9700010190860002070BDC82070BD38B50C46A5
:10A98000002222606946FFF748FFC82528B9BDF8B4
:10A9900000002146FFF7D9FF0546284632BDF8B52D
:10A9A0000C4615466946FFF738FFB0B9DFF86C056D
:10A9B000406A90B1002106238AB25A43BDF8007064
:10A9C000865ABE4204D0491C8AB2032AF4D304E05A
:10A9D0001044206029800020F2BDC820F2BDB0B52F
:10A9E000DFF83825526A72B1002306259CB26C4309
:10A9F000145B844204D05B1C9FB2032FF6D302E0A9
:10AA00000B800020B0BDC820B0BD2DE9FE4F05462B
:10AA10000DF102012888FFF7E2FF074600F0BDFABA
:10AA200004000CD01821ECF773FD68882246182129
:10AA3000EEF735FB4FF6FF70688000F0B5FA4FF681
:10AA4000FE7BA5F800B00020002F28714DD1DFF863
:10AA5000CC44BDF802A0606A4FF0060808FB0AF774
:10AA600068B300F02AFB5FEA000928D000F03FF845
:10AA7000002616FB08F0801C80B2564509EB000545
:10AA800006D1606AC11906222846ECF763FC0DE086
:10AA900008FB06F1891C01AB062289B24C20EEF7B7
:10AAA00041FB062201A92846ECF754FC761C022E35
:10AAB000DFDD4A4600F0C3FA4846ECF756FC00F0EA
:10AAC00016F890B9606A48B1C15B594506D1BDF826
:10AAD000000028B1411EADF8001001E000F0E7FAD7
:10AAE0006A4602214C20EEF7DAFABDE8F78F6B4692
:10AAF000022200214C20EEF715BB70B50021016049
:10AB0000DFF81824516A91B100234FF6FE7606242F
:10AB10005C430D5BB54203D05B1C032BF7DB06E007
:10AB2000214401600020516A2144087170BDC82091
:10AB300070BD1CB500F0FFF9040004BF0098FFF7DA
:10AB400064FF204616BD10B588B00446F4F7FDF941
:10AB50002189814224D1606801900021ADF808105C
:10AB600060680AF051F800281CBF017900290AD05A
:10AB7000042908DC407900F00800401E8041C00F25
:10AB80008DF80A0008E0F4F7E0F92188814228D125
:10AB9000002201928DF80A2001A8F8F7EEFD20E0CE
:10ABA000ADF80C1006AA6068049000F02AF80022A4
:10ABB000694606A802F05CFFDFF83C07017801292E
:10ABC00004BF9DF80000002805D100218DF8141065
:10ABD00003A802F0AFFF01208DF8140003A802F0D3
:10ABE000A9FF08B010BD01AA694602F041BF80B5B7
:10ABF000FFF73DFEFFE7FEF7B9FFBDE8014003F0B8
:10AC0000B2B80021AB2001F0C8BF18B585B0002252
:10AC100004468DF80420214602A8F3F755FB03F003
:10AC2000A9F848B901A8FFF7A2FC012804D06A4698
:10AC300021460020FFF7D8FD06B010BD70B50446D0
:10AC40008EB004F1160000F033FDDFF8F41A087836
:10AC5000012818BF022828D100208DF812000DF11C
:10AC600012011022012009AB03910292019000937E
:10AC70000022142304A90420EEF731FA48B1DFF8CA
:10AC8000C40A006809AAFFF7AFFF0328ADF8100057
:10AC90000BD2082204F116010BA8ECF75BFBBDF800
:10ACA000101009AB142200F0D0FB04F11600FFF7DE
:10ACB000ACFF2079012818BF062841D10021A21D30
:10ACC000CBB2D05C18B9491CCAB2102AF7DBC9B2A2
:10ACD0001029DFF8745A15D195F8410020BB05AA58
:10ACE000622100F025FC002105A8FFF729F80020CB
:10ACF000FFF73DF805A8002100220023002480E88A
:10AD00001E0011E06179DFF8446AA01DFFF718F812
:10AD100095F8410000281CBF3178012904D16079E1
:10AD2000FFF725F800203070DFF88C180A78052A24
:10AD30005DD1DFF8200900788021ECF74EF956E06C
:10AD400004282BD1DFF8085A287801284FD109AA06
:10AD5000694604F1160002F08BFE01469DF80000E2
:10AD6000002844D0012200238DF834208DF835309E
:10AD70000A9309938DF83630142209AB00F065FB75
:10AD8000A21D00F0F9FC10B9A21D00F0FAFC002091
:10AD900028700321012004F051FD28E0032826D16A
:10ADA000694604F11600FFF738FD68B16A4604F100
:10ADB00016014FF6FE70FFF717FD00230022002159
:10ADC00004F11600F0F7CEFC00F014F9019838B940
:10ADD00001A8FFF792FE18B90199BDF8000008809C
:10ADE000A11D04F1160000F065F800F02CF90EB07A
:10ADF00070BD1FB50446608870B96946201D01F01A
:10AE00004BFF012808D1F4F7A0F8ADF80800211D88
:10AE100001916846FFF797FE1FBD80B50079FEF7E8
:10AE2000A6FFBDE80140F8F73FB9F8B584B0044685
:10AE3000150001F00F0618BF002C24D06B4610221D
:10AE4000002140F20110EEF76DF93746C7F110020C
:10AE50000DEB07012846ECF77DFA7F42EB193246ED
:10AE6000694603F11000ECF775FA0020295C225CBA
:10AE7000514029542A18215C137A4B402918401C50
:10AE800008280B72F2DB05B0F0BD10B588B004469F
:10AE9000102204A96846FAF775FCDFF8B8080068C4
:10AEA0006946FAF7B5FB019910222046ECF752FAF1
:10AEB00008B010BD7FB50E4601AA02A9FFF76FFDCD
:10AEC000050028D10299BDF80400488000F065F81B
:10AED000040020D00298009418234188FFF731FD28
:10AEE000102231462046ECF735FA002060612061DF
:10AEF000234602984188182200F01EF900F050F80D
:10AF000000F052F8029949880C204143034800227E
:10AF1000425001444A60284604B070BD608F002052
:10AF2000F89500201CB500F005F8010004BF009959
:10AF30000C7116BD0C466946FFF720BD1FB50446CF
:10AF400001AAFFF75EFEF3F7F7FF014601A8F3F74A
:10AF5000ACF990B101A92046FFF764FA78B103A9D2
:10AF600001A8FFF70BFD18B90398007940B104E080
:10AF7000694601A8FFF751FC08B9012000E0002054
:10AF800004B010BD1CB5FFF7D5FF010006BF009946
:10AF900049884FF6FF71218016BD1820ECF7E4B9FF
:10AFA00018212046ECF7B4BA2046ECF7DEB93EB5DE
:10AFB00015460C466A46FFF717FC08B101203EBD56
:10AFC00000F018F8019838B901A8FFF796FD78B994
:10AFD0000199BDF80000088029462046FFF76AFF66
:10AFE00001212046FFF79EFF00F02DF800203EBD16
:10AFF00011203EBDBDF8000001A9FFF7A6BC38B581
:10B0000000F05BF8040016D01421ECF781FA224618
:10B0100014214C20EEF70AF80928054601D100F06A
:10B020000DF8FFF7C1FFDFF8302708217120EDF799
:10B03000FDFF054300E00A25284632BD22461421C3
:10B040004C20EEF72CB82DE9FC410021ADF80010A2
:10B0500000F033F85FEA000827D0DFF80057686A8D
:10B0600000B300270626686A06FB07F4011917FBE0
:10B0700006F0801C80B206224044ECF76BF9686A47
:10B08000015B4FF6FE72914201D000F010F87F1C78
:10B09000032FE8DB022269464046ECF75BF94246A3
:10B0A000FFF7CDFF4046ECF760F9BDE8F381BDF84E
:10B0B0000000401CADF8000070471420ECF754B9B4
:10B0C0003EB50020ADF80000062101A8ECF7E0F93C
:10B0D000FFF7F3FF04001BD0DFF88016486AA8B121
:10B0E0000025062015FB00F0801C80B2062201A975
:10B0F0002044ECF72FF96D1CA8B20228F1D90222E6
:10B1000069462046ECF726F9FFF798FFFFF74CFF5A
:10B11000FFF743FF04000CD01821ECF7F9F90025E4
:10B12000234600F007F86D1CA8B20228F8D9FFF7F3
:10B130003BFF37BD1822A9B20620EDF793BFF8B543
:10B1400088B0054601A80021C0E9001103A8142118
:10B15000ECF79EF9FF268DF81C60002703AB142244
:10B16000B9B20420EDF73BFF58BB0C21DFF8F00526
:10B1700079434418290006D000F064F900202060CB
:10B18000606060721DE003A8009014230022B9B231
:10B190000420EDF789FF082201A905A8ECF7CCF8F7
:10B1A00038B903980B300390206001200499616046
:10B1B000607200F047F9142103A8ECF769F98DF8E3
:10B1C0001C607F1C032FC9DB15B1002002F07BFB44
:10B1D00009B0F0BD2DE9F04188B00C4600210646CB
:10B1E0008DF8001004F10800FFF7F8F8A12520B948
:10B1F00004F10801304601F00CFD03AA00F028F923
:10B20000DFF83C750146387840F203164FF6FF78B8
:10B21000012818BF022810D19DF8000068B901A8C4
:10B220000021C0E9001103AAFFF7DEFC01464145F9
:10B2300056D001208DF8000005E09DF800000028A0
:10B2400018BF41454CD09DF81C20002504F1260074
:10B25000C2B1012A06D0022A18BFFD2A21D0FF2A36
:10B2600006D045E0397801292CD0022903D129E004
:10B270003978012901D0022901D1012101706582AB
:10B28000A68235E005216182DFF8D8249DF81F10E1
:10B2900001F07F01A182117801B10121017041709B
:10B2A00026E00C20DFF8B82441435018A16950F87B
:10B2B000042F914212D3491C01603878012818BF2D
:10B2C000022804D14FF481716582A18210E0082226
:10B2D00005A904F11E00ECF73DF809E0A22507E0FE
:10B2E000387828B904F016F910B96082A6820025D2
:10B2F000284608B0BDE8F081B73400202DE9F843B6
:10B300008AB00022ADF81A000C468DF8182004F11E
:10B310000800FFF763F8A125002800F0868001AA45
:10B3200000F096F84FF6FF729042804640F2031606
:10B3300076D045460C214D43DFF8D8919DF80000AA
:10B3400009EB050778B39DF8140098B1012806D0E1
:10B35000022816D0FD2818BFFF2807D046E0DFF8E6
:10B36000E0130878012818BF022811D0A682002017
:10B3700060823BE09DF8170000F07F00A08205216D
:10B3800033E0DFF8BC030078012818BF022803D19E
:10B390004FF48170A08227E0082203A904F11E0067
:10B3A000EBF7D8FF22E0082204F1080103A8EBF72D
:10B3B000D1FFFF2101228DF814108DF81520ECF734
:10B3C0002EF800F00F0000218DF816000191029177
:10B3D00001AB1422414600F038F80C213846ECF756
:10B3E00097F801207872A6820021618200202074E3
:10B3F0000A223968A1610A213868401C3860B0FB14
:10B40000F2F201FB120070B909F108010120DFF826
:10B41000582348554FF480611078EBF7DEFD02E0C9
:10B42000A68200206082002507E006A8FFF766F8E4
:10B43000012804BF06A8FFF723F828460BB0BDE893
:10B44000F083000003AB1422B9B20420EDF70ABE6A
:10B45000694604F1080002F00BBB70B58EB00546DA
:10B46000684600210022002380E80E00F7F7D5FE91
:10B470000024000648BF0124002606E000F052F830
:10B4800010B90CB100F048F8761CB84801788E422B
:10B49000F4DBFF22082101A8EEF724FC761E00F061
:10B4A00041F810B90CB100F037F8182108A8EBF7F3
:10B4B000EFFF08AA18218220EDF7B8FD002808BF89
:10B4C000012D04D108AA18218220EDF7E8FD1121F1
:10B4D00003A8EBF7DDFF03AA11213A20EDF7A6FD43
:10B4E000002808BF012D04D103AA11213A20EDF74D
:10B4F000D6FD03AA11213B20EDF798FD002808BFD7
:10B50000012D04D103AA11213B20EDF7C8FD0EB097
:10B5100070BD0000849100206B460C22B1B2072060
:10B52000EDF7A0BD6B460C22B1B20720EDF757BD79
:10B530001CB5044608462100134628D13A2818BFF6
:10B540003B2802D1102201211CE040F2031290425C
:10B5500002D11022864909E068280CD17848007889
:10B56000012818BF022824D1102282491846EBF77F
:10B57000F1FE002016BDB0F5817F18BF622818D1FA
:10B580001022002102B0BDE81040EDF7CBBD052C24
:10B5900005D10093014610230022052006E0062C69
:10B5A00007D100930146102300220620EDF77CFD11
:10B5B00016BD0A2016BD00002430002038B586B024
:10B5C000044618216846EBF763FF00256B461822F6
:10B5D000A9B20620EDF703FD002808BF012C05D114
:10B5E0006B461822A9B20620EDF73CFD6D1C032D19
:10B5F000ECDB07B030BD10B50446FFF72EFF204648
:10B60000FFF7DCFF2046BDE8104098E57CB5FFF76A
:10B61000C4FC04001DD000250C2150486943461885
:10B62000327A012A0FD1009418230022A9B2FFF721
:10B6300089F940B930682061234671686161FFF77C
:10B6400079FD002030726D1C032DE5DBFFF7A8FCAF
:10B6500028E073BD223000207CB5FFF72EFD0400EA
:10B660001FD000250C213E4869434618327A012A32
:10B6700013D1009414230022A9B20420EDF714FD85
:10B6800058B9306820602346716861601422A9B2FD
:10B690000420EDF7E7FC002030726D1C032DE1DB88
:10B6A00000E073BD2046BDE87640EBF75EBE0000CB
:10B6B0003EB500BF35A10400D1E90023CDE9002348
:10B6C00008BF6C4622460021AB2001F092FA224DC1
:10B6D00021462846F2F7F8FD2A4608217120EDF7A9
:10B6E000DEFC37BD18B58BB0182105A8EBF7D0FEEE
:10B6F00005AA18218220EDF7D2FC11216846EBF74C
:10B70000C7FE6A4611213A20EDF7C9FC6A461121AD
:10B710003B20EDF7C4FC0C49094A002081F84100A8
:10B720001078012818BF022807D1114C224600F0DA
:10B7300023F810B9224600F024F80CB010BD000028
:10B74000B8340020D8960020588700208D1B002098
:10B750008E1B0020345C0020F8950020608F0020B4
:10B760008491002051980020223000206F3902007F
:10B77000FC3C0000EC3C000010214FF48170EDF720
:10B7800055BC10214FF48170EDF789BCFFFFFFFF1E
:10B79000FFFFFFFF1A20FEF7E1BD70B54B4CEBF742
:10B7A0003EFE207004F12C050220A0740F21484AAF
:10B7B00021712970697004F1660610784549E071BD
:10B7C0000A784548627000220178A17001200121A9
:10B7D000E172B07105212173607322813F4988783D
:10B7E0003F49A0730A783F48228201783E4AE174BB
:10B7F000002110782176207504F11C0100224FF6FB
:10B80000FE70C1E90022E0826083A08404F1390067
:10B810003649F2F759FD002068750F213170032277
:10B820003348727004F16E030178324A3171107836
:10B830003149F07001200A787271B0700222002143
:10B840008920EDF76FFC08B1002030810020F3F76C
:10B850006FFE0020708170BD704780B5E12918BF70
:10B86000F12907D112F0300F04D0EBF7D8FD00F02A
:10B870000700801C02BD21490878002800D07047CD
:10B8800080B500214FF6FF70F3F7C5FC4FF0FF3194
:10B890000120F3F71DFC4FF4DC710820F3F718FCCE
:10B8A0004FF47A711020F3F713FC64212020F3F792
:10B8B0000FFC4FF47A714FF48050F3F709FCBDE8A8
:10B8C00008400F4A28213520EDF7E9BB58870020B2
:10B8D000A7340020A6340020A5340020C8940020FE
:10B8E000A0340020A3340020A4340020DC30002049
:10B8F0005398002052980020A83400205798002028
:10B90000888F002080B5DFF8641B08700020DFF806
:10B91000601B81F82600FFF73DFFFDF7D5FA0020F8
:10B92000DFF8501B0860F4F779FBFFF736FF0020C3
:10B93000DFF8441B086001BD38B504000D0000228B
:10B9400004210020FDF77AFC0300002B01D1002028
:10B950001EE01889208007E0188904E020881989F2
:10B960008842F9D220882080002204211800FDF7A7
:10B9700065FC03000028F1D12800218880B28842AC
:10B9800003D22088451B258001E000202080012073
:10B9900032BD38B50024E9F7ABFB0500E9F7A5FB9C
:10B9A00045434FF47A70B5FBF0F1DFF8D02A106808
:10B9B00000280BD01068814206D25FF0FF30146877
:10B9C000041B1068041901E014680C1B200032BD30
:10B9D0002DE9F04391B00E00300405D500F0D5FEFE
:10B9E00096F40046300025E1B00405D500F0F0FEE5
:10B9F00096F4005630001DE1F00714D5DFF8701AF8
:10BA000091F82C000F280AD191F82600002806D0C2
:10BA100091F82600012802D0002000F00EF996F0DF
:10BA20000106300006E1B00640F1BC800120ADF80F
:10BA3000000000200020DFF8347A20213878EDF76C
:10BA400091F9DFF8388AD8F800100843002801D1AE
:10BA5000012503E0FFF79DFF05006D08002D66D06E
:10BA6000002204210020FDF7E9FB04003DE0FF2057
:10BA70008DF804008DF805005FF0FF308DF80600AA
:10BA800004AA2068C17F2068006AF3F703F901283F
:10BA90001FD1608A50F08000ADF83E00A07B8DF889
:10BAA0004000A07A000708D5BDF83E0050F4807031
:10BAB000ADF83E00207B8DF842006069002803D07D
:10BAC0006069007BADF82000002201A904A8FDF701
:10BAD0009EFE06206073207BFDF7D3FA04E0A07B76
:10BAE0000028C4D1012060734C46002C1FD00022D6
:10BAF00004212000FDF7A2FB81462089A84203D340
:10BB00002089401B208101E000202081208900281D
:10BB1000EAD1A07B0128E2D1A07A4007DFD4062039
:10BB20006073B7212068407B00F011F9DCE7FDF776
:10BB3000D0F9002201210020FDF780FB002803D06E
:10BB400020213878EBF749FA290089B26846FFF7D7
:10BB5000F3FE00281FD0BDF80000002807D12021E7
:10BB60003878EBF73AFA0020C8F8000016E0BDF884
:10BB70000000420020213878EDF7C4F8E9F7B8FA60
:10BB80000400E9F7B2FA44434FF47A70B4FBF0F0E2
:10BB9000C8F8000002E00020C8F8000096F0200677
:10BBA000300047E0B00724D5DFF8D408007800283B
:10BBB0000CD1DFF8BC08418B0120FDF78FFF01217C
:10BBC000DFF8A8080078EDF7A1F80EE002A8F3F777
:10BBD000C4F9F3F7BEF9DFF8C0190B78DFF8BC1928
:10BBE0000A7802A980B2F4F7ADF896F002063000A8
:10BBF00020E0B00505D5F4F7DAF996F400763000C8
:10BC000018E0300707D50120DFF89419087096F086
:10BC1000080630000EE070050BD503F0CEFA0121C6
:10BC2000DFF84C08808CFDF74BFF96F480663000FF
:10BC300000E0002011B0BDE8F08310B586B01821F7
:10BC400000226C462000EBF7EFFB02208DF8080085
:10BC5000DFF81C08418BADF80010808CADF80A00AD
:10BC600000208DF814006846EEF7C9FA06B010BD42
:10BC700018B58DB00C00002C15D06A460100C9B271
:10BC80002000F3F707F89DF8060000280BD09DF878
:10BC90001C309DF8012021000020FEF775FA0028D5
:10BCA00001D0A42000E000200EB010BD38B5040083
:10BCB00001204FF6FE752800A07A40060BD52068BB
:10BCC0000088F3F7E0FD002802D04FF6FF7004E093
:10BCD0002068008801E0F3F73CF9010089B2A9422D
:10BCE00014D02168088080B2F3F7CDFD002803D07E
:10BCF00000202168C88102E001202168C881DFF8A6
:10BD0000A4182068EEF797FA050000E0CD2528007A
:10BD1000C0B2002809D1DFF80409007800280DD14D
:10BD200001212020F3F777FA08E02900C9B2206842
:10BD3000407B00F00CF8002800D00024002C03D039
:10BD400001212000FDF7EEF82800C0B232BD38B561
:10BD500004000D001420EBF7A2F800280DD00C21F0
:10BD6000017084704570002181730100DFF8FC06CA
:10BD70000078EBF7B7F800200FE02000C0B2FDF725
:10BD800079FA002808D006214173007B02F0C2FB3B
:10BD90002000C0B2FDF775F9102032BD010000206F
:10BDA000896A0978032907D0042905D0072903D017
:10BDB0000A2901D00C2900D10120C0B270477FB5FB
:10BDC0000500A878FDF756FA0400002C51D0002693
:10BDD0006878E0736878F1280ED06878CD280BD0A9
:10BDE00068781A2808D06878E92805D06878E128AA
:10BDF00002D068781D280CD100212000FDF792F8B0
:10BE0000002806D0628969782089FFF726FD208105
:10BE10000126F6B2002E24D168788DF8080001942E
:10BE2000A87B8DF80900207C002803D101A8FDF72C
:10BE30005BFC02E001A8F3F7C6FC9DF80800E928C6
:10BE400003D09DF8080000280AD1012000909DF839
:10BE50000830EA7B2068418920680088F3F798F869
:10BE6000FFE7607B022801D106206073A878FDF708
:10BE700008F9FDF72EF8DFF8A407007800280AD1AA
:10BE800000208DF8000069465220EEF709F90121E3
:10BE90002020F3F7C0F97FBD38B50400002500204D
:10BEA0006079002819D055F008056189FF20FDF759
:10BEB000E3FA002807D055F0040555F02005607915
:10BEC00050F001006071607910F00300012858D132
:10BED00055F0010555F0100553E0607F002823D090
:10BEE00094F82100002803D094F82100FF2810D1F5
:10BEF000DFF87C056189C28A914204D155F00205C0
:10BF000055F020053DE090F82600042839D10120A5
:10BF100037E0626A94F8211094F8200002F042FAA7
:10BF200000282ED101202CE06089F3F7ACFC022818
:10BF300001D155F001056089DFF83415C98A8842BE
:10BF400001D155F002052800C0B2002807D0A07822
:10BF5000002802D155F0200501E055F04005608928
:10BF6000F3F791FC012801D155F00105A0780028D4
:10BF700007D0A06A0078F3F74AFC012801D015F039
:10BF8000FE052800C0B232BD38B504000125A078F6
:10BF9000022800DB00252079022800DB00256089CB
:10BFA0004FF6F87188420ED060894FF6F9718842D9
:10BFB00009D060894FF6FA71884204D060894FF643
:10BFC000FB71884200D10025F3F744FCE178C0B250
:10BFD000814200D000252800C0B232BDF0B58FB03C
:10BFE00005004FF6FE7000200020DFF830060078D4
:10BFF000002812D12889002804D001211020F3F74D
:10C000000AF903E000213020F3F705F900208DF84C
:10C01000000069465220EEF743F802AA2989C9B206
:10C020006868F2F737FE002804D002A8FFF7ACFFDB
:10C03000002803D1D32000F03FFC28E19DF839000F
:10C04000002803D0D32000F037FC20E1288DADF884
:10C050003400688EADF816009DF80E0000280DD053
:10C060009DF824309DF8092069680120FEF78CF8BE
:10C07000002803D0CF2000F01FFC08E102A8FFF742
:10C080000BFF06009DF80E0000281CD1DFF8E0032E
:10C09000C07A002817D03000C0B210F02200222849
:10C0A00011D03000C0B210F04200422807D10C98E5
:10C0B0000078062807D00C980078072803D0CF20F6
:10C0C00000F0FAFBE3E0700615D502A8FFF766FE64
:10C0D000002810D1BDF81200DFF89413C98A8842F5
:10C0E00005D10C980178BDF81400F3F7E0FCD320DB
:10C0F00000F0E2FBCBE070060DD50C980078032829
:10C1000003D10C9840780D2805D002A8F3F7AFFCB6
:10C11000012800F0BC80DFF85873B5F84400B98CF2
:10C12000884209D100200090002395F84620B5F8F8
:10C130004210288DF2F72CFF9DF80E00002822D027
:10C14000B5F84210288DF4F779F80400002C48D097
:10C1500068689DF809100844407BE1780200D2B27B
:10C16000914202D0E07000206060042168689DF870
:10C1700009201044401CEBF715F961688842C0F0B3
:10C180008680401C606097F82600042803D097F84A
:10C19000260009287BD1B0064DD595F846008DF8CC
:10C1A000040095F847008DF8050095F848008DF8D3
:10C1B00006009DF81A0001280DD1BDF81400298D44
:10C1C000884208D1BDF81200F3F75DFB022802D1C6
:10C1D00000208DF81A00EA6B01A902A8FDF717FBF1
:10C1E00054E09DF83900002810D00420EAF757FEEB
:10C1F0000100002909D06420087001204870288DB2
:10C2000048809A480078EAF76DFE40E097F86C00A5
:10C210000128B8D10C980078062801D17006B2D454
:10C22000BDF816004FF6FF71884203D0290002A81E
:10C2300000F02FF82BE0700628D50C980078042821
:10C2400008D19DF82400022804D102A90020F3F7A8
:10C250001FFA1BE00C980078072807D19DF82400EE
:10C26000042803D102A8F3F785F90FE00C980078B1
:10C27000032804D1002102A8F3F77AFC06E00C9809
:10C2800000780C2802D102A8F3F78CFDFFE70FB06D
:10C29000F0BD38B504000D00DFF8E0050078002897
:10C2A00007D060897249C98A884202D101F02FFE05
:10C2B00018E00021C9B2608902F078F900280CD09A
:10C2C000807910F0180F08D0688E00902B8D627F57
:10C2D0006189A08902F038FA04E000226189A0890E
:10C2E00001F041FE31BD3EB50500614C94F82600D9
:10C2F000032807D094F82600012803D094F82600DC
:10C30000092877D16878002853D100210220FFF74F
:10C31000A3FA6888E082A91C5320EDF7C1FE94F8C7
:10C320002600092802D0A08CF3F769FF01208DF8C0
:10C33000000069464220EDF7B3FE042084F8260091
:10C3400001A94A20EDF799FE01A914F11C00F1F7AB
:10C35000BBFFDFF82C0501780B2902D10621017003
:10C3600003E00021A08CFDF7ABFBE18A0320FFF77F
:10C3700073FA618B0420FFF76FFAA07B000703D5E7
:10C3800001208DF8000002E000208DF800006946D1
:10C390005220EDF785FEA07B000705D501214FF463
:10C3A0000040F2F738FF23E001210120F2F733FFCC
:10C3B0001EE0697889B241F20300FFF74DFADFF819
:10C3C000C00401780B2901D10A2101700020DFF897
:10C3D000B41408704FF48041DFF8AC040078ECF737
:10C3E00095FC6978A08CFDF76BFB002084F8260093
:10C3F00000F01DF937BD80B51F4A1168002903D12F
:10C400001B4991F8261000E00221C9B2052902D08B
:10C41000062908D00FE0DFF874241168002901D044
:10C420001168884720E0DFF868241168002901D0EE
:10C430001168884718E01168002903D011688979CC
:10C44000012903D14078FDF732FB0DE011688979AD
:10C45000022902D1F3F75EFD06E0DFF83824116807
:10C46000002901D01168884701BD000065980020AF
:10C47000588700200C97002000970020109700207C
:10C480005F98002038B58CB00500287C0F28C0F2DA
:10C4900081806C6801AA297C686900F008F99DF820
:10C4A000040000280AD1287C0B2807DB207A022808
:10C4B00004D1207B00F0FF00FF2800D06AE09DF847
:10C4C0000600002803D09DF80600022862D1DFF89C
:10C4D000C81391F8260002280CD091F826000628EF
:10C4E00008D0DFF8BC231068002844D01068807999
:10C4F000012840D1DFF8A8030068002807D10020F8
:10C5000000900023627C61892088F2F741FD208839
:10C51000ADF818006089ADF81A00A07B8DF81C00FA
:10C52000A08980B2C00B8DF81D009DF808008DF821
:10C530001E009DF80A008DF81F009DF805008DF87B
:10C5400021009DF806008DF82000607C8DF8220007
:10C550009DF809008DF823009DF816008DF8240041
:10C5600008220DF10B010DF12500EAF7F3FE06A8F4
:10C57000FDF7A2FA0EE091F82600082803D091F802
:10C580002600042806D19DF806200DF10B016089D4
:10C5900000F0BCF80DB030BD56980020AF3400203C
:10C5A0006898002071BC01002DE9FC4105000E00D7
:10C5B00017006846BB49D1E90023C0E900235FF0BA
:10C5C000000829006846F1F770FE002801D15FF0ED
:10C5D0000108B248046800E0A469002C1AD0404663
:10C5E000C0B200280CD0290014F10C00F1F75DFE58
:10C5F0000028F1D0A0783900C9B28842ECD109E016
:10C600002088310089B28842E6D1A0783900C9B2C9
:10C610008842E1D12000BDE8F68100005798002053
:10C620009E480068704700209C490860704738B5F4
:10C630009A4D286803E08469EAF797FE20000028F5
:10C64000F9D10020286031BD70B5040015002078B4
:10C650000870481C617801700178A27851EA0211D3
:10C660000170401CE17801700178227951EA820161
:10C6700001700178627951EAC20101700178A279F2
:10C6800051EAC2110170461C0822E11D3000EAF790
:10C6900061FE0836032214F10F013000EAF75AFE5A
:10C6A000F01CEDB20F2D01DBA17C017070BD38B51F
:10C6B000140001782170401C017811F00F016170A5
:10C6C0000178C9B20909A170401C017811F0030179
:10C6D000E1700178C1F3800121710178C1F3C301D8
:10C6E00061710178C9B2C909A171451C08222900EC
:10C6F000E01DEAF72FFE08350322290014F10F0090
:10C70000EAF728FEE81C0078A07431BD3EB50400AD
:10C71000634B1868002808D018688079022804D173
:10C72000200080B2F3F7D6FB2EE05B4DA88C2300EF
:10C730009BB2984228D1D2B2012A05D015F1390016
:10C74000F1F7B3FD00281FD14FF400714E48007877
:10C75000ECF708FB002817D1A86A009095F82E0086
:10C760008DF8040001208DF8050002208DF80600E8
:10C770006846F6F70FFE002804D1200080B2F3F7D8
:10C78000A9FB01E0F6F73CFE37BD10B53E48007846
:10C79000EAF7FAFB0400002C19D0002100E0491C44
:10C7A000414A0800C0B212F83000FF280CD008003F
:10C7B000C0B212F8300023789842F0D12000C9B2FC
:10C7C00002EBC101496888472000EAF77CFB10BDF5
:10C7D00010B5FCF7E0FD0400002C05D02000FFF7A9
:10C7E000FDFB2000EAF76FFB10BD38B50400607850
:10C7F000FDF77AF96078E12808D06078F12805D053
:10C8000060781A2802D0607819280BD1274D287833
:10C81000002802D10020FFF710FA287890F00100DC
:10C82000287002E000202149087021480078002883
:10C8300009D16078EB2802D06078E92803D1002183
:10C840003020F2F7E8FC14480121009163780022BF
:10C85000818C408BF2F79CFBFCF73BFB31BDC0B2F7
:10C86000002803D100201349087002E0012011497B
:10C87000087070470F4800787047000052980020F9
:10C88000243000205598002065980020049700204F
:10C8900008970020D0960020588700200C97002091
:10C8A00000970020244700002C47000069980020D2
:10C8B00057980020679800207047AB002DE9F041A1
:10C8C00086B00400E57ADFF8F40A0078002801D188
:10C8D000BA201CE1012600270C210022E846404630
:10C8E000EAF7A2FD01208DF80500207E40070AD559
:10C8F0009DF8020050F040008DF80200207E0007F5
:10C9000001D456F00206207EC00601D556F040063E
:10C91000207E000715D59DF8020050F0C0008DF86C
:10C920000200207E800606D59DF8030050F001002D
:10C930008DF8030005E09DF8030050F002008DF82B
:10C940000300208B10F4C070B0F5C07F01D156F009
:10C950000806207A00280AD1F2F7F7FAADF80000AD
:10C960009DF8020050F004008DF8020048E0207AA3
:10C970000F280BD19DF8020050F008008DF802003E
:10C980002088ADF8000056F0040639E0207A02282D
:10C9900007D19DF802008DF802002088ADF8000054
:10C9A0002EE0207A032808D19DF802008DF80200BD
:10C9B0006946200000F070F922E0207A01281FD19A
:10C9C000DFF8400B90F8680000280CD09DF80200BA
:10C9D00050F008008DF802002088ADF8000056F4F1
:10C9E0008056FF250BE09DF8020050F00C008DF8FA
:10C9F00002004FF6FD70ADF8000056F004062788DF
:10CA0000207EC00711D59DF8020010F00C0F0CD14C
:10CA10002088FEF793FA002801D1BB2077E09DF82B
:10CA2000020050F020008DF80200207EC0070BD5D8
:10CA30009DF8020010F00C00042805D19DF80200BA
:10CA400050F020008DF80200608A8DF804006846DE
:10CA500000F0B0FE9DF81400002856D10398C6825D
:10CA6000E07E03994876207F03998876207A012812
:10CA700005D1DFF8900A90F8680003990877A07E46
:10CA800003990885208B03994885E07F039981F8F5
:10CA90002C00208B10F4C070B0F5C07F05D1039836
:10CAA000417D94F8200008F023FAA07A039981F8D8
:10CAB0003A00039880F83B5003988787E0890399F0
:10CAC000C887208A0399A1F84000A07E039981F8C5
:10CAD0004A00A07F039981F84B00607F039981F899
:10CAE0004900628A61690398406CEAF733FC207E52
:10CAF000400607D5DFF8081B0868002802D0684602
:10CB000009688847684600F0A2FE9DF8140006B048
:10CB1000BDE8F08110B54178012901D1092400E078
:10CB20000824D4F16C040078002804D00520FDF717
:10CB300038FB241A0D3CDFF8CC19087B002804D000
:10CB4000087BFDF72EFB241A0E3C2000C0B210BD5E
:10CB500013B511001A00DFF8AC4A2368002B0CD083
:10CB600001AB00930123D2B2C0B22468A0470028D1
:10CB700001D0002002E0B22000E0B62016BD38B59A
:10CB8000DFF8845A2C68002C05D0DBB289B2C0B221
:10CB90002C68A04700E0B62032BD38B503000C0079
:10CBA0001500B520DBB2A22B0ED0A32B02D0AB2BED
:10CBB00015D01CE0DFF8542A1168002903D0106852
:10CBC00080472880002012E0DFF8442A11680029FD
:10CBD00004D02900200080B21268904707E0DFF8F7
:10CBE000340A01682800F1F76FFB0020FFE7C0B2AC
:10CBF00032BD80B51100B522C0B2AB2806D1DFF836
:10CC0000140A0068F1F760FB0022FFE71000C0B2D1
:10CC100002BD70B504000E000125DFF8E808C08AE7
:10CC2000210089B2884206D1F2F786F9010030006E
:10CC3000F1F74AFB2DE0F2F78CF9210089B2884226
:10CC400003D13000F2F789F923E03100200080B2EF
:10CC5000FDF7E8FB0500DFF8C0090078002818D1CF
:10CC600002F058FC002814D12800C0B2002810D1CE
:10CC70002000DFF8A819098880B2884209D1A4B23F
:10CC8000002C06D00822DFF898193000EAF762FB82
:10CC900001252800C0B270BD70B504000D0001264A
:10CCA000F2F74AF901002000F1F7FFFA012804D158
:10CCB000DFF85008C08A288004E029002000FDF732
:10CCC000C5FB06003000C0B270BD10B504000E20D8
:10CCD000EAF74AFB00281BD094F83810017094F84A
:10CCE0003910417094F83A10817094F83B10C1707B
:10CCF000E18F8180B4F84010C18094F84210017235
:10CD000094F84A1001736188418194F84910417385
:10CD100010BD10B50C00B320DFF80829D17A002926
:10CD20000FD192F8411001290BD1A07DFDF7B6F883
:10CD3000A082A08A4FF6FF71884201D0002000E057
:10CD4000A120C0B210BD1CB50C00217F052906D161
:10CD500014F1080180B2FFF75CFF00282BD0694670
:10CD600014F10800FEF70EF9BDF800004FF6FF7150
:10CD700088421ED02078012816D1DFF8301ABDF87D
:10CD800000200C20424301EB0200001DA169026853
:10CD9000914207D3BDF80010A182A169491C01602E
:10CDA000002009E0A22007E0BDF80000A0820020DA
:10CDB00002E0A12000E0C820C0B216BD1CB50400EE
:10CDC000DFF86018C87A002829D191F841000128BD
:10CDD00025D13A236A4601210020F3F721FC0028DF
:10CDE0001AD1012020749DF80000A07500206082F7
:10CDF0003A20A082DFF8B8090168A1610168491CE6
:10CE00000160006801280AD14FF40071DFF8800A40
:10CE10000078EAF7E2F802E04FF6FF70A08213BD57
:10CE20001FB50C0001A980B2FFF7F3FE002834D033
:10CE3000694601A8FEF7A6F8BDF800004FF6FF719D
:10CE400088422AD00C21DFF86429BDF8000048434D
:10CE500010440023237406236382BDF80030A382AC
:10CE60000368A36103685B1C036000684FF47A7376
:10CE7000B0FBF3F403FB140000280ED1BDF8000052
:10CE800001FB00F102EB0100012101724FF400618E
:10CE9000DFF8FC090078EAF7A0F81FBD38B50500F7
:10CEA0000C004FF6FF70A082A06910F1010F43D073
:10CEB000207C012807D1002060822100280080B258
:10CEC000FFF727FF39E0207C002812D1062060827E
:10CED0002100280080B2FFF736FF0100C9B2002907
:10CEE0002BD0042060822100280080B2FEF772F966
:10CEF00023E0207C022812D1062060822100280035
:10CF000080B2FFF720FF0100C9B2002915D004202C
:10CF100060822100280080B2FEF75CF90DE0207CE1
:10CF2000032807D1042060822100280080B2FEF788
:10CF300051F902E0A12000E0A320C0B232BD70B5DB
:10CF400004004FF6FF752069858221692088FFF76C
:10CF500067FF206910F108012088FFF75AFE00F0F2
:10CF600009FF002810D0002021694882682021692B
:10CF70008882022021690874DFF88C09016822691F
:10CF800091610168491C01602069808AA8421FD113
:10CF9000DFF88066316820690830F1F786F90028EB
:10CFA0000BD1F1F7C9FF01003068F1F77EF90028D5
:10CFB00003D100F0DFFE00280AD021692088FEF7A7
:10CFC0009DF9002801D0206985820020216908741C
:10CFD0002069808AA84208D12069FFF7EFFE206906
:10CFE000808AA84201D1A120207570BD38B5040007
:10CFF0002C20EAF7B9F920612069002847D02C21BC
:10D00000002225692800EAF70FFA2000FFF797FFB2
:10D010002069808A4FF6FF71884232D02069007CF7
:10D02000012803D10E202169087714E0A0680028A8
:10D0300003D00D20216908770DE000F09BFE002849
:10D0400002D1A078C00703D50D202169087702E03E
:10D05000052021690877A078C0B210F003000128EC
:10D0600003D105202169487004E0DFF8B805007B92
:10D070002169487020694078FDF793F82169487765
:10D0800007E02069EAF771F90020206101E0102033
:10D09000207531BD80B50822FF21EAF7B1F902BD44
:10D0A0002DE9F04188B004000D002C20EAF75CF96E
:10D0B0000600002E00F00581F1F747FF698B80B272
:10D0C000814202D10220307001E0012030702869D5
:10D0D000697B494208447060687BB070002086F824
:10D0E0002600002086F827003000FCF74AFD28784B
:10D0F00010F00300012802D10520707003E0DFF872
:10D100000404007B70707078FDF74BF87077286925
:10D11000317F08442861297D307F091A707F091A00
:10D120002975287DF0703100200080B2FFF7B6FE2F
:10D1300007003078022806D1F1F7FEFE010016F153
:10D140000800F1F7C1F83800C0B2002840F0B580FF
:10D150000024DFF8C4542878012802D02878022857
:10D160001CD196F82600012803D096F82700012844
:10D1700014D1F078B1780818317F4018001DEAF713
:10D18000F3F80400002C09D0F078B1780818317F4A
:10D190004218121D71682000EAF7DCF83000FCF735
:10D1A0004DFD07002878012803D02878022840F098
:10D1B0007F803800C0B200287AD0002C78D000E000
:10D1C0002F0096F82600012803D096F827000128A2
:10D1D0006ED13D00F078B1780818317F4218121DE9
:10D1E00021007068EAF7B6F896F82600002807D004
:10D1F000002070826820B082002086F826000BE0B4
:10D2000096F82700002807D00020708240F2031013
:10D21000B082002086F827003000FCF70FFD0700E1
:10D220003800C0B20028CCD1142100220DF10C0826
:10D230004046EAF7F9F801208DF81D00708A0028B1
:10D240001BD1B08A682818D17068C07B0528B7D177
:10D2500070682A30FFF71EFF0028B1D00821FF2296
:10D2600001AD2800EAF7E0F801AA0021AB20FFF7A2
:10D27000C0FCFC208DF81C000AE0708A002807D151
:10D28000B08A40F20311884202D1FF208DF81C00C1
:10D290000022694605A800F0EBFB9DF8001000296C
:10D2A00006D003AB1422010089B20420EBF7DAFEAA
:10D2B000002C02D02000EAF758F83000EAF755F8C1
:10D2C00000E010273800C0B208B0BDE8F08110B50A
:10D2D0000400E06890F83800C0B210F003000128A4
:10D2E00019D12069007C002815D1E068406C0078D5
:10D2F000052810D1E068406C40780100C9B20129CE
:10D3000002D0C0B2062803D102202169087402E0CD
:10D31000032021690874002021690870E06890F8F2
:10D32000480021698870E06890F842002169C8705F
:10D33000E068006921694860F1F7FEFD010020699D
:10D340000830F0F7C1FF2069FCF778FC207510BDAC
:10D3500001207047DFF8BC07DFF8BC170860DFF872
:10D36000BC07DFF8BC170860DFF8B807DFF8B817AC
:10D370000860DFF8B807DFF8B8170860704738B5FD
:10D38000040020688578F1F7E0FD2168098880B203
:10D39000814210D0A8060ED52068DFF87C170968F6
:10D3A000884720680069002805D12068807810F03F
:10D3B000DF002168887031BD00000000C13400200A
:10D3C00030B4C16891F8382012F00303C1680969CC
:10D3D0000A704D1C1900C9B2002903D01900C9B246
:10D3E000022955D112F00C042100C9B2002907D03E
:10D3F0002100C9B2082903D02100C9B204290AD1E9
:10D400001900C9B2022901D1D10604D4C16891F82A
:10D410003B1029706D1C2100C9B20C2909D1C168CB
:10D42000898F2970691CC568AD8FADB22D0A0D704A
:10D430004D1CDBB2022B01D1D10629D4C168C98FA2
:10D440002970691CC368DB8F9BB21B0A0B70491CD7
:10D45000C368B3F840300B70491CC368B3F8403060
:10D460009BB21B0A0B704D1C2100C9B200290AD0C7
:10D470002100C9B2082906D02100C9B20C2902D066
:10D48000E4B2042C04D1C16891F83A1029706D1CE3
:10D49000C16891F8391011F0030F06D1910704D437
:10D4A000C16891F82A10090605D5C16891F849109C
:10D4B0002970691C0BE0DFF82C170B78C46884F81E
:10D4C00049300B782B700B785B1C0B70691C1306B2
:10D4D00016D5C36893F839300B70491CC36893F8AC
:10D4E000393013F0030F0BD0C36893F84B300B7037
:10D4F000491C920704D5C06890F84C000870481C7D
:10D5000030BC70475887002010B401688A7812F048
:10D510000303012101711900C9B2002903D01900C8
:10D52000C9B202293AD112F00C042100C9B2002973
:10D5300007D02100C9B2082903D02100C9B20429AB
:10D5400008D11900C9B2022901D1D10602D401794A
:10D55000491C01712100C9B20C2902D10179891C31
:10D560000171DBB2022B01D1D10617D40179891CDC
:10D5700001710179891C01712100C9B200290AD009
:10D580002100C9B2082906D02100C9B20C2902D055
:10D59000E4B2042C02D10179491C017111060FD5A6
:10D5A0000179491C01710168C97811F0030F07D096
:10D5B0000179491C0171910702D50179491C01715A
:10D5C0000179491C017110BC704780B501690029BF
:10D5D00002D00069E9F7C9FE01BD10B504000020C2
:10D5E0002168C86000202168086100202168087552
:10D5F0002000FFF789FF2000FFF7C1FE10BD0000EB
:10D60000C8960020D0910020DC960020D491002004
:10D61000E0960020D8960020B8340020169800200C
:10D62000089600205887002018B585B04189ADF8CC
:10D630000010416849788DF802104168891C0191F9
:10D640009DF80210042906D1416812310291406808
:10D650001A3003901BE09DF80210012903D09DF8B9
:10D66000021006290AD14168897C8DF803104168AF
:10D670001331029140681B30039008E000210291B1
:10D680004168123103914068807E8DF810000124BA
:10D69000029800280BD00298FCF7A0FE012806D1C2
:10D6A000F1F74AFC01000298F0F7FFFD0400E4B234
:10D6B000012C03D1684606F083FDFFE706B010BDDC
:10D6C00080B54189ADF80010406840788DF80200BF
:10D6D000684606F099FD01BDE0B54189ADF800103E
:10D6E000416849788DF80210416889788DF80810F2
:10D6F0009DF80210002902D1407A002802D0684625
:10D7000006F095FD07BD80B541680978052904D06C
:10D71000092905D0102906D008E0FFF785FF05E0AC
:10D72000FFF7CEFF02E0FFF7D7FFFFE701BD10B51F
:10D7300088B0040001A96089FFF76BFA03AA694663
:10D7400001A800F095F99DF80000002813D09DF87D
:10D750001C00FD2803D09DF81C0000280BD1DFF829
:10D7600028060078002806D1607A002803D1606876
:10D770000078062817D0607A002803D16068007806
:10D78000072810D0207B002808D160680078052881
:10D7900004D04FF49A70FFF78FF804E02000DFF810
:10D7A000EC150968884708B010BD0000608F0020A4
:10D7B000B49700201FB50400019401A8FFF70DFFE6
:10D7C000207D002842D150208DF8000021799DF85D
:10D7D000080041188DF8011060798DF80200206969
:10D7E000002809D09DF801102069027F2069407F40
:10D7F000821851188DF801106846F5F778FD002859
:10D800001FD02188418001214176A17880F838100D
:10D81000E17880F83910217980F8421001699DF88B
:10D820000820114441649DF8081080F848102169CF
:10D83000002904D0416C2269127F11444164E060E8
:10D8400004E02000FFF7C1FE102020751FBD10B5B9
:10D850000400207D002817D12000FFF7B1FD2069CA
:10D86000002804D02000DFF8B81209688847207D1E
:10D87000002804D1E068F5F708FD207504E0E068B1
:10D88000E9F773FD0020E0602000FFF79EFE10BD69
:10D890002230002038B504000D00F1F756FB698BEB
:10D8A00080B2814207D0200080B2FDF747FB0028FC
:10D8B00001D1012006E02900200080B2DFF87022AB
:10D8C0001268904732BD10B50400002C0FD100241F
:10D8D0002000DFF8BC14098880B2884212D21022DE
:10D8E000210089B20520EBF726FC641CF0E72178C3
:10D8F00011F07F011022C9B289B20520EBF71BFCA1
:10D900000020207010BD0000B897002038B588B006
:10D910004FF6FF7000208DF800000821002201ACB6
:10D920002000E9F781FD03AA694601A800F0A0F8EC
:10D9300004009DF80000002801D1012010E014210E
:10D94000002203AD2800E9F76FFDFF208DF81C00D1
:10D9500003AB1422210089B20420EBF783FB0020E3
:10D9600009B030BD2DE9F84386B004000D004FF634
:10D97000FF773800380000208DF80000DFF814042D
:10D980000078002806D1DFF810040078002801D1C3
:10D99000012024E0002C01D0002D01D102201EE046
:10D9A00001AA6946280000F063F80600300080B242
:10D9B000B84201D1B22012E09DF80000002811D039
:10D9C0009DF8140000280DD19DF8171011F07F016B
:10D9D0002300102289B20520EBF744FB002007B09A
:10D9E000BDE8F083002700E07F1CDFF8A483380047
:10D9F000B8F8001080B2884233D2230010223900D8
:10DA000089B20520EBF7EBFA0928EDD13C0008229A
:10DA1000290003A8E9F79EFC002002900020019055
:10DA200000208DF8140054F080048DF8174001ABED
:10DA30001422310089B20420EBF714FB0C210022E0
:10DA40000C24DFF85853300080B2604305EB000926
:10DA50004846E9F7E9FCB6B2664305EB060001214A
:10DA60004172B8F80000BFB28742B7D3B220B6E720
:10DA700038B58CB00D0014004FF6FF71ADF81010E2
:10DA8000002D01D0002802D1BDF810003EE0002199
:10DA90002970039009A907A8091A89B202910820E0
:10DAA000019007A800901423002204A90420EBF79A
:10DAB00016FBC0B2002817D00821002205AD2800AF
:10DAC000E9F7B2FC05A8039009A907A8091A89B2C9
:10DAD00002910820019007A800901423002204A9B5
:10DAE0000420EBF7FCFA01E001202870BDF81000DB
:10DAF000DFF8B4120988884206D2002C04D0142220
:10DB000007A92000E9F726FCBDF810000DB030BDD4
:10DB100000000000EDCF0100B4960020CFD201003C
:10DB2000B896002051D30100BC960020A1D001007E
:10DB3000C096002038B586B004000C2100226D4646
:10DB40002800E9F771FC2088ADF8000009208DF865
:10DB5000040001208DF80500207A012816D121202B
:10DB60008DF80200DFF82C020078002811D101F0B6
:10DB7000D1FC00280DD108226168DFF82402E9F702
:10DB8000E9FB2088DFF81C12088002E001208DF8F4
:10DB900002006846FFF70EFE9DF8140000280AD127
:10DBA0000398406C072101706168401CF0F78CFB02
:10DBB0006846FFF74CFE7748007800280CD101F04A
:10DBC000A9FC002808D108210022754C2000E9F7A3
:10DBD0002BFC0020734908809DF8140007B030BD6D
:10DBE000000000006398002038B586B004000020D3
:10DBF0008DF814000C2100226D462800E9F714FC72
:10DC00006078012802D06078042803D102208DF8C2
:10DC1000040009E06078022803D10A208DF804008E
:10DC200002E0B3208DF814009DF8140000281FD1E5
:10DC30002078ADF8000021208DF8020001208DF839
:10DC400005006846FFF7B6FD9DF8140000280FD1C7
:10DC50000398406C08210170617841706178022955
:10DC600003D16168801CF0F72FFB6846FFF7EFFDDA
:10DC70009DF8140007B030BD38B596B00400207987
:10DC8000042807D143480078002803D000F072F838
:10DC9000002801D0C22064E001AA0021AB20FEF7D9
:10DCA0007CFF216801A8FCF7ADFB002801D1C22050
:10DCB00057E011AA69462068FFF7DAFE9DF80000D8
:10DCC00000284DD09DF85400012849D10DAB1022F9
:10DCD00000214FF48170EBF725FA03208DF8010045
:10DCE00009AB0DAA08210DF1010006F065FC00202A
:10DCF0008DF820000C21002203AD2800E9F794FBE9
:10DD00000020ADF80C0041208DF80E0001208DF8A8
:10DD100011001A208DF8100003A8FFF74BFD9DF8A5
:10DD2000200000281CD10698456C0F20287020790F
:10DD30006870F1F701F90822010001A8E9F70AFB70
:10DD400001A9A81CF0F7C0FA102209A915F10A00D0
:10DD5000E9F700FB03A8FFF77AFD9DF8200000E03B
:10DD6000C22017B030BD80B5FFF7F4FA0F4807495D
:10DD7000086001BD80B50822FF210D480068E9F761
:10DD80003FFB02BD000000005A980020C49600200E
:10DD90000E750000B8340020A234002084910020C9
:10DDA00008960020169800209674000007D70100FE
:10DDB000D89600202DE9FF4106000F001500F80756
:10DDC00009D54FF6FC76B80702D557F010074AE0A0
:10DDD00057F0080747E03900C9B2300080B200F0C0
:10DDE000A0FCDFF82C43E18A80B2884201D10020F8
:10DDF0008AE03A00D2B20221300080B200F036FC54
:10DE0000002801D100207FE03B00DBB202224FF668
:10DE1000FE71300080B200F0E5F8002801D0C72084
:10DE200072E017F0DF0778061DD4002002A9300049
:10DE300080B2FCF7F7FA002802D057F0200712E072
:10DE4000A18C300080B2F2F714F9040000280AD047
:10DE5000A01CFCF7C3FA002805D0A11C02A8F0F70B
:10DE600033FA57F02007DFF8784194F80080DFF8A4
:10DE7000A00201210091C38A00222178C08A00F00B
:10DE8000D6FA2178491C2170C0B200283AD1B806D0
:10DE900001D50E2000E006208DF8050001A8F1F75D
:10DEA000C6FC0400002C2BD00120A077F1F744F829
:10DEB000606220690121017017F07801417080F8DB
:10DEC0000280C670B6B2360A067100214171B906E9
:10DED00003D502A9801DF0F7F7F94FF6FC706080BA
:10DEE0002800C0B2002807D02800DFF8CC1209783B
:10DEF000C0B2884200D2A5762000F5F7C6F902E04C
:10DF0000102000E0C720C0B204B0BDE8F08110B519
:10DF1000DFF8C8404FF480512078EAF723FF00284B
:10DF200004D00120DFF8941208701BE0DFF89002A3
:10DF30000078012807D1DFF88C0202780121002047
:10DF4000FFF738FF06E0DFF87C02027803210020AB
:10DF5000FFF730FFDFF8700202884FF4805120781D
:10DF6000EAF7D0FE10BDF8B507000C000125DFF878
:10DF700060623800F18A80B2884208D00023D2B2B1
:10DF8000210089B2380080B2F1F7AFFD0500002111
:10DF9000380080B200F0C5FBF18A80B2884219D106
:10DFA0000021200080B200F001FB00280DD0817913
:10DFB00011F0180F09D04FF6FE710091438800222E
:10DFC000F18A008800F0C0FB04E00121200080B24B
:10DFD000FBF79EFD2800C0B2F2BD0000659800204E
:10DFE000619800202DE9F8430C0016001F00010085
:10DFF0004FF6FC7289B2914201D10020DAE0002193
:10E0000080B200F08EFB8046414D4046E98A80B2E6
:10E01000884203D1780601D40020CBE03900C9B290
:10E02000404680B200F0C2FA002827D100214FF606
:10E03000FE7000F0BBFA002820D117F0180F3DD079
:10E04000002000E0401CDFF8BC1402000B78D2B2C4
:10E050009A4209D2DFF8A8240300DBB202EBC30224
:10E06000927912F0180FEDD102000978D2B28A42EB
:10E0700022D2DFF88C14C0B201EBC000A0F80080FF
:10E08000210089B24FF6FE72914200D04480877120
:10E09000F90703D5817951F0040181713100C9B2CA
:10E0A000012910D101214171817911F0180F07D098
:10E0B00046490978017114E002207BE0022079E0F2
:10E0C000297D01710DE0417901290AD0817911F092
:10E0D000180F03D03D490978017101E0E97C017115
:10E0E0004671F6B2012E64D1A98C200080B2F2F7FD
:10E0F000A5F800285DD1002600E0761C3000DFF88E
:10E1000008140978C0B2884253D2002103E000BF4E
:10E1100058870020491CDFF8EC2308001378C0B2B0
:10E12000984212D2DFF8D8030B00DBB200EBC30039
:10E130004388DFF8D873B4465FFA8CFC1C2000FBE0
:10E140000CFC37F80C008342E4D11078C9B281424C
:10E15000D3D11C2100221C27DFF8B0833000C0B2CD
:10E16000784308EB00094846E9F75EF93000C0B291
:10E17000784328F800403000C0B278434044A98C6E
:10E1800041813000C0B278434044AA2181743000FC
:10E19000C0B27843404401214174F6B27E4308EB9B
:10E1A0000600DFF850120978491C022291FBF2F1B7
:10E1B00001740020BDE8F28326BF020066980020AB
:10E1C00054980020A8340020F26700003268020052
:10E1D000588700202DE9F04107000C0015002000B1
:10E1E000DFF82C130978C0B2884201D3052080E003
:10E1F000380080B200F081F80600DFF85883300064
:10E2000098F80010C0B2884225D14FF6FE7000F099
:10E2100074F80600300098F80010C0B288421AD195
:10E220000026DFF83423117801200EE00300DBB272
:10E2300012F833308C465FFA8CFC634504D201003F
:10E24000C9B212F831100600401C030098F800C053
:10E25000DBB26345EAD3DFF800834FF6FE7031008E
:10E26000C9B208EBC10148803000C0B208EBC00061
:10E27000406800280CD03000C0B208EBC0004068F5
:10E28000E9F773F800203100C9B208EBC10148601A
:10E290002000C0B200281BD02000C0B24000E9F727
:10E2A00063F83100C9B208EBC10148603000C0B268
:10E2B00008EBC000406800281DD02000C0B242001A
:10E2C00029003000C0B208EBC0004068E9F742F80E
:10E2D0003000C0B208EBC00047803000C0B208EB8D
:10E2E000C0004470DFF874020078F6B208F8360017
:10E2F0000020BDE8F0810120FBE738B5002400E0F4
:10E30000641CDFF8501222000B78D2B29A420AD273
:10E31000DFF844222300DBB202EBC3025288030081
:10E320009BB29A42ECD122000B78D2B29A4235D1FC
:10E330004FF6FE72130080B298422FD1002400E005
:10E34000641C20000B78C0B2984207D2DFF80802A4
:10E350002300DBB210F833000028F1D12000097847
:10E36000C0B288421AD2DFF8F0512000C0B205EBEB
:10E37000C00042802000C0B205EBC0004068002809
:10E380000CD02000C0B205EBC0004068E8F7EDFFFC
:10E3900000202100C9B205EBC10148602000C0B2D5
:10E3A00032BD0000F8B504000D0016002000DFF8B3
:10E3B00060110978C0B2884201D3002018E000271C
:10E3C00000E07F1C38002100C0B2C9B2884208D2E8
:10E3D000F0F7BBFD3900C9B236F8111080B28142A6
:10E3E000EFD1FFB2EDB2AF4201D1012000E0002039
:10E3F000F2BD0000E256020010B50C00002180B210
:10E4000000F08FF92100C9B280B200F0CFF80028E7
:10E410000BD04FF6FE710180418000210171002177
:10E42000417100218171002000E0042010BD2DE920
:10E43000F84305000E0017009846089C3100C9B249
:10E44000280080B200F08CF8DFF8A493010099F85E
:10E450000020C9B291421CD20A21DFF898233B0068
:10E460000500EDB24D431544ED79DBB2AB420ED25F
:10E47000E4B2002C09D00300DBB24B431344DF713C
:10E48000C0B248431044A0F80480002036E00320C6
:10E4900034E000214FF6FE7000F062F8010099F8B8
:10E4A0000020C9B2914201D1022027E0E4B2002C41
:10E4B00023D00A21DFF83C230300DBB24B43134493
:10E4C0005D800300DBB24B431344A3F804800300D8
:10E4D000DBB24B431344DF710300DBB24B43134405
:10E4E000FF249C710300DBB24B43D654C0B24843B7
:10E4F0001044DFF8B410C97C01720020BDE8F2833B
:10E50000C47D0020923902009B400200CC8700208D
:10E510002255020010B4002100E0491C0A00DFF877
:10E52000D8321B78D2B29A4212D2DFF8D0220B0036
:10E53000DBB2D35C0400E4B2A342EED100200B00B6
:10E54000DBB2D0540020DFF81423C9B242F8210016
:10E5500010BC704793390200D0890020A9340020F4
:10E5600070B4002200E0521C1300DFF884422478CB
:10E57000DBB2A34214D20A23DFF878421500EDB2D1
:10E580005D4325446D880600B6B2B542EBD1150057
:10E59000EDB203FB05F3E35C0C00E4B2A342E2D16D
:10E5A0001000C0B270BC70475887002070B511F0E1
:10E5B0004001002500E06D1CDFF8A4422A0023780A
:10E5C000D2B29A421CD2DFF89C222B00DBB232F886
:10E5D00033300600B6B2B342EDD103009BB24FF622
:10E5E000FE76B3420CD02B00DBB202EBC302927971
:10E5F00012F040020B00DBB213F040039A42DAD172
:10E600002A002378D2B29A4223D14FF6FE7280B20A
:10E6100090421ED1002500E06D1C28002278C0B277
:10E62000904208D2DFF83C022A00D2B200EBC200CE
:10E6300000790028F0D128002278C0B2904208D298
:10E64000C9B2DFF820022A00D2B230F83200FFF758
:10E65000D3FE28002178C0B2884205D2DFF8040238
:10E66000EDB200EBC50000E0002070BD2DE9F041E7
:10E6700004000D0016004FF6FE77B8462800C0B221
:10E6800001280AD1DFF8E0010178200080B200F013
:10E69000B7F8002801D0002041E00021200080B21E
:10E6A00000F03FF83100C9B280B2FFF77FFF2900C8
:10E6B000C9B2012909D0002805D04079EDB2A8429D
:10E6C00001D100202BE0012029E0002807D041796A
:10E6D0002A00D2B2914202D1B0F8028007E0EDB236
:10E6E000012D04D1700602D4A04600E0A0464046A9
:10E6F00080B2B84212D0DFF870010178404680B293
:10E7000000F07EF8002801D0002008E020001FFA69
:10E7100088F880B28045E9D1B846E8E70120BDE835
:10E72000F08180B549060DD5010089B2FF20FAF7C6
:10E73000A3FE002803D0DFF83401C08A03E04FF6BF
:10E74000FE7000E080B202BDF8B505000E001F00AB
:10E75000D2B2002A08D000230B22310089B228004F
:10E7600080B2F1F7C2F921E00021300080B2FFF75A
:10E770001DFF0400002C19D0A079C00716D50698FB
:10E780002A0092B2390089B280B2F1F7ABFD0100E4
:10E7900089B24FF6FE72914208D0608000230C22AD
:10E7A000290089B2300080B2F1F79FF9F1BD10B4B1
:10E7B000DFF8B020002111E09379DB070CD45388F7
:10E7C0000400A4B2A34207D15379012B04D103233F
:10E7D00053714FF6FE735380491C08320B00DFF86B
:10E7E00080402478DBB2A342E6D310BC704700001F
:10E7F0009A400200848A0020E656020064950020B8
:10E8000070B50D00194EB18C80B2F1F717FD040000
:10E81000002C21D0A078F1F735FE010060780028A7
:10E8200003D00800C0B2002801D1002015E0707BA1
:10E83000012806D160780A00D2B2904202D36178F2
:10E8400000E061780800C0B2002805D0EDB2C9B27E
:10E850008D4201D3012000E0002070BD3C910020DA
:10E8600092390200C47D0020E35602005887002040
:10E87000DFF85416CA7A110701D501207047FF2826
:10E880000DD0010010D0F1280EDADFF8401609682B
:10E8900051B14A6813788342F9D1517821B1DFF838
:10E8A000302610750020704702207047DFF82006E0
:10E8B000007D704710B5DFF81406DFF818260168F0
:10E8C000DFF80C3611601B7DFF2B02D10AE00868CF
:10E8D0001060116899B1486804789C42F7D110BD66
:10E8E00008681060116851B14B6818780028F7D09B
:10E8F000F128F5DA58780028F2D0184610BD00202B
:10E9000010BD30B585B00021009102F002FA04007C
:10E9100037D0FFF7CFFFDFF8B8556188287800F0CF
:10E92000C5FA009050B3017B812927DB207810BB0A
:10E930006188ADF8061004228DF80420211D02A87C
:10E94000FBF73EFD01A8FBF770FE78B9DFF88815EC
:10E95000DFF88845087000F029F8284600F09EF995
:10E9600000F0F6F80C2000F093F90AE061886A469E
:10E97000012000F01FF80099FF2008732046E8F7F7
:10E98000F4FC05B030BD10B5DFF84C25DFF84C4580
:10E990000020107000F00AF8DFF8440501F06FFA6B
:10E9A00000F0D6F8BDE810400B2071E1402120783E
:10E9B000EAF7ACB92DE9F24FDFF81885DFF81065FA
:10E9C000DFF804B50746D8F80000012500288AB012
:10E9D000924600F0AE80D8F800004468BBF808000A
:10E9E0004FF6FF7398424FF000090DD0207806F1E2
:10E9F00020020121F2F750F8BBF80810ADF8101012
:10EA000001228DF8182008E003208DF8180027B1A6
:10EA1000BDF8280004A9FBF705FD2846002510E0F5
:10EA2000012000F089F80869B368F27900F08BF8EA
:10EA3000B2282AD0002804BF4FF00109002F2BD0A4
:10EA40006D1CA1680B7BEAB29A42E9D30546B22D50
:10EA50001CD0B9F1000F00D0FFB1002506E000285E
:10EA600004BF4FF00109002F16D06D1CA168CB79AF
:10EA7000EAB29A4209D2002000F05EF88868336951
:10EA8000327B00F060F8B228E9D10546B9F1000FF9
:10EA900025D017B1FF2001E000258020DAF8001012
:10EAA00008734FF6FF70BBF8083083421BD0BDF8E7
:10EAB0002810ADF81C10022231788DF824208DF832
:10EAC00025100020012203900290019206F1180106
:10EAD00000910022207807A9F9F71DFA03E0DAF87F
:10EAE0000010FF200873B22D05D0307DFF2820D103
:10EAF000D8F8001016E0DFF8E013DFF8E04300225A
:10EB00000A70FFF753FF304600F0C8F800F020F815
:10EB10000C2000F0BDF80CE04868007810B1F12836
:10EB2000FFF659AF0868C8F80000D8F800100029AF
:10EB3000F2D10BB0BDE8F08F0390029704AB3278AE
:10EB4000019200937047E9B230F81110207879E013
:10EB500020784FF48041EAF7D9B8F8B586B004467A
:10EB6000002000900025FFF7A5FEDFF86803DFF81E
:10EB7000606301684A685078C1072CD5A269507853
:10EB8000917800EB01230227ADF804308DF80C706A
:10EB9000BDF80410107900F089F90090F0B130460A
:10EBA00000F07CF8A0693146001D02F0A6FA00983A
:10EBB000008804A9FBF736FC002812BF0125009845
:10EBC0000661BDF804106A462846FFF7F3FE009878
:10EBD000017BFF2902D1304600F060F807B0F0BD9C
:10EBE00070B50446BF4EA0688168C07933461822CC
:10EBF00001F0DFFA0025012808BF0225A06801699D
:10EC0000007B3346182201F0D4FA012808BF45F0F2
:10EC10000105A068B44E8168C0793346302201F006
:10EC2000C8FA012808BF45F00105A0680169007B0A
:10EC30003346302201F0BDFA012808BF45F0020535
:10EC4000284670BD73B505460999BDF80400144601
:10EC50001E4600F006F930B901AB012231462046CC
:10EC600001F0A7FA08B9B12076BD089800281EBFA8
:10EC70009E480468002C09D001A80090079A0699C4
:10EC800001232846A04708B9B22076BD002076BDF2
:10EC90008D4988720121062000F0EEBA10B50446B5
:10ECA000A06818B1E8F761FB0020A060206918B1E6
:10ECB000E8F75BFB0020206110BD8D4908607047BC
:10ECC00070B504000D46844E14D0307808B9002188
:10ECD0000FE0824A10784021EAF744F83178491E63
:10ECE00000F2E7304FF47A72C1EB0111B0FBF2F0A1
:10ECF000411821700DB13078287070BD7D490860D1
:10ED0000704718B58BB004464FF6FF700221FF2202
:10ED1000ADF820008DF828108DF82920F3F78FF931
:10ED20000021079105910391002201210692049090
:10ED30000291019201230093032208A92046F1F7D2
:10ED4000F2FE040007D16548007842F210724FF4D9
:10ED50008041E9F7D7FF20460CB010BD38B55F4CB5
:10ED60000546FFF7F5FE29465D4801F05BF860B106
:10ED700029680A7A02720B880380497A41722A68EC
:10ED8000518941810022027302614FF48041207851
:10ED9000BDE83440E8F721B97FB56846002100227C
:10EDA000002380E80E004E4C534D24682868534ED3
:10EDB00038B9204600F071F82860B0B98CB90B2042
:10EDC0000FE0007BFF2805D001060ED420F0800064
:10EDD00004280ADB306838B9204600F05EF8286065
:10EDE00018B9FFF755FF7FBD286045483B4C0178B7
:10EDF000012908BF40F6B83204D00120F0F7C8F965
:10EE000000EB400220784FF48041E9F77BFF3D4959
:10EE10000A782868082A1AD00188ADF80010027A0A
:10EE20008DF80820017B491C017329680A7B08883A
:10EE3000130605D5002300220021ECF7C1FC0AE0EF
:10EE40004A7A014600236846ECF726FD03E0017B81
:10EE500041F0400101732868406900F01EF83060FD
:10EE60007FBD20B561B100211E4ACBB232F813300C
:10EE7000834210D0491CCDB2182DF6DB012020BDF5
:10EE8000194ACBB232F81330834204D0491CCDB2B8
:10EE9000302DF6DBF2E7002020BD00E0406920B114
:10EEA000017B21F080010429F8DA704720B5024681
:10EEB0000B48006800E0406928B103888B4204BF1A
:10EEC000457A9542F7D120BD701B0020941B00208D
:10EED000B81B0020981B0020881B0020891B0020E5
:10EEE0009C1B0020C01B0000F01B0000D0910020E4
:10EEF000589600205C960020A01B0020A41B002038
:10EF000057980020841B002010B5DFF85C290446C8
:10EF1000547648F20201EDF749F948F20101204622
:10EF2000EDF744F92046BDE8104048F20401EDF742
:10EF30003DB93EB505460C466B46002203212046EE
:10EF4000F2F766FA00281EBF02990888A84214D07A
:10EF5000DFF81439587E2A0003D00D8000F031FF0D
:10EF600005E000220A804FF40051E9F7CFFEDFF8F8
:10EF7000FC08016809B12046884737BDE0B5002389
:10EF8000CDE9003302460846C0B1DFF8E418042A90
:10EF90000B7013D8DFE802F00308060E0C00FEF732
:10EFA000B5FC0EBD01220A70694600F009F80EBDDD
:10EFB00001220A706946FEF7D5FC0EBD02200EBD87
:10EFC00078B585B005000C4618BF002C08D000F0BD
:10EFD000ADFF064605F11000E8F7DEF9864201D0E4
:10EFE00002200BE001A8009090232A460021002077
:10EFF00005F01CFB214601A8FEF7B4FC06B070BD6D
:10F0000070B5DFF8644800F0CE05E07A86B020B92C
:10F01000607E0421E9F7A6FEC8B1607D002815D105
:10F02000E17A8A0612D4A07B58B1A80709D5C9068F
:10F0300007D400F02EFC0121042000F01DF985F01A
:10F040000205E07A05F03F050543E5727EE0E17ACE
:10F05000A07E05F03F0529430028E17267D1012118
:10F06000A17604F10E03012200215520EAF75AF897
:10F07000A07B01285BD1DFF8FC170878012818BFB6
:10F08000022844D1DFF8F067306808220021E8F751
:10F09000B7F900283BD1FEF76DFE002837D1306864
:10F0A00001AA6946FEF7E4FCDFF8D01706460878A7
:10F0B00000281EBF9DF81400FD28022827D0DFF885
:10F0C000C00701888E4215DA142101A8E8F7E0F99B
:10F0D000FF208DF8140001AB142231460420E9F71B
:10F0E000C1FF0C20DFF89C174643881900220260FC
:10F0F000426042720020A07304F10E0201215520EB
:10F10000E9F7CDFF0321FF20F4F796F818E0E17A44
:10F11000072020750D4345F01005E5720021002001
:10F12000F3F7EDF990B1002000F05FFE03E0E07A24
:10F1300030B9072121750021072000F09DF805E076
:10F14000002020750421607EE7F747FF06B070BD00
:10F150001CB501AC00948DF805000121DFF80847CB
:10F16000607E8DF80410032300220A21EFE2DFF80D
:10F17000F816C873704780B5002000F036FEBDE871
:10F1800004400321FF20F4F757B8E0B5DFF8D816A4
:10F19000887B58B1C87A810608D40021CDE90011D6
:10F1A000FFF7E9FF6846F4F7E8FA07BDFFF7E3FF6A
:10F1B0004FF4FA70F3F7EDFC07BD1CB5DFF8A84675
:10F1C00001E000F0C7FAA06B0028FAD1FDF72FFA92
:10F1D000207D082804D0012808BF002117D0E07541
:10F1E00008202075F4F7B1F90A20F3F788FFDFF85B
:10F1F000B00B00780221E9F789FD00214FF480402F
:10F20000F0F709F8002000F005F80021082000F0D0
:10F2100033F813BD8DF8000069465220EAF740BF6D
:10F22000DFF84436187D0021062800D0704710B55D
:10F23000D86A07E0027B540603D502F0BF020273CE
:10F24000012140690028F5D141B1BDE81040587E48
:10F250004FF47A724FF48041E9F754BD10BD80B588
:10F26000DFF80416887B20B100210020F3F747F96E
:10F2700000B1012002BD00007CB50D46DFF8E84575
:10F28000DFF8F015DFF81C2B0978DFF81C6B03465C
:10F290005B1E607E072B5FD8DFE813F03600C000EE
:10F2A00008005F006E008300D600FE00012918BF31
:10F2B000022951D1322200F081FD45B10120207593
:10F2C00001E000F047FAA06B0028FAD173BD0020DE
:10F2D0008DF80000022101208DF80500A1720021A7
:10F2E000E07A217500F0FD00E072FFF795FFFFF76F
:10F2F00042FFF4F78EFA0020F3F701FFA06B00281D
:10F300002AD000F027FAF9E7012918BF022923D1F2
:10F3100085B103210020F3F78FFF042000F04BFD9F
:10F3200000F0F0F8002060754FF48051607EE9F73E
:10F33000EDFC73BD01218DF805100722A27200F0CB
:10F34000A4FA002000F051FD0020E07241F2883262
:10F35000607E0221E9F7D6FCC0E001208DF80500AF
:10F3600025B100F0C7F80620F3F7C9FE00F022FD32
:10F37000E07A00F0FD008DE002208DF8050035B147
:10F3800000F0B8F803210020F3F756FF01E0082051
:10F39000A0720021217500F00FFDE07A00F0FB0063
:10F3A00078E003208DF80500A07A10B9012184F8D7
:10F3B0002010207E0028BCD1E06AFFF76EFD0028F7
:10F3C000B7D1607E4FF48041E9F7CCFC0028B0D182
:10F3D00020630021616304F12C0000F050FD607E89
:10F3E0004FF48041E9F792FC94F8200020B1A07A14
:10F3F0000B2804BF0021A172217D0020062984F87A
:10F40000200002D100F0D7FC04E0E07D062804BF14
:10F410000021E175E07A00F0F7003BE00020FDF705
:10F420001EFADFF8041B0120042208708DF8052065
:10F4300025B1002060810620F3F761FE00F0BAFCE0
:10F44000E07A00F0FE0025E000208DF8050075B19F
:10F4500000F058F80420F3F752FEF3F742FB0D20BA
:10F46000A07200212175C82200F0A7FC0FE0A07B4C
:10F4700058B1E07A052140F020008DF80510E072C7
:10F4800000F040F80A20F3F73AFE0220A072E07A7A
:10F4900000F0EF00E07221E005208DF80500BDB11D
:10F4A000E07D20750021E17542F20800EFF7B3FE20
:10F4B000E07A00F0DF00E0720D21607FA172012888
:10F4C0000CBF0D200420F3F71AFEFFF7A9FE05E09C
:10F4D000E07A40F020000221E072A172E06B40B1BE
:10F4E000A07A8DF8040001A900910323607E00F04A
:10F4F00079FC73BD0020A0728320B18C11800221A1
:10F50000E9F7CDBD00210820EFF785BEDFF85803ED
:10F51000807B704700207047F8B5DFF88C48DFF833
:10F52000A47A2078DFF84053401C20709EB001ABD5
:10F53000742200212120E9F7F5FD21788DF80410CF
:10F5400001AA74212120E9F7AAFD287F3978002635
:10F55000884206D20020F3F702FB012808BF0420EE
:10F5600000D00D20F3F7CBFDE08A4FF6FE71884204
:10F5700008BF0126A08C4FF6FF71884208BF012604
:10F5800036D0300034D1BB48007800281FBF012896
:10F59000DFF8340A0178012903D10120FFF73AFE90
:10F5A00004E001214FF40050EFF735FEDFF81C1A9C
:10F5B000DFF81C6A087818B1287F397888420ED2A3
:10F5C0000120F3F7CCFA012809D1002068773046F2
:10F5D000217EF3F7C0FF0646287F401C07E001208C
:10F5E00068773046217EF3F7BCFF06460020287777
:10F5F00030461FB0F0BD1CB500218DF804109A4CA8
:10F6000018B100F087F80022A0E0E07E00281CBFBF
:10F610002068002806D0E17600F0DBF83220F3F70E
:10F62000F1FC13BD0320FFF727FE13BD2DE9F047C2
:10F630008D4EFCF7F5FFB0630024FCF7F4FFB56BCB
:10F640000027284601E080697F1C0028FBD1002D9F
:10F650005FFA87F93AD0DFF878A934E0DFF8440799
:10F6600000884FF6FF7188421CBF2A88824224D14D
:10F67000DFF834172A89488B824203D14FF6FE7394
:10F68000984201D12879C0B16879897C884218D123
:10F69000DFF84019A8790A78904212D00DE0D5F829
:10F6A00018805046F0F7AAFF0128D7D105F10C01C8
:10F6B0005046EEF7FAFD0028DAD1284600F04AF865
:10F6C0007F1E641C4546E0B24845E8DB726C22B1FF
:10F6D000B06BF9B2BDE8F0471047BDE8F0871CB544
:10F6E000614CA06B58B10121A17500F04AF880B1BE
:10F6F00001208DF80400A06B00F02CF803E000213D
:10F70000A0758DF8041000F005F80122032100F027
:10F71000C8FB13BD01A800900123607E70471CB593
:10F72000514C03210122A1728DF8042008B100225E
:10F730000AE0E07F0328B8BF401C03DBA06B00F0A9
:10F7400009F80020E0770122FFF7E4FF032100F031
:10F75000A8FB13BD10B5444B9C6B214601E00A4643
:10F76000896961B18142FAD1A14207BFA06998635A
:10F77000886990610846E7F7F8FD002010BD022077
:10F7800010BD3EB504460320F3F7B9FCA079DFF8BD
:10F790004858F3F74EFCE07AAB78019004F10C0086
:10F7A00021890091A2782188F3F784FF04000ED10B
:10F7B000A878010703D501214FF4004005E0DFF8E8
:10F7C0001C18087818B901210820EFF724FD2046FD
:10F7D0003EBDDFF80C28DFF80C181060086004212B
:10F7E0008420E9F75CBC10B51F490446C87E002898
:10F7F0001CBF4868002802D10020C8760868FFF7BF
:10F80000E8FFDFF8DC17086860B1DFF8DC1708787C
:10F81000012806BF002C01210021BDE81040642012
:10F82000F2F76DBE002C19BF002103200021052036
:10F83000BDE8104020E50C49487570473EB50A4DBB
:10F840000024697520B1687E00F01FF82C7401E077
:10F85000A877012401A800900123687E2246012197
:10F8600000F01FFB37BD0000701B002058960020E1
:10F8700051980020B8340020D89600209C340020F5
:10F880009674000084910020707E4FF48051E9F757
:10F890003DBAE0B54FF6FC710F22ADF800108DF8BF
:10F8A000082000230122B4216846ECF7B1FA07BD15
:10F8B0002DE9F043DFF83087DFF83077DFF8306785
:10F8C0000D4698F8001068078BB043F6982940F170
:10F8D000AA80327D42B1012A00F09680042A16D017
:10F8E000062A00F096809BE0F07A8206FBD443075C
:10F8F00004D505223275002105200CE0820720D5B1
:10F90000327B0420D307307507D5B07B30B1FFF7C9
:10F91000C0FF01210420FFF7AFFC81E0012918BFDF
:10F9200002297DD10120F076002106F1140001604A
:10F93000032131750120FFF756FF0120FFF708FC76
:10F940006EE000076CD5B07B06210028317557D0DA
:10F95000FEF7B0FF040053D000F028FA81072ED53F
:10F96000207800F034FA18B304980188B52912DA27
:10F97000B42202804FF47A72707E4FF40051E9F79E
:10F98000C1F9396839B1DFF86C060278FF2A0CBF7B
:10F99000FF202078884700F009FAC10758BF0920E6
:10F9A0000BD503218DF80510092200F015FA06E0A9
:10F9B00000F0FCF9C10702D40E20FFF769F900F04E
:10F9C000F5F9C2072CD5DFF83036186818B9487831
:10F9D000810725D414E02078FFF793F910B10E20A9
:10F9E000FFF756F90C2030764A46707E4021E9F741
:10F9F00089F903218DF805100A2200F0EDF90FE0D6
:10FA00000E20FFF745F90BE001210120FFF716FF5B
:10FA100006E00020B07230753222707E00F0CEF920
:10FA200085F00400B9E1280424D4EA0440F12B81D4
:10FA3000012918BF02290DD1307D012800F01C8159
:10FA4000032804BFB17D022904D10120B075002034
:10FA5000FFF765FE14E10A2909D1F07A2071F16BF4
:10FA600029B1A01C884702E00020FFF7C4FD204612
:10FA7000E7F729FA707EE7F787FA040000F0F980CB
:10FA8000DFF8780521780078D32958D1E18948F248
:10FA90000102891A4FD0491E02D0891E47D0E6E7DD
:10FAA0000028E4D0307D0128E1D1FEF763F9002879
:10FAB00004BF60880028DAD1122106A8E7F7E8FC25
:10FAC000FFF7E2FE06A9204601F05AF9BDF824002E
:10FAD000400A142804DD02210120FFF7AFFEC6E72B
:10FAE000DFF81C05006801AA6946FDF7C1FFDFF8D1
:10FAF00014150A889042074612D29DF8140010B1DE
:10FB0000FD218DF8141001AB142239460420E9F7C9
:10FB1000A9FA0C22DFF8F0145743CA1901205072D9
:10FB20000020F07301210120FFF7A6FB9FE720468C
:10FB3000FFF713F89BE72046FEF7E3FE97E7327DD9
:10FB4000914288D198F80020012902D003295BD086
:10FB50008DE7012A18BF022A89D1617841B1317C31
:10FB6000727C491C3174C9B28A4201D20021DAE7A1
:10FB7000717D012941F288372BD002D3032901D0AE
:10FB800016D374E702AA0021AB20FDF706F802A9FC
:10FB9000042200918DF804206846FEF76DF8FFF707
:10FBA00073FE3A46707E4FF48051E9F7ABF85EE79A
:10FBB000012000210422B0778DF800108DF801207B
:10FBC0006846FEF711F8FFF75FFEDFF840040268B1
:10FBD000E8E70028A5D0FEF7CDF898B9B07C60B969
:10FBE000022100228DF80810ADF800200023022227
:10FBF00000216846EBF7ACFDD1E7306C002800D05F
:10FC0000804734E701208CE7012A18BF022AF8D187
:10FC1000A17821B30129F4D1607820B90221B1750E
:10FC200040F6B832BEE7EFF790F94FF6FE79DFF80D
:10FC3000E073484504BF3888484507D0ADF80090C8
:10FC4000A7F8009069465320EAF72AFAF0F7E6F998
:10FC5000F3F7D6FB00203874FFF741FD07E7607823
:10FC600000287FF401AFFFF7E1FC706C0028F5D1AC
:10FC7000F2E785F4004090E0717D0020FFF7DEFDA3
:10FC800085F4805089E0280648BF85F08000F9D4CB
:10FC9000A80711D5012918BF02290AD168460021F9
:10FCA000C0E90011F3F769FD18B1707E0221E7F792
:10FCB00094F985F0020070E0280548BF85F40060E3
:10FCC0006BD4680622D5FEF7F5FD040016D0307E11
:10FCD000401E3076C0B298B1707E4FF48041E9F793
:10FCE00041F830B9F06AFFF7D8F810B92078FFF77B
:10FCF00008F8707E4A464021E9F704F8307E10B9D2
:10FD00000B20FEF7C5FF85F0400046E0A8043CD577
:10FD1000746A4FF0000900E024683CB3D4F8048012
:10FD200098F800000028F7D0F128F5DA00F04FF835
:10FD30000028F1D00499088820B1401E08804FF0B7
:10FD40000109E9E703228DF80520002101AAB1721B
:10FD50008DF80410009200F043F80020B07239686A
:10FD60000029D9D098F800008847D5E7B9F1000FED
:10FD700003D0707E00F025F804E0707E4FF400514F
:10FD8000E8F7C4FF85F4005007E0680404D5FFF7E6
:10FD900003F885F4804000E000200BB0BDE8F0835C
:10FDA000659800209234002058870020B06A41688E
:10FDB00048787047002020753222607E0421E8F7E1
:10FDC000A1BF4FF47A724FF40051E8F79BBF02AB2A
:10FDD00000220321F1F71CBB01A98DF8042000913A
:10FDE0000323707E00220A215BE0814A937B8342D9
:10FDF00001D1917E49B9010004BF0021D1729073F5
:10FE00000E3201215520E9F74AB9704710B5044672
:10FE1000206830B91820E7F7A7FA206008B1002160
:10FE2000416110BD38B50446226812B9FFF7EEFFF4
:10FE300023E099B109680D881046437A4C7AA342B1
:10FE400002BF43894C89A34204BF0388AB4203D05D
:10FE500040690028F1D101E0002032BD02F1140414
:10FE600001E000F1140420680028FAD11820E7F717
:10FE70007BFA206010B100214161206832BD70B56D
:10FE80000446216861B1254606E000F11406E7F753
:10FE90006CFA00212960354628680028F5D12060D9
:10FEA00070BD2DE9F84380460F4616465FEA030908
:10FEB0001CBF089D002D13D009F10200C0B2E6F767
:10FEC000EEFF04000CD04A462946A01CE7F742FA90
:10FED0002770667021464046BDE8F443E7F702B854
:10FEE000BDE8F1834249C8637047010012BF012198
:10FEF000002000213E4A91741064704701001CBF2D
:10FF00003B49486470473A4928B10022CA7301212D
:10FF10000120FFF7B1B900228A74487D421E4A755C
:10FF2000012101208AE40000B1340020F8B54FF629
:10FF3000FF7506462F46102416F8010B082100F025
:10FF400018F88021BAB27F0002F40042084218BFBC
:10FF500082F400421AB187F4805787F021074908DC
:10FF6000F0D1641EE8D11021B8B200F002F8684068
:10FF7000F2BD10B502460123491E002003FA01F12B
:10FF800006E00A421CBF9CB2204309045B00490CF6
:10FF90008CB2002CF5D180B210BD10B5144C0020ED
:10FFA000A076FEF7F0FC607E0421E8F7AFFE607EED
:10FFB0000421E7F750F80020E072BDE81040FFF799
:10FFC0001FB80000BD34002057980020BC3400202A
:10FFD000543000209F340020C89400202630002098
:10FFE000A09600204C300020B83400205896002005
:10FFF000701B0020CC1B0020D09100209C340020DE
:020000040002F8
:10000000D89600209674000084910020D8300020FB
:100010006E87002050B1B0FA80F18840C91CC1F54C
:100020008461090501EBD021400570470146704706
:10003000400D40F21E4C40EAC120BCEB115C40F088
:10004000004003D48CF30701C84070476FEAE170A9
:100050007047001580B5DFF8A01A00200860DFF8AF
:100060009C1ADFF8180BEEF72FF901F033F9BDE811
:100070000140F3F709B92DE9F84185B00E46144661
:100080009846012818BF022829D1310018BF032E35
:1000900030D1FDF76FFEDFF8E87ADFF8E85A002884
:1000A00018BF032E13D0E7F7BAF9049000210120FE
:1000B00003900291CDF804800094DFF8CC0A6B7BAA
:1000C0003A680088DFF8C41AF3F7AAF906E00220BC
:1000D000F3F715F8697B3868F3F72EF938B1DFF8D4
:1000E000B00A00784FF47A720121E8F70BFE06B0EF
:1000F000BDE8F081012E08BF0128F0D10A20F2F7F7
:10010000FEFFDFF8900A00784FF48061E8F7FEFD0B
:1001100069465020E9F7B1FFDFF8640BBDF8001025
:1001200081840021808CF9F7CBFCE0E738B50446E8
:100130000D46D1212846E6F702FFA0B90220E6F7D6
:10014000AEFE010007D1BDE83440DFF8440A007874
:100150001021E6F742BFD12008704C702846BDE858
:100160003440E6F7BFBE447031BD38B50546DFF810
:10017000140B046808E06168087820B14A681178B7
:100180002846FFF7D3FF2468002CF4D1DFF8F80AE3
:10019000005F10F1010F03D0C1B22846FFF7C6FF80
:1001A000EEF7D3FEDFF8E41A0880BDE83140EEF741
:1001B000C3BEF0B5002400E0641C84420EDA0025C2
:1001C00000E06D1CEEB29642F6D2EFB231F8146048
:1001D00033F81770BE42F4D10120F0BD0020F0BD0D
:1001E00070471CB500F024F807D102B0BDE81040FC
:1001F000DFF89C2A89B2EBF72ABC48F202030DE033
:100200001CB500F015F807D102B0BDE81040DFF8CA
:10021000842A89B2EBF742BC48F20303027C0093C4
:1002200001928BB2811C407C8022EBF71CFD13BD38
:1002300081690A78497802EB0121DFF8502A148895
:100240008BB2A34270477CB5054600200090002485
:10025000A96908784A78897800EB022000260A000C
:1002600014BFFF2982260ED0DFF8202A138880B21F
:10027000984207D16846F8F77BFC0446009810B90D
:10028000832600E08026009A31462846EBF729FCB9
:10029000002C1EBF00980028E7F767F873BD704771
:1002A0002DE9FF4104460025A069DFF8EC890178BB
:1002B000407801EB0027EEF748FE0026B9B28142F4
:1002C00007D1F8F775FC451E01214046F8F77AFC86
:1002D00000E08026207CEDB2BFB20390CDF808800C
:1002E000019500973346617CA21C48F20500EBF7AC
:1002F0005DFCBDE8FF81F0B5002308E00C784D7887
:1003000004EB0526DFB222F81760891C5B1CDCB207
:100310008442F3D30846F0BD2DE9F84F804684B0FF
:10032000D8F818703878797800EB0124B878F97823
:1003300000EB012292B20192A0B2EFF7A4FA0026DC
:10034000002501284FF0000909D0A0B2EFF79BFA71
:10035000B0B9DFF838190A88A0B2904210D098F8E6
:1003600010000390A4B2029501950094802398F8A0
:10037000111008F1020248F20600EBF717FCCDE07D
:100380003C7907F1050A5CB16000E6F7EDFF060075
:1003900006D0324651462046FFF7ADFF824600E0C8
:1003A00000241AF8017B57B17800E6F7DDFF05005D
:1003B00005D02A4651463846FFF79DFF00E000274A
:1003C000DFF8C0180968CDF80880AB46B246009740
:1003D0000D4626E0002131610EE00020B06000985B
:1003E0000028F7D006F1140101EB440030615946B2
:1003F000009A5200E6F7AEFF68684268107831460E
:10040000E6F770FD3878DFF890185FFA89F209F1A5
:1004100001098854B8F1000F1CBF3846E6F7A5FF64
:100420002D68002D47D0686801780029F8D0AA7B94
:10043000D307F5D5AA682AB10120904707464FF0A7
:10044000010802E087684FF00008002FE8D07888A4
:10045000019988421EBF08464FF6FF718842D9D1E4
:10046000BB68FA7951462046FFF7A3FE40B90098D1
:100470003B693A7B5946C0B2FFF79BFE0028C9D0C2
:100480000098201840001430C0B2E6F708FD0600BE
:10049000B8D0D2203070002C029948887080347116
:1004A0000098307399D006F11400B0606200514694
:1004B000E6F750FF93E70299DFF8D0275FFA89F05B
:1004C00058B1087CDFF8D037039002935FFA89F0C7
:1004D00001900023128800920BE0087B78B9DFF8C6
:1004E000B837087C12880293002603900196009288
:1004F00000238A1C497C48F20600EBF757FBBAF14F
:10050000000F1CBF5046E6F730FFBBF1000F05D0CF
:10051000584605B0BDE8F04FE6F727BF00F0D5BB61
:1005200070B58CB0032204468DF82C200D4609A826
:10053000EDF7CAFEEEF700FD014609A8EDF7B5FE9E
:1005400020B1297D032918BF012901D084206BE047
:10055000287A002818BFFF2806D0032906D1A87DD5
:10056000002818BFFF2801D182205DE035A0DFF808
:100570002C67D0E9002307A9301DC1E90023082218
:10058000E6F7DAFE28BBDFF8F8166088CA8A9042E0
:100590001FD03078FF281CBF297A814207D070888D
:1005A0004FF6FF7188421CBF6A89904211D100202A
:1005B0008DF80C000822311D04A8E6F7CBFE03A835
:1005C000F9F7D5FFBDF80E006188884218BF8D206D
:1005D0002AD1E08921281CD18C218DF8081000F047
:1005E00035F8FCF7B5FA08BB8DF80800F2F75CFDAA
:1005F000287D03281AD1694605F10C00FCF74CFB55
:10060000A0B900230022002105F10C00EBF7AAF8A5
:100610000CE000F01BF8FCF7B2FA20B98DF80800E6
:10062000F2F742FD02E088208DF80800207C01905E
:1006300002A900910123E28942F4004200F0DCF9B2
:100640000CB070BDFFFFFFFFFFFFFFFFAB7D6989AF
:10065000287A05F10C027047F8B50023ADF80200C6
:100660008DF8003001A8F9F7ABFE6846F9F7DDFF19
:1006700005B000BD8169DFF818360A78497802EBC9
:10068000012219890A4000D17047E0B5017C00922F
:100690000191811CDFF8F4251388407C0022EBF7E0
:1006A000CEFA07BD2DE9F14F92B081690B78059321
:1006B00004AA00219C20F3F7C0F84FF00009DFF8EE
:1006C000E01508780191CA46002818BF01280BD10F
:1006D0000421002004F070FA9DF810105FFA80FAEF
:1006E00051448DF8101002E001228DF81020059879
:1006F0009DF81010884280F2BA800E1AF6B2022ECF
:10070000C8BF02261A2010FB06F0E6F72DFE5FEAAE
:10071000000900F0AD80059F4FF000084C464FF0F7
:10072000FF0B58E0FF22082104F10A00E6F77CFEE7
:1007300042E0012020750099087D401E43E00098AA
:10074000017D491C21762879022806DC02212175C9
:100750002879012806D0012005E00120207529799B
:10076000032900D10020012130E004F0A6FA05465B
:100770007F1C75B30099DFF808050A88228000F114
:100780003901A01CEDF7A0FD288860820221E175E7
:1007900084F818B00022A97A61768DF8182006A88E
:1007A0002988ADF81A10F9F7A9FE0128BAD107A9CE
:1007B00004F10A00EDF788FD28790028BFD12988C7
:1007C0000029B6D12075207600210220A175607520
:1007D0001A3408F101085FFA88F1DFF8C8040090C4
:1007E000B1423FDAF8B25045BFDB05988245B4BF4D
:1007F000A0EB0A07002735E0012161750020A075F4
:100800000099087D401E20E00AAAF9B28720F3F77C
:1008100014F8BDF83200DFF8901420807F1CA01C73
:10082000EDF752FD0DF12A0104F10A00EDF74CFD40
:10083000BDF82800608201990878002818BF0128B7
:10084000DAD102206075A075FF2020760220E075C5
:100850009DF83A006076608A00B1012020751A3454
:1008600008F101085FFA88F0B042CDDB00E0002615
:10087000002005999DF810300390C9B20091CDF881
:100880000890019600221298811C407CEBF784FBB3
:10089000B9F1000F1CBF4846E6F767FD13B0BDE88D
:1008A000F08F3EB504460421A5692846E6F77AFD97
:1008B0000090012228798DF80400012069798DF8D3
:1008C00005208DF806200223DFF8E0231070DFF802
:1008D000E003037262880280DFF8D803DFF8D823D0
:1008E00001706846617C1170F2F754FD08B1F2F7AF
:1008F00087FD37BD38B584B0FBF792FE0446FBF7A1
:100900008FFE002501E080696D1C0028FBD1DFF817
:10091000A4030078E9B2814238BF00210BD3291A21
:10092000CAB2062AA8BF0521002201E0A469521C10
:10093000D3B28342FAD30090C9B2DFF87C030191AD
:10094000002203920294EBB20078DFF86413EBF715
:10095000D2FA05B0BDE83040F2F752BD2DE9F847B4
:10096000064685B0B069077804AA0021A320FCF7E9
:1009700014F9BDF810000024874205DAC51BADB29A
:10098000032D16DD032516E00025A0460020039068
:10099000EDB20294019500974246BDF81030707C8C
:1009A000DBB2B11CEBF765FB14B12046E6F7DDFCCA
:1009B0001FE0002DE9D018206843E6F7D5FC0400BD
:1009C00013D04FF00008A146C2465FFA8AF0A84251
:1009D000DCDA57FA8AF14A4689B2A220FCF7DDF840
:1009E00009F118090AF1010AEFE74FF0B5080025EF
:1009F000CCE706B0BDE8F087A11C04F11100EAF7CE
:100A00008BBE30B5044685B0A5692846F9F7E6FCEB
:100A100038B1EEF791FA01462846EDF746FC012879
:100A200002D10021039100E003959549A08B4A8BE8
:100A3000904204BF207B00282AD12D7A15F0400176
:100A400018BF01218DF8101015F0800118BF012189
:100A50008DF8111000229DF811008DF81220002849
:100A600004BF0398002804D101214FF40050EEF791
:100A7000D2FB03A8F2F781FE00F00CF848F2340232
:100A8000FFF7BAFF290603D4039808B9FEF773FBF2
:100A900005B030BD8DF8080002A90020019000913A
:100AA0000123704778B5044687B0A0690178407883
:100AB00001EB002575490E88AAB2B2420ED102ABF5
:100AC000112200218120E8F72DFB38B9009002ABFC
:100AD000607CAAB2A11CEBF795F80AE0207C01909B
:100AE00048F211010091ABB2607C8422A11CEBF7AB
:100AF000BAF808B070BD0000989600201896002043
:100B000070B5044688B0A0690178427801EB0225EF
:100B10005E490E88ABB2B3421ED181781029A8BFBE
:100B200010218DF80C10C11C9DF80C200DF10D004A
:100B3000E6F710FC03AA11218120E8F7B0FA544926
:100B40009DF80C000A78002814BF42F0100202F051
:100B5000EF020A70002000E084208DF8080002A94E
:100B600002A8457085700323207C0190009148F213
:100B70001402FFF741FF08B070BD000054300020A0
:100B80004C300020701B0020923400200096002082
:100B90002230002065980020484A1178002900D1B1
:100BA000704718B5364C94F8261089B0082918BF3C
:100BB000042962D1694600F0EBFAEEF7BDF90DF1B8
:100BC0000201EDF772FB28B1EEF7BFF9BDF8001096
:100BD000814252D0EFF70AFDBDF800000DF102018D
:100BE000EEF7ECFE012848D007A8EEF7B6F90DF1B4
:100BF000020107A8EDF759FB58B1EEF7AAF9BDF8C5
:100C00000010814205D061834B2004F11A01E9F7FD
:100C100047FABDF800000021FDF7EEFBA18CBDF8FE
:100C20000000EFF79FFA0020BDF800108DF80C00CF
:100C3000ADF80E1003A8F9F761FC60B107A8002118
:100C4000C0E9001104A9EDF730FB20B100F038F83D
:100C500003A8F9F7EAFC00F033F803A8F9F787FCDA
:100C600000281EBFBDF80E00BDF80010884204D059
:100C7000ADF80E1003A8F9F7D8FC0AB010BD0000BB
:100C8000588700206C1B0020863400201430002080
:100C9000C89400208C960020588D00206C300020D5
:100CA000B83400207C87002091870020203000206D
:100CB0007C9500204E9800204D98002057980020E9
:100CC0000DF1020104A8F9F77BBB05B0BDE8F08F78
:100CD00038B585690C4629462046EDF7F5FA287A9D
:100CE000207205F1090000F046F86381C51C817887
:100CF0002175032907D1294604F10C00EDF7E4FA28
:100D0000287AA07531BD2978687801EB0022A2818C
:100D100031BDF8B507460026B87C0C28A4BFB869D9
:100D2000C67A344660000E30E6F71EFB050020D080
:100D3000B969087828704F1CD8B93946281DEDF7D5
:100D4000C3FA07F1080000F016F800216B80297340
:100D50007EB182782A7305F10E01C3786B73001D92
:100D600002784378801C02EB0326641E21F8026B94
:100D7000F6D12846F2BD0178427801EB0223704794
:100D800030B500F05AF8B8BB9378087963F30200E5
:100D9000087100F0F700937803F008031843087116
:100DA00000F0EF00937803F0100318430871D37834
:100DB000487900F0070003F0F80318434871D3782E
:100DC00063F302004871107988715379CB7190797F
:100DD0000872D3794B72107A887202F10A00537A42
:100DE000CB720278437802EB03248C8182788A7379
:100DF000C378CB730079087430BD30B500F01DF8AE
:100E0000D0B94B68907823F0F003000943EA00134F
:100E10004B60907860F303034B6023F47043D07809
:100E2000000943EA00334B6023F47063D47804F084
:100E30000F0443EA04234B6030BD826912F8010BB2
:100E400008701378547803EB04254D8008787047B8
:100E500038B5FFF7F2FF20B9D01CBDE83440091DBA
:100E60004BE131BDF8B5856915F8016BAF78B81D58
:100E7000E6F77AFA04000BD0267028786978277193
:100E800000EB01226280E91C3A46601DE6F762FA37
:100E90002046F2BD826913780B70806942788078B1
:100EA00002EB00234B8070472DE9F047866916F866
:100EB00001AB0027B846BAF1000FC14605D196F83C
:100EC0000090777896F80280F61C1A2000F036F829
:100ED000040032D084F800A0A770251D84F801908A
:100EE00084F80380002725E0002028803146A81CD4
:100EF000EDF7EAF90836314605F10A00EDF7E4F9B5
:100F000006F10800FFF737FF6B82861D817801F03C
:100F100003022A757F1CC1F381026A75C1F30211B5
:100F2000A975C17801F00301E97501792976427943
:100F30006A761A35F8B24045D6DBC0E010FB08F0FF
:100F4000001DE6F711BA2DE9F843866916F8019BF2
:100F500000250027B9F1000FB84604D1377875781D
:100F600096F80280F61C4FEA0810FFF7E9FF04002C
:100F700029D084F800906770A57084F80380271D3D
:100F800000251DE031463846EDF79EF9307871783E
:100F900000EB01223A816D1C307AB872717A01F04F
:100FA0000F01F972707A00093873B07A00F00F00FF
:100FB0007873B07A0009B873F07AF8730C3610378A
:100FC000E8B24045DEDB2046BDE8F2832DE9F04182
:100FD000856915F8018B002600270024B8F1000F61
:100FE00003D12E786F78AC78ED1CE000FFF7A8FFF6
:100FF000F8B180F80080011D46708770C47000222F
:1010000014E02B786E7803EB06270F80EB1CAE788C
:1010100006F007054D71521CC6F3C2058D715E784E
:101020001D7805EB06274F809D1C0831D3B2A342E3
:10103000E7DBBDE8F0812DE9F047866916F801ABE2
:101040000027BAF1000FB946B84605D1377896F8AF
:10105000019096F80280F61C1820FFF76FFF04003D
:101060002DD084F800A06770251D84F8029084F8C4
:101070000380002720E03078717800EB0122AA81FC
:10108000B61C17E031462846EDF71EF9307A287273
:1010900006F10900FFF76FFE6B81C61C8178297588
:1010A0000329E8D1314605F10C00EDF70DF9307A4E
:1010B000A875093618357F1CF8B24045E2DB20469A
:1010C000BDE8F08770B586693078002400B9F478FF
:1010D000A01DE6F749F905000DD030782870717829
:1010E000B0782C7101EB00226A8024B12246311DB8
:1010F000681DE6F72FF9284670BDF8B50D4610F8C3
:10110000011B29700278437802EB0321698010F8F3
:10111000022F417802EB0123AB80061D817809097B
:10112000A971C178E9710C0011D06000E6F71CF9D3
:10113000A860E0B1002107E03378777803EB07235C
:1011400020F81230B61C491CCAB2A242F4DB16F8D1
:10115000010B2873040019D06000E6F705F9286137
:1011600038B9A86818B1E6F700F90020A860012096
:10117000F2BD002107E03378757803EB052720F8EE
:101180001270B61C491CCAB2A242F4DB0020F2BDA8
:1011900038B5806942780C46017801EB0223238040
:1011A000851C2946A01CEDF78FF8287AA07231BD66
:1011B0002DE9F047876917F8018B00240026B8F164
:1011C000000FB246B14610D104213846E6F7EAF8DE
:1011D0000646381D0178427801EB022A10F8021FFA
:1011E0004278847801EB0229C71C04F11000E6F76D
:1011F000BBF805000ED085F800806E60A5F808A049
:10120000A5F80A902C732CB12246394605F10D0041
:10121000E6F7A0F82846BDE8F08738B585690C46A2
:1012200004212846E6F7BEF82060287920710628B8
:1012300002DA6879607131BDFE2818BFFF280AD133
:1012400068792179A071A81DFF2904D1027840781E
:1012500002EB0021218131BD80B500F003F8BDE82B
:1012600001401CE01848194B4022022142700170D5
:1012700080211A78012A08BF88218170A0220021CC
:10128000C170017182718272502141710021028905
:10129000C17142F43052C17202810173704710B5BE
:1012A0000120EDF775FF0A4C002814BF0120022031
:1012B000216860F30301216040F62200216860F399
:1012C0000F11216010BD0000C89400205798002025
:1012D0008C96002080B5F3F7D1F80FF29D10DFF85F
:1012E000701B08600FF2DD10DFF8681B08600FF25A
:1012F0009520DFF8641B08600FF2C120DFF85C1B4B
:10130000086001BD80B50021DFF8542B1170DFF8B3
:10131000541B0870DFF8501BDFF8500BECF7D4FFBC
:10132000DFF84C0B0078DFF84C1B0870DFF8480B37
:10133000DFF8481B086000F0E2FB01BD38B584B05F
:101340000D00280438D5DFF81C0B0078E5F71CFEEB
:101350000400002C2CD0A07F002805D1608C13281D
:1013600002D1608800F058FD94F83110A01C00F004
:10137000E6FC002819D12078012810D1607E039066
:1013800060690290E07C0190207E009014F11003CF
:10139000A289A11C14F11C00F7F71BFA05E02078C4
:1013A000022802D12000FCF7C2F92000E5F78BFDEE
:1013B00095F4004528002BE0A80707D50120DFF8A9
:1013C000C01A087095F00205280021E0DFF8B40A81
:1013D0000078012807D1680705D500F0ACFB95F02F
:1013E0000405280014E0280711D500F047FC002868
:1013F00009D10020DFF8901A08600821DFF8640A9C
:101400000078E7F783FC95F00805280000E000204D
:1014100005B030BD38B505006868007D1030C0B239
:1014200080B2E5F73CFD0400002C23D002202070A0
:101430000020607028886081A87820736868007D2B
:10144000207214F11000606068680078800602D590
:101450000120607201E0002060726868027D6868A7
:1014600001696068E5F776FF2100DFF8F809007888
:10147000E5F738FD31BD000038B50D0011001A0048
:10148000D2B2C0B2F3F750F90400002C17D02900F3
:1014900089B22000F3F705F9002810D0290089B29D
:1014A0002000F3F710F9002807D165882000F3F732
:1014B000EFF8280080B2F3F7E1F9002000E0B42053
:1014C00032BD00002DE9FE4306000D005FF0B308B9
:1014D00000275FF0000901E019F101094846DFF833
:1014E000AC190978C0B2884248D24846C0B280B22E
:1014F000F3F76BFA0400002CEED06079C7193000C6
:101500003900C9B280B289B28842E5D218210022DE
:10151000A8464046E5F788FFF61B60798619F6B2C3
:1015200004EB4600C0886881EDF706FD0100280045
:10153000ECF7CAFE6078012804D101202875608884
:10154000A88115E069466088F3F7C6F900280FD036
:101550009DF8080028759DF80800032805D1694604
:1015600015F10C00ECF7B0FE02E0BDF80000A88118
:10157000207828722079A8755FF000084046C0B234
:10158000BDE8FE8380B5827A120715D5827A92076C
:101590000ED5427B062A0BD00A00D2B2E92A07D028
:1015A0000A00D2B2CD2A03D00A00D2B2F02A03D167
:1015B000C9B200F0E5F900E0002002BD2DE9F94FC5
:1015C00085B00F00914600245FF0000AF988F87892
:1015D000F3F716F98046404680B2002800F0978065
:1015E000397D4046C0B203F0CDFB0400002C00F072
:1015F0008E80149EDDF84CB00022F988F878F3F75D
:1016000019F90500F8786071F888E080B87D60818C
:10161000002020723A7D3969E068E5F79BFEA4F866
:1016200012B026755FF0000BCDF81090119E55E0BA
:10163000688889F807006888F3F764F9A9F8020058
:1016400013E05846C0B204EBC00010F116090020A8
:1016500089F8000068780128EAD15FF0010A0120CA
:1016600089F800006888A9F80200287989F8040040
:101670003878400605D599F8060050F0020089F840
:1016800006005046C0B200281ED1DFF80408B9F8A1
:101690000210C28A914217D199F80410B970002142
:1016A0000391129902913100C9B201910021009178
:1016B000049B828C0599380002F025FD99F80600FC
:1016C00050F0050089F806001BF10102D2B2F9883A
:1016D000F878F3F7AFF805001BF1010B002D06D0E9
:1016E0005846C0B2414680B289B28842A9D3109D03
:1016F0009DF81890200003F064FB00943300DBB2E7
:101700002A00D2B24946C9B2380000F021F840465A
:1017100080B2002801D0002C17D1F8788DF8030092
:10172000B87D8DF80400F888ADF806001FFA88F837
:10173000B8F1000F03D1B9208DF8080002E01020A5
:101740008DF80800684602F0D6FC07B0BDE8F08FBF
:101750002DE9F84F8CB08246894690461C001698B9
:1017600003F0D4FA0600169803F0EDFA05003000F5
:10177000C0B2002801D10020FFE00027CDF800A072
:101780008DF806908DF805808DF8044073E098F888
:10179000060050F0080088F806006BE0B8F8020078
:1017A000ADF808008DF80AA00098007D8DF80C00B7
:1017B00001208DF80D0002A8FBF7FCFF9DF81C002E
:1017C000002848D10598407D88F805000598A0F8C4
:1017D00016909DF805000599487698F800000028B5
:1017E00005D0DFF8AC0690F86800059908771698E0
:1017F0004089059908851698408A05994885169864
:10180000007D059981F82C0016984079059981F89A
:101810003A0098F80400059981F83B000098C088C8
:101820000599C887009800890599A1F8400000989B
:10183000407D059981F8490000988088059988873E
:101840000098027D009801690598406CE5F782FDDB
:1018500002A8FBF7FCFF98F8060050F0010088F89A
:1018600006009DF81C00002891D1E4B2002C00D0A5
:101870006D1E761E7F1C38001699097CC0B2884206
:1018800077D23000C0B2002873D016983900C9B2A0
:1018900000EBC10010F1160898F80600C007E9D463
:1018A000002400212000C0B2002805D02800C0B2CA
:1018B000002802D0012100E00121C9B20029D9D0BD
:1018C0005FF0000A5FF008099DF80400002801D0CD
:1018D0005AF0200A0C2100220DF1080B5846E5F7BA
:1018E000A3FD98F8000000281ED0DFF8A40590F8AA
:1018F000680001280BD15AF0080A59F48059B8F849
:101900000200ADF80800FF2088F804004AE75AF00A
:101910000C0A59F00409B8F80200009988804FF6C3
:10192000FF70ADF808003DE79DF80600002803D0E1
:101930005AF0400A59F002094FF6FE7BB8F802004F
:1019400058457FF42BAF04208DF8200098F807004D
:10195000ADF82C0008A8F8F742FE0098A0F804B0F3
:10196000ADF808B000230022002109A8E9F7FAFE2B
:1019700018E70021169800F05EF80DB0BDE8F08F72
:10198000F0B589B006000F000020307B03F06EFA3E
:101990000500002D01D100204BE074693800C0B271
:1019A000002805D10422317B280003F07CFA13E0E3
:1019B0000822317B280003F076FA00280CD0002C96
:1019C0000AD0FFB201976989C9B2009103794288B0
:1019D0000178A078F6F7E0FE002C29D0A088ADF8B9
:1019E0000E00E088ADF81000207A8DF81C00E86841
:1019F0000690607B8DF81D003068006A00783168C1
:101A0000096A4978090251FA80F0C0F38112100086
:101A1000C0B2002800D104220095237813F02003DF
:101A2000D2B2217811F0400102A8FFF791FE00E048
:101A3000002009B0F0BD7FB501230124002219E088
:101A4000002416E01500EDB200EBC5052D7FED0773
:101A5000F6D51500EDB200EBC5052D7F15F00C0F86
:101A6000EED01500EDB200EBC5052D7F6D0700D55A
:101A70000023521C1500067CEDB2B542E2D3027A77
:101A8000002A17D1E4B2012C02D0C9B2012911D128
:101A90000121017241798DF8031041898DF80410FC
:101AA000C088ADF806008DF80830684602F023FBC8
:101AB000012000E0002004B070BD80B50121FFF7D7
:101AC000BAFF01BD80B50200100080B200280BD023
:101AD0000020DFF8AC13087092B20221DFF8840313
:101AE0000078E7F70FF909E00120DFF89413087098
:101AF0000221DFF870030078E7F708F901BDF8B5B7
:101B00000624DFF89053297861430022DFF88863C8
:101B100037003800E5F788FC002006E04FF6FE713C
:101B20000200D2B26243B152401C01002A78C9B20D
:101B30009142F3D3F1BD70B5002100252BE00121C6
:101B400028E04FF6FE720623DFF84C432800C0B2AF
:101B50005843205A90421DD02800C0B25843204418
:101B60002E00F6B25E432644B688761E8680280094
:101B7000C0B25843204480880028E0D12800C0B279
:101B8000584322522800C0B203FB00F304EB0300C9
:101B9000002282706D1C2800BE4A1278C0B29042AA
:101BA000CFD3C9B2002906D04FF4FA720421AD4850
:101BB0000078E7F7A7F870BD70B50500B54C207840
:101BC000002859D0A87C002856D06889EDF75BFE24
:101BD000022802D0687900284ED0002000E0401C86
:101BE00001002278C9B2914213D20621AA4AAB89D8
:101BF0000600F6B24E43965BB342F0D1EB7C060092
:101C0000F6B201FB06F1114489788B42E7D100203E
:101C100033E0002000E0401C01002278C9B291426C
:101C200028D206219C4A0300DBB24B43D35A4FF61D
:101C3000FE76B342EFD1AB890400E4B24C431353B8
:101C40000300DBB24B431344EC7C9C70C0B24843AE
:101C500010440C218180834C04212078E7F782F81E
:101C6000002805D14FF4FA7204212078E7F74AF8EA
:101C7000012002E0002000E0012070BD2DE9F843C2
:101C80000027DFF81882D8F8004000250126804898
:101C9000807B000734D4E3F72BFA0600E3F725FA3C
:101CA00046434FF47A70B6FBF0F1774A1068081A91
:101CB0007B4B1E88B04201D201203EE01E88B0FB63
:101CC000F6F6DFF8E0C19CF800E0B1461FFA8EFEA0
:101CD0001FFA89F9CE4502D29CF80060FFE7B3F8FD
:101CE00000C0B0FBFCF30CFB13039BB2CB1A1360D8
:101CF00006E06068C8F800002000E5F736FB4C46B7
:101D0000002C18D03000E178C0B2884203D2E078CD
:101D1000801BE07001E00020E070E078002806D130
:101D2000D4F80490002DE4D060686860E4E77F1C7C
:101D300025006468E4E7380080B2BDE8F28310B59E
:101D4000564A1268037A022B01D0002018E000885E
:101D500000E05268002A0ED013880400A4B2A34207
:101D6000F7D193780C00E4B2A342F2D14D48007849
:101D7000D070012004E0C9B280B200F002F8002067
:101D800010BDF8B506000F000021444D2C682868EE
:101D9000002808D0491C01E0491C6468002C02D0CE
:101DA00060680028F8D14048008889B2814232D268
:101DB0000820E5F7D9FA00282DD006808770394928
:101DC0000978C170002141602968002901D0606054
:101DD00010E028602E48807B00070BD4E3F788F9D9
:101DE0000400E3F782F944434FF47A70B4FBF0F057
:101DF000254908602648807B00070CD5194C08212E
:101E00002078E6F7AFFF002805D125480288082191
:101E10002078E6F779FFF1BDF8B505001F4E306870
:101E2000002404E041683160E5F79FFA380000289B
:101E30000DD001882A0092B2914205D14768002C4A
:101E4000F0D041686160EFE704004068EFE7F1BD62
:101E5000DC960020E0960020E4960020E896002022
:101E600063980020629800200096002018960020B9
:101E7000B434002064980020F8950020D896002003
:101E8000C134002057980020FC96002027BF020094
:101E900058870020973400203C880020F8960020C6
:101EA0008E340020B63400209034002000680028D2
:101EB00018BF03F08DB870470068002818BF03F002
:101EC0008AB8704770B50468C4B1FE29A8BF4FF046
:101ED000FF300DDA64256943FF2691FBF6F6F6B272
:101EE0004FF0FF30A0FB06016422002300F0F0FC5D
:101EF00001462046BDE8704003F067B870BD817AA6
:101F00008B0607D4006828B1002A18BF03F060B818
:101F100003F061B8704700002DE9F843804633486C
:101F2000DFF8CC900C46017816468A0786B01F462B
:101F300010D441F002010170002004E0FF21C2B280
:101F400009F81210401C2B4A1378C1B29942F5D3FC
:101F500002F0F8FF00252848E9B24156002904D4D0
:101F60006D1CEAB2042AF7DD37E06DB2002D34D4DF
:101F700084F80480657109F81580E7F748F90C21A9
:101F8000804611FB05F11D4A501851588A68904748
:101F90004046E7F763F9684603F00EF8282F0CBFB8
:101FA000012000208DF8100001214FF4FA30102E8E
:101FB0008DF80010019006DA11A131F81610019188
:101FC000802908BF019001218DF80810002203929A
:101FD0006946E8B202F0D0FF10B94FF0FF3001E0DF
:101FE0002060284607B0BDE8F08300004698002036
:101FF000042C0020A2010300582B0020B83D000053
:10200000E803D007A00F401F803E007D00FA80004B
:10201000040008000F001E003C007800F000E00102
:10202000C06940787047C169487800281FBFDFF851
:10203000781308680078002818BF0120704770B531
:102040000446DFF86003E5690278FF2917D1DFF85D
:102050005C130B8840F6050643F2196006FB030388
:10206000180403EB1060C0B250430004000E521E6F
:102070000B8090FBF2F102FB1101491C03E091FB84
:10208000F2F002FB1011E868697040B1697803F062
:1020900069F8687818B96968204600F046F96878E8
:1020A00070BD10B5C4692178491C2170607808B9E9
:1020B00000F072F9207810BDBB48016808787047BD
:1020C000B9480268117069E12DE9FC410446E769ED
:1020D000F868002848D1B648B24D0678B24806F1F3
:1020E000390129700268687892F8008070B901217E
:1020F000697020462268116988470A22019200927D
:1021000081B200230022281D03F09CF90021281D24
:1021100003F028F84146281D03F062F8281DF860F6
:102120006C600027DFF88C8206E058F82020002140
:10213000281D03F05FF97F1CF8B2B042F5DB4FF4C5
:102140007A71281D03F023F8E069416800919DF839
:1021500000309DF801209DF80210281D03F022F8A0
:10216000281D02F0F7FF281DBDE8F6812DE9F0419A
:102170000F4614461D46E2F78DFE8F480188C1F5D3
:102180007A76B2B20AB90020B8E0B6B2A642C8BFA9
:10219000264642187118018002F1040806EB460138
:1021A00089B24046E5F7B4F9002417F07F0714D050
:1021B000012F1CD0022F24D0032F2CD00D2F34D070
:1021C000102F3CD0112F44D0122F4CD0132F54D0AD
:1021D000142F5BD0152F62D070E07849784C0878C6
:1021E000002864D100F08CF803F09CF95FE0754999
:1021F000754C087800285AD100F082F803F0A6F94F
:1022000055E07249724C0878002850D100F078F8F7
:1022100003F0B0F94BE06F496F4C0878002846D1C5
:1022200000F06EF803F0BAF941E06C496C4C0878A4
:1022300000283CD100F064F803F0C4F937E06949A4
:10224000694C0878002832D100F05AF803F0CEF932
:102250002DE06649664C0878002828D100F050F837
:1022600003F0D8F923E06349634C087800281ED1B5
:1022700000F046F803F0E2F919E06049604C087894
:10228000A8B900F03DF803F0EDF910E05D495E4CAF
:10229000087860B900F034F803F0F8F907E05B491A
:1022A0005B4C087818B900F02BF803F003FA002310
:1022B000324641462046E2F70AFE0446ECB16D1E66
:1022C000042D0ED8DFE805F0030507090B000A20EE
:1022D00008E0112006E0502004E0812002E0882080
:1022E00000E0422020761420E5F73EF80546E5613F
:1022F0001421E5F70DF9FF2028702046BDE8F08194
:1023000001220A7020467047C0694160C0680028F9
:1023100000D1704781B002B49DF800309DF80120D3
:102320009DF8021002B002F03DBF73B5C4690022EF
:1023300061606270016845680A69904786B2E0682A
:1023400038B19DF804309DF805209DF8061002F084
:1023500029FF0021ADF800108DF802100022A179AC
:102360008DF8001060798DF8010021798DF8021048
:1023700008E002EB42032B449DF800401C705870AB
:102380009970521CB242F4DBBDE8764005E0C069AA
:1023900042680A607047000000BF0348006803F00D
:1023A0009DB90000DC1B0020D0920020803400206A
:1023B0000B39010084220000D06800201E0100209B
:1023C000B08F002032980020D48F00203398002056
:1023D000F88F0020349800201C90002035980020B1
:1023E000409000203698002064900020379800200C
:1023F0008890002038980020AC9000203998002068
:10240000D09000203A980020F49000203B980020C3
:1024100018910020C069C068002818BF02F0EABD0A
:102420007047FE290ADA0A0007D0020006D0491CCC
:10243000C9B2491C4843001200E00020C0B27047F6
:1024400010B53B493B4C08603B48026842F0030230
:102450000260202021688A69904738480168226814
:10246000906BBDE8104000472DE9F047344D334FE5
:10247000304C344E814628688A46810744BF324832
:10248000E860324800219046016027203A682168C0
:102490008A699047316B2E48014031634FF4806068
:1024A000B16F21F48071B16721680A6B9047216890
:1024B0000A6B4FF48160904721680A6B4FF4C0604B
:1024C000904724491A4A01200860C2F800A03060F1
:1024D0002868810707D418F1010F06BF4FF040406C
:1024E000E860C5F80C803868F0698007FCD50720E3
:1024F000F2F7BAFC0228FAD1B9F1000F12D1216A21
:10250000154D8A68284690470428F8D0012804D140
:10251000226A5368032128469847074801688908BA
:10252000890001602068816BBDE8F0470847000022
:102530008C210840B8010010242208402C200940BA
:10254000100009400C200840FD0000400C400940EC
:10255000FFFFFEFE2820086000400340DFF800F087
:10256000C5EA021070B5E2F723FE094E0446B068D2
:102570000021FFF7F3FF05467069B169451BA942C9
:1025800038BF00252046E2F714FE284670BD00BF84
:1025900080100020F0B5564981B005460C685549B9
:1025A0000A684BF2F5204443240A02F44022B2F5B3
:1025B000802F11D1504801688A030DD44F4EF06826
:1025C00001688847EFF7F8FD3168CA689047270926
:1025D000C010474304EBE7342DB94948006820F0A8
:1025E0007F402418640847480460240C446001219B
:1025F000816001B0F0BD44480068C0F30720704717
:1026000042480068C0F38440704741480068C0F306
:102610008120704770B53F4C82B080B20090082393
:1026200025683D486E684FF47F423021B04702B0C4
:1026300070BD70B5374C82B080B20090122325680F
:1026400035486E684FF4F8020421B04702B070BDFF
:1026500070B5304C82B080B20090112325682E48AE
:102660006E684FF400320421B04702B070BD70B5FF
:10267000284C82B080B200900A23256826486E68F4
:102680004FF440622021B04702B070BDF0B581B078
:102690000226204C204D00960723266877684FF4C9
:1026A000C07200212846B84724682846E5680723F9
:1026B0004FF4C0720021A84701B0F0BDF0B500286A
:1026C00018BF022881B011D1124C134D80B2009076
:1026D000042326687768702200212846B8472468BA
:1026E0002846E568702370220021A84701B0F0BD9C
:1026F00008400C40B44F00508C130050E001001013
:10270000102009407C600C4030A00C4004A00C401C
:1027100020A00C40A401001000A00C400160426009
:102720000021521E8160C260016141618361704776
:1027300070B504460E46E6F76AFD0546A06828B95E
:102740002846E6F78BFD4FF0FF3070BDA069216988
:1027500023680246484319183046E6F7DBFB206938
:102760006168401CB0FBF1F201FB12002061A0681F
:10277000401EA0602846E6F771FDA06870BD816824
:102780004068814201D10120704700207047F0B5B8
:1027900081B004460F46E6F73AFD05466668A06834
:1027A000B0421CD0E0682368401CB0FBF6F106FB89
:1027B0001106A0690246704339461844E6F7AAFBA1
:1027C000A0686169E660401CA060884238BF084686
:1027D00060612846E6F742FDA06801B0F0BD2846DA
:1027E000E6F73CFD4FF0FF3001B0F0BDDFF800F040
:1027F00049DC0210DFF800F0DBEC0210DFF800F03B
:10280000FDE6021030B589B004460D4608232422A7
:1028100000216846E4F780FE01218DF818106A4611
:1028200029462046E4F77CFE204609B030BD10B5AD
:102830008AB004460823242200216846E4F76CFE8F
:1028400001218DF818102046034A6946FFF7CEFF94
:102850000AB010BD00000000EC30002000B581B0CF
:1028600000906846FFF7C6FF01B000BDFFF7C6BF86
:1028700000B581B0E4F716FA00280CBF4FF0FF3026
:10288000002001B000BDE4F709BA080513F0004CC0
:1028900003D55B42524263F100039CEA210C00F035
:1028A000178010B5644603D34942404261F10001EC
:1028B00000F00EF8640004D34942404261F1000187
:1028C000244203D55B42524263F1000310BD000075
:1028D000BBBBE1B1B2F5803F80F07E80022A1ED9F9
:1028E0008C46B1FBF2F102FB11C31B0443EA104317
:1028F000B3FBF2FC02FB1C3380B240EA0343B3FBA0
:10290000F2F002FB103240EA0C4000237047022A2A
:1029100005D98446B0FBF2F002FB10C270474AB101
:1029200005D100F0010249085FEA3000704700223B
:102930000023704702F0D6BE0B00020000210020E9
:102940007047904271EB030CF6D3B3F5803F2FD262
:10295000F0B5B3FA83F7B1FA81F4A7F10F0E3D1B7E
:102960005340CEF1200602FA0EF2F3415340B5F186
:102970000F0746D80F3C2C444140C4F12006A0402C
:10298000F1414140B1FBF3F603FB1611A2FB0645F2
:10299000001BA94102D2761E8018594180EA01022B
:1029A00021FA0EF362FA0EF200215A403046F0BDD1
:1029B00030B4B1FBF3FC03FB1C11A2FB0C45001B64
:1029C000A94103D2ACF1010C8018594130BC024638
:1029D0000B46604600217047B2F1807F65D3F0B5A9
:1029E000B2FA82F7B1FA81F4C7F10F063D1B22FA61
:1029F00006F307F1110EF24120355A40B5F10F07E9
:102A0000B8D94140C4F12006A040F1414140B1FB9A
:102A1000F3FC03FB1C11A2FB0C45001BA94103D2D4
:102A2000BCF1010C801859410F2F12D30F3FC9037D
:102A300041EA5041B1FBF3F603FB1611A2FB064538
:102A4000D4EBC030A94102D2761E8018594146EA23
:102A5000CC3C07B34140C7F12006B840F1414140AA
:102A6000B1FBF3F603FB1611A2FB0645001BA941BF
:102A700002D2761E8018594180EA010221FA0EF333
:102A8000C7F1200462FA0EF20CFA07F05A402CFA51
:102A900004F13043F0BD80EA010221FA0EF3002177
:102AA00062FA0EF260465A40F0BD8C46B1FBF2F17C
:102AB00002FB11C31B0243EA1063B3FBF2FC02FBEF
:102AC0001C331B024CEA002043EA1063B3FBF2FC08
:102AD00002FB1C331B024CEA002043EA1063B3FBE9
:102AE000F2FC02FB1C331B024CEA002043EA106399
:102AF000B3FBF2FC02FB1C324CEA002000237047BF
:102B000070B588B0554C206800281CD000250FE017
:102B1000C9B2CA000300D3406A460E00F6B256FAA4
:102B200085F69355491C0A00D2B2042AF0DB2D1D0C
:102B30002800C0B2202803DAE7F7ACF80021F2E75A
:102B40006846216888474648018B51F0040101839B
:102B500008B070BD80B5E7F79DF8C0B202BD41492D
:102B60000968401A404909788900B0FBF1F201FB7D
:102B7000120080B270473B490968401A3A49097807
:102B80008900B0FBF1F0704710B5384AD168896907
:102B90000978002903D001203549087027E032491F
:102BA000304B1B680C78A40004FB0034314B0978CF
:102BB0008900B3FBF1F1814203D29068D0F84C0553
:102BC00080472D4800683C3000688047211AB1F5E5
:102BD0004871002907D5021B28498A18002A02D506
:102BE000040014F548742100254800F006FB10BDD0
:102BF00038B504001D49C86880690078002803D0F2
:102C000001201B49087027E0174D1A482A789200C6
:102C1000B0FBF2F0A04203D28868D0F84C058047A0
:102C2000104801682878800000FB041412480068EE
:102C30003C3000688047211AB1F54871002907D55A
:102C4000021B0E498A18002A02D5040014F54874A4
:102C500021000C4800F0D1FA31BD00004897002057
:102C6000308200209C9700208E9800200C010020CC
:102C70008F980020FFF6C2FF7897002000F7C2FF70
:102C8000713302004933020030B514006408002596
:102C9000001969410023FFF71BFE30BD10B5040089
:102CA0002000C0B20B38102805D3DFF88C098068EB
:102CB000D0F84C058047DFF88409847310BDDFF835
:102CC0007C09DFF87C190161DFF878194161C17B6B
:102CD00051F00101C173C17B51F00201C173C17B8D
:102CE00051F00401C173C17B11F0F701C173C17BC5
:102CF00051F01001C173C17B51F02001C173C17B40
:102D000051F04001C173C17B51F08001C1730521B5
:102D100081770521C177DFF830190162DFF82C19BE
:102D200041627047F8B514001D00DFF824090768F8
:102D3000DFF804690120F168C96808700020DFF835
:102D40001419087014F0020015F0E041002901D1B7
:102D500000283ED0DFF8000990F90010012902DBBD
:102D60000178491E0170DFF8F40890F9001001297C
:102D700002DB0178491E0170DFF8E4285068002862
:102D80000BD014F0000015F08071002901D100284B
:102D900003D0002100205268904714F0000015F085
:102DA0008071002901D100280ED0DFF8B80890F911
:102DB0000010012902DB0178491E01700120DFF8B3
:102DC000A818087002F016FD0020387102F000FE0D
:102DD00022E0E0030ED5DFF894080078002804D044
:102DE000052003F0F3FC03F09CFC0020387102F096
:102DF00028FE0CE0A00304D50020387103F0F7FA98
:102E000005E0600203D50020387102F0E1FD2000EA
:102E1000800601D503F0CCFFDFF8401891F90000DF
:102E200000280AD10020DFF848180870002100208F
:102E3000B268D2F8582490470FE014F0020215F05F
:102E4000E043002B01D1002A07D091F900000128AE
:102E500003DAB068D0F84C0580470020F168C968F3
:102E60000870F1BD80B509B2FFF75CFF01BD2DE927
:102E7000F84F8CB0DFF8FC4702A82168643109687C
:102E80008847DFF8E05795F90000002806D0DFF802
:102E9000C80790F90000002840F04D81DFF8D807FE
:102EA0005FF08071CDE90A01E6F7B1F90600DFF8BD
:102EB000CCA79AF80000800702D50020079007E011
:102EC00000217D2000F0B9FA079000208DF818004D
:102ED0000020029000208DF80C00DFF884777869DC
:102EE000002803D09AF8000079698847F86800281C
:102EF00002D0F86880470890DFF88407007800283F
:102F00001FD0786A00281CD0786A804700280CD02F
:102F1000DFF8700701798DF824100179DFF8682750
:102F2000117040798DF825000BE0DFF858078179A2
:102F30008DF824108179DFF850271170C0798DF851
:102F400025000020059003208DF81800DFF8EC869E
:102F50000020A8F802000020C8F8080098F80C002B
:102F600010F0F00088F80C0098F80C0050F0800089
:102F700088F80C0098F81B0050F0010088F81B003E
:102F800098F81B0050F0020088F81B0098F81B000E
:102F900010F0FB0088F81B0098F81B0010F0F700F9
:102FA00088F81B0098F81B0010F0EF0088F81B0051
:102FB00098F81B0050F0600088F81B00DFF8789646
:102FC00018F11C01F420D9F80820D2F828249047E1
:102FD000DFF894B69BF80000002817D19AF800009B
:102FE000800613D520683C3000688047C8F8080088
:102FF00098F80C0010F0F00050F0020088F80C0077
:10300000D8F80800029001208DF80C00DFF87CA6AB
:10301000DDE90A01CDE90001DFF8743602AA414674
:10302000DFF870060068246850342468A047AAF8C6
:103030000000BAF90000002810D57868002803D0F5
:10304000002100207A68904741F28831022000F088
:1030500093FA3000E6F702F900206DE0DFF8F8059A
:103060000178491C0170DFF8F4050178491C0170F2
:103070002878401C2870DFF82006C0F80080002166
:10308000022000F079FA00208BF80000D9F808003F
:10309000D0F8AC000078002801D0802100E00021A9
:1030A000DFF8F8351A881C884FF67F7004402143FA
:1030B00011431980D9F80800D0F8AC000078B8F8AE
:1030C000181060F3C711A8F81810D9F80800D0F844
:1030D000D400C08CD881D9F80800D0F8D400408D35
:1030E00098810822D9F80800D0F8D40010F14401E2
:1030F000DC1C2000E5F70EFFD9F80800D0F8D4005A
:10310000C08CA8F83200D9F80800D0F8D400408D5F
:10311000A8F830000822D9F80800D0F8D40010F13F
:10312000440118F128042000E5F7F4FE3000E6F72A
:1031300095F8012000E000200DB0BDE8F08F80B5CB
:10314000FFF795FE02BD38B50400E6F760F805000C
:103150000021022000F010FA2200D2B25FF0FF310D
:10316000DFF830050068DFF80C351B6818331B6882
:1031700098472800E6F772F831BD80B5C0B2FFF776
:103180008DFD012002BDF8B50700DFF8E844DFF847
:10319000045528682168543109688847DFF8986425
:1031A000B168D1F8D41091F883103A00D20FB2EB85
:1031B000D07F02D0C9B201290DD139002868226818
:1031C000583212689047C0B2832803D0B068D0F854
:1031D0004C05804710E002F071FB39002868226836
:1031E000583212689047C0B2832803D0B068D0F834
:1031F0004C05804702F0FEFAF1BD2DE9F84384B09A
:10320000070088467FF0010900200090E5F7FFFFE6
:103210000400DFF86054DFF87C646A4605213068FA
:103220002B684C331B68984701A807F00FF90197EA
:10323000CDF80C800FF21118790849005FEA5800A8
:10324000400081421FD1DFF8580490F9001011F1BD
:10325000020F0FD090F9001030682A6838321268D7
:103260009047C0B2812805D0DFF8CC038068D0F841
:103270004C058047002201A930682B682C331B685D
:10328000984781462DE0780840000FF2E501490893
:10329000490088421FD1DFF80C0490F9001011F1A9
:1032A000020F0FD090F9001030682A683832126887
:1032B0009047C0B2812805D0DFF87C038068D0F841
:1032C0004C058047002201A930682B682C331B680D
:1032D0009847814605E0DFF860038068D0F84C0528
:1032E0008047484640B2002805D5DFF84C03806887
:1032F000D0F84C058047780840005FEA58085FEA3C
:103300004808404504D1DFF8980380F800900BE0AE
:103310007F087F000FF2590040084000874203D128
:10332000DFF8800380F80090012000906A460521B4
:1033300030682B684C331B6898472000E5F78EFFF8
:1033400005B0BDE8F083000010B5BB4C0120E1687A
:10335000C96808707FF00100D1490870F2F7B5FB29
:10336000F2F7EDFB0020E168C968087010BD0000AD
:1033700010B57FF00100CB490870AF4CA068D0F8C1
:10338000E8000068002809D00120E168C9680870D9
:10339000F2F790FB0020E168C968087010BDC249CF
:1033A0000860704710B500280ED0C04C206020681F
:1033B0000069002804D1A0488068D0F84C058047F7
:1033C00020684068AB49086010BD70B57FF001050A
:1033D000B34C94F90000A84208D094F90010AD480D
:1033E0000068A44A1268383212689047AD4E96F9C8
:1033F0000000A84208D096F90010A64800689D4A2F
:1034000012683832126890477FF0010030702070E7
:1034100070BD10B5A34C94F9000010F1020F0BD051
:1034200094F900109B480068924A1268383212687A
:1034300090477FF00100207010BD2DE9FC41050090
:103440000C0000275FF000087B4E69464F20B268F1
:10345000D2F82824904715EB0808B068D0F8D400BB
:1034600090F85300B168D1F818148847042814D193
:1034700018F102085FEA481010FA87F1CC31E4B283
:10348000002C44D04FF47A70894A127890FBF2F005
:10349000CC30411811F5907139E0B068D0F8D40003
:1034A00090F85300B168D1F81814884700281DD14E
:1034B00018F108085FEA480010FA87F1E4B2002C1E
:1034C00007D04FF47A707A4A127890FBF2F04118E4
:1034D000163101229DF900008240521EF0684068BA
:1034E00000780830424312FA81F110E018F10C081C
:1034F0005FEAC80010FA87F1E4B2002C07D04FF45D
:103500007A706B4A127890FBF2F041189831132DC3
:1035100001D3282000E00C20411889B264480078CB
:1035200041438800BDE8F68170B5002542498868AE
:10353000D0F8D40090F853008968D1F8181488475F
:10354000042804D105F56C55A035CC3501E005F60D
:103550003875E3F70BFF0600E1F7C7FD554B002276
:103560005549534C24786543B5FBF0F0E3F76EFE04
:103570003000E3F706FF70BD70B504000D00E3F7FF
:10358000F5FE0600E1F7B1FDB5FBF0F02100C9B290
:1035900001290DD1002804D148480068E3F7C5FE91
:1035A00024E0464B00220FF24D01E3F74FFE1DE0F1
:1035B000E4B2022C0DD1002804D141480068E3F7A1
:1035C000B4FE13E03E4B00220FF23D01E3F73EFE56
:1035D0000CE0002804D13B480068E3F7A6FE05E0B4
:1035E000384B00220FF23501E3F730FE3000E3F7ED
:1035F000C8FE70BD80B54FF400600F498968D1F8EE
:103600002C13884701BD000080B54FF480500A4953
:103610008968D1F82C13884701BD000080B50F4898
:103620000178491C017000225FF0807300210020A6
:1036300007F096FD01BD00000C0100203082002043
:103640003896002028950020888E002020930020A6
:10365000949700207F980020829800208198002075
:10366000F04A00008398002080980020A398002052
:103670007D98002078970020200043008598002046
:1036800084980020309600207C980020229800200A
:10369000652E02006497002068970020389500206E
:1036A000C6340020C73400206C9700207497002097
:1036B0008E98002088970020D16402007C9700201B
:1036C0008097002084970020C0F3C75181B1FF2963
:1036D00006D0C110400721F0E04101F16051704770
:1036E00041020CBF40F4E0016FF000410020704740
:1036F00000F0004100020AD0B0FA80FC00FA0CF0A1
:1037000001F16051A1EB0C5101EBD0214005704754
:1037100070B491EA030F4FF0004540F1BF806B4059
:10372000841A71EB030604D26E40001BB1411219DA
:1037300073414FF4001C1CEB410F34BF7CEB43067C
:1037400083E00C0DA4EB1356362E00F37C80012E83
:1037500045EAC32341DC43EA525312BFD20292022C
:103760005B08240545EAC12141EA5051D2EBC02053
:10377000994125D407D1B0FA80F610FA06F162D04B
:103780000020203608E0B1FA81F6B140C6F12002EF
:1037900020FA02F21143B0404FEAF474B4EB4654FD
:1037A00034F001064FEA74040AD8D6F50016760DF7
:1037B00004F00044F04061FA06F25040F140484005
:1037C000C00A40EA415021F0004128BF5FEA50059D
:1037D00050F1000044EBD12135E0DB0A45EAC1217C
:1037E000C90AB6F120050EDD42EA0242120CC5F10B
:1037F000200603FA06F6EB4042EA06056D429841C0
:1038000061F100010DE062FA06F5F240554063FAFD
:1038100006FC82EA0C02F3405A406D42904161EB93
:10382000030111F4801F05D1641E620502D06D00F2
:103830004041494121F48011430875F1004350F1A2
:10384000000041EB045170BC70471CEB410F15D2D6
:1038500023F0004352EA43060BD04FEA4C0CBCEB7A
:10386000410F04D80C0D661E342EB7DDEBE7801A2D
:10387000994150EA410608BF0021E4E708BF1CEB6C
:10388000430F28BF6FF00001DDE7000070B491EA3C
:10389000030F4FF000457FF543AF6B40841A71EB87
:1038A000030603D2001BB141121973414FF4001CEF
:1038B0001CEB410F34BF7CEB430442E00C0DA4EB46
:1038C0001356352E4FDC45EAC323DB0A45EAC121F6
:1038D000C912B6F120050DDD63FA05F6EB4086EA64
:1038E0000305124218BF45F00105C01851F100014F
:1038F0000CD213E062FA06F5F2405540F3415A400B
:10390000B340F3405A408018594107D349085FEA51
:1039100030005FEA350528BF45F0010501F580114B
:10392000420875F1004250F1000041EB04514E0095
:1039300016F5001F70BC38BF70470020090D09053F
:1039400070471CEB410F10D252EA43060BD0BCEB80
:10395000410F05D80C0DAB43661E342EB6DD02E0D8
:10396000AB438018594170BC704770BC70470C0560
:1039700041EC100B01BD80B551EC100B07F0D0FDF0
:10398000F6E780B553EC112B51EC100B07F0CAFD94
:10399000EEE7280C51EC100B00B500F003F841ECF9
:1039A000100B00BD40F2FF7C1CEA115240F2FE33C6
:1039B000D21A18DD352A20DAB2F1150309DA6FEAD6
:1039C0004C53D340094201D5401E59410020994330
:1039D00070476FF00002DA40094202D5801851F1B9
:1039E00000019043704750EA41031CBF4FEA0C515D
:1039F00001F1804138BF002100207047F8B504462E
:103A000015460E46324600F08AF88818022CC76820
:103A100012D17B6905F00302314602209847E8077E
:103A20003BD520213046E2F7E6FC3046BDE8F840C1
:103A300064222021E2F7A4BC012C01D021002CD16A
:103A4000690606D5407807F10C0304220121E2F74C
:103A5000CAFDE80607D57868FEF723FB642210212B
:103A60003046E2F78DFCA8060BD57868FEF7DBFA46
:103A700010B17868FEF7CEFC642220213046E2F7D0
:103A80007FFC4FF68F70054007D07B692A46314690
:103A9000204601B0BDE8F0401847F1BD10B5C06840
:103AA000144621B14068FEF707FB207010BD217855
:103AB0004068BDE81040FEF703BB2DE9F0418046A9
:103AC0000E46424600F02BF88D1805F108077C6879
:103AD000E6606068FEF7A7FA00286068314602D009
:103AE000FEF712FC01E0FEF720FCB87A410605D58E
:103AF0004FF47A7240214046E2F74FFC9448008828
:103B000000281EBF9349CA8A824206D06878BDE861
:103B1000F04101228021ECF7FABDBDE8F0812C20B4
:103B20008D49424370472C2210B58B4B50431844AB
:103B3000C4686068BDE81040FEF729BCF8B50546CA
:103B40000C46200616461F4613D42B462C20824ACC
:103B50004343D0186946C2685068FEF718FC3B46DC
:103B6000324621466846F3F7ADF800992846FFF73C
:103B7000A4FFF1BD2DE9FE4F8B46804641462C2720
:103B800075480C9C0D9D0E9E17FB01F14018914647
:103B9000C768029601959A46009410214046F3F7B3
:103BA000EFFB08B1012008E0029601950094594608
:103BB000FC6953464A464046A047BDE8FE8FFEB525
:103BC00004460D462246FFF7AAFF8E18802DF7689F
:103BD00013D101A92046F3F7A0F8A8B10022009262
:103BE0006A46F8680DF10201F2F7CCFCBDF800203E
:103BF000BDF802107078F3F70FFBBA691AB12946C5
:103C000020469047FEBD0020FEBD2DE9F843534DF0
:103C1000514A95F80080044647462C2047431744F4
:103C20004A790023D20921461020F0F775FA4C4951
:103C30003B787C7003F080030A5D4A49BA7043F018
:103C400010033B70B960FE68396A7161FA69B2614C
:103C5000796A454AF1613A624449454AB878F9615E
:103C60007A624449095DF970E2F7E6FCB878002110
:103C7000E2F7D2FC0A20308000210091E4F7DAF963
:103C800000B10220317A01F0FD01084330726A462A
:103C900001212046E2F7C4FB4FF0000900281CBFB9
:103CA0000098002807D0000C00F00F09307A810737
:103CB00044BF00983080002100916B46042202210D
:103CC0002046E2F776FC38B900906B4604220221C8
:103CD0002046E2F788FC06E0009820B1307A8107A0
:103CE00044BF009830803288B9784B460020FEF7F8
:103CF0003DFA706018B92978481E287025E06FF0E9
:103D00007F42F260B87C410608D500F035F8E2F752
:103D100050FC18B900F030F8E2F765FC397C7068A7
:103D2000FEF7CEF9F1687068FEF7FFFA64222021F1
:103D30004046E2F725FB642210214046E2F720FBD3
:103D4000397C00223846EFF749FEBDE8F1830000D8
:103D50004429002058870020647C002041980020DE
:103D6000D09500209D3A0200FD390200BF3B0200C1
:103D7000753B0200D895002006F10C0304220121B6
:103D800020467047010000D006E002E0010000D0AC
:103D900002E04FF6FF707047DFF87C1291FBF0F005
:103DA00080B27047F7EE000AB4EE600AF1EE10FA46
:103DB00001D500207047DFED750AB4EE600AF1EE20
:103DC00010FA01DBFF207047BDEEC00A10EE100AAA
:103DD000C0B2704738B5642290FBF2F5ADB22DED5C
:103DE000048B432D0C46DFED628A3CDA00EE100AAC
:103DF000B8EE400A00F078F841EC100BFFF7BBFD7D
:103E000053EC102BDFF8E401DFF8E411E1F71CFCC0
:103E1000DFF8E021DFF8E031FFF77AFCE1F70EFE92
:103E2000B0EE688A09EE100A142DB8BFDFED518A92
:103E30003EDB0A3D00F054F841EC100BFFF79BFD10
:103E400053EC102BDFF8B401DFF8B411E1F7FCFB01
:103E5000DFF8B021DFF8B031FFF75AFCE1F7EEFDF3
:103E600008EE900A24E03C3D00F03AF841EC190BD2
:103E70009FED411B00F02EF853EC102BDFF88C0166
:103E8000DFF88C11E1F7E0FBE1F7D8FD08EE100A4E
:103E90009FED3B1B00F01EF853EC102BDFF8740174
:103EA000DFF87811E1F7D0FBE1F7C8FD09EE100A61
:103EB000B0EE480AFFF776FFA070B0EE490AFFF7B0
:103EC00071FF6070B0EE680AFFF76CFF2070BDEC08
:103ED000048B31BDB0EE490AF0EE690AFFF751BD1F
:103EE00000EE105AB8EEC00A10EE100AFFF7ECBB55
:103EF00010B59FED251AF0EE411A00200021BFEE0B
:103F0000002ADFF81C218BB202EBC304D4ED002A97
:103F100072EEC02AF5EE402AF1EE10FA48BF62EECA
:103F2000822A02EBC30393ED013A33EE603AB5EE19
:103F3000403AF1EE10FA48BF23EE023AF4EE412A7D
:103F4000F1EE10FA44BFB4EE613AF1EE10FA04D586
:103F5000B0EE621AF0EE431A0846491C8BB2BF2B32
:103F6000D1D380B26421484300F57A7080B210BD8D
:103F700000007F430000000045C03782DA0CC1BF5B
:103F8000B326ADEFF054B3BF00C0794401007F43C6
:103F900080B580B2642290FBF2F0E1F727FB41ECA0
:103FA000100BFFF7F7FC51EC100BE1F731FB80B27F
:103FB0006421484380B240F2E9329042184910DB54
:103FC00044F62062904204DB01F5BE6090EC020AE8
:103FD00001BDA0F57A70642290FBF2F080B201EB93
:103FE000C00191EC020A01BD00000000FE8A2BA175
:103FF00021DE58405A619E80D32364C0A4EA114157
:104000009150614048179578B71073C03496D4FC2E
:104010002D9B7440DC09096840420F00F401724096
:104020009C22000080B508490A6853699847074AEE
:104030000021116002BD38B5034B1C68A569A84773
:10404000024A0021116032BDA801001084046042C0
:10405000DFF800F019D7021010B50446034BFFF744
:10406000F7FFA06800B90024204610BDEC30002006
:1040700001488068704700BFE410002038B504464E
:104080000D46E1F7A3F8616A0D436562E1F79FF819
:104090002046BDE83240F4F76DBE080470B50D4609
:1040A000044615F1010F08BF0525E1F78FF8064614
:1040B0000120A840A06165612946054A5069E1F7E1
:1040C00083F8A0623046BDE87040E1F780B800BFD9
:1040D000E410002080B50B00416900290AD0406936
:1040E000417811F0030F05D1DBB28288017B807823
:1040F000F4F734FB01BD80B5037AC2880179C0783A
:10410000F4F72CFB01BD2DE9F24F804691469B460A
:1041100098F814003830C0B280B2E2F7C0FE040054
:10412000002C4BD00D9DDDF830A00B9E0A9F012086
:1041300020701C22414614F11C00E3F70BF90A22FF
:104140000099A01CE3F706F9A4F80C909BF8000076
:1041500020749BF80200A0749BF801006074E67460
:104160000020E062C4F814A02776B8F80A00E081C5
:10417000657698F81400002809D014F13800E06240
:1041800098F81420D8F81010E06AE3F7E3F8607F9D
:1041900010F0030F0CD0DFF874110868002803D06A
:1041A00020000968884709E02000E2F78CFE05E05E
:1041B0002100DFF85C010078E2F794FEBDE8F18FA2
:1041C00038B505002020E2F76AFE0400002C1AD062
:1041D0000420207028886080A8782071E8786071B9
:1041E00010226968A01DE3F7B5F8E96814F116001C
:1041F000F6F7E6F8287CA077687CE0772100454850
:104200000078E2F76FFE31BD10B504000620E2F73A
:1042100046FE00280AD00821017021884180A1783B
:10422000017101003B480078E2F75CFE10BD10B55B
:1042300086B004002088EBF726FB002803D1F9F7AD
:1042400099FD002800D05EE0A07800282BD1207ACC
:10425000042828D101AA69462F480068F9F708FC0C
:1042600004009DF8000000284DD09DF8140001289E
:1042700049D102208DF814009DF81700000603D5DF
:104280000DF11700F9F71FFB01AB1422210089B2D1
:104290000420E4F7E7FE0020FAF769FF012101207E
:1042A000FAF7EAFF2FE0A07800282CD0207A042823
:1042B00029D101AA694618480068F9F7D9FB01001D
:1042C0009DF8000000281ED09DF8140001281AD186
:1042D00000200290002001909DF81700000603D5F1
:1042E00000208DF8140005E001208DF81500FF2056
:1042F0008DF8140001AB142289B20420E4F7B2FE59
:104300000220FBF798FA06B010BD0000F4960020DA
:104310006298002022300020D896002010B400229D
:104320008A700022CA70027F0A75826A00234B736A
:1043300000238B80838D4B83C3894B8113780B7053
:10434000531C0C7814F003042200D2B2032A04DBBD
:10435000002048730020087581E02200D2B2002AB4
:1043600002D0E4B2022C3FD10A7812F00C02140001
:10437000E4B20C2C05D00C78E40602D41C788C70C6
:104380005B1C1400E4B2082C02D101240C7301E080
:1043900000240C73D2B20C2A07D11A785C7824025C
:1043A00054FA82F28A809B1C0AE0427912F00302DE
:1043B000012A05D10A7852F00C020A7042898A80DB
:1043C0000A78D20610D41A785C78240254FA82F261
:1043D000CA809A1C13785478240254FA83F30B8110
:1043E000921C1378CB70531C1A784A755B1C0A78A0
:1043F000120620D51A784A705B1C4A7812F0FC0F1E
:1044000004D14A7812F00302032A04D10020487331
:104410000020087523E04A7812F0030F0DD01A78B7
:10442000CA755B1C0A7812F00302022A05D11A78B9
:104430000A765B1C01E000224A700B610C7D826AE7
:104440009B1AE31A0B75037F0A7D9B1A4B73007F3F
:104450000A7D904203D2002048730020087510BCEA
:104460007047F8B586B005000C00267816F00C06EB
:104470002078000601D556F0800656F00206207816
:1044800010F00300012801D156F0100620788006B4
:1044900001D556F020060C2100226F463800E2F7C5
:1044A000C3FF8DF8026060788DF80300ADF800500E
:1044B00001208DF805006846F9F77CF99DF8140095
:1044C000002820D1012003994876A078039981F82B
:1044D0003A00E078039981F83B00E0880399C887A7
:1044E00020890399A1F84000607D039981F8490073
:1044F000207E039981F84C00E07D039981F84B0000
:104500006846F9F7A4F907B0F0BD10B40022437B68
:10451000042B26D1037C002B23D14369002B20D010
:104520004069037813F00303DBB2002B19D1437BFE
:104530004C68647DA34214D143890C88A34210D1F6
:1045400083884C68E488A3420BD180784B689B78C1
:10455000984205D04868007810F00C00042800D17B
:1045600001221000C0B210BC70471CB50B00597876
:1045700011F0030F0AD00E4C2168002916D000223A
:10458000010089B21800236898470FE0ADF80000D9
:10459000019369460748F4F77CFE002806D00621FF
:1045A000417300210068407BF7F7D1FB13BD000089
:1045B000F09600200B450200F0B589B014001D00F4
:1045C000002209E01300DBB2E35C93F0360301AE96
:1045D0001700FFB2F355521C1300DBB2102BF1DBB6
:1045E00000950B009BB20200012101A800F01EF80B
:1045F0001022290005A8E2F7ADFE002009E0010025
:10460000C9B2615C91F05C0101AA0300DBB2D15434
:10461000401C0100C9B21029F1DB0095802305AAD6
:10462000012101A800F002F809B0F0BD2DE9F84F12
:1046300088B082460C0091461D00129E280080B270
:10464000082190FBF1F1080080B2102290FBF2F7F4
:1046500089B2102091FBF0F800FB181810210022FD
:10466000B3465846E2F7E0FEE4B2002C20D0102218
:1046700031006846E2F76EFE102251463000E2F744
:1046800069FE3100684600F002F900210BE00800E5
:10469000C0B2325C0800C0B21AF800004240080004
:1046A000C0B23254491C0800C0B21028EFDB80357C
:1046B0004C463800471E80B200281DD01022310021
:1046C0006846E2F747FE102221003000E2F742FE82
:1046D0003100684600F0DBF800210800C0B2102865
:1046E000E7DA0800C0B2325C207842400800C0B26D
:1046F0003254641C491CF0E74046C0B200282DD15A
:10470000102231006846E2F725FE0E210022340017
:104710002000E2F789FE80203070280080B2000A75
:10472000B073F5731022310004A8E2F713FE3100D4
:10473000684600F0ACF800210800C0B2102880F2F2
:10474000A3800800C0B2325C04A80B00DBB2C05CDE
:1047500042400800C0B23254491CEDE74046C0B2A6
:104760000E285BDB102231006846E2F7F3FD1021D2
:10477000002237003800E2F757FE4246D2B221004D
:104780003000E2F7E7FD80205FFA88F806F80800BD
:104790001022310004A8E2F7DDFD3100684600F088
:1047A00076F800210BE00800C0B2325C04A80B00D0
:1047B000DBB2C05C42400800C0B23254491C080061
:1047C000C0B21028EFDB102231006846E2F7C2FDCC
:1047D0000E21002234002000E2F726FE280080B2DD
:1047E000000AB073F5731022310004A8E2F7B2FD9D
:1047F0003100684600F04BF800210800C0B21028D4
:1048000042DA0800C0B2325C04A80B00DBB2C05C24
:1048100042400800C0B23254491CEEE71022310079
:104820006846E2F797FD0E21002237003800E2F7D4
:10483000FBFD4246D2B221003000E2F78BFD802022
:104840005FFA88F806F80800280080B2000AB07302
:10485000F5731022310004A8E2F77CFD31006846B0
:1048600000F015F800210BE00800C0B2325C04A88B
:104870000B00DBB2C05C42400800C0B23254491C9D
:104880000800C0B21028EFDB09B0BDE8F08F10B50A
:1048900088B00C001022010004A8F0F76DFF6846F4
:1048A00007F06BF904A80090019402941020039083
:1048B00069460348006807F02EFA08B010BD0000F2
:1048C000305C002030B400BF08A191E83C0080E8D3
:1048D0003C0030BC7047024A02EBC00000F075B8E3
:1048E000783D00002421E2F7D3BD00000200000063
:1048F00000000000FFFFFFFF0000000030B505468C
:1049000081B02C68E4F783FCA178C1B90022627001
:10491000E4F7A4FC9B488168002944BF4FF0FF32B4
:10492000626099490160284600F016F8207A022852
:104930000AD101B0BDE830409448FDF7A4BF01B0F2
:10494000BDE83040E4F78ABC637A62696168246933
:104950002846A04701B030BD10B584B00468606936
:10496000617A8B4A012990F8211004D112684069BC
:104970009368984710E012689368684698476069A2
:1049800090F821204169684607F094FA002814BF86
:1049900060686FF00300606040217E480160802203
:1049A00002600023C0F8FC320220E4F7D4FD7A480C
:1049B000FDF769FF04B010BD00B581B007F0B5FA8E
:1049C00076490120087001B000BD70B505460C465F
:1049D0002E68E4F71CFC71490A780AB1317819B1E4
:1049E000E4F73CFC002070BD01213170E4F736FC97
:1049F00004B96B4C207830726168316120780228EC
:104A00000CBFA0680020F0600A20E4F724FE2846CE
:104A100070BD0268002111700A20E4F7B5BD2DE9D0
:104A2000F04F0D46804681B02868D8F80060846851
:104A3000D0F80490D8F80470DFF85CA1F1689346D0
:104A40005046FDF715FF20B16FF0010001B0BDE841
:104A5000F08F00217060B17086F809B07561424630
:104A600050495148E4F7DBFB39782720E4F7EAFBAB
:104A70000622A1B2484607F0B2FA88B94B4F454C1E
:104A800039684A69272090470220C4F8FC020620B2
:104A9000F96C4A68904758B140202060802121601D
:104AA0005046FDF7F0FE4FF0FF3001B0BDE8F08F4B
:104AB0000220E4F7BBFDFA6C95F820102869D36951
:104AC0009847FB6C95F8211095F82000D3F800C0AA
:104AD000BBF1010F0CBF01220022E047E869C4F8D6
:104AE00050010021C4F85411A969C4F8581159B1F2
:104AF000D7F84CC06868DCF8109000230022C84743
:104B0000F96C2B488A699047307A042803D03968B9
:104B10000A6927209047EA68A868EB69FD6C2E694E
:104B20001946B047D8F8005001206870287A042848
:104B300014D1F96C1F488A699047002844BF4FF090
:104B4000FF3169600020687040460F49C4F8841343
:104B5000FFF702FF686801B0BDE8F08F022808D1B6
:104B60004FF0FF310948FDF783FE686801B0BDE8EA
:104B7000F08F002001B0BDE8F08F01224FE7022244
:104B80004DE700008847024003000080C4840020F5
:104B9000FC01001004440240748400209D98002011
:104BA000EC480200FD48020014850020B00100100E
:104BB0000200008001000080F0B40022002317E012
:104BC0002424DFF840511E00F6B266432E443679A5
:104BD0000700FFB2BE420AD30E001F00FFB204FB63
:104BE00007F42C442479F6B2A64200D3521C5B1C75
:104BF0001C00DFF80C512D78E4B2AC42E0D3D2B205
:104C0000100080B2F0BC704780B5002100F001F8C0
:104C100002BD2DE9FF4104000D00280080B24FF6CF
:104C2000F871884201DB002C43D0002600E0761C9E
:104C30003000DFF8CC100978C0B2884239D224277E
:104C4000DFF8C4803000C0B2784340440079FF28C8
:104C5000EDD0002C13D1280080B24FF6FF718842AE
:104C6000E5D028003100C9B2794338F8011080B28C
:104C70008842DCD1F6B27E4308EB06001AE0012040
:104C80008DF800003000C0B2784340444088ADF851
:104C90000C006846F5F7A3FC0028C8D001A9200045
:104CA000E9F703FB0028C2D0F6B27E4308EB06000A
:104CB00000E0002004B0BDE8F08110B4002101E064
:104CC000401E491C0A00DFF838301B78D2B29A42E5
:104CD00012D22422DFF830300C00E4B254431C44DA
:104CE0002479052CEDDA0400A4B2002CE8D1C9B275
:104CF000514303EB010000E0002010BC70470000AE
:104D0000530002008C7400208C74002010B4020048
:104D10008848007800230AE01900C9B202EBC101FB
:104D2000097F11F00D01012900D1401E5B1C190003
:104D3000147CC9B2A14203D20100C9B20029EBD14F
:104D4000C0B210BC704710B402007B48007800234A
:104D50000CE01900C9B202EBC101097F0C0604D5B1
:104D600011F00D01012900D1401E5B1C1900147CBB
:104D7000C9B2A14203D20100C9B20029E9D1C0B22F
:104D800010BC70472DE9F04105002800C0B2C600F4
:104D9000183656FA81F000B2E2F7E6FA040027006E
:104DA000002C0BD0310089B20022A0464046E2F729
:104DB0003BFB3D74B6B204EB0600F8603800BDE87A
:104DC000F08110B5040000F014F859490978C0B218
:104DD000884203D35948006800F015F85848017814
:104DE00021710178491C0170200000F02EF8207913
:104DF00010BD00205149096801E0401C09680029E4
:104E0000FBD1C0B2704710B50400002C1CD04B4A37
:104E10001068002818D01068002101E00100006827
:104E2000002801D0A042F9D1A0420DD110688442DF
:104E300002D12068106001E0206808602000FCF7C3
:104E40003CFE2000E2F791FA10BD3C4B196800E0EF
:104E50000968002902D00A68002AF9D100220260FC
:104E6000002901D0086000E01860704710B401000C
:104E70003248006800E00068002811D0002200E0FD
:104E8000521C1300047CDBB2A342F4D21300DBB249
:104E900000EBC303DB7E0C00E4B2A342F0D100E0E0
:104EA000002010BC704730B4002300E05B1C1C00E5
:104EB000057CE4B2AC4218D21C00E4B200EBC4049E
:104EC000E47E0D00EDB2AC42F0D11900C9B200EBA6
:104ED000C101097F0A431900C9B200EBC1010A7779
:104EE000DBB200EBC300163000E0002030BC70479E
:104EF00038B504000D002000C0B2FFF7B7FF00284E
:104F000015D000210EE00A00D2B200EBC202D27E20
:104F10002300DBB29A4204D10A00D2B200EBC202F3
:104F2000D576491C0A00037CD2B29A42EBD331BD3C
:104F3000C9340020CA340020CB340020CC97002094
:104F4000A198002070B5E4F762F918490546087881
:104F500060B9012216480A7004783CB1154E3046FB
:104F600056F80C1B8A689047641EF8D12846BDE8A5
:104F70007040E4F773B9000030B50C4C237881B071
:104F800000227BB10A4C2578A8420BD209B900BF98
:104F900012A100EB40029200064B98189B58DA6869
:104FA00090470246104601B030BD00006C980020CA
:104FB000A2010300B83D0000F0B400BF07A191E8D2
:104FC000FC0080E8FC00F0BC7047026813691847D9
:104FD0000168CA69104701680A6A104701000000A9
:104FE00040420F000100000000000000000000002F
:104FF000000000002DE9F843814609F16404002710
:105000002078002804BF607800284FD0DFF7DAFF4F
:1050100080460026DFF81C540CE00A2002E0884796
:105020000A28FADBA169404408608A68521C8A6039
:10503000761CF6B2607C864231DAE168885DFF2832
:10504000F6D06168142250430844438801886061A7
:105050005B1AA1685B1C01EB0611A383A161487B6D
:1050600000F03F004873A1690A68424502D36078A6
:105070000028DDD0487B40F080004873012760693C
:10508000817905EBC102526809EB6200D20751BF7A
:1050900055F83110026855F831105158BFE7380003
:1050A0001CBF484600F050F8002060703846BDE84C
:1050B000F283E0B5130E0193D3B2009313041202EE
:1050C0001B0E120E00F001F807BDFEB5866FF779D2
:1050D000089D099C3E0708D5DFF85C63345D0194A8
:1050E000755D0095F35CB25C01E001940095DFF71B
:1050F00040FEF7BDF0B500230AE003EB43040519B9
:105100000C445B1C26782E7067786F70A478AC70A6
:105110009342F2DBF0BDF0B50068406810E09DB24C
:10512000AE18C41E06EB46066D18264405EB450571
:105130002C44377827705B1E75786570B678A6703A
:105140009CB2002CEBD1F0BD016E002908BFDFF747
:105150000BBE084710B5044600F0D7F8012084F8CC
:10516000640010BD0A46002170B504460D4616467F
:1051700000F0D1F8300008BF002602D0402E28BF32
:105180004026A16E142045434819867170BD0A4619
:1051900000210B2AB8BF0A22836E142041435818FD
:1051A00082807047120242EA014243EA0201FFE7AD
:1051B0000A460021836E14204143581882607047CC
:1051C000F0B50023846E0D4614267543661906EB70
:1051D000830752F82340BC605B1C032BF2DBF0BD5D
:1051E00010B50446DFF72FFEA3E001794079814234
:1051F00001D103207047042070470446256F94F8BE
:105200007520284606F05EBFF0B587B000F03AF88A
:1052100000F002F807B0F0BD2DE9F843804608F130
:1052200068070E46397B8E422AD23546B87B691C08
:105230008842BCBF741CBC734FF0140ED7F80090AA
:105240000B990A9C0998DDF820C01EFB05F509EBB7
:10525000050EAEF80230AEF800208EF806C03B68AE
:105260005A199480D171024631464046FFF7A8FF93
:10527000797B8E4204D231464046BDE8F44315E0C6
:10528000BDE8F18304AC00250026002784E8E00097
:105290000D9C049404AE9DF83C40BDF83850039436
:1052A000029501969DF8304000947047F8B5054688
:1052B00005F17000447907680E462246384606F02C
:1052C00001FF68B900E0401CC1B2A14208D27A5C7B
:1052D000FF2AF8D17E5431462846BDE8F4401AE052
:1052E000F1BD38B5044600F010F804F1740514203F
:1052F00029784143A06EE2F7CBF86978206FFF224E
:10530000E2F792F80020A87031BD6C30417A006855
:105310000901E2F7BDB838B5FFF76FFF40B1E26EA3
:10532000451B02EB0510BDE834401021E2F7F0B850
:1053300031BD2046BDE8104006E7C1F1FF01C8B20B
:10534000552804DA00EB4000C0F1FF0111E0AA2863
:1053500008DA5539C9B201EB4101C1F1FF0040EA59
:10536000012070475631C9B201EB4101C1F1FF0084
:10537000000240EA0140704738B504460D46204619
:1053800000F00DF8291A48BF4942C1F1FF02C9B225
:10539000D2B2914288BF11462A29F0DB32BD0146C4
:1053A00040F60503B1F8440043F2196203FB002004
:1053B000A1F84400010400EB1160C0B2704710B5C1
:1053C0000C46FFF7ECFF14FB00F42404200E10BD84
:1053D00038B50446FFF7E3FF05022046FFF7DFFF7D
:1053E000281880B232BD10B50C46FFF7F1FF4443D8
:1053F000200C10BD38B5124C257813460A462946B4
:1054000000F003F86D1C257032BD70B5044601F143
:105410003900C5B2412D09D2084E06EB810504EBD7
:105420008101C5F8E4208B64C0B270BD002070BD5E
:1054300000000000002E0020503F0000FC2C002047
:105440004A9800202DE9FF410546884606F046FEB1
:1054500005F16406002030747074B074A969A868FE
:1054600000EB6100C90751BF6A6901686A698A581F
:105470000B9F0A9C332190470021317077741420D0
:10548000274647433474384606F070FE040003D0C4
:105490003946E2F73DF800E000247460777C384636
:1054A00006F064FE040003D03946E2F731F800E06C
:1054B0000024F460777C380106F058FE040003D025
:1054C0003901E2F725F800E00024B460A8F10104F6
:1054D000706870612846B168B161FFF702FF002073
:1054E0004FF47A714FF47F02039002910192009081
:1054F000A3B2002200212846FFF786FE00204FF4C9
:105500007A714FF47F020390029101920090A3B24E
:10551000002200212846FFF777FE284604B0BDE8A8
:10552000F0810C0A10B5044606F022FE0448206003
:10553000002121840348044920602160204610BDD9
:10554000981D0000BC1D0000E01D000010B50446C1
:1055500006F00EFE0448206000212184034804491F
:1055600020602160204610BD041E0000281E00009F
:105570004C1E000010B5044606F0FAFD04482060F9
:10558000002121840348044920602160204610BD89
:10559000701E0000941E0000B81E000010B50446E6
:1055A00006F0E6FD044820600021218403480449F8
:1055B00020602160204610BDDC1E0000001F00009E
:1055C000241F000010B5044606F0D2FD04482060F8
:1055D000002121840348044920602160204610BD39
:1055E000481F00006C1F0000901F000010B504460B
:1055F00006F0BEFD044820600021218403480449D0
:1056000020602160204610BDB41F0000D81F00009C
:10561000FC1F000010B5044606F0AAFD04482060F7
:10562000002121840348044920602160204610BDE8
:1056300020200000442000006820000010B504462F
:1056400006F096FD044820600021218403480449A7
:1056500020602160204610BD8C200000B02000009A
:10566000D420000010B5044606F082FD04482060F6
:10567000002121840348044920602160204610BD98
:10568000F82000001C2100004021000010B5044655
:1056900006F06EFD0448206000212184034804497F
:1056A00020602160204610BD642100008821000098
:1056B000AC21000010B5044606F05AFD04482060F5
:1056C000002121840348044920602160204610BD48
:1056D000D0210000F4210000182200000178DFF73B
:1056E00011BC03037047090480B500207F4908708E
:1056F0007F4AD068C0680078002805D100210020CA
:105700009268D2F85824904701BD10B504002000DB
:10571000C0B2002804D176488068D0F84C05804794
:10572000724801780C43047000F08FF810BD10B57A
:1057300004002000C0B2002804D16D488068D0F871
:105740004C058047E3F763FD68490A7814430C7001
:10575000E3F784FD10BD10B504002000C0B200289E
:1057600004D163488068D0F84C058047E3F74FFDCB
:105770005E490A7894F0FF0414400C70E3F76EFD64
:1057800000F042F85A4AD068C0680078002805D175
:10579000002100209268D2F85824904710BD10B51F
:1057A00004002000C0B2002804D151488068D0F81D
:1057B0004C058047E3F72BFD4C490A7894F0FF0431
:1057C00014400C70E3F74AFD10BD80B50020474936
:1057D000087000F073F800F0FBF8454AD068C06824
:1057E0000078002805D1002100209268D2F85824C2
:1057F000904701BD80B500203C490978002901D0BF
:1058000000F023F8C0B202BD10B50020E3F7FFFCA2
:10581000040036480078002813D136480078000686
:1058200009D435480078000605D4344800780028AB
:1058300001D1012000E00020C0B2002801D000F01A
:105840003DF82000E3F70AFD10BD70B5E3F7DFFC7B
:105850002B4C25782178012910D001212170E3F704
:10586000FDFC234AD068C0680078002805D10021DB
:1058700001209268D2F85824904701E0E3F7EEFC4B
:10588000FDF75DFC0600E3F7C2FC3100C9B2012957
:1058900003D02570E3F7E2FC01E0E3F7DFFC144AF4
:1058A000D068C0680078002805D1002100209268E7
:1058B000D2F8582490473000C0B270BD80B50C4873
:1058C0008068D0F8B8000078002803D00020FDF7E9
:1058D0003AFC02E00120FDF736FC0A4991F900008C
:1058E000002802D00878401E087001BD859800206D
:1058F0000C010020869800209198002092980020AA
:105900007D980020839800207FB50020DFF8B41B2D
:1059100008700020DFF8B01B08700020DFF8AC1B17
:1059200008600020DFF8C41B08700020DFF8C81BE7
:105930000870DFF8C85BDFF8C84BA068D0F800013A
:10594000C089103080B2A168D1F850128847286011
:105950002868002803D1A068D0F84C058047286843
:10596000009000208DF804009DF8050010F0FC0068
:105970008DF805009DF8050010F0F3008DF8050086
:105980009DF8050010F00F008DF80500A068D0F814
:105990000001C0891030ADF80600082269462E6863
:1059A0003000E3F7B7FADFF85C0B296801600021EB
:1059B0004160FDF784F9E068C0680078002805D1EF
:1059C00000210020A268D2F8582490477FBD70477C
:1059D00080B5DFF8F80A0168002905D0DFF8201B40
:1059E0008968D1F854128847E3F711FCDFF8141BDB
:1059F00000220B681B681A710A6812680A60E3F7D4
:105A00002DFCDFF8E81A0878002804D1DFF8E80A4E
:105A10000078002814D0002008700020DFF8D81A81
:105A2000087000F017FDDFF8D82AD068C068007849
:105A3000002805D1002100209268D2F85824904710
:105A400001BD80B500F00EF8E3F7E1FBDFF8B41A12
:105A500000220B681B681A710A6812680A60E3F773
:105A6000FDFB01BD2DE9FE4F00208DF80000EFF792
:105A7000D0FFDFF8941A08608120DFF8701A0870F0
:105A8000FF20DFF8881A0870DFF8847A0020388059
:105A90000020DFF8641A0870DFF8785ADFF8240A6B
:105AA00000782870DFF8540A0068007A841EDFF856
:105AB000508AD8F80800D0F80001C089210089B2C6
:105AC000884202D200F0F0FC69E20422DFF8346A76
:105AD00030683988084410F10801DFF83C9ACA465A
:105AE0005046E3F717FA3888001D3880B4F1030BED
:105AF000DFF828AA99F8010099F80210090208189D
:105B0000AAF8000099F80300DFF8141A087099F851
:105B10000200C0F30114D8F80800D0F8B8000078EB
:105B2000002803D12000C0B2022803D02000C0B258
:105B3000032802DB00F0B8FC31E2D8F80800D0F806
:105B4000B8000078002807D09AF8000010F0070F7E
:105B500002D100F0A9FC22E29AF8000010F0070040
:105B6000042807D1DFF860090078002802D100F08E
:105B70009BFC14E2D8F80800D0F8B80000780028A0
:105B80000DD0DFF8A0090078862808D19AF8000027
:105B900010F00700022802D000F086FCFFE1BAF8FE
:105BA0000000C0F30130022869DA9AF8000010F012
:105BB000070002285BD1DFF810090078002856D1D1
:105BC000D8F80800D0F8D40090F88300C0B20228BA
:105BD00002D100F029FCE2E1012230683988084452
:105BE00010F108016C462000E3F794F93888401C56
:105BF00038800024E3F70BFB0500DFF82809007864
:105C000086282ED1D8F80800006C0068002804D13E
:105C1000D8F80800D0F84C0580472100C9B29DF99A
:105C2000000005F0EAF9D8F80810096C096848770F
:105C3000D8F80800006C006884779DF80000D8F858
:105C40000810096C0968C8772800E3F707FB9AF881
:105C5000001011F01001DFF8C808007801F00AF90F
:105C600002E02800E3F7FAFA00F0DEFB97E1DFF844
:105C7000B4080078862802D1002001F026F928789F
:105C800000281BD0DFF840080078002816D12878BB
:105C9000012810D02878022804D19AF8000010F0CA
:105CA000070F08D12878032808D19AF8000010F0CF
:105CB0000700032802D000F0F7FB70E19AF800001B
:105CC000000702D500F0F0FB69E1BAF80000C0F36C
:105CD0000130022806DABAF80000800502D500F08B
:105CE000E3FB5CE199F80200C0F3810599F80260DA
:105CF000F6B2B6092800C0B2012803D03000C0B205
:105D0000012802D100F0D0FB49E12000C0B20228F6
:105D100021DA9AF8000010F00700012805D09AF85F
:105D2000000010F00700032815D156EA0500C0B2A4
:105D3000002802D100F0B8FB31E12800C0B20028F1
:105D400009D1D8F80800D0F8AC000078002802D1BA
:105D500000F0AAFB23E1E4B2022C1DD1DFF8C80752
:105D60002900C9B2445C3100C9B2405C04199AF8F8
:105D70000000400606D555EA0600C0B200281DD135
:105D800002241BE03000C0B2002803D12800C0B2BA
:105D9000002813D0A41C11E0DFF890072900C9B235
:105DA000445C3100C9B2405C04193000C0B2002824
:105DB00004D09AF80000400600D5A41EBAF80000EE
:105DC000C0F3002010F00100DFF864170870594696
:105DD00089B22200D2B2DFF858070078121A914235
:105DE00002DA00F061FBDAE02000C0B2BBEB000B8E
:105DF000DFF83C0700781BEB0000DFF8381708805D
:105E0000DFF8C8B69DF80000DFF82817098851FAB6
:105E100080F0743080B2D8F80810D1F8501288475A
:105E2000CBF80000DBF80000002802D100F03CFBBA
:105E3000B5E074210022DBF8000001900198E1F741
:105E4000F3FA01980020DFF8F0160870DFF8780602
:105E50000078002806D19AF8000010F02000DFF842
:105E600098160870DFF89006007800283ED0DFF81A
:105E7000C0060078002839D19AF8000010F0070019
:105E800003280DD09AF8000010F0070001282DD14A
:105E9000D8F80800D0F8D40090F88200002825D067
:105EA000D8F80C0040690078002808D0EFF750FFC0
:105EB000FE2804D10420DFF88016087016E0D8F818
:105EC0000800D0F84C028047002804D00420DFF8F6
:105ED000681608700AE0D8F80800D0F84402804735
:105EE000002803D00420DFF850160870DBF800000B
:105EF0007430DBF800104860DBF800004068DBF825
:105F000000108865DFF82C060088DBF80010088197
:105F1000DBF800000089DBF80010A1F85C00BAF89B
:105F20000000DBF80010888199F80200C0F301112D
:105F300099F8010010F078000143DFF8FC050078C3
:105F40000143DBF800000174FF20DBF800108873C8
:105F5000DFF8DC150878002801D0002002E0DFF827
:105F6000C0050078DBF8002082F84900DBF800006B
:105F700080F83060DBF8000080F83A503A88087802
:105F8000121A3A802000C0B2002802D100F030F985
:105F900005E0E4B2DFF8A405048000F002F8BDE8F3
:105FA000F78F2DE9F84785B0DFF890452088002865
:105FB00005D1DFF84C058068D0F84C058047228871
:105FC000DFF84C55DFF83C0500682988084410F1DB
:105FD00008016E463000E2F79DFF298820884118AD
:105FE0002980E946DFF83045A078C0F30116DFF8D4
:105FF000DC54286890F8108018F04008A078C0F3AE
:1060000081073800C0B200285ED000203100C9B23C
:10601000022903D14146C9B2002911D199F80010D3
:1060200099F80120120252FA81F12A68A2F844106C
:106030002968B1F844102A68A2F8421019F102093F
:10604000DFF8FCA42968B1F84410BAF80E20914298
:1060500006D02968B1F844104FF6FF7291422BD157
:106060003800C0B203280DD1494628683230E8F71D
:106070002BF919F108091AF1030128683230E8F701
:1060800014F919E099F8000099F80110090251FA81
:1060900080F02968488619F102092868408EBAF80C
:1060A0000C10884205D02868408E4FF6FF71884258
:1060B00001D1012000E00020C0B2002804D106F088
:1060C0005AFBFFF785FC90E0A178C9B28909080066
:1060D000C0B2002839D03000C0B2022813D158EA2B
:1060E00007085FFA88F8B8F1000F1CD199F8000092
:1060F00099F80120120252FA80F02A68A2F84200B0
:1061000019F102090FE02868007C40060BD499F8C9
:10611000000099F80120120252FA80F02A68A2F8D1
:10612000420019F10209C9B2032905D1494628687C
:106130002830E8F7C9F808E099F8000099F801104C
:10614000090251FA80F029680885DFF8B4138868DD
:10615000D0F8AC00007800281ED0F6B2022E1BDA70
:10616000DFF8B803027812F00702012A04D00078A1
:1061700010F0070003280FD1FFB2002F0CD12868C0
:10618000B0F84200DFF8B823D289904204D006F07C
:10619000F2FAFFF71DFC28E0DFF88003027812F026
:1061A0000702032A0BD0007810F0070001281AD14B
:1061B0008868D0F8D40090F88200002813D02868AE
:1061C0008968D1F84812884700280CD10020DFF8F0
:1061D00068130870E078C0F30110A17811F078011D
:1061E00008432968087400F003F806B0BDE8F0879A
:1061F000F8B5D04C2288C64DC248006829880844AA
:1062000010F10801B14E3068876D3800E2F782FE68
:1062100029882088411829803068806D21880844A9
:106220003168886500F001F8F1BDFEB50122B84C77
:10623000B44D28682188084410F108016E463000EA
:10624000E2F768FE2088401C208000260122286892
:106250002188084410F108010DF101073800E2F728
:1062600059FE2088401C208001222868218808448B
:1062700010F10801A54F3800E2F74CFE2088401CC1
:106280002080042228682188084410F1080101AD0B
:106290002800E2F73FFE2088001D2080042101A88D
:1062A000E1F780F801900198FCF765FC874C2168C4
:1062B000C8630198FCF753FC2168A1F84000EA206C
:1062C00006F03BFB9F4A5068002803D0012120685C
:1062D00052689047022085490870894DE8684069F6
:1062E0000078002806D0EFF73BFD002802D00420FC
:1062F000914908702068017C8F480078014320682C
:1063000001743100C9B29DF9000004F076FE2168E5
:1063100081F846009DF80000216881F84800206857
:1063200080F847602068743021688865206841687B
:106330002068B0F85C2020680089121A01EB020086
:106340002168486020688089800517D52068A96881
:10635000D1F8081388472068406E00280ED02068C6
:10636000B0F86800002809D12000A968D1F85412BB
:10637000884700202060FFF72BFB37E0206890F86B
:106380006000002817D02068A968D1F80C1388474E
:106390002068C06C00280ED02068B0F8500000289B
:1063A00009D12000A968D1F8541288470020206044
:1063B000FFF70EFB1AE0A868D0F8B80000780028B4
:1063C0000BD0A868D0F8B800806C002805D02068F1
:1063D000A968D1F8B810896C88472068A968D1F8F5
:1063E000581288470020206000F01EF8F7BD80B5E5
:1063F000EB2006F0A2FA00203F49087049480078D7
:10640000862802D1002000F060FDE2F700FF3D4940
:1064100000220B681B681A710A6812680A60E2F7AA
:106420001DFF00F001F801BD80B500202F49087064
:1064300031480078002801D100F00CF801BD80B58A
:1064400000202D49087029480078002801D100F06B
:1064500001F801BD10B52A4CA068D0F8AC00007856
:10646000002801D1FFF7D0F904F0FBFBA068D0F8B9
:10647000B8000078002803D0012033490968884714
:1064800000F0B5FBA068D0F8B800007800280AD06A
:10649000A068D0F8B8004069002804D01020A16896
:1064A000D1F82813884710BD80B515488068D0F80A
:1064B000B8000078002802D0FFF78AFA01E0FFF761
:1064C000B3FF01BD87980020899800208C97002099
:1064D00080B506480178832906D10021017000208B
:1064E00005490870FFF7B6FF01BD0000869800203F
:1064F0000B4800787047000088980020949700208F
:106500000C010020389600204C9700207498002041
:106510002A9800208A980020909700202898002030
:106520008C980020919800201C4B0000184B000014
:106530008D980020269800208B9800202498002019
:1065400038950020F04A00006C97002038B5A54A25
:106550009168D1F8D410497B0F292ED09168D1F8D9
:10656000AC100978002928D09F490B789168D1F8A0
:10657000EC109268D2F8D420527B51F822104B4391
:106580004FF47A71B3FBF1F1984A13688B4201D250
:10659000002201E01268521A954B1C688C4201D20D
:1065A000002301E01B685B1A924C25688D4201D2E2
:1065B000002108E02468611A05E08C490A688C49CA
:1065C0000B688C4909684FF47A74624390420AD38D
:1065D00089480178032904D003210170007800F074
:1065E00027F9002025E0634398420AD382480178C6
:1065F000022904D002210170007800F019F901206D
:1066000017E0614388420AD37B480178012904D00E
:1066100001210170007800F00BF9012009E07649B2
:106620000878002804D000200870087800F000F9ED
:10663000012032BD10B471490868401C0D22B0FB26
:10664000F2F302FB130008606D4A6E4B1C68086889
:1066500052F82000241A1C600020096842F821002A
:1066600010BC704720206849086070473EB5002084
:10667000664908600020614908600020614908609F
:1066800000205D490870002061490860614C624843
:10669000206062480D210160002106E00022584B75
:1066A0000D00EDB243F82520491C0A00D2B2036860
:1066B0009A42F3D34DF2F0204E49086058484C49B5
:1066C000086058484949086006205749086020205A
:1066D0004D490860554D2868002821D16846DEF7ED
:1066E00015FD00208DF80000002001906A46012170
:1066F0000FF29D00DEF7CBFC28602868DEF7FCFC7B
:1067000000280DD124684FF47A704443DEF7EDFC85
:10671000B4FBF0F12868DEF7FEFC2868DEF7FDFC2C
:1067200037BD10B539490A6812F1010F02D10022B4
:106730000A6002E00A68521C0A6032490A6882183C
:106740000A602E4A2E4B146853F824400019126830
:1067500043F822000868FFF7F9FE10BD80B52B4909
:106760000968002901D1012011E0264909680818AB
:10677000FFF7ECFE002801D0012008E02448016862
:1067800011F1010F02D00168491C0160002002BD17
:1067900038B5FFF74FFF1B480068FFF7D7FE1D48CD
:1067A00004684FF47A704443DEF79FFCB4FBF0F4C6
:1067B0001E4D2868DEF7A0FC002806D121002868BD
:1067C000DEF7A9FC2868DEF7A8FC31BD10B504008F
:1067D000FFF748FF1448006804190B480068444359
:1067E000200010BD0C0100208E980020F0970020A2
:1067F000EC970020E8970020A2980020F89700204E
:10680000F48D0020F4970020DC970020D097002022
:10681000D4970020E0970020E0930400E497002044
:10682000F8240100905F0100D8970020FC97002019
:106830007047FF1E80B50020DFF880190870002027
:10684000DFF87C190870DFF8F429D068C068007898
:10685000002805D1002100209268D2F858249047E2
:1068600001BD2DE9F0418046DFF8D049A068D0F89D
:10687000D40090F88350DFF844693078002803D0C2
:10688000A068D0F84C058047A068006C006800281C
:1068900003D1A068D0F84C05804701203070DFF8A4
:1068A000DC7987F800803878002809D002283DD0AC
:1068B00006D3042847D03FD306283AD05FD35FE001
:1068C0000020DFF800190870A068006C0068807D67
:1068D000400608D5A068D0F8D40090F84E00DFF844
:1068E000E818087007E0A068D0F8D40090F82500F8
:1068F000DFF8D4180870387800280FD1A068D0F8D5
:10690000D400C078002809D0DFF8BC08017803293A
:1069100002DB0221017001E00178017000F084F8CF
:10692000A068006C006800287CD02DE005F024FFF2
:106930002AE000F0F9F827E00020DFF88818087056
:1069400000F044FC20E0A068006C006890F869004A
:10695000DFF870180870A068006C006890F86A0092
:10696000DFF8641808700020DFF8D418087000F011
:106970005BF8A068006C0068002853D004E003E0D6
:10698000A068D0F84C058047DFF83408007800286C
:106990001AD1A068006C0068002803D1A068D0F864
:1069A0004C058047A068006C00684068007810F0D3
:1069B0002000DFF8CC180870A068006C0068406800
:1069C0008078DFF8C01808703878032805D0387848
:1069D000022802D03878062824D1E2F718FC0400F7
:1069E0003878022809D0DFF8A018087800280CD1E0
:1069F000DFF898080078002807D183203070200045
:106A0000E2F72CFC00F0ABF80CE002203070EDB2A5
:106A1000012D04D10878832801D1FCF785FD2000E1
:106A2000E2F71CFCBDE8F08138B5002000208DF8AD
:106A3000000004F04FF8DFF85858C0B20122DFF828
:106A4000881791F900108A40511E08402880DFF80D
:106A5000EC47A068D0F8B800007800283FD0A068C4
:106A6000D0F8B800806B002839D0694642F21A008D
:106A7000A268D2F8B820926B9047DFF844070078FC
:106A8000002822D0DFF83C07007800281DD19DF8AF
:106A90000000002819D0A068D0F8B800C06D002808
:106AA00013D0A068D0F8B800C06D804700280CD083
:106AB0002A88E16849680B780833DFF8D817097825
:106AC0004B43B0FBF3F082182A8029889DF8002000
:106AD000DFF8F0060078424312FA81F02880DFF8F0
:106AE0009C070078002802D105F0B0FB01E005F01A
:106AF0006EFBA068006C0068002814D0DFF88807DF
:106B0000007800280BD1DFF884070078002806D130
:106B10008320DFF8A816087000F021F803E00220B7
:106B2000DFF89816087031BD80B5DFF8100781686E
:106B3000096C096891F86D10DFF854271180DFF8AF
:106B400058178068006C006890F86E00087008782C
:106B5000002801D10120087005F02DFE01BD80B58F
:106B6000DFF818070178022902D105F01FFE0DE0B9
:106B70000178062902D105F067FE07E000780528B4
:106B800002D100F013F801E000F001F801BD80B57A
:106B9000DFF8E80601780029012902D9C91E012978
:106BA00003D8007805F0E2FDFFE701BD80B505F0F0
:106BB00050FE002802D11C2000F09FF901BD80B5D5
:106BC0000120DFF8FC150870DFF8D00640680028C7
:106BD00004D0DFF8CC068189491C8181F02005F0C2
:106BE000ACFEDFF898060078FFF73BFE01BD10B55C
:106BF000DFF894060078002804D1DFF890060078CA
:106C0000002805D0DFF834068068D0F84C058047AE
:106C1000E2F7FDFADFF8A4150A78022A28D101224A
:106C20000A70DFF858462278022A05D02278032A13
:106C300002D02278062A01D183220A70E2F70EFBE5
:106C40002078002805D02078012802D02078042858
:106C500002D1FFF7E9FEFFE72078022805D020786F
:106C6000032802D02078062804D1FFF778FF01E03E
:106C7000E2F7F4FA10BD70B5DFF80046207800287E
:106C800011D0207801280ED0207804280BD020784D
:106C9000032808D02078052805D0DFF8A0058068F3
:106CA000D0F84C058047DFF8145504202870DFF831
:106CB00014050178491C0170DFF88065B168D1F8CE
:106CC000D41091F824100078814203D2E12000F022
:106CD00014F936E02078042811D1B068D0F8B80053
:106CE000007800280BD0B068D0F8B800C06C00283D
:106CF00005D00220B168D1F8B810C96C8847DFF818
:106D0000C8040178491CB268D2F8D42092F8312026
:106D1000914203DA0178491C017005E0B168D1F8AD
:106D2000D41091F8311001702078032804D1832009
:106D30002870FFF72CFF04E02078052801D0FFF72A
:106D400073FE70BD80B5DFF834050078062815D1D4
:106D5000DFF850050178491C0170DFF8340501881F
:106D6000022906DB0188491E0180062005F0FEFC91
:106D700008E000F067FA00F03EF803E000F062FA85
:106D800000F039F801BD80B5DFF8300401788329BF
:106D90000DD1DFF8E8140978032903D10020FFF7AB
:106DA0006AFF04E0852101701D2000F0A6F801BDF6
:106DB00080B5FFF744FB01BD80B5DFF8EC044088E7
:106DC00042F20341401A07D0401E09D0401E0ED1A6
:106DD000E92000F092F80DE0002000F08EF809E0C4
:106DE0000120FEF7A4FC1B2000F087F802E0E92058
:106DF00000F083F801BD70B5DFF84044A068006C76
:106E00000068002803D1A068D0F84C058047DFF85F
:106E10007054A068006C00684068007810F0200092
:106E20002870E2F7F4F90600DFF890130878832859
:106E30001CD12878002808D1852008703000E2F79E
:106E40000DFA002000F059F813E0A068006C00680B
:106E500090F87800002803D1A068D0F84C0580474E
:106E60003000E2F7FBF9FFF7A7FF02E03000E2F79E
:106E7000F5F970BD38B505000C00E2F7C8F9DFF888
:106E80003C130A78862A1DD1DFF82024D3895B1CA5
:106E9000D38187220A70E2F7E1F9DFF8E80300788E
:106EA000EDB285420AD1E4B2002C03D01B2000F0E1
:106EB00024F809E0002000F020F805E0E92000F0C7
:106EC0001CF801E0E2F7CAF931BD80B5DFF8DC0358
:106ED0008189491C8181E2F79AF9DFF8E0120A788A
:106EE000862A07D187220A70E2F7B8F9E92000F074
:106EF00004F801E0E2F7B2F901BD38B50400DFF8AB
:106F0000B0030078002827D0DFF830038068006CD9
:106F10000068007D00281FD000212000C0B200289A
:106F200003D02000C0B21B2801D101210AE02000BB
:106F3000C0B2E92806D1DFF864034088B0F5105FDD
:106F400000D10121C9B2002906D0DFF85003C07B6F
:106F5000FFF73CFCFFF7E5FB0020DFF86412087048
:106F60000020DFF8581208702000C0B2002818D1A5
:106F7000DFF8C8028168D1F8D41091F8531088293D
:106F80000AD0DFF8F812097805290AD18068006C68
:106F90000068807D400704D4DEF7AAF8DFF81413F8
:106FA0000860DFF89852A868D0F8B8000078002888
:106FB00018D0A868D0F8B800406C002812D0200083
:106FC000C0B2A968D1F8B810496C8847E868C068B1
:106FD0000078002805D100210020AA68D2F85824A2
:106FE00090470FE0A868D0F8AC000078002801D1E5
:106FF000FEF70AFC03F035FE2000C0B2A968D1F804
:1070000070128847A868006C0068002808D0A8683B
:10701000006C0068007D352804D0FEF7EBFB01E032
:10702000FEF7E8FB31BD80B5DFF850020078042898
:1070300005D0DFF884028068D0F84C058047042032
:107040005E490870DFF8F8010178491C0170DFF82B
:1070500068128868D0F8B800C06C002805D00320FA
:107060008968D1F8B810C96C88470320DFF820126E
:10707000088005F0ACF801BD7CB5DFF83C42A068A3
:10708000D0F8D40090F88350A068006C0068002805
:1070900003D1A068D0F84C058047A068D0F8B800AC
:1070A0000078002859D000F091F8DFF8100200684D
:1070B000DFF80C1209684031096888470600E2F7DA
:1070C000A6F80500DFF8C0110878002833D1DFF8F2
:1070D000BC01007800282ED10020A168D1F8B8109A
:1070E000C96C88476946F420A268D2F828249047E2
:1070F0009DF9000076B2864204DBDFF84401007897
:10710000002811D083202D4908700020FCF71BF8BF
:107110002800E2F7A3F8DFF8AC010078E16809691C
:107120000870FFF71CFD3CE02800E2F797F800200C
:10713000FFF779FF35E00220204A10700878832895
:1071400001D1FCF7F1F92800E2F788F80420A168E2
:10715000D1F8B810C96C884723E0E2F758F8060068
:10716000DFF82411087800280DD1DFF8200100781D
:10717000002808D18320114908703000E2F76EF82A
:10718000FFF7EDFC0DE002200C4A1070EDB2012D6E
:1071900004D10878832801D1FCF7C6F93000E2F762
:1071A0005DF8E068C0680078002805D10021002063
:1071B000A268D2F85824904773BD0000919800202F
:1071C0009A980020979800209498002038B53A4C5F
:1071D000A068D0F8B800007800282DD0A068D0F8BA
:1071E000B800C069002827D0A068006C0068C06D96
:1071F00000280DD00023A068006C02680221A0685E
:10720000006C0068C06DA568D5F8B850ED69A84756
:10721000A068006C0068006E00280DD00023A068F4
:10722000006C02680821A068006C0068006EA46809
:10723000D4F8B840E469A04731BD00000C0100203B
:107240009898002038B51C4CA068006C0068002895
:1072500003D1A068D0F84C0580471B4D2868FBF788
:107260008AFCA168096C0968C8602868FBF777FC8C
:10727000A168096C0968088231BD0000939800205C
:1072800096980020999800208698002088980020E1
:107290002C9800208E980020959800207082002065
:1072A000149400209C980020188200203C94002018
:1072B000A3980020A89700200C01002064970020CC
:1072C000789700209B9800207097002070B50446A6
:1072D0000D46E1F79CFF2968002631B10A69A242F8
:1072E00008BF0E4609680029F8D1E1F7B7FF30461C
:1072F00070BDDFF8101791F833000022030604D4A4
:10730000582010FB02F28818704791F88B00012278
:107310000306F5D591F8E30002220306F0D591F8B3
:107320003B0103220306EBD591F8930104220306E7
:10733000E6D591F8EB0105220306E1D591F8430269
:1073400006220306DCD591F89B0207220306D7D557
:10735000002070472DE97043064614461D46E1F7AC
:1073600056FF6EB1D6E90A2322432B43C6E90A230E
:10737000D6E9088948EA040449EA0505C6E908454A
:10738000BDE87043E1F76ABF30B581B004460D46F1
:1073900002F00BFDA04231BF241A641E241A641CA3
:1073A000A40805F57A70A04238BFB4F1405F06D258
:1073B000641B012C98BF0124204601B030BD002081
:1073C00001B030BDF0B5DFF83C3604460025D3F8F7
:1073D0005003012981B024D100E00068002852D078
:1073E000C668377B07F00F07022F1AD00068002805
:1073F00049D0C668377B07F00F07022F11D000680D
:10740000002840D0C668377B07F00F07022F08D04E
:107410000068002837D0C668377B07F00F07022FB7
:10742000DBD180B3012502B11060C268167B06F083
:107430000F06022E27D1012904D10169CA68898D5E
:10744000511813E0118840F6030291421CBF40F628
:107450000406B14207BF01694A6901690A69498B9B
:10746000561893F82213192212FB0161406BFFF7A3
:107470008BFF2060DDF739FE2168B1FBF0F0206062
:1074800001B02846F0BD0020206001B02846F0BDC4
:10749000F0B581B00446E1F7BAFE0546002C1CBFEA
:1074A000A07A002833D0DFF8603594F909001E680F
:1074B0000122F70702FA00F10ED5DFF850351B68FC
:1074C0001E0609D5DFF848355E68113002FA00F073
:1074D000C04306405E6018600020A07220722060E9
:1074E0006060C4E90400DFF81C35A06194F909006C
:1074F00093F820638240324393F8220383F82023D9
:1075000010B1401E83F82203C8B200F062F9284689
:1075100001B0BDE8F040E1F7A1BE00002DE9F04761
:1075200000261124DFF8E854DFF8D8944FF0010862
:10753000F0B2032848DA09EB401000F53077B97A49
:10754000012941D197F90900113008FA00F0C1432F
:1075500029606A681043686097F9090008FA00FA20
:10756000E1F755FE99F894134AEA010189F894135A
:10757000E1F774FE99F88403022817D107F110008F
:1075800005F010FA00F0FF0001280FD1B86948B1EA
:1075900099F88413022909D105F004FA00F0FF00DC
:1075A000012803D10220B8720EE000BF99F8210330
:1075B00097F9091004FA01F1084389F82103002121
:1075C00009F58260F1F71AFC761C032EB0D3BDE8F2
:1075D000F08730B5042881B020D1DFF8284404F5C5
:1075E0008D60DDF789FDC8B1DDF77FFD054604F547
:1075F0008D60DDF77FFD4543B5F5967F0ED204F52E
:107600008D60DDF78CFD0520E2F710F8012084F88D
:107610009103042104F56E70F1F7F0FB002001B036
:1076200030BD70B50446E1F7F2FDDFF8D8630546DA
:1076300096F84C0320EA040486F84C430024D6F85C
:10764000280320B1B830DDF757FD00B10124D6F88A
:107650002C0320B1B830DDF74FFD044319D196F863
:107660004C03002808BF002C13D1D6F8480380B182
:1076700090F828108A070CD5446A2846E1F7EEFDF9
:10768000D6F8480300220221A0470020C6F848038C
:1076900070BD2846BDE87040E1F7E0BDF0B40029B8
:1076A0000CBF01230023002A0CBF01250025002860
:1076B00039D02C0004BF90F84440002C33D000296E
:1076C0001CBF91F84440002C12D0446B0E6C07692B
:1076D0000969A408A4EB96040026B94218BFFE6805
:1076E000A41B04F18054B4F1805F88BF012301D84A
:1076F000190018D0BAB1D1680C7B04F00F04022C29
:1077000011D1516B046C126900698908A1EB9401D5
:107710000024904218BFD468091B01F18051B1F1D7
:10772000805F88BF012503EA0500F0BC7047F0B513
:1077300081B01E466FF002078DF800700546346870
:107740002246FFF7ABFF10B101208DF800009DF934
:107750000000B84201BFE968087B00F00F00022872
:107760000CD100E024684CB1226821462846FFF77E
:1077700095FF0028F6D002208DF800009DF900103A
:10778000B94204D1E86B10B104218DF800109DF9C5
:107790000070012F06D129463046E1F7DAFD384660
:1077A00001B0F0BD022F09D12268002A29463046D7
:1077B00008D0E1F7A6FD384601B0F0BD042F03D193
:1077C00029463046E1F7B0FD384601B0F0BD002053
:1077D000704730B581B00446E1F719FD0546894888
:1077E00090F8941321EA040480F8944390F89423C9
:1077F000110704D4082100F56E70F1F7FFFA28464E
:1078000001B0BDE83040E1F729BD2DE9F04FDFF8C8
:107810000CAC81B09AF88413022905D101B0BDE8FF
:10782000F04F1920E1F7F9BC9AF8840301281CBF36
:107830009AF88403042800F08780E1F7E8FC0090C0
:107840000024DAF85003002518B3C1680A7B01252B
:1078500002F00F02022A1CD10A88192140F6030304
:107860009A421CBF40F60406B24219BF026913696E
:1078700002695369528B406B9A189AF8223311FBB4
:107880000321FFF781FD0646DDF72FFCB6FBF0F87C
:1078900000E0A04600264FF0FF390027F8B2032889
:1078A0001EDA0AEB401101F53072907AC0B1107AFD
:1078B000012602281DD0DAF898030169408B9AF856
:1078C00022330918192010FB03115069FFF75CFDE2
:1078D0008346DDF70AFCBBFBF0F0484598BF8146C4
:1078E0007F1C022FDAD9354205D044464C4507D9D2
:1078F00005E0A146F7E70DB1444601E006B14C466C
:10790000354317D064B12146012998BF01210AF5FA
:107910008D60DDF700FC0AF58D60DDF7FEFB0DE004
:107920000AF58D60DDF7FBFB04210AF56E70F1F7B7
:1079300065FA03E00AF58D60DDF7F1FB009801B010
:10794000BDE8F04FE1F78ABC01B0BDE8F08F30B57B
:1079500085B001460022039201920492029240F601
:1079600002058C68487E628023885B1B09D041F247
:107970001E055B1B05D041F6E6755B1B012B0FD97D
:107980001CE0238A4FF6FF3213402382002819BFE0
:107990004FF60F4003402D2060F3091323820DE0C2
:1079A000238B4FF6FF3213402383002819BF4FF675
:1079B0000F4003402D2060F30913238300204876F5
:1079C00002AD009504AB01AA03A9204601F0CDFE4B
:1079D00050B1039801884FF6FF72914204D1029989
:1079E000019801F034FE03E00299019801F075FE60
:1079F000DFF8280AD0F8AC1309B10198884705B020
:107A000030BD00002001002040210840000004405B
:107A1000081004402DE9F04784B00025DFF8FC8908
:107A20000395D8F850630295002E68D0D8F8640307
:107A3000002804BFD8F86003002840D1012585F054
:107A4000010903AA494602A8FFF7BCFC040058D16B
:107A5000DFF8CC094768002F18BF002C00F009831D
:107A60000298002840F00583D8F864130398019029
:107A7000CDF8009008F55673D8F8600308F55472F5
:107A8000B847012800F0C881022840F0F282D8F8F7
:107A90006003D8F86013B0F930400D69E1F7B7FB27
:107AA0004FF0FF318C4201904BD1D8F86003002891
:107AB0003BD00069A84238D1D8F8606397E0D8F885
:107AC00060030028BBD0D8F86003016930698142A7
:107AD000B5D196F83310CA06B1D5D8F8640300289A
:107AE000ADD10125D8F86003C16848880028F9D0D5
:107AF000D8F86003C16848880128F3D09FE70221C5
:107B00003FE3002DA4D102980028A1D0014602290C
:107B100038BF012108F58D60DDF7FDFA08F58D60AD
:107B2000DDF7FBFA04B0BDE8F087D8F8640328B1AC
:107B30000069A84208BFD8F8646358D0D8F85063E9
:107B400055E0B8F930000021A04202BFD8F810304B
:107B50000093AB4246D0B8F988000121A04202BF91
:107B6000D8F868300093AB423CD0B8F9E00002216D
:107B7000A04202BFD8F8C0300093AB4232D0B8F96F
:107B800038010321A04202BFD8F818310093AB425C
:107B900028D0B8F990010421A04202BFD8F8703172
:107BA0000093AB421ED0B8F9E8010521A04202BF04
:107BB000D8F8C8310093AB4214D0B8F9400206217E
:107BC000A04202BFD8F820320093AB420AD0B8F9E5
:107BD00098020721A04202BFD8F878220092AA4258
:107BE00040F01881582010FB01F108EB0106002E2F
:107BF00000F0108196F83300010640F10B81D8F8AF
:107C0000600386421CBFD8F864138E426AD0D8F84D
:107C100050434FF0000A00E02468002C00F0FA8086
:107C2000B44211D02468002C00F0F480B4420BD090
:107C30002468002C00F0EE80B44205D02468002CAB
:107C400000F0E880B442E7D120692768A84234D127
:107C5000E1F7DDFAD4E90A2343F08051C4E90A21AF
:107C60000AF1010AD4E9082343F08051C4E908214C
:107C7000E1F7F4FAE1F7CBFAD4E90A2343F0807193
:107C8000C4E90A21D4E9082343F08071C4E908213A
:107C9000E1F7E4FA98F84C133069C8F8480341F06A
:107CA000010188F84C1308F554702146E1F766FB92
:107CB000214608F55670E1F737FB3C00C4D1BAF114
:107CC000000F1FBF98F88403012898F88403042844
:107CD00000F0A080DFF8281908F56E70F1F78EF833
:107CE0000198F1E1D8F8600300224FF00053FFF74C
:107CF00031FBD8F8640300224FF00053FFF72AFB52
:107D0000DFF8000904F04EFED8F86043E1F77FFA8F
:107D10005CB1D4E90A2343F08071C4E90A21D4E9B3
:107D2000082343F08071C4E90821E1F797FAD8F8F5
:107D30006443E1F76CFA5CB1D4E90A2343F0807143
:107D4000C4E90A21D4E9082343F08071C4E9082179
:107D5000E1F784FA98F84C133069D8F85063C8F802
:107D6000480341F0010188F84C13344600E02468D0
:107D7000002C4FD0B4420ED02468002C4AD0B4421C
:107D800009D02468002C45D0B44204D02468002CCB
:107D900040D0B442EBD1002C3CD020692768A842E7
:107DA00036D1E1F734FA0246D4E90A0141F08053B2
:107DB000C4E90A03D4E9080141F08053C4E9080387
:107DC0001046E1F74BFAE1F722FA0246D4E90A013C
:107DD00041F08073C4E90A03D4E9080141F08073DB
:107DE000C4E908031046E1F739FA98F84C133069F2
:107DF000C8F8480341F0010188F84C1308F55470A5
:107E00002146E1F7BBFA214608F55670E1F78CFAF6
:107E10003C00C2D1019857E1039800B10646B6F97B
:107E200030403569E1F7F3F94FF0FF318C420746F6
:107E300014D1D8F8600328B10069A84208BFD8F867
:107E4000606361D0D8F8640328B10069A84208BF14
:107E5000D8F8646358D0D8F8506355E0B8F93000CA
:107E60000021A04202BFD8F810300093AB4246D0A8
:107E7000B8F988000121A04202BFD8F86830009309
:107E8000AB423CD0B8F9E0000221A04202BFD8F8D2
:107E9000C0300093AB4232D0B8F938010321A04280
:107EA00002BFD8F818310093AB4228D0B8F990013E
:107EB0000421A04202BFD8F870310093AB421ED01B
:107EC000B8F9E8010521A04202BFD8F8C8310093F3
:107ED000AB4214D0B8F940020621A04202BFD8F844
:107EE00020320093AB420AD0B8F998020721A04291
:107EF00002BFD8F878220092AA4240F0B8805820F9
:107F000010FB01F108EB0106002E00F0B08096F89E
:107F10003300010640F1AB80D8F8600386421CBFF5
:107F2000D8F864138E4261D0D8F8504300E024683A
:107F3000002C00F09C80B44211D02468002C00F08A
:107F40009680B4420BD02468002C00F09080B4429C
:107F500005D02468002C00F08A80B442E7D1206963
:107F6000A84240F08480E1F752F9D4E90A2343F0B3
:107F70008051C4E90A21D4E9082343F08051C4E9BF
:107F80000821E1F76BF9E1F742F9D4E90A2343F05C
:107F90008071C4E90A21D4E9082343F08071C4E95F
:107FA0000821E1F75BF998F84C133069C8F84803E9
:107FB00041F0010188F84C1308F554702146E1F7AF
:107FC000DDF9214608F55670E1F7AEF998F884031B
:107FD00001281CBF98F88403042848D0DFF8201635
:107FE00008F56E70F0F70AFF38466DE0D8F86003C8
:107FF00000224FF00053FFF7ADF9D8F864030022D8
:108000004FF00053FFF7A6F9DFF8F80504F0CAFCBB
:10801000D8F86043E1F7FBF85CB1D4E90A2343F0F8
:108020008071C4E90A21D4E9082343F08071C4E9CE
:108030000821E1F713F9D8F86443E1F7E8F85CB1F7
:10804000D4E90A2343F08071C4E90A21D4E9082362
:1080500043F08071C4E90821E1F700F998F84C1366
:108060003069C8F8480341F0010188F84C133846DC
:108070002AE0002D00F089803069D8F898138842F2
:1080800018BF4FF480617CD1002C1CBF02980028DF
:108090001FD0D8F86003002804BFD8F86403002874
:1080A00017D1E1F7B4F8044698F8940300F0F7000C
:1080B00088F8940398F89403010704D4082108F57C
:1080C0006E70F0F79BFE2046E1F7C8F804B0BDE8FB
:1080D000F087E1F79CF898F8941341F0080188F8CC
:1080E0009413E1F7BBF896F83300C10608F5547015
:1080F00004D5E1F7F2F8C8F8640303E0E1F7EDF81E
:10810000C8F86003D6E90601DFF8A048C043A060C4
:10811000E268D6E906010243E260D6E90623DB43C2
:1081200023606768D6E906010F436760DFF880784F
:108130007D68F4682B46180007D0387A010704D50B
:10814000D8F89803324608219847204604F02AFCC4
:10815000208840F60201401A08D041F21E01401A60
:1081600004D041F6E671401A012808D83DB1387AAA
:10817000C10704D5D8F8980322460121A8474FF03B
:10818000804108F56E70F0F739FE04B0BDE8F08765
:108190002DE9F04FDFF88492DFF8180881B0D9F8A4
:1081A000608304F080FC0646DFF8E4090468076891
:1081B00004F02004344018BFB8F1000F07F4602722
:1081C00016D0C9F86883E1F722F8D8E90A232343D7
:1081D000C8E90A23D8E908AB4BEA0405C8E908A5B1
:1081E000E1F73CF84FF4804109F56E70F0F706FEB8
:1081F0003E400DD099F8211341EA564089F82103F9
:1082000001B009F58260BDE8F04F0021F0F7F6BD3E
:1082100001B0BDE8F08F2DE9F043DFF8009281B0A6
:1082200099F82103002400284CD099F82103002656
:10823000C1073DD599F821031021B140084218BF6C
:108240000124E0F7E4FF99F821131122B240914391
:1082500089F82113E1F702F8032E33DA09EB46110E
:1082600001F53072907A68B392F90980DFF8241929
:1082700001EB8801002C0D681668576804BF107A5E
:10828000022803D1D2E90401C30009D41046FFF744
:10829000FFF82CB10020009000224FF0007303E0A3
:1082A000009500224FF0006341463046B84709E090
:1082B00099F8210301268107BCD499F821030226ED
:1082C0004107B7D499F8210338B109F5826001B0AC
:1082D000BDE8F0430021F0F791BD01B0BDE8F083A7
:1082E0002DE9F0430FF23C1285B0D2E90034CDE91C
:1082F00000344FF4804004F04FFB4FF00008F0B121
:10830000DFF89408D0F813100078C1F31501800845
:1083100041EAC0714148D0F89833986802AA01F048
:10832000B7FA3E48DFF88816D0F898034B688268A1
:108330001C0004D00C7AE10744BF012198476E4627
:108340004FF0020937683868002855D03868D0E9FE
:10835000060104F021FB3D680021CDE9020104463D
:10836000E0F755FF84467DB1D5E90A23DDE9020136
:1083700010431943C5E90A01D5E90823DDE90201E3
:1083800010431943C5E908016046E0F767FF14F0A0
:108390000A0F2AD03868DFF8F817DFF800388A6843
:1083A000DFF8EC47D0E9060118408243A260386844
:1083B0002368D0E906018B4323603A68DFF8F005B3
:1083C0004368190007D0017AC80604D5134CD4F8C5
:1083D0009803102198473968DFF8C407E0F7A4FF35
:1083E0000020386048F0020806E02CB138680B49DC
:1083F000C1F8680348F48048361DB9F10109A1D1DC
:108400005FEA08011CBFDFF89C07F0F7F7FCFFF7F5
:1084100085F8FFF7FFFA05B0BDE8F08320010020E2
:1084200078340020800400208404002030B5DFF878
:10843000784781B0B4F96C03B4F96E13884217D150
:10844000E0F7E5FE054694F8940300F0F70084F8A1
:10845000940394F89403010704D4082104F56E7082
:10846000F0F7CCFC284601B0BDE83040E0F7F6BE9E
:1084700001B030BD0720FFF7D4B82DE9F041074621
:1084800082B0D7F8A860884614461D4606B1B047AA
:10849000D7E928012040294008BF002800F08E803D
:1084A000DFF80457B5F930600024464502BF2A6959
:1084B0000092BA4203D195F83320160663D4B5F979
:1084C00088600124464502BFAA6E0092BA4203D1D9
:1084D00095F88B20160656D4B5F9E060022446457F
:1084E00002BFD5F8C0200092BA4203D195F8E3202C
:1084F000160648D4B5F938610324464502BFD5F8BD
:1085000018210092BA4203D195F83B2116063AD4BD
:10851000B5F990610424464502BFD5F87021009258
:10852000BA4203D195F8932116062CD4B5F9E86127
:108530000524464502BFD5F8C8210092BA4203D1AE
:1085400095F8EB2116061ED4B5F94062062446457F
:1085500002BFD5F820220092BA4203D195F84322F7
:10856000160610D4B5F998620724464502BFD5F81F
:1085700078220092BA4203D195F89B22160602D4C3
:10858000C7E92C0110E0582616FB04F4C7E92C01BA
:108590002C44D4E9082322EA000023EA0101C4E9BB
:1085A0000801D7F8A850A5600020C7F8A80002B0BD
:1085B00007F15000BDE8F041FAF765B902B0BDE837
:1085C000F081704700B581B0F0F716FCDFF8D825D0
:1085D0000146D2F89803D2F8882301B05DF804EB85
:1085E0001047DFF8C4050FF2D152D0F8881391423A
:1085F00008BFFFF70AB9042100F56E70F0F7FEBB63
:10860000020000400100010430B581B04FF0FF309E
:1086100004F0C2F9DFF890550FF29D510446D5F8E9
:108620008803884232D10022DFF8881505F57D7075
:10863000E0F7F5FD022085F88403D5F898138A68E1
:1086400001F1380300E00246506890B198421EBF25
:108650000246506800280CD098421EBF024650685F
:10866000002806D098421FBF024650680028984252
:10867000E9D1507B10F00F0F02BF488F40F609017F
:10868000884203D0FEF74AFFFFF7C4F9DFF8BC0CBD
:10869000044208D005F56E7001B0BDE830404FF0DF
:1086A0000051F0F7ABBB01B030BD00B581B04FF069
:1086B000FF3004F071F9800708D501B05DF804EBD4
:1086C0004FF40061DFF8DC04F0F798BB01B000BDA7
:1086D0002DE9F041DFF8D074D7F85863002E00F090
:1086E000AB80F068082140F6040240F6030301E085
:1086F0004068491E68B1CCB25CB104889C4218BF86
:108700009442F5D1316901F138021AC81AC21AC867
:108710001AC2D6E90A450022C6E90A22B068D0B1D9
:1087200015F0E24310D024F00F0235F0E24308BF09
:10873000002A05D0B6F930103069D6F808C0E047F5
:1087400004F0000405F0E245B6F930103069224625
:10875000B4682B46A047E0F75AFD0446B7F86E030D
:10876000401CC0F30B00A7F86E036FF0020100205D
:1087700086F83300318607F55670E0F7AEFD2046E7
:10878000E0F76CFDB7F96E03B7F96C13884253D16B
:10879000D7F89823D7F82863D7F82C5392F8FC1011
:1087A0000024A046052001B10720FEF73AFF2EB1B4
:1087B00096F8FC0000B9346886F8FC803DB195F865
:1087C000FC0008B9D5F80080002085F8FC0044457D
:1087D00038BF4446E4B9B7F96C03B7F96E13884261
:1087E0002AD1E0F714FD044697F8940300F0F7004F
:1087F00087F8940397F89403010704D4082107F538
:108800006E70F0F7FBFA2046BDE8F041E0F726BDB8
:1088100014F1010F10D0DCF768FCB4FBF0F1012972
:1088200098BF012107F2AC40DCF775FC07F2AC40C1
:10883000BDE8F041DCF771BCBDE8F081DA4A92F89E
:1088400084130020022904BFD2F86013002903D149
:10885000D2F8641301B90120704770B5DFF8F01A3F
:108860000446D148D0F89C6308682568026B90479D
:10887000864231BF861B401E861B761C360BAE42DD
:108880003CBFAD196E0840F6C410864288BF06464C
:1088900004D8B6F5967F38BF4FF49676266070BD43
:1088A00030B50D46A80781B0BF4C12D5FFF710FFB9
:1088B000D4F8580340B145F0020104F56E7001B0E0
:1088C000BDE83040F0F79ABA01B0BDE83040FEF79D
:1088D0009CBF680767D5012184F896130420E0F750
:1088E000A5FEDFF86C0A01680A6B9047C4F89C0388
:1088F000D4F8500398B10569D4F89803002818BF3C
:10890000A8420AD095F82800410704D56B6A0022D6
:1089100004212846984701206876C4F89853D4F873
:1089200098034168DFF82C0A0A7802600220E0F719
:108930007DFE1020E0F78FFE012084F884031C499F
:10894000887810B90D20E0F786FED4F898034168C6
:108950008868002804BFC868002806D0DFF8B80C73
:10896000DFF84C2C0021C16102600720DFF8441CB5
:1089700008600021DFF8A00C4269416182698161D1
:10898000426942F0402242F0020242610FF22900A5
:10899000C4F888031A20E0F73EFC01B0BDE830407F
:1089A0001920E0F738BC01B030BD000008100440C9
:1089B000083E000020000E002DE9F0430446880028
:1089C00081B040F1B180DFF8E081D8F898034168C8
:1089D00048688E68CF68010018BF80473000DFF814
:1089E000385C01D138000ED0E8690028FCD00021A5
:1089F000E961300018BFB047380018BFB847DFF84A
:108A00001C0C03F0CFFF0020E86140F60A09DFF8F4
:108A1000101C2960A8F87093A8F8720398F87C13CA
:108A200001F0F00188F87C13C8F87403204698F828
:108A30007D1301F0F00141F0010188F87D13FEF78C
:108A400086FFA668374640F6040140F6030200E0C0
:108A50000746786828B103884B451CBF93428B4278
:108A6000F6D17B7B08F55C70786003F0F0037B73D4
:108A7000D8F8500328B1C0680088904218BF8842D7
:108A80001CD0208FD0B100216187E16394F84500AC
:108A900094F8441000F0F00040F0010084F8450024
:108AA00001F0F00184F8441004F13800C8F87403B0
:108AB00098F87D1301F0F00188F87D13E86900282B
:108AC000FCD00021E9610FF2F10298F89103C8F897
:108AD000882330B1E0F751FF0028FBD0E0F768FFB2
:108AE00010E032490A68136801209847012809D02C
:108AF000787B00F0F00040F0010078730FF2310055
:108B0000C8F888030021E9612E60294843681900EC
:108B10000AD0007AC10707D5D8F89803324601B0C9
:108B2000BDE8F0430121184701B0BDE8F083000023
:108B3000DFF8F02A114200D1704710B51B490A68CE
:108B400013680120984701280DD1DFF8DC0A0FF2E5
:108B50006901C0F888130022DFF8BC1ACA6100F569
:108B60005C70086010BDDCF7C0FA3221B1FBF0F197
:108B70000129DFF8B44A98BF012104F58D60DCF7C4
:108B8000CAFA04F58D60BDE81040DCF7C6BA0000F3
:108B90000C1004409430044085030021FDBFFFFF0A
:108BA00078040020D804002020010020E0010010FB
:108BB000083E0000E18202002DE9F04F04460E4617
:108BC000700483B0DFF8608A2CD5E0F720FBD8F87A
:108BD000687317B3D7E90A2302F00A0413F0E045DB
:108BE00008BF002C19D1D7E90A45D7E90A23A243C7
:108BF000AB43C7E90A23E0F731FBB86878B1002D31
:108C000008BF002C0BD0B7F9301038692246BC6879
:108C10002B46A04726F4804623E3E0F71FFB26F40B
:108C200080461EE3B00040F18580DFF8540CD0F898
:108C30008C1041F08001C0F88C1098F8960328B190
:108C40000420E0F788FC002088F89603E0F7DFFABC
:108C5000DFF8FC164A6D1368054604209847D8F8DB
:108C6000B423014691421DD1207E00281CBFD8F8B4
:108C70009C03002816D0D8F8600370B1C1680A8838
:108C800040F603039A421FBFC068018840F6040201
:108C9000914208BF04F1140001D004F11000FFF765
:108CA000DCFD05E040F6C41020616061C8F8B41333
:108CB0002846E0F7D3FAD8F898138A6801F1380308
:108CC00000E00246506890B198421EBF02465068CC
:108CD00000280CD098421EBF02465068002806D0DB
:108CE00098421FBF0246506800289842E9D1507B45
:108CF00010F00F0F02BF488F40F6090290420FD1CB
:108D0000256A00224FF000736FF480712046A84757
:108D1000D8F8500310B1FEF778FD01E046F00206E6
:108D20002046E46900224FF080630021A04726F02E
:108D3000005696E2B00709D5FFF7CAFCD8F85803E9
:108D4000002840F08E8226F002068AE2700540F18B
:108D5000BA80E0F75CFA0546FFF770FDD8F850439B
:108D6000012840F0AA80002C00F0A780042088F899
:108D700084030022DFF80C1B08F57D70E0F74FFA42
:108D80002846E0F76BFA08F2AC40DCF7C8F9DFF8E8
:108D9000C00501680A6B9047C8F8A003012088F855
:108DA00096030420E0F742FC2069C8F8980390F885
:108DB00028104A0703D5436A002204219847D8F8AF
:108DC0009803DFF8545841688F68D1F80C904868D0
:108DD000002F08BFB9F1000F04D00021E961DFF8CE
:108DE000D0272A6008B103F007FE002F08BFB9F1B1
:108DF000000F0ED0E8690028FCD00021E96107B11E
:108E0000B847B9F1000F18BFC847DFF8100803F0E2
:108E1000C9FDD8F898030121417640F60A07FEF70C
:108E200096FDD8F898339A68114640F6040C40F63F
:108E3000030E00E00146486830B1B0F80090B94533
:108E40001CBFF145E145F5D1002048604F7B07F09C
:108E5000F00747F001074F73E0680088704518BFBE
:108E6000604503D10020C8F8A00315E0188F98B121
:108E700003F13800002444804460047B04F0F004D3
:108E80000473447B04F0F00444F00104447348602C
:108E9000487B00F0F00048730020E8612A60DFF8AA
:108EA000E809446821000BD0007AC10708D50121E8
:108EB0001846A04726F48066D3E12846E0F7CEF9AD
:108EC00026F48066CDE1310564D598F8960328B183
:108ED0000420E0F740FB002088F89603D8F8984378
:108EE00004F1080104F138050B6800E003465868F6
:108EF00090B1A8421EBF0346586800280CD0A84273
:108F00001EBF03465868002806D0A8421FBF03466C
:108F100058680028A842E9D1587B10F00F0F02BF13
:108F2000488E40F60902904207D12046246A00226A
:108F30004FF000736FF48071A047D8F8A00398B188
:108F4000DFF80C140868026B9047D8F8A013814230
:108F500031BF401A401E401A401CD8F89813000B2D
:108F6000C8600020C8F8A0030022DFF8201908F527
:108F70007D70E0F754F9022188F88413D8F858037B
:108F800018B108F56E70EFF739FFFEF73EFC26F4D6
:108F9000006666E1300740F15E81E0F738F9019044
:108FA000FFF74CFC002800F04E8198F8940301076D
:108FB00000F1498198F89403010600F14481D8F842
:108FC00050030024002520B3C1680A7B012502F06C
:108FD0000F02022A1DD10A88192140F603039A4282
:108FE0001CBF40F604039A4219BF02691369026963
:108FF0005369528B406B9A1898F8223311FB032166
:10900000FEF7C2F90746DCF770F8B7FBF0F1009104
:1090100000E0009400274FF0FF39A2465FFA8AF083
:1090200002281FDC08F5307101EB4012907AC8B1BC
:10903000107A0127022820D0D8F898030169408BC4
:1090400098F822330918192010FB03115069FEF714
:109050009BF98346DCF749F8BBFBF0F0484598BF25
:10906000814600BF0AF1010ABAF1030FD6D33D428F
:1090700005D0009C4C4507D905E0A146F7E70DB1A6
:10908000009C01E007B14C463D4302D0002C00F0AB
:10909000DA8098F82103002840F0D58000270125C8
:1090A000F8B202281FDC08F5307101EB4011887A14
:1090B000C8B191F909008D7205FA00F9E0F7A7F837
:1090C000044698F8940320EA090088F8940398F875
:1090D0009413080704D4082108F56E70EFF78EFE8C
:1090E0002046E0F7BBF87F1C032FD9D3032088F874
:1090F000840308F2AC40DCF712F80198DFF8184559
:10910000E0F7ACF86069002161610022E068E1608D
:1091100008F57D70DFF8381BE0F781F88C480168AE
:109120000A6B9047D8F89C13814231BF401A401E09
:10913000401A401CD8F88C134FF0FF32A2EB1032CB
:109140008A4234BF4FF0FF3001EB1030C8F88C0377
:1091500098F8900330B1D8F8A403D8F88C13C00263
:1091600088422FD2DFF818070268D10725D5DFF82B
:10917000E40A0068010620D540F60900A8F870034B
:109180000021A8F8721398F87D0300F0F00040F079
:10919000010088F87D0398F87C0300F0F00088F85F
:1091A0007C03C8F87413E16108F55C71216000BFAD
:1091B000B8F8720310F4406FFAD0002188F8905389
:1091C000C8F88C1303F0FBFBDFF8E813DFF8B846B0
:1091D000002008606368180007D0207A810704D552
:1091E000D8F898030022022198470220E0F7B3F94B
:1091F0001020E0F7C9F998F8950320B9D8F898033A
:109200005030F9F740FBA07810B90D20E0F7BCF919
:1092100098F8910328B1002188F891130520E0F710
:109220009AF9DFF8E80BC8F88803002188F884135E
:109230000220B8F96E13B8F96C23914208BF0720D9
:10924000FEF7EFF902E00198E0F708F8FEF7DDFA23
:1092500026F0080605E0700003D5FEF7D6FA26F0E2
:1092600080463EB1314608F56E7003B0BDE8F04F60
:10927000EFF7C4BD03B0BDE8F08F00002DE9F54C59
:10928000DFF8A4A3DAF8504381B09B4600250E46D0
:1092900000E02468002C55D0B4420ED02468002C85
:1092A00050D0B44209D02468002C4BD0B44204D032
:1092B0002468002C46D0B442EBD1002C42D0206967
:1092C00001992768884237D1DFF7A1FFD4E90A2343
:1092D00043F08051C4E90A21D4E9082343F08051C6
:1092E000C4E90821DFF7BAFFBBF1000F18D0DFF7A0
:1092F0008EFFD4E90A2343F08071C4E90A21D4E93E
:10930000082343F08071C4E90821DFF7A7FF9AF82A
:109310004C133069CAF8480341F001018AF84C1334
:1093200021460AF55470E0F729F821460AF55670EF
:10933000DFF7FAFF15F101059DF80800002818BFB6
:109340003C46BAD1284603B0BDE8F08C020000408C
:109350008C010010D02108402DE9F04792460326E9
:10936000BAF1000F84B081461D4614BF4FF080470C
:109370004FF000570C46DFF74AFF4FF0FF318C42A9
:109380000190DFF8A48256D1D8F86003002846D0B7
:109390000069484543D1D8F86043002C00F00181B2
:1093A00094F83300010640F1FB808DF800500C9ECC
:1093B000D8F8600384421CBFD8F864138C4240F094
:1093C000D880D8F86053DFF722FF84464DB1D5E945
:1093D0000A013943C5E90A01D5E908233B43C5E938
:1093E00008236046DFF73AFFD8F86453DFF70FFF32
:1093F00084464DB1D5E90A013943C5E90A01D5E9E9
:1094000008233B43C5E908236046DFF727FFBAF18D
:10941000000F14BFDFF8F809DFF8F80967E0D8F8A3
:10942000640328B10069484508BFD8F86443B4D044
:10943000D8F85043B1E7B8F930100020A14202BF7C
:10944000D8F8103000934B4505D1582111FB00F09E
:1094500008EB0004A1E7B8F988100120A14202BF7F
:10946000D8F8683000934B45EFD0B8F9E0100220EF
:10947000A14202BFD8F8C03000934B45E5D0B8F9FF
:1094800038110320A14202BFD8F8183100934B4590
:10949000DBD0B8F990110420A14202BFD8F8703196
:1094A00000934B45D1D0B8F9E8110520A14202BF85
:1094B000D8F8C83100934B45C7D0B8F94012062000
:1094C000A14202BFD8F8203200934B45BDD0B8F975
:1094D00098120720A14202BFD8F8782200924A458C
:1094E0005FD1582111FB00F008EB000455E703F0B1
:1094F00059FA96B3D8F86053DFF789FE02465DB19A
:10950000D5E90A0141F08073C5E90A03D5E90801EC
:1095100041F08073C5E908031046DFF79FFED8F8D5
:109520006453DFF774FE02465DB1D5E90A0141F0EC
:109530008073C5E90A03D5E9080141F08073C5E9E4
:1095400008031046DFF78AFE98F84C132069C8F824
:10955000480341F0010188F84C139DF80000E8B180
:109560000246D8F8501333464846FFF787FE832655
:1095700017E033462A4621464846FFF77FFE78B17A
:1095800098F8840301281CBF98F88403042805D0A8
:10959000DFF8F41B08F56E70EFF730FC832600E06F
:1095A00004260198DFF75AFE304604B0BDE8F08784
:1095B000510007060000046010B50C461A4991F8E6
:1095C0008423022A0BD103F0EDF904B1206000F0EE
:1095D000FF00012801D1812010BD022010BD012013
:1095E00010BDF0B581B004460D461646DFF70FFEFC
:1095F00007460D48D0F898138C4218BF032404D1B5
:1096000031462846FFF7D8FF04463846DFF726FEE6
:10961000204601B0F0BD0000001004400100070624
:1096200001010E04040000202001002030B5144682
:1096300081B00546502340F2FF3203F0DEF924B139
:10964000014655F82110890A216001B030BD00297A
:1096500042D00A0E202A08BF10221AD0212A08BFA1
:10966000202216D0A02A08BF302212D00AB94022E8
:109670000FE0102A08BF50220BD0112A08BF602229
:1096800007D0402A08BF702203D0502A0CBF802286
:1096900090228901090A42EA012141F00F0100E00C
:1096A000001D026812F1010F18BF8A421CBF50F85A
:1096B000042F12F1010F0ED08A421CBF50F8042F64
:1096C00012F1010F07D08A421EBF50F8042F12F189
:1096D000010F8A42E4D101607047002944D00A0E8C
:1096E000202A08BF10221AD0212A08BF202216D013
:1096F000A02A08BF302212D00AB940220FE0102A57
:1097000008BF50220BD0112A08BF602207D0402A80
:1097100008BF702203D0502A0CBF802290228901FA
:10972000090A42EA012141F00F0100E0001D026830
:1097300012F1010F18BF8A421CBF50F8042F12F11A
:10974000010F0ED08A421CBF50F8042F12F1010FF6
:1097500007D08A421EBF50F8042F12F1010F8A422F
:10976000E4D14FF0FF31016070472DE9F04381B043
:109770001E46089DDFF8CC3B1B685B0E13F001080A
:10978000038840F6020765D0BB4207D0B3F5C15F3E
:1097900010D043F60607BB4218D022E000F11203B6
:1097A0000B604169116082693260C1692960C77BC1
:1097B000047C22E000F112030B6041691160426AEF
:1097C0003260816A2960C77B047C16E000F11A03CD
:1097D0000B600027C1691160026A3260416A29602A
:1097E0000AE000F11A030B60C1691160826A3260FD
:1097F000C16A296090F82470047E306804F0070480
:1098000088B105234FF6FF7240F2037103F0F5F8BB
:109810008146B9F1050F06DA2146384603F004F90E
:10982000316841F82900286830B305234FF6FF72EC
:1098300040F2037103F0E1F80646052E1CDAFF2121
:10984000384603F0F1F8296841F82600404601B097
:10985000BDE8F083BB4218BFB3F5C15F04D100F18E
:1098600012030B60406903E000F11A030B60C0694A
:109870001060002030602860404601B0BDE8F083F1
:1098800040210840AB860200083E0000E182020051
:109890002DE9F04186B015460C4600220292049252
:1098A0000392019201A9009103AB04AA02A9FFF758
:1098B0005CFF8326E20F30D130B3039800281CBF31
:1098C000019800281AD00298048040F22B28039FA8
:1098D00041463846FFF7AAFEFF281CBF48EA84210C
:1098E00047F8201001990498FFF7F7FE152028800B
:1098F00030460399696006B0BDE8F081029801889E
:109900004FF6FF72914249D00298048010212980BD
:109910006C80304606B0BDE8F08100283ED0039848
:1099200000281CBF019800281CD002984FF6FF7138
:1099300001800022019F2B213846FFF777FEFF2888
:1099400004D0A40244F02B0447F820400199049865
:10995000FFF77DFE1520288030460199696006B02A
:10996000BDE8F081049F00222B213846FFF75EFE00
:10997000FF2804D0A10241F02B0147F82010FF2856
:109980000CD002994FF6FF70088014222A80C4F38D
:1099900015046C60304606B0BDE8F0810326304601
:1099A00006B0BDE8F0812DE9F04391B00D460021ED
:1099B000DFF8948A08910191079106910646D8F83C
:1099C000089014461F4603F08DF8262803D003F0B4
:1099D00089F8252826D1208843F60701884212D12C
:1099E00094F8240002281DDD2069DFF8602B20F0A8
:1099F0006041914216D020F06040DFF8541B88424D
:109A000040F021810EE040F60202904203D1E07B5B
:109A1000022807DD17E1B0F5C15F03D1E07B022822
:109A200000F31181002D18BF002C00F00C81287864
:109A300029FA00F0C10740F106810021204603F019
:109A400030F87560B460DFF80059D5F8AC0388B120
:109A500006A9009107AB01AA08A92046FFF785FED9
:109A6000019850234FF6FF720B2102F0C6FFFF282A
:109A700000F0E980DFF7CBFB814695F895030228DB
:109A800080F2DE80002840F08680DFF7B2FCDFF84D
:109A9000C40ADFF8C44A016841F002010160DFF83E
:109AA000BC0AC8F8000002A8EFF770F96078DFF888
:109AB000B01A049002AA05F56E70EFF76FF902AACA
:109AC000DFF8A01A05F58260EFF768F902A8DFF762
:109AD000BDFB20785E4A039002AB192105F57D702D
:109AE000DFF772FB02ABDFF8802A1A2105F24C4047
:109AF000DFF76AFB00230022DFF8701A05F58D609E
:109B0000DBF7A2FA00230022DFF8641A05F2AC406A
:109B1000DBF79AFADFF85C0A0168C1F3814038B1DB
:109B20000023DFF8C82A042105F59E60DFF7FDFC5D
:109B3000A078012804BF0D20DFF78DFD05F55670D4
:109B4000DFF7C0FB05F55470DFF7BCFB002085F89C
:109B50008403C5F88C030021072085F8901385F84D
:109B6000911385F82003C5F89C1300200521C5F842
:109B7000A003C5F8A41385F89403A449C5F8881375
:109B80006368180007D0207A410704D5D5F89803F8
:109B900000220421984795F8950305EB8002401CAC
:109BA000C2F8286385F895033C464846DFF756FB24
:109BB0003CB90FF2BC6191E8BC5109A880E8BC51E6
:109BC00009AC206830604FF4FA71F160A069B062AE
:109BD0000120218A71837076E1693163606828B160
:109BE0003061002160687061317605E040F6C41094
:109BF0003061706101203076DFF8F4093062706204
:109C0000F061E06800B13062606900B17062A06824
:109C100000B1F061C82106F13800DDF779FC0021C0
:109C200006F15000F8F7EEFD00230022DFF8E81AF5
:109C300006F1B800DBF708FA304611B0BDE8F08352
:109C40004846DFF70BFB002011B0BDE8F0830000B1
:109C50000986020000000440F0B5DFF8EC4694F8F5
:109C60009513002981B000F09E80B4F96C13B4F90B
:109C70006E23914205461BD004F55471FDF726FB77
:109C800068B9D4F8600328B10069A84208BFD4F8C5
:109C9000600304D004F556712846FDF717FB38B170
:109CA000B0F930100A224FF0E043284600F0AFF937
:109CB000DFF7ADFA0646D4F82803854207BF002136
:109CC000C4F828130020C4F82C0394F89503401E10
:109CD00084F89503C0B2002850D1C4F8985394F882
:109CE0008403022820D1DFF792FA074694F8940300
:109CF00000F0F70084F8940394F89403010704D467
:109D0000082104F56E70EFF779F83846DFF7A6FA08
:109D10003046DFF7A3FA4FF0FF3105F15000F8F7B6
:109D2000A7FDDFF774FA064604F56E70EFF760F8EA
:109D300004F57D70DFF769FA04F58260EFF758F8F3
:109D400004F24C40DFF761FA04F58D60DBF7C9F9E6
:109D500004F2AC40DBF7C5F9D4F8B01311B104F24A
:109D60000450884704F59E60DFF7E5FDDFF8E8075B
:109D70008178012904BF0D20DFF706FCD4F8980391
:109D8000A84204BF0021C4F898133046DFF766FAF2
:109D900005F15000F8F76AFD05F1B80001B0BDE823
:109DA000F040DBF79EB901B0F0BD2DE9F04DDFF7D3
:109DB0002EFADFF8944594F8841302291CBF94F816
:109DC0008413042907D1DFF8042A1468DFF746FA60
:109DD0002046BDE8F08DDFF741FADFF8F409DFF83F
:109DE0008C8A01680A6B904710F5003641F1000A31
:109DF000D4F88013A8FB067B002008FB0ABB3C18A4
:109E00004BEB01052C462046BDE8F08DA1880200F1
:109E10000100020401000104002101604FF0FF3342
:109E200001718360C1600174416181610177417793
:109E300070472DE9F04F83B081460F4615469B468B
:109E4000DFF7E5F901906FF00106DFF8FC84D8F840
:109E50002803814508BFD8F82C0330B1B830DBF7B0
:109E60004BF910B16FF00206AAE0FDF742FA0400C8
:109E700000F0C680DDE90C6A08F2AC40DBF74FF970
:109E8000B8F86C03401CC0F30B00A8F86C03E76043
:109E9000002084F83200C4F808B02021B8F86C2300
:109EA000DFF8CC092286C4F8109030400AEA01019C
:109EB000C4E90601002284F83320C4E90822EE68D0
:109EC00026642A7C84F844202B6863632A7984F80A
:109ED0003820AB68E3636A69A264AB69E3642A7FF4
:109EE00084F850206B7F84F851302A7C22B9EA68CC
:109EF00012B1012384F844302A79002A02BF3A7B48
:109F000002F00F02022A04D1012284F83820BB6833
:109F10006363082301E017465B1E7A68002A18BFB6
:109F2000002BF8D13A8802F47C42B2F5305F0AD1B6
:109F300094F8332042F0100284F8332040F00800F7
:109F4000C4E9060103E040F00202C4E90621D8F8A2
:109F50004803484507D198F84C03C10744BF00F0B7
:109F6000FE0088F84C03DFF8B80906686FF00205B8
:109F70000EB92E461DE0D8F8642308F556700090FF
:109F800008F55473D8F860132046B0470646AE4231
:109F90000FD0B8F96C03B4F93010884206D0B8F885
:109FA0006C03411EC1F30B01A8F86C1316F1020FEC
:109FB0000FD1B8F86C03411EC1F30B01A8F86C1364
:109FC000C8F8489398F84C0340F0040088F84C0314
:109FD00016E0B4F9306094F8330040F0800084F863
:109FE0003300002189F8FC10D8F85003A0421FBFAD
:109FF000E168087B00F00F00022808BFFDF705FCB0
:10A000000198DFF72BF9304603B0BDE8F08FF0B5CB
:10A0100006460F46380081B014461D4603D5002081
:10A02000002101B0F0BDEEF7E5FEDFF81C23B2F928
:10A0300030300021BB4202BF13690093B34203D109
:10A0400092F833301B0660D4B2F988300121BB424C
:10A0500002BF936E0093B34203D192F88B301B067C
:10A0600053D4B2F9E0300221BB4202BFD2F8C03073
:10A070000093B34203D192F8E3301B0645D4B2F902
:10A0800038310321BB4202BFD2F818310093B342EA
:10A0900003D192F83B311B0637D4B2F99031042139
:10A0A000BB4202BFD2F870310093B34203D192F8A1
:10A0B00093311B0629D4B2F9E8310521BB4202BF16
:10A0C000D2F8C8310093B34203D192F8EB311B06AA
:10A0D0001BD4B2F940320621BB4202BFD2F8203273
:10A0E0000093B34203D192F843321B060DD4B2F968
:10A0F00098320721BB4202BFD2F878720097B7426C
:10A100000BD192F89B723B0607D5582313FB01F144
:10A11000571897F833100A0605D4EEF773FE02209D
:10A12000002101B0F0BDD7E9082344F00A0445F04E
:10A13000E04522402B4008BF002A0ED0EEF762FE19
:10A14000D7E9080120402940C6E92C01D7E90823B6
:10A1500082438B43C7E9082312E0BA68DFF8C417CB
:10A160008A4203D0BA68C6F8A820B960C6E9284573
:10A17000EEF748FE4FF0FF3106F15000F8F778FB9C
:10A18000D6E92C0101B0F0BD0200004070B50646D2
:10A19000DFF73DF80446DFF890574FF0FF30C5F881
:10A1A0008C0306F1B800DAF7BAFFB5F96E03B5F91A
:10A1B0006C13884210D195F8840302281CBF95F8CF
:10A1C0004C03002808D02046DFF748F80720FDF7A9
:10A1D00028FADFF71CF80446B5F96E03B5F96C13DD
:10A1E000884219D105F2AC40DAF799FFDFF70FF892
:10A1F000064695F8940300F0F70085F8940395F867
:10A200009403010704D4082105F56E70EEF7F6FDFE
:10A210003046DFF723F802E0012086F8FC002046F4
:10A22000BDE87040DFF71AB800B581B0930803F0BD
:10A2300001030093530803F0010302F00102FFF74A
:10A240008BF801B000BD00B581B0930803F00103A5
:10A25000009302F001020123FFF77EF801B000BD78
:10A26000F0B500BF02A191E8FC5080E8FC50F0BDC1
:10A27000FFFFFFFF000000000000000000000000E2
:10A280003A013A0100000000000000000000000058
:10A290000022FFF7A6B90022FFF7A3B900B581B0ED
:10A2A0006A46DFF88816FFF79CF9812803BF0098FB
:10A2B000000200166FF07F0001B000BD70B50E46C1
:10A2C0001546DEF7A4FF8324052E36D8DFE806F016
:10A2D000030F15351F28DFF85026D2F8601321B17F
:10A2E000D2F860130A8E2A8028E0802426E0DFF866
:10A2F000381691F820232A8020E0DFF82C1691F8F8
:10A300008423022A0CBF01210021297016E0DFF806
:10A310001816D1F828232A60D1F82C1369600DE0B3
:10A32000DFF80426D2F8281301B1C9682960D2F8F1
:10A330002C1301B1C968696000E00324DEF78EFFC9
:10A34000204670BD941200502001002070B4DFF848
:10A35000D835B3F93040002281B08C4202BF1E696B
:10A360000096864203D193F833502C0660D4B3F99B
:10A37000884001228C4202BF9E6E0096864203D125
:10A3800093F88B502C0653D4B3F9E04002228C4250
:10A3900002BFD3F8C0600096864203D193F8E35021
:10A3A0002C0645D4B3F9384103228C4202BFD3F8BE
:10A3B00018610096864203D193F83B512C0637D49E
:10A3C000B3F9904104228C4202BFD3F87061009629
:10A3D000864203D193F893512C0629D4B3F9E8416E
:10A3E00005228C4202BFD3F8C8610096864203D191
:10A3F00093F8EB512C061BD4B3F9404206228C4251
:10A4000002BFD3F820620096864203D193F84352EC
:10A410002C060DD4B3F9984207228C4202BFD3F820
:10A420007812009181420BD193F89B02010607D567
:10A43000582010FB02F29818C06801B070BC704739
:10A4400001B070BC00207047CC21084010B5044614
:10A450000C21DDF75DF84FF0FF32227110BD0021B5
:10A4600001704170704700002DE9F04B0E4682B03C
:10A4700096F90480346883461746DEF7C8FEDFF895
:10A48000A82492F8201300906FF001094FF0000CFF
:10A490005FF0010303FA0CFE11EA0E0F50D04FF0EB
:10A4A000FF35A84518BFE0454AD15FFA8CF0032874
:10A4B00046DA02EB401505F53075A87A00283FD141
:10A4C00021EA0E0082F82003AB7285F809C00A2148
:10A4D00092F82203401C82F82203C5F800B02B72C8
:10A4E000002343486860298295F90900401DA8743B
:10A4F000B06868617FB13B7878785B0143EA80039C
:10A5000095F90900401D43EA00234FF6FC710B400A
:10A51000DFF81C040343AB6104B16C60D2F898030C
:10A5200010B92968C2F89813FDF76FF995F90990E9
:10A530000098DEF793FE484602B0BDE8F08B00BFFE
:10A540000CF1010CBCF1030FA4D3F1E70F000001E3
:10A550000F00000500200940083E0000110000E047
:10A56000C58502001782020091810200E385020086
:10A570002D840200B44F0050F0B581B006460F465E
:10A580008024DEF744FEFFB2032F054627DADFF80A
:10A59000983303EB471101F53077B87AF8B1396891
:10A5A000B1421CD193F88403022812D197F9091003
:10A5B000D3F89803491D0906090C41F08161002276
:10A5C00041F00101FFF70DF804463846FCF760FF43
:10A5D00005E03846FCF75CFFFDF717F981242846B3
:10A5E000DEF73CFE204601B0F0BD0000D37502004E
:10A5F000C38502002DE9F04107460D461646832427
:10A60000DEF705FE092D804600F27F80DFE805F0C9
:10A6100005081114171D42546A6F3068386075E0E0
:10A620003869603038610121786979766030786105
:10A630006CE03068788369E03168B98566E030683D
:10A64000DFF8E412C1F8A40360E0306848B9DEF72F
:10A65000DEFDB54991F8942342F0800281F89423FD
:10A6600015E0012851D1DEF7D2FD0646AE4890F83C
:10A67000941301F07F0180F8941390F894130A0763
:10A6800004D4082100F56E70EEF7B8FB3046DEF713
:10A69000E5FD3BE0A44991F88403002804BFD1F80C
:10A6A0005003002811D131681920DEF7CBFD316845
:10A6B0001A20DEF7C7FD29E09B4F97F88403002896
:10A6C00004BFD7F85003002801D000241EE03168F1
:10A6D00007F56E70EEF798FB316807F58260EEF7CC
:10A6E00093FB13E03078904981F820030EE0914805
:10A6F000436819000AD0007A810607D58A48D0F845
:10A70000980332462021984700E003244046DEF7B4
:10A71000A5FD2046BDE8F081758402002DE9F04FCB
:10A720000F4681B03C68DFF800B280460025A408DF
:10A730008148844228BF0325DEF769FD8246DBF8A5
:10A740002C030026804508BF012686F001000BEB94
:10A750008001B8F1000FD1F8289304D008F1B800B7
:10A76000DAF7CAFC10BBB9F1000F04D009F1B80048
:10A77000DAF7C2FCD0B906EB46000BEB8000396873
:10A78000C0F830133A7A80F83823DAF7AEFCB4FB1D
:10A79000F0F1012998BF012108F1B800DAF7BBFCFC
:10A7A00008F1B800DAF7B9FC832507E09BF84C0301
:10A7B000CBF8488340F002008BF84C035046DEF79C
:10A7C0004DFD284601B0BDE8F08F00000430044084
:10A7D0008C01001030B5044683B0A0686A46FFF7CC
:10A7E00057F88328054604D1002269462046FEF723
:10A7F000F8FE284603B030BD30B585B00FF24012E8
:10A80000002301AD14680493039302930193009510
:10A8100002AB806803AA04A9FEF7A7FF0499098880
:10A820004FF6FF7291421BD1E8B1029800281CBF7D
:10A830000198002802D06A462B2102E003986A465C
:10A840002B21FEF7F3FEFF280DD00098A40DC0F3D6
:10A85000150040EA845444F00044204605B030BD61
:10A86000A40D41EA8454204605B030BD00093D00E6
:10A87000FFEFFF9FF0B400BF32A26FF07F054CB234
:10A880001368AC4282B012D141788DF800108DF877
:10A89000041083788DF800308DF80530C2788DF87B
:10A8A00000208DF8062001798DF8001032E000229A
:10A8B0000446224D01E0521C641D94F900607F2E75
:10A8C0001EBFD4F80160C6F31506AE4204D094F959
:10A8D00000704EB2BE42EEDA1AB902B0F0BC1846B1
:10A8E000704702EB8202811811F8040C8DF8000009
:10A8F0008DF8040011F8033C8DF800308DF8053018
:10A9000011F8022C8DF800208DF8062011F8011C9A
:10A910008DF800108DF80710019802B0F0BC704758
:10A92000783400207B840200200100200100030411
:10A9300001000406083E000041420F00FFFF3F00F7
:10A94000FFFF3F00FFFF3F00E0B56A460221DFF84E
:10A9500080080068DFF87C381B6844331B68984720
:10A960009DF800000EBD80B5DFF86C18086800691E
:10A9700000280AD0DFF864088068D0F8D40090F886
:10A98000530080B209680969884701BD70B58AB073
:10A99000DFF83C482068002814D1DFF838582868D0
:10A9A000002805D1DFF834088068D0F84C058047CE
:10A9B000DFF82C6830002968203109688847DFF803
:10A9C0002408F061FFF7CFFFDFF81068B068D0F817
:10A9D000D40090F9420000F022F910F1010F0CD0E0
:10A9E0000100C90F002903D1DFF8FC17488204E0F9
:10A9F0004FF6FF70DFF8F0174882DFF8EC570020C1
:10AA0000688000206860687B10F0F00050F0010062
:10AA10006873287B50F080002873B068D0F8C403B6
:10AA20008047002807D11020DFF8C01708701420D5
:10AA3000F16849680870206800280ED1DFF8A03757
:10AA40002A00DFF8AC070168DFF8A807DFF88457B1
:10AA50002D682D68A847206022E00020F8F773FBDE
:10AA6000DFF8706702A83168643109688847002000
:10AA70000590DFF884178868002802D0886880472E
:10AA8000089008200021CDE90001002302AA290036
:10AA90002068346850342468A047DFF860070560F8
:10AAA0000AB070BD80B5FFF771FF01BD0020DFF86F
:10AAB00050170870FF20DFF82417C968096908706B
:10AAC0005FF0FF30DFF83C170860DFF83C170860E4
:10AAD0007047704780B5F8F73DF802BD30B401000B
:10AAE000C9B2002901D0802200E00022DFF81C3723
:10AAF0001C881D884FF67F710D402A4322431A801F
:10AB0000DFF80C17C0B20A8B60F3C7120A8330BC9F
:10AB10007047DFF8F816C881DFF8F41648867047EA
:10AB2000DFF8E8168881DFF8E8160886704738B540
:10AB3000040008222100DFF8DC562800DEF7EAF9DD
:10AB40000822DFF8D45621002800DEF7E3F931BDF2
:10AB500080B540B200F063F810F1010F01D1E82098
:10AB600002E000F07EF8002002BD30B40200DFF801
:10AB7000AC361868002824D018680078121A1868B3
:10AB80000078081A0C00E4B2FF2C18D00C001D68E5
:10AB90002D78E4B2AC4212D3C9B21C6824781D6887
:10ABA0006D7855FA84F4A14209DA19684968D2B27D
:10ABB00089561A685268C0B21056814201D00120ED
:10ABC00000E0002030BC704770B40200DFF84C3663
:10ABD0001868002821D091F9004010001D682D78D8
:10ABE000C0B2A84219D31000C0B21D682D781E68EB
:10ABF000767856FA85F5A8420FDA18680078121AA6
:10AC0000186840681500EDB2405764B2A04204DAFB
:10AC100018684068D2B28056087070BC704701B5A1
:10AC20006946DFF8B805C06800690078FFF7CCFF17
:10AC3000DFF8EC0500689DF90010DFF89825126830
:10AC40006032126890478102890ADFF8D825914264
:10AC500004D0DFF8B0150860086801E05FF0FF304D
:10AC600002BD10B5DEF7D3FADFF89C45DFF8942576
:10AC700011682368994216D0DFF8AC1509780029CD
:10AC800011D1DFF8A815097809060CD4DFF8A01552
:10AC90000978002907D111682160DEF7DFFA206802
:10ACA000F8F771FA01E0DEF7D9FA10BD10B504002B
:10ACB0002000C0B2812805DBDFF820058068D0F8CD
:10ACC0004C058047DEF7A3FADFF834150C70DFF887
:10ACD0000C158968D1F8B8100978002909D1DFF876
:10ACE0004C150978002913D1DEF7B8FA00F04AF8BC
:10ACF00011E0DFF838150978090609D4DFF83015B6
:10AD00000978002904D1DEF7A9FA00F03BF802E047
:10AD1000DEF7A4FA012010BD10B504002000C0B277
:10AD2000812805DBDFF8B4048068D0F84C05804743
:10AD3000DEF76DFADFF8C8140C70DFF8A01489682C
:10AD4000D1F8B8100978002909D1DFF8E0140978A2
:10AD5000002913D1DEF782FA00F06CF811E0DFF879
:10AD6000CC140978090609D4DFF8C414097800293D
:10AD700004D1DEF773FA00F05DF802E0DEF76EFA58
:10AD8000012010BD38B5DFF85444A068D0F8B800F1
:10AD90000078002809D1DFF894040078002803D057
:10ADA000A068D0F84C0580470DE0DFF880040078FB
:10ADB000000604D4DFF878040078002803D0A068E7
:10ADC000D0F84C058047DEF722FADFF834542978B2
:10ADD000E26812691278914204D1DFF858140978B8
:10ADE000490723D5DEF73AFAFAF768FD2878F8F72D
:10ADF000C4F9012817D1E068006901782878FFF7C5
:10AE0000B4FE00280BD02878E16809690870A068B2
:10AE1000D0F8D40090F94200FFF79AFE03E02878BA
:10AE2000E16809690870FAF7E5FC02E0DEF716FA56
:10AE3000012032BD38B5DFF8A443A068D0F8B800CF
:10AE40000078002809D1DFF8E4030078002803D057
:10AE5000A068D0F84C0580470DE0DFF8D0030078FB
:10AE6000000604D4DFF8C8030078002803D0A068E7
:10AE7000D0F84C058047DEF7CAF9DFF8845329780B
:10AE8000E26812691278914204D1DFF8A8130978B8
:10AE9000490721D5DEF7E2F9FAF710FD2878F8F72F
:10AEA0006CF901281AD1E068006901782878FFF769
:10AEB0005CFE00280BD02878E16809690870A0685A
:10AEC000D0F8D40090F94200FFF742FE06E028785F
:10AED000E1680969087001E0DEF7C0F9FAF78AFC59
:10AEE000012032BD70B50500DFF84C432078002802
:10AEF00004D0BA488068D0F84C058047B74EB06897
:10AF0000D0F8D400C08CCD4908802800C0B20028F9
:10AF100002D1012020702DE02800C0B2032804D106
:10AF2000F7F7CDFE0320207024E02800C0B20528EA
:10AF30000AD02800C0B2012806D0EDB2022D03D0FD
:10AF4000B068D0F84C05804702202070F7F7B7FEB4
:10AF50004FF6FF70B168D1F8D410C884B068D0F84B
:10AF6000D400C08CA949C881B068D0F8D400C08C86
:10AF7000A749488670BD0020AF4908709748AF497F
:10AF800009888268D2F8D420D1848168D1F8D4109D
:10AF9000C98C9E4AD1818068D0F8D400C08C9C496D
:10AFA0004886704780B58A4800688A4909684031F8
:10AFB0000968884740B200F002F8C0B202BD10B480
:10AFC0007FF059017FF0130203000C005BB264B202
:10AFD000A34201DA080006E01100030049B25BB2A7
:10AFE000994200DA100040B25A30FF21484346210E
:10AFF00090FBF1F0C0B210BC704780B540B2FFF7D3
:10B00000DEFF02BDFEB50400744DE868806900787B
:10B0100000281AD16F4E6E4F6A4602213868336895
:10B0200044331B6898479DF8000000280DD0E4B217
:10B03000002C01D1F8F7C9F90120E9688969087085
:10B04000386831681C3109688847F7BD38B5040095
:10B05000624DE86880690078012814D1FFF774FC1C
:10B0600000280ED0E8688069007801280BD1002004
:10B07000E96889690870E4B2002C04D1EAF752FD4E
:10B0800001E000F001F831BD70B58AB00020514DEB
:10B0900002A82968643109688847694C28683C30EF
:10B0A00000688047A060207B10F0F00050F00200A4
:10B0B000207300206080A068029001208DF80C00B1
:10B0C00000200590DEF7A3F8060002204349C96876
:10B0D0008969087048498868002802D088688047D4
:10B0E000089002200021CDE900010FF2750302AAA9
:10B0F0002100374800682D6850352D68A8470500A5
:10B100003000DEF7ABF82DB2002D05D541F28831C5
:10B110000320F8F731FA05E04A480178491C01702C
:10B12000364804600AB070BD10B52C4CE0688069E8
:10B130000078022808D1E068C0680078002803D0B1
:10B14000A068D0F84C058047E068C0680078002807
:10B1500004D1E068806900780228FAD010BD0000B0
:10B1600070B514001D001D4E0120F168C9680870FB
:10B17000F06880690078022803D0B068D0F84C05E8
:10B180008047200080070FD414F0000015F0807174
:10B19000002909D1002807D114F0000015F08051D2
:10B1A000002901D100280AD026480178491E0170E3
:10B1B0000020F16889690870EAF7B4FC03E0B06820
:10B1C000D0F84C0580470020F168C968087070BD50
:10B1D0006497002078970020749700200C010020CD
:10B1E0008C92002054F10080888200208E980020EC
:10B1F00058970020807F0020F04A000068970020C8
:10B200007A9800205497002050970020389500200D
:10B21000308200203B95002058820020609700205B
:10B220005C970020FFFF3F00889800209198002045
:10B230009298002085980020879800202098002070
:10B24000C01C0020819800202DE9F84C41EC100B27
:10B25000480040152DED068B401C82B0144607D1E6
:10B26000090340F0118151EC100BC80F12D10BE112
:10B270006A4651EC100B01F087FC41EC180B20F0F2
:10B28000000631F0004704BF002E834900F0FE8025
:10B29000C80F0AD001F0B0FC02B04FF0FF30BDEC97
:10B2A000068B6FF00041BDE8F48C51EC180B7B4A23
:10B2B0007B4B01F0B3FC0BD253EC182B00204FF06A
:10B2C0008041DAF7C1F941EC180B0098401E00905C
:10B2D00053EC182B00207349F8F71AFA41EC190BBC
:10B2E00053EC182B00207049F8F712FA02460B466F
:10B2F00051EC190BDAF77EFA41EC180B53EC182BD2
:10B30000DAF7A2F941EC1A0B53EC1A2B674868499B
:10B31000DAF79AF9674A684BF8F7FAF953EC1A2BFF
:10B32000DAF792F9654A664BF8F7F2F953EC1A2B03
:10B33000DAF78AF9634A644BF8F7EAF953EC1A2B07
:10B34000DAF782F9614A624BF8F7E2F953EC1A2B0B
:10B35000DAF77AF95F4A604BF8F7DAF953EC1A2B0F
:10B36000DAF772F95D4A5E4BF8F7D2F953EC1A2B13
:10B37000DAF76AF902460B4651EC190BF8F786FA30
:10B3800053EC182BDAF760F941EC180B0098DAF758
:10B390002DF9002C41EC1A0B1BD153EC1A2B514800
:10B3A0005149DAF751F953EC182BF8F7B1F9024685
:10B3B0000B4651EC190BF8F769FA04460D4653ECAD
:10B3C0001A2B4FF040404949DAF73EF922462B4606
:10B3D00056E053EC192B34DD00204549DAF734F9F7
:10B3E00006460F4653EC192B42484349DAF72CF92D
:10B3F00082468B4653EC182B40483D49DAF724F936
:10B4000004460D4653EC1A2B3D483E49DAF71CF929
:10B4100022462B46F8F77CF902460B465046594621
:10B42000F8F734FA32463B46F8F772F904460D460F
:10B4300053EC1A2B00203449DAF706F922462B4642
:10B440001EE04FF0C0403149DAF7FEF806460F46DD
:10B4500053EC192B2E482F49DAF7F6F804460D461F
:10B4600053EC182B2C482D49DAF7EEF822462B46E0
:10B47000F8F74EF932463B46F8F74AF953EC1A2BE7
:10B48000F8F746F941EC100B51EC100B02B0BDEC93
:10B49000068BBDE8F48C00000000F0FFCD3B7F661A
:10B4A0009EA0E63F0000F0BF0000F03FF7DE29BF9E
:10B4B000D8F8C23FF4B3FECC1A99C33F62CB68D927
:10B4C0006F46C73FC6C912DAC471CC3F4AE98A94B5
:10B4D0002449D23FF75F97999999D93FBC55555563
:10B4E0005555E53F9EBC9AF71C7D7FBE422EE63F38
:10B4F0007BCBDB3FABA6320EE526553E0EE526158F
:10B500007CC4BC7FDE2774BE1344D33F4715F73F8E
:10B5100044DF5DF80BAE543EFE822B654715F7BF46
:10B52000002291E62DE9F04D2DED0A8B43EC182B0E
:10B5300055EC184B84B041EC190B24F0000635F0A3
:10B54000004708BF002E00F0B78253EC192B0020F3
:10B55000DFF8E81501F07CFB00F0AE8251EC180B2F
:10B560008A464FEA4A067615761C0020DFF86415F5
:10B5700001F06EFB04BF002E5FEA0A3000F09C82EF
:10B5800051EC190B8B464FEA4B00401510F10108A6
:10B5900000F0DF8131F000430CBF002A002E00F0E4
:10B5A000D8816B0043EAD4736200002B08BF002AE5
:10B5B00004D1B0EE48AAF0EE68AA1BE040F2334690
:10B5C000A6EB5352352A06DB04F0000205F00043D7
:10B5D00043EC1A2B0EE0202A03DD203AD54095409B
:10B5E00000E001D1002403E0002AC4BFD44094400D
:10B5F00045EC1A4BC80F0BD053EC182B51EC1A0B1F
:10B6000001F026FB04D001F0F7FA9FED2F9B55E2E5
:10B610006A4651EC190B01F0B7FA41EC190BC80F4F
:10B6200036D021F0004053EC192B034643EC192B84
:10B6300051EC1A0B4B0043EAD0734200002B08BFB9
:10B64000002A04D1B0EE4A0AF0EE6A0A19E040F28C
:10B650003444A4EB5352352A04DB00F0000001F01F
:10B6600000410CE0202A03DD203AD140914000E067
:10B6700001D1002003E0002AC4BFD040904041EC3B
:10B68000100B53EC1A2B51EC100B01F0E1FA01D125
:10B69000002600E00126009801281DD151EC190B6D
:10B6A000DFF83424DFF8343401F0B8FA14D253EC64
:10B6B000192B00204FF08041D9F7C6FF00279FEDDE
:10B6C00004BB41EC190B27E0FFFFFFFFFFFFFF7FEB
:10B6D000000000000000F03F53EC192B0020DFF8C1
:10B6E0000014D9F7B1FF9FED76AB53EC1A2BF8F7A6
:10B6F0000FF8D9F78DFFA0F120042046D9F776FF87
:10B700000022DFF8E033D9F79FFF53EC1A2BF7F74D
:10B71000FFFF41EC1B0B670151EC190B53EC1B2B8A
:10B72000F8F7B4F841EC1A0B53EC192B51EC1B0B46
:10B73000F7F7EEFF02460B4651EC1A0BDAF75AF810
:10B7400041EC190B53EC192BD9F77EFF41EC1C0B84
:10B7500053EC1C2BDFF89003DFF89013D9F774FF3C
:10B76000DFF88C23DFF88C33F7F7D2FF53EC1C2B78
:10B77000D9F76AFFDFF88023DFF88033F7F7C8FFD7
:10B7800053EC1C2BD9F760FFDFF87423DFF8743318
:10B79000F7F7BEFF53EC1C2BD9F756FFDFF86823F1
:10B7A000DFF86833F7F7B4FF53EC1C2BD9F74CFFE5
:10B7B000DFF85C23DFF85C33F7F7AAFF53EC1C2BB0
:10B7C000D9F742FFDFF85023DFF85033F7F7A0FF37
:10B7D00053EC1C2BD9F738FF53EC1A2BF8F756F81B
:10B7E00004460D460020DFF8541353EC1B2BF8F7EA
:10B7F0004DF800224FF08043D9F726FF22462B4612
:10B80000F7F786FF53EC192BD9F71EFF41EC100B0D
:10B81000C348784400F20A30074453EC1A2B51EC29
:10B82000100BF7F775FF41EC190B0098D9F7DEFE06
:10B83000D7E90023F7F76CFF41EC1A0B53EC192BF7
:10B84000B848B949D9F700FF53EC1A2BF7F760FF56
:10B8500053EC182BD9F7F8FE0022B44B01F0DEF9B7
:10B8600041EC1B0B69D30122B14B01F001FA61D904
:10B87000C80F53EC1B2B1ABF0020AE49AE49F7F797
:10B8800047FFD9F7C5FE0022AC4BCDE90123804626
:10B89000CDF8008053EC192B51EC180BD9F7D4FEDE
:10B8A00004460D46D7E90201D7E90423F7F730FF34
:10B8B00053EC182BD9F7C8FE9FEDA1BB04E000BFE5
:10B8C000000000000000E03F53EC1B2BD9F7BCFE4A
:10B8D00022462B46F7F71CFF07468B4653EC1A2BE4
:10B8E00051EC180BD9F7B0FE04460D464046D9F787
:10B8F0007DFE02460B4620462946F7F7C7FF53EC6C
:10B900001B2BD9F7A1FE3A465B46F7F701FFDDE9AD
:10B91000012301F0C7F941EC190B31F0004108BFD8
:10B9200000280AD051EC190B48004015401C06D1E4
:10B93000090304D19FED8A9B01E09FED859B002EBA
:10B9400000F0BC8051EC190B81F0004141EC190B67
:10B95000B4E0B8F1000F03D15FEA0B3040F0AE80E5
:10B960003EB95FEA0A3004D0B0EE489AF0EE689A29
:10B97000A4E00127002E63D0294620464B0043EA6D
:10B98000D0734200002B08BF002A04D1B0EE48AAB1
:10B99000F0EE68AA1AE040F23342A2EB5352352A85
:10B9A00004DB00F0000001F000410DE0202A04DD7E
:10B9B000A2F12000C140814000E001D1002003E05D
:10B9C000002AC4BFD040904041EC1A0B53EC182B16
:10B9D00051EC1A0B01F03CF918BF00274B0043EA69
:10B9E000D0734200002B08BF002A04D1B0EE4A0AEF
:10B9F000F0EE6A0A1AE040F23442A2EB5352352AC2
:10BA000004DB00F0000001F000410DE0202A04DD1D
:10BA1000A2F12000C140814000E001D1002003E0FC
:10BA2000002AC4BFD040904041EC100B47B153EC0A
:10BA30001A2B51EC100B01F00BF90CBF002701275A
:10BA4000B8F1000F08BF5FEA0B3006D151EC190BBB
:10BA5000C80F12D1EC0F2CD023E0002E08BF5FEAF4
:10BA60000A3010D16A4651EC190B01F08DF8EC0F39
:10BA7000009814D100281CDC13E0EC0F01D1002F3A
:10BA800013E077B108E0002F1ABF51EC190BC80F73
:10BA90000020EC0F08D120B19FED2B9B0EE0002879
:10BAA00007DD9FED2B9B09E0002818BF9FED2A9B27
:10BAB00004D19FED2B9B01E09FED049B04B051EC62
:10BAC000190BBDEC0A8BBDE8F08D00BF0000000033
:10BAD0000000F03F0000F0BFCD3B7F669EA0E63F38
:10BAE000000050400000903FF7DE29BFD8F8C23F69
:10BAF000F4B3FECC1A99C33F62CB68D96F46C73FF7
:10BB0000C6C912DAC471CC3F4AE98A942449D23FAB
:10BB1000F75F97999999D93FBC5555555555E53FCC
:10BB20002859FDFFFE822B654715F73F0000E0C056
:10BB30000000E0400000E0BF0000E03F0000F03FF8
:10BB4000EF39FAFE422EE63F0000000000000080C0
:10BB50000000000000000000000000000000F0FFF6
:10BB6000000000000000F07F30B400BF0AA191E89F
:10BB70003C0080E83C0030BC7047002100220023DC
:10BB80008C4680E80E107047024A02EBC00000F0BD
:10BB900064B80000803D00000200000000000000CA
:10BBA000FFFFFFFF0000000030B5054681B02C68A4
:10BBB000DDF72DFB002184F8241094F821100329CF
:10BBC0001EBF0429002184F82510DDF747FBDFF8AC
:10BBD000BC028168002944BF4FF0FF32E261DFF808
:10BBE000B0120160284600F014F894F820000228F2
:10BBF00006D101B0BDE83040DFF89802F6F743BE49
:10BC000094F821302268E16964682846A04701B0B1
:10BC100030BD10B50468DFF8800240210160802249
:10BC200002600023C0F8FC3294F8261031B1DFF82E
:10BC30006C02F6F728FE002184F826100220BDE8E9
:10BC40001040DDF788BC00B581B000F06EF9DFF878
:10BC500050120120087001B000BD70B505460C46B9
:10BC60002E68DDF7D4FADFF83822117811B196F892
:10BC7000221019B1DDF7F2FA002070BD012186F81B
:10BC80002210DDF7EBFA0CB9DFF81842207886F8BD
:10BC9000200061687160207802280CBFA068002035
:10BCA000B0600021012086F8230086F8241086F871
:10BCB000251086F826100A20DDF7CDFC284670BD39
:10BCC0000268002182F822100A20DDF75DBCF0B581
:10BCD000044681B027680D461646DDF798FA97F8B6
:10BCE000251029B1DDF7BAFA4FF0FF3001B0F0BDF1
:10BCF000012187F82510DDF7B1FA296807F10C005A
:10BD000091E88C1080E88C1032462946204601B01C
:10BD1000BDE8F04003E00122D9E70222D7E72DE990
:10BD2000F04780460E46D8F80040D8F804706569A0
:10BD3000D4F8109094F82300924658B1A16857485F
:10BD4000F6F796FD18B16FF00100BDE8F08701200D
:10BD500084F8260084F821A026600020E061424695
:10BD600051495248DDF75BFA39782720DDF76AFA46
:10BD70000622A9B2484600F032F970B194F82600C4
:10BD800028B14648F6F77FFD002084F826004FF0E2
:10BD9000FF31E161E069BDE8F0873F4D444FD5F8E0
:10BDA000800320F00200C5F8800394F820000428E6
:10BDB00003D139684A69272090470220C5F8FC0260
:10BDC0000620F96C4A689047A8B14021296080227A
:10BDD0002A6094F8260028B13048F6F754FD002078
:10BDE00084F826000021C5F8FC124FF0FF30E06116
:10BDF000E069BDE8F0870220DDF718FCBAF1020F18
:10BE00001CBFBAF1040FBAF1060F01D1002000E007
:10BE10000420C5F84C010020F368C5F85031C5F87E
:10BE20005401012184F824101946FC6CB268706832
:10BE30002669B047D8F8004094F82000042818D1AB
:10BE4000F96C13488A699047002844BF4FF0FF31CE
:10BE5000E161E669002084F8240094F821000328B9
:10BE60001EBF0428002084F825004046FFF7D1FEBD
:10BE700009E0022806D14FF0FF310648F6F7F8FC3A
:10BE8000E66900E000263046BDE8F08788470240BA
:10BE900001000080C4840020044402407484002017
:10BEA0009E98002098BB0200A9BB020014850020C8
:10BEB000B001001003B481B000208DF800005AB327
:10BEC000D1070DD5019802999DF8003090F800C077
:10BED000087880EA0C0C4CEA03038DF8003001204E
:10BEE000520819D00199029B9DF800C0095C1B5CA7
:10BEF000594041EA0C0C8DF800C0401C0199029B8E
:10BF00009DF800C0095C1B5C5940401C41EA0C0CC8
:10BF1000521E8DF800C0E5D19DF80000401E804102
:10BF2000C00F03B070471E04FEE730B583B0DDF7E5
:10BF30006EF9124D04462878D0B96846DDF786F9C7
:10BF40004FF0FF31002201918DF808206B460C4A1A
:10BF5000272105F1A400DDF737F90121281DF6F7A7
:10BF600051FC002105F15400F6F74CFC012028702B
:10BF70002046DDF773F903B030BD00007084002067
:10BF800029BF0200F0B5002918BF0028444C0BD08F
:10BF9000444D03262E60AF6817F0030FFBD1012537
:10BFA000414E35602060A160002B18BF002A04D0EC
:10BFB0003E49012008602262A362F0BD10B504462C
:10BFC0000120E6F7C1F93749886820406FF39D00EA
:10BFD0000028F5D0886804400C60204610BD2DE98B
:10BFE000F04788B080460D46924620216846DBF730
:10BFF0004FFA0026102D05D0182D05D0202D08BF92
:10C00000032602E0012600E002260127284CDFF883
:10C01000A49007FA0AF767602720D9F800104A6948
:10C0200090472548012101600322244942600123F1
:10C030000B608260A068864218BFA660182D27603A
:10C040000BD1182241466846DCF764FF002300222A
:10C0500020216846FFF796FF05E0002300222946CD
:10C060004046FFF78FFF1648FFF7A8FFD9F80010EA
:10C070000A6A054627209047D9F800100A69272048
:10C08000904715F0404F04D1606820FA0AF0C107CC
:10C0900001D4012000E0002008B0BDE8F0870000D6
:10C0A00004400240884702400000484200044842E1
:10C0B00000440240B00100108047024000470240A7
:10C0C000030000C0C9B210F8013B521E28BF91EA1C
:10C0D000030FF8D818BF0120401E7047FEB5044674
:10C0E00004F1080000F048FF04F11C0000F058FFC4
:10C0F00004F1300000F054FF0020207160712060D6
:10C1000004F10800134D1449D5E90067D1E9002373
:10C11000CDE90067214600F057FF10481049D0E9EB
:10C120000023CDE9002304F11C00D1E900232146BE
:10C1300000F054FF0B480C49D0E90023CDE900235F
:10C1400004F13000D1E90023214600F047FF2046EA
:10C15000FEBD00BF5C220000542200006C220000E3
:10C16000642200007C2200007422000000F040BF26
:10C1700010B5044600F04EFF204610BDDFF8600603
:10C180000021C181DFF85C168A68D2F8D42092F8C9
:10C19000312002748968D1F8D41091F824104174C8
:10C1A000817C11F0DF018174817C11F0E00151F09C
:10C1B00001018174817C11F03F0181740021C174FF
:10C1C000DFF824160978017500214175704780B5A4
:10C1D000FFF7D4FF01BD10B5DFF80846A068D0F81E
:10C1E0005C028047002803D11C20FAF786FE2CE071
:10C1F000DFF8EC150022CA81A268D2F8D42092F8A8
:10C2000031200A74A268D2F8D42092F824204A740B
:10C210008A7C52F020028A748A7C12F0E00252F08A
:10C2200002028A748A7C12F03F028A740022CA7465
:10C23000DFF8B42512780A7500224A75DFF8B425B4
:10C24000127800FB02F08000C86110BD80B5FFF7D6
:10C25000C2FF01BD2DE9F04106000F0014001D00D2
:10C26000DFF880850120D8F80C10C968087000201C
:10C27000DFF8841508700020DFF880150870D8F802
:10C280000800006C0068002804D1D8F80800D0F835
:10C290004C058047DFF868C5DCF8000000280CD0AA
:10C2A00022002B00DFF85C054188D8F80800006CFC
:10C2B00000680C30DCF800C0E04714F0000015F016
:10C2C000E241002901D100281DD0DFF83C050178AA
:10C2D000491E0170DFF82C054068002804D0DFF803
:10C2E0002C05C189491CC181D8F80800006C006880
:10C2F00040680078800603D5E920FAF7FEFDCFE01C
:10C30000FAF741FDCCE0200740F1B880DFF8F844AF
:10C310002078401E2070DFF8C854688842F201413E
:10C32000884204D0688842F20541884245D1DFF84E
:10C33000D4044068002804D0DFF8D004C189491C27
:10C34000C1813900300009B2DFF8A02412684832F8
:10C3500012689047002830D0008842F60141884298
:10C360002BD0DFF8A8044189491C4181688842F23A
:10C370000541884203D11C20FAF7BFFD02E0E1200D
:10C38000FAF7BBFD94F90000002807D10021002036
:10C39000D8F80820D2F85824904708E094F9000013
:10C3A000012804DAD8F80800D0F84C0580470020AE
:10C3B000D8F80C10C96808708EE0DFF8480441888E
:10C3C000B1F5105F16D14069DFF844140860FAF740
:10C3D000B9FCDFF840040078002861D0DFF83804A9
:10C3E000016811F1010F02D00168491C01600021B0
:10C3F000018155E0418842F60602914232D14068FF
:10C40000002804D0DFF80404C189491CC181DFF889
:10C4100004040078002843D0DFF8000400780228E4
:10C4200005D1DFF8E803C188491CC18004E0DFF8CA
:10C43000DC038188491C8180DFF8DC03416811F14D
:10C44000010F02D04168491C41600189491C0181EA
:10C4500041890289914201D201894181E920FAF79B
:10C460004CFD1DE04068002804D0DFF8A003C1891E
:10C47000491CC1811D20FAF740FD11E0DFF884035B
:10C480004068002804D0DFF88403C189491CC181B9
:10C49000DFF874030178491E01701D20FAF72DFDA5
:10C4A000DFF8641391F90000002807D10021002073
:10C4B000D8F80820D2F85824904708E091F90000F5
:10C4C000012804DAD8F80800D0F84C05804700208D
:10C4D000D8F80C10C9680870BDE8F08180B509B2C1
:10C4E000FFF7B8FE01BD2DE9F0478AB08146DFF8BD
:10C4F000FC7202A83968643109688847DFF8E442B1
:10C50000A068006C0068002803D1A068D0F84C0532
:10C5100080470120DFF8E4120870E068C068007806
:10C52000002805D100210120A268D2F858249047A4
:10C53000A068006C0068B0F808A0A068006C0068F3
:10C5400046683178C9B2490911F00101504680B2FC
:10C55000F6F773FF0790DFF8A8522869002805D086
:10C56000A068006C00680C3029698847A86800281A
:10C5700002D0A86880470890DFF898020078002869
:10C5800035D0286A00282DD0286A804700280CD092
:10C59000DFF88C0201788DF824100178DFF87C2216
:10C5A000117040788DF825000BE0DFF87402817877
:10C5B0008DF824108178DFF864221170C0788DF82E
:10C5C0002500DFF858020078022805D1DFF83C0288
:10C5D0004188491C41800AE0DFF830020188491C8B
:10C5E000018004E0DFF824020188491C0180F9F78A
:10C5F0002CF9DFF8108288F80FA0DFF82802007805
:10C60000002813D0A068006C0068007D00280DD0C1
:10C610001FFA8AFA5046FAF7D9F8FAF79FF8C0B22B
:10C62000002803D1E120FAF768FC9CE0C8F810600C
:10C630000020A8F80200DCF7EAFD06000020A8F8B8
:10C640000200002005904846C0B2012804D1DFF85E
:10C65000D801DFF88C11C8614846C0B2012804D067
:10C660005FFA89F9B9F1000F44D1DFF874010021B4
:10C670004180C0F80480417B11F0F00151F00201CB
:10C680004173017B11F0F0010173C17D11F0F001E4
:10C6900051F00401C1750021C8F8041098F80D107C
:10C6A00011F0F00151F0010188F80D10A168096C3A
:10C6B000096849680978890611D5DFF87011C8F84A
:10C6C0000410A268126C1268526892788A7398F803
:10C6D0000D1011F0F00151F0020188F80D10DFF893
:10C6E00050C1CCF804009CF80D0010F0F0008CF85C
:10C6F0000D0000E0C446DFF83C9108200021CDE9A0
:10C700000001DFF8343102AA6146DFF83001006829
:10C710003F6850373F68B847A9F80000B9F90000F2
:10C72000002814D52868002808D000220023002102
:10C73000A068006C00680C302C68A04741F288317A
:10C740000120F6F719FF3000DCF788FD0BE0DFF879
:10C75000B8000178491C0170DFF8E400C0F80080DF
:10C760003000DCF77BFD0AB0BDE8F08780B5C0B2D1
:10C77000FFF7B9FE01BD70471A481D490A68816874
:10C78000D1F8E0100968C0680068007851FA80F1BB
:10C7900018480078800000FB01211A488160017B65
:10C7A00011F0F00151F002010173704780B50220D1
:10C7B000FFF7DCFF01BD13490E4802780948C06845
:10C7C0004068007842431F480078424390008860E8
:10C7D000087B10F0F00050F0030008737047000071
:10C7E000F88100200C010020949800207897002008
:10C7F0009C9700208E9800207F9800207E98002033
:10C80000F04A0000708200208198002014940020DB
:10C810007097002084980020A09500207B9800202D
:10C8200030960020A3980020801A0600188200206D
:10C83000D01C002030980020DDC402006497002046
:10C84000689700209598002080B50620FFF78EFF9E
:10C8500001BD01207047041010B5FEF723F9FEF763
:10C8600025F9434CA068D0F8D40090F84300F6F7BF
:10C8700015FA00210120A268D2F858249047F6F753
:10C880003FF9F8F731FFE9F752F83A480021016023
:10C8900000214160002101810021418136480021B1
:10C8A000018000214180002181800021C180002180
:10C8B000018100214181002181810021C18100216C
:10C8C000018200202D49087000202D490870F9F7D9
:10C8D000CDFEE9F724F810BD80B5F9F715F8F9F7A2
:10C8E000A9FF01BD80B5FEF746FBE9F769F801BD78
:10C8F00080B5FFF7F1FFFEF7D5F801BD10B50124B3
:10C90000DCF785FC1F490978002910D11E490978F8
:10C9100000290CD11D490978002908D11C49097842
:10C92000002904D11B49097811F0FD0F00D0002423
:10C93000DCF794FC2000C0B210BD38B50400200024
:10C94000C0B2EA380A2811D2094D69462000C0B2A7
:10C95000AA68D2F8282490470098401C00906946A5
:10C960002000C0B2AA68D2F83024904731BD000040
:10C970000C010020A0950020149400207B9800203A
:10C980007C980020869800208898002091980020AC
:10C99000929800208598002046490A681040C243BA
:10C9A0000A607047444A11680029FCD10023D36112
:10C9B0001060D0690028FCD0D161506870473F48B2
:10C9C000016821F0020141F40871016003213C4833
:10C9D000016041F23002C260012343605021C16016
:10C9E00043604FF4CA61C16043604FF48651C16037
:10C9F000436034490B607047704770B404460020B0
:10CA000000E0401C98420BDA256815F1010F07D0B1
:10CA100054F8046B16408E42F3D170BCC0B270471C
:10CA200070BCFF20704700001E281DD8DFE800F012
:10CA3000101C131C1619161C1C1C191C161C1C1966
:10CA40001C1C1C1C1C1C1C1C1C1C1C1C1C1C190045
:10CA500040F2025209E04FF4817206E04FF20112F7
:10CA600003E041F2011200E00022FF2909D14FF654
:10CA7000FF30024042F0C00240F2037040EA024040
:10CA80007047080008BF42F0300205D0C8074CBF0D
:10CA900042F0100242F0200240F2037040EA0240ED
:10CAA00070470020704708490A681040C2430A6076
:10CAB00070470000101004400010044000000460A3
:10CAC00054600440004104400810044028490968AB
:10CAD000C1F30F314BF677324FF0FF30914208BF70
:10CAE0000520704710B5FFF7F1FF20490B680528B6
:10CAF0004FF0FF34C3F3C052C3F3406117D11B0B97
:10CB000003F00F03082B02D00F2B06D00FE081F0AB
:10CB100001010A420BD0172409E022B100290CBF01
:10CB200019241A2403E0002914BF1C241B242046C6
:10CB300010BD0F480F4970B505680E682D0F06F03F
:10CB4000FF06802E28BF0026FFF7C0FF05284FF004
:10CB5000FF3407D125B1012D08BF06F10B0401E018
:10CB600006F10A0460B270BD00000000941200508B
:10CB700018130050A010005080B5FFF7A7FF05283C
:10CB800000D101BDFEE7094010B5144600F002F8DF
:10CB9000226010BDC1F30A5343B14A0012F5001FD1
:10CBA00028D2A3F2FE32A1EB0251704750EA410CA9
:10CBB00020D001F0004C31EA0C01B1FA81F204BF3F
:10CBC000B0FA80F3D2180B3AB2F120032CBF00FA6E
:10CBD00003F1914041EA0C013EBFC2F1200C20FA62
:10CBE0000CF319439040524240F2FD33D21A01EB4C
:10CBF00003517047002270470FB581B000F02AFA48
:10CC00000549212205E00FB581B000F023FA024961
:10CC10002222425001B00FBD0498002041EA030CCB
:10CC200050EA4C0C52EA0C0C4FF4001C09D307D00C
:10CC30001CEB410F9CBF1CEB430F8B4208BF824291
:10CC400070471CEB430FFBD8994208BF90427047D6
:10CC5000904205D1994204D041EA030C50EA4C0CB1
:10CC600070474FF4001C1CEB410F38BF89427047DE
:10CC700041EA030C50EA4C0C52EA0C0C4FF4001C35
:10CC800009D307D01CEB410F9CBF1CEB430F99420B
:10CC900008BF904270471CEB410FFBD88B4208BF86
:10CCA00082427047F8B52DED0A8B41EC1A0B480013
:10CCB0004015109C401C43EC182B24D053EC1A2B2D
:10CCC00022F0000633F0004708BF002E1BD053ECC3
:10CCD000182B1D466A005215521C14D053EC182B09
:10CCE00022F0000633F0004708BF002E0BD051ECB5
:10CCF0001A0B0022884BFFF791FF4DD29FED870B57
:10CD000051EC100B43E028B90A0318BF51EC1A0B81
:10CD100040F0FD8053EC182B5A005215521C1D4652
:10CD200001D11B0318D157EC186B37F0004708BF2F
:10CD3000002E0BD180B909030ED1FFF75DFFBDECCA
:10CD40000A8B4FF0FF306FF00041F4BD3AB92B036E
:10CD500005D108B90903F0D051EC180BD8E053EC19
:10CD60001A2B33F0004304BF002A224600F0B8809B
:10CD700060B909030AD153EC1A2B51EC180BBDEC26
:10CD80000A8B01B0BDE8F040D8F75EBC0020BDECD6
:10CD90000A8B05F00041F4BD0122624BFFF768FFEA
:10CDA0000BD8FFF730FF9FED600B51EC100B05F037
:10CDB0000045BDEC0A8B2943F4BD53EC1A2B5C48AB
:10CDC0005C49D8F741FC41EC100B53EC102B9FED64
:10CDD0005A9B03F0004251EC190B0D46154353ECDE
:10CDE000192B51EC100B2B46F6F792FCD8F710FCE0
:10CDF0000546D8F7FBFB41EC1B0B53EC1B2B4FF00C
:10CE000078404F49D8F720FC53EC1A2BF6F780FCFA
:10CE100006460F4653EC1B2B4A484B49D8F714FCE7
:10CE200032463B46F6F774FC41EC1A0B21F0004108
:10CE30000022464BFFF7F2FE51D353EC1A2B51EC74
:10CE40001A0BD8F701FC41EC1B0B53EC1B2B404891
:10CE50004049D8F7F9FB404A404BF6F759FC53ECF0
:10CE60001B2BD8F7F1FB41EC1C0B53EC1B2B3C4864
:10CE70003C49D8F7E9FB3C4A3C4BF6F749FC53ECFC
:10CE80001B2BD8F7E1FB53EC192BF6F741FC53ECC5
:10CE90001A2BD8F7D9FB41EC190B53EC1C2BF6F7E6
:10CEA00037FC9FED33AB53EC1A2BF6F731FC0646FB
:10CEB0000F4651EC1C0B53EC192BF6F7E7FC53EC27
:10CEC0001A2BF6F725FC02460B4630463946D8F7B2
:10CED00091FC53EC182BD8F7B7FB41EC180B6219F7
:10CEE00051EC180B00F0B8F841EC100B20F00002E8
:10CEF00031F0004308BF002A05D048004015401C0F
:10CF000003D1090301D1FFF77EFE51EC100B00BFE6
:10CF1000BDEC0A8BF4BD000000C89CC000000000FE
:10CF20000000000000C89C40000000000000F07FEE
:10CF3000FE822B654715F73F000000000000E03F30
:10CF4000422EE6BFF2E4D5BCE7E84BBE0000903CC1
:10CF5000112E5781A03F503F5843128C8F71BC3F18
:10CF60004BE8A541B752013F0BBDF3DAE8708C3FA7
:10CF7000000000000000F03F30B50021064A0160CB
:10CF8000D2E90045C0E90145044900F10C04D1E9AA
:10CF90000023C4E9002330BD3422000044220000F5
:10CFA00030B50021064A0160D2E90045C0E90145DB
:10CFB000044900F10C04D1E90023C4E9002330BD89
:10CFC0003C2200004C22000030B5DDE90345016041
:10CFD000C0E901230C30C0E9004530BD30B5DDE9C2
:10CFE00003450160C0E901230C30C0E9004530BDB4
:10CFF00010B5044601E000F0CCF8204600F031FA0C
:10D0000028B9034800680028F5D08047F5E710BD2F
:10D0100000980020002141600022FF21017341732C
:10D020008173C173017441744261012181740023D1
:10D03000064A8360116801B91060054A116801B1A0
:10D04000886010604222C36102767047B895002064
:10D050006496002000207047124254D440F2FF7CB6
:10D060001CEA11530FD0634531D09B1863453CBF78
:10D0700001EB0251704701F0004141EA0C510020E0
:10D08000FFF7C1BD704750EA410320D001F0004CCA
:10D0900091EA0C011CD0B1FA81F30B3B9A420DD9F5
:10D0A000D21A994051EA0C01C3F1200C20FA0CFC71
:10D0B00061449840531C40F2FF7CD7E7914041EA1D
:10D0C0000C01C2F1200C20FA0CF319439040704778
:10D0D000B0FA80F31533202BE0D3202AEED3203A88
:10D0E000203B9A4209D9D21A00FA03F141EA0C0115
:10D0F0000020531C40F2FF7CB8E700FA02F141EA3D
:10D100000C0100207047524240F2FF7C1CEA115390
:10D110000DD06345DBD0B2EB030C3CBFA1EB025159
:10D1200070470CF1010221EA035141F4801150EAE9
:10D13000410CCCD001F0004C352A27DC30B481EA18
:10D140000C01B2F1200309DAC2F12003044601FA0E
:10D1500003F5D0402843D1409C400CE0C3F12002AD
:10D16000450020FA03F418BF44F0010421FA03F04B
:10D1700091400C43002174F1004550F1000051EB47
:10D180000C01244230BC7FF47BAF70476146002025
:10D1900076E700F031BA2000DFF800F0C5F30210A6
:10D1A000DFF800F05DF10210DFF800F0F1EC0210A2
:10D1B000DFF800F0D7DB0210DFF800F0E5F802102E
:10D1C000DFF800F01BD00210DFF800F059F5021074
:10D1D000DFF800F0F1DC0210DFF800F031EC0210B3
:10D1E000DFF800F06BEC0210DFF800F0EBEC02105F
:10D1F000DFF800F011EA0210DFF800F0B1F70210DA
:10D20000DFF800F089F20210DFF800F01FF90210D9
:10D21000DFF800F045F80210DFF800F059F80210CE
:10D22000DFF800F06DF80210DFF800F081F802106E
:10D23000DFF800F095F80210DFF800F0C9F40210F2
:10D24000DFF800F0F9F20210DFF800F067F30210E7
:10D250000C381F283ED8DFE800F0103D3D3D3D3D35
:10D260003D3D3D3D153D3D3D1A3D3D1F243D3D3D70
:10D270003D3D293D3D3D2E333D38DFF82803016813
:10D2800008687047DFF81C03016848687047DFF8DA
:10D290001403016888687047DFF808030168C868EC
:10D2A0007047DFF80003016808697047DFF8F4028F
:10D2B000016848697047DFF8EC02016888697047C7
:10D2C000DFF8E0020168C8697047DFF8D80201683A
:10D2D000086A70470020704700B5DFF8CC22136859
:10D2E0008BB00A21684698470BB000BD00B581B0ED
:10D2F00000F085F9DFF8B402DFF8B422016891424A
:10D3000003D001B05DF804EBAAE001B000BDF0B5B8
:10D310001E46154683B00B682F6813F8012B0B606F
:10D3200004460020242A41D113F8012B0B604C2A1B
:10D330000DD157F8040BB2682146FFF72DFF0023EB
:10D34000F3603168091A31602F6003B0F0BD462ADE
:10D350000DD157F8041B019157F8041B0291ADF849
:10D3600000002146B2686846FFF71AFF16E0532A0C
:10D370001CD157F8040BF0612F602B46308B0090C6
:10D38000F269B1682068FFF70FFF216829B1B26820
:10D390009042A8BF501E014421602F680021F16017
:10D3A0003268121A32602F6003B0F0BD662A07D1CE
:10D3B000318B01290FBF3F1DFF1D27F007070837DD
:10D3C000F1690A700122F2602F6003B0F0BD4FF0E6
:10D3D000FF309060704700B581B0FFF7E9FEDFF8DD
:10D3E000D401C06801B05DF804EBEBF7C3BC00B535
:10D3F00081B0FFF7E1FE012818BFFFF7E1FE0FF251
:10D400001D00FFF7E1FEFFF7E3FEFFF7E5FEFFF784
:10D41000E7FE01B05DF804EBFFF7E6BE00B581B0B2
:10D42000E7F75EFDD9F742FC01B05DF804EB03209D
:10D43000FFF7DEBE10B504460320FFF7D9FE2046F5
:10D44000BDE81040FFF7D8BEDFF86C11DFF86C3193
:10D45000DFF86C01DFF86C214A611B1A8B617047A1
:10D46000FEE710B500F1080488B0844238BF002000
:10D470000CD3684600F0C6F86B4600222146002017
:10D48000FFF7BEFE10B100604460083008B010BD68
:10D49000FFF7BABEFFF7BCBEFFF7BEBEFFF7C0BEC8
:10D4A000FFF7C2BEFFF7C4BE086000222E208880AE
:10D4B0008A8100BF4AA088600846704701B9424986
:10D4C000FFF7BABE10B588B002AA019300230093FB
:10D4D0000B4600213D48FFF7B3FE040008BF0020C3
:10D4E00003D002A900F09CF8204608B010BD10B58A
:10D4F00088B0034601910024009402AA0021334819
:10D50000FFF79EFE040008BF002003D002A900F030
:10D5100087F8204608B010BD10B582B00446002040
:10D5200000904FF0FF332168294A2848FFF78CFE0E
:10D530000021216002B010BD0860002232208880E6
:10D540008A8100BF26A088600846704701EB41022F
:10D5500000B9204800EB8200704710B58AB002AADB
:10D560000193002300930B4600211B48FFF768FE40
:10D57000040008BF002003D002A900F05FF8204695
:10D580000AB010BD10B582B00446002000904FF0E4
:10D59000FF332168114A1048FFF756FE0021216031
:10D5A00002B010BDB01000203013000000B4021013
:10D5B0005519141180100020501100200040022045
:10D5C000003C0220003C02205819000038190000DD
:10D5D000419803008C310020DC1900005D990300A4
:10D5E0007B756E6B6E6F776E2D696E7374616E6393
:10D5F000652D6E616D657D00012000F02BB800F097
:10D6000033B81E0228B1034988421CBF2021D9F734
:10D610003FBF7047EC300020DFF800F0E5DE02107D
:10D6200005490A68012343600021C16000230244C8
:10D6300083601046FFF7F0BF1019000010B50446D4
:10D6400008690349A0600A689047606010BD00BF88
:10D65000201A000080B5AFF30080024A11001820A4
:10D66000ABBEFBE72600020038B54448444C0568D1
:10D6700015F1010F08BF0025FFF77EFA4149002090
:10D680000860206C816C88473F4A106820B13F4990
:10D690000868284600F02AF83D49002008603D4906
:10D6A0003D480A686FF31B4202430A603B49086821
:10D6B000C0F30130012806D10A683948024042F41B
:10D6C00000330B600A600120364DE86114202168A8
:10D6D0000A6A90473448354A016841F4E021016004
:10D6E0000121296010680028FCD131BDF8B504463D
:10D6F0002F4841688A0705D401682E4A090C41F079
:10D70000F00111704FF001212B4B2C4A2C4E2D4F64
:10D7100019601588856831680A682846904705F0C1
:10D720004070B0F1807F03D1397841F00201397047
:10D73000294632685368204698472348234A0068A0
:10D74000010B01F03F011170C10502D54022FA74AE
:10D7500002E01F4A40211170800900F038001D4985
:10D7600040F4605008802846326893689847022049
:10D7700000F034F8184901200860F1BD1C13005076
:10D78000B0010010840460428001284380052043DA
:10D790008C2108404820034000003901280009403E
:10D7A000EFFFFCFC00002443002009400C0068420D
:10D7B000AC4F00505662084004A40C4000A00C403E
:10D7C000F0010010096208400C1400500EB00C402B
:10D7D0002C6208406AB00C409404604230B50A499B
:10D7E0000A4A09E0CC5C0D5C094B2344AC422CBFD7
:10D7F00013F8013C5B78136013685468A342FCD1B2
:10D800008342EFD130BD00BF604D000000600C408E
:10D81000644D000030B514462C219D4A4843104405
:10D8200000F1080585B02B788DF80030817801F083
:10D830003F028DF8042001F01F01012202FA01F1DC
:10D840000291C17800F0A4F804918DF80C3068467C
:10D85000E97800F0ABFA01001CBF287920600800CD
:10D8600018BF012005B030BD2DE9F0432C21884AB6
:10D870004843161806F1080789B038788DF810006B
:10D880000122B07800F03F0100F01F008DF8141065
:10D8900002FA00F006900225F17800F079F88DF890
:10D8A0001C3008916A46022104A800F048FB0228B7
:10D8B0000CBF0124002404A800F01AF914B96D1E4D
:10D8C000F0D161E09DF800009DF8011041EA0021CF
:10D8D000F1810C20FA8842430A21B2FBF1F0BA78B8
:10D8E000012A08BF400800034FF40061002428B952
:10D8F0009FED650A34E04000A4F58054B0F5805FE8
:10D90000F9D3B0F5005F24BF400804F58054F8D285
:10D91000024600230C20A2FB028902FB039903FBB1
:10D9200002994FEA29334FEA1832002B42EA095292
:10D9300007DB02DCB2F5005F03D35B104FEA320273
:10D940000C194910401EE6D140F2D1404443241343
:10D9500000EE104ABAEECA0ADFED4C0A20EE200AA9
:10D96000BDEEC00A10EE100A401CADF80C000221FA
:10D970000020029003AA01910092212370780022D6
:10D980004FF48061D8F77FFB002009B0BDE8F08339
:10D9900001F03F0301F01F0102FA01F170472DE988
:10D9A000F0473C4D3A4A2B7881462C2086B04343C1
:10D9B0000120D61891F800A091F802803649B07184
:10D9C00086F80380B16100243448F06100946A460F
:10D9D00001214846D8F724FD00281EBF00980028E2
:10D9E0000446002700976A4602214846D8F718FDEA
:10D9F00030B1009F07F00F07022F08BF1E2000D094
:10DA0000C8203073B7722020012FF07204D0022F8B
:10DA100004BF2320F07201E02121F1722321317231
:10DA2000E0B200B13472317A8DF804100AF03F028E
:10DA300001210AF01F008DF8082001FA00F0039080
:10DA400008F03F0208F01F008DF8102001FA00F0E6
:10DA5000059001A800F024F8707A00F0FE007072C2
:10DA6000012101A800F0A2F9232101A800F09EF9EC
:10DA7000012806D1707A40F0010070722978491CA3
:10DA8000297006B0BDE8F0870000000000401C4689
:10DA9000647C00204198002015D8020069D802005B
:10DAA00081680069DFF88424136C0B4313641160F0
:10DAB000116C0143116410607047F8B500F0A3F8D1
:10DAC000064600F033F93C600C20396C2943396478
:10DAD0003D60E4F73DFC00F029F93C610C20E4F7DF
:10DAE00037FC00F09CF8BDE8F2400C20E4F730BCB5
:10DAF000F8B584680769DFF83464DBF788FB05460E
:10DB0000306C204330643461306C384330643760AB
:10DB1000FA20316B394201D1401EFAD100F04FF8A2
:10DB2000306C20433064346000F049F82846BDE88A
:10DB3000F240DBF793BB2DE9F84306798468056969
:10DB4000DFF8E87300F0E3F8D6F80090DBF75FFB4E
:10DB50008046386CA043386449F00059DBF757FB26
:10DB60000021731C31704FEA1922B11C1A704FEA60
:10DB7000194C81F800C04FEA196906F8039FDBF7DA
:10DB80006DFB386C284338643D6100F018F800F0F4
:10DB90003FF80026FA20396B21420ED0401EFAD100
:10DBA00000F02EF800F00EF84046DBF757FB64203B
:10DBB000E4F7CEFB3046BDE8F2830126F0E74420CF
:10DBC000E4F7C2BB386C284338643D61386C2043AD
:10DBD00038643C612E20E4F7B7BBF8B500F013F8C9
:10DBE0000646FFF7EFFF00F00BF800F011F800F029
:10DBF00016F800F005F8BDE8F2402E20E4F7A4BBCB
:10DC00002E20E4F7A1BB84680569C84FDBF7FFBA93
:10DC1000386C284338643D602E20E4F795BB386C9F
:10DC2000284338643D613046DBF718BB2DE9F14FDE
:10DC300084B08268049BBD4F00928B461C69E2430E
:10DC400002924FF00109DBF7E2FA01904FF0080A67
:10DC500000F065F800F06AF83C61FFF7B0FF5FEA9A
:10DC60000B6005D5396C009801433964009939601F
:10DC70004FEA0B60800F00F0010080F0010800F017
:10DC8000EFF800F053F8B9F1000F3C6026D004988B
:10DC9000067B00F03CF84FF000093568396C0298BB
:10DCA0000140396445F00055DBF7B1FA0021731CDF
:10DCB00031702A0AB11C1A704FEA154C81F800C065
:10DCC0002D0E06F8035FDBF7C9FA9620396B214267
:10DCD00001D1401EFAD100F029F83C6000F0C0F8F4
:10DCE00000F024F8B8F1000F4FEA4B0B3C6101D073
:10DCF00000F015F8BAF1010AB1D100F010F8FFF701
:10DD000065FF019805B0BDE8F04FDBF7A7BAB60094
:10DD100006F0FC0606F1804606F501267047396CD0
:10DD2000009801433964009939617047386C204389
:10DD30003864704704B56B46012200F001F802BD5B
:10DD40002DE9F04105460E4614469846FFF7B5FE0C
:10DD500029784906090E00F034F800F030F8002761
:10DD6000E0B1310A04D000F02CF800F028F8A8B196
:10DD7000F1B200F026F800F022F878B1200008BFD8
:10DD800001270BD018F8011B00F01BF800F017F862
:10DD900020B100F018F87F1C641EF3D12846FFF76D
:10DDA000A7FE00F010F8F8B2BDE8F08180B50023BE
:10DDB0000022FFF7C5FF012818BF002002BD28463A
:10DDC000B9E6284632E73220E4F7C2BA2DE9F04737
:10DDD0000479D0F808800769544DA40004F0FC04CD
:10DDE00004F1804404F501244FF000092668DBF7B4
:10DDF0000EFA8246286C20EA0800286446F0005695
:10DE0000DBF705FA0021631C2170320AA11C00F027
:10DE100031F804F8036FDBF721FA00F024F801264B
:10DE20000824286C384328642F6000F019F816B1D4
:10DE3000002600F07DF8286B4FEA490910EA080F28
:10DE400018BF49F0010900F00BF800F00CF8641E4F
:10DE5000E7D15046DBF702FA5FFA89F0BDE8F087B8
:10DE60002220E4F771BA286C384328642F612E20F1
:10DE7000E4F76ABA1A704FEA164C81F800C0360E01
:10DE800070472DE9F84F044689462178490041F052
:10DE900001019046C9B2FFF7C9FE00F08CF80028D6
:10DEA0004FF0000A3FD05FEA090008BF01203BD0D5
:10DEB000CA461E4D31E0A6682769DBF7A8F98346FC
:10DEC0000C20E4F745FA286C304328642E60FFF7F5
:10DED000C7FF286C384328642F6000F029F8FFF74B
:10DEE0008FFE286C384328642F61286C30432864E7
:10DEF0002E61FFF7B5FF5846DBF7B0F90BE020467F
:10DF0000FFF764FF88F800005FFA89F00028D2D09C
:10DF10002046FFF762FE08F101084846A0F101091A
:10DF2000C0B20028EBD15046BDE8F28F90200240ED
:10DF3000FA20296B394201D1401EFAD1704770B5E1
:10DF400004460D461646FFF7B8FD324629462046E0
:10DF5000BDE8704095E72DE9F04104460D461646B0
:10DF60009846FFF7AAFD21784906090E2046FFF7DB
:10DF70005DFE00F020F80027A8B1290A05D0204650
:10DF8000FFF754FE00F017F868B1E9B22046FFF73A
:10DF90004DFE00F010F830B1424631462046FFF702
:10DFA000CEFF07462EB12046FFF7A2FDFFF70BFF7D
:10DFB0003846BDE8F0812046BDE513460122CAE798
:10DFC000F8B50D460021ADF800108DF802108DF85F
:10DFD0000020FF21F02204461E4600278DF8021083
:10DFE0008DF801200BE007EB47012144684600F063
:10DFF00087F89DF8000030188DF800007F1CAF42B4
:10E00000F1DBF1BDFFE7C2F1FF02D2B200E0000098
:10E01000F8B500F00DF8002706E000EB40003146AF
:10E02000204400F000F97F1CB8B2A842F5D3F1BD3E
:10E0300004460D4616467047F0B50D684FEA121CAF
:10E0400012F00F020CEB4C0105EB010E03D0059909
:10E0500011B1012100E000219EF800409EF801600E
:10E060009EF80270C9B1BCF10F0F18BF0EF1030585
:10E070001101C1F1FF0295F800C000F031F85443DE
:10E080004FEA2C2C0CEB2424574395F801C011FBCC
:10E090000CFC5643AA7800F029F8FF2B16D0190083
:10E0A00011D05B1CDBB25B1CE1B211B1E4B25C438A
:10E0B0002412F1B211B1F6B25E433612F9B229B1AF
:10E0C00000F009F802E00024002600270470FFE7B2
:10E0D00046708770F0BDFFB213FB07F31F12704745
:10E0E000D2B2491C521C11FB0CFC704711FB02F10F
:10E0F0004FEA2C2C09120CEB262601EB2727704740
:10E100002DE9F041067842788478F300DBB2562797
:10E11000AB2017FB03F743433F041B123F0E5FEA9C
:10E12000066E07F1AA0507F1550CC7F1FF001BD4D5
:10E130005FEA46680BD4B30604D406463D46002386
:10E14000002031E0AB266546002300202CE0B60617
:10E1500005D4C3F1AB031E460023002024E00026B3
:10E16000002305463B461FE05FEA466E0DD4B50628
:10E1700006D400260020DBB2C3F1AB05553313E013
:10E180003E460025002303460EE0B00606D4664650
:10E19000002500203B46C3F1AB0305E02E460025D9
:10E1A00000203B46C3F15503FF2A1DD01AB9FF25B5
:10E1B000FF26FF2318E0C2F1FF02D0B200B1012018
:10E1C000D2B2524300EB2220C0F1FF02D2B2521C65
:10E1D000F6B2EDB2DBB256435543534300EB26266D
:10E1E00000EB252500EB2323FF2C17D0204622002F
:10E1F00018BF0122404302EB2020C0B218B900260C
:10E20000002500230AE0401CF6B2EDB2DBB2464323
:10E21000454310FB03F036122D1203120E704D70A1
:10E220008B70BDE8F0810278491C4A4312120270DB
:10E23000437882784B4311FB02F11B1209124370A1
:10E240008170704710B5054C03E011F8013B584050
:10E25000205C13465A1E002BF7D110BD901C000005
:10E2600030B501461A4803785B1C03F0070300220F
:10E27000DC0748BF80220370980748BF42F0400285
:10E28000580748BF42F020021032D2B20023C8180B
:10E29000807C20B14FF4807494FBF0F0401CCC18CB
:10E2A000CD18E073C818C47B641C14FB02F424125C
:10E2B0000473287B10B1CC18401E2073C818C07B93
:10E2C00010B1CC18401EE0735B1C032BDFDB30BDAC
:10E2D0003C9800200248016841F00101016070474C
:10E2E000D02002400248016841F0020101607047FD
:10E2F000D02002400248016841F0040101607047EB
:10E30000D02002400248016841F0080101607047D6
:10E31000D02002400248016841F40051016070477A
:10E32000D02002400248016841F48031016070470A
:10E33000D02002400248016841F40031016070477A
:10E34000D02002400248016841F4802101607047FA
:10E35000D02002400248016841F40021016070476A
:10E36000D02002400248016841F4801101607047EA
:10E37000D02002400248016841F40011016070475A
:10E38000D02002402DE9F04204469748974D01689D
:10E3900041F080710160002028600021696004F173
:10E3A0000C03217F89096018C27B585C121A04F1A2
:10E3B0000C004254207F21688009095C0A0005D0C6
:10E3C0001A5C5718FF2F02D9FF2700E0002704F13D
:10E3D0001201FFB2085C864E01212960401C10FB2F
:10E3E00007F7DAF714FF3F1281460BE0002704F12C
:10E3F0001201FFB2085C401C10FB07F71046DAF769
:10E400002DFF3F12A068002820DDE17B207B091A48
:10E410002173607B217C091A6173A07B617C091ADE
:10E42000A173DAF7F4FE02466868322805D96868F5
:10E43000323840F66111884203D207204FF0010CB8
:10E440000AE01046DAF70AFF002003E04846DAF750
:10E4500005FF6868BDE8F082002339066B60C90FCC
:10E46000C6F800C07F0019B169681D29FCD302E01D
:10E4700069680429FCD30123336169683229FCD31C
:10E48000401EE9D13F0668600121FF0F316017D0BF
:10E4900068681D28FCD3316168683228FCD3207F6E
:10E4A0002168C0F3C103C95C0B000DD004F10C0757
:10E4B000C0F3C103FB5C5B18FF2B06D9FF2304E00C
:10E4C00068680428FCD3E6E7002304F11201C0F3D6
:10E4D000C100DBB2085C401C43431B1207204FF015
:10E4E000000C1906C5F804C04FF0010EC90FC6F89C
:10E4F00000E05B0019B169681D29FCD302E069687E
:10E500000429FCD3F446C6F810C069683229FCD34C
:10E51000401EE4D11B0668600121DB0F316015D07D
:10E5200068681D28FCD3316168683228FCD3207FDD
:10E53000216800F00300095C0B000BD004F10C070C
:10E540003B5C5B18FF2B06D9FF2304E068680428B6
:10E55000FCD3E8E7002304F11201DBB2085C401CA5
:10E5600043431B1207204FF0000C1906C5F804C0E6
:10E57000C90FC6F800E05B0019B169681D29FCD31A
:10E5800002E069680429FCD3F446C6F810C0696843
:10E590003229FCD3401EE6D11B0668600121DB0F47
:10E5A00031601DD068681D28FCD33161686832284D
:10E5B000FCD3216894F9150008442060A168207FED
:10E5C000491EA16080092168095C0B003FF40EAF71
:10E5D00004F10C073B5C5F18FF2F00D9FF2706E70B
:10E5E00068680428FCD3E0E7FCED00E0001000E0E0
:10E5F000902002402DE9F04204469748974D01686B
:10E6000041F080710160002028600021696004F100
:10E610000C03217F89096018C27B585C121A04F12F
:10E620000C004254207F21688009095C0A0005D053
:10E630001A5C5718FF2F02D9FF2700E0002704F1CA
:10E640001201FFB2085C864E01212960401C10FBBC
:10E6500007F7DAF7DCFD3F1281460BE0002704F1F3
:10E660001201FFB2085C401C10FB07F71046DAF7F6
:10E67000F5FD3F12A068002820DDE17B207B091A10
:10E680002173607B217C091A6173A07B617C091A6C
:10E69000A173DAF7BCFD02466868322805D96868BC
:10E6A000323840F66111884203D207204FF0020C45
:10E6B0000AE01046DAF7D2FD002003E04846DAF718
:10E6C000CDFD6868BDE8F082002339066B60C90F94
:10E6D000C6F800C07F0019B169681D29FCD302E0AB
:10E6E00069680429FCD30223336169683229FCD3A9
:10E6F000401EE9D13F0668600221FF0F316017D04C
:10E7000068681D28FCD3316168683228FCD3207FFB
:10E710002168C0F3C103C95C0B000DD004F10C07E4
:10E72000C0F3C103FB5C5B18FF2B06D9FF2304E099
:10E7300068680428FCD3E6E7002304F11201C0F363
:10E74000C100DBB2085C401C43431B1207204FF0A2
:10E75000000C1906C5F804C04FF0020EC90FC6F828
:10E7600000E05B0019B169681D29FCD302E069680B
:10E770000429FCD3F446C6F810C069683229FCD3DA
:10E78000401EE4D11B0668600221DB0F316015D00A
:10E7900068681D28FCD3316168683228FCD3207F6B
:10E7A000216800F00300095C0B000BD004F10C079A
:10E7B0003B5C5B18FF2B06D9FF2304E06868042844
:10E7C000FCD3E8E7002304F11201DBB2085C401C33
:10E7D00043431B1207204FF0000C1906C5F804C074
:10E7E000C90FC6F800E05B0019B169681D29FCD3A8
:10E7F00002E069680429FCD3F446C6F810C06968D1
:10E800003229FCD3401EE6D11B0668600221DB0FD3
:10E8100031601DD068681D28FCD3316168683228DA
:10E82000FCD3216894F9150008442060A168207F7A
:10E83000491EA16080092168095C0B003FF40EAFFE
:10E8400004F10C073B5C5F18FF2F00D9FF2706E798
:10E8500068680428FCD3E0E7FCED00E0001000E06D
:10E86000902002402DE9F04204469748974D0168F8
:10E8700041F080710160002028600021696004F18E
:10E880000C03217F89096018C27B585C121A04F1BD
:10E890000C004254207F21688009095C0A0005D0E1
:10E8A0001A5C5718FF2F02D9FF2700E0002704F158
:10E8B0001201FFB2085C864E01212960401C10FB4A
:10E8C00007F7DAF7A4FC3F1281460BE0002704F1BA
:10E8D0001201FFB2085C401C10FB07F71046DAF784
:10E8E000BDFC3F12A068002820DDE17B207B091AD7
:10E8F0002173607B217C091A6173A07B617C091AFA
:10E90000A173DAF784FC02466868322805D9686882
:10E91000323840F66111884203D207204FF0040CD0
:10E920000AE01046DAF79AFC002003E04846DAF7DE
:10E9300095FC6868BDE8F082002339066B60C90F5A
:10E94000C6F800C07F0019B169681D29FCD302E038
:10E9500069680429FCD30423336169683229FCD334
:10E96000401EE9D13F0668600421FF0F316017D0D7
:10E9700068681D28FCD3316168683228FCD3207F89
:10E980002168C0F3C103C95C0B000DD004F10C0772
:10E99000C0F3C103FB5C5B18FF2B06D9FF2304E027
:10E9A00068680428FCD3E6E7002304F11201C0F3F1
:10E9B000C100DBB2085C401C43431B1207204FF030
:10E9C000000C1906C5F804C04FF0040EC90FC6F8B4
:10E9D00000E05B0019B169681D29FCD302E0696899
:10E9E0000429FCD3F446C6F810C069683229FCD368
:10E9F000401EE4D11B0668600421DB0F316015D096
:10EA000068681D28FCD3316168683228FCD3207FF8
:10EA1000216800F00300095C0B000BD004F10C0727
:10EA20003B5C5B18FF2B06D9FF2304E068680428D1
:10EA3000FCD3E8E7002304F11201DBB2085C401CC0
:10EA400043431B1207204FF0000C1906C5F804C001
:10EA5000C90FC6F800E05B0019B169681D29FCD335
:10EA600002E069680429FCD3F446C6F810C069685E
:10EA70003229FCD3401EE6D11B0668600421DB0F5F
:10EA800031601DD068681D28FCD331616868322868
:10EA9000FCD3216894F9150008442060A168207F08
:10EAA000491EA16080092168095C0B003FF40EAF8C
:10EAB00004F10C073B5C5F18FF2F00D9FF2706E726
:10EAC00068680428FCD3E0E7FCED00E0001000E0FB
:10EAD000902002402DE9F04204469748974D016886
:10EAE00041F080710160002028600021696004F11C
:10EAF0000C03217F89096018C27B585C121A04F14B
:10EB00000C004254207F21688009095C0A0005D06E
:10EB10001A5C5718FF2F02D9FF2700E0002704F1E5
:10EB20001201FFB2085C864E01212960401C10FBD7
:10EB300007F7DAF76CFB3F1281460BE0002704F180
:10EB40001201FFB2085C401C10FB07F71046DAF711
:10EB500085FB3F12A068002820DDE17B207B091A9D
:10EB60002173607B217C091A6173A07B617C091A87
:10EB7000A173DAF74CFB02466868322805D9686849
:10EB8000323840F66111884203D207204FF0080C5A
:10EB90000AE01046DAF762FB002003E04846DAF7A5
:10EBA0005DFB6868BDE8F082002339066B60C90F21
:10EBB000C6F800C07F0019B169681D29FCD302E0C6
:10EBC00069680429FCD30823336169683229FCD3BE
:10EBD000401EE9D13F0668600821FF0F316017D061
:10EBE00068681D28FCD3316168683228FCD3207F17
:10EBF0002168C0F3C103C95C0B000DD004F10C0700
:10EC0000C0F3C103FB5C5B18FF2B06D9FF2304E0B4
:10EC100068680428FCD3E6E7002304F11201C0F37E
:10EC2000C100DBB2085C401C43431B1207204FF0BD
:10EC3000000C1906C5F804C04FF0080EC90FC6F83D
:10EC400000E05B0019B169681D29FCD302E0696826
:10EC50000429FCD3F446C6F810C069683229FCD3F5
:10EC6000401EE4D11B0668600821DB0F316015D01F
:10EC700068681D28FCD3316168683228FCD3207F86
:10EC8000216800F00300095C0B000BD004F10C07B5
:10EC90003B5C5B18FF2B06D9FF2304E0686804285F
:10ECA000FCD3E8E7002304F11201DBB2085C401C4E
:10ECB00043431B1207204FF0000C1906C5F804C08F
:10ECC000C90FC6F800E05B0019B169681D29FCD3C3
:10ECD00002E069680429FCD3F446C6F810C06968EC
:10ECE0003229FCD3401EE6D11B0668600821DB0FE9
:10ECF00031601DD068681D28FCD3316168683228F6
:10ED0000FCD3216894F9150008442060A168207F95
:10ED1000491EA16080092168095C0B003FF40EAF19
:10ED200004F10C073B5C5F18FF2F00D9FF2706E7B3
:10ED300068680428FCD3E0E7FCED00E0001000E088
:10ED4000902002402DE9F84605469548954E016809
:10ED500041F080710160002030600021716005F198
:10ED60000C03297F8909681805F10C04C27B585CE3
:10ED7000121A6254287F29688009095C0A0005D0AC
:10ED80001A5C5418FF2C02D9FF2400E0002405F17E
:10ED90001201E4B2085CDFF8109201213160401CDE
:10EDA0004443DAF734FA241207464FF4005A09E0D4
:10EDB00005F11201E4B2085C401C44431046DAF746
:10EDC0004DFA2412A86800281FDDE97B287B091A68
:10EDD0002973687B297C091A6973A87B697C091AE5
:10EDE000A973DAF714FA02467068322805D97068F8
:10EDF000323840F66111884202D2072100230AE02E
:10EE00001046DAF72BFA002003E03846DAF726FA44
:10EE10007068BDE8F28620067360C00FC9F800A0D4
:10EE2000640018B170681D28FCD302E070680428E3
:10EE3000FCD3C9F810A070683228FCD3491EEAD16F
:10EE4000002024067060E40FC9F800A018D0706894
:10EE50001D28FCD3C9F810A070683228FCD3287F85
:10EE60002968C0F3C103C95C0B000DD005F10C0487
:10EE7000C0F3C103E35C5B18FF2B06D9FF2304E05A
:10EE800070680428FCD3E5E7002305F11201C0F304
:10EE9000C100DBB2085C401C43431B120721002465
:10EEA00018067460C00FC9F800A05B0018B1706844
:10EEB0001D28FCD302E070680428FCD3C9F810A018
:10EEC00070683228FCD3491EEAD100201B0670600E
:10EED000DB0FC9F800A016D070681D28FCD3C9F854
:10EEE00010A070683228FCD3287F296800F0030046
:10EEF000095C0B000BD005F10C04235C5B18FF2BA5
:10EF000006D9FF2304E070680428FCD3E7E7002358
:10EF100005F11201DBB2085C401C43431B120721C0
:10EF2000002418067460C00FC9F800A05B0018B177
:10EF300070681D28FCD302E070680428FCD3C9F86F
:10EF400010A070683228FCD3491EEAD100201B06AD
:10EF50007060DB0FC9F800A01DD070681D28FCD3BD
:10EF6000C9F810A070683228FCD3296895F91500FB
:10EF700008442860A968287F491EA960800929687B
:10EF8000095C0B0006D005F10C04235C5C18FF2C17
:10EF900000D9FF240CE770680428FCD3E0E700BF29
:10EFA000FCED00E0001000E0902002402DE9F84662
:10EFB00005469548954E016841F08071016000203A
:10EFC00030600021716005F10C03297F8909681800
:10EFD00005F10C04C27B585C121A6254287F296820
:10EFE0008009095C0A0005D01A5C5418FF2C02D96C
:10EFF000FF2400E0002405F11201E4B2085CDFF810
:10F00000109201213160401C4443DAF700F92412C8
:10F0100007464FF4803A09E005F11201E4B2085CBA
:10F02000401C44431046DAF719F92412A868002856
:10F030001FDDE97B287B091A2973687B297C091A63
:10F040006973A87B697C091AA973DAF7E0F80246AC
:10F050007068322805D97068323840F661118842EC
:10F0600002D2072100230AE01046DAF7F7F8002061
:10F0700003E03846DAF7F2F87068BDE8F286200659
:10F080007360C00FC9F800A0640018B170681D2833
:10F09000FCD302E070680428FCD3C9F810A07068A3
:10F0A0003228FCD3491EEAD1002024067060E40F08
:10F0B000C9F800A018D070681D28FCD3C9F810A0AA
:10F0C00070683228FCD3287F2968C0F3C103C95C6B
:10F0D0000B000DD005F10C04C0F3C103E35C5B1819
:10F0E000FF2B06D9FF2304E070680428FCD3E5E772
:10F0F000002305F11201C0F3C100DBB2085C401C23
:10F1000043431B120721002418067460C00FC9F87E
:10F1100000A05B0018B170681D28FCD302E0706885
:10F120000428FCD3C9F810A070683228FCD3491E0B
:10F13000EAD100201B067060DB0FC9F800A016D0D2
:10F1400070681D28FCD3C9F810A070683228FCD361
:10F15000287F296800F00300095C0B000BD005F143
:10F160000C04235C5B18FF2B06D9FF2304E07068B6
:10F170000428FCD3E7E7002305F11201DBB2085CA9
:10F18000401C43431B120721002418067460C00F63
:10F19000C9F800A05B0018B170681D28FCD302E01C
:10F1A00070680428FCD3C9F810A070683228FCD31A
:10F1B000491EEAD100201B067060DB0FC9F800A0D1
:10F1C0001DD070681D28FCD3C9F810A070683228C3
:10F1D000FCD3296895F9150008442860A968287FA0
:10F1E000491EA96080092968095C0B0006D005F159
:10F1F0000C04235C5C18FF2C00D9FF240CE770681A
:10F200000428FCD3E0E700BFFCED00E0001000E0C4
:10F21000902002402DE9F84605469548954E016834
:10F2200041F080710160002030600021716005F1C3
:10F230000C03297F8909681805F10C04C27B585C0E
:10F24000121A6254287F29688009095C0A0005D0D7
:10F250001A5C5418FF2C02D9FF2400E0002405F1A9
:10F260001201E4B2085CDFF8109201213160401C09
:10F270004443D9F7CCFF241207464FF4003A09E083
:10F2800005F11201E4B2085C401C44431046D9F772
:10F29000E5FF2412A86800281FDDE97B287B091AF6
:10F2A0002973687B297C091A6973A87B697C091A10
:10F2B000A973D9F7ACFF02467068322805D9706887
:10F2C000323840F66111884202D2072100230AE059
:10F2D0001046D9F7C3FF002003E03846D9F7BEFF38
:10F2E0007068BDE8F28620067360C00FC9F800A000
:10F2F000640018B170681D28FCD302E0706804280F
:10F30000FCD3C9F810A070683228FCD3491EEAD19A
:10F31000002024067060E40FC9F800A018D07068BF
:10F320001D28FCD3C9F810A070683228FCD3287FB0
:10F330002968C0F3C103C95C0B000DD005F10C04B2
:10F34000C0F3C103E35C5B18FF2B06D9FF2304E085
:10F3500070680428FCD3E5E7002305F11201C0F32F
:10F36000C100DBB2085C401C43431B120721002490
:10F3700018067460C00FC9F800A05B0018B170686F
:10F380001D28FCD302E070680428FCD3C9F810A043
:10F3900070683228FCD3491EEAD100201B06706039
:10F3A000DB0FC9F800A016D070681D28FCD3C9F87F
:10F3B00010A070683228FCD3287F296800F0030071
:10F3C000095C0B000BD005F10C04235C5B18FF2BD0
:10F3D00006D9FF2304E070680428FCD3E7E7002384
:10F3E00005F11201DBB2085C401C43431B120721EC
:10F3F000002418067460C00FC9F800A05B0018B1A3
:10F4000070681D28FCD302E070680428FCD3C9F89A
:10F4100010A070683228FCD3491EEAD100201B06D8
:10F420007060DB0FC9F800A01DD070681D28FCD3E8
:10F43000C9F810A070683228FCD3296895F9150026
:10F4400008442860A968287F491EA96080092968A6
:10F45000095C0B0006D005F10C04235C5C18FF2C42
:10F4600000D9FF240CE770680428FCD3E0E700BF54
:10F47000FCED00E0001000E0902002402DE9F8468D
:10F4800005469548954E016841F080710160002065
:10F4900030600021716005F10C03297F890968182B
:10F4A00005F10C04C27B585C121A6254287F29684B
:10F4B0008009095C0A0005D01A5C5418FF2C02D997
:10F4C000FF2400E0002405F11201E4B2085CDFF83B
:10F4D000109201213160401C4443D9F798FE241258
:10F4E00007464FF4802A09E005F11201E4B2085CF6
:10F4F000401C44431046D9F7B1FE2412A8680028E6
:10F500001FDDE97B287B091A2973687B297C091A8E
:10F510006973A87B697C091AA973D9F778FE02463A
:10F520007068322805D97068323840F66111884217
:10F5300002D2072100230AE01046D9F78FFE0020EF
:10F5400003E03846D9F78AFE7068BDE8F2862006E7
:10F550007360C00FC9F800A0640018B170681D285E
:10F56000FCD302E070680428FCD3C9F810A07068CE
:10F570003228FCD3491EEAD1002024067060E40F33
:10F58000C9F800A018D070681D28FCD3C9F810A0D5
:10F5900070683228FCD3287F2968C0F3C103C95C96
:10F5A0000B000DD005F10C04C0F3C103E35C5B1844
:10F5B000FF2B06D9FF2304E070680428FCD3E5E79D
:10F5C000002305F11201C0F3C100DBB2085C401C4E
:10F5D00043431B120721002418067460C00FC9F8AA
:10F5E00000A05B0018B170681D28FCD302E07068B1
:10F5F0000428FCD3C9F810A070683228FCD3491E37
:10F60000EAD100201B067060DB0FC9F800A016D0FD
:10F6100070681D28FCD3C9F810A070683228FCD38C
:10F62000287F296800F00300095C0B000BD005F16E
:10F630000C04235C5B18FF2B06D9FF2304E07068E1
:10F640000428FCD3E7E7002305F11201DBB2085CD4
:10F65000401C43431B120721002418067460C00F8E
:10F66000C9F800A05B0018B170681D28FCD302E047
:10F6700070680428FCD3C9F810A070683228FCD345
:10F68000491EEAD100201B067060DB0FC9F800A0FC
:10F690001DD070681D28FCD3C9F810A070683228EE
:10F6A000FCD3296895F9150008442860A968287FCB
:10F6B000491EA96080092968095C0B0006D005F184
:10F6C0000C04235C5C18FF2C00D9FF240CE7706845
:10F6D0000428FCD3E0E700BFFCED00E0001000E0F0
:10F6E000902002402DE9F84605469548954E016860
:10F6F00041F080710160002030600021716005F1EF
:10F700000C03297F8909681805F10C04C27B585C39
:10F71000121A6254287F29688009095C0A0005D002
:10F720001A5C5418FF2C02D9FF2400E0002405F1D4
:10F730001201E4B2085CDFF8109201213160401C34
:10F740004443D9F764FD241207464FF4002A09E028
:10F7500005F11201E4B2085C401C44431046D9F79D
:10F760007DFD2412A86800281FDDE97B287B091A8B
:10F770002973687B297C091A6973A87B697C091A3B
:10F78000A973D9F744FD02467068322805D970681C
:10F79000323840F66111884202D2072100230AE084
:10F7A0001046D9F75BFD002003E03846D9F756FD37
:10F7B0007068BDE8F28620067360C00FC9F800A02B
:10F7C000640018B170681D28FCD302E0706804283A
:10F7D000FCD3C9F810A070683228FCD3491EEAD1C6
:10F7E000002024067060E40FC9F800A018D07068EB
:10F7F0001D28FCD3C9F810A070683228FCD3287FDC
:10F800002968C0F3C103C95C0B000DD005F10C04DD
:10F81000C0F3C103E35C5B18FF2B06D9FF2304E0B0
:10F8200070680428FCD3E5E7002305F11201C0F35A
:10F83000C100DBB2085C401C43431B1207210024BB
:10F8400018067460C00FC9F800A05B0018B170689A
:10F850001D28FCD302E070680428FCD3C9F810A06E
:10F8600070683228FCD3491EEAD100201B06706064
:10F87000DB0FC9F800A016D070681D28FCD3C9F8AA
:10F8800010A070683228FCD3287F296800F003009C
:10F89000095C0B000BD005F10C04235C5B18FF2BFB
:10F8A00006D9FF2304E070680428FCD3E7E70023AF
:10F8B00005F11201DBB2085C401C43431B12072117
:10F8C000002418067460C00FC9F800A05B0018B1CE
:10F8D00070681D28FCD302E070680428FCD3C9F8C6
:10F8E00010A070683228FCD3491EEAD100201B0604
:10F8F0007060DB0FC9F800A01DD070681D28FCD314
:10F90000C9F810A070683228FCD3296895F9150051
:10F9100008442860A968287F491EA96080092968D1
:10F92000095C0B0006D005F10C04235C5C18FF2C6D
:10F9300000D9FF240CE770680428FCD3E0E700BF7F
:10F94000FCED00E0001000E0902002402DE9F846B8
:10F9500005469548954E016841F080710160002090
:10F9600030600021716005F10C03297F8909681856
:10F9700005F10C04C27B585C121A6254287F296876
:10F980008009095C0A0005D01A5C5418FF2C02D9C2
:10F99000FF2400E0002405F11201E4B2085CDFF866
:10F9A000109201213160401C4443D9F730FC2412ED
:10F9B00007464FF4801A09E005F11201E4B2085C31
:10F9C000401C44431046D9F749FC2412A86800287B
:10F9D0001FDDE97B287B091A2973687B297C091ABA
:10F9E0006973A87B697C091AA973D9F710FC0246D0
:10F9F0007068322805D97068323840F66111884243
:10FA000002D2072100230AE01046D9F727FC002084
:10FA100003E03846D9F722FC7068BDE8F28620067C
:10FA20007360C00FC9F800A0640018B170681D2889
:10FA3000FCD302E070680428FCD3C9F810A07068F9
:10FA40003228FCD3491EEAD1002024067060E40F5E
:10FA5000C9F800A018D070681D28FCD3C9F810A000
:10FA600070683228FCD3287F2968C0F3C103C95CC1
:10FA70000B000DD005F10C04C0F3C103E35C5B186F
:10FA8000FF2B06D9FF2304E070680428FCD3E5E7C8
:10FA9000002305F11201C0F3C100DBB2085C401C79
:10FAA00043431B120721002418067460C00FC9F8D5
:10FAB00000A05B0018B170681D28FCD302E07068DC
:10FAC0000428FCD3C9F810A070683228FCD3491E62
:10FAD000EAD100201B067060DB0FC9F800A016D029
:10FAE00070681D28FCD3C9F810A070683228FCD3B8
:10FAF000287F296800F00300095C0B000BD005F19A
:10FB00000C04235C5B18FF2B06D9FF2304E070680C
:10FB10000428FCD3E7E7002305F11201DBB2085CFF
:10FB2000401C43431B120721002418067460C00FB9
:10FB3000C9F800A05B0018B170681D28FCD302E072
:10FB400070680428FCD3C9F810A070683228FCD370
:10FB5000491EEAD100201B067060DB0FC9F800A027
:10FB60001DD070681D28FCD3C9F810A07068322819
:10FB7000FCD3296895F9150008442860A968287FF6
:10FB8000491EA96080092968095C0B0006D005F1AF
:10FB90000C04235C5C18FF2C00D9FF240CE7706870
:10FBA0000428FCD3E0E700BFFCED00E0001000E01B
:10FBB000902002402DE9F84605469548954E01688B
:10FBC00041F080710160002030600021716005F11A
:10FBD0000C03297F8909681805F10C04C27B585C65
:10FBE000121A6254287F29688009095C0A0005D02E
:10FBF0001A5C5418FF2C02D9FF2400E0002405F100
:10FC00001201E4B2085CDFF8109201213160401C5F
:10FC10004443D9F7FCFA241207464FF4001A09E0CE
:10FC200005F11201E4B2085C401C44431046D9F7C8
:10FC300015FB2412A86800281FDDE97B287B091A20
:10FC40002973687B297C091A6973A87B697C091A66
:10FC5000A973D9F7DCFA02467068322805D97068B2
:10FC6000323840F66111884202D2072100230AE0AF
:10FC70001046D9F7F3FA002003E03846D9F7EEFA38
:10FC80007068BDE8F28620067360C00FC9F800A056
:10FC9000640018B170681D28FCD302E07068042865
:10FCA000FCD3C9F810A070683228FCD3491EEAD1F1
:10FCB000002024067060E40FC9F800A018D0706816
:10FCC0001D28FCD3C9F810A070683228FCD3287F07
:10FCD0002968C0F3C103C95C0B000DD005F10C0409
:10FCE000C0F3C103E35C5B18FF2B06D9FF2304E0DC
:10FCF00070680428FCD3E5E7002305F11201C0F386
:10FD0000C100DBB2085C401C43431B1207210024E6
:10FD100018067460C00FC9F800A05B0018B17068C5
:10FD20001D28FCD302E070680428FCD3C9F810A099
:10FD300070683228FCD3491EEAD100201B0670608F
:10FD4000DB0FC9F800A016D070681D28FCD3C9F8D5
:10FD500010A070683228FCD3287F296800F00300C7
:10FD6000095C0B000BD005F10C04235C5B18FF2B26
:10FD700006D9FF2304E070680428FCD3E7E70023DA
:10FD800005F11201DBB2085C401C43431B12072142
:10FD9000002418067460C00FC9F800A05B0018B1F9
:10FDA00070681D28FCD302E070680428FCD3C9F8F1
:10FDB00010A070683228FCD3491EEAD100201B062F
:10FDC0007060DB0FC9F800A01DD070681D28FCD33F
:10FDD000C9F810A070683228FCD3296895F915007D
:10FDE00008442860A968287F491EA96080092968FD
:10FDF000095C0B0006D005F10C04235C5C18FF2C99
:10FE000000D9FF240CE770680428FCD3E0E700BFAA
:10FE1000FCED00E0001000E0902002400148026884
:10FE200011707047D092002001480168087870472F
:10FE3000D0920020A949088840F6050343F21962D0
:10FE400003FB00200880010400EB1160C0B2704782
:10FE500010B5A2490B8840F6050443F2196204FB71
:10FE600003230B8009884843000C10BD38B50446B5
:10FE70000D46B0F5807FB8BF2402D5F7A3F8451B27
:10FE8000A4B26C434FF48C704443200C32BD00008C
:10FE9000F8B50D46069C16461946FFF7E7FF2418ED
:10FEA000C4F3CA01600444BF40F2FF72511A08044F
:10FEB000000E00BF0FF2A823A5A71A5C37F91000A7
:10FEC0000906490E11FB0201220444BF09B249424E
:10FED000761BA1F50040B6B280B2761C464305EB16
:10FEE0001645A8B2F2BD70B500F02FF800F094F8F6
:10FEF00000F026F8002070BD7CB500F026F800F078
:10FF00008BF800F01DF8FFF795FF502816D2FF215F
:10FF10008DF800108DF801108DF8021000F07DF8BA
:10FF200021680A6905462046904780B2FFF790FF96
:10FF300000EB40006946284400F01AF9002076BD25
:10FF40002A7807233146FEF73BB804682168E56943
:10FF50000A6920461047FEB50668F569304600F08C
:10FF60001EF931680A6904463046904706460A225F
:10FF7000B1B22046FEF746F8B7B2902FB8BF902630
:10FF8000B0B2FFF765FF0646BE4216DAFFF752FF32
:10FF9000297801EB90018DF80010C822FF218DF81F
:10FFA00002108DF8012001A96846FEF7A9F806EBBA
:10FFB000460601A9A01900F0DBF80020FEBD7CB5C3
:10FFC000FFF7C3FF00F028F81422B1B2FEF71AF8C9
:10FFD00021680A692046904700210091421E0023B3
:10FFE00092B20D20FFF754FF064628788DF80000E6
:10FFF000FF218DF80110C0228DF8022001A968466A
:020000040003F7
:10000000FEF77EF800F009F806EB460601A9304439
:1000100000F0AEF8002076BD0646204600F0BFB8DE
:100020002DE9FF4104682E49E56901A800F0BAF8FE
:10003000D4F7C8FF2B494843000E0146420648BF8B
:10004000C1F1FF0101F03F0101F00F0248BF521C56
:1000500045A3090903EB41014B7891F9001012FB0C
:1000600003F201EB221252B2030648BF5242A2F140
:100070008006F6B2C02046432046361200F08FF8C4
:1000800040362D78F6B2804600271AE00120009015
:100090000A21701B01FB0700C3B205EB4702D2B275
:1000A00001A902A8FDF7C8FF07EB470040449DF8EF
:1000B000081001707F1C9DF8092042709DF80A10FD
:1000C0008170204621680A6990478742DEDB01A8DB
:1000D00000F09EF8002004B0BDE8F08180340020DC
:1000E000501C000000D04300FEB50568284600F013
:1000F00056F829680A69044628469047054681B2A1
:1001000014222046FDF77EFF00260027C8218DF827
:100110000510FF228DF806208DF8046002A901A8C1
:10012000FDF7EEFF002000906A1EF81D002392B23A
:10013000002180B2FFF7ACFE00EB400002A9204492
:1001400000F06DF820367F1C082FDFDB0020FEBD9D
:100150000000F918FB301C47825A6D6A4176897D90
:1001600031302C261F170E04003131295A1B750A15
:1001700010B502780B789A18FF2A88BFFF22027008
:100180004C784278A218FF2A88BFFF2242708978F3
:1001900082788918FF2988BFFF21817010BD4068CF
:1001A0007047051CF8B504460D463020D7F7DCF83B
:1001B000206000231449154A107828B901261670CA
:1001C000002708704F708F709FB220680E7807EB81
:1001D000470738445B1C06704F7847708E788670EE
:1001E00098B21028E8DB0020226855F8201000EBB8
:1001F00040031A44401C0E0C0F0A1028167057704A
:100200009170F1DB2046F2BD609600203D98002001
:1002100010B504462068D7F7A8F8204610BD0A7824
:100220000378934238BF02704A7843789A4238BFC5
:100230001A46427089788278914238BF114681709F
:1002400070471D1E2DE9F84388462C25DFF8789766
:1002500015FB01F109EB01040228164604F1080719
:100260001CD1787900F0FD0006F0010140EA410060
:10027000820778710ED53868FF21F1F7E0FEB8717A
:100280003606760E06F00106607886F001028021BF
:10029000E0F73DFA404600F06DF829E0012818BF6C
:1002A000002825D1B0061FD53868FF21F1F7C7FE19
:1002B000B87109F10103DFF814070178387915FBEB
:1002C00000F5012258578240114204D06078012283
:1002D0008021E0F71CFA3A8932B14FF47A70424338
:1002E00020214046D6F759F8700601D500F09FF955
:1002F000BDE8F1837CB504460C2A08BF552B37D1E5
:10030000069802001CD02C214C43DFF8BC26079E27
:100310001319022803F1080514D196ED000ABCEE6A
:10032000C00A10EE100AA871125DA979286802F0BF
:100330007F02142A02D1F1F7C3FE01E0F1F77FFE3C
:10034000012076BD012813D1115D286801F07F01DD
:10035000142902D1F1F7B0FE01E0F1F761FE00EEE1
:10036000100AA87100F048FA3046D5F732FCE7E7EA
:10037000002076BD38B500F07DF900F108056979F7
:1003800088070FD5A9792868F1F759FE2A894FF413
:100390007A70424320212046D5F7FFFF2046BDE872
:1003A00038406FE120212046D6F72EF82046BDE8E0
:1003B00034406CE130B5DFF8181691F90020511E79
:1003C000DFF804262C2400E0491E4BB2002B0BD48E
:1003D00013FB04F3D55C05F07F05102DF4D11A440E
:1003E000D2680170506830BD002030BDF8B50546B8
:1003F0002C214D43DFF8D065721902F10807012066
:10040000D6F75EF8040001D10020F2BD715D3868B6
:1004100001F07F01142902D1F1F74EFE01E0F1F75E
:10042000FFFD00EE100AB871B8EE400A84ED010A33
:100430002046F2BD2DE9F84F84B0054689460DF1FE
:100440000100FFF7B7FF5FEA000B00F089808DF82D
:1004500000502C20DFF87855DFF86C152A7800F072
:100460008EF90FF238611422D8F764FD0021B173C0
:10047000C6F808B04FF001089DF8010030730A205B
:100480009DF900703082019101AA9DF800000121C0
:1004900008FA07F7D5F7C4FFFFB238B10198C0F3E7
:1004A0000E0030820198C00B00F00108DFF824151F
:1004B000DFF81845B1F829203A42C24605D0217824
:1004C00039408A4618BF4FF0010ADFF80C150A7848
:1004D0003A4205D0097917EA010002D0012000E074
:1004E0000020717B01F0F70141EAC001717399F8B6
:1004F0000500C0090FD041F00101717303AA9DF8F6
:1005000000000421D6F76CF810B10398B07302E034
:1005100000F027F8C246BAF1000F03D0308A10B1BC
:10052000012000E00020717B01F0FD0141EA400163
:1005300071735846F1F7C8FD2078727B0146930726
:100540004CBF074320EA070727702078884218BF6E
:10055000DAF753FB2878FFF70DFF2878401C287046
:1005600006E1B07B029002AA70780421D6F744B865
:100570002DE9FC41884616462C214346DFF84824E5
:100580004B43D418022804F108070BD1012E18BFE1
:100590000020797901F0FD0108437871404600F0B0
:1005A0004DF842E0012818BF00283ED1F00638D5AA
:1005B0007B79980735D53B79DFF8100411FB03F1FF
:1005C000551801780122A8568240114224D038687B
:1005D000F1F772FD7979B8714A070DD50128CCBFC2
:1005E000401E0120B871B879012810DC787901210A
:1005F000B97100F0FB0009E0FF2818BF401CB8717A
:10060000B879FF2803D1787940F004007871B9797E
:1006100000222846E3F7E2F93A8910214046D5F74F
:10062000BCFE700601D500F002F8BDE8F381B9798F
:1006300000916A4660780421D5F7DEBF10B500F05E
:1006400019F8083041798A070CD581790068F1F7EB
:1006500037FD642210212046D5F792FE2046BDE8E2
:1006600010400FE010212046D5F7C5FE2046BDE81A
:1006700010400CE0044622462C20DFF84C13424385
:10068000881870474EF660224021D5F786BE40217B
:10069000D5F7BABE2DE9F84F84B08346894668463F
:1006A000FFF788FE070063D000F065F80FF2004105
:1006B0001422D8F73FFCB760FF219DF8000030738B
:1006C000B173642030820021019101AA01215846B2
:1006D000D5F7A6FE012738B10198C0F30E0030828D
:1006E000019FFF0B07F00107BA49DFF8E0A2B1F85C
:1006F0002920012404FA0BF4E4B22242B84606D0C1
:100700009AF800102140884618BF4FF0010899F868
:100710000500C0090FD0707B40F00100707303AA80
:1007200004215846D5F75CFF10B10398B07302E07E
:10073000FFF717FFB8469AF800000146B8F1000F1E
:1007400014BF044320EA04048AF800409AF8000029
:10075000884218BFDAF751FA707B00F0FD0040EADA
:10076000480070732878FFF769FF2878401C2870CC
:1007700005B0BDE8F08F964D93492A782C2042436E
:100780008E1806F1180070471CB50C2A08BF552BAF
:1007900030D104990A002BD02C228B4B50431844A3
:1007A00000F108040598022914D1217912FB01F205
:1007B0009C18E268117A8A071AD590ED000ABCEEFF
:1007C000C00A8DED000A6B46607804220221D5F73D
:1007D0000AFF0DE001290DD1217912FB01F29918D0
:1007E000CA68138800EE103A00F006F8D5F7F1F960
:1007F000012016BD002016BDB8EE400A8DED000A9E
:1008000004226946704738B56846FFF7D3FD88B1C2
:100810006F4A6D4B14782C214C43191903256F4BEB
:10082000886081F828504B629DF8000008731178A9
:10083000491C117031BD2DE9F84F2C24DFF8888157
:100840000E4608F10803664302281E4477D130792A
:10085000604308EB0007D007FD685AD54FF0000A47
:10086000DFF86891DFF868B18DF8001020E004FB34
:100870000AF018F8001001F07F01222914D19DF828
:100880000010514510D008F101020121105C99F8C7
:10089000002081400A4207D022EA010189F80010B5
:1008A00000220021DFF733FF0AF101005FFA80FA2E
:1008B0009BF800008245DADB297A480711D43068BA
:1008C0006946F1F764FD287A40F004002872009927
:1008D0002961387C00B10820297A01F0F70108432A
:1008E0002872707941070CD5F0798DF80200317AC1
:1008F0008DF80110717A8DF8001030680099F1F7C9
:1009000014FDB1793068F1F79AFB387CB8B901224F
:1009100011E030680021F1F792FB287A41070ED5EB
:1009200000F0FB00287229696868F1F7FEFC287A5C
:10093000010704D4002231793B6A02209847BDE8C0
:10094000F18F1FB50C2A08BF552B39D106990A0023
:1009500034D02C221C4B079C50430229184419D137
:1009600094ED000ABCEEC00A8DED000A0099817377
:1009700000994078090E09D0009921F07F4100913B
:100980006B4604220121D5F72EFE17E06A46FFF7D9
:10099000ECFD13E0012913D1002100916A46407853
:1009A0000421D5F71DFE9DED000AB8EE400A8DED3D
:1009B000010A042201A92046D5F70BF9012000E025
:1009C000002004B010BD0000647C0020409800208E
:1009D00041980020843200007894002089070300A9
:1009E000FEB507466846FFF7E5FC040000F05480BA
:1009F000FFF7C1FE33A11422D8F79CFAB46000219E
:100A00009DF800003073B173019101AA01213846AD
:100A1000D5F706FD08B10198B0730021029102AA32
:100A200002213846D5F7FCFC0020019001AA70781D
:100A30000421D5F7D5FD10B10198B07304E0B07B67
:100A4000019001AAFFF790FD0020019001AB7078A2
:100A500004220121D5F7ADFD10B10198029005E007
:100A6000707802AB04220121D5F7BDFD0298000C7D
:100A700070740298000A30740299F173029800B100
:100A80000420717B01F0FB01084370732046F1F7ED
:100A90001BFB2878401C2870F7BD000000000000F8
:100AA000ED03030045020300F5020300030000000C
:100AB00000000000ED03030071050300F5020300D0
:100AC00003000000000000000000000037080300E1
:100AD0004309030003000000014902488860704791
:100AE0000C0100209428000001490248086070476A
:100AF0000C010020FC2D000001490248C86070472D
:100B00000C010020682E000070B504463E492068A4
:100B10003E4D0860202263683D48036005F1900067
:100B2000A168D8F707FAE6681822314605F1B00047
:100B3000D8F700FA1822314605F1C800D8F7FAF9BB
:100B40002169182205F17800D8F7F4F995F88400A6
:100B500040F0800085F884004022616905F138008A
:100B6000D8F7E8F905F12C062022F07E40F0A50028
:100B7000F0762846A169D8F7DDF905F178006860BC
:100B80001422687B297B00F0F00040F002006873BB
:100B900041F0800129730520287404216974A87C20
:100BA000E97D00F0E00040F00100A87401F0F001E0
:100BB00041F001010320E975287505F12000E16984
:100BC000D8F7B8F93078F178124A40F080003070E8
:100BD00001F07001707800F0F00040F001007070DA
:100BE00041F08401F1704FF458607060216A0A4846
:100BF0000160D1684A69107808B1E4F7FBFFBDE8ED
:100C00007040F2F75CB800BF58970020F8810020D0
:100C10005C9700200C0100206097002000B589B08F
:100C2000684604492422D8F785F96846FFF76CFF27
:100C300009B000BD60310000DFF800F009EC0210DF
:100C4000DFF800F0D9D50210DFF800F0A5EA0210B5
:100C500080B52D490870E1F76FFB2C490120086031
:100C6000FEE780B500F09BF8D5F77FFFBDE80240B6
:100C70002748D6F759BC0320EAE7F0B5254D264CA6
:100C80002648274E60658FB02B681F68012201211E
:100C90003046B8472A685368012130469847D7F74D
:100CA0009CF800F04CFAD7F7A6F908221D49204617
:100CB000D6F750FB04F1080000F04CFAA16809B126
:100CC0000020884718480460D6F7E3FF204600F06C
:100CD00033F808233C2200216846FFF7ADFF04F1FA
:100CE000AC0040F6B831022207900891069200232A
:100CF0006A460E4904F15C00FFF7A2FFFFF7A4FF6C
:100D000000200FB0F0BD00003E9800207C0520437D
:100D1000E81C0020D8010010E01C0020770C030024
:100D200000400340F0120050205C0020630C0300E0
:100D3000DFF800F011F7021078B5D14C89B0054604
:100D400025640823242200216846D6F7E5FB00210C
:100D50008DF8181004F6CC466A463046D6F7E0FB0C
:100D6000A66408233C220021201DFFF765FF4FF4F5
:100D700040606062052104F1CC00E16120626561A0
:100D80000023221D0FF21D0104F17C00FFF758FF24
:100D900004F17C00606401F05BFA0AB070BDB848F1
:100DA000007870472DE9F841B54D286C91B010B12D
:100DB000002180F84510296C01F14800F2F7F2FAA1
:100DC000D8F725FA06460720D8F745FCD8F738FFAC
:100DD00018B100BFB2A0FFF7ABFFE4F790FB0CA87F
:100DE00001F040FA04208DF830000CA9002001F039
:100DF00042FA6865F3F7E0FD08A8F3F763FD042005
:100E00008DF8200008A90020F3F765FDE864FAF7E3
:100E10001AFF04A8FAF7A8FE04208DF8100004A910
:100E20000020FAF7B1FE2865E86C10B9A4A0FFF71E
:100E30007FFF286D18B900BFA6A0FFF779FF686D86
:100E400018B900BFA8A0FFF773FFD9F7DCF82C6C26
:100E5000AAA705F6E84824B9D7E90012CDE900129F
:100E60000EE000F013F9082269462046D6F764FA2E
:100E70000128F1D0D7E90023CDE90023296C01BB7B
:100E80000820D6F771FA04004FD00027D6F7C7FA2A
:100E9000F9B27F1C6054F9B2000A60547F1CF8B2AA
:100EA0000628F3DB302121547F1CFFB2F820E055E7
:100EB000082221464046D6F74DFA2046D6F755FA85
:100EC00003E008224046D6F745FA6A460821012089
:100ED000D8F7ACF8002818BF092822D1E2F79DF90D
:100EE000800713D400F0D2F8FF22082102A8D8F717
:100EF000F9FE02AB082200210120D8F713F980B9CE
:100F00000822694602A8D6F717FA28B142460821F6
:100F10000120D8F7C4F804E0082202A94046D6F719
:100F200019FA4146E220D9F7BBF8E2F715F920207B
:100F3000D6F71AFA0028A86555D0A96C686C05F197
:100F40005C02D5F795FF4F498A68D2F84C13884761
:100F5000A96D05F15C00086005F1600200F09BF8E6
:100F6000EAF7D0FCA96D05F16000486005F1640264
:100F700000F091F8F0F7C6F9A96D05F164008860FA
:100F800005F1680200F087F801F086F9A96D05F116
:100F90006800C86005F16C0200F07DF8E1F7FCF92B
:100FA000A96D05F16C00086105F1700200F073F89D
:100FB00001F03AFDA96D05F17000486105F1740278
:100FC00000F069F8EDF7A0FFA96D05F174008861E4
:100FD00005F1780200F05FF8287001F02DFFA96D8F
:100FE00005F17800C861EAF746FCFBF775FC30466E
:100FF000D8F734F9FBF730FCD9F761F90120D9F7BC
:1010000021F8D9F79CF920480178012904BF4FF451
:101010000040DEF700F928783AA44FF48041D7F772
:10102000D4FEA86C4FF0FF31D5F73CFE0026A96D29
:10103000F2B251F82230186818B9761CF1B20829BA
:10104000F5D3F0B20828ECD2D6F790F9A96DF6B234
:1010500051F826100F6800220A60D6F792F954F86A
:1010600026203946002090470746D6F77FF9A96D1C
:1010700051F826100A683A430A60D6F782F9D0E799
:10108000E05B00200C01002057980020FF2208217F
:101090006846D8F727BEA96C686CD5F7E9BE000092
:1010A00052616E646F6D5F736565644175746F6DD9
:1010B000617469632829206661696C6564000000B9
:1010C00041455343434D206F70656E206661696CE6
:1010D00065640000414553454342206F70656E20B2
:1010E0006661696C6564000054524E47206F7065FC
:1010F0006E206661696C656400000000FFFFFFFF01
:10110000FFFFFFFF559E0000D1B901003D13020013
:10111000AB290300E72301005F2A0300B1F80100B7
:10112000CD2E030070B504460D46164604F060FC53
:10113000324629462046BDE8704004F05BBC80B5CD
:10114000D8F757F9E3F73EFDD9F706FBBDE80140B4
:1011500004F0E0BC0FF251010FF259320FF2AD333F
:101160000160426083600FF205410FF29D42C16051
:1011700002610FF2D9510FF23D52416182610FF2CB
:1011800041610FF2E142C161026200210FF2A162EE
:101190008162C162FFE7416202630FF289210FF2AF
:1011A000DD224163826370472DE9F04FDFF8884A02
:1011B00006462078607003288DB040F03081002012
:1011C0002070002161700823182207A8FCF776F927
:1011D000002107A8DFF85C5AFCF789F928642E2162
:1011E0002846D6F755F9FF220A2105F10C00D8F759
:1011F00079FDE4F769FF31460020E4F777FFE86303
:10120000064605F13001E4F75BFFA86B696BB1FBA3
:10121000F0F2D3B2032BA8BF02222A70B0F5005F10
:101220002A78E27003D1B1EB423F00D316B9012016
:101230002070F5E00021FF266971EE70E8802E71C4
:10124000AE7000274FF00C0805E0EF7002E0FE28BA
:1012500008BFAF707F1CE178F8B2884263D218FBF8
:1012600000F0284400F1160904236A460021F8B270
:1012700000F079FC009889F800000099090A89F8C3
:1012800001100098C0F3854003281EBF0098000E8F
:1012900096283ED10098000C00F0030089F8030066
:1012A00099F80000FF281CBFFE287E282ED001A838
:1012B00000F0CEFA4FF4005A53464FF08852002106
:1012C000F8B200F050FC4FF08852AAF1040A1FFA5D
:1012D0008AF01044016811F1010F03D11FFA8AF35B
:1012E000042BF2D24FF0010B012201F0FF03FF2B80
:1012F00018BF9346521C090AD3B2042BF5DD0160D6
:10130000019800F0BEFA5AFA8BF000E01020A9F81C
:10131000060099F800007C2818BF782895D070281E
:1013200095D12F7196E7E8780027FF2818BF01278D
:1013300017D12879FF2818BFE8700FD1A878FF28A7
:1013400012D0401C90FBF1F201FB120188B205F1B2
:101350001C0308FB00F2985A10B1E970022700E064
:10136000AE70E878FF280CD10021E970284600F023
:101370001DFC6178084360707E220021284600F041
:1013800020FDA878FF2813D1E878E178401C90FB75
:10139000F1F201FB1200A8702846A97800F006FCC3
:1013A000617808436070FE22A978284600F009FDA4
:1013B000E87805F11C0118FB00F86870012F31F87E
:1013C0000810E980A77002D0022F22D027E0182948
:1013D00025D3C91F002302AA89B200F034FC9DF86E
:1013E0001300410715D5002001900322009202ABA3
:1013F000E888E978C21FBDF81600121A92B2284692
:1014000000F0F4FC58B9BDF8142042B100F0E8F83F
:1014100005E0012068710021284600F072FD607827
:1014200090E10000F8B5DFF80C48606C18B1804717
:1014300008B90B20F2BD00F063F80546002606E06F
:10144000204600F0B3FB797808437870761CF87872
:10145000F1B28142F4D3401E7E78A0700021A08BAF
:10146000E0806170E1707E2200F07BFAA178FE22BC
:1014700000F077FA00F0F2F83046F2BD7CB5DFF804
:10148000B447E57804236A460021284600F06BFB48
:101490000098002600F0FF00FF281CBF7E287C2853
:1014A00005D10C2045436019868BC6F500563046A1
:1014B00076BD00002DE9F041DFF878470546606C05
:1014C00018B1804708B90B2018E000F019F83E78F1
:1014D000804676B9B4F90600C0F5005000B2A842C3
:1014E00000DB2DB90021204600F00BFD7E7800E0E6
:1014F0000426206C414604F01BFB3046BDE8F08119
:10150000206CDFF8347704F04FBB0000F3B587B0F0
:1015100011461C0018BF002902D1042009B0F0BDFB
:1015200000F063F8060006D1DFF80857686C20B1B8
:10153000804710B90B263046F0E7286C04F034FBE6
:10154000074600F057F8C1B209B90D2608E0C0B24D
:101550000A2804D1012300F03FF8060000D001263C
:10156000286C394604F0E4FAE5E70000F3B587B0EB
:1015700011461C0018BF002902D1042009B0F0BD9B
:1015800000F033F8070006D1DFF8A856686C20B1E8
:10159000804710B90B27F8B2F0E7286C04F004FB81
:1015A000064600F027F80746C0B268B9022300F0EB
:1015B00013F807000BD1BDF8142042B100F010F869
:1015C000DFF87406477802E00A2818BF0127286C64
:1015D000314604F0ADFADEE7224602A92846C2E110
:1015E0009DF81810284600F0B6BB032302AA89B262
:1015F00007A850E10321002000910190EA88E978D2
:1016000002AB284600F0F2BB73B588B000F042F898
:10161000060006D1DFF81C46606C28B1804718B977
:101620000B26F0B20AB070BD206C04F0BDFA00F0D9
:1016300036F80646C0B270B9BDF814209DF81810EF
:10164000204600F088FB00F02BF80A2806BFDFF8E0
:10165000E8054678012600F001F8E2E7206C29460B
:1016600004F066BA73B588B000F014F808B1002031
:101670000EE0DFF8C045206C04F096FA00F00FF899
:10168000002814BF0026BDF81660FFF7E7FF3046BC
:101690000AB070BD032302AA002108A8FBE005469A
:1016A0000321002000910190E288E17802AB2046FE
:1016B00000F09CBB2DE9F34F8BB04FF6FF701A9EE4
:1016C000169C30809B46002C1CBF1FFA8BF0002814
:1016D0000DD0199D002D1CBFDDF85C805FEA08006D
:1016E00005D0DDF8609042F20101894501DB04205C
:1016F00028E0032306AA1FFA8BF10BA800F0CBF811
:1017000001001FD100F057F8824602A9122002956D
:10171000ADF80C80ADF80E900494ADF814B00191C2
:101720000090FA88F97806AB384600F05FFB044673
:10173000C0B210B9BDF81C0030805146386C04F0BE
:10174000F7F9E0B20DB0BDE8F08F00002DE9F343EA
:1017500087B01546109C1E46002C1ABFB0B2002858
:10176000042025D0032302AAB1B207A800F093F801
:1017700001001DD100F01FF88046032100200091D8
:101780000190FA88F97802AB384600F02FFB8146C9
:10179000C0B238B900902346B2B2A9B202A800F094
:1017A000A8FA8146386C414604F0C2F95FFA89F024
:1017B00009B0BDE8F083DFF8007A386C04F0F4B9C2
:1017C000F3B585B011461C001CBF88B2002802D1B9
:1017D000042007B0F0BD03236A4689B205A800F0D3
:1017E0005AF8050006D1DFF84C64706C20B18047D0
:1017F00010B90B252846ECE7306C04F0D5F9074604
:10180000002322466946304600F0ADF805000AD1B3
:10181000BDF80C203AB19DF81010304600F09BFA4C
:10182000DFF814044578306C394604F081F9E1E7BB
:1018300010B501460024080008D0C91D89B2DFF8A0
:10184000F40300F060F8FF2808BF0124204610BD13
:1018500070B5DFF86849DFF8685921688A6806467C
:101860002846904700F0030030600021226853684A
:101870002846984721688A68284690470028F9D169
:1018800070BD10B5DFF8342913685C680146DFF8D5
:101890003009A04710BD30B5B1F5805F01DB0520F0
:1018A00030BD0378402B01DB092030BD448840F275
:1018B000FF339C4201DD072030BD84889C4201DD5E
:1018C000082030BDDFF870331C78032C01D10320D1
:1018D00030BDD181002191810378448881881B0328
:1018E00003F47C33C4F309042343C1F3090545EA37
:1018F0000335156091804188D1809621007810725F
:101900009172002030BDF8B504460F46E6780423F6
:101910006A460021304600F026F90098FF2500F0C5
:10192000FF00782801D1FF20F2BDFF2818BF7E28D4
:1019300002D17C2200F014F831460C20414360189B
:10194000E67042F20101828BE280808B3818884277
:10195000B8BFE57802DB782200F002F82846F2BD35
:10196000314620462DE22DE9F84F0F468AB0FE8918
:10197000B14CF61D054691469846B1B2FFF7C3FF3C
:10198000FF284FF0000A0DD1B1B2284600F0B9FA95
:10199000B6B2B0424FF0010A04DA6078002800D1F4
:1019A0000520D0E0607808BBB8F1000F05D0B8F191
:1019B000020F1BD1BAF1000F18D0387A8DF81C0035
:1019C0000021F888ADF81A0005ABB888ADF818000A
:1019D000019103200090EA88E978284600F006FA91
:1019E0009DF824003874BDF82000B8810423E988EC
:1019F000ADF802100021EA788DF8002002AA9DF8C7
:101A0000000000F0B0F8029800F0FF007E2805D139
:101A10009DF800107C22284600F0D3F9029800F0CF
:101A2000FF007C2818BF01207BD1F88900F1070A4C
:101A3000BDF802001FFA8AF1081842F20102904232
:101A400080F28480FA88387A120A02F0030242EAAD
:101A500080028DF80C2003AEF8887070BA88920866
:101A6000B270FA89B888920902F03F0242EA801205
:101A7000F270F88982003271B7F80EB0BDF802003A
:101A80009DF80020BDF802805844ADF80400D04411
:101A90000C204243AF180C2923DC5A464946201D2E
:101AA000D7F738FA201D052203A95844D7F732FA90
:101AB0000BF10501002289B2201D00F087FB00F028
:101AC00047F80722201D03A95844D7F723FABDF889
:101AD00002109DF800001FFA8AF3221D00F049F859
:101AE00020E000225946484600F070FB02460521DE
:101AF00003A800F06BFB00F02BF85B46BDF802106A
:101B00009DF800004A4600F034F860700723BDF8E5
:101B100004109DF8000003AA00F02BF8014660783D
:101B200008430FD1E9885144E980A7F81C80607010
:101B3000607830B1BDF804209DF80010284600F010
:101B40000AF9607860700BB0BDE8F08F0520F9E706
:101B5000327942EA90128100327141F002017171D2
:101B60009620B071704701EB40313248C06BE4F70A
:101B7000E3BA2DE9F8432F4F0446786C0D469046A2
:101B80009946002618B1804708B90B260BE00420BF
:101B900000904B46F86B424605EB4431E4F7D3FA2C
:101BA000002848BF01263046BDE8F2832DE9FC41FC
:101BB000204F0646786C8846002418B1804708B943
:101BC0000B2434E04546BA6BF86B6903E4F773FA0B
:101BD000002848BF01242AD40C2010FB05F57619F3
:101BE000F07DFE28B4BF401C0120F075FF27009750
:101BF0000423F07DDFF8CC1541EA002100916A460C
:101C000000214046FFF7B5FF010002D10321B7755F
:101C100071760023084A507000F010F8012300F09C
:101C20000DF8022300F00AF81020B0833776204622
:101C3000BDE8F681248B0020E02900204FF0FF3220
:101C4000FF214046A8E07CB505460E4614463BB150
:101C50004FF08851072231446846D7F75BF903E01B
:101C600007236A46FFF77FFFA68125749DF80000D1
:101C7000800820729DF800209DF80100217A120250
:101C800002F440720243E28009039DF803209DF8AC
:101C90000200930943EA8003A38092019DF8043077
:101CA00002F47C6242EA9302E28101F47C319DF805
:101CB0000500800840EA831060729DF8050000F07E
:101CC0000300E0729DF80600A072E088C0F30900EE
:101CD0000143A088C0F3090040EA01302060A17AE6
:101CE000E07A962914BF40F0010040F00400E07251
:101CF00073BD2DE9FC4707460E460A9CF989BD894C
:101D00000094924699466D1A3B7C7A7AA8B200F00C
:101D100063FA8046E0B9711952468BB2B8899E18B1
:101D2000B0420EDB48462CB14FF088511944D7F72A
:101D3000F1F80DE013460246387C89B2FFF713FF35
:101D400006E0F889904234BF4FF005084FF00608CE
:101D50004046BDE8F68770B505460C46561DB1B243
:101D6000204600F018FA00F0FD02B1B2204600F063
:101D70001AFA20460C2148430544687E58B10221D6
:101D8000204600F008FA00F0FC020221204600F094
:101D90000AFA0020687670BD7CB50FF2B0452E6857
:101DA000009692B28DF80210ADF800201C46641C1B
:101DB000A40404236A46210CFFF7DBFE0A4A507094
:101DC00073BD70B504460D4616460021284600F046
:101DD000EAF9054A507830B97C2E08BFE5700C202E
:101DE00045436019867570BDE02900202DE9F84F44
:101DF00086B01F7ADE889DF940A0119C3F0307F44E
:101E00007C37C6F3090637439E88C6F3090646EABF
:101E10000739002580461F468B462BE09DF80C2095
:101E2000904204BFBDF80A00814242D1002C5AD032
:101E30000AF0F000102856D100200090A368A28973
:101E4000002101A8FFF755FF38B9A068E388A288F0
:101E500021681844E0F7FAF870B300259DF80F00E8
:101E6000410739D40021404600F04BF898F803B000
:101E7000B8F8062090B217283FD3D61F002301AA36
:101E8000B1B25846FFF7DFFE9DF80F0000F00300E7
:101E90000228E3D10AF00F02387AF988032A19D808
:101EA000DFE802F003130204B8E7BFE701988145B9
:101EB000BCD02800D2D0B9E7142201A93846D7F700
:101EC00039F8002007B0BDE8F08F9DF80C1088426B
:101ED000EFD1ABE70420F5E7BDF81220B1B28A429A
:101EE00005D2B21AC6E73846142201A9E7E7B2B212
:101EF00059464046FFF72FFFB4E70020B8810A207B
:101F0000E0E72DE9F04F0546AB48406C95B08A46B6
:101F100010B18047002813D068788DF804000120A4
:101F2000E873042395F802B09DF8040003AA002189
:101F3000FFF719FE0398C0F3014018B16879002833
:101F400000F0BF809DF80400F822062100F02BF974
:101F50009DF804704FF00C0919FB07F705F1180103
:101F6000F820C855039A02F0FF02702A04D09DF8A9
:101F70000410702200F00DF9042303AA0021584632
:101F8000FFF7F1FD039800F0FF00FE2802D0FE22CB
:101F900000F0FEF8FE220621584600F004F95946EA
:101FA00019FB01F10791FE20079929440691069932
:101FB000087605F11C00C25B834F6A8200207870AE
:101FC00005F11C0095F80180AA78414619FB01F142
:101FD00019FB02F9465ACDF814908DF805200599A1
:101FE00030F8019004A8FFF733FC14E04FF088505C
:101FF000C9F100010844A1B24942084400F5005269
:10200000BDF80810A3B24046FFF7ADFDA1441FFA8A
:1020100089F9BDF80660B1B27878172953DB00283A
:102020004CD1F61F002308AAB1B24046FFF70BFEC1
:10203000BDF82E00C41DB1B200F1100291421DD3B3
:102040009DF82A10962919D1311AADF806109DF87D
:102050002B1001F003010229DBD1BDF80610ADF809
:1020600008100022009201469DF82920BDF80800C2
:10207000434600F0B1F80028B8D0761EB6B2172E4D
:102080001CDBA6F120001728ACBF2024A6F1160403
:10209000361BB6B2A3B20DAA31464046FFF763FD28
:1020A00000E0641EA0B20028E9D00DA8A1B2084447
:1020B00010F8012C962AF4D1A619ACE70498FFF782
:1020C000E0FB002061E00028F8D1C9F500514FF095
:1020D000885089B2A9F1100342189DF805009BB2FF
:1020E0001021FFF746FD7978084378700498FFF7D0
:1020F000C8FB059905F11C00012320F80190AE8270
:10210000A5F81090B5F91220697B9DF80500FFF73E
:1021100043FEB5F91420A97B9DF805000223FFF7C3
:102120003BFE5FEA0A0008BF4FF0100A288AC0F59C
:1021300000505045ACBF7C22782200F029F89DF871
:1021400004102846FFF732FD7870FC22062158461D
:1021500000F029F80699FC2008769DF80400A87084
:1021600085F801B085F803B005F11C000799425AC3
:10217000EA80FE229DF8041000F00BF80020687140
:10218000B5F90600C0F5005000B215B0BDE8F08FFB
:102190005946284615E680B501236A46FFF7E3FC59
:1021A0009DF8000002BD04B501236A46FFF7E1FC7B
:1021B000054B587001BD0000248B0020D801001091
:1021C00000400340FF000F96E029002013460A4616
:1021D00001461846FCF736B82DE9F84789B00546A0
:1021E000129F8800904699468DF800000C1D4FF014
:1021F000000A1CE0334601AAA9B24846FFF7B3FC27
:102200000DE0A6B2202EC8BF20263800F2D04FF035
:102210008851ABB23246194401A8D6F77BFE32464C
:1022200001A95046FCF70EF88246A41B7519A0B20E
:102230000028E6D1524601216846FFF7C7FF404516
:102240000CBF002002200AB0BDE8F087FFFFFF9618
:1022500080B5FEF749FCFEF73FFCBDE80140FEF704
:102260004BBC02FF70B400BF06A191E87C0080E87F
:102270007C0070BC7047024A02EBC000E3F780B9F3
:10228000383E0000020000000000000000000000D6
:10229000FFFFFFFF00000000DFF8641708700FF277
:1022A000B100DFF8601708600FF2C130DFF858178F
:1022B00008600FF2E960DFF85417086070470028E3
:1022C00010D0DFF84C371A68002A01D1186006E0F8
:1022D0001B6800E0DB68DA68002AFBD1D8600022C6
:1022E000C2608171704730B40300DFF824070068D2
:1022F00000E0C06800280FD0C4791D00EDB2AC42E8
:10230000F7D184880D00ADB2AC42F2D184791500CA
:10231000EDB2AC42EDD100E0002030BC704710B50A
:10232000DFF8EC160C680A68904205D10A68D2689A
:102330000A600C6807E0E468002C04D0E168814280
:10234000F9D1C168E160D5F710F8200010BD000098
:102350007CB50500287A002807D0287A012804D007
:102360002888DDF790FA002801D002208FE0287A33
:10237000032808D10DF102012800EAF78DFC00289E
:1023800004D1022083E02888ADF80200688A443036
:10239000D4F7EAFF0400002C78D044210022260064
:1023A0003000D5F741F86946A87AE6F747FC9DF872
:1023B000000084F83A009DF8010084F839000121FA
:1023C0002000FFF77CFF2422290014F11000D4F72D
:1023D000C1FF14F144002064688AA0876A8A696991
:1023E000206CD4F7B7FFBDF80200A080DFF8240608
:1023F0000178E1710178491C0170D2F779FE06007D
:10240000D2F773FE46434FF47A70B6FBF0F02080AB
:10241000FF2194F93900814084F8371094F837008F
:1024200084F8360000208DF80400287EC00703D50C
:1024300001208DF8050002E000208DF80500287AC3
:102440008DF8060001A8E6F7A7FB801E84F834008B
:10245000A08F94F8341090FBF1F02072A08F94F8C4
:10246000341090FBF1F201FB1200002802D0207A18
:10247000401C2072208D50F0080020850121DFF8DB
:1024800080050078D4F7A9FD002000E0102076BD7B
:1024900038B50400D2F72CFE0500D2F726FE4543DE
:1024A0004FF47A70B5FBF0F0208094F83800DFF834
:1024B00068150978884280F0838094F83600FF28F8
:1024C00008D194F83800401C84F8380094F837009C
:1024D00084F8360094F83510002000E0401C02001B
:1024E00094F83930D2B29A420FD294F8362092F052
:1024F000FF020241D207F1D5411894F8362001239A
:1025000013FA00F0104384F83600A38F0A00D2B209
:1025100094F8340000FB1232100094F8343080B28A
:102520009BB2984202D394F8342002E0FF2084F852
:10253000360094F83600FF280CD1DFF8E00400796B
:10254000DFF8DC341B7810FB03F0642310FB03F08E
:10255000608002E094F83A0060800800C0B2002871
:1025600009D1208D50F020002085207A84F82E009B
:10257000206C60620FE0238D4FF6DF7003402385EF
:1025800084F82E10236C0D00EDB294F8340045430E
:1025900003EB05006062E07984F82D00D2B262841A
:1025A000DFF880241068002805D00800C0B2116848
:1025B000884700280ED114F11000EAF77FF909E0EE
:1025C000E923E28B94F82A10A07EE6F7C7F82000F2
:1025D000FFF7A5FE31BD70B5DFF834040468D2F70B
:1025E00087FD0500D2F781FD45434FF47A70B5FBB6
:1025F000F0F14FF6FF731A000BE06688280080B2F6
:10260000361A100080B2864202DA60882A00821AE6
:10261000E468002C1ED025884D1B2800668880B2F7
:10262000B042EAD3A07902280AD12000017CFF2918
:1026300002D08069D4F747FC2000FFF770FE02E06B
:102640002000FFF725FF0121DFF8B4030078D4F75D
:10265000C4FC0AE0100080B2984206D092B2012178
:10266000DFF89C030078D6F74DFB70BD70B5050010
:102670001600012289B2687DFFF735FE0400002CA8
:102680004FD03000C0B200284BD1E87D94F835100F
:10269000884246D1E87D94F839100818217A88429A
:1026A0000EDB287EFF280BD13300DBB2E28B94F8DF
:1026B0002A10A07EE6F752F82000FFF730FE30E047
:1026C000287EFF2814D1FF2194F93900814084F835
:1026D000361094F8360084F8370094F8351094F8E2
:1026E0003900411884F83510002084F8380005E0DE
:1026F000287E84F83700287E84F83600D2F7F8FC6C
:102700000500D2F7F2FC45434FF47A70B5FBF0F0C8
:10271000208094F83A0060800121B9480078D4F70D
:102720005CFC70BD2DE9FC470700894690461E0001
:10273000B878E6F717FA0500002D01D1002060E017
:102740001C20D4F711FE0400002C59D01C210022BB
:10275000A2465046D4F768FE6946B878E6F76EFAA6
:102760009DF80100207502212000FFF7A8FDB9F8AF
:102770000000A080787DE071FF2194F91400814071
:102780006174686800782074387DA074F87DA17C3D
:102790004843303080B2D4F782FB0500A561002D9C
:1027A0002AD0DDF828A01A202870002068700020A8
:1027B0006880F888A8804946A81DE6F72FFAF878BF
:1027C000E8739648808C2882788BA88578896882FF
:1027D000B8782875387B687598F80000A87598F85F
:1027E0000100E87598F8020028766E76C5F81CA0FE
:1027F00015F13000A86203E02000FFF790FD0024EF
:102800002000BDE8F6872DE9FC4706008846914682
:102810009A460025F77D83490868002806D03800CD
:10282000C0B209688847002840F0B6800222B8F894
:102830000010707DFFF757FD0400002C14D1707854
:10284000C00711D50A9800905346DBB24A4641466C
:102850003000FFF767FF0400002C05D0277201212C
:1028600067480078D4F7B9FB002C00F09580380059
:10287000C0B2217A491E884200D10125207CFF2860
:1028800074D07078C00700D500273800C0B2E17C52
:10289000227D5118884208DBE17C207D4118E174DB
:1028A000FF2194F9140081406174327D3169A0697F
:1028B000836ABC465FFA8CFCA07C00FB0CFC03EB3B
:1028C0000C00D4F747FD3800C0B2217D627C0123A3
:1028D00090FBF1FC01FB1C0013FA00F01043607444
:1028E0002800C0B2002815D03800C0B2217D627C1B
:1028F000FF2390FBF1FC01FB1C00401C13FA00F0CD
:1029000010436074A17C3A00D2B2307D02FB010119
:10291000A06981842800C0B2002809D0607CFF280B
:1029200006D1A169207CD4F7DDFAFF2020741DE0D8
:10293000D2F7DEFB8146D2F7D8FB00FB09F94FF452
:102940007A70B9FBF0F020806421354A334B93F85C
:1029500004C0107800FB0CFC1B79107843432E4810
:10296000007843434B4301FB0C316180FFB2E07CB4
:10297000217D0818401E874205D0607CFF2802D0C8
:10298000EDB2002D08D0E07CF075607C307631002F
:10299000B8F80000F1F765FDBDE8F38780B50100E8
:1029A00017480078D4F79EFA01BD38B50D00280409
:1029B00018D4E80721D5FFF70EFE95F00105280091
:1029C0001CE00CE020780128FBD120004169009137
:1029D000C37C10F11002811C1C30FFF714FF200093
:1029E000D4F771FA06480078D4F7CEFA0400002C28
:1029F000E8D195F40045280000E0002032BD000039
:102A0000C8340020EC960020F0960020F4960020B8
:102A1000C497002063980020B2340020588700201B
:102A2000B3340020C897002010B5DFF800442076AA
:102A300048F21501D9F7BAFB207E3821D9F7B6FB49
:102A40000FF289300FF2BD31E062A16202210FF274
:102A50005530606221754FF6FE70A08110BD2DE9E2
:102A6000F043DFF8C863DFF8C873307E88465FEA5A
:102A7000084189B007F16E054EF6602940F1F980F2
:102A800034E00020DDF7ECF90346002001900094CB
:102A90006A88707E06F10C0100F037F9707908B38E
:102AA00032220821307ED6F72DF91BE02888738C5E
:102AB000328CB08110210191009406F10C010020AC
:102AC00000F023F90121B07EF17630B93C21F18389
:102AD0004A46307E0221D6F715F9B07E401CB0760A
:102AE000002070712046D4F7EEF9307ED4F74CFA0E
:102AF000040000F0BB802078312800F08B80322861
:102B000000F09880D328EDD1E189382907D048F228
:102B100015029142E6D1204600F0E4F8E2E706A86B
:102B200000210022002380E80E0006A92046EEF7CF
:102B300074FB9DF81C1005291CDC207B0028D1D1DA
:102B40009DF81D000028CDD00528CBDC0698E0F7C5
:102B5000CDFE0028C6D1607C707661889DF81D008E
:102B6000B181411E8DF81D1006A890E80C4086E842
:102B70000C40B7E7FE291DD129799DF81E0081423E
:102B800003D3002808BFFF29ACD1DCF7D1FC00201B
:102B90000699C140CA0703D4401CC1B21A29F7DD07
:102BA000397EC2B291429DD030776420FA79424397
:102BB000012177E7FF2919D129799DF81E0081426B
:102BC00003D3002808BFFF298CD1DCF7B1FC06989D
:102BD00000281EBFB86A069988421CBFB962E0F798
:102BE0001BFABDF8200000F0D2F87BE7207B00281C
:102BF000FBD16088B08100210023059104910391ED
:102C00000293019100918022607C06F10C01D9F7BA
:102C10008CFA67E7B07E0428FBDA97F82E10854817
:102C2000E0F764FE0028F4D160883084FF20A1889A
:102C3000718456E77079FF287FF423AF397E62688C
:102C40000020CA40D30744BF04F10800405C0021C3
:102C50006268CA40D30705D504F10802525C82427B
:102C6000FFF624AF491C1A29F2DD39E788F4004049
:102C700035E05FEAC87110D5307F387606F11C0167
:102C8000E120D7F70DFAE0F7C7F9002068800120AE
:102C9000DDF7E6F888F0010021E05FEA88710DD5E4
:102CA000F18B31B1491EF1834A460221D6F72AF849
:102CB00001E00020B07688F0020010E05FEA0871C1
:102CC0000CD5707938B131793068E0F70FFE10B962
:102CD0007079411E717188F0080000E0002009B091
:102CE000BDE8F0831CB504460020009069462046EC
:102CF000EEF7D0F89DF8000030B99DF802004106CB
:102D000044BF608800F043F813BD2DE9F04786B05A
:102D100080460E9D8A4616469946002700240020CC
:102D20006968C140CA0748BF7F1C401C1B28F7DBED
:102D3000F8B288B1D4F718FB04000DD000210020B0
:102D40006A68C240D30704D52A18CBB2127AE2547B
:102D5000491C401C1B28F3DB9DF83C3004930022E7
:102D600005920394FFB20297CDF8049000966B6829
:102D7000AA7851464046D9F7D8F92CB1204606B07A
:102D8000BDE8F047D4F7F1BA06B0BDE8F0872849AE
:102D9000B1F86E2082421CBFA1F86E00E0F73CB98A
:102DA0007047000010B504460620D4F778F860B1EB
:102DB00031210170228842806188818001461B4850
:102DC000007EBDE81040D4F78DB810BD38B505467B
:102DD0002420D4F764F8040012D0322020701B2283
:102DE0002978A1706868606004F10800A968D4F7C8
:102DF000B1FA2146BDE834400C48007ED4F772B8E1
:102E000031BD000010B5094CE17E69B1C1780029DF
:102E100004BF4078002807D1054AA2F870100120AD
:102E2000DDF71EF80021E17610BD0000288E00209D
:102E30005887002000F8FF0710B5184C1849A070FB
:102E40000020E0F746F917490120E0F742F916495A
:102E50000420E0F73EF915490620E0F73AF9144955
:102E60000720E0F736F913490820E0F732F9A07897
:102E70004FF6FF71D9F79AF90F48EDF733F80F487D
:102E8000EBF71BFF0E48EBF739FF0E48EDF72DF877
:102E9000BDE810400C48EDF731B80000E4300020E8
:102EA000AB500300075103004B5103008151030055
:102EB000CB510300015203009F59030073590300D3
:102EC00033590300F7580300B95803002DE9F04FB8
:102ED0000D4628049DB041F10887DFF8D067B0782F
:102EE000D4F752F8040069D02378DFF8C477B3F13F
:102EF0001A0007F1680800F08E81173805285AD9A2
:102F00009F3858D0401E00F0D981401E53D0401E3B
:102F100009D0401E02284ED9293800F03F81401EBA
:102F200000F05D81DBE1E289133A00F0278147F68A
:102F3000ED73D21A00F01781521E00F00981521E63
:102F400000F0FA80521E00F0EA80521E00F0CB80A2
:102F5000521E00F0BD80521E00F0AF800B3A00F010
:102F6000A080121F00F090800B3A7DD0521E00F01E
:102F70008380521E70D00E3A62D0521E54D0521E20
:102F800046D0521E38D0521E2ED0521E24D0521E71
:102F900018D0921E0FD12046EEF70AF906000AD08B
:102FA0006188DFF8103732464FF4000001F0EDFF82
:102FB0003046D4F7DAF92046D3F785FF85F4004090
:102FC00001F09BBEA069DFF8F03601F01BFF4FF463
:102FD000800001F0DAFFEEE7A069DFF8E03601F0EB
:102FE00011FF4FF40010F4E7A069DFF8D43601F0C8
:102FF00009FF4FF48010ECE72046EEF71CF80600BE
:10300000D9D06188DFF8BC3632464FF40020CDE7D6
:103010002046EDF7DBFF0600CDD06188DFF8A8364B
:1030200032464FF48020C1E72046EDF73DFF060011
:10303000C1D06188DFF8943632464FF40030B5E7EE
:103040002046EDF780FF0600B5D06188DFF88036B6
:1030500032464FF48030A9E7A069DFF8783601F0F6
:10306000D1FE4FF40040B4E7A069DFF86C3601F000
:10307000C9FE4FF48040ACE7A069DFF8603601F08C
:10308000C1FE4FF40050A4E700210091204669469C
:10309000EDF700FF6188DFF848366A464FF40060BC
:1030A00097E72046EEF70EF8060084D06188DFF837
:1030B000343632464FF4807078E72046EDF7D2FE82
:1030C0000600F2D06188DFF82036324640206DE7F6
:1030D0002046EDF7C7FE0600E7D06188DFF80C3622
:1030E0003246202062E7182101F074FE694620462E
:1030F000EDF7AEFE6188DFF8F8356A46102001F082
:1031000044FF039818B1D4F730F9002003900598D4
:10311000002803D0D4F729F9002005904BE70021BF
:10312000CDE9001220466946EDF767FE6188DFF8B9
:10313000C4356A4608204CE701F04BFE694620463C
:10314000EDF71EFE6188DFF8B0356A46042040E7DF
:103150002046EDF7DEFD0600E0D06188DFF89C3503
:103160003246022022E72046EDF7D3FD0600D5D0F7
:103170006188DFF88C353246012017E76846002168
:10318000002380E80E0069462046EEF701F86188CA
:10319000DFF870356A464FF080701AE70A20D3F7DF
:1031A0007EFE060016D00A21D4F7B2F991203070C5
:1031B00000217170A078707161783171E078B07120
:1031C000A1883181A07801F023FE20B10079314639
:1031D000D3F788FEEFE63046D3F775FEEBE6162010
:1031E000D3F75DFE0600F9D01621D4F791F99320AC
:1031F00030700021717060783071A178317420795D
:10320000012807BF0121B1710220B071E08830812F
:10321000E1783175D6E73020D3F741FE0600DDD0E6
:103220003021D4F775F99220307000217170A07BA5
:103230003071032805D10822A11DB01DD4F78AF8EA
:1032400001E0E088F080E07BB073218A3182608801
:103250007082A188B182608AF082217D3176607DA2
:1032600000B101207076607E00B10120B07606F1D9
:103270002407A07DF076E17D3177207E7077E169CB
:10328000316294F820003870A18D798094F82E0076
:103290003871A18CF980A08CD4F766F80028B8604A
:1032A0001CD0A28CA16AD4F755F8207D01F0B0FDA6
:1032B00000288BD1B868D4F758F88CE76078F1789B
:1032C00081420BD0F070F21CDFF83C3400214FF04B
:1032D000007001F05AFE707888F800006BE6DFF8A5
:1032E0002C0494F802900188DFF82424DFF824B439
:1032F000DFF824040191002B07F1280ADFF81C14E1
:1033000001F0E184022B01F0E783032B01F07180CF
:10331000042B00F03F87072B01F0C883082B00F037
:10332000E086092B01F01F84102B01F0CD83112BB7
:1033300001F0E683122B01F01C84142B00F01A8597
:10334000182B01F0A683192B01F09B831B2B01F096
:103350007E831C2B01F04F831E2B01F02A831F2B31
:1033600001F02483202B00F04484212B00F01D84E5
:10337000222B00F06F83282B00F04D83292B00F0C7
:1033800029832A2B00F01B832B2B00F011832C2B7D
:1033900000F02783382B00F00483392B00F0DD8206
:1033A0003A2B00F0C2823B2B00F08D823C2B00F0C8
:1033B0006A823D2B00F053823E2B00F047823F2B68
:1033C00000F03D82402B00F03382412B00F00E8252
:1033D000422B00F0F581432B00F0E781442B00F0F5
:1033E000CE81452B00F0BD81462B00F0A081472BFC
:1033F00000F096814A2B00F0C0834B2B00F0AD8388
:103400004C2B00F01E834D2B00F01183A02B01F0FC
:103410008D82A12B01F0AD82A22B51D0A32B4FD0D6
:10342000A42B01F03382A52B01F0D281A62B01F051
:10343000A681A72B44D0A82B45D0A92B01F09D81B4
:10344000AA2B01F0FA83AB2B01F0D083AC2B01F057
:10345000AD83AD2B00F01681AE2B00F0EA80AF2BD0
:1034600000F0D380B02B00F00581B12B00F0FB8081
:10347000B22B00F0EE80B32B00F0E680B42B00F00E
:10348000D080B52B00F0BC80B62B00F09280B72B1B
:1034900065D0B82B59D0B92B4CD0BC2B42D0C02B07
:1034A00038D0C12B2ED0C42B1DD0CD2B16D0CE2B77
:1034B00021D0EB2B09D0F92B02D0FA2B00D0FB2B1B
:1034C00001F05881FC2B01F053B96168087810B104
:1034D000DFF79DFB30E3DFF7A6FB2DE300206070F4
:1034E000ECF7FDF828E3A068002864D000216170A3
:1034F000EBF7B5FEB4E0606800285CD00068ECF73C
:1035000029F911E26068002855D001F066FCECF75B
:10351000FAFC11E3606800284DD041680078EBF7B1
:103520002DFD01E26068002845D000F11201EBF7A3
:1035300047FDF9E1606800283DD0002161706068B6
:10354000ECF7F4FCA1680880F6E2A068002832D00D
:1035500000216170A068411CEBF7B2FBECE2A068AF
:10356000002828D000226270A26808891081A26811
:10357000C87AD072A268887A9072A268087B1073A9
:10358000A268887B9073A26848685060A268487BF4
:103590005073A26808681060A268C87BD073A268E4
:1035A000087C1074A268487C5074887CA168887478
:1035B000C2E26068002800F09185002262706268B3
:1035C000107D08B1D07C48746268907D08B1507D50
:1035D00088746268107C08B1D08908816268107BA9
:1035E00008B1906848606268907C08B1507C48736C
:1035F00062681079002800F06B8512680A609BE20F
:1036000000216170EBF7C1FD96E2A06800283BD075
:1036100000216170EBF74EF908B1007820E001203D
:1036200082E1A0680028C6D000216170DEF707FDA6
:1036300016E060680028BED0002160686170817863
:103640000088EBF776FC77E200216170EBF79BF9DD
:1036500072E2A0680028AED000216170EBF726F975
:10366000A168087068E260680028A4D00078EBF7D1
:10367000FFF859E1606800289DD001F0AEFBEBF740
:10368000BFFC59E26168002900F081850822DFF85B
:10369000500BD3F75FFE6068DFF8482B018911807B
:1036A0006068DFF8442B817A11707CE2E4300020FE
:1036B00058870020555803003D5803002558030043
:1036C0000158030057570300D35603002B5603003D
:1036D000AD550300835503006B550300535503009C
:1036E00023550300DF540300A35403008354030055
:1036F000FD530300975303000F530300A55203002B
:1037000085520300475203009B5803009674000043
:1037100058980020C894002080300020701B0020A2
:103720006068002864D001F02DFB112279E1606807
:1037300000285DD001F004FB606801798DF800106D
:103740001029C4BF10218DF800106068816801F055
:10375000F1FA6068418800236A4605A8D8F7AFF8F7
:10376000E2E06068002843D00A3001F0E7FB02463F
:103770006068811C00880023D8F7E2F8D4E0606814
:10378000002835D002218DF8101060680188ADF84E
:103790000810606881890191827A0092437A027AE6
:1037A000416802A8D8F77FFBBEE0606800281FD000
:1037B00001F0F1FAC27881786846D8F729FBB3E0C6
:1037C0006068002814D002218DF808106068018814
:1037D000ADF8001060680A3001F0B0FB0246606886
:1037E000811C00236846D8F700FB9DE06068002834
:1037F00000F0748402218DF80C104FF6FF716068A0
:10380000008888421FBF4FF6FD7290424FF6FC7150
:10381000884206D1DBF799FBADF8040001F0E9FA24
:10382000607060680188ADF8041001F0E2FA7BE096
:1038300061680029DCD001F0B8FA33220CE061683D
:10384000002974D001F0B1FA322205E06168002944
:103850006DD001F0AAFA3122D7F75EFF64E060680C
:10386000002864D002218DF80C1060680188ADF842
:103870000410002160680091437A027A416801A82F
:10388000D8F79FFA50E06068002850D001F066FA3F
:103890001CBF01280F2804D0032806D101F06BFAC1
:1038A00003E06068018AADF81010002160680391A0
:1038B00004AB027E02920193821C8189009107A9C8
:1038C000837A22202EE06068002830D001F046FA8A
:1038D0001CBF01280F2804D0032806D101F04BFAA1
:1038E00003E06068018AADF810106168BDF81C3013
:1038F000FE8A887A0A7EB34209D10C3100910123F5
:1039000004A9E0F711FE002800F041844BE1029287
:10391000002304AA0393019203468E8900968A1C11
:1039200007A92120D8F712FAD9E36068002800F02F
:10393000D58301F005FA0021606804914269039281
:10394000017C0291C2680192017A0091C3880279D8
:10395000418805A8D8F799F9C1E361680029E6D044
:103960000878002200B10122487808B142F0020232
:10397000887808B142F00402C87808B142F0080221
:10398000087908B142F01002487908B142F02002EB
:10399000887908B142F0400200211046D7F7B1FF04
:1039A0009DE360680028C2D001F0ECF9102238E0F5
:1039B00060680028BBD001F0E5F9052231E06068BD
:1039C0000028B4D001F0E7F9027941886846D7F7BA
:1039D00063FF84E360680028A9D001F0D3F90322D3
:1039E0001FE060680028A2D002218DF818106068DE
:1039F0000188ADF8101000216068039102690292FD
:103A0000017B01918268009283798288418804A8B1
:103A1000D7F7EAFE63E36068002888D001F0B2F9C6
:103A20000222606841886846D7F792FE57E36068D3
:103A300000283BD0C278817800880023D7F7C0FEE9
:103A40004DE36068002831D0427A017A0023D7F72D
:103A500089FE44E36068002803D0007D01F0D8F9B6
:103A6000002800F094836168D1F8188001F11C02ED
:103A70004FF00009107808B14FF00209507808B1F2
:103A800049F01009907808B149F00809D07808B1D8
:103A900049F02009107908B149F04009507908B17E
:103AA00049F08009087DE5F75DF8060000F016830F
:103AB0006068817A8DF8211060688189ADF82210E4
:103AC000606800788DF8200002281CBF01280F28AC
:103AD00008D003280AD16068811C082206A8D3F701
:103AE00039FC03E060684188ADF818106168887B94
:103AF00028B301F009FC07001FD0002105E0006990
:103B000030F8112027F81120491C6068827B91420F
:103B1000F5DB00F12201049205970A7801F0FCF828
:103B2000836A0093C28A4B88314606A8E4F7EAFF0D
:103B300060703846D3F719FCCAE21020CFE201F1D9
:103B40002200027801F0E8F88B6A0093CA8A438861
:103B5000314606A8E4F7F3FEC1E260680028A5D06C
:103B600040788DF80000616888788DF8010069461A
:103B700060680078E5F774F8B1E2606800281CBF5F
:103B8000A168002937D000786946E5F757F86068E2
:103B9000A26801781170A1689DF800004870A168C2
:103BA0009DF801008870002099E26068002803D029
:103BB000007801F02DF9070000F09082387BE4F7DF
:103BC000AEFD002860700AD17168002907D0084650
:103BD0000022B84204D0024600680028F9D177E2FA
:103BE00038688F420CBF70601060384601F062F98F
:103BF0006EE26068002800F0CA82007801F008F9DF
:103C000008B100F0B5B801F037F93178884228BF23
:103C1000D120C9D24FF0000884F80180484601F055
:103C20001FF9070001D0387B58B11C20D3F79CFB4B
:103C30000700DDD01C21D3F72BFC4FF0010887F8DB
:103C400004906068017839736068017A3976B01C35
:103C500038611420D3F788FB002878614DD01421F7
:103C6000D3F716FC60684168887979698A7900F031
:103C70000F0002F0F0021043887161684A687869A9
:103C800091888180626851680B78037061684A6826
:103C900078695188418062685168CA79C2716068E8
:103CA0004168087B796908737869C07901F02CFB59
:103CB0007969886068B1002008E0626853689A6892
:103CC00032F810308A6822F81030401CCA799042CD
:103CD000F3DB087B01F018FB7969086168B100200B
:103CE00008E0626853681A6932F810300A6922F8ED
:103CF0001030401C0A7B9042F3DB07F10C00E4F724
:103D0000FCFC0646022E18BFB82E07D1387BE4F71C
:103D100006FD07F10C00E4F7F0FC06465EB9B8F1C9
:103D2000000F07D0384601F07FF8002802D138464E
:103D300001F0C0F8CCE1B8F1000F03D0384601F033
:103D4000B9F811E0786958B1806808B1D3F70DFB74
:103D50007869006908B1D3F708FB7869D3F705FBE8
:103D600007F10C0001F03EF8022E18BFB82EE1D189
:103D7000D020B4E16068002800F0B08100216170BB
:103D8000484601F06DF806000FD11C20D3F7ECFA7D
:103D90000600CFD01C21D3F77BFB00F0B3FF20B986
:103DA0003046D3F7E2FAD12099E16168087848B14A
:103DB0004878F288002812BF42F001024FF6FE70E8
:103DC0000240F2806168887848B1C878F28800289B
:103DD00012BF42F002024FF6FD700240F2806168AD
:103DE000087948B14879F288002812BF42F00402ED
:103DF0004FF6FB700240F2806168887948B1C8795B
:103E0000F288002812BF42F008024FF6F770024015
:103E1000F2806168087A48B1487AF288002812BFB7
:103E200042F010024FF6EF700240F2806168887A2B
:103E300048B1C87AF288002812BF42F020024FF63B
:103E4000DF700240F2806168087B48B1487BF288ED
:103E5000002812BF42F040024FF6BF700240F280CD
:103E60006168887B40B1C87BB268002812BF42F00D
:103E7000010252085200B2606168087C40B1487C7F
:103E8000B268002814BF42F0020222F00202B260BF
:103E90006168887C40B1C87CB268002814BF42F0D9
:103EA000040222F00402B2606168087D40B1487DDE
:103EB000B268002814BF42F0080222F00802B26083
:103EC0006168887D40B1C87DB268002814BF42F0A7
:103ED000100222F01002B2606168087E40B1487E94
:103EE000B268002814BF42F0200222F02002B26023
:103EF0006168887E40B1C87EB268002814BF42F075
:103F0000400222F04002B2606168087F40B1487F01
:103F1000B268002814BF42F0800222F08002B26032
:103F20006168887F40B1C87FB268002814BF42F43E
:103F3000807222F48072B260616811F8220F38B189
:103F400000F0F4FE14BF42F4806222F48062B2609A
:103F5000616811F8240F38B100F0E8FE14BF42F494
:103F6000006222F40062B260616811F8260F38B175
:103F700000F0DCFE14BF42F4005222F40052B260A2
:103F8000616811F8280F38B100F0D0FE14BF42F478
:103F9000804222F48042B260616811F82A0F38B181
:103FA00000F0C4FE14BF42F4004222F40042B260AA
:103FB000616811F82C0F38B100F0B8FE14BF42F45C
:103FC000803222F48032B260616811F82E0F38B16D
:103FD00000F0ACFE14BF42F4003222F40032B260B2
:103FE000616811F8300F38B100F0A0FE14BF42F440
:103FF000802222F48022B260616811F8320F38B159
:1040000000F094FE14BF42F4002222F40022B260B9
:10401000616811F8340F38B100F088FE14BF42F423
:10402000801222F48012B260616811F8360F38B144
:1040300000F07CFE14BF42F4001222F40012B260C1
:10404000616811F8380F38B100F070FE14BF42F407
:10405000800222F48002B260616811F83A0F38B130
:1040600000F064FE14BF42F4000222F40002B260C9
:10407000616811F83C0F38B100F058FE14BF42F0EF
:10408000807222F08072B260616811F83E0F38B120
:1040900000F04CFE14BF42F0007222F00072B260D9
:1040A000616811F8400F38B100F040FE14BF42F0D3
:1040B000006222F00062B260616811F8420F38B10C
:1040C00000F034FE0CBF22F0805242F08052B26009
:1040D000A0782146D2F706FFFEF770BF022060707D
:1040E000F6E76068002852D0002161702A216068DC
:1040F000D3F70EFA6168F88ADFF8042C088061684B
:104100001078887208226168B88C88816168788B21
:10411000C88207F1390160680E30D3F71BF9DAF76E
:104120000BFF014660680822801CD3F713F9606812
:10413000082207F11C011830D3F70CF96168387EAA
:1041400081F823000120616881F822009BF80200B9
:10415000C10703D56168012281F82420810703D5B6
:104160006168012281F82520410703D56168012299
:1041700081F82620010703D56168012281F82720F4
:104180004006A5D56068012180F82810A0E702212B
:1041900061709DE760680028A0D0002161706168AF
:1041A000087838B1487800B10120107001216320EF
:1041B000D4F775FF6168087948B1487900B10120EA
:1041C000DFF8982C107001216D20D4F768FF626829
:1041D000907958B1D1794FF40050DBF71CF81AE010
:1041E000703000206E3000206C300020107A90B1CA
:1041F000108AD16810F0070F01D064290BD3DAF7C9
:1042000067FF01210020DBF706F8DFF8842C282166
:104210003520D4F744FF6168887C38B1DFF8742C0E
:10422000888A108002214420D4F739FF6168887D94
:1042300038B1DFF8642C088B108002214620D4F7B7
:104240002EFF6168887E38B1DFF8502C888B108093
:1042500002218320D4F723FF6168887F38B1DFF81B
:10426000402CC87F107001212920D4F718FF616805
:1042700011F8200F30B1DFF82C2C00F053FD2B206B
:10428000D4F70DFF616811F8220F30B1DFF8182C58
:1042900000F048FD4320D4F702FF616811F8240FB5
:1042A00030B1DFF8082C00F03DFD2E20D4F7F7FEEA
:1042B000616811F8260F30B1DFF8F42B00F032FD01
:1042C0002F20D4F7ECFE616811F8280F30B1DFF829
:1042D000F02C00F027FD3020D4F7E1FE616811F8E2
:1042E0002A0F30B1DFF8DC2C00F01CFD2C20D4F7B5
:1042F000D6FE616811F82C0F80B148788DF8000067
:104300001028C4BF10208DF800006068016B00F019
:1043100011FD6A4611218120D4F7C1FE616811F8B0
:10432000340F40B148781028C8BF10204A680146B1
:104330006220D4F7B4FE616811F83C0F38B1DFF8A1
:10434000882C4868106004218420D4F7A8FE616896
:1043500011F8440F30B1DFF8742C00F0E3FC4B206F
:10436000D4F79DFE616891F8460058B1DFF8607C93
:10437000082247313846D2F7EDFF3A460821472058
:10438000D4F78DFE616891F84F0028B101F1500219
:1043900008210120D4F783FE616811F8580F30B16D
:1043A00048788DF8000069465220D5F779FE61689B
:1043B00011F85E0F30B1DFF81C2C00F0B3FC332095
:1043C000D4F76DFE616811F85C0F40B1DFF8082C7E
:1043D00000F0A8FC3220D4F762FEDEF75FFB6168D4
:1043E00011F8600F002803D04878707088F800003A
:1043F0006EE6606800281CBFA06800283FF4C7AEC6
:10440000636800216170187830B1A06801210170E3
:10441000107800F0DAFC48706168887838B1A068DC
:1044200001210171DFF8341A00F0CEFC4871616897
:10443000C87858B10020DAF7E3FEA2680121917133
:1044400010F4005018BF0120A168C8716168087994
:1044500058B3A06801210172A16801F10C00DAF7DC
:10446000CFFEA168DFF8742B08821078E8B901202C
:10447000DAF78EFEA16848610220DAF789FEA168AA
:1044800088610420DAF784FEA168C8610820DAF7A1
:104490007FFEA16808621020DAF77AFEA168486200
:1044A0002020DAF775FEA16888626168487940B11A
:1044B000A068012180F82C10DFF8D819A0680A88BC
:1044C000C2856168887940B1A068012180F8301008
:1044D000DFF8C419A0680A8842866168C87940B1CB
:1044E000A068012180F83410DFF8B019A0680A88AC
:1044F000C2866168087A48B1A068012180F8381046
:10450000DFF89C19A0680A7880F839206168487A39
:1045100048B1A068012180F83A10DFF88819A06836
:104520000A7880F83B206168887A48B1A068012148
:1045300080F83C10DFF87019A0680A7880F83D20F8
:104540006168C87A48B1A068012180F83E10DFF8A0
:104550005C19A0680A7880F83F206168087B48B140
:10456000A068012180F84010DFF84419A0680A789B
:1045700080F841206168487B48B1A068012180F83B
:104580004210DFF83C1AA0680A7880F8432061687E
:10459000887B48B1A068012180F84410DFF8241A14
:1045A000A0680A7880F845206168C87B50B3A0688D
:1045B000012180F846106B46112200218120D4F79A
:1045C000B1FDA1689DF8000081F84700A16891F84D
:1045D0004700A8B19DF80000D2F7C6FEA168886424
:1045E000A168886C30B19DF800200DF10101D2F76F
:1045F000B1FE07E081F847000021A068816401E076
:1046000000228A646168087C90B11020D2F7ACFE69
:10461000A1680865A26802F14C01486840B1012216
:104620000A701022A068036D00216220D4F77AFD81
:104630006168487C40B1A068012180F85410DFF81F
:104640008819A0680A6882656168887C48B1A0689A
:10465000012180F85C10DFF87419A0680A7880F8EE
:104660005D206168C87C50B1A068012180F85E10AF
:104670000822A06807F139015F30D2F76BFE61684C
:10468000087D58B1A068012180F86710DAF754FC62
:104690000146A06808226830D2F75CFE6168487D58
:1046A00070B169465220D5F7E8FCA168012081F875
:1046B00070009DF8001001B10121A06880F8711010
:1046C0006168887D38B1A068012180F872100021EE
:1046D000A06880F873106168C87D48B1A0680121A6
:1046E00080F87410DFF8F01800F06EFB81F87500A8
:1046F0006168087E48B1A068012180F87610DFF873
:10470000D418A0680A7880F877206168487E40B1A4
:10471000A068012180F87810707800F056FB81F8CD
:1047200079006168887E002821D0A068012180F886
:104730007A10002697F82600042818BF082812D0FF
:1047400090B92120D4F78BFC74280DD16B467422CC
:1047500000212120D4F7E6FC30B99DF8260004287A
:1047600018BF082800D10126A06880F87B60AFE45C
:104770001220B4E4606800282CD0122108E561689A
:10478000002927D00878F8B1002600E0761C0198AF
:104790008642ECDA02A9009100F0DAFA0028607093
:1047A000F4D16068082204A9401CD2F7C5FD002896
:1047B000ECD1142102A8D2F76BFE02AB1422B1B2E5
:1047C0000420D4F74FFC8AE4481CE6F7B2F986E4EB
:1047D000606800283FF482AC0178002935D007A832
:1047E00000F000FB002609E03EB96068082207A936
:1047F000001DD2F7A1FD00B93E467F1C01988742FB
:1048000013DA02A9009114230022B9B20420D4F7CC
:104810004BFC00286070F0D16068082204A9001DDC
:10482000D2F78AFD0028DFD13E46002E9FDD60686A
:10483000011D00F0A3FA6068C169029102AB6068D3
:10484000016A03911422B9B2BAE700F10C011022F7
:1048500001A8D2F77FFD6068C16905916068016AAF
:10486000069169466068001DE6F788F8607030B907
:104870000098408801AA1821D4F711FC2FE4606841
:10488000011D408801AAE6F792FB28E4616800292F
:104890001CBFA06800289DD00978017008226068BC
:1048A000A368411C581CD2F755FD62681078F8B116
:1048B000DFF82C070788002600E0761CBE4215DAD8
:1048C00001A8009000F044FA00286070F5D16068FB
:1048D000082203A9401CD2F72FFD0028EDD1A168C2
:1048E00002980862A1680198C86140E731D1E8E107
:1048F0006946501CE6F742F80028607029D10098FC
:10490000408801AB18220021D4F70CFC002860700D
:104910001FD1A168069808621022A1680598C86195
:1049200001A9A0680930D2F715FD20E761680029C8
:104930001CBFA06800283FF4D1AB0978002914BF40
:104940003A203B206B4611220021D4F7EBFB0028D4
:1049500060707FF4BDAB6068A268017811701022AE
:10496000A1689DF8000048700DF10101A068801C4D
:10497000D9E7616800296FD00878002814BF3A266B
:104980003B2648788DF800006168887830B11022A5
:10499000C91C0DF10100D2F7DDFC03E00DF10100AF
:1049A000E6F773FA6A461121304665E7E4F70AFE36
:1049B0006BE7606800284FD000F00BFA6068418810
:1049C000ADF8001060680279002A1CBF80680028DA
:1049D0000AD0102AA8BF0F228DF8022060688168D3
:1049E0000DF10300D2F7B6FC606800780122694639
:1049F000E4F708FD49E7606800281CBFA0680028AC
:104A00003FF4C5AB0021C0E900116068418800781F
:104A1000E4F732FD060018D000206070A0683188ED
:104A20000180A068B1788170A168887800283AD0A8
:104A3000D2F79AFCA1684860A1684868002832D083
:104A40008A78F11CD2F786FC91E6B1201DE76068F8
:104A500000281CBFA06800283FF440AB00F0BDF95F
:104A6000E4F79EFDA1680870A068007800F04CFC97
:104A7000A1684860A068416860680078E4F738FD84
:104A800075E660680028E7D000F0A7F9E4F76AFD52
:104A90006DE6606802210028617004D041880078CA
:104AA000E4F73DFD00283FF413AB0AE160680028FD
:104AB0005BD090F900603046D5F70FFCA06808B9CC
:104AC000FFF771B80670FCE060680028C4D0008869
:104AD0000021DDF714FD4AE66068002845D000217A
:104AE00061700120616808700222606842700621CE
:104AF000606882706068C17003216068017136E689
:104B00006068002831D0484600F0AAF906000CD1B0
:104B10001C20D2F729FC0600C5D01C21D2F7B8FC16
:104B200000F0F0F808B9FFF73BB9F0880FF2B54193
:104B300040F00C00F0800220DEF7CBFA0FF2FD41CE
:104B40000320DEF7C6FA6068016800910122606800
:104B500001798DF804108DF805208DF8062068463F
:104B6000DEF718FC91E6606800283FF410ABC22025
:104B70008BE6606800283FF4B1AA011D082202A854
:104B8000D2F7E8FB0320DEF7BAFA6068C07BDEF7F5
:104B900050FA6068817B9BF8023001918289009213
:104BA0004188027802A8DEF785FD6EE6606800287D
:104BB000DBD00088ADF8040061684888ADF80200D9
:104BC00001A95320D5F76CFA0DF102015020D5F759
:104BD00067FA6946E120D5F750FA60689DF8001041
:104BE000007981426DD000F091F86AE06068002899
:104BF000BBD00078DAF79CFC6068397E407881424F
:104C00000CD038766946E120D5F737FA60689DF810
:104C100000104078814201D000F078F86268507846
:104C200001218140CAF80010DEF7F6F90021A8F84A
:104C300008100120DBF714F943E06068002894D0E5
:104C4000007887F8260061684888F8826168087AE9
:104C5000387661684889788361684868CAF80000D6
:104C600061688889B8846168887B8AF81000616807
:104C7000C87B78716168087CF87061684869CAF817
:104C8000080061688869CAF80C006168087F98F8B4
:104C90000A10814218BFDAF74BFC606800F11D0171
:104CA00007F13900D9F710FB97F82600082808D13A
:104CB0003A4674212120D4F7F2F902210020DEF7D0
:104CC000BBFAFEF770BF606860B1407818B103218D
:104CD000FF20DEF7B1FADDF72FFBDFF80C1D012016
:104CE0000860FEE70222627041E5680404D5D4F74B
:104CF00055F885F4804000E000201DB0BDE8F08F3D
:104D00002430002086F8049030468DE08DF80000B5
:104D10006946E120D5F7C4B90392CDF80890CDF8E3
:104D20000480704748781070012170474878B26855
:104D3000002870479DF800200DF10100D2F70ABB52
:104D400002218DF81C1060680188ADF814107047BE
:104D500014230022B1B20420D4F7A6B902218DF8A1
:104D6000241060680188ADF81C106068807B8DF8A5
:104D7000180002287047606800F11001082204A89A
:104D8000D2F7E8BA02218DF8081000236068018884
:104D9000ADF80010704702218DF8081000236068FC
:104DA0000188ADF800106068704702228DF810206D
:104DB000002361680A88ADF8082001930123616827
:104DC0008A1C009202A97047087800B10120A168EE
:104DD000704712216846D2F75BBB606800216170A2
:104DE00000787047002100220023002780E88E0011
:104DF0007047002160680091837AC27A811C01A803
:104E0000D7F731B801788DF800106A46618870478D
:104E10000146DFF8D80B406800E0006800281CBF9E
:104E2000027B8A42F9D1704710B5044600F024F89D
:104E3000DFF8B82B1178814201D2002010BD5168F3
:104E400021B100E0014608680028FBD10020206065
:104E5000002914BF0C605460012010BD5998002037
:104E60000146DFF8880B406800E0006800281CBF9E
:104E700002798A42F9D17047DFF8701B4968002037
:104E800001E00968401C0029FBD1C0B27047000056
:104E9000888F0020883400208A340020923400203B
:104EA0009E340020A0340020B2340020A53400201D
:104EB000A6340020002818BFD2F757BA7047C2079F
:104EC00044BF01230B70820744BF01234B7042078C
:104ED00044BF01238B70020744BF0123CB704006FF
:104EE00044BF01220A717047C20744BF01230B70FF
:104EF000820744BF01234B70420744BF01238B70DC
:104F0000020744BF0123CB70C20644BF01230B71CB
:104F1000820644BF01234B71400644BF01228A71BF
:104F20007047C20744BF01230B70820744BF0123AF
:104F30004B70400744BF01228A7070470246002030
:104F4000117801B10120517809B140F00200917847
:104F500009B140F00400D17809B140F0080011799E
:104F600009B140F040007047F8B500F021F809E0C1
:104F7000E0882840A84204D1380002D02079314688
:104F8000B8472468002CF3D1F1BD2DE9F04100F0C1
:104F90000FF8984608E0A1682940A94203D120797A
:104FA0003A463146C0472468002CF4D1BDE8F08170
:104FB0000546DFF8380A44680E4617467047000079
:104FC000A7340020A4340020A0960020B53400208F
:104FD00000960020539800205298002057980020F7
:104FE0009674000080B501460FF231020420FFF7ED
:104FF000BBFFDEF705FA0220DEF773F80320DEF7C9
:1050000070F800F093FC4FF6F37203E0C188114092
:10501000C18000680028F9D102BD000070B50546C6
:105020000E7800F0EAF8040006D000F042FC782088
:1050300000F066F9E6705DE170BD000080B50146E4
:105040000FF20502082035E070B505460E461A201D
:10505000D1F725FF040027D01A21D2F759FA792079
:1050600000F06DF87088E08031792172707900B1BC
:1050700001206072B07900B10120A072F07900B116
:105080000120E0720822307A2073717A6173B07A5D
:10509000A073F17AE17306F10D01307B207404F105
:1050A0001100D2F757F925E170BD80B501460FF226
:1050B0000D020120FFF758FF002002BD70B500F07F
:1050C00010FC04001ED00C21D2F722FA762000F04A
:1050D00017F9B07800F018F9A06008B900F006BC24
:1050E0003088A080B178A171B07850B1002005E07F
:1050F000716831F81020A16800F0BFF9B1788842DA
:10510000F6DBF7E070BD80B501460FF20902022020
:10511000D0E7000070B505460E4600F0BFF9040068
:105120000CD000F0EEF9772000F009F80822307A70
:10513000A071E01D7168D2F70DF9DBE070BD207041
:10514000002161703288A280704780B501460FF25D
:1051500009021020AEE7000070B5054600F022FA03
:1051600004000CD000F019FA7A20207031786170B8
:105170007088A080E8B2B188E1802146BCE070BDB3
:1051800080B501460FF20502402093E770B5054651
:105190000E461220D1F783FE040015D01221D2F75B
:1051A000B7F97C20FFF7CBFFB07AA073307B00B15A
:1051B00001202074F07A00B10120E0730822B11CB4
:1051C000A01DD2F7C7F895E070BD80B502460FF27A
:1051D0000D0300214FF0805019E0000070B500F081
:1051E0000AF8040006D000F064FB962000F088F86E
:1051F000E6707FE070BD054616780420D1F74FBEFB
:1052000080B502460FF2110300214FF00060FFF756
:10521000BCFE002002BD000070B5054600F03DF95F
:1052200004000FD000F06DF9952000F069F8B11C72
:105230003288A28004F108000822D2F78BF8708926
:10524000E08057E070BDF8B505460E4617461620BB
:10525000D1F725FE040014D01621D2F759F94820C1
:1052600000F04EF8A68008223888E080B91C04F1CE
:105270000800D2F76FF8B87A04F11001FFF71FFEAB
:1052800027E1F1BD70B500F008F8040004D0182142
:10529000D2F73EF9602010E070BD05461646182092
:1052A000D1F7FDBD70B5FFF7F8FF040004D0182159
:1052B000D2F72EF9612000E070BD00F021F8311D19
:1052C0003278227108227088E081601DD2F742F89E
:1052D000307B607470B1307B00F016F8606148B1CB
:1052E000002004E006EB4001CA8900F0C5F8617CAB
:1052F0008842F7DB2146E8B2BDE87040D1F7F2BD45
:1053000020700021617070474000D2F72DB8F8B5C9
:1053100005460F4616462C20D1F7C1FD040039D0B2
:105320002C21D2F7F5F8622000F05FF804F11101AA
:10533000B079FFF7C4FDB08904F11C01FFF7D4FD7B
:10534000307900F0070020733079C00800F00100C8
:1053500060733079000900F00100A073707900F0EB
:105360000700E0737079C0082074317AF07900EB9F
:105370000122E282707A2076B17AF07A01EB002283
:105380006283B07BF17B00EB0122A2842146307C5A
:10539000A0629FE0F1BDF8B505460F461646122003
:1053A000D1F77DFD04001FD01221D2F7B1F86320A0
:1053B00000F01BF804F10B017068C0F30310FFF755
:1053C000B0FD7068000A04F10E0100F00F00FFF755
:1053D000A8FD7068000B00F00F0060742146307962
:1053E00000F00F00A07275E0F1BD20700021617027
:1053F000A7803078A071718821817047F8B5054683
:105400000F4616462020D1F74AFD040033D0202154
:10541000D2F77EF86420FFF7E8FF30892082B17A66
:1054200001F00F01A17430792073F188E181F07AE5
:10543000E074317C2176F07AFFF766FF606148B155
:10544000002004E0F16831F8102000F015F8E17C4C
:105450008842F7DB307CFFF757FFE06150B1002056
:1054600005E0716931F81020E16900F006F8217E4D
:105470008842F6DB2DE0F1BD616921F81020401C67
:105480007047F8B500F007F8040003D000F039F8D1
:10549000652010E0F1BD05460F4616461020D1F7F5
:1054A000FEBCF8B5FFF7F7FF040003D000F029F8C1
:1054B000662000E0F1BD00F027F8E06048B1002070
:1054C00004E03118E26849791154401CA17A8842FD
:1054D000F7DB2146E8B2BDE8F440D1F703BDF8B5EB
:1054E000FFF7D9FF04000BD000F00BF8682000F0A4
:1054F0000BF8E06018B13279711DD1F72BFFE8E7A6
:10550000F1BD1021D2F704B8207000216170A7808E
:105510003078A071718821813079A0723079D1F70B
:1055200023BFF8B505460E4617460E20D1F7B7FC47
:1055300004000DD00E21D1F7EBFF6A20FFF7E0FE4B
:10554000A680E11D3878A0717888FFF7CDFCC0E710
:10555000F1BDF8B500F024F8040005D000F01DF806
:105560006C2000F059F9B4E7F1BDF8B500F018F877
:10557000040005D000F011F86B2000F04DF9A8E709
:10558000F1BDF8B500F00CF8040005D000F005F806
:105590006D2000F041F99CE7F1BD0821D1F7B8BFBB
:1055A000054617780E460820D1F779BC2DE9F84357
:1055B00000F035F8040030D0FFF7A3FF6E2000F0B4
:1055C000C1F80E2100F080F84843D1F7CDFE050068
:1055D000E06021D04FF000091BE00E212846D1F7F2
:1055E00097FF07EB09160822311D2846D1F7B2FEB6
:1055F000B07B2872F17B6972307CA872717CE97291
:10560000B07C2873F07C00B10120687309F10109B6
:105610000E35607A8145E0DBEBE0BDE8F183804642
:105620000D4617461020D1F73ABC2DE9F041FFF79F
:10563000F6FF040046D0FFF764FF6F20FFF760FE1F
:10564000A5801A263878A0717978E17100F03CF8CD
:1056500016FB00F0D1F788FE0500E0602BD0607AE1
:1056600016FB00F631462846D1F752FF3F1D0026B3
:105670001EE00822B91C281DD1F76CFE082207F194
:105680000A0105F10C00D1F765FE38886880761CA8
:10569000798A2980387D6875797DA975B87DE87526
:1056A000F97D6976387E2876797E29751A351A371C
:1056B000607A8642DDDB21465FFA88F0BDE8F04182
:1056C000D1F710BCBDE8F081B8782072F87860722C
:1056D0007047F8B50646FFF7A3FF040031D0FFF787
:1056E00010FF702000F02EF8FFF7EEFFC000D1F79A
:1056F0003BFE0500E06021D0617AC900D1F708FFC8
:10570000002118E007EBC10082882A80C3886B80E3
:10571000427A2A71837A9A0744BF0123AB71827A55
:10572000530744BF0122EA71807AC20744BF0120B7
:105730006871491C0835607A8142E3DB2146F0B28A
:10574000C9E6F1BD207000216170A5803878A07194
:105750007978E17170472DE9F84380460D46FFF7EF
:105760009CFE040043D0FFF7CCFE7120FFF7C8FD7C
:10577000A5801A273078A0717178E171B078207215
:10578000F078607217FB00F0D1F7EEFD0500E060E5
:105790002CD0607A17FB00F739462846D1F7B8FEBF
:1057A0004FF000091FE0388AE88117E0182101FB5B
:1057B00009F177180822391D2846D1F7CBFD387B2F
:1057C0002872F9896981387E28730328EBD1082271
:1057D00007F1100105F10E00D1F7BCFDB87EA875E8
:1057E00009F101091A35607A8145DFDB01E0BDE886
:1057F000F18321465FFA88F0BDE8F443D1F772BB2C
:10580000F8B5FFF7CDFE040005D0FFF7C6FE722005
:1058100000F002F85DE6F1BD207000216170A68005
:10582000A7717047F8B5FFF7BBFE040005D0FFF77E
:10583000B4FE7320FFF7F0FF4BE6F1BDF8B5FFF7BC
:10584000AFFE040005D0FFF7A8FE7420FFF7E4FFC9
:105850003FE6F1BDF8B505460F46FFF71FFD040012
:105860001AD01821D1F754FE7520FFF749FDA78003
:105870003078A0717168A1603089A0817189E1815F
:10588000307B2074D1F770FD606120B1227C06F17D
:105890000D01D1F75FFD1CE6F1BD70B5FFF7ABFC64
:1058A000040005D000F005F894202070E67021E592
:1058B00070BD0421D1F72CBE70B500F012F80400C1
:1058C0000ED00C21D1F724FE00F030F8CB2100F0EF
:1058D00062F82672656010B1007921460CE505E09A
:1058E00070BD05460E460C20D1F7D9BA2046BDE85A
:1058F0007040D1F7E8BA10B50320D1F7D0FA040010
:1059000013D00321D1F704FE00F010F8CA2100F0F3
:1059100042F828B100792146BDE81040D1F7E2BA3B
:105920002046BDE81040D1F7CEBA10BD2F484068E0
:10593000704770B506461220D1F7B1FA050017D0AE
:105940001221D1F7E5FD29484468C72129700020BC
:1059500068700A22B18929823146B07AA873281D5D
:10596000D1F7F8FC14B120792946C5E42846BEE7F2
:1059700070BD38B50546FFF740FC04000AD0FFF7BC
:1059800098FFFFF7D3FFC62100F005F8E57000B1DE
:1059900024E01EE031BD217000226270704738B5EE
:1059A000050015D00620D1F77AFA040010D00621A0
:1059B000D1F7AEFDFFF7BAFFC521FFF7ECFF2B785B
:1059C000E37069782171AA78627100B106E000E0A5
:1059D00031BD2046BDE83240D1F775BA0079214685
:1059E000BDE83440D1F77EBA7C052043E430002086
:1059F00070470100F8B50746444804781646002C65
:105A000014BF04F03F041C244578002D14BF05F09A
:105A10003F051D25CA075BD500212046DFF7A8F901
:105A200000212846DFF7A4F900211E20DFF7A0F9A6
:105A300037490A6852F8543F384698473188C00FB2
:105A400040F60202914218BFB1F5C15F04D043F69F
:105A5000070291420BD003E0F37B13F07F0F0BD1D1
:105A600020B32F212046DFF761F9322143E096F879
:105A7000241011F07F0FF3D048B100212046DFF74A
:105A800055F932212846DFF751F92F2137E000215F
:105A90002046DFF74BF900212846DFF747F90021C0
:105AA0001E20DFF743F901211E200DE000212046D2
:105AB000DFF73CF900212846DFF738F900211E20E6
:105AC000DFF734F901212046BDE8F440DFF750B993
:105AD000880719D500212046DFF74AF9002128461A
:105AE000DFF746F900211E20DFF742F900212046AA
:105AF000DFF71CF900212846DFF718F90021BDE87F
:105B0000F4401E20DFF712B9F1BD00BF21340000C0
:105B10007897002070470000DFF800F021EB0210BA
:105B2000DFF800F0CDEB0210DFF800F0B9DC021076
:105B3000F8B507460D46D0F7C1FF040030D0D1F7C5
:105B4000B5F806463DBBBD68204600F06FF88542BB
:105B500003DAB968204600F073F8124801687C182F
:105B60002046FFF7D9FFA0B92046FFF7D9FF846888
:105B7000FC60204600F05AF8B860EFF31185202051
:105B800080F3118829462046FFF7CEFF85F3118860
:105B900001E0012078603046BDE8F240D1F78AB8D4
:105BA000F1BD00BF10190000F8B584B00746D0F76A
:105BB00085FF040017D000F039F80546D1F776F8D4
:105BC00006467868012808D100217960FC60BD6034
:105BD0003046D1F76FF8002024E0F868A04204D1E5
:105BE0003046D1F767F801201CE0204600F080F82D
:105BF000002102940391C4F818D02A460A4B186871
:105C00006946384400F08AF8F86800F00FF8A842B6
:105C100003DAF868294600F013F83046D1F74AF85D
:105C20000020A06105B0F0BD101900008068704729
:105C3000DFF800F02FEB0210DFF800F0D9EB0210D4
:105C40002DE9F84F04460D46D1F730F88146CFF7DD
:105C5000BFFAD4F80880A845824638D0002D204EDF
:105C600005D520480168002706EB010B04E0B06968
:105C70000127AF4000EBC50B207D01281CD1204639
:105C8000FFF7D6FF206CFFF747FF18B17168E06897
:105C9000814371603069A04207D1C6F814B0214633
:105CA000DBF8000000F058F803E021465846FFF703
:105CB000C3FF706838437060A560E760C4F840B007
:105CC000002D44BF00207061012131815046CFF783
:105CD00080FA4846D0F7EEFF4046BDE8F28F00BF9D
:105CE00000110020E4100000DFF800F0B1D702102E
:105CF00038B50446CFF76CFA05462046FFF7F4FFA7
:105D00002846BDE83240CFF764BA0000DFF800F063
:105D1000D3EC0210DFF800F0D7EC0210F8B504461F
:105D20000D461646FFF7F2FF02E03846FFF7F2FF96
:105D30000746A7420AD0B868FFF778FFB042F4DA06
:105D400029463846BDE8F44000F006B8294620460A
:105D5000BDE8F440FFF770BF426808604A60116018
:105D60004160704710B50446A06F0288816874E0F6
:105D7000816FCA68896806E010B500F015F800F078
:105D800097F9BDE81040002300F070BC816FCA682D
:105D9000896806E010B500F007F800F089F9BDE861
:105DA0001040012300F062BC0446E26F9168C9B262
:105DB000EFF7C3BA816FCA68896802E0816F8A68A9
:105DC000C968002300F07DBC816FCA68896802E061
:105DD000816F8A68C968012300F073BC38B500F090
:105DE00024F818B900F06AFA2A681073286800F0DD
:105DF00018F8014600230CE038B500F016F818B981
:105E000000F05CFA2A681073286800F00AF801466E
:105E100001230A46204600F054FC4004000C32BD29
:105E2000E06F017B2046EFF788BA044604F17C0559
:105E30002968AA884868B0FBF2F302FB1300704798
:105E400010B50446E26F117BEFF796FAE16F087325
:105E5000FFF7E6FF0146A06F0288B4F880302046C5
:105E6000CEF7CCFF00F001F810BDE06F417B41F0B0
:105E700040014173A06F8088704738B50446E16FD8
:105E8000886880B9A06F058808E000F0BEFB00F0CC
:105E90007AF90246A9B200F054F96D1CA06F41884E
:105EA000AAB29142F1D200F0B0FB00F06CF90546C5
:105EB000B4F8801000F0B2FBA16F0B88C01881B25B
:105EC0002A4600F03EF9FFF7D0FF000932BD38B591
:105ED0000446A06F058808E000F097FB00F053F936
:105EE0000246A9B200F02DF96D1CA06F4188AAB23C
:105EF0009142F1D2FFF7B9FF800832BD38B50546AF
:105F0000E86F4068B0F5807FA4BF40F2FF11081A27
:105F10000F2808BF40F2CA3417D01A28B8BF262469
:105F200013DB3328B8BF24240FDB4C28B8BF1C2454
:105F30000BDB6528B8BF142407DB7E28B8BF0E240E
:105F400003DB9728B4BF0B240A24A96F8A68C968A9
:105F5000C3B2284600F04DFD0146A86F028800F04C
:105F600084F9E86F4168891CB1F5F97F416005D378
:105F7000427B0F2142F0400241604273204632BD15
:105F800010B50446E06F4068B0F5807FA4BF40F2D2
:105F9000FF11081AA16F8A68C968C3B2204600F0D1
:105FA00028FD00F020F8E06F4168091DB1F5007F81
:105FB000416000F049FAA06F8088C00910BD816F70
:105FC000CA688968002300F0B3BB816FCA6889681A
:105FD000012300F0ADBB10B500F03FF800F003F86E
:105FE00000F02CF810BD0146A06F0288B4F8803094
:105FF0002046CEF703BF70B500F02FF8A26FB4F8BB
:10600000803005461088D279411C5B1E16069BB273
:1060100007D58AB201462046EFF77DF8A06F418888
:1060200006E0024689B22046EFF775F8A06F0188B6
:106030002A4600F086F800F001F870BDE16F48686C
:10604000401C10F0FF00486003D1487B40F0400046
:106050004873A06F8088000A70470446E26F516859
:10606000C9B2EFF76AB9816F0B69CA68896800F035
:10607000B3BB00236FF07F424FF47F0100F0ACBB55
:10608000816FCB6889681A4600F0A6BB10B504463C
:10609000E06F017B491C01732046E26F117BEFF733
:1060A0004CF900F005F8BDE81040134600F094BB31
:1060B0000146A06FC26820467047F8B5044601202B
:1060C000A16FCA79B4F88010C2F3410500FA05F552
:1060D0004FF4807090FBF1F0E9B241430129D4BF45
:1060E000012545430027DFF8546516E0A16FCA6813
:1060F0008968C0196843C0B2335C204600F079FC5F
:106100000246A06FC1790B0659BF4188C91B01889F
:10611000791800F015F87F1CBFB2E16FB4F8802049
:1061200048689742E2DB401C10F0FF00486003D152
:10613000487B40F04000487300F073FA80B2F2BD33
:1061400089B22046EEF7B5BF816FCA68896800F052
:106150008ABB10B500F0BDF900F015F8FFF7A8FFF5
:10616000BDE8104000F07FBB816F896800F07EBC05
:1061700010B500F0AEF900F006F801462046BDE883
:10618000104000F073BC01462046EFF7D6B8816F8F
:106190008A68C96800F08EBC816F89686FF07F42A1
:1061A00000F088BC70B505460824A86F0288816895
:1061B00000F05BF8A86FC1790122C1F3410602FA31
:1061C00006F6F6B2B5F88010891B491C89B228463C
:1061D000EFF709F90246A86F01885218334692B2C8
:1061E0006FF07F4100F043F8641EEBD1E86F00F0E0
:1061F000DBF9A86F8088400970BD70B505460A2498
:10620000A86F0288C16800F030F8AE6FB38893FBC6
:10621000F4F40A225443E01A642493FBF4F4641C5B
:1062200064046421240C4843E96F4968A14200F2E8
:106230004C400AD2C80707D4B5F880303288B1681C
:1062400000F015F8142000E03220E96F4A68521C73
:10625000641CB2FBF4F304FB13244C601CB94A7BAE
:1062600042F040024A7380B270BDB5F880302846D3
:10627000CEF7C4BD816F0B69CA68896800F05DBC48
:10628000816F89686FF07F431A4600F056BC816FBA
:10629000896858E0816F8B681A463BE010B5044668
:1062A000E16F486818B900F009F8E16F0873FFF76B
:1062B000B7FD01462046BDE8104037E0097B204687
:1062C000EFF75AB82DE9F041044604F17C0528683F
:1062D00041688068AA884E1C0904090A91FBF2F102
:1062E00041181746C9B2FFF79DFD8046B6FBF7F08F
:1062F0002A68A98807FB10663604360A906896FB60
:10630000F1F14118C9B2FFF78DFD03464246204620
:10631000BDE8F0416FF07F4100F00FBC38B500F0F0
:1063200016F80146204601B0BDE830406FF07F42CC
:10633000134600F002BC38B500F009F801462046CB
:1063400001B0BDE830400023002200F0F6BB044657
:1063500004F17C004FF48073026885885168107ADC
:1063600093FBF5F5EDB205FB0101C9B22046EEF74E
:10637000E4BF816F896809E010B50446E26F117BC4
:10638000EEF7DBFF01462046BDE810406FF07F428C
:1063900000F03EBC816FCA68896800F088BCFF22AB
:1063A00001E04FF47F424FF47F0100F080BCDFF842
:1063B0009022DFF8901200F07ABC38B50446022330
:1063C000A26FE16FD5794868C5F3410203FA02F282
:1063D000D2B2B0FBF2F302FB130018B9FFF76EFF65
:1063E000E16F0873FFF71CFD01462046BDE8384009
:1063F0000A4600F05CBC38B5044600F076FAA36F9C
:10640000E16FD8794968B4F880509A6800F080004C
:10641000A94224BFC1EB4501891E10B15888411A19
:1064200001E01B88C918FFF78BFEE06F4168491C2B
:106430004160B4F880205200931E9BB2994200F054
:1064400003F800F0F5F828E005D3427B002142F084
:10645000400241604273704738B5044600F045FA87
:10646000E06F4168A06FC37982681D0647BF40880E
:10647000411A0388C918FFF763FEE16F4868B4F852
:106480008020401CB0FBF2F302FB1300486000F0D8
:10649000BFF8A06F8188B4F8800091FBF0F080B263
:1064A00032BD10B5044603212046EEF788FFA16FE8
:1064B00001EB800081680029F5D005E010B500F0FF
:1064C00008F8FFF760FE01462046BDE8104000F0E6
:1064D00030BC0446EEF763BF032100F0A6BC0621E2
:1064E00000F0A3BC012100F0A0BC2DE9FE4F044642
:1064F0000120A16FCA79C2F3410290405FFA80F98E
:10650000886802900026CA68009243F2196A0B69F3
:10651000019340F605080D880DE0A06F41887A19B7
:10652000914203DB79195A46FFF70AFE7F1C4F455B
:10653000F3DB4D44ADB2A16F4A88E06FAA422CDB79
:1065400008FB06A6310480683C4A06EB116108FB93
:1065500006A606EB262303F007035B1C01F0FF01F0
:10656000584301EB4000C0B2175C029820B9FFF716
:1065700059FC009A014609E0019828B1802903DB03
:10658000009A3B46014602E0009A02993B462046AB
:1065900000F02FFA00278346C9E700F005F8A06F46
:1065A00080884009BDE8FE8F417B41F04001417386
:1065B000704770B5FFF78DFF04F17805C00759BF2C
:1065C000296888682868006929688A68C9688A42D1
:1065D00003D100F01AF8FFF7D6FD0146204600F07F
:1065E000A8FB2A682B891088D279811C9B1E16066D
:1065F0009BB247BF8AB20146024689B22046EEF7F7
:106600008AFD28688088000970BD2046EEF7C7BE65
:1066100018B9487B40F04000487370472046EEF7B9
:10662000E2BEA06F8188B4F8800091FBF0F0704763
:10663000A06F8188B4F8800040007047843100006A
:106640000030FF0080004000816C0847C16C0847A3
:10665000016D0847416D0847816D0847C16D0847C6
:1066600001E0000000BF4FF47A707047F8B50546AE
:106670001C46EB6FAE6F1F7AF079FB0700F08000CD
:106680000ED500B9114600F016F8E86F00F050FA88
:10669000002CA86F808814BF1438400880B2F2BD67
:1066A00000B1114600F007F80CB11420F2BDA86F3C
:1066B00080884008F2BDB5F8803032882846CEF791
:1066C0009DBBF8B505460C46E96FAE6F4968B5F855
:1066D0008070F079B94200F0800007D2002822468D
:1066E00007BF3388C9187088411A04E0C91BD0B1AC
:1066F000DBB13088091889B22846EEF7DAFCE96F79
:10670000B5F880204868401C5200B0FBF2F302FB51
:106710001300486008B900F0E3F8A86F8188B5F865
:1067200080004000D5E0002BE3D07088411AE2E7FA
:106730002DE9F843044688461146E26F107B1D465A
:10674000002814BF4FF0FF394FF00109A06FC67940
:10675000B4F880300122C6F3410602FA06F6028838
:1067600000F0E1F9F6B2002718E0A06FC1790A063F
:1067700000D435B14188E06F4368C91AC91B00F0E5
:1067800091FAA06FC1790A0600D535B10188E06F92
:1067900043685918791800F085FA7F1CB742E4DB8A
:1067A000E16F486810EB0900486001D100F0BEF9C4
:1067B000E06FB4F880204168961BB6B2B14224BFA6
:1067C00001210173A06F8188B4F88000400091FB23
:1067D000F0F080B2BDE8F2832DE9F84F00F00FFA37
:1067E0006E00F6B2AC195FFA84FAC46F6468B4FB49
:1067F000FAFC0AFB1C4C00270446884691469B463F
:1068000012E0B042B8BF4A46A06FC1790B0659BF2B
:106810004188C91B0188791800F045FABDF80000CD
:106820007F1CBFB200F1010CB4F8800087420EDA81
:106830001FFA8CFC9CFBFAF00AFB10CCADF800C0F0
:106840005A46BDF80000A842DBDA4246DCE7E16FB9
:106850004A68521CB2FBF0F34A6000FB132000F0C0
:106860005FFABDE8F28FF8B504460D461146E26FB7
:106870005068D0B9A66FB4F88030328800F053F970
:10688000164BB4F880201E8840F6050743F21961C4
:10689000920807FB0616521CE16FB0B2504302EBA0
:1068A00010424A601E8000F01BF82046B4F88010A9
:1068B000EEF799FDA16F0B88C01881B22A4600F04F
:1068C000EEF9E06F4168491E4160A06F8188B4F81D
:1068D000800091FBF0F080B2F2BD00008034002017
:1068E000487B40F0400048737047816FC9682DE9CC
:1068F000F84F86B0836F0FF2D454DA790FF2D45682
:106900001F88C2F302120D0E14F802B0B45C059297
:10691000C1F3074CC1F3072E049501F0FF080646AA
:10692000CDF80CC0CDF808E05BE00499029D4FEA79
:10693000106CA1EB0C0A0399C0F30742C0F30723C4
:10694000A5EB030E00F0FF00891A5546A8EB0009DD
:10695000002D48BF6D42022D04DD4AFA0BF54AFABC
:1069600004FAAA440D46002D48BF6D42022D03DDF6
:1069700041FA0BF5214149197546002D48BF6D427A
:10698000022D04DD4EFA0BF54EFA04FEAE444D46E0
:10699000002D48BF6D42022D04DD49FA0BF549FA7E
:1069A00004F9A944D4445FFA8CF548440195C0B277
:1069B000009073448A18DBB2D2B2B9B23046EEF717
:1069C00084FB0DE0B9B23046CEF744FA05990029B0
:1069D000ABD1400820F08032B9B23046EEF769FB07
:1069E0007F1CB06F4188BAB29142EBD207B0BDE8CC
:1069F000F08F06B583B004210193009104AB03AA84
:106A000002A900F003F8029805B000BD2DE9F0419D
:106A10000D460799069C16460A00984606D1EEF7E1
:106A2000E4FB94FBF0F082B2314607E0FF2909D184
:106A3000EEF7DBFB94FBF0F082B241462846EEF71E
:106A400059FB10E000200CE0325C18F800309F1A6F
:106A500007FB01F3DF1103EB176302EB23222A5438
:106A6000401CA042F0DB2846BDE8F08170B504462A
:106A70000D46FFF73AFF03212046EEF7A0FCA8B928
:106A8000A16FCA790120C2F3410600FA06F6B4F8F4
:106A90008010F6B2891B00F03FF80246A06F018813
:106AA0005218334600F03DF800F041F8A06F80889E
:106AB000000970BDF8B504460E46E16F48681546FA
:106AC00030B9A76FB4F880303A88314600F02BF81F
:106AD000A06FC2790121C2F34107028801FA07F7CA
:106AE000E16FC889FFB282183B4692B2314600F08E
:106AF0001AF8B4F88010C91B00F00EF8E16FC881D5
:106B00003B46A26F1288821800F00BF800F00FF8D5
:106B1000A06F80884009F2BD491C89B22046EEF77B
:106B200062BC92B229462046CEF768B90873E06F7E
:106B3000417B41F04001417370472DE9F84F00F06F
:106B40005EF800260446884691469A4638E0018859
:106B5000591800F0A8F8A06F01887F1800F09DF880
:106B6000A06F01888B4452461FFA8BF125E052FA40
:106B700086F1B1FBFBF30BFB13139BB2E81890FB00
:106B8000FBF70BFB1707BFB2E91991FBFBF00BFBFF
:106B9000101BA06FC1790A064246D8D54188C91A90
:106BA00000F081F8A06F4188CF1B00F076F8A06F4D
:106BB0004188A1EB0B00524681B200F070F8761CC0
:106BC000E16FB4F880B04A68F3B2AB42CFDB05EBBB
:106BD0004505AD185D4501D1FFF782FEE06F4168C4
:106BE000B4F88020491CB1FBF2F802FB1811416097
:106BF000A06F818891FBF2F080B2BDE8F28F856FC3
:106C0000EE790124C6F3410504FA05F5EDB27047AB
:106C100070B504460D46E16F8B680920B3FBF0F0B8
:106C200000EBC000181AC0B2072829DC00EBD073B3
:106C30005B08B0EB430008BF15464968B4F88020F4
:106C4000481CB0FBF2F602FB1606A06FC2791306D1
:106C50002A4608D54088411A00F025F8A06F4188DF
:106C60002A468E1B07E00088091800F01CF8A06F68
:106C700001882A467618B1B200F011F81E2070BDC6
:106C800000F044F830B9097B2046EEF775FBE16F60
:106C9000FFF74CFF00F011F970BD4A46B9B220462B
:106CA000EEF707BA424689B22046EEF702BAF8B5C7
:106CB00004460D46A16FE06FCE7943680227C6F304
:106CC00041008740FFB23B4208BF15460888B4F830
:106CD0008020411C531E36069BB207D58AB201465E
:106CE0002046EEF718FAA06F418806E0024689B206
:106CF0002046EEF710FAA06F01882A46FFF7CFFF73
:106D0000E16F00F003F800F00BF8F2BD4868B4F84A
:106D10008020401CB0FBF2F302FB13004860704778
:106D200018B9487B40F040004873A06F8088000984
:106D300070472DE9F84381468846FFF7D6FDD9F81C
:106D4000000047684846EEF750FA09F178063268C5
:106D500051881288414300FB020289B292B20EE0D0
:106D6000131ABC5CFB5C04EB93058318FC5C05EB1D
:106D70009403B3F5807FA8BFFF23BB54521C8A4203
:106D8000EEDB3168CA790220C2F3410400FA04F450
:106D900099F86500E4B200BB00273089142190FB0C
:106DA000F1F00128D8BF0120B9B2814232DA0A21BC
:106DB0004846EEF704FB70B9318900F030F83168CD
:106DC0000A88801882B2234641464846CEF716F814
:106DD0007068FFF7ADFE7F1CDFE700250FE000F0D5
:106DE0001EF80246306801885218234692B2414686
:106DF0004846CEF703F87068FFF79AFE6D1C31899C
:106E000008460A2290FBF2F00128D8BF0120AAB25E
:106E10008242E4DB306880880009BDE8F283091B08
:106E2000491C89B24846EEF7DEBA2DE9FC47826F6D
:106E300097684FEA176A3D023B042D0E4FEA13692B
:106E4000FFB24B46B945B8BF3B469D42A8BF2B4653
:106E50009A45A8BF5346168893FBF1F804460FE005
:106E6000B5EB020C4CBF0022AA1AC0B2C9B2019005
:106E70000091DBB2D2B2B1B22046EEF726F9761C11
:106E8000A06F4188B2B2914211D35FFA88F12046D7
:106E9000EEF795FA0246BAEB020048BF0020B91A95
:106EA00048BF0021B9EB020348BF0023D8E7FFF732
:106EB0003EFE00F002F8BDE8F687A06F8188B4F8C6
:106EC000800091FBF0F080B27047000000010101EA
:106ED000020304060002030808080808F8B586B093
:106EE000C46823788DF804300126837803F03F05C9
:106EF00003F01F038DF8085006FA03F30393130100
:106F0000C57805F03F0705F01F0506FA05F505955C
:106F10008DF8107000250095807CC50608D51000FE
:106F200008D0FF2A0AD040F6FF720020D31A0AE0E8
:106F3000FF2A02D11020002305E01AB900204FF4E7
:106F4000805300E000208DF8023000221B041B0E4D
:106F50008DF800208DF801008DF8033009B1FA2179
:106F600004E0617801F00F018900891D6B4604225D
:106F700001A8F6F7E5FE07B0F0BD002904BF1278BE
:106F8000FFF7ACBF70472DE9F8470F4687B0824640
:106F900097F8009097F802800020019001AA012143
:106FA0005046CFF73DFA702500281EBF01980028F3
:106FB00005467848784A007800242C2102F10C0616
:106FC00000E0641CE3B283421AD24B4302EB030C91
:106FD0009CF800E00EF07F0EBEF1280F04BF9CF875
:106FE00002C0CC4501BFF35893F800C05FFA85FE9C
:106FF000F445E6D15C78240914F0010401D1C5E020
:107000000224484316187A790023D20951462820D1
:10701000DDF782F80020B07186F801A086F80290B2
:1070200086F8038001AA5D48B0600221F7683D70D0
:107030005046CFF7F5F94FF4482538B30198000BC7
:107040000190797860F3030179700198000901904B
:107050000199787800F0BF0001F0010140EA811049
:10706000787000F0DF000199490801F0010140EA61
:10707000411078700198C0F30B150DB9C82504E0D4
:1070800040F6AC508542C8BF05462D03022C78D18E
:1070900039788DF8081009F03F02012109F01F002E
:1070A0008DF80C2001FA00F0049008F03F0208F07F
:1070B0001F008DF8142001FA00F0069002A8F46871
:1070C000F6F7EEFC607800F0EF00607000218DF8BC
:1070D00001106A4602A8F6F770FF002851D00DF1A2
:1070E0000102FE2102A8F6F768FF10B32C48B0FB9E
:1070F000F5F56D1E032D38BF032502D3FF2D88BF84
:10710000FF259DF80100A84213D09DF80010C80685
:1071100008D441F010018DF8001000219DF80020E6
:1071200000F040F88DF80150FE219DF8012000F09C
:1071300039F80DF10102012102A8F6F73EFFA0B1D6
:10714000617800204A0648BF0420890648BF40F005
:1071500010009DF80110884203D00246012100F082
:1071600021F8607840F01000607021208DF8000058
:107170002122002100F016F8002201213046FFF7FD
:10718000ADFE317C00223046DCF728FC08B0BDE8BB
:10719000F087000041980020647C00207B6F030092
:1071A00040787D0102A8F6F7C5BD00001428A8BFED
:1071B000132040B2D3F791B838B50C2A08BF552B2D
:1071C0002FD104990A002AD02C223A4B50431C1884
:1071D0000598022904F1080514D190ED000ABCEECF
:1071E000C00A10EE101A15291BD229706078CFF74B
:1071F0000BFA2878FFF7DAFF607801228021D9F7AF
:1072000086FA0CE001290CD1297800EE101AB8EEAC
:10721000400A8DED000A04226946CEF7DAFC01200F
:1072200032BD002032BD0020704710B52C23214C08
:10723000594321440831012805D1D20703D50878E4
:10724000BDE81040B2E710BDF8B51B4D194A2E78C5
:107250002C214E430446164406F1180017A11422AF
:10726000D1F768FE12273772002000906A4601218C
:107270002046CFF7D5F808B1009830720021009170
:1072800020466946CFF7BCF910B10098307205E08E
:10729000307A009001462046CFF7B6F9307AFFF7F2
:1072A00085FF287832220121CFF76AF82878401C20
:1072B0002870F1BD647C002041980020000000008F
:1072C000277203002B720300B97103000300000052
:1072D00010B50120CFF7F4F8040001D1002010BD53
:1072E000D6F796F900EE100AB8EE400A84ED010ACE
:1072F000204610BD30B50649064C0A7815462C20AC
:1073000045436019044BC361521C0A7030BD000034
:1073100041980020647C0020D17203002DE9F14FD8
:1073200082B00578ADA14F5DADF80070002F4FF031
:10733000000859D00D2D4FF6FF7AA34E13D1B26835
:10734000D2F82834694653209847BDF800004FF61C
:10735000FE7188421FBF504502990889002800F03D
:10736000D1800C46B0E0052D4FF0240907D10298DA
:107370008178012938D0027CB81824300BE0072D21
:107380000CD10299887800280FBF07F11B008A7D75
:1073900019FB02F2D019ADF8000008E00C2D06D15F
:1073A00002984168C88AC10548BF4FF00108BDF87E
:1073B0000000CFF774FD04001AD10C2D14D10299EE
:1073C0004868002810D0D1F722FF00F0DBF8834690
:1073D0000298001D9047BDF80000CFF760FD040043
:1073E000584602D1D1F73AFFCAE0D1F737FF01E0A2
:1073F000072D1BD002993A462046CFF7ABFF052D4B
:1074000012D16168242204F11800CFF7A3FF04F120
:1074100018006060227C61692430CFF79BFF6068B0
:1074200000F1240161614FE0072D4DD102980178F0
:107430002170029A5078607002998878A070029941
:10744000CA78E27002994A798B7902EB0322CB79F0
:1074500002EB03420B7A02EB0362626098B91B20D5
:1074600020721B220298816904F11000CFF772FF8D
:1074700004F11000E06002998869CFF776FF029965
:107480000020886120E00298807D207200281EBFC5
:107490000299896900290AD019FB00F94A4604F1CA
:1074A0001000CFF757FF04F11000E06002E0002168
:1074B000E16021720298806930B1CFF756FF0299DE
:1074C00000208861029988754048016819B12046FA
:1074D000884700284BD10D2D30D102984068417863
:1074E000007800F00302022A0CDA394A937CC0F3D8
:1074F0008300984201BF11F0C00F029890F830103D
:10750000022904D000F03EF802A8904738E094F831
:10751000470004F1460100F03DF80298418E5145C4
:107520001DD141688879022819DB2046E1F70CFF5C
:1075300030B300F027F802A8904721E00C2D0ED1BF
:10754000029841781A291CBF6068002807D0807D06
:10755000C10704D5207C04F10F0100F01BF8B8F13D
:10756000000F04D11B4800782146CFF7BBFC0C2D3F
:1075700006D10299486818B1081D00F003F8904739
:10758000BDE8F78FB168D1F85423704700207047E9
:1075900000207047104A1278A2B10B783228B8BF89
:1075A000322002DB6F28A8BF6E20012A04D13238B6
:1075B00058433C2290FBF2F398B2B0F5807FA8BF0D
:1075C000FF230B70704700000C010020A8960020DC
:1075D00058870020659800205B9800200016100056
:1075E00000181510020002241458000010000000BA
:1075F0000100C9B28139032901D204201EE0010033
:10760000C9B2012907D00100C9B2032903D0010082
:10761000C9B2802901D1012010E00100C9B20229BC
:1076200001D102200AE00100C9B28439022902D343
:10763000C0B2882801D1032000E00020704701007B
:10764000C9B2002905D00100C9B2062901DA01201A
:1076500006E0C0B280380A2801D2022000E00020F3
:1076600070470100C9B24039252902D24038C0B262
:1076700008E00100C9B2E039192902D24530C0B290
:1076800000E0FF207047C22070471CB50E218DF826
:107690000010C0B2F8282ED1DFF83C4DA068D0F819
:1076A000D40090F88400002812D014208DF8000037
:1076B000A068D0F8D40090F942009DF900108842EB
:1076C00015D06946E020A268D2F8302490470EE039
:1076D000A068D0F8D40090F942009DF900108842CB
:1076E00005D06946E020A268D2F830249047A0680F
:1076F000D0F8CC03804713BDF0B58DB00500D1F7AD
:1077000086FD0600DFF8D07C1022696809A8BB68F6
:10771000D3F808311B6838331B6898470400002CE5
:107720002AD16846B968D1F808110968103109688A
:10773000884709A80090A8680190288B0690E868FF
:107740000290E8680390688B0790686904900D20A8
:107750008DF8200028690590A88B8DF821006946D6
:10776000B868D0F804010068BA68D2F80821126835
:1077700014321268904704003000D1F76FFD002CDE
:1077800001D1002000E0E420C0B20DB0F0BDF0B5A2
:107790008DB00500D1F73BFD0600DFF83C7C1022E0
:1077A000696809A8BB68D3F808311B6838331B68BF
:1077B00098470400002C31D16846B968D1F8081107
:1077C000096810310968884709A80090A8680190E5
:1077D000288B0690E8680290E8680390698BA88B74
:1077E000091A0791686904900D208DF82000E96856
:1077F0006A8BA88B121A01EB02000590A88B8DF8FA
:1078000021006946B868D0F804010068BA68D2F867
:107810000821126818321268904704003000D1F72E
:107820001DFD002C01D1002000E0E420C0B20DB00D
:10783000F0BD2DE9F8430D000026002D00D1E8260B
:107840000400002C00D1E8263000C0B2002802D08D
:107850003000C0B278E06068401E60603F20616820
:107860000870A06D002806D06068401E606000208F
:107870006168087005E06068401E60608020616893
:1078800008702089801C20810220A4F85400002761
:107890000AE0208919EB00002081B4F8540019EBAC
:1078A0000009A4F854907F1C3800C0B2022847DABF
:1078B0003800C0B215F83000FF2841D03800C0B2FF
:1078C00015F830002A28EED13800C0B205EBC00010
:1078D00040680028E7D0DFF8008B3800C0B205EB25
:1078E000C0004068D8F80810D1F8B81089698847F6
:1078F00081466068494689B2494208446060380060
:10790000C0B205EBC000007940071FD5D8F80C00C5
:10791000806800788DF800006B4622003800C0B205
:1079200005EBC00041686068D8F808C0DCF8B8C052
:10793000DCF81CC0E0470028ABD1EB20C0B203E06C
:10794000606820653000C0B2BDE8F28300232200E9
:107950003800C0B205EBC00041686068D8F808C0C4
:10796000DCF8B8C0DCF81CC0E047002891D1EB205F
:10797000C0B2E9E738B5DFF8584DA068D0F8D400B8
:10798000457B002000200020A16849694877A06855
:10799000C06890F83000401CA168C96881F83000C8
:1079A000A068C06890F83000042808D1A068D0F81A
:1079B00064018047A068D0F86C0180474EE0202029
:1079C000E168C96B8847A068D0F8D40090F84F00F0
:1079D0000F281CD0A0684069807FA168D1F8D4101E
:1079E000497B884213D2A068D0F8D40090F84F5059
:1079F000A0684069807FA168D1F8D4104873A0685E
:107A0000D0F8D400407BA168D1F814158847A0684D
:107A10000069EDB230F815200121A068C06890F827
:107A20003000C0B2400081404A434FF47071A068FA
:107A3000D0F8D400407B11FA00F08008904200D2C8
:107A40000200A068D0F8D400407B8140B1EB420135
:107A5000A068C068A268D2F8F024904731BD10B584
:107A600000200020DFF870490120A16849694877AB
:107A7000A068D0F8D400407B0F2804D1A068D0F8CB
:107A80006401804733E00120A168D1F8A810087094
:107A90002020E168096C8847DFF8380CA168C968C4
:107AA0008861A0680069A168D1F8D410497B30F8DA
:107AB00011100122A068C06890F83000C0B24000E8
:107AC000824051434FF47072A068D0F8D400407BDC
:107AD00012FA00F08008884200D201004900963175
:107AE000A068C0681030A268D2F8F024904710BD9A
:107AF000002100E0491C0A0052B2082A06DA0A00F6
:107B000052B2825CFF2AF5D0002000E001207047CD
:107B1000DD207047DC207047F3207047F0B58BB054
:107B200004000025DFF8A86BB068D0F83C0380475C
:107B3000002802D0FC20C0B267E0112221006F466D
:107B40003800D1F7E7F9607C8DF81100A07C8DF842
:107B50001200E07C8DF81300B068D0F8D40090F8E3
:107B600053008DF81400607D8DF81500A07D00286D
:107B700001D0012000E000208DF81600E07D8DF896
:107B80001700207E8DF8180094F824008DF824004A
:107B900094F825008DF82500E08CADF826000B2226
:107BA00014F119010DF119073800D1F7B3F9607C10
:107BB00000280ED18120CFF7D7FB04000A94002CB7
:107BC00005D08121FF222000CFF72EFC11E01A25DD
:107BD0000FE000200A909DF81500002809D09DF8BC
:107BE000150024214843CFF7BFFB0A90002800D19D
:107BF0001A252800C0B2002805D169460720B268BE
:107C0000D2F8442390472800C0B20BB0F0BD7CB539
:107C1000040094F83000032803D194F83A000328B4
:107C200007D0E820DFF8A81A8968D1F8F410487066
:107C30004AE0DFF89C5A0822A868D0F8D40010F176
:107C4000160114F12800DAF701FA002805D0EA201D
:107C5000A968D1F8F410487036E014F128014A20E0
:107C6000AA68D2F8302490476068017842781202FE
:107C700052FA81F1ADF80010861C69465020AA68BE
:107C8000D2F83024904730787178090251FA80F0A8
:107C9000ADF80000B61C69464B20AA68D2F8302423
:107CA0009047701C01784078000250FA81F0ADF8DE
:107CB000000069465320AA68D2F83024904700207B
:107CC000A968D1F8F41048702A2020702000DFF84D
:107CD000001A8968D1F84013884773BD80B5DFF872
:107CE000F019FF2288684069027688684069C07E82
:107CF000012825D100208B685B69D8768868C06B25
:107D0000C07A00282CD08868D0F8D40090F84300BE
:107D10008DF800008868D0F8D40090F852008DF8F3
:107D200001008868D0F8D40090F853008DF8020064
:107D30008DF8032068468968D1F8D41388470FE08E
:107D40008868D0F8D40090F82C008A68D2F8D42043
:107D5000527B904204D0C868406C8047DDF7EFFE4C
:107D600001BDF8B5DFF8544C2088002816D1012158
:107D7000DFF85C098068D0F8F400C08F8140491CAE
:107D8000DFF83C0C007841434FF4707041434FF4EE
:107D90007A70B1FBF0F0DFF82C1C08802088DFF847
:107DA000241C0988884221D2DFF81C0C0068DFF807
:107DB0001C1C0968403109688847DFF8141C0A78E0
:107DC0000300DBB29A4200D208702088401C208059
:107DD000CDF78BF9DFF8FC3B0022DFF8FC1B4FF4FA
:107DE0007A74B4FBF0F0CFF731FA46E0DFF8E05BED
:107DF00095F9000040B2F3F7E2F8DFF8D428916873
:107E0000D1F8F41089699368D3F8F43093F84430CA
:107E1000C8549068D0F8F40090F8440008219368A2
:107E2000D3F8F43093F84430082693FBF6F39668C1
:107E3000D6F8F46033449668D6F8F46096F8446057
:107E4000082796FBF7F69768D7F8F4703E447679E2
:107E5000012790FBF1FC01FB1C0017FA00F036EA49
:107E600000005871002020800020287004219068B4
:107E7000D0F894000078CFF7B0F8F1BD30B585B0F8
:107E80000021DFF84C48A168096F91F82B100029F8
:107E900035D1A168D1F8D410897800292FD0C168D4
:107EA000007AA268D2F88821904705002800C0B265
:107EB000002824D0A068006F90F82B0050F0040038
:107EC000A168096F81F82B0002A8A168D1F85C13A2
:107ED00088470120E168896A8847A068006F2030E0
:107EE000019001200090A068D0F8D400C38C02AAB1
:107EF0002900C9B20520A468D4F87843A04705B08A
:107F000030BD38B50500DFF8C847A0684069407F3C
:107F1000002800F0FE80B5F84200A168D1F8D41026
:107F2000C98C884240F0F58015F12800A168D1F88D
:107F30006C138847002800F0EC800020A168496994
:107F40004877A068D0F8D40090F82900002803D022
:107F50000220E168896A8847A068006F90F82B00CA
:107F6000002803D00120E168896A8847287CC00680
:107F700008D51020E168896A88478020A168D1F877
:107F8000281388472020E168C96B8847A068C0682B
:107F90001030A168D1F8FC148847686800786968D7
:107FA0004978090251FA80F0010089B2091211F0F2
:107FB0000F01A26852695176010089B2090B11F0D4
:107FC0000101A2685269917610F00F01A26852690E
:107FD0009177C0F30310A168D1F8D41081F82C0078
:107FE000A068D0F8D40090F84F000F2817D0A068F0
:107FF0004069807FA168D1F8D41091F84F10884271
:108000000DD26868C078002809D1A068D0F8D400E3
:1080100090F84F00A168D1F8D410487306E0A0682A
:108020004069807FA168D1F8D41048730020A1680E
:10803000C96881F83000A068D0F8D400407B0F28D0
:108040005AD0A068D0F8D400417B2800A268D2F8AA
:108050000C259047A0684069C07E02281BD1A0680B
:10806000C068A168D1F8FC1488474FF47071A0680B
:10807000D0F8D400407B8140A0680069A268D2F8A3
:10808000D420527B30F81200091AA068C068A26898
:10809000D2F8F02490472A89A068D0F8D40090F84C
:1080A0002C100220A368D3F8B4319847A068D0F808
:1080B000D40090F82C00A168D1F8D410497B8842F4
:1080C00014D0A0684069A168D1F8FC148847A06862
:1080D000D0F87C01A16849698860A068406941695D
:1080E000A0684069A268D2F8F02490471020A168E7
:1080F000D1F8281388470CE0A0684069C07E0228A8
:1081000007D1A068D0F864018047A068D0F86C015E
:10811000804731BD78B585B00500AF4CA068D0F878
:10812000F40090F84400822806D10020A168D1F81C
:10813000F41081F844000AE0A068D0F8F40090F848
:108140004400401CA168D1F8F41081F84400A068F4
:10815000D0F8F40090F84400082190FBF1F0A168F9
:10816000D1F8F410084490F82C00A168D1F8F4106C
:1081700091F84410082291FBF2F1A268D2F8F420A1
:108180001144A268D2F8F42092F84420082392FB0C
:10819000F3F2A368D3F8F4301A4492F82C20D2B248
:1081A000520881F82C20C0B2C00712D4A068D0F8C1
:1081B000F40090F84400401CA168D1F8F41081F854
:1081C0004400A068D0F8F40090F844008128BEDB99
:1081D000FFE7A068D0F8F40090F84400812877DA2F
:1081E000A068D0F8F40010F14401E120A268D2F8B0
:1081F0003024904702208DF810004FF6FF73ADF841
:108200000830A068D0F8F400807800281BD1CCF7A3
:108210006CFFDFF8C0370022DFF8BC174FF47A7626
:10822000B6FBF0F0CFF712F8002862D01A20A16850
:10823000D1F8F41048702A2028702800A168D1F8DD
:108240004013884755E0A068D0F8F40080780228F1
:1082500005D12800A168D1F86814884749E0A068D2
:10826000D0F8F4008078012802D10820802101E0B4
:1082700007208321A268D2F8F4204932019200221B
:10828000009202AAC9B2C0B2A668D6F87863B04715
:108290000100C9B2DB290FD00100C9B2E5290BD01A
:1082A0000100C9B2F32907D00100C9B2DF2903D008
:1082B0000100C9B2E8291CD1A168D1F8F4104870B6
:1082C0002A2028702800A168D1F84013884710E0C0
:1082D000A068D0F8F4008078002803D1DFF8F40615
:1082E000CFF702F82A2028702800A168D1F840139F
:1082F000884706B070BDF8B584B004006078F328F4
:1083000062D06078DF285FD06078E8285CD0607841
:10831000DB2859D0DFF8B8532000A968D1F8FC1148
:10832000884706003000C0B200284CD1607C00288D
:1083300049D094F83400002845D1A868D0F8B80096
:10834000007800283FD114F112010920AA68D2F860
:10835000342290470700002835D014F10B01E720A4
:10836000AA68D2F83024904714F108015020AA6876
:10837000D2F83024904714F10A01E120AA68D2F81B
:108380003024904702208DF80C004FF6FF72ADF8B4
:108390000420A07A0090238901A93800AD68D5F89F
:1083A000C051A84706003000C0B2F3280BD03000FF
:1083B000C0B2DF2807D03000C0B2E82803D03000B8
:1083C000C0B2DB2806D166702000C1498968D1F8A7
:1083D0000412884705B0F0BD0C010020F8B584B048
:1083E0000400BB4D2000A968D1F8FC1188470600A5
:1083F0003000C0B2002846D12000A968D1F82C1165
:10840000884706003000C0B200283CD1607C0028BC
:1084100039D094F83400002835D1A868D0F8B800D5
:10842000007800282FD114F112010920AA68D2F88F
:10843000342290470700002825D014F10B01E720D3
:10844000AA68D2F83024904714F108015020AA6895
:10845000D2F83024904714F10A01E120AA68D2F83A
:108460003024904702208DF80C004FF6FF72ADF8D3
:108470000420A07A0090238901A93800AC68D4F8C0
:10848000C041A04705E066702000A968D1F84411FA
:10849000884705B0F0BD00207047002070470020DD
:1084A0007047002070470020704700207047002070
:1084B0007047002070470020704700207047002060
:1084C00070472DE9F8438CB00600814CA068D0F8C5
:1084D0000001807AC000CEF747FF0A900A98002872
:1084E00001D11A20F1E0D0F792FE0500002719E033
:1084F000FF2202AB84465FFA8CFC6344DA70401CB6
:1085000002000B00D2B2DBB29A42F1D3002102AAE0
:10851000C0B21044C17002A9D020A268D2F894243D
:1085200090477F1C3800A168D1F80011C97AC0B209
:10853000884223D2ADF808608DF80A7002A9D020D5
:10854000A268D2F8882490470028EAD19DF8140048
:10855000012803D19DF81300002807D19DF81400CD
:108560000028DED19DF80F000028DAD004219DF804
:108570001400002800D008210020C1E7002713E0E4
:1085800011E000210A9A0300DBB242F833100A9985
:10859000C0B201EBC000A0F8048006A9D420A268F4
:1085A000D2F8942490477F1C3800C0B2A168D1F85B
:1085B0000011C98880B2884280F08080ADF80060E8
:1085C0003800C0B2ADF802006946D120A268D2F8E6
:1085D000882490470028D3D14FF6FF78BDF80400D7
:1085E0004045CDD0BDF80400ADF8180006A9D42050
:1085F000A268D2F888249047002802D15FF00009D1
:1086000009E02800D0F72AFE0A98CEF7AEFE19201E
:108610005BE019F101094846A168D1F80011C98849
:1086200080B2884211D2ADF80060ADF80290694680
:10863000D120A268D2F8882490470028E9D1BDF85B
:108640000400BDF818108842E3D1A068D0F80001FA
:10865000C0881FFA89F98145A5D1ADF81C80ADF815
:108660001E800821FF220DF120094846CEF7DCFECE
:10867000002000E0401C0100A268D2F80021927A9C
:10868000C9B2914209D20A990200D2B201EBC201E9
:108690008988320092B29142ECD10100A268D2F8EE
:1086A0000021927AC9B29142FFF46BAF2800D0F753
:1086B000D5FD0A98CEF759FE192006E02800D0F71C
:1086C000CDFD0A98CEF751FE00200DB0BDE8F08335
:1086D0000C010020757903002DE9F8438CB0DFF818
:1086E000D456A868D0F80001807AC000CEF73CFECE
:1086F0000A900A98002801D11A209AE0D0F787FD45
:108700000600002734E0002418F101084046A9685B
:10871000D1F80011C97AC0B2884225D2ADF80870EC
:108720008DF80A8002A9D020AA68D2F88824904740
:108730000028E9D19DF814000128E4D19DF8130028
:108740000028E0D1002000E0401C0100C9B2082947
:1087500006DA02A90200D2B21144C978FF29F3D087
:10876000C0B20828CFD10124E4B2002C0CD07F1C69
:108770003800A968D1F80011098980B2884251D225
:1087800001245FF00008C1E7002419E0ADF81C8067
:10879000ADF81E800821FF220DF120094846CEF7D2
:1087A00043FE06A9D420AA68D2F894249047ADF8D5
:1087B00004806946D120AA68D2F894249047641CAA
:1087C0002000C0B2A968D1F80011C98880B28842DF
:1087D000CDD2ADF800702000C0B2ADF802006946FD
:1087E000D120AA68D2F888249047002805D14FF6F6
:1087F000FF78BDF80400404500D1E0E7BDF8040073
:10880000ADF8180006A9D420AA68D2F888249047A9
:108810000028BBD03000D0F721FD0A98CEF7A5FD87
:10882000192006E03000D0F719FD0A98CEF79DFD1B
:1088300000200DB0BDE8F08338B5DFF87845E0687A
:10884000D0F888008047D0F7E2FC0500E068C06DF2
:108850008047A068D0F8D40090F94200E168496AE6
:108860008847A068D0F8AC000078E168896C884738
:10887000A068D0F8D400C08CE168096E8847A06871
:10888000D0F8D400408DE168496E8847A068D0F8E0
:10889000D4004430E168896E88472800D0F7DEFCB8
:1088A000A068D0F8D40090F84300E168096B8847CD
:1088B000A068D0F8D40010F129015220A268D2F8A3
:1088C0003024904731BDDFF8EC048168D1F888137B
:1088D0008268D2F8B02011608168D1F89C13826858
:1088E000D2F8B02051608168D1F8A0138268D2F824
:1088F000B02091608168D1F880128268D2F8B020EF
:10890000D1608168D1F8A4138268D2F8B0201161D7
:108910008168D1F87C128268D2F8B02051618168F8
:10892000D1F884128268D2F8B02091610021826867
:10893000D2F8B020D1618168D1F88C138268D2F866
:10894000B020116200218268D2F8B02051620FF28B
:108950008D018268D2F8B02091620FF28D01826899
:10896000D2F8B020D1628168D1F848148268D2F878
:10897000B42011608168D1F8A8138268D2F8B420BD
:1089800051608168D1F8AC138268D2F8B42091604C
:108990008168D1F8B4138268D2F8B420D1608168BC
:1089A000D1F8B0138268D2F8B42011610021806838
:1089B000D0F8AC0001707047000000001C98002047
:1089C0008E9800201E980020649700207897002041
:1089D0006D98002018970020637D030080B5E92082
:1089E000EEF78BFA01BD000080B5ECF703FF01BD87
:1089F000F8B504000026DFF8BC53A868D0F8B8002A
:108A00000078002842D094F8980000281AD1252038
:108A10002075A868006C0068807D400605D5A868B0
:108A2000D0F8D40090F84E0004E0A868D0F8D40044
:108A300090F8250084F86A0094F86A00801C84F895
:108A40006A0014E015202075A868006C0068807D1D
:108A5000400605D5A868D0F8D40090F84E0004E090
:108A6000A868D0F8D40090F8250084F86A000420A3
:108A700084F86B00002084F869000A2214F1900148
:108A800014F170073800D0F745FA01E00120207595
:108A9000B4F89E00E08294F8A000E07694F8A1007B
:108AA000207794F82C000F2810D0B4F8A8000028E4
:108AB00001D1012200E000220023D2B214F12C01E6
:108AC0002000AE68D6F80463B04706003000C0B29C
:108AD000002802D03000C0B23DE094F83C00FF28EE
:108AE00002D1A06D002807D014F13C012000AA6833
:108AF000D2F8FC22904706003000C0B2002802D015
:108B00003000C0B227E000200090B4F89A3014F191
:108B1000900294F89C102000AE68D6F87463B047B9
:108B200006003000C0B2002813D1A868D0F80001B8
:108B3000C0892189884207D2E52060702000A96899
:108B4000D1F86C12884704E02000A968D1F87812A7
:108B500088473000C0B2F2BD38B50400207D01283E
:108B600008D0207D152805D0207D252802D0207D25
:108B7000352820D1207E00071DD48E4DA868D0F85E
:108B8000D40090F8820000280ED060781B280BD10A
:108B90000120E968896A88474FF48060A968D1F8A4
:108BA0002C1388470020607061782000AA68D2F8F2
:108BB0003023904738E0207E40060BD57D498868F9
:108BC000006D0068002804D060788968096D096824
:108BD000884729E0207D012802D0207D152805D175
:108BE000207E000702D53120207015E060781B2818
:108BF00002D1232020700FE06078002806D16D4854
:108C00008068406B217D405C207005E06948806889
:108C1000806B217D405C2070210066488068D0F820
:108C200094000078CEF75EF931BD38B5614CA0688C
:108C30004069007EFF2801D1002062E0A068D0F8E2
:108C4000D40090F88300022818D1A068D0F8040559
:108C500080470100A06840694069411AA068C06B64
:108C60000089081AA1680969A268D2F8D42092F88C
:108C70002C2031F81210B0EB011038E0A0684069E8
:108C8000807E002818D0A0684069007E022813D199
:108C9000A068D0F8040580470100A0684069006919
:108CA000091AA068D0F8D4000079E26852681278F6
:108CB000083202FB10101AE0A068D0F804058047C3
:108CC000A16849694969081AA168C96B0989401AEC
:108CD000A1680969A268D2F8D42092F82C2031F852
:108CE0001250451BE068D0F8B4008047281A0028CD
:108CF00001D5002005E04FF6FF71884200DB080037
:108D000080B232BD3EB5417E090652D5017D0129B2
:108D100005D0017D032902D0017D042949D1254DCB
:108D2000A968D1F89810097A11F00A0F41D041686A
:108D30004978C1F381018DF808109DF808100229C7
:108D40000ED1416849794268927951EA0221ADF821
:108D500000104168CC784068007954EA002408E0AB
:108D60009DF80810032904D14068411D6846D5F7D5
:108D7000ABFA210089B26846EA68526F9047010059
:108D8000C9B21E2902D0C0B2002809D1E868006D1E
:108D90008047FE280DD10020E968496D884708E02A
:108DA000E868006D8047FF2803D10120E968496D1C
:108DB000884737BD0C01002000203C4908707047EF
:108DC000704738B50400394D28782100C9B288426F
:108DD00001D1002013E0287800280FD134488068A2
:108DE000D0F838038047002808D02000C0B200F037
:108DF0007BF8002802D02C70002000E0E22032BD79
:108E000010B52A4C2078002803D000F055F8002037
:108E1000207010BD254800787047F8B504000D009B
:108E2000D0F7F5F90600E4B2002C15D00121204856
:108E30008068D0F894000078CEF7CAF93000D0F7F7
:108E40000DFA2800C0B2F2F701F9F1F77DFD002814
:108E500001D1F2F769F927E0154CA068D0F8380382
:108E6000804700281DD000F087F8002819D0E0685E
:108E700080690078002814D1DCF7CFFC0D4F3878DA
:108E800000280ED10021A068D0F894000078CEF719
:108E90009FF9002803D12800C0B2F2F7B3F80020F0
:108EA00038703000D0F7DAF9F1BD00006E9800207C
:108EB0000C0100208F98002010B5414C207800282C
:108EC00011D02078022802D1ECF781FD07E020784C
:108ED000012804D03B488068D0F84C05804700202A
:108EE0002070ECF787FC10BD70B50400D0F78FF947
:108EF0000500334E3078002804D032488068D0F81E
:108F00004C05804730480078002804D02D48806800
:108F1000D0F84C0580472D480078002813D12C4804
:108F2000007800280FD12B48007800280BD12A4860
:108F30000078002807D129480078002803D1284864
:108F40000078002804D02800D0F788F9002012E02B
:108F5000ECF7B4FC34702800D0F780F92000C0B2E0
:108F6000012807D0E4B2022C04D016488068D0F85B
:108F70004C058047012070BD1448007800281BD1A3
:108F800013480078002817D112480078002813D120
:108F90001148007800280FD11048007800280BD124
:108FA00010480078002807D10F480078002803D126
:108FB0000E480078002801D0002000E00120704712
:108FC000C53400200C0100208798002086980020DE
:108FD0008898002091980020929800208598002081
:108FE0008F9800207D9800207E9800207F98002098
:108FF000DFF8C00600218268D2F8D8201160002175
:109000008268D2F8DC2011605FF470018268D2F8C7
:10901000E02011608268D2F8E420116000218068AD
:10902000D0F8E8000160704710B5DFF888460020EE
:10903000A168D1F8E8100860A068D0F8D8000068EE
:10904000002820D0A068D0F8D80000684068A16847
:10905000D1F8E0100968884215DADCF7DAFCA1687B
:10906000D1F8D81009684968814204DAA168D1F8BA
:10907000D81009684860A068D0F8D8000068A168D6
:10908000D1F8E8100860A068D0F8DC00006800287B
:1090900019D0A068D0F8E800006800280BD0A068BC
:1090A000D0F8DC0000684068A168D1F8E8100968D1
:1090B0004968884207DAA068D0F8DC000068A16837
:1090C000D1F8E8100860A068D0F8E800006800282F
:1090D00012D0A068D0F8E80000684068A168D1F814
:1090E000E0100968884207DAA068D0F8E800006854
:1090F0004068DCF7A7FC06E0DCF750FD0020A16823
:10910000D1F8E810086010BD10B5DFF8A8450020C0
:10911000A168D1F8E8100860A068D0F8D80000680D
:10912000002820D0A068D0F8D80000684068A16866
:10913000D1F8E0100968884215DADCF76AFCA1680A
:10914000D1F8D81009684968814204DAA168D1F8D9
:10915000D81009684860A068D0F8D8000068A168F5
:10916000D1F8E8100860A068D0F8DC00006800289A
:1091700019D0A068D0F8E800006800280BD0A068DB
:10918000D0F8DC0000684068A168D1F8E8100968F0
:109190004968884207DAA068D0F8DC000068A16856
:1091A000D1F8E810086010BDF8B5DFF80845A068F0
:1091B000D0F8E800006800286AD0A068D0F8E00085
:1091C0000068A168D1F8E81009684968884203DAA4
:1091D000A068D0F84C058047A068D0F8E800006887
:1091E000002815D0DCF715FCA168D1F8E810096853
:1091F000496888420CD2A068D0F8D404804747E080
:109200003800A168D1F8001588472800C0B2B047DF
:10921000A068D0F8E8000068002839D0A068D0F82D
:10922000E80000684068002803D5A068D0F84C0525
:109230008047A068D0F8E80007683D7BBE68DCF78F
:10924000E8FBA168D1F8E810096849688842D7D2DC
:10925000A068D0F8E8000068002812D0A068D0F814
:10926000E80000684068A168D1F8E0100968884209
:1092700007DAA068D0F8E80000684068DCF7E2FB95
:1092800006E0DCF78BFC0020A168D1F8E81008604C
:10929000F1BD38B505000C0017E060682818606063
:1092A000DFF810048168D1F8E81009688C4204D115
:1092B0006168002901D5002161606168002903D53A
:1092C0008068D0F84C0580472468002CE5D131BD7A
:1092D00038B5DFF8E053A868D0F8DC000468A86867
:1092E000D0F8D8000168A868D0F8E00000684042D3
:1092F000AA68D2F8E02490470EE06068A968D1F827
:10930000E0100968884206DB6168A868D0F8E000D0
:109310000068091A61602468002CEED1A868D0F8B2
:10932000E0000068A968D1F8E410096888420DD00F
:10933000A868D0F8E4000068A968D1F8E0100860D7
:10934000A868D0F8E0000068DCF73EFBA868D0F819
:10935000D404804731BD38B50400D6488068D0F8C1
:10936000D850CFF754FF296800E00968002905D0DC
:109370008C42FAD1CFF772FF012002E0CFF76EFFE7
:10938000002032BDF8B504000D0000202060C94E59
:10939000F068C0680078002805D100210120B2687B
:1093A000D2F858249047CFF732FF07002900200059
:1093B00000F043F82900286801E001000068002857
:1093C00003D0626843689A42F7DA0C60206028682C
:1093D000A04203D1B068D0F8D40480473800CFF75A
:1093E0003DFFF1BD38B504000D00DCF712FBA842CB
:1093F00007D3B0488068D0F8E00000684519656080
:1094000000E06560AB4A9068D0F8DC1020009268FC
:10941000D2F8EC24904731BD38B504000D00DCF7DC
:10942000F8FA45196560A34A9068D0F8D810200072
:109430009268D2F8EC24904731BD0A00096801E037
:109440000A000968002905D08142F9D10868106036
:10945000012000E00020704770B50500954CE068E1
:10946000C0680078002805D100210120A268D2F848
:1094700058249047CFF7CBFE0600A068D0F8D8104C
:109480002800A268D2F8F8249047002807D1A068E5
:10949000D0F8DC102800A268D2F8F8249047A06821
:1094A000D0F8E8000068854203D1E9F7B2FFFFF782
:1094B000BBFD3000CFF7D2FE70BD70B50400CFF712
:1094C000A6FE05007B4EB068D0F8D8102000B26828
:1094D000D2F8F8249047002807D1B068D0F8DC1003
:1094E0002000B268D2F8F8249047B068D0F8E800BD
:1094F0000068844203D1B068D0F8D80480472800BF
:10950000CFF7ACFE70BD80B5DCF783FA02BD10B5B5
:10951000684CA268D2F8EC20C9B252F82110A268B7
:10952000D2F8E0201160A168D1F8E0100968A268C3
:10953000D2F8E4201160DCF755FAA068D0F8E0001A
:109540000068DCF741FA10BDF8B506000C00594D73
:10955000E868C0680078002805D100210120AA68C9
:10956000D2F858249047CFF752FE0700DCF716FBDD
:109570003000DCF79BFA0600A868D0F8EC00E4B2F3
:1095800050F82400A968D1F8E0100860A868D0F865
:10959000E0000068A968D1F8E4100860A868D0F875
:1095A000E0000068DCF710FAA868D0F8D80001687D
:1095B0003000AA68D2F8E0249047A868D0F8D40414
:1095C00080473800CFF74AFEF1BD3A498A68D2F8A1
:1095D000EC20C0B252F820008968D1F8E41008608D
:1095E000704770B50600CFF712FE0400314DA86831
:1095F000D0F8EC00F6B250F82600A968D1F8E010D7
:109600000860A868D0F8E0000068A968D1F8E41004
:109610000860294800683C300068804727490A787C
:109620009200B0FBF2F3264A1068002814D1A86813
:10963000D0F8E000006898420ED2A868D0F8E000A8
:109640000068B3FBF0F3A868D0F8E000006843437B
:109650000878800043431360A868D0F8E0000068F1
:10966000DCF7B2F92000CFF7F9FD70BD70B51149F4
:109670008868D0F8D8000068002805D18868D0F83C
:10968000DC000068002813D0CFF7C1FD0600DCF72E
:10969000D6F90400DCF7BDF905003000CFF7DEFD98
:1096A0006D1CA54202D2641B200002E0012000E0F4
:1096B000002070BD0C010020789700208E980020BB
:1096C0009C970020DFF800F031C8021080B5FFF74A
:1096D000F9FF0648064AC069002152F8213040F8D7
:1096E0002130491C0F29F8D301BD00BF50110020C3
:1096F000A800000038B50C46D8F71EFE050018BFBC
:1097000001250C480068811D201AB0F1004F05D8D2
:10971000081BB0F1004F38BF8C4200D20C462146E6
:109720000120CBF76AFDADB21DB9BDE83140D8F7D5
:1097300007BE31BD302009402DE9F0410746CBF787
:109740004AFD8046194D1A4C0120E8610126CBF7ED
:1097500044FDE16A0A6A142090473969B1F5802F07
:1097600034BF0421090C0120CBF747FD22681368A0
:109770002321002098470F4A0F4B012111601868E0
:1097800000B103260D49086808B146F004060C48EC
:10979000016821F4E02141EA0641016001202860CE
:1097A0004046BDE8F041CBF717BD00BF00002443A1
:1097B0008401001080022443201100008011000069
:1097C00000200940014801680A6B10478C01001015
:1097D00010B505494C680120CBF7FFFC6069A16911
:1097E000BDE81040084700BF8411002010B50948AB
:1097F000094C002101600122C26101212160012088
:109800002268CBF7EAFC05490A68136A14209847D6
:10981000206810BD000024432C200940B001001036
:1098200080B504490868FFF7CDFF000C40EA01400D
:1098300002BD00BFAC100020DFF800F09DE8021070
:1098400002490A681044FFF7F7BF00BF1019000073
:10985000DFF800F0ABEC0210DFF800F0AFEC021024
:10986000DFF800F039F702102DE9FE430F461149E9
:109870000D680646144698462846FFF7E9FF8146DC
:1098800022463946304600F01BF804464946284631
:10989000FFF7E2FF5CB908480168084800910297A9
:1098A0000196DD23018800224046FFF7D9FF2046BC
:1098B000BDE8FE83541100007C130000B8110000C5
:1098C000F0B54469631E1A4218BF22460D462B406C
:1098D0001CBF6419E51A8D4222D300F10C063468CE
:1098E00001E026462468DCB16368511E214018BFA0
:1098F000511A4F19BB42F4D308195B1B5B1A2D1880
:1099000031B161606BB1216829606B602560F0BD89
:109910002168002B1ABF29606B600D463560F0BDD1
:109920000020F0BD38B5F3F747FC90B100240AE001
:1099300021460020F3F70AFE05460649A8680A6892
:1099400090476860641C044801688C42F0DB4FF06B
:10995000FF3032BD301A0000181A0000014940687B
:109960000A681047241A000010B5024B40681C68B2
:10997000A04710BD1C1A000010B5024B40681C68BF
:10998000A04710BD281A0000014A40681368184714
:109990002C1A0000014940680A681047341A000078
:1099A000F0B500240025002B44BF5B42002902D5FE
:1099B0004942521E2D25B1FBF3F60B4F03FB161146
:1099C000641C795C00F8011D31460029F3D19442F2
:1099D000BEBF302100F8011D641CF8DB290018BF50
:1099E00000F8015DF0BD00BF204B000070B5446879
:1099F0008568CFF70CFC0646207890B1AA4801880C
:109A0000491E018089B211B9001DE8F72FFF28789F
:109A1000CFF73DFC002020703046BDE87040CFF706
:109A20001DBC70BD6FF0010070472DE9F04381B09F
:109A3000476885687878894620B14FF0FF319B48A8
:109A4000E8F716FF0220CFF7F1FD994C20680128B6
:109A50000CD00220CFF77FFD787810B19348E8F75B
:109A600012FF4FF0FF3001B0BDE8F083914E6878EF
:109A700031688847D6F8580141698847E87818B9AD
:109A8000D6F8580181688847AA7A697A287A00F05E
:109A90001FF9894900200860D6F85821906A80474C
:109AA00080468648016801F4906181603020CFF7DC
:109AB00089FBD6F8580141688847012020600220C0
:109AC000CFF749FD787810B17848E8F7DCFEA87840
:109AD00098B1D6F85811287A8A699047D6F8581163
:109AE000CA690746287A9047D6F858311D68024659
:109AF00039461FFA88F0A8478046A9F80080002060
:109B000001B0BDE8F0832DE9F04F064681B0306822
:109B1000654D87688B4691464FF0FF31281DE8F769
:109B2000A7FE63490868012401284FF0000807D008
:109B3000281DE8F7A8FE4FF0FF3001B0BDE8F08F18
:109B4000DFF870A1DAF8580141698847F87818B948
:109B5000DAF8580181688847BA7A797A387A00F059
:109B6000B7F8B87858B1DAF85811387A8A69904756
:109B7000DAF85811CA690446387A904780465FEA95
:109B8000090021D000945846DFF82CB10446306813
:109B90008768DAF80010787888470020CBF8000052
:109BA000DAF85811886A8047B97839B1DAF858314B
:109BB0000099D3F800C0424680B2E047361DB9F1A3
:109BC000010924F8020BE2D13D494FF4906008608E
:109BD0003020CFF7F7FADAF8580141688847344A5D
:109BE00001201060281DE8F74EFE002001B0BDE8FE
:109BF000F08FF0B581B08568A8780C4680B9314EF9
:109C00003168287A8A6990473168CA690746287A94
:109C100090473368024620461C683946A0470446F0
:109C2000287A58B9274A1368E878214600281C6B1F
:109C300014BF25482548A04701B0F0BD214A6868F7
:109C4000136821461C6BA04701B0F0BD406800219D
:109C5000017070472DE9F04104466668A5680F461B
:109C6000CFF7D5FA8046307828B14046CFF7F6FADC
:109C70000020BDE8F0810120307039790A4F717001
:109C8000388818B90121381DE8F7BCFD3888401C18
:109C900038804046CFF7E2FA287846F20201DAF738
:109CA000EDFF2046BDE8F081308A0020348A002094
:109CB00008800C408C0000101C900C4030500C4070
:109CC00038500C40E4010010E09C4100648F160005
:109CD00038B5064B1C682569A84703480321017065
:109CE0000170017031BD000018B00C40E40100109B
:109CF00040680021017070476FF001007047F0B5B7
:109D0000DFF8D87304460D46386881B016464FF028
:109D1000FF31E8F7ADFD32462946204600F075F9DF
:109D200004463868E8F7AFFD204601B0F0BD806812
:109D300002680A604068DFF8A82348601068800263
:109D400000F470508860704730B5DFF89403DFF896
:109D50008C5381B00068800200F47050411EC943EA
:109D60006860A9600120E8F762FD0446CFF74FFA6A
:109D7000296829B92C6001B0BDE83040CFF76EBA30
:109D8000CFF76CFA2CB1204601B0BDE83040E8F7BF
:109D900065BD01B030BDDFF8442300B5106881B067
:109DA000E8F766FD08B16FF0020001B000BDF0B544
:109DB000DFF828430546206881B018B9FFF7C4FFD3
:109DC000206818B3DFF81C130A7895421ED205EB01
:109DD0004500C54980000A1D0E181558B76820684F
:109DE0004FF0FF31E8F744FD287801280BD0606878
:109DF0003968421E114206D17968814203D3A068B6
:109E00000840814205D02068E8F73DFD002001B000
:109E1000F0BD012028702068E8F735FD304601B01C
:109E2000F0BD2DE9F04187680C461E46786831196F
:109E30008842904638BF6FF003000FD3A74D2868C3
:109E40004FF0FF31E8F714FD3868011932464046FB
:109E5000CFF760F82868E8F716FD0020BDE8F0812C
:109E60009E480068E8F70FBD2DE9FA4F054683B01C
:109E7000A868019016464268039904984118002486
:109E80008A42A04638BF6FF00300C0F0BB80934801
:109E90000E9F00684FF0FF31E8F7EAFCF8070296E2
:109EA00013D58E49049A896804980A40884302D0E1
:109EB0008A4B58688218039B1940284600F0A5F881
:109EC0005FEA000840F0998035E0B80733D5019982
:109ED00003980968411804980022334602E0521C96
:109EE000091D1B1D824225D20E781D782E40B542D9
:109EF00017D1521C82421DD24D785E783540AE4259
:109F00000FD1521C824215D28E789D782E40B542D8
:109F100007D1521C82420DD2CD78DE783540AE4258
:109F2000DDD06E480068E8F7AEFC6FF0060005B0C3
:109F3000BDE8F08F049001990398D1F80090029E3B
:109F4000049D814400F0AEF88DF8000004E000BFED
:109F5000A5EB0A055644D14495B1082D8CBF4FF0AE
:109F6000080AAA46CFF753F9834652464946304677
:109F7000EAF761F804465846CFF770F9002CE7D0AD
:109F80009DF8000028B1594A594813685D680121BD
:109F9000A8475848016821F0300101605CBB780790
:109FA0002BD5019B03981B68029AC31804980021C3
:109FB00002E0491C1B1D121D81421ED217781C781D
:109FC000A74218D1491C814217D255785C788DF888
:109FD0000040A5420FD1491C81420ED294789F784F
:109FE000BC4208D1491C814207D2D578DC788DF873
:109FF0000040A542DDD04FF0FF3838490868E8F747
:10A0000042FC404605B0BDE8F08F2DE9F043334FE8
:10A010001546BA6881B00E468068002402EA06033D
:10A020009E4218BF6FF0040039D141688E4228BFAC
:10A030006FF0030033D2AB19994202D32A40954204
:10A0400004D06FF0050001B0BDE8F0830068361859
:10A0500000F028F8804602E0786886192D1A5DB174
:10A06000CFF7D5F881463046E9F7DCFF044648468D
:10A07000CFF7F4F8002CEFD0B8F1000F05D01B4A51
:10A080001B4813685D680121A8471A48016821F040
:10A0900030010160002C14BF4FF0FF30002001B0F0
:10A0A000BDE8F08370B5114C114D21688A682846CF
:10A0B000904706460F48016841F030010160F0B258
:10A0C00050B12268536800212846984721688A6861
:10A0D000284690470028F9D1F0B270BDAC95002019
:10A0E0003024034003D60200A03D0000D801001038
:10A0F0000040034004400340F0B5DFF87C570446BD
:10A10000E86987B04FF0FF31E8F7B2FB6768A668EF
:10A1100078686861318CA961706958BB308B05F132
:10A1200010010A5C531E05F110021354328B885C37
:10A1300000BB204600F062FBB9208DF800002046ED
:10A14000A96989B200F0B4FB0020039001210191BC
:10A15000CDF808D001A9686900F0FAFBA96989B2B5
:10A16000204600F009FC786800F0ACFB318B002041
:10A1700045F821002046A96989B200F007FC0020BB
:10A180003870E869E8F77FFB07B0F0BD70B50546A9
:10A19000202988B018BF6FF0010030D16868DFF85F
:10A1A000D86641687161A868018CB161284600F0E9
:10A1B00025FB10B14FF0FF3420E0C7208DF80000E0
:10A1C0002846B16989B200F073FB00200390012199
:10A1D0000191CDF808D001A9706900F0B9FBB1690F
:10A1E000002814BF00244FF0FF3489B2284600F045
:10A1F000C3FB1CB9284600F001FB0446204608B00A
:10A2000070BDF0B5DFF8707604460D46F86981B090
:10A2100016464FF0FF31E8F72BFB32462946204621
:10A2200000F010FA0446F869E8F72DFB204601B06B
:10A23000F0BD80684FF0FF320A6043684B60806871
:10A240008860704710B500F040FB0120E8F7EFFA96
:10A250000446CEF7DCFFDFF82026D16921B9D461AE
:10A26000BDE81040CEF7FABFCEF7F8FF24B1204684
:10A27000BDE81040E8F7F2BA10BDDFF8FC2500B5E4
:10A28000D06981B0E8F7F4FA08B16FF0020001B0CC
:10A2900000BD2DE9F041DFF8E0550446E86990B0D3
:10A2A00020B9FFF7CFFFE869002842D0DFF8CC15CE
:10A2B0000A7894423DD2E869DFF8C4854FF0FF3157
:10A2C000E8F7D6FA04EB4400840008F1040108F131
:10A2D00008000F5939780659012927D0B068421E65
:10A2E000D143B9603368134220D1726882421DD3D2
:10A2F00011408A421AD1706910B1006878602AE072
:10A30000308B042812DA55F82000C8B907A800F0ED
:10A3100017FBF0690B9000218DF828108DF81C10A8
:10A3200007A9308BC0B200F0EBFA30B9E869E8F762
:10A33000AAFA002010B0BDE8F081318B45F8210069
:10A3400005F11002308B55F82010796005F11001ED
:10A35000135C5B1C0B54A044786868614046318CE8
:10A36000A96100F093FA01203870AB218DF800103C
:10A370004046A96989B200F09BFA002003900121B0
:10A380000191CDF808D001A9686900F0E1FAA96946
:10A39000002814BF00244FF0FF3489B2404600F07B
:10A3A000EBFA14B9404600F029FAE869E8F76BFACD
:10A3B000404610B0BDE8F0812DE9F04104460D465D
:10A3C000A06890461F4641687A19914238BF6FF0E5
:10A3D000030011D3DFF8A064F0694FF0FF31E8F714
:10A3E00047FA3B4642462946204600F0B7F9044664
:10A3F000F069E8F748FA2046BDE8F081DFF8780414
:10A40000C069E8F740BA00002DE9FA4F8BB08046EA
:10A41000002114460391D8F808200C980292516844
:10A420000B9AD8F804508218914238BF6FF003009D
:10A43000C0F00481DFF84074F8694FF0FF31E8F7AD
:10A4400017FA686802997861088CB86104941698C4
:10A45000C1071BD5A9680C9A0C980A40884302D002
:10A46000029B986882180B9B1940404600F0EAF85E
:10A470000028039040F0DE8000E00C9402990B98D5
:10A480000E68DDF810900C9C861933E08007F5D536
:10A490000299C86800281CBF0D69002D00F09F803C
:10A4A000A246DDF82C900C9C2B460026834605E046
:10A4B000761C5B1C0AF1010A09F10109A642DCD2F3
:10A4C000AB4207D15A464946404600F047F90028BA
:10A4D000D3D100239AF800001BF8031001408842F2
:10A4E000E6D06FF00600A4E0B96989B2404600F0FA
:10A4F00043FAD944002C66D0404600F07FF900288A
:10A500005ED1B96989B2404600F0D2F900200790C7
:10A510000121059105A90FF270327869069200F0C9
:10A5200017FAB969002814BF00254FF0FF3589B22A
:10A53000404600F021FA002D42D106F0FF00C0F5A0
:10A540008070A346844288BF834602218DF80010A4
:10A55000320C310A8DF802108DF801204046B9699D
:10A560008DF8036089B200F0A3F900200790042160
:10A570000591CDF818D005A9786900F0E9F95E4495
:10A58000A4EB0B04E0B10020DA464D46079075B904
:10A5900001788DF8041001AA01250692059505A9F8
:10A5A000786900F0D5F958B1BAF1010A9CD0786900
:10A5B000CDF814A0069505A900F0CAF9002893D19A
:10A5C0004FF0FF3035E016984107C24632D5029869
:10A5D000C06800281EBF02990C69002C07D1F869D9
:10A5E000E8F751F96FF007000DB0BDE8F08FDDF826
:10A5F0002C90DDF810800C9D2346002683460CE04D
:10A600005FF0000318F8010B1BF8031088427FF479
:10A6100068AF761C5B1C09F10109AE4208D2A34267
:10A62000F0D15A464946504600F098F80028E7D045
:10A6300000200390F869E8F726F903980DB0BDE80B
:10A64000F08F00002DE9F04D88B04468A66883685B
:10A6500006EA0105A94218BF6FF004000DD15D683C
:10A66000A94228BF6FF0030007D25718BD4202D39A
:10A670001640B24204D06FF0050008B0BDE8F08D7E
:10A680007D4E64680FF2002874614FF0FF3B1D8C13
:10A69000B56182461C6801930F19144604E000BF9F
:10A6A00000F06AF9EF19641B002C53D0504600F0FB
:10A6B000A5F820BBB16989B2504600F0F9F8002036
:10A6C000049001210291CDF80C8002A9706900F07C
:10A6D0003FF9B169002814BF00255D4689B2504694
:10A6E00000F04AF95DB94FF6FF7084420BD9390486
:10A6F00009D1D8204FF480358DF8000008E0584685
:10A7000008B0BDE8F08D0198856820218DF8001013
:10A71000390A8DF80210380C8DF801008DF803709D
:10A720005046B16989B200F0C3F8002004900421BA
:10A730000291CDF80CD002A9706900F009F9B16955
:10A74000002889B25046ABD100F016F9584608B03F
:10A75000BDE8F08D002008B0BDE8F08D2DE9F04196
:10A760000E46044688B06168A068434F15464A68A3
:10A770007A619846018CB96100688619204600F01C
:10A780003DF870BB03218DF80010320C310A8DF8B2
:10A7900002108DF801208DF803602046B96989B256
:10A7A00000F086F80020039004210191CDF808D034
:10A7B00001A9786900F0CCF8B0B100210291CDF880
:10A7C0000480039501A9786900F0C2F8B9690028EE
:10A7D00014BF00254FF0FF3589B2204600F0CCF8B9
:10A7E000284608B0BDE8F081B96989B2204600F07A
:10A7F000C3F84FF0FF3008B0BDE8F0812DE9F04319
:10A80000804687B0D8F808501EA61B4F4FF0FF397E
:10A8100003E0686A08B1CAF784FCB96989B24046A6
:10A8200000F046F80020039001210191029601A951
:10A83000786900F08DF80020029001210191CDF897
:10A840000CD001A9786900F083F8B969002814BF19
:10A8500000244C4689B2404600F08EF824B12046D0
:10A8600007B0BDE8F08300BF9DF80000C107D0D459
:10A87000002007B0BDE8F083AC92002003D60200B0
:10A88000A03D0000050000000600000010B50C46C9
:10A890004FF6FF718C4207D0DAF794F9E0B2BDE8C9
:10A8A00010400249DAF7EAB910BD00BF016000208C
:10A8B0004FF6FF729142084603D00021C0B2DAF78A
:10A8C00057BA704701680A68104770B5CEF79FFC09
:10A8D00018490546087860B9012217480A700478BB
:10A8E0003CB1164E304656F80C1B8A689047641EE1
:10A8F000F8D12846BDE87040CEF7B0BC000000009B
:10A9000030B50C4C237881B000227BB10A4C2578FD
:10A91000A8420BD209B900BF0FA100EB4002920080
:10A92000064B98189B58DA6890470246104601B0CB
:10A9300030BD0000A498002062220300143E0000F5
:10A94000F0B500BF04A191E8FC5080E8FC50F0BDD8
:10A95000026813691847000000000000FFFFFFFFB6
:10A96000000000000000000040420F00080000004E
:10A9700000000000000000004FF6FF729142084600
:10A9800003D00121C0B2DAF7F3B970477047000075
:10A9900070472DE9F041054682B0AE686F680C46FD
:10A9A000CEF735FC397829B1CEF758FC002002B03B
:10A9B000BDE8F08101213970CEF750FC684600F007
:10A9C0005BF9042140F60A228DF80010ADF8022050
:10A9D000002101228DF806108DF804206946707858
:10A9E00000F04FF95FEA00081DD0207C824900B9D1
:10A9F00082493078DAF742F92078B8706168796076
:10AA0000207A3873E1683961207C79683876C7F834
:10AA10001C80284600F010F850B13078CEF737FC93
:10AA2000404600F089F90020387002B0BDE8F0819E
:10AA3000284602B0BDE8F0812DE9F041466837694B
:10AA4000B078884600F092F8317B04463A4600F030
:10AA5000A9F805466FF07F40844205D224B1681EF4
:10AA6000844201D3002D03D56FF00200BDE8F081D0
:10AA7000F069C6F80480B460214600F00FFA37612F
:10AA800075612946F06900F023FA0020BDE8F081E5
:10AA900070B545682E7BA8680C462246314600F00A
:10AAA00081F86FF07F41884209DAAA68521C82421D
:10AAB00003D2310018BF022E01D0002802D56FF05A
:10AAC000030070BD68610146E8692C6100F000FA7E
:10AAD000002070BD2DE9F0474668884691467768AA
:10AAE000B078494600F042F8317B0546424600F016
:10AAF00059F8824600246FF07F40854204D21DB190
:10AB0000AAF101018D4203D26FF00200BDE8F08787
:10AB1000824528BF6FF0030026D2C6F80490B560C6
:10AB2000C6F81080C6F814A0CEF771FB8046707886
:10AB300050B1102F04D3F06900F0E4F9102803D2CB
:10AB4000F06900F083F90124F069294600F0A6F9C4
:10AB5000F069514600F0BCF914B1F06900F04EF90B
:10AB60004046CEF77BFB0020BDE8F08730B583B0D0
:10AB700005460C466846CAF7B6FA45B1012D02BF34
:10AB80000198B0FBF4F4641E204603B030BD019878
:10AB90001B4AA4FB00010023E7F79AFE441E20464F
:10ABA00003B030BD70B582B005460E461446684607
:10ABB000CAF799FA1CB92C46204602B070BD16B1EE
:10ABC000012E0AD012E001980D4AA4FB00010023D7
:10ABD000E7F77EFE2C1A641C09E0A5FB04014FF088
:10ABE000FF320023E7F774FE2C1A00E02C1B04B997
:10ABF0006C1C204602B070BD016300200063002081
:10AC000040420F0010B58468406800214170C0695F
:10AC100000F01CF92078BDE810400021DAF786B872
:10AC200010B582684468E169012060704B68107853
:10AC3000197ADAF77BF8E069BDE8104000F0DEB879
:10AC400010B5816844680878CEF721FBE06900F010
:10AC500073F80020E061207010BD10B50024202999
:10AC600006D111784268D06900F062F9204610BD23
:10AC70006FF00104204610BD0FF204310822CEF718
:10AC800049B9F0B50C00DFF8D41200EB400201EB3B
:10AC9000820508BF0FF2E82481B06E682F68207823
:10ACA00038B9B4F90200212818BF222813D1287A14
:10ACB00088B9CEF7ACFA217839B97978BA781143E6
:10ACC00007D101217970B9700AE02A7A3A445178A3
:10ACD00021B1CEF7C3FA002001B0F0BD01215170BF
:10ACE000CEF7BCFA20783870B079CEF7B4FC68683B
:10ACF000296800680A780FF26C230260297AC1EB98
:10AD0000C1025200995A2379B4F90220012B6379C8
:10AD100008BF42F48062012B08BF42F01002B1F577
:10AD20007F4F0CBF0830001D02602846A17900F05B
:10AD3000FFF8284601B0F0BD2DE9F0410446207A25
:10AD4000636825681A68C0EBC00148000FF214213F
:10AD500001EB000C0E1DBCF80270365A02F10C0E0D
:10AD600040F20110DEF80080BCF800C000EA0C00E0
:10AD700028EA0000CEF800004FF04E08DEF8000090
:10AD800008FA07F720EA0707CEF80070207AC0EB30
:10AD9000C00701EB4707F9883889084379890143DF
:10ADA000B88940EA010C02F1180002F12407016899
:10ADB00021EA0C01B218016002F12806C7F800C0B0
:10ADC0004FF0FF3002F130013060086002F13807C7
:10ADD00000203860002642F8406F9879CEF7D4FB07
:10ADE000CEF715FA297811B96E70A97002E0237AAE
:10ADF000691CCE54BDE8F041CEF730BA70B50446B8
:10AE00006068016851F80C2F94F8083055A0C3EB26
:10AE1000C3056D00465B40F20110064032430A60F4
:10AE20002568CEF7F4F9227A2A4492F8441019B131
:10AE3000BDE87040CEF712BA012182F84410CEF777
:10AE40000DFABDE870400220CEF7F0BB70B50446A5
:10AE50006068016851F80C2F94F8083041A0C3EBEA
:10AE6000C3056D00465B40F201100640B2430A6024
:10AE70002568CEF7CCF9227A2A4492F8441019B901
:10AE8000BDE87040CEF7EAB9002182F84410CEF751
:10AE9000E5F9BDE870400220CEF75DBB30B4047A1E
:10AEA000D0F804202FA300681268C4EBC40503EB9C
:10AEB0004505AB8804789B18042C05D103F13802B2
:10AEC0000802000E89B2106043F8281F30BC70479A
:10AED00030B4047AD0F8042022A300681268C4EBCE
:10AEE000C40503EB4505AB8804789B18042C05D1F9
:10AEF00003F140020802000E89B2106043F8301FCF
:10AF000030BC7047014600BF16A348680268087A43
:10AF1000C0EBC00C03EB4C0CBCF80430D21852F858
:10AF2000480F09680A78042A08BF20F07F4070475C
:10AF300030B581B04368007A0AA2C0EBC004640057
:10AF4000105B4A1E01461868054B1C68E568924173
:10AF5000D243D20FA84701B030BD0000903E0000A0
:10AF6000C8010010FF000000000001000200040002
:10AF7000100000FF080004000001000200040008A7
:10AF80000000220000010000F0B5054681B0AE6867
:10AF900030686C6850F8041F21F0020101602046FF
:10AFA000CEF733F9D4F8CC0000F076FE04F130008F
:10AFB000DDF71EFF94F8F80018B904F16C00E7F70C
:10AFC00055FC6F68AD6895F83800CEF760F995F8D4
:10AFD0003900CEF75CF995F83A00CEF758F997F8B2
:10AFE000FB00CEF754F9307BCEF7CEFA04F11C000B
:10AFF000CEF7A1FC002084F8FD0001B0F0BD70B5D3
:10B00000446885684FF0FF3304E01678FF2E26D1A0
:10B010000022232120290DD065D32229F5D013D376
:10B02000242930D025D326293FD034D36FF0010313
:10B03000184670BD94F8F900012803D1012184F865
:10B04000FC100023184670BD94F8FB000021D9F7CE
:10B0500057FE002084F8FC000023184670BD94F8C9
:10B06000FB00CEF714F984F8FB603046696BD9F722
:10B070005DFE94F8FB00FF28E3D0CEF708F9FF202F
:10B0800084F8FB00DDE7D4F8C0000028DAD1012104
:10B0900084F8FE10D5E7D4F8C0000028D2D10021F2
:10B0A000002384F8FE10184670BDD4F8C0000028B4
:10B0B0001CBF94F8FE000028C4D0296801F12400C8
:10B0C000026842F0030202602B696869D4F8CC2060
:10B0D00003435068046844F8283F51F8040F40F0D7
:10B0E00002000860ADE76FF00103184670BD000074
:10B0F0002DE9F04786683268456802F11C0102F1CB
:10B10000200309681960C9072CD5D5F8C01021B1F2
:10B1100003220A74BDE8F0476CE3101D016821F0BA
:10B120000201016002F124000468A408A400046084
:10B13000316970690143D5F8CC004468256845F849
:10B140002C1F4068046804F204542160012152F865
:10B15000140F40084000106019603046BDE8F04709
:10B1600000F0DBBC31697069D5F8CC200143506830
:10B17000036803F204530224C3F80010D5F8C0108A
:10B18000002900F0B480D5F8E00020B9F769B26971
:10B1900005F1D80303E0776A326A05F1DC03D5F8DC
:10B1A000CCE0DEF80480D8F80090D6F814C009F29C
:10B1B0000459D9F800A01AEA0C0F1AD0926812F0BC
:10B1C000070F02BFD5F8D020D1F80080424510D13A
:10B1D0004A6972B9326852F8248F28F00208C2F81E
:10B1E0000080DEF80420D2F800E00EF2045ECEF813
:10B1F00000C0BA6812F0070F76D11A68002A73D01F
:10B20000D5F8D470D21900280CBF20200020C5F832
:10B21000E000C5F8D42000201860D5F8D0200868D8
:10B22000824224BFD5F8D430834214D23146284616
:10B2300000F0AAFB95F8FE00002855D0D5F8CC0008
:10B2400041680868716900F2045213680B424BD0E0
:10B2500040F8281F48E000200874D5F8C82012B92B
:10B26000C5F8C81010E0506968B15269506950B112
:10B270000246506938B10246506900281EBF024696
:10B2800050690028F1D1516108464969C5F8C010DC
:10B2900000224261D5F8E00000280CBFD5F8D800A4
:10B2A000D5F8DC00C5F8D000C5F8D42091B13146FE
:10B2B000284600F069FB95F8FE0088B1D5F8CC006F
:10B2C00041680868716900F2045213680B4207D0A4
:10B2D000283004E0306850F8241F89088900016094
:10B2E00005F13000DDF78CFD641E7FF447AFBDE84B
:10B2F000F0874068002180F8FD1070472DE9F04389
:10B30000044685B0D4F80490A7680D46CDF77FFFBA
:10B3100099F8FD1019B96969091F0D2905D3CDF7F1
:10B320009DFF002005B0BDE8F083012189F8FD10E4
:10B33000CDF794FF2869C9F8E4006969C9F8E810F5
:10B34000287B89F8F900297889F8F81000216868C5
:10B35000C9F8EC0089F8FC10C9F8C010C9F8C4108D
:10B36000C9F8C810287E0FF68C0151F8201089F812
:10B37000FA10FA89A9F8F620287B00280CBF1020C3
:10B380000120C9F8F000002089F8FE00387BCEF7D4
:10B3900062F9204600F0F6FB97F83B0089F8FB00C5
:10B3A000D4F8048098F8F900A66801281FD1F16A42
:10B3B00096F83800D9F7BAFCB16A96F83900D9F78F
:10B3C000B5FC316B96F83A00D9F7B0FC716B98F880
:10B3D000FB00D9F7ABFC98F8FB000FF2D161CDF779
:10B3E0003FFF98F8FB002146CDF745FF13E0B16A17
:10B3F00096F83800D9F79AFCF16A96F83900D9F72F
:10B4000095FC316B96F83A00D9F790FC716B98F87F
:10B41000FB00D9F78BFC6846CDF718FF00946B460C
:10B420007879DFF8B827019048463979CDF7CCFE16
:10B430006846DDF7ABFC00946A46B8680FF2490134
:10B44000029009F13000DDF7A9FC00F0F1FBC9F82A
:10B45000CC0023460FF28D72042109F11C00CEF7B7
:10B4600064F899F8F80038B9002109F16C00E7F7A1
:10B47000C9F90FF20D5000E0A868C9F8BC0005B08A
:10B480002046BDE8F083000070B504466568D5F835
:10B49000C800E8B1D5F8C8607069C5F8C8000021D7
:10B4A0007068716110F0704F06D128B10620CEF798
:10B4B00052F80420CEF74FF80220CEF74CF8D5F81A
:10B4C000BC20314620469047D5F8C8000028E1D17D
:10B4D00070BD00002DE9F24F044682B00868D4F830
:10B4E00004B0A568002800F00C81CDF790FE064658
:10B4F0000299DBF8E8000A7A09288041C04302F08B
:10B50000010212EAD07F01BF0A46117901F0010160
:10B5100011EAD07F05D1DBF8C000A8B19BF8F80094
:10B5200048B90298032101743046CDF797FE0020F8
:10B5300003B0BDE8F08FDBF8C4104A610621029821
:10B54000CBF8C400017416E0CBF8C02000200299AB
:10B55000CBF8D000CBF8D400CBF8D800CBF8DC0087
:10B56000CBF8C4109BF8FC00DBF8C410002814BF13
:10B570000520012008740020DBF8C41048619BF806
:10B58000FC00012808D102218BF8FC104FF4E021C7
:10B590009BF8FB00D9F7B4FB0298406810F0704F9D
:10B5A00006D128B10420CEF741F80620CEF73EF8A8
:10B5B0000220CEF73BF89BF8F800002840F0A4806A
:10B5C0000298EA6B0168914280F09E809BF8FC0033
:10B5D000002840F099809BF8F90000281CBFDBF898
:10B5E000EC0010F1010F40F08F803046CDF736FEB1
:10B5F0000298876837B1DBF8E80009282CBF0221E0
:10B60000012102E00BF1F40700210298406848B1E3
:10B610008146DBF8E80009282CBF4FF0020A4FF002
:10B62000010A03E00BF1F6094FF0000A02980668E0
:10B63000286850F8042F42F0020234460260C6B374
:10B64000CDF80410DFF89885DBF8E800761E0928AD
:10B6500019D201E0D144641E4CB1D8F8003099F8F9
:10B6600000102868D3F808C0E0470028F2D1D8F8C5
:10B6700000302868D3F80CC06946E047009838705D
:10B6800013E0D144641E44B1D8F80020B9F800108A
:10B690002868936898470028F3D1D8F800202868D4
:10B6A000D36869469847009838800199CF19002ED1
:10B6B000CAD12968DBF8F00051F80C2F024219BFFB
:10B6C0000121002200210122102818BF1146002963
:10B6D000EFD10298406810F0704F06D128B10620D3
:10B6E000CDF739FF0420CDF736FF0220CDF733FF29
:10B6F000DBF8C01000200874CBF8C000CBF8C40001
:10B70000012003B0BDE8F08FDBF8D8000028DBF89B
:10B71000DC0029D018B92946584600F035F92868C8
:10B7200050F8141F41F0010101603046CDF796FD3D
:10B730009BF8F8000028E3D1DBF8EC100BF16C006B
:10B74000E7F796F80028DBD0DBF8C0100320087478
:10B75000204600F04FF800210BF16C00E7F788F865
:10B76000002003B0BDE8F08F0028D4D12879DFF89D
:10B770007074CDF74EFD2869D7F810C090FAA0F08C
:10B78000B0FA80F1DBF8CC0043681868DCF80430CC
:10B790000222984768693F6990FAA0F0B0FA80F1F8
:10B7A000DBF8CC00436818687B6802229847287948
:10B7B000CDF708FD2879CDF72EFD2946584600F033
:10B7C000E3F80020DBF8C010CBF8E00040F20142C3
:10B7D0000868904203D32946584600F0D5F89BF8F4
:10B7E000FE0000289BD1286850F8041F41F0020198
:10B7F000016094E72DE9F04106467468B768CDF71B
:10B8000006FDD4F8C010804631B9386850F8041FDE
:10B8100021F002010160ADE094F8F80028B9087C3D
:10B82000032818BF042840F0A5803879CDF7F1FC33
:10B83000D4F8CC10486803687A6943F82C2FD7F8FD
:10B84000003094F8F90020B903F10C052868C0060F
:10B85000FAD4181D03F1240C056825F002050560D3
:10B860004D682D68386945F82C0F0243DCF800500C
:10B87000AD08AD00CCF800504868016801F20451F1
:10B8800003F114000A6002685208520002600120AD
:10B8900043F8200FD4F8C020D4F8D4101160D4F8A5
:10B8A000D80070B1F8698168C1F30910D4F8D810D4
:10B8B000401C814205D3D4F8C0201368C918081A67
:10B8C0001060D4F8DC0070B1786A8168C1F30910A7
:10B8D000D4F8DC10401C814205D3D4F8C020136892
:10B8E000C918081A1060304600F04CF93879CDF7C5
:10B8F00069FC3879CDF78FFCD4F8C02011681000AE
:10B900000AD0037C032B1EBF042B022303740026E2
:10B91000066040690028F4D11160D4F8C81011B94C
:10B92000C4F8C82010E0486968B14969486950B155
:10B930000146486938B10146486900281EBF0146E2
:10B9400048690028F1D14A610020C4F8C000C4F859
:10B95000C400C4F8D000C4F8D400C4F8D800C4F8B7
:10B96000DC004046CDF77AFC04F13000BDE8F04140
:10B97000DDF746BA4046BDE8F041CDF76FBC0000A8
:10B9800040686C30E6F77FBF2DE9F043D0F8C08007
:10B99000D0F8E820D0F8D090083A002A4246CCBF30
:10B9A000012500251368994508D3D8F81420002AEA
:10B9B00000F0798001234FF0000913741368A3EBA2
:10B9C000090CBCF5806FD0F8D83088BF4FF4806C7C
:10B9D0002BB9C0F8D8C0D1F81CE08E6904E0C0F8DB
:10B9E000DCC0D1F824E00E6A53685BB187A454F838
:10B9F0002570B7606C1C04FB09330CFA05F4E318DE
:10BA00005B1E05E085A353F82540B46000F1F60302
:10BA10003360ACF101030C68083443F6F0777460CE
:10BA200007EA0317B3683B43B36093687BB100BF79
:10BA300078A454F82560CEF808606C1C04FB093922
:10BA40000CFA05F54D446D1ECEF8045009E000BF18
:10BA500072A353F82540CEF8084000F1F403CEF865
:10BA600004300C680834CEF80040DEF808301F437C
:10BA70004245CEF8087004D1D0F8D0206244C0F816
:10BA8000D02090F8FE2072B90A6852F8243F43F0A3
:10BA9000030313600A694969D0F8CC000A4341687E
:10BAA0000B6843F8282FBDE8F083000070B504460A
:10BAB000CDF7E8FB054620466E68D9F7D8F8A8B957
:10BAC000CDF7A5FB0446D6F8C00010B101210174E2
:10BAD00007E096F8FB000021D9F712F9012086F85B
:10BAE000FC002046BDE87040CDF7B8BBCDF78FFB1A
:10BAF000044696F8FB000021D9F702F9012086F8E8
:10BB0000FC00D6F8C00008B1042101742046CDF72E
:10BB1000A5FB2846BDE870406CE630B4006800F133
:10BB20000C0100F108020B685C070FD513680D6863
:10BB30006C070BD513680D686C0707D513680D6883
:10BB40006C0703D513680D686C07EFD400F1800211
:10BB5000022313608C300C68E3070FD404680D686F
:10BB6000EB070BD404680D68EB0707D404680D6875
:10BB7000EB0703D404680D68EB07EFD500201060D5
:10BB800030BC704770B584B0446885682846FFF7BC
:10BB9000C4FF2868011D0A6822F002020A6000F151
:10BBA00014010B681B091B010B60032140F8201FC7
:10BBB00002A8C9F798FAD4F8E8000190D4F8E41084
:10BBC000009194F8F93094F8FA202868044C25681C
:10BBD00003992E68B04704B070BD0000F1B00300B7
:10BBE000C401001000B581B01046FFF7CBFF002064
:10BBF00001B000BD000000000200000001000000D4
:10BC0000030000001000000020000000038000C0BE
:10BC1000038000D50380000C0380005D038000CC0E
:10BC2000038000DD40680268012142F84C1F704724
:10BC3000F0B5164C666883B027683079CDF70BFDF8
:10BC4000CDF7E5FA05463878D0B96846CDF7FEFA63
:10BC500000946B46B0790E4A0190381D7179CDF78A
:10BC6000B3FA012038704FF0FF31326842F82C1FD0
:10BC700001233068074900F10802116040F8043FD1
:10BC80002846CDF7EBFA204603B0F0BD903D00000A
:10BC900025BC03000018002070B544680568CDF786
:10BCA000B6FA0646287880B12079CDF783FB0128C3
:10BCB00008D12168002041F8040F281DCDF7A5FA0E
:10BCC000002028702079CDF75FFC3046BDE8704039
:10BCD000CDF7C4BA4149086849680847404901207E
:10BCE0000860704770476FF001007047406800219E
:10BCF0000170704770B504460D466668CDF787FA47
:10BD00003178012903D1CDF7A9FA002070BD0121B6
:10BD10003170CDF7A3FA6879707229793172286889
:10BD200030B12E490C60486002202E49CDF78CFAC4
:10BD3000A06841686568204600F038F80646CDF7EF
:10BD400066FA2949294AC1F8002C00BFD1F8002C15
:10BD5000012AFBD00E602B7A254A012B07BF012652
:10BD60005660002353606B7A5D1EAD41214BED0F91
:10BD70001D60012696601660C1F8006CCDF76EFA62
:10BD8000204670BD10B50C46CDF741FA1649174A4A
:10BD9000C1F8002CD1F8002C012AFBD00C60012343
:10BDA000C1F8003CCDF75AFA002010BD10B582B0A2
:10BDB0000C466846C9F797F901980F4A4009A0FB5D
:10BDC0000221480A4FF0FF33B3FBF0F3A34234BF24
:10BDD00000244443204602B010BD000048960020D5
:10BDE0000C000840D5BC03000000084051E5CC1A07
:10BDF0000001004320830043986E128310B50D4C60
:10BE0000207838B94FF4B4720B490C48CDF792F84A
:10BE10000122227000210648017001220223032121
:10BE200080F8402080F84A3080F8581010BD00009B
:10BE3000200400219F980020F84B00004C40002176
:10BE400000B581B000F016F8AFF300804EF68851CF
:10BE5000CEF2000108684FF0F00340EA03400860AA
:10BE600001B05DF804EB00F015B80000DFF800F059
:10BE700075F402100548012808BFF1F737BA70477A
:10BE80000348012808BFFFF7F1BF70470100000019
:10BE90000100000000F00BF8002803D000F00AF8C1
:10BEA000FFF7EEFF0020F4F7E8FEF1F7A5F9012017
:10BEB0007047000010B5074979441831064C7C449E
:10BEC000163404E00A68081D114488470146A1425F
:10BED000F8D110BD4C050000C00500004EF6885199
:10BEE000CEF20001086840F470000860BFF34F8F85
:10BEF000BFF36F8F4FF00170E1EE100A7047000042
:10BF000001488546014880470040022041BE0300A9
:10BF100010B50446C9F751F82188401A80B232287A
:10BF2000F8DB10BD10B50446C9F747F8208010BDF6
:10BF30004069704700228274C27402750B7B0373E0
:10BF40004A7B42738B7B8373CA7BC2730B7C037403
:10BF50004A7C42740B6803608A7C8274CB7CC37415
:10BF60000A7D02754B7D43754A68426082600A7F94
:10BF7000027789698161704730B50023002400EBA6
:10BF800084050122AB61A2401CBF90F9152002FB81
:10BF90000133641C002CF2DD30BD38B50446049832
:10BFA000216015466560A5601978A17401465A782C
:10BFB000E27420469B78237500F00AF8032262752C
:10BFC00029462046FFF7D8FF50202077204632BD73
:10BFD000012908BFF2F744B9002141740174C1730B
:10BFE000817341730173704730B5044689B0A07CFA
:10BFF000150048BF5242009001A8FFF7CEFF207EF7
:10C000008DF82000002D04D59DF9190040428DF8CF
:10C01000190001A9226893692046984709B030BDEC
:10C020001420704714207047142070471420704764
:10C030001420704714207047142070471420704754
:10C0400014207047142070471420704738B50446F8
:10C0500088B00D4604F12000FFF75AFF29466846D4
:10C06000FFF768FFF2F78EF9CDF7D1F805463220D9
:10C07000D6F76EF92846CDF7F1F804F12000FFF766
:10C0800051FF09B030BD38B5044688B00D4604F103
:10C090002000FFF73DFF29466846FFF74BFFF2F708
:10C0A000A9FACDF7B4F805463220D6F751F928465B
:10C0B000CDF7D4F804F12000FFF734FF09B030BD0C
:10C0C00038B5044688B00D4604F12000FFF720FF84
:10C0D00029466846FFF72EFFF2F7C4FBCDF797F825
:10C0E00005463220D6F734F92846CDF7B7F804F1E3
:10C0F0002000FFF717FF09B030BD38B5044688B0FF
:10C100000D4604F12000FFF703FF29466846FFF7BC
:10C1100011FFF2F7DFFCCDF77AF805463220D6F7AB
:10C1200017F92846CDF79AF804F12000FFF7FAFE38
:10C1300009B030BD38B5044688B00D4604F1200082
:10C14000FFF7E6FE29466846FFF7F4FEF2F7FAFD30
:10C15000CDF75DF805463220D6F7FAF82846CDF738
:10C160007DF804F12000FFF7DDFE09B030BD38B5E1
:10C17000044688B00D4604F12000FFF7C9FE2946A9
:10C180006846FFF7D7FEF2F711FFCDF740F80546F6
:10C190003220D6F7DDF82846CDF760F804F120000C
:10C1A000FFF7C0FE09B030BD38B5044688B00D4673
:10C1B00004F12000FFF7ACFE29466846FFF7BAFEFF
:10C1C000F3F728F8CDF723F805463220D6F7C0F864
:10C1D0002846CDF743F804F12000FFF7A3FE09B08D
:10C1E00030BD38B5044688B00D4604F12000FFF795
:10C1F0008FFE29466846FFF79DFEF3F73FF9CDF71E
:10C2000006F805463220D6F7A3F82846CDF726F8DB
:10C2100004F12000FFF786FE09B030BD38B50446B2
:10C2200088B00D4604F12000FFF772FE29466846EB
:10C23000FFF780FEF3F756FACCF7E9FF0546322008
:10C24000D6F786F82846CDF709F804F12000FFF765
:10C2500069FE09B030BD38B5044688B00D4604F11A
:10C260002000FFF755FE29466846FFF763FEF3F707
:10C270006DFBCCF7CCFF05463220D6F769F828468F
:10C28000CCF7ECFF04F12000FFF74CFE09B030BD05
:10C2900038B5044688B00D4604F12000FFF738FE9B
:10C2A00029466846FFF746FEF3F784FCCCF7AFFF5C
:10C2B00005463220D6F74CF82846CCF7CFFF04F1DC
:10C2C0002000FFF72FFE09B030BD20B50246002048
:10C2D000D2E90A2347F69061E6F7FAFA0125A94266
:10C2E00028BF4FF0FF3020BD2DE9F84C05460C4625
:10C2F000D5E90AABD5E90C67AAFB04010BFB0411D5
:10C3000036184F41340C002244EA07412846FDF715
:10C31000F1F9C5E90E67BDE8F18CF8B504460D46A4
:10C32000FDF750FAD4E90A6732463B46E6F7D0FA01
:10C330003DB1A6FB002306FB013307FB0033C4E934
:10C340000C23F2BD01207047002070470120704788
:10C3500010B50446CCF7DEFD204610BD10B50446EE
:10C3600010460A4601462046CBF75EF8204610BD2F
:10C3700030B4002512E050F8042BD30744BF4A44E0
:10C38000521E091F042942F8045BFAD213468C0797
:10C3900044BF15809B1CC90748BF1D7050F8041B83
:10C3A0000029E8D130BC7047F0B4024610689568A7
:10C3B0001318506803EB5004C0071CD54D441AE015
:10C3C00013F8017B05F8017B491EF9D198B113F8E8
:10C3D000011BC6F38106032E08BF13F8016B01EBA6
:10C3E00006214942801C294405D011F8016B05F84B
:10C3F000016B401EF9D1A3420ED013F8016B16F069
:10C40000030104BF13F8011BC91C30090F28DBD13D
:10C4100013F8010B0F30D7E7F0BC02F10C007047A6
:10C4200051FFFFFF100000000C010020200500005C
:10C430001C010020C00500008C110020DC630000FE
:10C44000CC3400200000000061FFFFFFC0000000AE
:10C450000C0000000401002051FFFFFFB6000000A7
:10C460000C0000000801002041FFFFFF9A000000BF
:10C470000C0000000001002031FFFFFF1C00000045
:10C48000DC0000008010002021FFFFFF8C00000076
:10C49000580A0000201B00205200011007201B003A
:10C4A00020F03100200111C301000112A81821045D
:10C4B000D2000153FF7F1260016CDC021C1258286D
:10C4C00052030DF00500EFD3020035D402502101D4
:10C4D00043203250A11CA10CF301A4327052D41499
:10C4E00020023411002004523C04D20829F0080034
:10C4F00014980020AC960020B0964413200165F3F8
:10C5000001D8825C25000002001000000002C01368
:10C51000000000028010002012000183010001438E
:10C52000C5A70D5001D7D30216B007010014310082
:10C5300020C5A7000161106108A144100800F8FFA0
:10C5400007FFFF0000050415720319F32E01000117
:10C55000115310040047726F757008F004750400E1
:10C560001000390001100381750100BB04100303A2
:10C57000760100450412910412D9041003197701C1
:10C58000005504128F04F4040517780100AB7803FA
:10C5900012A718100365790100F1041003030603C4
:10C5A00000320210010200012D90027D00010833CB
:10C5B000111283010C10F739800101400833CB02BE
:10C5C00000B4300000203154F002FF1D0C030001C4
:10C5D000F1FF01F1FF01F1FF01F1FF01F1FF01F1B5
:10C5E000FF01F1FF01F1FF01F1FF01F1FF01F15343
:10C5F00001FD2B730C400485840000758541528534
:10C60000088387855112990C12E904F004052386EA
:10C610000000778669D2FF01FD1BA60CFC013020CB
:10C62000BF02D40CFEF619160D3588150C3C051703
:10C63000090001A05A32E80F83180A0C83190B0C69
:10C64000831A0C0C831B0D0C831C0E0C831D0F0C0A
:10C65000831E100C83FF050C200A047F00207C81C0
:10C660000020DC86002080358B1C016025000B102B
:10C67000A40400F08B0020409C3F093D3010126460
:10C68000042C071200110110020F030C901040023D
:10C69000800040183A130014C649D2140402001056
:10C6A000190020DD100120101B081104122216129F
:10C6B0002104122404432300F0420A375340174058
:10C6C0001204162D9F0F117F115510010020300408
:10C6D00013401A081104212C1209042DAF0F920BDC
:10C6E0004013ECC88513EECA051005F1CD06000015
:10C6F000F4D01513F6D30513F7D42B1005FA9316BF
:10C700000000FB95051001FD99182E135D2CA01259
:10C7100061FE140102663E03136F48751F20825AA2
:10C720001130062E7600007FFFFF3F898FFDBD068A
:10C7300003300583880F00D388F370165011125808
:10C7400004126004126804127404128804129C0417
:10C7500012B80412CC0412DC0412EC0412FC04170C
:10C760000441141104121C04122804123004124053
:10C770000412580412680412700412800412900407
:10C7800012A40412AC0412BC0412CC0412D404127D
:10C79000E40412F404170442141104121C04122CB1
:10C7A00004123C04124804125C0412700412800447
:10C7B00012980412AC0412BC0412D00412E0041249
:10C7C000F00412F8041B04434C110412280412381C
:10C7D00004124C04126404127804128404129404A7
:10C7E00012A40412B00412B80412C40412D0041229
:10C7F000DC0412E80412F4041700447C11044765B9
:10C800005D1C52710843FD5E0852B51052BD0852BE
:10C81000C90852D10852DD08524130527B0852CF2C
:10C820000843D75F0852F70852BF0852CB0862810D
:10C8300008426008528D0852BB08434961085253B0
:10C8400008526908527108528F0852990852A50877
:10C85000528D9852950852FB18627918526278519D
:10C8600008529D08431D630852730852790852C547
:10C8700020528F0852371862F9505110529F0852B7
:10C88000BB0852F7084359640852A30862BD10510F
:10C890002052D91052DF0852E50856730852AF28CB
:10C8A00052758052671852EB2843B36508434966B6
:10C8B00008524D08525108525508525908525D0805
:10C8C000526108526508F00109001E0001F32804B6
:10C8D0000001A002223000203E6DA0062114D28566
:10C8E0001CF13B011F88131A045C0623456789ABC2
:10C8F000CDEF089707F30DFFFF6E1E0CC815830CD4
:10C9000031943C01D197039F151EFF0A05210112A6
:10C910002C1C210452340483C010504DF807100120
:10C9200001005018F206501C126C182104527404B5
:10C93000527C045284045EB43D07213012981021C9
:10C940000452A00443A41004211CAD64083001A3C8
:10C95000DF026A12C824210452D00452D80452E0E3
:10C960000452E80452F00470013DC502A225DFD64E
:10C97000101B47403208122008210452280452306C
:10C98000045238045240045248045250045258048D
:10C99000830000B079471D67084380771CE00139A8
:10C9A000EC027BFD00440912A448210452AC04525D
:10C9B000B40452BC0452C40452CC042178F001FFE8
:10C9C0007BA30001F11401A57CFD0FCC0A1FA19AE5
:10C9D0001C031104436B9A297C01FA000662038050
:10C9E00004037F03002C48416388490C12F00910AE
:10C9F00005F0002F770200CF043C01390502140432
:10CA00002007B80B803EFEFFE803050E2020180625
:10CA100012140A090801020302070101051E02059A
:10CA20001E0A0A0101010803080101030201020AAA
:10CA300003000F14010301E010010F300102FEFE9C
:04CA4000FF050301EA
:040000050003BF0134
:00000001FF
