:020000040000FA
:060000000219CD020CF113
:03002B0002177841
:03003300020EAB0F
:03004B000214B3E9
:03005300020C2676
:03005B000214F29A
:0300630002151370
:03006B00020E5131
:03007B00020E82F0
:10008300020C850139A11DA71DAD1DB31DB91DBFEF
:100093001DC51DCB1DD11DD71DE31D000000000094
:1000A3000000000000DD1DE91DEF1D0020FD0039EB
:1000B3000502011F08000000013D244F24000055E4
:1000C300245B2400000000612479247F248524001C
:1000D30000000000000000060004140004FF1806DE
:1000E30012FFFFFFFFFFFFFF0000FFFF21220000C1
:1000F300FFFF27220000FFFF75220000FFFF3F22C2
:100103000000FFFF45220000FFFF4B220000FFFF1E
:1001130051220000FFFF57220000FFFF632200006F
:10012300FFFF69220000FFFF6F220000FFFF8D2207
:100133000000FFFF93220000FFFF81220000FFFF6A
:1001430087220000FFFF7B220000FFFFA5220000A3
:10015300FFFFAB220000FFFFB1220000FFFFB72229
:100163000000FFFFBD220000FFFFC3220000FFFFCE
:10017300C9220000FFFFCF220000FFFFD5220000AD
:10018300FFFFDB220000FFFF33220000FFFF3922C5
:100193000000FFFFE1220000FFFF2D220000FFFF10
:1001A300F9220000FFFFED220000FFFFFF22000005
:1001B300FFFF0B230000FFFF17230000FFFF1D239A
:1001C3000000FFFF05230000FFFFF3220000FFFFF5
:1001D30011230000FFFF5D220000FFFF2323000027
:1001E300FFFF29230000FFFF3B230000FFFF412304
:1001F3000000FFFF47230000FFFF4D230000FFFF28
:1002030053230000FFFF2F230000FFFF59230000AB
:10021300FFFF5F230000FFFF65230000FFFF9F2216
:100223000000FFFF35230000FFFFE7220000FFFF70
:1002330099220000FFFF6B230000FFFF71230000E2
:10024300FFFF77230000FFFF7D230000FFFF8323D1
:100253000000FFFF89230000FFFF8F230000FFFF43
:1002630095230000FFFF9B230000FFFFA123010153
:100273000104006118000000E8030000FFFFB51847
:10028300E803000064006400B801A0BB0D00A0BB3C
:100293000D00020200F8FF0705021E0401051E02FD
:1002A300051E020A0A0101080803102702803E0105
:1002B30002FEFFE8030A050001FFFF020A1401E042
:1002C3000100B0423BAAB83F0000003F8C90633965
:1002D300AA0CA33A00941E3C8042633DCFFE753EB8
:1002E3001572313F8096184BF304353F1872313F36
:1002F3002292D43EDD9B2A3F04000040FFFF7F7F14
:10030300FFFF7FFF0100803405030101FF924600D8
:100313000000002A4600000000FF000000FF00C0AC
:1003230082C0831204124004780080031204CAE8D6
:10033300F4FCEB600814601214601C802BEA600567
:10034300E842808023EC5280801EEA6005E84290F8
:100353008016EC52908011E8C39420500BEA60059C
:10036300E842A08003EC52A002040DC082C08312B5
:1003730004124004780080031204CAE8F4FCE87015
:100383000302040DEB600814602C146050807BECB6
:1003930052F374016A601274026A601574046A701D
:1003A30003E8428FE842FD806153F7DFEC528F8010
:1003B300F343F72080F6EC52F474016A601274027E
:1003C3006A601574046A7003E842F6E842FE803AF4
:1003D30053F7BFEC52F680F343F74080F6E8C3943B
:1003E300205027EC52F574016A601274026A60159A
:1003F30074046A7003E842F7E842FF800D53F77F05
:10040300EC52F780F343F78080F6D083D08222E961
:10041300C4540F5403FB743F59C394302274F8122D
:1004230010A7E9C4540F5403FE743F59C3943040DA
:1004330004780080031204CAE8F4FBE86077EE60F6
:100443000814602B14604E806CEB52F352FD740160
:100453006A600F74026A600F74046A7058E8428F0E
:10046300805353F7DF800343F720EB528F8046EB33
:1004730052F452FE74016A600F74026A600F7404CE
:100483006A7032E842F6802D53F7BF800343F7408A
:10049300EB52F68020E8C39420501AEB44E0FB5261
:1004A300F552FF74016A601274026A601574046A7B
:1004B3007003E842F77F0102143453F77FEB52F7DE
:1004C30080F343F78080F6E95407FC74762CF582B9
:1004D300E43488F583E0F822C082C083120412401A
:1004E30004780080031204CAE8F4FCE8603FEB6080
:1004F300081460151460228034EA6005E8428080A5
:1005030003EC5280E842FD8024EA6005E8429080D3
:1005130003EC5290E842FE8014E8C39420500EEAA4
:100523006005E842A08003EC52A0E842FF02040DFC
:10053300743F59C394305042E9C4540F54036007C5
:10054300146013146020227801E8F4FBEA60241499
:10055300601814601922740F59C39404500478026C
:1005630080E7780480E3780880DFE8428C22E58C1A
:10057300586004EB528C22E8428C2274F51210A7C7
:1005830074FB1217DB9081C0E0A2E0400302067700
:100593009081D0121A717401121A88121A59900894
:1005A3005FE4F0908029E0FEA3E0FFEE4F60478513
:1005B3001882851983E4F0A818A91988088909788D
:1005C3000812171675080175090078081217167CAA
:1005D300007D007A017B0412286374041216F3E988
:1005E300700C851882851983E05E90085FF07401B2
:1005F3001217B31225F97401121A887808121A19FE
:10060300E508FA7401121A887808121A19E509FB29
:100613007401121A887808121A19741078081217BC
:1006230092E508541FFC9081C4E0F5FDA3E0F5FEBC
:10063300A3E0F5FF9081CCE0F58FA3E0F5F6A3E00E
:10064300541FF5F77900E9FE74C82EF582E434816E
:10065300F583E0601275080175090074052E7808AA
:100663001218E4E50842F709E9C3940340D88A80E5
:100673008B908CA074051216F37F040214341219A4
:10068300EC60461219DD603DE9687008F618F6184B
:10069300F618F622748067F71206B5090909748003
:1006A30067F7221219DD601D1219EC70051919196B
:1006B300801A12186E701F121882C37003E6673314
:1006C30019191940071818182208080874FFF61892
:1006D300F618F618F6221218826017121A92702171
:1006E30092F0121A9B7019501720F0140808080989
:1006F3000909E7F61819E7F61819E7F61819E7F6DE
:1007030022121A9B60E6E869701F0808E62480F647
:1007130008E436F618547FB47F0CE654806007F67D
:10072300E418F618F622181822E9C6CC08C6CD0834
:10073300C6CE08C6CFC0E0E8C0E0EAC0E0EBC0E048
:1007430009E9F809E7FA09E7FBE6F918E6F8C3EC63
:1007530098ED99EE9AEBC2E7F5F0EFC2E795F0500A
:100763000E600CEBCFFBEACEFAE9CDF9E8CCF8EA60
:10077300A2E7D2E7FAEB33FB13F5F0EEA2E7D2E7F9
:10078300FEEF33FFC5F013A2E730E601B313C5F064
:10079300C3C0E0C0F07F00C39BFB605E9418600F92
:1007A300401D14601AD0E023F9D0E0F80208878ACC
:1007B300F0E9486003D2F0E4AFF0FAF9F8803BEBDC
:1007C30030E40D89F0EA6003D2F0E4AFF0F9CAF83F
:1007D300EB30E30D88F0EF6002D2F0AFF0E4CAC96A
:1007E300F8EB54076014FBC3EA13FAE913F9E813AF
:1007F300F8EF135002D2E0FFDBEDD0E0C0E030E7CA
:1008030039C3E49FFFF5F0EC98FC42F0ED99FD420B
:10081300F0EE9AFE42F0D0E0F9D0E0F8E5F0607A2D
:10082300E923F9EE20E742D8028067C3EF33FFECF8
:1008330033FCED33FDEE33FE80EAEC28FCED39FDAD
:10084300EE3AFED0E023F9D0E0F84002801BC3EE7D
:1008530013FEED13FDEC13FCEF135002D2E0FF087F
:10086300B800067F7F74FF802EEF3350178CF02083
:10087300F00260100CBC000C0DBD00080EBE00049D
:1008830008E860DFE933E813FFEE2313FE4F4D4C16
:100893008008E95480FFE4FEFDFCEE33EF33F4708F
:1008A30004FCFD7E80D0E0FBD0E0FAD0E0F8D0E09D
:1008B300CFC618CEC618CDC618CCC6F9221219DD7C
:1008C3007004181818221219EC700D74FFF6181919
:1008D300F61819F61819F622E7548066F6121A9BD1
:1008E300700F121A9270F014F608F608F608F680E4
:1008F300D1121A92700CF608F608768008E6447F47
:1009030080EC121885700C12187160BFE65480F6E3
:10091300E480BB121871700519191980A5E8697074
:100923000C763F18768018F618F6E8F922E6CDC063
:10093300E018ECC0E0E633CD33CDD313F6E719FC72
:10094300E7191933CC33C3947F400ECD9D5024084F
:10095300E65480F6E418F6800FF4043D14501408AE
:10096300E6447FF6187680E418F618F6D0E0FCD05B
:10097300E0FD22CCD313CCFD18E4C6CBC0E018E4D1
:10098300C6CAC0E00808ED08C633E613F618E43318
:10099300C675F003C3CA97CA09CB97CB199C400409
:1009A3007D08802EBD0003020A6916B6FF05060600
:1009B300081618C3CA33CACB33CB33CA27CA09CBE9
:1009C30037CB193CC37D08803E187D0820E75CC601
:1009D30033C6CA33CACB33CB33DDF1D5F0EB30E7C3
:1009E3007BCA97CA09CB974ACB199C406F4B70259A
:1009F300E620E0218066187D08C3CA97CA09CB9711
:100A0300CB199CD3C633C6CA33CACB33CB3350C9F5
:100A1300DDE7D5F0E1D3E4C636C608C636C608C658
:100A230036C608C636C61818188031C3CA97CA090D
:100A3300CB97CB199CB34097C633C6CA33CACB33C3
:100A4300CB33DD34D5F02EC6A2E0C640C8CA27CAD0
:100A530009CB37194A70BECB3CB480B90808E633DA
:100A630008E633601F181818D0E0FAD0E0FBD0E096
:100A7300FCD0E0FD22187D08CA27CA09CB37CB1961
:100A83003CD3808013F618E4B67F11F618B6FF0E38
:100A9300F618C60470D20808768080CAF618F618CD
:100AA300F680C5001219DD604F1219EC6012E7548D
:100AB3008066F612186E7011121A92703B090909BA
:100AC300F4F618F618F618F6221218827015121A90
:100AD3009B08080860EAE6447FF618768018E4F677
:100AE30018F622121A9B6016121A927012E4F60874
:100AF300F608F608E65480F609090918181822EAD8
:100B0300C0E0EBC0E0ECC0E0EDC0E0E687F0A4FBA2
:100B1300ACF008E687F0A42CFCE435F0FA1809E6FB
:100B230087F0A42C4B60027401CA35F0FCE433FB5C
:100B330009E687F0D2F7A42CCB35F0FC1908E68739
:100B4300F0A42BCC35F0FBE433FD0819E687F0D293
:100B5300E7A42C4ACB35F0CD3400FC09E687F0D26C
:100B6300E7A42DCC35F0FDE433FA0918E687F0D27B
:100B7300F7A42CCD35F0CA3400FC08E687F0D2E7A1
:100B8300D2F7A42ACC35F07A7E20E70B0ACB33CBFD
:100B9300CD33CDCC33CC33CB3350147004ED30E0B4
:100BA3000ED2F1E4CD3DCDCC3CCC3B5005DA05C2B1
:100BB300F1EB547FC63308E63392F0FBE73309E7E2
:100BC30033C39A502D2B70190C0D4C4D701518060C
:100BD300E608C333700D20F10AA2F013F6E418807F
:100BE3000B4024E4F630F002768018F618F618F677
:100BF3008024D33B14501074FFA2F013F6187680B0
:100C0300E418F618F6800FA2F013F618E63303F68D
:100C130018ECF618EDF6D0E0FDD0E0FCD0E0FBD008
:100C2300E0FA22C0E074F112110DA2AFE433F5092A
:100C3300D2AF85A708AFA1EF5508FE74105E60061A
:100C4300121FC975A1EF74085E6008121FCF75A14A
:100C5300F78024EFA2E092F0E508A2E082F05017BB
:100C6300906198E0F890078DE0C398A2D265D033E5
:100C73005002E8F075A1FEE509A2E092AF7F0202FF
:100C8300116CC0E074F212110DA2AFE433FED2AFC7
:100C93009061A4E0F8759B00E591585408600875CD
:100CA30091F71220178023E591585410600875912D
:100CB300EF12201D8014E591A2E092F0E8A2E082F9
:100CC300F05007E0C2E0F01221739061A3E0F8E571
:100CD300E9585404600E12214975E9FB906193E0D1
:100CE300A2E640F2EEA2E092AF7F0102116CC0E0F7
:100CF30074F212110DA2AFE433FED2AF9061A5E0FE
:100D0300F8E5BF585404600675BFFB12218B80D4ED
:100D1300120D6830F043120DAD803E8A088B098CAA
:100D23000A8D0B7808120D6820F01430E72B74FF3E
:100D3300FCFBFA747F8022E4FCFBFA7480801AB413
:100D43008008BC00F2BB00EF800F50EBF9E4C39ABC
:100D5300FAE49BFBE49CFCE499C6CC18C6CB18C60A
:100D6300CA18C6F922E4C9C608CAC608CBC6D33313
:100D73000308CCC63392F0C3947F402E94184019D5
:100D8300C9B90704CACBCC225025C309CA33CACB7D
:100D930033CBCC33CC33D9F422F4600DC9CCC31399
:100DA300CB13CBCA13CAD9F6CC22E4FCFBFA221428
:100DB300FCFBFA22C3E498F8E499F9120DF88026B3
:100DC300C3E49AFAE49BFBE920E7E9120DF8E498FF
:100DD300F8E499F922C3E498F8E499F9120DF8E4D8
:100DE30098F8E499F9C3E49AFAE49BFB22EB20E731
:100DF300CFE920E7E0B90010BB0008E88AF084F8E7
:100E0300AAF022E4FBC8FA22EB70227B10C833C895
:100E1300C933C9335007C39AC3DBF280069A500122
:100E23002ADBEAC833F4C8C933F4C9FA2275F008D7
:100E3300E4C833C8C933C933C99AC99B5004C92A02
:100E4300C93BD5F0ECFBC833F4C8E4C9FA22C0E0CF
:100E530074F212110DA2AFE433FED2AF900936E063
:100E63005589600FE589FA7900122599900936E0D2
:100E7300F45289C2C5EEA2E092AF7F0102116CC0A9
:100E8300E074F212110DA2AFE433FED2AF90093732
:100E9300E0558A600FE58AFA79011225999009379E
:100EA300E0F4528AC2EB80CDC0E074F212110DA2BD
:100EB300AFE433FED2AF900938E0558B600FE58B7A
:100EC300FA7902122599900938E0F4528BC2E8802E
:100ED300A4080808EAC0E0EBC0E086F0E7A4FA182B
:100EE3000986F0E7A42AFA180986F0E7A42AFA1873
:100EF3000986F0E7A42AFA1986F0E7A4FBE5F02AAD
:100F0300FA190886F0E7A42BFBE5F03AFA190886EC
:100F1300F0E7A42BFBE5F03AFA18180986F0E7A4EA
:100F2300C5F02BFBE43AFA1908E7C5F0C6A426F688
:100F3300E5F03BFBE43AFA1886F0E7A4F6E5F0089F
:100F430026F6E43B08F6E43A08F6D0E0FBD0E0FAF4
:100F530022080808E630E71112185A120F6C080825
:100F630008C64480C618181822181818E9799EC6AE
:100F730008CAC608CBC608CCC6C370207996CACBAC
:100F8300CC7019798ECBCC70137986CC700EF98026
:100F93002ACA33CACB33CBCC33CC331930E7F2CCA8
:100FA300CBCA3350147004EA30E00DE4CA3ACACB1A
:100FB3003BCBCC3CCC500209C3E913C6CC1823135A
:100FC300C6CB18C6CA18C6F922E4CFC0E0E4CEC027
:100FD300E0E4CDC0E0E4CCC0E075F020E626F608FE
:100FE300E633F608E633F608E633F6181818EC335A
:100FF300FCED33FDEE33FEEF33FFC3EC9709ED97C2
:1010030009EE9709EF97191919400FFFEC97FC099F
:10101300ED97FD09EE97FE191906D5F0BFECF70918
:10102300EDF709EEF709EFF7191919D0E0FCD0E055
:10103300FDD0E0FED0E0FF222518C582C0E0E5190F
:1010430034FFC583C0E0E518C3958224F810AF08C8
:101053008583198582188008858319858218D2AF04
:10106300CEF0A3E520F0A37808E608F0A3DEFAEFBC
:10107300F0A3E58124FAF8E608F0A3E608F0A3E676
:1010830008F0A30808E608F0A3E608F0A315811505
:1010930081D0E0FED0E0F8158115811581E8C0E02C
:1010A300EEC0E0222518C582C0E0E51934FFC583F0
:1010B300C0E0E518C3958224F910AF08858319852C
:1010C30082188008858319858218D2AFCEF0A3E5F4
:1010D30020F0A37808E608F0A3DEFAEFF0A3E58199
:1010E30024FBF8E608F0A3E608F0A30808E608F0F6
:1010F300A3E608F0A315811581D0E0FED0E0F81532
:10110300811581E8C0E0EEC0E022C0D02518C58279
:10111300C0E0E51934FFC583C0E0E518C395822418
:10112300F310AF0885831985821880088583198594
:101133008218D2AFC8F0A3E9F0A3EAF0A3EBF0A3BF
:101143007908E709F0A3D8FAECF0A3EDF0A3EEF0E9
:10115300A3EFF0A3D0E0F0A3D0E0F0A3D0E0F0A39E
:10116300E520F0A3E5F0F0A322851983851882E03A
:10117300C0E0A3E0F9A3E0FAA3E0FBA37808E0F65C
:1011830008A3DFFAE0FCA3E0FDA3E0FEA3E0FFA3D6
:10119300E0C0E0A3E0C0E0A3E0F5D0A3E0F520A326
:1011A300E0A3F5F010AF08858319858218800885C0
:1011B3008319858218D2AFD082D083D0E0F8D0E0F3
:1011C3003212185D181818120FCC12197C1919193C
:1011D3002212197C191919080808E618181820E7AB
:1011E300E0120FCC12185D18181822090909E71923
:1011F300191920E7DC080808E618181820E7030285
:101203000FCC12185D181818120FCC12185D18188D
:101213001812197C19191922121A7DB90003021226
:101223005AE490037178B479188002F0A3D8FCD9FA
:10123300FA7A247B1B900086789D79038015E493CA
:10124300A3AD82AE838A828B83F0A3AA82AB838D04
:10125300828E83D8E9D9E775829875839C740712C7
:1012630016D575829975833A74001216D575F010E8
:101273008E1A8F1B85821F85831E8518828519838D
:10128300E0CEA3E0CF851F82851E83EBC9EAC8EDBC
:10129300CBECCAC3E833C8E933C9EA33CAEB33CB6F
:1012A300C3EA9EF51DEB9FF51CB35004AB1CAA1DAE
:1012B300EC33CCED33CDD5F0DAAE1AAF1B221219D5
:1012C300DD601C1219EC6017121A9B7007121A9238
:1012D3007001D322C0D0121A927006D0D0B322C3A9
:1012E3002233D0D0501430E0F6C3E7960809E796CE
:1012F3000809E7960809E796B32220E0D5E69708A0
:1013030009E6970809E6970809E697B322D083D040
:1013130082ECC0E0EDC0E0E493A3FCE493A3FDED15
:101323004C600D121474EC24FFFCED34FFFD80EFD0
:10133300E493A3FCE493A3FDED4C600D1215BAEC0A
:1013430024FFFCED34FFFD80EFD0E0FDD0E0FCE4B2
:1013530093A3C0E0E493C0E0221219DD601B1219CD
:10136300EC6016121A9B7007121A92600CB322C01B
:10137300D0121A927005D0D022C32233D0D050138A
:1013830030E0EBC3E7960809E7960809E7960809F2
:10139300E7962220E0E4E6970809E6970809E6972E
:1013A3000809E69722851983851882E0A3FEE0A346
:1013B300F5207808E0A3F608DFFAE0A3FFE0A3C076
:1013C300E0E0A3C0E0E0A3C0E0E0A3C0E0E0A3C08E
:1013D300E010AF08858218858319800885821885F7
:1013E3008319D2AFD083D0820216DBD083D082E9B7
:1013F300C0E0E493A3C386F0C5F095F0F908E49345
:10140300A386F0C5F095F0700BE493A3C399400550
:10141300E9048002A3E475F002A42582F582E5F0D5
:101423003583F583D0E0F9E493A3C0E0E493C0E00F
:1014330022851983851882E0A3FEE0A3F5207808AE
:10144300E0A3F608DFFAE0A3FFE0A3C0E0E0A3C057
:10145300E0E0A3C0E0E0A3C0E010AF0885821885F8
:1014630083198008858218858319D2AFD083D082EF
:1014730022C0E0C3E49396087401939618400FE4E6
:101483009366700808740193661870007019A3A31B
:10149300C3E49396087401939618A3A3400DD0E078
:1014A300D0E0D0E002134CA3A3A3A3A3A3D0E022D4
:1014B300C0E0C0D0E8C0E0C008C009C00AC00BC08B
:1014C30082C083E5AFA2E55010908A127808121A01
:1014D300199007747808121943C2C1D083D082D0FF
:1014E3000BD00AD009D008D0E0F8D0D0D0E032C079
:1014F300E074F212110DC2D9901B84E0C39400A2D0
:10150300D265D0334005E0F91228C97F0102116C7E
:10151300C0E074F212110DC2DC901B86E0F9C39493
:1015230000A2D265D03340031228C980DE74048040
:101533000474028000CCC0E0EDC0E0E518C39CCC8D
:10154300AD1950011D10AF068C188D1980068C182B
:101553008D19D2AF121657D0E0FDD0E0FC227402F1
:101563008000CCC0E0EDC0E0E518C39CCCAD1950C1
:10157300011D10AF068C188D1980068C188D19D299
:10158300AF121635D0E0FDD0E0FC221219DD602544
:101593001219EC6020121A9B7003021A92080808B1
:1015A300E76670101819E766700A1819E766700481
:1015B3001819E76622F422C0E0C0F088F0E49366CD
:1015C30070080874019366187000A8F0A3A3700B49
:1015D300D0F0D0E0D0E0D0E002134CA3A3D0F0D001
:1015E300E022D083D082CCC0E0E493A3600612163D
:1015F300971470FAE493A360061217F11470FAD0EB
:10160300E0FCE493A3C0E0E493C0E022C008C3E09D
:1016130096F50808A3E096420808A3E09642080856
:10162300A3E0964208A2D265D033E5087001D3D077
:101633000822CAC0E0E493A3C582CCC582C583CD8A
:10164300C583F0A3C582CCC582C583CDC583DAE546
:10165300D0E0CA22CAC0E0E0A3C582CCC582C5835C
:10166300CDC583F0A3C582CCC582C583CDC583DA3E
:10167300E6D0E0CA22700908080822601618181874
:10168300C6C333C608C633C608C633C608C633C680
:10169300D5E0EA22C0E0E493A3D39C5010E493A3E3
:1016A300C39C400AD0E0D0E0D0E0021602A3A3A37B
:1016B300D0E022C008C3E096F50808A3E0964208EC
:1016C30008A3E096420808A3E09645087001D3D02A
:1016D3000822C09FF59FE473D09F22D083D082C09D
:1016E3009FE493C0E0740193C0E0740293F59F22DA
:1016F30000C0D0251810AF08F518500C0519800844
:10170300F51850020519D2AFD0D0227404800A74A0
:10171300038006740280027401C0E0F404121729E6
:10172300D0E0121A28222518F58210AF08F51840C8
:101733000C15198008F51840021519D2AF851983C5
:1017430022BB0102E722C082C08389828A83BB0055
:1017530003E08002E493D083D08222601708080854
:10176300C6A2E713C618C613C618C613C618C613EF
:10177300C6D5E0E922C0E0C0D0E8C0E0A8A8D2AF57
:10178300C2C7E8A2E792AFD0E0F8D0D0D0E0326091
:1017930016080808C6C313C618C613C618C613C648
:1017A30018C613C6D5E0EA222518F8E43519F9223C
:1017B3002518FAE43519FB222518FCE43519FD2216
:1017C300C3E0C696F608A3E0C696F608A3E0C6965D
:1017D300F608A3E0C696F622251810AF08F51840C0
:1017E3000C15198008F51840021519D2AF22C0E074
:1017F300E493A36C7009D0E0D0E0D0E0021602A31A
:10180300A3D0E022E76670100809E766700A0809AA
:10181300E76670040809E76622C3E09608A3E0962A
:1018230008A3E09608A3E096A2D265D03322E0662F
:10183300701008A3E066700A08A3E066700408A3AA
:10184300E06622C3E096F008A3E096F008A3E096D2
:10185300F008A3E096F022181818E4C396F608E4FB
:1018630096F608E496F608E496F622181818E608A1
:1018730046087009E626087005E633F422082219A3
:101883001919E70947097009E727097005E733F4D0
:10189300220922C3E4939608740193960874029371
:1018A30096087403939622C3E697F60809E697F61B
:1018B3000809E697F60809E697F622E026F608A354
:1018C300E036F608A3E036F608A3E036F622E6276C
:1018D300F60809E637F60809E637F60809E637F6A3
:1018E30022700422600D18C6C333C608C633C6D59A
:1018F300E0F41822E056F008A3E056F008A3E056FF
:10190300F008A3E056F022E056F608A3E056F608E6
:10191300A3E056F608A3E056F622E647F60809E6E2
:1019230047F60809E647F60809E647F622E657F6BA
:101933000809E657F60809E657F60809E657F622B6
:10194300E026F008A3E036F008A3E036F008A3E0B1
:1019530036F022E046F008A3E046F008A3E046F0A4
:1019630008A3E046F022E493F608740193F60874A2
:101973000293F608740393F622E4C397F709E497F6
:10198300F709E497F709E497F722600D08C6A2E781
:1019930013C618C613C6D5E0F322C6F4C608C6F4A8
:1019A300C608C6F4C608C6F4C622C3E09608A3E078
:1019B3009608A3E09608A3E09622C3E7960809E7F2
:1019C300960809E7960809E7962275D00075813FC6
:1019D3007518717519030002121BE6084608C31334
:1019E3004608336002E633F422E7094709C3134785
:1019F30009336002E733F422600C08C6C313C61828
:101A0300C613C6D5E0F422E6F008A3E6F008A3E681
:101A1300F008A3E6F022E0F608A3E0F608A3E0F658
:101A230008A3E0F622CAC0E0E6F0A308DAFAD0E0A1
:101A3300FA22E0FCA3E0FDA3E0FEA3E0FF22EAF02C
:101A4300A3EBF0A3ECF0A3EDF022E0FAA3E0FBA3F9
:101A5300E0FCA3E0FD22E8F0A3E9F0A3EAF0A3EBA6
:101A6300F022ECF0A3EDF0A3EEF0A3EFF022E0F808
:101A7300A3E0F9A3E0FAA3E0FB22E5C754F844018D
:101A8300F5C77901222518F582E43519F58322E794
:101A93002719471947194722E626184618461846B4
:101AA30022C2AF75D69F020000221216DEE0C802E2
:101AB3001216DEEAC8021216DEF4C8021216DEFEA1
:101AC300C8021216DE08C9021216DE12C902121665
:101AD300DE19C9021216DE20C9021216DE27C90258
:101AE3001216DE2EC9021216DE35C9021216DE3CAC
:101AF300C9021216DE43C9021216DE4AC9021216C1
:101B0300DE51C9021216DE58C9021216DE5FC9027F
:101B13001216DEBFC9021216DE1FCA021216DE7FBC
:101B2300CA021216DEDFCA021216DE3FCB021216FB
:101B3300DE9FCB021216DEFFCB021216DE5FCC0253
:101B43001216DEBFCC021216DE1FCD021216DE7F86
:101B5300CD021216DE53D0021216DE27D30212165E
:101B6300DEFBD5021216DEBDD8021216DE91DB02B1
:101B73001216DE65DE021216DE39E1021216DE0DE2
:101B8300E4021216DEE1E6021216DEB5E9021216CF
:101B9300DEE6E9021216DE17EA021216DE48EA0250
:101BA3001216DE79EA021216DEAAEA021216DEDB4A
:101BB300EA021216DE0CEB021216DE3DEB021216DF
:101BC300DE6EEB021216DE9FEB021216DED0EB0284
:101BD3001216DE90EE021216DEC1EE021216DEF8C7
:101BE300EE021216DE2FEF021216DE08F0021216B4
:101BF300DE20F0021216DE38F0021216DE3BF0028F
:101C03001216DE7FF0021216DE82F0021216DEB723
:101C1300F0021216DEBEF0021216DEF0F202121607
:101C2300DEFAF2021216DE1BF3021216DE09F402CA
:101C33001216DE2AF4021216DE34F4021216DE4302
:101C4300F4021216DE74F5021216DE27FA021216D9
:101C5300DE97FA021216DEBFFB021216DECFFB027C
:101C63001216DED9FB021216DE07FC021216DED1B3
:101C730077001216DEF677001216DE4B7800121686
:101C8300DE8C78001216DE6179001216DEFA790016
:101C93001216DE427A001216DED67A001216DEB271
:101CA3007B001216DEA37C001216DEDA7D0012160C
:101CB300DEFD7E001216DEC1E5061216DEF5E50630
:101CC3001216DE26E6061216DE66E6061216DEEDAE
:101CD300E7061216DE31E9061216DEB69305121672
:101CE300DEE894051216DEDF95051216DE759605FD
:101CF3001216DED396051216DE6597051216DE6AF6
:101D030099051216DEEC9A051216DE569B0512167D
:101D1300DEF59C051216DEFC9D051216DE619E059E
:101D23001216DE87A0051216DEE6A1051216DE1CCA
:101D3300DC011216DE87DC011216DE38DD01121615
:101D4300DE33E0011216DE12E3011216DEA2E30116
:101D53001216DEFDE6011216DEA3E9011216DE4DB0
:101D6300EA011216DEC3EB011216DE10EC011216A5
:101D7300DE09EE011216DE3FEE011216DE08EF0158
:101D83001216DEBAEF011216DE44F0011216DE84DB
:101D9300F1011216DE31F2011216DE39F3011216C9
:101DA300DE77F6011216DECFF6011216DE33F701E7
:101DB3001216DE9FF7011216DE19F8011216DE7BEA
:101DC300F8011216DEDCF8011216DE60F9011216B4
:101DD300DE00FA011216DED4FA011216DEC0FB0190
:101DE3001216DEC5FB011216DE9CFC011216DEBCC8
:101DF300FD011216DE97D3061216DEC3D3061216A2
:101E0300DE07D4061216DEBAD4061216DE5CD60638
:101E13001216DEFCD6061216DEB3D7061216DED96C
:101E23008E071216DE658F071216DE8090071216D4
:101E3300DE9C90071216DE8AAA071216DE9BAA07FB
:101E43001216DE60AB071216DE6FAB071216DE7AD0
:101E5300AB071216DEF5FF011216DEC9FF051216D7
:101E6300DEAEB1071216DE34AE071216DE44AE073D
:101E73001216DE56AE071216DEBCAE071216DE923F
:101E8300AB071216DE15AC071216DE7BAC07121673
:101E9300DE989A071216DED39A071216DE2F9B07D7
:101EA3001216DE879B071216DE0E9C071216DE4AF9
:101EB3009C071216DE9BB1071216DEABB107121692
:101EC300DECAED061216DE2DEE061216DE7CEE06D7
:101ED3001216DEA9EE061216DEFFEE061216DEACB1
:101EE300B0071216DE819E071216DEC0CC0512164D
:101EF300DE2ACD051216DEDCCD051216DEA5CE05D3
:101F03001216DE01D0051216DE22D1051216DE5E90
:101F1300D2051216DE46D4051216DE79D405121642
:101F2300DEDFD4051216DE11D5051216DE98D605AE
:101F33001216DE1AD7051216DE2ED7051216DEA4E8
:101F4300D7051216DEABA1071216DEBFA1071216C4
:101F5300DE00A2071216DED6A2071216DEEAA207D9
:101F63001216DE97C4061216DEC3C4061216DE343A
:101F7300C7061216DE74C7061216DEB4C70612169B
:101F8300DEC8C7061216DEE1C7061216DED2C80681
:101F93001216DE77C9061216DE8BC9061216DE1775
:101FA300A3071216DE3BA3071216DE54A30712166D
:101FB300DE86A3071216DEB6A3071216DEE3A30717
:101FC3001216DE45A4071216DE54A4071216DE5EAF
:101FD300A4071216DE6BA4071216DEA591071216CC
:101FE300DEC591071216DE0492071216DE1F920752
:101FF3001216DE3E92071216DEA492071216DEAD0B
:1020030092071216DE0A93071216DE2E9307121694
:10201300DEEF93071216DEFC93071216DE0D94070C
:102023001216DEB4FF041216DECCFF041216DEF81D
:10203300FF041216DE2ADD061216DE7EDE061216F7
:10204300DE8CDE061216DE9FDE061216DEB4DE0618
:102053001216DEC9DE061216DEDCDE061216DE50AE
:10206300DF061216DEB5DF061216DE57E00612167D
:10207300DE1BE1061216DE2BE1061216DE3AE1063E
:102083001216DE9BAD071216DEBFAD071216DEE792
:10209300AD071216DE0FAE071216DE66960712168E
:1020A300DE8D96071216DEAB96071216DE1E970715
:1020B3001216DE2E86071216DE4786071216DE5329
:1020C30086071216DE6786071216DE858607121646
:1020D300DE8F86071216DE9986071216DEAC860798
:1020E3001216DE3687071216DEAB87071216DEDFFF
:1020F30087071216DE2D88071216DE7A8807121656
:10210300DE9588071216DE9F88071216DEC588073C
:102113001216DE2A89071216DE04FF041216DE26C3
:10212300FF041216DEE47F001216DEB193061216C8
:10213300DEDB93061216DEF893061216DE0B940608
:102143001216DE2194061216DE7F94061216DEB7EF
:1021530094061216DEAF98061216DEF499061216CE
:10216300DE279A061216DE8A9A061216DE039C06EC
:102173001216DE2B9C061216DE409C061216DE504B
:102183009C061216DE949C061216DEEF9C061216AF
:10219300DEFF9C061216DE1CA7071216DE36A70703
:1021A3001216DE5EA7071216DE77A7071216DE9B4E
:1021B300A7071216DEB9A7071216DED0A707121655
:1021C300DEFEA7071216DE19A8071216DE68B0078F
:1021D3001216DEAAF5061216DEBAF5061216DEBFD1
:1021E300F6061216DEF1F6061216DE17F7061216BB
:1021F300DE3AF7061216DE51F7061216DE8BF706E5
:102203001216DEF0F7061216DE32F8061216DE712B
:10221300F8061216DEA2F8061216DED9F806121612
:10222300DEE999041216DE199A041216DE3A9A04AC
:102233001216DE589A041216DE759A041216DEBFC1
:102243009A041216DED79A041216DEE69A041216C0
:10225300DE1E9B041216DE3E9B041216DE7A9B04DE
:102263001216DED99B041216DE4A9C041216DEFFF8
:102273009C041216DE8E9D041216DE929E04121624
:10228300DE6D9F041216DE979F041216DEB49F04C0
:102293001216DE35A0041216DE4AA1041216DE78E9
:1022A300A1041216DE8DA1041216DEDAA1041216A1
:1022B300DE2DA2041216DEA1A3041216DEC0A304AF
:1022C3001216DEE6A3041216DEF7A3041216DE10BE
:1022D300A4041216DE41A4041216DE6AA404121624
:1022E300DE69A5041216DEE2A6041216DE21A70497
:1022F3001216DE31A7041216DE41A7041216DE8081
:10230300A7041216DEE5A7041216DE91A80412161E
:10231300DEF9A8041216DE49A9041216DE5FA90429
:102323001216DEA5A9041216DEBEA9041216DEC813
:10233300A9041216DED2A9041216DEE2A9041216AB
:10234300DE82AA041216DEC7AB041216DE9FAC04AB
:102353001216DEF7AC041216DE22AD041216DE30BE
:10236300AD041216DE38AD041216DE40AD041216AB
:10237300DE7CAF041216DE85B1041216DE8EB104C4
:102383001216DE97B1041216DEA0B1041216DEB6E1
:10239300B1041216DEBFB1041216DEC8B104121660
:1023A300DECFB1041216DED1B1041216DED8B204A8
:1023B3001216DEF8B3041216DEC6B5041216DEB02A
:1023C300B7041216DEDCB8041216DEFCB8041216CB
:1023D300DEDFBB041216DE34BC041216DE17BD04A6
:1023E3001216DED1BD041216DEECBE041216DEF1A7
:1023F300C1041216DED1C3041216DE69C504121617
:10240300DE89C7041216DE0080041216DE4680043D
:102413001216DE6081041216DE8681041216DE486F
:1024230084041216DEC884041216DEF18504121623
:10243300DE6289041216DECC89041216DE698A0470
:102443001216DEB98A041216DE7D8B041216DECD57
:102453008B041216DE048C041216DE078C0412168B
:10246300DE178C041216DE298C041216DE6E8C0421
:102473001216DE118E041216DE7E8E041216DEC9CB
:102483008E041216DE658F041216DEF18F04121607
:10249300DEC391041216DE6A93041216DE09940455
:1024A3001216DE2096041216DEFE96041216DEAE17
:1024B30098041216DE7CFE031216DE96FE03121635
:1024C300DED8FE031216DE0BFF031216DE24FF0313
:1024D3001216DE90FF031216DEBCFF031216DEA9EE
:1024E300B9061216DEDFB9061216DE33BA06121665
:1024F300DE03BB061216DE39BB061216DE66BB060A
:102503001216DEB8BB061216DED6BB061216DEFAAC
:10251300BB061216DE7CBC061216DE06BD061216BC
:10252300DE4CBD061216DE6ABD061216DE98BD0627
:102533001216DEBCBD061216DEF2BD061216DE5101
:10254300BE061216DE73BE061216DED2BE061216C3
:10255300DEDCBE061216DE15BF061216DE24BF062B
:102563001216DE32BF061216DE1A8A061216DE5461
:102573008A061216DE938B061216DEE68C061216F8
:10258300DE8B93061216DE59D8061216DE9AD8068B
:102593001216DE49D9061216DEEAFE011216DE5BBA
:1025A300FF011216DEBEFF011216DE0080061216B0
:1025B300DE1F81061216DE9782061216DEDE830602
:1025C3001216DE3684061216DE7684061216DE84B2
:1025D30084061216DEB484061216DE44850612162D
:1025E300DEE185061216DEED86061216DE89880602
:1025F3001216DE0F8A061216DE3BFC021216DE14DA
:10260300FD021216DE50FD021216DE79FD021216CD
:10261300DE4EFF021216DE9DCE061216DEBACE067F
:102623001216DEFFCE061216DE35CF061216DEECCC
:10263300CF061216DE8DD1061216DEFAD106121659
:10264300DE79D3061216DEBED7051216DEC2D80512
:102653001216DE35D9051216DE4CDA051216DE988F
:10266300DA051216DE0BDE051216DE53DE05121630
:10267300DE1FDF051216DE69DF051216DE01E00537
:102683001216DE66E0051216DE4AE1051216DE19A1
:10269300A0071216DE56A0071216DE7BA00712163D
:1026A300DE97A0071216DEACA0071216DE2F9D06DA
:1026B3001216DE919D061216DE259E061216DEAE5A
:1026C3009F061216DEA6A2061216DEBCA20612167C
:1026D300DE7EA3061216DE75A4071216DE87A40794
:1026E3001216DE9BA5071216DE9EA5071216DE1D27
:1026F300FF051216DE53FF051216DE6DFF051216D7
:10270300DEAFFF051216DEBFFF051216DEF5AC06BF
:102713001216DE2FAD061216DE98AD061216DEB5C2
:10272300AD061216DE57AE061216DE60AE061216A0
:10273300DEA5AE061216DECEAE061216DEDBAE0642
:102743001216DE4CAF061216DED7AF061216DE25C2
:10275300B0061216DE63B0061216DEC8B0061216F5
:10276300DEEBB0061216DE62B1061216DEB9B10652
:102773001216DEF4B1061216DE29B2061216DE3B7D
:10278300B2061216DE4DB2061216DE6CB206121631
:10279300DE75B2061216DE30B3061216DE7CB30601
:1027A3001216DEBAB3061216DECBA5071216DE0B1F
:1027B300A7071216DEE4B0071216DE00B1071216E1
:1027C300DE2483071216DE6883071216DEB0830742
:1027D3001216DE9685071216DE2586071216DE46CA
:1027E300AF071216DE0080051216DE2481051216CD
:1027F300DE5E81051216DE0883051216DE328305BE
:102803001216DEA785051216DEE785051216DE7D94
:1028130087051216DE1A88051216DE6C8805121655
:10282300DE0F89051216DE4789051216DE89890532
:102833001216DEF88A051216DE468C051216DE77AE
:102843008E051216DEA58E051216DECC8E05121627
:10285300DED58E051216DE258F051216DEB78F051F
:102863001216DEE692051216DE6993051216DE8550
:10287300B1071216DEC6E9061216DEDCE9061216E9
:10288300DE80EA061216DEBFEA061216DEDCEA0670
:102893001216DE0DEB061216DE5AEB061216DE8D4D
:1028A300EB061216DEC8EB061216DEBDED06121697
:1028B300DEE6B3061216DE8CB5061216DECDB606BC
:1028C3001216DEE5B6061216DEF8C8041216DEA9E5
:1028D300C9041216DEFAC9041216DE10CA0412164F
:1028E300DEBACA041216DE1DCB041216DE31CE0484
:1028F3001216DEA1CE041216DEAAD0041216DEE3EF
:10290300D0041216DE76D3041216DE8ED30412160A
:10291300DEB6D3041216DE34D4041216DEAFD404AA
:102923001216DE7AD6041216DEC8D7041216DE4655
:10293300D8041216DECDDD041216DE3B9407121600
:10294300DE5394071216DE5295071216DE599507C9
:102953001216DE8295071216DE94AC071216DEF30A
:10296300AC071216DE31AD071216DE72AD07121672
:10297300DEB8AF071216DEF7AF071216DE4CA80754
:102983001216DE5BA8071216DEBBA8071216DE4876
:10299300B1071216DEF6A8061216DE54B107121698
:1029A300DE31C1051216DE48C3051216DE9BC305D0
:1029B3001216DE24C4051216DE9FC4051216DE614C
:1029C300C5051216DE8BC5051216DEABC50512163C
:1029D300DEBAC5051216DEFDC5051216DE09C605EB
:1029E3001216DE40C6051216DE89C6051216DEA3D0
:1029F300C6051216DECFC6051216DE3FC705121630
:102A0300DED4C7051216DEF8C7051216DE6DC8053B
:102A13001216DE62C9051216DEE3C9051216DE3090
:102A2300CA051216DE64CA051216DED6C8021216CD
:102A3300DE87CB051216DEC1CB051216DEFECB05F3
:102A43001216DE11CC051216DE2ECC051216DE612F
:102A5300CC051216DE85CC051216DEDC49001216F3
:102A6300DEE849001216DE4A4A001216DE544A0016
:102A73001216DEE74A001216DE234B001216DEDFC3
:102A83004B001216DEF24B001216DE424C001216F9
:102A9300DEAC4C001216DE114D001216DE474D005F
:102AA3001216DEC94D001216DE784F001216DE4CE8
:102AB30051001216DE3252001216DE845300121633
:102AC300DEDA55001216DE4357001216DEE0570019
:102AD3001216DE885C001216DE765D001216DE1416
:102AE3005E001216DE405E001216DEDC5E00121679
:102AF300DEF15E001216DE155F001216DE7B5F004C
:102B03001216DE985F001216DEC25F001216DE3F59
:102B130061001216DE6061001216DEE66100121615
:102B2300DE8C62001216DED362001216DE466300EC
:102B33001216DED263001216DE3664001216DE961B
:102B430064001216DE2C65001216DEA7650012164D
:102B5300DEDA65001216DE3C66001216DE9E6700A2
:102B63001216DE0E68001216DEBD68001216DE13A2
:102B73006A001216DEAB6A001216DE176B0012161D
:102B8300DE5A6D001216DEE66E001216DE116F00BD
:102B93001216DEF770001216DE8D72001216DE9624
:102BA30073001216DE57B3051216DE0EB4051216A5
:102BB300DE15B5051216DE93B5051216DED5B6057C
:102BC3001216DEF6B6051216DEAEB7051216DE597C
:102BD300B8051216DE39BC051216DE55BE051216EF
:102BE300DEBCBF051216DE24B0071216DEDBF705C6
:102BF3001216DE7BF8051216DEECF8051216DEA7B8
:102C0300FD051216DE35FE051216DE42CF0312163F
:102C1300DE9ACF031216DE20D0031216DE32D10362
:102C23001216DE7FD1031216DE65D2031216DE7C86
:102C3300D2031216DECED2031216DE06D303121609
:102C4300DE19D3031216DE6FD3031216DEC8D303C5
:102C53001216DEE0D3031216DE50D6031216DEE799
:102C6300D6031216DE11D7031216DE49D703121646
:102C7300DE6FD9031216DEB5D9031216DEFFD903B0
:102C83001216DED3DA031216DE14DB031216DE3756
:102C9300DB031216DE7EDB031216DEA0DB03121645
:102CA300DE21DC031216DEAEDC031216DE08DD03C2
:102CB3001216DE50DD031216DEC5DE031216DE41E8
:102CC300E1031216DECEE1031216DEFAE203121658
:102CD300DE35E3031216DE02E4031216DE42E403DA
:102CE3001216DE45E4031216DE4FE4031216DE620B
:102CF300E4031216DEE3E4031216DE19E5031216EB
:102D0300DE45E5031216DE6CE5031216DE90E503DD
:102D13001216DE27E6031216DE40E6031216DE73F2
:102D2300E6031216DE93E6031216DED0E60312164E
:102D3300DE07E7031216DE06E8031216DE39E9039F
:102D43001216DEBFAE071216DECBAE071216DE1169
:102D5300AF071216DEF2FF011216DE4FE903121659
:102D6300DE72E9031216DE49EA031216DE92EA0363
:102D73001216DEEAEA031216DE44EB031216DE90A5
:102D8300EB031216DE06EC031216DE94EC031216A6
:102D9300DE0CED031216DE4FED031216DE2CF103EB
:102DA3001216DE73F3031216DEA6F3031216DE24E5
:102DB300F4031216DEA9F4031216DE81F5031216CC
:102DC300DEABF6031216DE96F7031216DE73F80374
:102DD3001216DEAFF9031216DE53FB031216DEE5FD
:102DE300FB031216DEECFD031216DEC8A305121652
:102DF300DE68A4051216DED2A4051216DE79A50537
:102E03001216DEDDA5051216DE10A7051216DE3634
:102E1300A8051216DEAFA8051216DE87AA0512163C
:102E2300DE27AB051216DECAAB051216DE29AC058A
:102E33001216DEE4AC051216DEAAAE051216DE4D3E
:102E4300B0051216DEF9B0051216DE0EB205121623
:102E5300DEEFDD041216DE67DE041216DEAFDE04DB
:102E63001216DEF3DE041216DE3CDF041216DE86D3
:102E7300DF041216DEBBDF041216DE39E00412167D
:102E8300DE93E0041216DEECE1041216DE75E204B2
:102E93001216DED1E2041216DEEBE2041216DE1283
:102EA300E3041216DE6AE3041216DED4E4041216F7
:102EB300DEF3E4041216DE1BE6041216DE98E604C3
:102EC3001216DE05E7041216DE67E7041216DE1794
:102ED300E8041216DEE9E9041216DED4EA04121637
:102EE300DECEEB041216DED4EC041216DEF0ED0493
:102EF3001216DEFEED041216DED7EE041216DE778E
:102F0300EF041216DEBBEF041216DED0EF04121626
:102F1300DEE1F0041216DE84F1041216DEDCF104A5
:102F23001216DE0B8C071216DE448D071216DE0115
:102F33008E071216DE658E071216DE008007121644
:102F4300DE1B80071216DE5F80071216DE85800700
:102F53001216DEAB80071216DEC380071216DE26BA
:102F630081071216DE3B81071216DE5D82071216F9
:102F7300DE6682071216DE6F82071216DE7882077C
:102F83001216DE8282071216DE73E1061216DE5374
:102F9300E5061216DE58E5061216DE5AE506121687
:102FA300DE0E9D071216DE67B1071216DE3589079E
:102FB3001216DE6CA9071216DE9DFF061216DE89B5
:102FC30098071216DE1CB1071216DEBFF1061216A1
:102FD300DE53AB031216DEAAAB031216DE16AC03E6
:102FE3001216DEA2AC031216DE58AD031216DEA0D3
:102FF300AD031216DEB9AD031216DEDCAD031216F5
:10300300DEFEAD031216DE3CAE031216DE8BAE03FC
:103013001216DEB6AE031216DE14AF031216DEBBB3
:10302300AF031216DE63B0031216DEDFB00312160F
:10303300DEACB1031216DEF8B1031216DE80B20362
:103043001216DEB9B2031216DE4AB3031216DE5BA2
:10305300B3031216DECDB3031216DE66B4031216E3
:10306300DED0B4031216DEC0B5031216DEE5B503D7
:103073001216DEE2B6031216DEEFB6031216DEF800
:10308300B6031216DEE1B8031216DEFDB9031216FB
:10309300DE8EBA031216DEFFBA031216DED9BC03A4
:1030A3001216DEA4C0031216DEB8C0031216DEC861
:1030B300C0031216DED2C0031216DEDBC0031216E3
:1030C300DEE4C0031216DEEEC0031216DE1DC103DA
:1030D3001216DE4BC1031216DE56C1031216DE7A38
:1030E300C1031216DE9EC1031216DE10C2031216AE
:1030F300DE59C2031216DE75C2031216DEE6C203E0
:103103001216DE32C3031216DE7BC3031216DEB9B8
:10311300C3031216DE3AC4031216DE05C6031216E3
:10312300DEA4C6031216DE6CC7031216DEF8C9034B
:103133001216DE4DCA031216DE75CA031216DEA876
:10314300CB031216DEEDCB031216DE42CC031216AE
:10315300DEF0CC031216DE95CD031216DECACD03C4
:103163001216DE6ACE031216DEE6CE031216DEE672
:103173008A011216DE188B011216DE4C8B01121611
:10318300DE008D011216DED48D011216DE338E01A0
:103193001216DE498F011216DE958F011216DE32EA
:1031A30092011216DEA794011216DEF39501121690
:1031B300DE8B96011216DE9796011216DEE096015B
:1031C3001216DE1397011216DE9F97011216DEB157
:1031D30098011216DEF299011216DEF19A01121607
:1031E300DE1B9B011216DE869B011216DEDF9B019E
:1031F3001216DE529C011216DE889E011216DE0E96
:10320300A0011216DEF9A0011216DE47A201121662
:10321300DE7FA4011216DE76A7011216DE85A70152
:103223001216DE19A8011216DEC4A8011216DE0753
:10323300A9011216DE50A9011216DEA0A901121669
:10324300DE0DAA011216DE79AA011216DE95AA0175
:103253001216DEC4AA011216DE03AB011216DEEB50
:10326300AB011216DE9AAC011216DE11AF01121673
:10327300DE43B0011216DE12B1011216DE94B10163
:103283001216DED6B5011216DEEDB5011216DE1CDE
:10329300B6011216DE77B6011216DEAAB6011216B1
:1032A300DE05B7011216DE21B7011216DE82B70161
:1032B3001216DED2B7011216DE81B8011216DE44F1
:1032C300B9011216DE0CBA011216DE58BC01121631
:1032D300DEE4BD011216DE3BBF011216DE57C0014C
:1032E3001216DE5AC0011216DE89C0011216DE78EC
:1032F300C2011216DE41C3011216DE82C301121689
:10330300DED8C4011216DE4EC5011216DE81C501D8
:103313001216DEE5C5011216DE06C8011216DE65B9
:10332300C8011216DE3BC9011216DE4FC90112167F
:10333300DE63C9011216DE90C9011216DEC0C9018F
:103343001216DE64CB011216DE61CC011216DEAF5B
:10335300CC011216DED6CC011216DEB1CD01121647
:10336300DE57CE011216DEDDCF011216DE24D001A8
:103373001216DE91D0011216DEE6D1011216DE8F8F
:10338300D2011216DEC3D2011216DEDBD2011216EF
:10339300DE7ED3011216DEFAD5011216DEA2D701A4
:1033A3001216DEC6D7011216DEE4D7011216DEB0FE
:1033B300D8011216DEFEDB011216DE0080021216A1
:1033C300DE3280021216DEB284021216DE0185029C
:1033D3001216DE4785021216DEEA85021216DE4F4A
:1033E30086021216DE9386021216DEFA8702121680
:1033F300DE2689021216DE238D021216DEA28D024C
:103403001216DEC88E021216DE2B8F021216DE771C
:1034130090021216DE0F93021216DE9C930212160E
:10342300DEA693021216DECE93021216DE969402E5
:103433001216DE2B95021216DE5495021216DE8149
:1034430095021216DED697021216DEA39802121602
:10345300DEE298021216DE6499021216DE0F9A0259
:103463001216DE419A021216DE8C9A021216DEC57D
:103473009A021216DE149B021216DE709B021216BB
:10348300DEF29B021216DE579C021216DECF9C025E
:103493001216DE789E021216DE709F021216DEB13D
:1034A300A0021216DE05A4021216DE61A60212168F
:1034B300DE1AA7021216DE62A7021216DE43A90263
:1034C3001216DE7EA9021216DE87A9021216DE90FC
:1034D300A9021216DE9BA9021216DEBAA90212165F
:1034E300DE6DAA021216DECAAA021216DED4AA02E0
:1034F3001216DEDEAA021216DE2AAB021216DE72E4
:10350300AB021216DE76AC021216DE0FAD021216F5
:10351300DED6AD021216DE00AF021216DE2BB002AB
:103523001216DE21B1021216DE39B1021216DE6D59
:10353300B1021216DE8BB1021216DED3B1021216DD
:10354300DE0CB2021216DEC3B2021216DE84B3021E
:103553001216DEF7B3021216DE73B4021216DE0F72
:10356300B5021216DE35B6021216DEF1B6021216D7
:10357300DE91B7021216DE7EB8021216DED6B8024C
:103583001216DE9CB9021216DEBFB9021216DED481
:10359300BA021216DE1FBB021216DE7BBB02121624
:1035A300DEE3BB021216DE07BC021216DE2FBC02DC
:1035B3001216DE74BC021216DE98BC021216DE1C52
:1035C300BD021216DE05BE021216DE4ABE02121636
:1035D300DE73BE021216DE11BF021216DE7CBF02BC
:1035E3001216DE8ABF021216DEB6BF021216DE976D
:1035F300C0021216DE5BED051216DE93ED05121600
:10360300DEB4ED051216DEF6ED051216DE5AEE05F2
:103613001216DE64EE051216DE74EE051216DEAB2C
:10362300EE051216DE54F2051216DE1CF405121610
:10363300DE00F6051216DEA2F6051216DE2CF705DD
:103643001216DE2F81031216DE9381031216DEF1AA
:1036530081031216DE3C82031216DE578203121612
:10366300DE7E82031216DE9B82031216DEA782031E
:103673001216DE3884031216DE5184031216DECDD1
:1036830084031216DEE084031216DEF0840312169E
:10369300DE9485031216DE0087031216DE138803F9
:1036A3001216DEB388031216DEBD88031216DE3C43
:1036B30089031216DE4D89031216DE8C8903121656
:1036C300DEBA89031216DE878A031216DEDE8A0348
:1036D3001216DE178B031216DE6D8B031216DE8BAA
:1036E3008B031216DED98B031216DEA48C0312167B
:1036F300DEF28C031216DE3F8D031216DEC28D033B
:103703001216DEEC8D031216DE228E031216DE3144
:103713008E031216DE908E031216DE088F03121626
:10372300DE498F031216DE998F031216DEC48F0350
:103733001216DEDE8F031216DEF88F031216DECDAD
:1037430090031216DED790031216DE12910312169F
:10375300DE2291031216DE2B91031216DE7C9103F7
:103763001216DE9091031216DEB292031216DEC712
:1037730092031216DE5A93031216DECE9303121629
:10378300DE7394031216DE7E94031216DEDE9503B7
:103793001216DEFA95031216DE4696031216DEB4EF
:1037A30096031216DEE696031216DE009703121630
:1037B300DE4297031216DE9599031216DE2D9A0345
:1037C3001216DEA49A031216DE019D031216DE19E9
:1037D3009D031216DE1C9D031216DE289D0312168E
:1037E300DE3C9D031216DE449D031216DE7B9D0311
:1037F3001216DE6F9E031216DEF99E031216DE7B8F
:103803009F031216DEFB9F031216DED2A0031216CD
:10381300DEF4A0031216DE8DA1031216DEEAA10365
:103823001216DEEDA1031216DE5CA2031216DEA849
:10383300A3031216DEBBA4031216DE46A50312165B
:10384300DE59A6031216DE1EA7031216DE4FA703C8
:103853001216DE75A7031216DE7EA7031216DEAD5F
:10386300A7031216DE5DA8031216DE0DA9031216B6
:10387300DE80A9031216DE23AA031216DE96AA031C
:103883001216DED5AA031216DE1EAB031216DE5085
:10389300A8061216DEF3A7061216DEE4A706121612
:1038A300DE0FA7061216DEC1A6061216DEB8A5069F
:1038B3001216DE19FC061216DEA7FB061216DE2808
:1038C300FA061216DEDEF9061216DEC8F90612161D
:1038D300DED3C8021216DE99C8021216DE31F906CB
:1038E3001216DE2BFE041216DE8FC8021216DE85B8
:1038F300C8021216DE51FD041216DE87FC041216EE
:10390300DEF6FA041216DEBFFA041216DE91FA048A
:103913001216DE45FA041216DEAEF9041216DE1E86
:10392300F9041216DEF8F8041216DEADF8041216C6
:10393300DE77F8041216DEFAF7041216DE95F704A2
:103943001216DE44F7041216DE6CF6041216DEDCE1
:10395300F5041216DE90F5041216DE0BF5041216AA
:10396300DEC6F4041216DEAAF4041216DE52F304C1
:103973001216DE24F3041216DEF1F2041216DE75BB
:10398300F2041216DEF1CC061216DE4CCB0612162A
:10399300DE7BC8021216DE5ACA061216DE50C702B2
:1039A3001216DE59C6021216DE0CC6021216DE4DC0
:1039B300C5021216DEBFC4021216DE6EC302121651
:1039C300DE55C3021216DE41C2021216DE9FC9067D
:1039D3001216DE10ED051216DEB7EC051216DE82A6
:1039E300EC051216DE00C2021216DE4DEC051216AD
:1039F300DE19EC051216DEACEB051216DE94EB05B0
:103A03001216DE58C1021216DE6FEB051216DED453
:103A1300CA051216DE40E8051216DE13E605121675
:103A2300DE13E4051216DE99E3051216DE4AE305FA
:103A33001216DE04E3051216DEA6E2051216DE9662
:103A4300C2061216DE18C2061216DEEDC0061216E4
:103A5300DE6FBF061216DE60BF061216DEA3FE0679
:103A63001216DE8BFE061216DE01FE061216DE6D40
:103A7300FD061216DEBDA9061216DE03FD0612169A
:103A8300DEBBFC061216DEA2FC061216DE73FC0673
:103A93001216DE4EB10700000080FBE473A11A2763
:103AA3003F5A5DB03E7C85233FF086B63EE202205E
:103AB3003F0A23BC3ED3931C3FAD24C13E9E38191D
:103AC3003F1D86C53E8BF1153F4647C93E1ABF12BF
:103AD3003F6D6CCC3E0AA20F3F0EFDCE3E419B0CC8
:103AE3003FE702D13EB2AB093F2589D23E42D4061D
:103AF3003FB39BD33EB215043FB646D43E93700109
:103B03003F1C96D43E7DCAFD3E5295D43EA7E7F8AE
:103B13003E124FD43E7738F43E3FCDD33E5FBCEFE9
:103B23003EDC18D33E7B72EB3E033AD23E9F59E70D
:103B33003EEB37D13E6770E33EF718D03E44B5DF26
:103B43003EBDE2CE3E8826DC3E1E9ACD3E6EC2D8F6
:103B53003E5443CC3E2987D53E03E2CA3EE372D2AC
:103B63003E4979C93ECB83CF3ECF0BC83E16B8CC76
:103B73003ED89BC63E020ECA3E4C2BC53EDC83C7D5
:103B83003EC4BBC33EFE17C53E964EC23ED3C8C21B
:103B93003EDCE4C03ED994C03E807FBF3E9E7ABEE9
:103BA3003E3D1FBE3EC278BC3EACC4BC3EF78DBAA0
:103BB3003E4470BB3E01B9B83E6122BA3EB5F8B689
:103BC3003E4ADBB83EF84BB53E2F9BB73EBFB1B381
:103BD3003E3262B63E0E29B23E6730B53EF8B0B013
:103BE3003ED505B43E9C48AF3E7AE2B23E29EFADE6
:103BF3003E4BC6B13ED6A3AC3E38B1B03EEB65AB4F
:103C03003E29A3AF3EB534AA3E039CAE3E910FA915
:103C13003EA99BAD3EE1F5A73EF7A1AC3E12E7A658
:103C23003ECAAEAB3E9BE2A53EFEC1AA3EF8E7A468
:103C33003E6ADBA93EAEF6A33EE8FAA83E4A0EA3CF
:103C43003E5020A83E5E2EA23E794BA73E8356A14E
:103C53003E3B7CA63E5886A03E6FB2A53E80BD9FEC
:103C63003EECEDA43EA5FB9E3E8C2EA43E75409EED
:103C73003E2874A33EA28B9D3E9BBEA23EE3DC9CEA
:103C83003EBF0DA23EF2339C3E7161A13E8E909BDE
:103C93003E8CB9A03E7AF29A3EF015A03E79599A2D
:103CA3003E7A769F3E54C5993E09DB9E3ED73599B1
:103CB3003E7F439E3ECEAA983EBCAF9D3E0B2498CA
:103CC3003EA31F9D3E61A1973E16939C3EA3229760
:103CD3003EFA099C3EABA7963E34849B3E503096F9
:103CE3003EAA019B3E6FBC953E41829A3EE34B95B3
:103CF3003EE3059A3E8DDE943E768C993E4B74945A
:103D03003EE515993E000D943E18A2983E8FA89368
:103D13003EFB30983EDC46933E78C2973ECEE79218
:103D23003E7D56973E4A8B923EF4EC963E3B319253
:103D33003ECD85963E88D9913EF520963E1C8491D2
:103D43003E5ABE953EE230913EEB5D953EC6DF9016
:103D53003E99FF943EB690903E53A3943E9F43906A
:103D63003E0C49943E70F88F3EB2F0933E18AF8FED
:103D73003E3A9A933E87678F3E9545933EAE218F99
:103D83003EB5F2923E7EDD8E3E8FA1923EEA9A8E42
:103D93003E1552923EE4598E3E3C04923E5F1A8E8B
:103DA3003EF8B7913E4EDC8D3E3F6D913EA79F8D11
:103DB3003E0424913E5C648D3E3FDC903E652A8D3B
:103DC3003EE595903EB5F18C3EEB50903E43BA8C68
:103DD3003E490D903E05848C3EF6CA8F3EF24E8CD2
:103DE3003EE8898F3E011B8C3E184A8F3E29E88BA3
:103DF3003E7D0B8F3E62B68B3E0ECE8E3EA4858BF0
:103E03003EC4918E3EE7558B3E98568E3E24278BBB
:103E13003E821C8E3E53F98A3E7CE38D3E6ECC8AF5
:103E23003E7EAB8D3E6EA08A3E82748D3E4D758A7A
:103E33003E813E8D3E044B8A3E75098D3E8D218A1F
:103E43003E59D58C3EE3F8893E26A28C3E00D189AB
:103E53003ED66F8C3EDFA9893E653E8C3E7B8389CF
:103E63003ECD0D8C3ECE5D893E08DE8B3ED4388937
:103E73003E12AF8B3E8814893EE5808B3EE5F08889
:103E83003E7E538B3EE8CD883ED7268B3E8BAB8858
:103E93003EECFA8A3ECB89883EB9CF8A3EA4688835
:103EA3003E3AA58A3E1248883E697B8A3E1128889D
:103EB3003E45528A3E9E08883EC7298A3EB6E98718
:103EC3003EEE018A3E54CB873EB5DA893E76AD8716
:103ED3003E18B4893E1890873E158E893E37738706
:103EE3003EA868893ED156873ECD43893EE33A8753
:103EF3003E821F893E691F873EC3FB883E6104875C
:103F03003E8ED8883EC8E9863EDFB5883E9CCF8684
:103F13003EB393883EDBB5863E0972883E819C861C
:103F23003EDD50883E8D83863E2C30883EFC6A867B
:103F33003EF40F883ECD52863E33F0873EFC3A86F0
:103F43003EE7D0873E8823863E0BB2873E6F0C86C2
:103F53003EA093873EAFF5853EA275873E46DF853B
:103F63003E0E58873E32C9853EE43A873E71B3859B
:103F73003E211E873E029E853EC201873EE3888521
:103F83003EC7E5863E1174853E2CCA863E8D5F850D
:103F93003EF0AE863E534B853E1294863E62378595
:103FA3003E9079863EBA23853E675F863E581085EC
:103FB3003E9645863E3BFD843E1B2C863E62EA844C
:103FC3003EF612863ECBD7843E24FA853E75C584E1
:103FD3003EA3E1853E5FB3843E72C9853E87A184DB
:103FE3003E91B1853EEC8F843EFC99853E8E7E8466
:103FF3003EB482853E6B6D843EB66B853E815C84A8
:104003003E0155853ED04B843E943E853E573B84CE
:104013003E6E28853E142B843E8D12853E071B84FD
:104023003EF0FC843E2E0B843E96E7843E89FB8360
:104033003E7ED2843E17EC833EA7BD843ED6DC830E
:104043003E0FA9843EC6CD833EB694843EE6BE832E
:104053003E9A80843E36B0833EBA6C843EB3A183DD
:104063003E1659843E5E93833EAC45843E3685833B
:104073003E7B32843E3977833E831F843E67698368
:104083003EC20C843EC05B833E38FA833E424E837D
:104093003EE4E7833E000000002001DF8A000001C8
:1040A300002001DF8A000002002001DE8A000003F5
:1040B300002001E08A0000040042016D8000000539
:1040C3000042017E80000006004201A0800000073C
:1040D300002001AB800000100042018F800000111E
:1040E3000020014E0C000000404201A080000000AF
:1040F300804201EA8306000000101100000700005F
:1041030000303300000700100030330000070001C7
:104113004020330000070002402033000008000065
:1041230000203300000C005500393300000C001C44
:10413300004233000012005500210100000004007A
:1041430000210400000204000029150000030400FC
:10415300002904000005040000290400000C0400E9
:1041630000390400000D040000390400002A040093
:1041730000390400000207000029040000020700C0
:10418300021805DB8A020700033005DC8A020701F7
:104193000322058A8A0207020322058E8A02070385
:1041A300031801DA8A0207060318110000040B0042
:1041B300001B05728A040B000129150000040B0380
:1041C3000129150000040B060129040000040B005B
:1041D300022105CE8A040B01022105D08A040B02B9
:1041E300022105CE8A040B03022105D48A040B04A1
:1041F300022105CE8A040B05022105D68A040B0091
:104203000321040000040B00042105CE8A040B01E2
:10421300042105D28A040B050521150000040B08AF
:104223000521150000040B0B0529040000040B10E5
:104233000528040000040B00062105CE8A040B01A7
:10424300062105D08A040B02062105CE8A040B033E
:10425300062105D48A040B04062105CE8A040B0526
:10426300062105D88A000300002033000000030163
:104273000020330000000303002133000000030487
:10428300002133000000030700213300000003086E
:10429300003011000000030F001811000000030A92
:1042A300401911000000030B402111000000030C12
:1042B300402101000000000000000001203F3A00FF
:1042C3000102203F3A000103203F3A010004203F4E
:1042D3003A0001050000000000060000000000078E
:1042E30000000000000800000000000000000000C3
:1042F300000A00000000000B00000000000C020098
:104303000000000D00000000000E203F3A10010FD6
:10431300203F3A1000104C753A00001100F91C10B0
:10432300001200171D100013000000008014000B82
:104333001D0000150000000000160000000000171B
:1043430001000000801801000000801900352900D9
:10435300001A00352900001B00000000001C0100AA
:104363000000011D01000000011E00000000001FED
:1043730001853908002000892900002100311E0031
:10438300002200291D10002300000000000000008F
:1043930000000000000000000026000000000027CD
:1043A30000000000002809C3280000290077291015
:1043B300002A00000000002B00000000002C000079
:1043C3000000002D00000000002E00000000002F60
:1043D30000000000003000532910003101000000EC
:1043E3000032000000000033000000000034000031
:1043F3000000003500000000003600000000003718
:104403000000000000380000000000390100000037
:10441300013A00000000003B00000000003C0000E7
:104423000000003D00000000008F000100521987CA
:104433000001005C1D35000400211D25000200253C
:104443001D26000200271D27000200291D28000148
:1044530000331D29000100341D84000400351D862E
:10446300000100391D2A0001003A1D2B0001003B09
:104473001D2C0001003F1D2D00080035192E0001E1
:1044830000401D2F000100411D30000100421D317D
:10449300000100431D320001003D19330001003EBD
:1044A3001934000100441D360001003F1938000192
:1044B30000451D390001003E1D830002005A1D63A3
:1044C3000001004F19640001003C1D650001003D1F
:1044D3001D6D0001005019710008002D19660001BF
:1044E30000591D430001004A1D440002004B1D45B5
:1044F3000001004D1D460002004E1D470008004705
:104503001948000100501D4B000100511D0400011A
:10451300005D1DA1000100601D370001005F1D88C3
:104523000001005E1D3C00010040193D00010046F2
:104533001D49000200521D6700010051194D000280
:1045430000541D4E000100561D4F000200571D3E32
:10455300000100461951000100471D5200010048A7
:104563001D53000100491D540001004119000000C2
:1045730000000000013636010100010201000103C1
:1045830001000104010606050200000701003408CA
:1045930001000F090401010D0100FF0E08000017BF
:1045A300020000190100FF1A0100011B0100FE1C9B
:1045B3000100081D0200001F01000120010001216C
:1045C3000200002301000F2402000026010001273E
:1045D300010008280200FF2A0100072B0102402CDA
:1045E3000100002D0100012E0100012F0100FF3009
:1045F300010B1D310800003A0100083B01000F3C8C
:104603000100013D0100FF3E04000042040000469A
:104613000400004A0400004E040000520400005647
:104623000400005A040000010371030103010301A4
:104633000301030103220302030103100300030028
:1046430003000300030003000300034203000324E9
:1046530003060300030003040312032503230325B6
:1046630003230304030403000300030003440300C0
:1046730003000323030003650321003503810300C3
:1046830003050300030003000300032503230303BF
:1046930000710030016000110070003102200350EE
:1046A30004800010006100000014006300730072B6
:1046B3000062004300000013000600000000000435
:1046C3000012000000000000000000040004003796
:1046D3000037003C024400000000000000000065B9
:1046E3000000003500810000000500000083000089
:1046F3000003027102300160021102700201020222
:104703000202028002100261023A00410063027356
:104713000272026202430200021302380000020026
:104723000204021202000200020002000204020458
:1047330002370037003C0244020002390000020045
:104743000265020002350281020002050282028331
:104753000200020101710101010101110101013195
:1047630001010101018001100161013B001400639B
:104773000173017201620143010001130106013D4E
:1047830001350004011201000100010001000104D0
:10479300010401330133013C0144013201360000BD
:1047A300010001650100013500810100010501825D
:1047B300018301000136000100060000000F000024
:1047C300000000000000000000000003FFFF0000E5
:1047D3000403FFFF0000FFFF0FF4010005C40403FF
:1047E30020000100000B0000000000000000030196
:1047F3000F000000000000000000000000000000A7
:1048030000000000000000000000000000000000A5
:10481300000000512B8D2B572B792A5D2B932B5D99
:104823002B9F2B632B792A5D2B932B692B792A6F73
:104833002B792A752B792A7B2B792A812B792A8745
:104843002B792A0000000000000000000000000097
:104853000000000000000000000000000000000055
:104863000000000000000000000000000000000045
:1048730000032E1300D32D0100032E0200792D0314
:10488300007F2D0400852D05008B2D0600972D300C
:1048930000AF2D3300BB2D3400C12D1100C72D14E3
:1048A30000CD2D1500A92DFFFF00000A0000000216
:1048B30000000004000000080000001000000020B9
:1048C3000000004000000080000000000100000024
:1048D30002000000040000000800000010000000B7
:1048E3002000000040000007ECFDFDFDECDCDCCC0B
:1048F300BCACAC9C9C8C7C7C6C6C5C5C5C4C4C3C25
:104903003C2C2C1C1C0BF1F5F5E5D5D5C5B5A5A59F
:104913009595857575656555554545453525251524
:1049230015050A2D3402FD33050F340703340CE556
:10493300330DF133FF000000160F00000B150B02BF
:104943000002220F3300000E01030507090B0D0FB0
:1049530000020406080A0C0D5A6967426565416C3A
:104963006C69616E63653039303016181920231A6B
:104973001C1E3000393D3F373C3C362C442D000192
:1049830019161816161823030000034A49434E1834
:104993001A250502303017181921301B1D1F300C42
:1049A3000E020B040B0A0708000F020402010101A7
:1049B30001090200BE040AE8030000F600EA48E821
:1049C3000308490E00041003030A040408280C0911
:1049D30005081E00FF1E040CFFC082C083E9901867
:1049E30016F0024BEB74F412103B8A088B09EB545C
:1049F30080604D800EEEFAEFFB122ACDEEFAEFFB4C
:104A0300122731901816E0F91227438A0A8B0BAE4E
:104A13000AAF0BEE4F60208E828F83E0641A60D55D
:104A2300EEFAEFFB122A73E9F974FF6960CEEEFA2E
:104A3300EFFB12273780CCAA08E5096480FB8004CA
:104A43007A007B00024DBD74F712103B7AFF025EC1
:104A53000C74F612103BE9FEEAFF7A047B00125154
:104A630013A808A909EA496034EF8A828B83A3A3B8
:104A7300A3F0EE8A828B83A3124AD8E4F0A3F090CA
:104A830018231251387009901823E8F0A3E9803FE6
:104A9300E0FB8A828B83A3A3A3E06F700479008079
:104AA30031EAFCEBFD8A828B8312513870E474FF88
:104AB3006F700C8C828D83124ADFE4F0A380109018
:104AC300182312659D901823124ADFEAF0A3EBF036
:104AD3007901025F04A3F08A828B83221270F1882A
:104AE30082898322C082C083EA1273843BF583E008
:104AF300FA9018238004888289831263CC601C880F
:104B0300828983A3A3A3E0FBEA6B600574FF6B7048
:104B1300E588828983A3A3E0F9800279FF024BEB46
:104B230074F412103BEAFEEBFF8A82F58312659D53
:104B3300122A73E9F50874FF697003024BDA7A19D4
:104B43007B0012272BEA4B7003024BDA8A828B839A
:104B53007434126135A3A3EA2402FCE43BFD74061A
:104B63001216578E828F831257C91270CC8A828B8A
:104B730083A3A3A3A3A3A3A3A3ECF0A3ED1257D9E9
:104B8300A3A3A3A3A3EA240AFCE43BFD740C12161B
:104B9300578E828F83126637C812738438F583E089
:104BA300C0E0EA2416F582E43BF583D0E0F0EE247E
:104BB3000CF8E43FF98882F5831270D0EA2417F5E4
:104BC30082E43BF583ECF0A3EDF088828983E4F083
:104BD300A3F0A9081227377901024DBDC082C08313
:104BE30090182112659D8000D083D0820216DB7459
:104BF300F412103B8A088B09ECFEEDFF7A08124C85
:104C030090700479108035124D02A3124CEC740C91
:104C1300121A881276D7A3A3A3A31277C990181BDD
:104C230012513890181B601112511B8003EAFCEBE0
:104C330012513370F88C828D83124CA0024DBD74D7
:104C4300F412103B89088A09ECFEEDFF7A0A124C34
:104C530090700479108033124CF7E4F0A3124CA641
:104C6300E509124CA6A3EEF0A3EFF090181D125124
:104C73003890181D601112511B8003EAFCEB12518E
:104C83003370F88C828D83124CA0024DBD7B0012D1
:104C930027CD8A0A8B0BA80AA90BEA49221270F1C5
:104CA300790022125DFDA3A32274F412103B89083C
:104CB3008A09ECFEEDFF7A06124C9070047910809D
:104CC30025124CF7124CEC90181F12513890181FF4
:104CD300601112511B8003EAFCEB12513370F88C04
:104CE300828D83124CA0024DBDE509125E02EEF0E7
:104CF300A3EFF022124D028A828B83A3A3A3228AFD
:104D0300828B83E4F0124AD8A3A3E508F02274F25D
:104D130012103BEAFEEBFF8C088D09122ADF8B0D84
:104D2300A90DEA4960198A828B83A3A3A3EEF0A39A
:104D3300EF125DF9E508F0A3E509F0790080027947
:104D43000102659374F412103B74F71217DBE9FE4A
:104D53008518828519837401F0EC7006EDC39406FF
:104D6300404D74036A4B604774011217AB880A897C
:104D73000B780A1217167C127D007A007B00EE1264
:104D83004DC21216F3E9601CE4F50AF50B780A121A
:104D9300171674031217BB74021217B3122B27745E
:104DA300021216F3851882851983E0640170047971
:104DB300018002790074091216F37F040213A8F923
:104DC300122AE574022274E812103B74FA1217DBFC
:104DD30089128A168B178C088D091239FD8A148B58
:104DE30015EA4B70057902024F58AA08AB09A912BC
:104DF300122AFDE9F50FA2E6401C9018211263CC9C
:104E03006014E82419F582E439F583E0640170063F
:104E1300E50FD2E6F50F7C067D007900AA18AB19E1
:104E2300122719741F121A881257D16009E054FC13
:104E3300F0E044018003E054FC1277AF1263CC60CE
:104E43002B741E121A88E0FE88828983A3121534FC
:104E5300EEFD7402121A88E05403FCAA08AB09A9F8
:104E630012122A9D74021216F3E970057901024F9A
:104E7300587422121A881263CC601285188285191D
:104E830083E04404F07402121A881270ED74201245
:104E93001A881257D16005E044088003E054F7F004
:104EA3007421121A881257D16005E044108003E080
:104EB30054EFF07424121A88E0C0E07404121A88C4
:104EC300D0E0F07405121A88EEF078038518828515
:104ED3001983E05404600278057425121A88125568
:104EE30065E82510FEE43511FF1252096063AC0A30
:104EF300AD0BAA18AB19122AD97427121A88126596
:104F030023121712AC10AD1112678B1216F3750C26
:104F13001E780C12171A750C19750D18780C1217C8
:104F230016780A1217168E0C8F0D780C1217167836
:104F330008121716A90FAC14AD15AA16AB17123A1F
:104F43001574091216F3E9FEAA0AAB0B1227D380D4
:104F5300027E10EEF974068004EEF974021216F361
:104F63007F100213A8EEFCEFFDAA10AB11A90A12E1
:104F73002AA3740B2274EA12103B74FE1217DB8906
:104F83000B8A148B158C0E8D0F7E007F00750A0023
:104F93007418121A881255658011125129122B3375
:104FA3008B09EE2AFEEF3509FF050A1270D4502E45
:104FB300E50A75F00612551C2403FEE43FFFA3A384
:104FC300E070E60EEE70010F88828983A3A3A3A38A
:104FD3001251388882898360C112633D80C2EEFA20
:104FE300EFFB1251138A0C8B0DEA4B70030251082D
:104FF300750A008030A818A919881289137812122B
:10500300171678081217168A828B83125129122BCE
:105013003974041216F31276C7E50828F508E50972
:1050230039F509050A1270D45077E50A75F006A41C
:10503300F8A9F0E51028F582E5111270B01251209D
:105043008A828B83A3125D68F0125DD1125D63F0D7
:10505300E5082403F5085002050988828983E07076
:10506300C2EA240308125DD5125120A38582088564
:1050730083098A828B83A3A3A3A312511B8C82F57A
:1050830083E58245837003024FF8AC08AD09AA8219
:10509300AB8388828983E0F9122B098A088B098004
:1050A30082780C1217168E088F0978081217167457
:1050B30020121A8812555B12171AE4F508F50978BD
:1050C300081217167422121A8812555B12171A74D3
:1050D30022121A8812555B12171A750800780812E3
:1050E300171A750801780812171AAC0EAD0FAA1417
:1050F300AB15A90B124F721216F3E9FEAA0CAB0DF6
:105103001227D380027E10EEF974021216F3802F59
:105113001227CD8A088B0922E0FCA3E022E0850850
:1051230082850983F02212779DAA0EAB0FA90B2269
:10513300FD8C828D831265A1EA4B22AA12AB137FE9
:105143000E0213A8EEF902514274EC12103B890AC5
:105153008A108B11ECFEEDFF7414121A8812535F40
:1051630070030251EFA808A9097C00800D12534275
:1051730050010B1253725001090C850C82850D836B
:10518300E0FAECC39A40E674016A700AA3E0700681
:10519300750E01750F007808121716780E12171680
:1051A300741C121A8812533C12171AE4F50CF50DED
:1051B300780C121716741E121A8812533C12171AFF
:1051C300741E121A8812533C12171A750B00780BAF
:1051D30012171A750B04780B12171A124F6812164E
:1051E300F3E9FEAA08AB091227D380027E1002530B
:1051F30029AA0EAB0F7F0C0213A8850A82850B83A5
:10520300E0F9122B1B22EEFAEFFB1227CD8A0A8B51
:105213000BEA4B22F8E4350DF98882F58312554BDE
:10522300A322851082851183E0F8E508C3982274D0
:10523300EC12103B890A8A108B11ECFEEDFF7414FB
:10524300121A8812532EF508750900740278081291
:1052530018E485080E85090FAA0EAB0F1270C870EB
:10526300030253277900804AE9F51275130074028B
:1052730078121218E4E50C2512FCE50D3513FD8CAC
:1052830082F583A31261308C828D83A312687AF036
:10529300EC2403FC50010DF5828D8312687BA3F08F
:1052A3008C828D8312687AA3A3F0EA2404FA500156
:1052B3000B09850C82850D83E0F8E9C39840A97436
:1052C3000168700AA3E07006750E01750F00780877
:1052D300121716780E121716741C121A8812533CE2
:1052E30012171AE4F50CF50D780C121716741E122A
:1052F3001A8812533C12171A741E121A8812533C3E
:1053030012171A750B00780B12171A750B07780B07
:1053130012171A124F681216F3E9FEAA08AB091204
:1053230027D380027E10EEF90251F8125332221273
:105333005C37850C82F583E022E0F50B780B22ECD9
:1053430075F003A4FAABF0E50C2AFAE50D3BFB8AF2
:1053530082F583125578F0EA2402FA221253327549
:10536300F003A4F50EE5F0F50FAA0E12773422F53B
:10537300828B8312572D125571A3A3F0E82403F8EF
:105383002274E812103B74FE1217DB1255BF121A77
:10539300881255658009EE2402FEE43FFF050812DA
:1053A3005225502FE50875F00D12551C2404FEE418
:1053B3003FFFE070E8A3E070DDEE2405FEE43FFF6D
:1053C300E82404F50AE43912553760D11251FDEE91
:1053D3002980C612520970030255178A0E8B0F7566
:1053E30008008018E50C2409FAE4350DFB8A8212C3
:1053F300554512556DF08C0E8D0F05081252254040
:10540300030254B4E50875F00D12557FAA82AB83ED
:10541300125220F0E50C2402125217125594A3F0F5
:10542300E50E2404F50E5002050F850C82850D83CD
:10543300E070C7E50E2402FCE4350FFD850E82857E
:105443000F83A3A882A9838A828B83E07096E50CDD
:105453002404F512E4350DF513851282125545F037
:10546300E50C2405F516E4350DF517851682126A49
:10547300A51255A92407F8E4350DF988821255457C
:105483001255B7F0E50E2405F50E5002050F8512EF
:105493008285138312553E70030253FDAC0EAD0F8C
:1054A300E50C240BF582E4350DF5831255530253B5
:1054B300FD780A1217168E0C8F0D780C12171674BE
:1054C30022121A8812555B12171AE4F50CF50D789F
:1054D3000C1217167424121A8812555B12171A74B9
:1054E30024121A8812555B12171A750800780812CD
:1054F300171A750809780812171AAC14AD15740B2E
:10550300121A8812552C1216F3E9FEAA0AAB0B12D3
:1055130027D380027E10024F5CA4F8A9F0E510287F
:10552300F582E5111256C9EE221265A1A909122AC4
:10553300A3740B22F50B850A82F583E0F9122B0F76
:10554300E922F58312554B22E0850E82850F8322D3
:105553001257328A0E8B0F22E0F5087808228E82CA
:105563008F83E0F510A3E0F5112212557122124A40
:10557300D912557822A3E088828983221272628528
:10558300820C85830D12554BF0850C82850D83A308
:105593002212559822A3F088828983A3E0850E8284
:1055A300850F83A3A322F0851682851783125DE6F8
:1055B300F0E50C22A3A3125598A3A3228518828594
:1055C3001983EAF0A3EBF089098C148D157E007F13
:1055D30000750800741A2274EA12103B890B8A10B2
:1055E3008B118C0E8D0F7E007F00750A00741612CE
:1055F3001A88125C338003125696850C82850D83BC
:105603001270DA40F21270C4607EA808A909750A04
:105613000080031256D2850C82850D83E0FAE50AD9
:10562300C39A40EF78081217168E0C8F0D780C1260
:105633001716741E121A8812569012171AE4F50CD4
:10564300F50D780C1217167420121A881256901240
:10565300171A7420121A8812569012171A750A0014
:10566300780A12171A750A0A780A12171AAC0EADBD
:105673000FAA10AB11A90B124F721216F3E9FEAA6F
:1056830008AB091227D380027E10025147E0F50AC6
:10569300780A22E50A75F005A4F8A9F0E50C28F5C7
:1056A30082E50D1256C9A3A3A31276DBA3A3E0F9E7
:1056B300122B218B09EA2403F8E43509F9EE28FEBD
:1056C300EF39FF050A2239F583A3A882A98322E5CE
:1056D3000A75F005A4FAABF012572185821485836D
:1056E300151255791277B512572DF0E5142402FAE5
:1056F300E435158A12F5138A82F58312572DA3F028
:10570300E82403FCE439FD851482851583A3A3A350
:105713001257328A128B13A812A913050A22E50C19
:105723002AF582E50D3BF583A322125579A322E0E6
:10573300FAA3E0FB851282851383E0F9122B092279
:1057430074F612103B74FE1217DBE9FE740C121A86
:10575300881257C91257D11257D9E0C0E074011209
:105763001A88D0E0F0A818A91988088909780812BE
:1057730017167508027509007808121716741612A1
:105783001A8812555B12171A7415121A88121534D7
:105793007416121A8812555B12171A7416121A8885
:1057A30012555B12171A750800780812171A750834
:1057B3000B780812171AEEF9124F721216F37402CD
:1057C3001216F3025F041276D28882F58322E085F3
:1057D300188285198322F088828983A32274F112A7
:1057E300103B74EB1217DBEAFEEBFFC200EA242046
:1057F300F8E43F8808F5098882F583C3E09403A39E
:10580300E0940050057901025C149018211277CBC3
:105813007402121A881277CB740E121A88E4F0A35A
:10582300F0740A121A88E4F0A3F0740C121A88E4D4
:10583300F0A3F0EA2422F8E43F880AF50B8882F506
:10584300831270D07404121A88AA82AB83122AD3EB
:105853008A0C8B0DA80CA90D740A121A881277CB27
:1058630085088285098312659DEAC398F8EB99F947
:10587300850A82850B83E028F8A3E039F9740C12BA
:105883001A881270ED7408121A88E090181AF0EE54
:105893002414F508E43FF509850882F583E0F9123D
:1058A30039FD8A828B83E5824583700C901821E44D
:1058B300F0A3F07902025C14125C67602BEE2404FF
:1058C300F50AE43FF50BA3121534740B121A88E0A2
:1058D300FD7406121A88E05403FC125C76122A9DAA
:1058E30074021216F3E9700C901821E4F0A3F07916
:1058F30003025C14125C76122AFDE9F50E850A8216
:10590300850B8312659DEAFCEBFD90181B800488D0
:105913008289831263CC7003025A0788828983A326
:10592300A3125C33C3EA950CEB950D40E2888289A0
:1059330083A3A3A3A3C3E09CA3E09D40D2E8FCE917
:10594300FD7404121A88E05407700D7409121A8842
:10595300E0640B7003025A0BE50EA2E64003025A01
:105963000BEE2419F582E43FF583E06003025A0B42
:105973007402121A88125C3F707E7402121A881223
:1059830063C770747C00850882850983E0F9122B54
:10599300037401121A887401F07409121A88125CD4
:1059A3001C121A88E0F50C780C12171A7407121AD5
:1059B30088121534750C01780C12171A7408121A10
:1059C30088127282F50C780C12171A74051217AB31
:1059D300880C890D780C1217167409121A88125C38
:1059E3005E121A88125C27121A88125C4D1216F383
:1059F3007C01125C76122B03901821E4F0A3F0795A
:105A030005025C147C007D007404121A88E0F854CB
:105A1300036003025B2FE8540460057E84025B6E1F
:105A23007409121A88E0F8C394174003025B2BE849
:105A3300F50A750B007402780A1218E47416250A25
:105A4300F5827448350BF583E493F8740193F9E810
:105A5300497003025B2B850882850983E0C0E074EB
:105A630010121A88D0E0F0740C121A8812659D7413
:105A730011121A881277CB740A121A8812659D7450
:105A830013121A881277CB74101217B38882898382
:105A9300123A9E8B09A909740E121A881277CBEA5F
:105AA30049604B7409121A88E0F5087509007402FD
:105AB30078081218E474182508F58274483509F536
:105AC30083E493F87401938882F583E582458360C8
:105AD3001274021217B3123A9E740E121A881263CA
:105AE300CC600B740E121A8812659D1227D37409A9
:105AF300121A88E0F86054740268604F7403686097
:105B03004A74066860457408686040740C68603BBA
:105B130074116860367413686031741568602C748E
:105B23000B6860277E0080437E82803FEC4D602BB4
:105B33008C828D83A3A3A3125C67601F7402121768
:105B4300B3123A9EE9FE74FF6E700B901821E4F0D5
:105B5300A3F0F9025C1474016E70107404121A88B5
:105B6300E0540460047E8380027E817402121A88EA
:105B7300125C3F70757402121A881263C7706B74DB
:105B830004121A88E0FA541070607401121A88EE35
:105B9300F07409121A88125C1C121A8812555B12CF
:105BA300171A7407121A8812153475080178081227
:105BB300171AEA131313541F64015401F5087808E4
:105BC30012171A74051217AB880889097808121777
:105BD300167409121A88125C5E121A88125C271254
:105BE3001A88125C4D1216F3D200901821E4F0A328
:105BF300F0EE70047900801974846EA200700A506C
:105C0300047907800C7906800850047909800279A9
:105C13000874151216F3026337E085188285198319
:105C2300F0740822E02406FAA3E03400FB7409228E
:105C3300125C3722E0F50CA3E0F50D22126637C89B
:105C43002415F582E438F583E022A3E0C8127388B3
:105C530038F583E0F9122AC774072212767912778E
:105C630099740922A3A3A31266378882F583E58278
:105C7300458322850A82850B831265A18508828567
:105C83000983E0F92274F412103B8A088B09ECFEB5
:105C9300EDFF7C067D0079001227198508828509AE
:105CA30083E054FCF8A3E0F98E828F83E05403FA77
:105CB300E84A850882850983F0A3E9125D71A2E2AF
:105CC3005004D2F08002C2F0850882850983E05433
:105CD300FBF0A2F0E433F50A750B007402780A12A4
:105CE30018E4E0450A125D71A2E385088285098301
:105CF300E050044408800254F7125D71A2E450049A
:105D0300D2F08002C2F0850882850983E054EFF067
:105D1300A2F0E433F50A7404780A1218E4E0450AA1
:105D2300126791850882850983E0540460108E828E
:105D33008F83E0FAA3E0F9EA126D1F50010F8E8200
:105D43008F83125D63A3A3126CFF85088285098389
:105D5300A3A3A3A3A3F0EE2402FAE43FFB024DBDE9
:105D6300125D68A322E0850882850983A32212615C
:105D730039E02274F712103B8A828B83E054038C40
:105D8300828D83125DF45404125DED5408125DEDAF
:105D93005410F88C828D83E048F0A3AC82AD838AE3
:105DA300828B83E054046010125DD1125DE71257B9
:105DB300D9125DDDFC50010D8A828B83A3A3A3124C
:105DC3005DE6125DF9125DDDFAE43DFB803EEA24F7
:105DD30002F8E43BF98882F58322125DE7A3F0EC35
:105DE300240222A3E08C828D8322F88C828D83E0AF
:105DF30048124AD9E022125DFD22125E02A322F06C
:105E03008A828B83A3A3A3A322122A6D7F01021389
:105E1300A8C082C08390181D80048A828B8312518C
:105E23003860138A828B83A3A3E0F8E968600B745C
:105E3300FF6870E680047A007B00024BEB74F0127B
:105E4300103B8A088B09ECFEEDFF122ADF8A0C8BCC
:105E53000DEA4B60787C0080010C850C82850D83F4
:105E6300A3A3A3A3A3A3A3E0F8ECC398505FECF50B
:105E73000E750F007403780E1218E4850C82850DDD
:105E830083A3A3A3A3A3A3A3A3E0250EF8A3E035B1
:105E93000FF98882F583E493FA740193FBE5086AAA
:105EA3007003E5096B70B2A3A3E493FA740193FB47
:105EB300EE6A7002EF6B70A17410121A881270D020
:105EC30089838882740812163579018002790080EB
:105ED300031216F37F080213A874F612103B125F25
:105EE30009600512659A80047A007B00801374F6BA
:105EF30012103B125F09600512659880047A007BDB
:105F0300007F020213A8122ADF8A828B83E582456F
:105F1300832274F712103BE9FFEAFCEBFD90181F94
:105F23008004888289831263CC604688828983A334
:105F3300A3E06F70ED7E0080010E88828983A3A3A6
:105F4300A3E0FAEEC39A50DAEE75F003A4FA85F0F3
:105F530008AB0888828983A3A3A3A3E02AFAA3E05A
:105F63003BFB8A82F583E06C7003A3E06D70CA800B
:105F7300047A007B00025E0F74F612103B122AF7BC
:105F83008A828B83E58245836006A3A3E0F98002BE
:105F93007900025F0474F612103BECFF122AF78BB0
:105FA30009A909EA496015EA2402F582E439F5836F
:105FB300EF6005E0D2E68003E0C2E6F0025F04741E
:105FC300F112103BEAFEEBFFECFAEDFBEE4F700330
:105FD30002612DEC2402F50CE43BF50D8C828D83DC
:105FE300A3AC82AD838E088F09750A00E91215E50B
:105FF300044142FA6043440C61E0E2C560E8E97899
:106003006021086A600978600A87600BC560106ABE
:1060130060186A601978601A87601BC560206A601F
:1060230021786022876023C56024D66025DF60263F
:10603300E86027F160286A602978602A87602BC5A9
:10604300602CD6602DDF602EE8602FF160306A602F
:1060530031786038786039C5603AF160EAC560F03C
:10606300F160F11E612D618E828F83126130ECFA33
:10607300EDFB02612D126CF88C828D83F00A0AAB62
:106083000D02612D8E828F837808121A198A828BF2
:1060930083E5081261357808121A19E5098C828D97
:1060A300831261357808121A19741078081217923E
:1060B300850C82850D83E508F0EA2403FA506B0B07
:1060C30080688E828F8312153012279774041216FC
:1060D300F3805778081217127C0580467808121748
:1060E300127C06803D78081217127C0780347808EA
:1060F3001217127C08802B78081217128E828F8356
:10610300E02401FCE43400800F78081217128E8219
:106113008F831262CBFCE439FD80097808121712D1
:106123007C107D0012678B1216F3026337126880AE
:10613300F02212613922F08E828F8322C082C083C3
:10614300E91215E503202F5761383A5761E0E2570A
:1061530061005B61790180027900024BEB74F212FA
:10616300103B74FE1217DBEAFEEBFF8C088D09125D
:106173002B218518828519837401F0A3E4F0851817
:1061830082851983E0600C750C01750D0078007928
:10619300008038750CFF750DFFEA24FFF8EB34FF20
:1061A3008028850882850983E0C0E0EE28F582EF28
:1061B30039F583D0E0F0850882850983A3858208B9
:1061C300858309E8250CF8E9350DF9EAFCEBFDECCC
:1061D30024FF1AED34FFFBEC4D70C774021216F363
:1061E300026593E924F8607814607914607A146086
:1061F3007B24FB606B24F860671460681460691487
:10620300606A24FB605A14605B14605C14605D1464
:10621300605E14605F146060146061146042146017
:106223004314604414604514604614604714604886
:1062330014604914602A14602B24F9602714602C1D
:10624300146039245A602514602214601F24FA60F4
:106253001314601014601524FA6021146022802442
:10626300790180227902801E7903801A79048016CD
:10627300790580127906800E7907800A79088006ED
:106283007910800279000216DB74F712103BE9FEE5
:1062930074446E600574436E700C8A828B83126241
:1062A300CBFAE439801574426E600574416E700E4A
:1062B3008A828B83E02401FAE43400FB8007122BEB
:1062C3001BE9FA7B00025E0F12511BF9EC24022238
:1062D30074F112103BEAFEEBFFEC2406F8E43D8870
:1062E30008F5098882F583125138700479018044D6
:1062F3008C828D8312633C8A0A8B0B850882850905
:1063030083E0F508A3E085080CF50D750E00780C05
:10631300121712AC0AAD0BEEFAEFFB12678B1216D3
:10632300F3740F121A88125C6A6007E50AF0A3E59A
:106333000BF079007F070213A8A3A3A3A3E0F9122C
:106343002B212274F012103B74F81217DB890A8A8E
:10635300088B09ECFEEDFFA818A919880C890D78A4
:106363000C121716A90A124DC31216F3E970047919
:1063730001804C7418121A88126492741A121A88C3
:10638300125C337406121A881263CC780C601612EE
:10639300171674021217BBAA0EAB0F122B27740227
:1063A3001216F3801A121716780E121716EEFCEF58
:1063B300FDAA08AB09A90A122B3974041216F37447
:1063C30008025ED4127679A3A31276D2E849227426
:1063D300F012103B74FE1217DB8A0C8B0DECFEEDF2
:1063E300FF851882851983E4F0A3F0122AEB8A084B
:1063F3008B09EA4B602FA818A919880E890F780E0C
:10640300121716E4F50EF50F780E1217167900EE33
:10641300FCEFFDAA0CAB0D850882850983123A9E19
:1064230074041216F385188285198312659D74020C
:10643300025ED474F012103B8A088B09ECFEEDFF68
:10644300122AEB8A0A8B0B7412121A88126492E5D1
:106453000E450F600A850E82850F83E4F0A3F0EAF0
:106463004B6027780E1217167412121A88121534FD
:106473007901EEFCEFFDAA08AB09850A82850B833F
:10648300123A9E74041216F3800279C1025ED71287
:1064930076BF2274F112103BECFEEDFF8C82F58384
:1064A300A3A3A3A3A3E0A2E1506E122B4BE9F50A29
:1064B3007069740F121A88126E329018171263CC17
:1064C3006013AC08AD09EEFAEFFBE0F583888212A6
:1064D3003A9EE9603EE5082403F8E435098808F5A7
:1064E300098882F58312659D8E828F8312633C8AAD
:1064F3000C8B0DAC0CAD0D850882850983126523C9
:106503001217128E828F83A312659812678B12164D
:10651300F38008750A878003750A88A90A0263371E
:10652300125C37750E00780C2274F212103B890846
:10653300ECFEEDFF8C82F583A3A3A3A3A3E0A2E16A
:10654300504C122B4BE9F97047A908122AEB8A0A1F
:106553008B0BEA4B6034E4F50CF50D780C1217162F
:106563007410121A8812153479028E828F83127076
:10657300CE8E828F8312659D850A82850B83123AA4
:106583009E74041216F3E9F9800679C180027988B2
:106593007F060213A8A3A3A3A3A31265A122E0FA73
:1065A300A3E0FB2274F212103BEAFEEBFF8C088D92
:1065B300098C828D83A3A3A3A3A3E0A2E5501412A5
:1065C30070A4600F7902AC08AD09EEFAEFFB123A42
:1065D3009E8002790080B974F412103B126F03128B
:1065E3006886604D850882850983126637C313E880
:1065F300138A828B83F07C00802C8E828F83E0F55C
:1066030008A3E0F8E4C8F9E50828E439F509EC251E
:10661300E0F8E433F9EA28F582EB12726DE508122B
:106623006CEE50010F0C8A828B83E0F8ECC3984028
:10663300C9024DBDE0F8A3E02274EA12103B8A10B0
:106643008B11EA2403F50CE43511F50D850C821248
:1066530069F58049050A8E828F83A3A3E0F8EE24AF
:1066630003FE50010FE870358E828F83E0F9A3AEED
:1066730082AF83EEFAEFFB122B218A088B09EE2AF5
:10668300FEEF3509FFEAA2E0500705080470020592
:1066930009E50E2508F50EE50F3509F50F8510827E
:1066A300851183A31270E1126A0B40A875F006E509
:1066B3000AA404F508250EFAE4350F1268037003E3
:1066C300026780850C82850D831269F1A808EA2888
:1066D300F510E43BF5118A828B83E50AF0750B0014
:1066E300026776E50B75F006126EB88E828F831201
:1066F3006ED9F0A3E9126135A3A3E0F8851482856E
:106703001583A3A3F0EE2403FE50010FE870628EFD
:10671300828F83126ECEA3126791EEFAEFFB122BD8
:10672300218A088B098E0C8F0D750E00780C1217B9
:1067330012AC08AD09AA10AB1112678B1216F385C0
:106743001482851583A3A3A3A3E510F0A3E511F099
:10675300EE2508FEEF3509FFE508A2E0500705081E
:106763000470020509E5102508F510E5113509F552
:1067730011050BE50BC3950A50030266E602513E71
:10678300EAFCEBFDAA0AAB0B12270D740322126776
:106793009522126139A3AE82AF832274EA12103BB1
:1067A300126E128014126DFF50020509126DE35030
:1067B300050E0470010F126DB1126E5640E7126799
:1067C300F5602C126E3A8020126E91500205091268
:1067D3006DC91217121267831216F3126E735005E6
:1067E3000E0470010F126DBCE510C3950F40D90262
:1067F300513E75F005E50FA404FE250CFAE4350DB2
:10680300FB1227CD8A128B13EA4B2274F012103B32
:10681300EA2403F50AE43BF50B850A82126CA812FD
:1068230068866050850882850983E064017002A34D
:10683300E0702C8E828F8312687BF0750C01802DA3
:10684300E50C1268A4F50EA3E0FDE50E88828983AA
:10685300A3A3F0A3EDF0050CEE2402FE50010F8577
:106863000882850983127714126A0B40D38A828BBC
:1068730083E50CF0025ED7A3126880A322E08A822C
:106883008B83228A828B83A3858208858309E024F4
:1068930001FAA3E0340012689D22FB1227CDEA4BD4
:1068A3002275F003A4F8A9F0EA28F8EB39F98E82EF
:1068B3008F8312572D126795E02274EC12103B8AD6
:1068C3000C8B0DEA2403F508E4350DF509850882E0
:1068D3001269F58007EE2405FE50010F850C8285B1
:1068E3000D83126A025036050A8E828F83E070E5AB
:1068F300A3A3A3E0F50BEE2408FE50010FA90B128E
:106903002B0FE9600DA90B126C59500108126C6032
:1069130080CA8E828F83A3AE82AF8380BF75F00C53
:10692300E50AA404F50B126C9770030269E8126977
:10693300EBA80BEA28F50CE43BF50D8A828B83E583
:106943000AF0750B008008126CAF126CDE050BE5C4
:106953000BC3950A40030269E8E50B75F00C126C52
:106963006B7C0C7D007900AA08AB091227198E8273
:106973008F83E0FB8508828509831268B8126CCA8D
:10698300126D2650010F126C8070BCE508240312AF
:106993006D2F126CD650010F126CBD126D25500174
:1069A3000FEAF9122B0FE960A4EEFCEFFDAA0CAB82
:1069B3000D851082851183E0F9122B1585088285D8
:1069C3000983A3A3A3A3A3A3A3A3A3A3E50CF0A356
:1069D300E50D126D05500108E50C28F50CE4350DA5
:1069E300F50D0269500251F48508828509831277F7
:1069F3005822127756750A00750E00750F00221281
:106A030076D1850882850983126E6AEE98EF992202
:106A130074F412103B126B06F508A3E0F509740237
:106A230078081219FBE508F508F50A750B007402DE
:106A3300780A1218E4E50A2401FAE4350B12689D7A
:106A4300605D8A828B83E508F07C008047ECF50863
:106A5300750900740278081218E4EA2508F8EB3582
:106A630009F98E828F83126AA7A3126CFF88828929
:106A730083A3A3126CF250010FF5828F83E0F50A12
:106A8300A3E0F509E50A88828983A3A3A3126CEE28
:106A930050010F0C8A828B83E0F8ECC39840AE025E
:106AA3004DBDF5831255792274F412103B126B0617
:106AB300F8A3E0F97A037B00120DF8E8F50875F006
:106AC30003A4A9F02401FAE43912689D60328A8292
:106AD3008B83E508F0750800801DE5081268A4F5AE
:106AE3000AA3E0FDE50A88828983A3A3F0A3ED123C
:106AF3006CF250010F05088A828B8312522B40DA05
:106B0300024DBD8A828B83A3A3A31277588A828BFB
:106B130083A3E02274EC12103B8A0A8B0BEA240352
:106B2300F508E4350BF509850882126CA8750E008B
:106B3300750F008007EE2402FE50010F850A82853F
:106B43000B83126A02503B050C8E828F83E0F9A3FC
:106B5300E0F8EE2404FE50010FE970E0E870D68EF1
:106B6300828F83E0F50DEE2405FE50010FA90D126F
:106B73002B0FE960C7A90D126C59500108126C6004
:106B830080BA75F00DE50CA404F50A126C97700336
:106B9300026C561269EBA80AEA28F50AE43BF50BE6
:106BA3008A828B83E50CF0750D008009126CAFA30C
:106BB300126CDE050DE50DC3950C4003026C56E522
:106BC3000D75F00D126C6B8E828F83E0FA8508824F
:106BD300850983126CFFFB850882850983A3126CE8
:106BE300F250010FF5828F8312511BF9EC126D1FC6
:106BF30050010FEA70BDEE126C8070B0E5082404FA
:106C0300126D2FA3126CD650010F126CBDA3126D1F
:106C13002550010FEAF9122B0FE96097EEFCEFFD07
:106C2300AA0AAB0B851082851183E0F9122B15E5B7
:106C330008240BF582E43509F583E50AF0A3E50B97
:106C4300126D05500108E50A28F50AE4350BF50B2A
:106C5300026BB60251F4122B1B126D1322E50E28A0
:106C6300F50EE4350FF50F22A4F8A9F0E50E28F58B
:106C730082E50F12726D858208858309222402FC46
:106C8300E43FFD8E828F83A3A882A9838E828F83A4
:106C9300E0FAEB22250EFAE4350FFB1227CD8A0E1C
:106CA3008B0FEA4B22127756750C00228882898358
:106CB300E0F9EA85088285098322F5828F83E01251
:106CC3006CCAA3A3A3A322FCA3E0F9EC85088285E5
:106CD3000983221270F2E82402FE22A3A3A3A3A332
:106CE300A3A3A31270F20E0EEDFF22F0A3E509F0A9
:106CF300EE2402FE228E828F83126880126139A3F2
:106D0300E022F0851082851183125203126D132243
:106D1300E9F8EE29FEE43FFFE9A2E0228508828537
:106D23000983A3A31270F2EE2402FE22F510E435C8
:106D330009F511EA851082851183F0E9FF8882F550
:106D430083E0F5128C828D83E0F9E5128508828554
:106D53000983A3A3A3A32274EA12103B126E128029
:106D630014126DFF50020509126DE350050E0470F5
:106D7300010F126DB1126E5640E71267F5602C12C7
:106D83006E3A8020126E9150020509126DC91217D6
:106D9300121267831216F3126E7350050E047001FC
:106DA3000F126DBCE510C3950F40D902513EE50C9F
:106DB3002EF50CE50D3FF50D22E50A2EF50AE50B40
:106DC3003FF50B051022FAAB09122B218A0C8B0D10
:106DD300AE0CAF0D85080C85090D750E00780C22DD
:106DE300FAAB09122B218A128B13AE12AF13E508EB
:106DF3002AF508E5093FF509EAA2E022050F85080F
:106E030082850983A3A3E0F9E5082403F508228A10
:106E1300108B11EA2403F50AE43511F50B850A8278
:106E2300F583126E32750F00750C00750D0022E0AC
:106E3300F508A3E0F50922850A82850B83126E32D9
:106E4300EA2EF50AE43BF50B8A828B83E50FF07596
:106E5300100022851082851183A3127718126E6A9F
:106E6300E50898E5099922E028F8A3E039F9C32257
:106E7300851482851583A3A3A3E50AF0A3E50BF08C
:106E8300E5082EF508E5093FF509EEA2E022E51035
:106E930075F005126EB8850882850983126ED912C2
:106EA30070F2850882850983A3A3126ECEF0E508EC
:106EB3002403F50822A4F8A9F0E51228F582E513C6
:106EC30039F583A385821485831522E0F98514821D
:106ED300851583A3A322E0FAA3E0F9EA851482854A
:106EE30015832274F612103B126F037A027B001291
:106EF300689E6009126CF88A828B83A3F0025F0498
:106F03008A828B83A3A31276D1E8FEE9FF2274EA77
:106F130012103B74F81217DBEAFEEBFFEA240CF5C0
:106F230082E43FF583E0F512A3E0F513851282F5C1
:106F330083E075F006A4A9F02401FAE4391270C7BE
:106F43007005790002709F85128285138312613068
:106F5300750A00800B850E82850F837486F0050AFF
:106F63008512828513831270DA4003027050A80AD7
:106F7300E875F006A4FAABF0E5082AF582E5093BCB
:106F8300F583A385820C85830DE828F8E433F9E5BE
:106F93001228F582E5131270B01270E11270EDE55C
:106FA3000C2402F50EE4350DF50F125561A818A94E
:106FB300198814891578141217168A828B83127014
:106FC300D08510828511831265991270B8124DC352
:106FD3001216F3E97003026F587405121A88E0A2BF
:106FE300E0505F8E828F831276CDE82406F510E49D
:106FF30039F5117405121A88E0A2E4501812769735
:107003001270A460107901AC18AD19AA10AB11125B
:107013003A9EE980027400850E82850F83F0600337
:10702300026F617406121A881270E1A3A31270EB47
:107033007404121A88E0850C82850D83A3A3A3022E
:107043006F60850E82850F83748F026F60125561A6
:107053008E828F83A3A3A3A3A3A312569012171AFE
:10706300750A01780A12171A8E828F8312727812A8
:10707300171A78081217168510828511831270CC9F
:10708300E5101276743511FB1270B8122AA9740533
:107093001216F3AA08AB091227D379017408025117
:1070A3000E122AF18A828B83E58245832212726D46
:1070B300AA82AB8322E5101273883511F583E0F9B8
:1070C30022EEFAEFFB12773522A3A3A3A312779D37
:1070D30022851082851183E0F8E50AC3982212768F
:1070E300D2850C82850D8322A3A31270F122E8F0CE
:1070F300A3E9F02274E812103B74F81217DB8A0C30
:107103008B0D12768AE0F516A3E0F5178A828B833E
:10711300A3A3A3A3A3A3A3E06402700F8516828590
:10712300178312772460047F00801B790002725D4D
:1071330085148285158374861277BE851082851126
:10714300831270ED0E0F851682851783E0F8EFC367
:10715300984003027228EF75F005A4F8A9F0E5162C
:1071630028F582E51712726D85820A85830BEE7509
:10717300F003A4F8A9F0E50828F582E50939F583B9
:10718300E5822402F510E43583F511A38582148585
:1071930083151276EE12171612777A1216F3E96038
:1071A3008F850A82850B83A3A3E0F87404121A88DF
:1071B300E0687066850C82850D831276CDE8241411
:1071C300F50EE439F50F12767339FB7406121A883B
:1071D3001263CC6017780A12171674021217BB8554
:1071E3000E82850F83E0F9122B3F801A850A828570
:1071F3000B83A3A3A312153474021217BB850E824B
:10720300850F8312739074021216F3E970030271EF
:107213004885148285158302713B85148285158305
:10722300748D02713BEE850882850983F070031229
:1072330077A312773B12171A750A01780A12171AE5
:1072430012727212171A780812171612775E121634
:10725300F3AA08AB091227D379017408024F60A47B
:10726300F8A9F0E51028F582E51139F583A3228505
:107273000C82850D83A3A3127282F50A780A22E099
:10728300131313541F640154012274EC12103B7442
:10729300F81217DB8A0A8B0B8C128D137508007496
:1072A3001C121A88125565802C850A82850B83125D
:1072B30069F18A0C8B0D780C12171674021217BB26
:1072C300EE1276743FFBEE1273843F12738E7402D8
:1072D3001216F30508C3E5089510E495114003025F
:1072E300737CE50875F005A4F8A9F0E51228FEE51E
:1072F3001339FF850A82850B83126637880CF50DD7
:10730300A818A919880E890F780E1217168E828F66
:10731300831270D0850C82850D83126599E50C125A
:107323007384350DF583E0124DC21216F3E96049FB
:10733300EE2403F50CE43FF50D850C82F58312650D
:107343009D7406121A881269F1EE4F70030272AC33
:107353007404121A881263408A0E8B0FAC0EAD0FA1
:10736300850C82850D83126523121712EEFAEFFB4B
:1073730012678B1216F30272D674081216F30251B7
:10738300F8127388222414F582E422F583E0F912BB
:107393002B452274E812103B74F41217DB8A0C8B12
:1073A3000D75100075110012768A1276CD740212D3
:1073B3001A881270ED7402121A88127679127724E1
:1073C300700302747C7F00803C12770E1270D088A9
:1073D300828983126599127697122B3385188285D9
:1073E30019831277CB851882851983E0A2E05003B5
:1073F300127681851882851983E02510F510A3E0A4
:107403003511F5110F7402121A881276E5503FEF09
:1074130075F005A4F8A9F07402121A881276FC120A
:1074230076B31217AB8812891378121217161277D4
:107433007A1216F3E97047850882850983A3748657
:107443001277BE8508828509831270EB7E01EE8573
:107453000882850983F0600302764675F005A4FF70
:107463002510FAE43511FB1227CD8A168B17EA4B48
:10747300705CAA08AB091227D3790002766E7408F0
:10748300121A8812771BA3A3E069600B8508828513
:107493000983A3748D80A97409121A88E0A2E140BC
:1074A3000B850882850983A374888094A2E5500B19
:1074B300850882850983A3747E8085740A121A88DD
:1074C30012513870030273CC122B210273DFEA2F9F
:1074D300F510E43BF5117F00801C85188285198324
:1074E300E0A2E050031276811276C7E51028F5106A
:1074F300E51139F5110F7402121A881276E540036B
:10750300027632EF75F005A4F8A9F07402121A8816
:107513001276FCE51628F514E51739F5151276B33E
:107523001217AB88128913781212171612777A1270
:1075330016F3E97003027632850A82850B8312768D
:10754300CD851482851583E8F0A3E91277AFE510A2
:10755300F0A3E511F0740A121A881263CC6041A8F3
:1075630018A919880E890F780E12171674061217A8
:10757300BBAA10AB11122B2774021216F3850C82CF
:10758300850D83126492780A12171674061217BBBC
:10759300E50E127674350FFB1276A1122B3F804352
:1075A3001276EE1217167810121716850A82850BBB
:1075B300831270D0850E82850F831265991276A18E
:1075C300122B3974041216F312770EA3A3A3121508
:1075D3003474061217BB12767339FBE812738439BD
:1075E30012738E74021216F3E9FAEA70030274DD61
:1075F300EE75F003A4F8A9F0E50828F8E50939F9D0
:10760300EA88828983A3F0850A82850B831276D761
:107613001277C90EEFF50A750B00780A121716AC2C
:1076230016AD17AA0CAB0D122B9974021216F3EEBA
:10763300850882850983F070031277A3AA16AB1716
:107643001227D312773B12171A750A01780A1217F9
:107653001A12727212171A780812171612775E121C
:1076630016F3AA08AB091227D37901740C024F60F1
:10767300E82406FAE422126637F58388822224017D
:10768300F0A3E03400F0227E00EA240CF582E43516
:107693000DF58322E812738839F583E0F922127617
:1076A300A522E50E2414F582E4350FF583E0F922D3
:1076B3001276B9740422850C82850D83E0F50EA33E
:1076C300E0F50F228518828519831276D222A31240
:1076D3006637F9221276DB22E0FAA3E0FB8882897F
:1076E3008322127679E0F8EFC398221276B9A818AC
:1076F300A91988128913781222E028FAA3E0398A9B
:1077030082F583A385820A85830B22850C82850DEE
:107713008312771822E0F8A3E0F9850A82850B83A8
:1077230022E075F003A4A9F02401FAE439127734B6
:1077330022FB125113EA4B22850C82850D831277AB
:1077430058850C82850D83A3A3A3A3A3A3E0F50A05
:10775300780A22F583E0FEA3E0FF228E828F831254
:107763007799EE1276743FFBEE1273883FF583E050
:10777300F9122AAF740522850A82850B8312779D3D
:10778300850E82850F83A3A3A3A31265A11276A5F9
:10779300122AE5740222A3A3A3A3E0FCA3E0FD2223
:1077A300A3E4F085088285098304F0221277B5A348
:1077B300A322F0851482851583A322F0850A82858E
:1077C3000B831276D222A3A3EAF0A3EBF022C082AA
:1077D300C08312783CAAF075F008A42AFA75F00564
:1077E300E9A42A12782A901B50E029F9D083D08289
:1077F3000216DB74F012103B12783CACF075F00803
:10780300A42CFC75F005E9A42C12782A8A0C8B0DA4
:10781300E4F50EF50F901B50E0F508A3E0F509E43D
:10782300F50AF50B027B9BF9E82419F8E93436F9DC
:10783300901B50E8F0A3E9F022901B50E0F8A3E07E
:10784300F9E875F005A4C82274F012103BEAFEEBC8
:10785300FFC394015003E4CEFF121F578A0C8B0D14
:107863008C0E8D0F7410121A88780C1217C38E08A1
:107873008F09E4F50AF50B780C7908120ED4908A77
:107883000A7808121A19027B9B74F012103BECFE63
:10789300EDFF7412121A88121530121C7B74041235
:1078A30016F38B097416121A88E02AFCA3E0350933
:1078B300FD8C08F509740378081219FBAA08E50979
:1078C3005407FBED5440600974FFC39AFA74079B95
:1078D300FBEBF8749628F582E43488F583E0F50829
:1078E300EAC313F50AE508850AF0A4F508E5F0F5FF
:1078F30009E828F8E433F9745628F582748639F5D3
:1079030083E02508F8A3E03509F9ED5480600BC343
:10791300E498FAE499FBEAF8EBF9E82400F508E9BE
:107923003480F509E4F50AF50B7410121A88E0C3E4
:107933009EF50CA3E09FF50DE4F50EF50F908A126A
:10794300780C1218BE7808790C120ED474107808CB
:10795300121792EE2508FAEF3509FB027BAD74F29C
:1079630012103BE9FEECFF8D0A740E121A881215F1
:1079730030121C7B74041216F3EB250AF9FAA2E603
:10798300500574FFC39AFAEA543FFA740F5AF8E9A0
:10799300A2E6500108EA131313541F541EFC749EED
:1079A3002CF582E43488F583E0C0E0A3E0F508E831
:1079B300F50CE508850CF0A4F508E5F0F509740469
:1079C300780812198DD0E02508F8E9A2E75004E8F9
:1079D300F404F8748028F8EFC39E2401F508E43416
:1079E30000F509E88508F0A4E8ABF08509F0A42BBD
:1079F3002EF97F060213A874F412103B127C8F1227
:107A03007ACA127A3B3F127DBE123A9E8A0A8B0BC8
:107A1300AC0AAD0B750A07780A12171A8508828516
:107A23000983E0F9127EF31238DD74011216F37A3A
:107A3300007B007F040213A8EE2410F582E4227475
:107A4300F412103B74FD1217DB8A828B83E0FEA3D2
:107A5300E0FF121C8D121C6FE9C39450505D127A23
:107A63003B3FF583E02408F8A3E03400F9E8FC8504
:107A7300188285198374FFF07401121A8874FFF059
:107A83007402121A8874FFF08E828F83E0127ACA0E
:107A93008C828983127DD1123A9E121C75EA75F08D
:107AA30003A4FAA8F075F003EBA428FBE5082AFA6F
:107AB300E5093BFBAC18AD191238B97A007B0074A9
:107AC300031216F3027A36F8A3E08808F509EEFAF2
:107AD300EFFB2274F012103B74FA1217DB8A828BCD
:107AE30083127EF7EA240EF582E43BF583E0F50A80
:107AF300A3E0F50B8A828B83127DB2123A9E8A0829
:107B03008B09AE08AF09790AEAFCEBFDAA0CAB0DB1
:107B13001238CBC3EE9490EF940050067A907B001A
:107B23008004EEFAEFFB121C758A088B09C3EA9EE8
:107B3300EB9F5059121C6FE91313543FF8850A82C7
:107B4300850B83E028851882851983F07401121A46
:107B53008874C8F07402121A8874FFF07403121741
:107B6300BBAA18AB19121EE574031217BBE50875FF
:107B7300F003A4F508A8F075F003E509A428F509B6
:107B8300E50C2508FAE50D3509FB1238B97A007BB7
:107B93000074061216F38012780C7908120ED4744E
:107BA30010780C121792AA0CAB0D7F080213A8745D
:107BB300F212103B74FA1217DB127C8FF50AA3E062
:107BC300F50BEE2410F508E43FF509EEFAEFFB851B
:107BD3000882850983127DC0123A9E8A0C8B0DACF4
:107BE3000CAD0D7914127EF31238CBEEFAEFFB8550
:107BF3000882850983127DC0123A9EE4F508F509CF
:107C03007808121716908A76121530EA24FFF508C1
:107C1300EB34FFF50978081217167C007D007A0D06
:107C23007B00121C8174081216F38A088B09850ADB
:107C330082850B83E0851882851983F07401121AFB
:107C43008874FFF07402121A8874C0F07403121758
:107C5300BBAA18AB19121EE574031217BBE508750E
:107C6300F003A4F508A8F075F003E509A428F509C5
:107C73008E828F83E02508FAA3E03509FB1238B919
:107C83007A007B0074061216F30279F58A828B83DD
:107C9300E0FEA3E0FFEE240EF582E43FF583E0224D
:107CA30074F012103B74FB1217DB8A828B83E0F5AE
:107CB30008A3E0F509E508240EF582E43509F58308
:107CC300E0FEA3E0FF7CC67D84AA18AB19121CB1A9
:107CD300908A761215307D007CFF79407A3E7B00D6
:107CE300121C8774041216F3E9F50B8508828509C3
:107CF30083E0F50CA3E0F50D8E828F83E0F50A7E19
:107D0300007F008070750E01780E12171A75F00A45
:107D1300EEA4F8E50B950A28F50E780E12171AEE65
:107D2300C333250AF974021217BB74041217B31272
:107D330038BF74021216F3EEF8EFF9E875F003A4F6
:107D4300F8AAF075F003E9A42AF9E50C28F8E50D83
:107D530039F97402121A88127EEDF07403121A882C
:107D6300127EEDA3F07404121A88127EEDA3A3F021
:107D73000EEE70010FAA08AB09EA127A3C3509121C
:107D83007DBE123A9E8A0E8B0FC3EE950EEF950FB2
:107D9300A2D265D0335003027D08851882851983EA
:107DA300127EF71227D37A007B007405027B96E0DC
:107DB300F50CA3E0F50DEA127A3C3BF583E0F8A35A
:107DC300E0C82408F582E438F583127DD122E0F877
:107DD300A3E0F58388822274F012103B74FA121721
:107DE300DB8A828B83127EF78A82F583127DB2123D
:107DF3003A9E8A088B09AE08AF097914EAFCEBFDB9
:107E0300AA0CAB0D1238CB750A0075080075090072
:107E13007403121A88E50AF07404121A8874C8F0FD
:107E23007405121A8874FFF0AC18AD197403121795
:107E3300B3121EE5E4F50EF50F780E121716908AAD
:107E430076121530EE24FFF50EEF34FFF50F780EA2
:107E53001217167C007D00E5082407FAE43509FBB8
:107E6300121C8174081216F3EA75F003A4FAA8F041
:107E730075F003EBA428FBE50C2AF8E50D3BF98527
:107E83001882851983127EE3500A85188285198327
:107E9300127EEDF0A3AA82AB837401121A88E0FC70
:107EA3008A828B83E0C39C5002ECF0E82402F850F2
:107EB30001097402121A88127EE35002EAF0742058
:107EC300250AF50A0508E50870020509C39408E5C3
:107ED300099400A2D265D0335003027E13027B9033
:107EE300E0FA88828983E0C39A22E0888289832228
:107EF3008E828F83E0FAA3E0FB2274EE12103BEA3A
:107F0300FEEBFF8C108D117A307B001227CD8E8211
:107F13008F83EAF0A3EBF078007900900716E07006
:107F23000C7401F0900717E4F0A3F0A3F0E8FAE96A
:107F3300FBEA75F003A4FAACF075F003EBA42CFB99
:107F43008E828F83E02AFAA3E03BFB900717E08A37
:107F5300828B83F0900718E08A828B83A3F09007CB
:107F630019E08A828B83A3A3F008E8700109C39404
:107F730010E9940040A57900E9FAF5087509007441
:107F83000278081218E4E5102508F582E511350991
:107F9300F5837808121A19EA75F003A4FAABF08E88
:107FA300828F83E02AFAA3E03BFB85080C85090D49
:107FB300850A0E850B0F7410780C1217928A828B28
:107FC30083E50CF0A3E509F08A828B83A3A3E5087C
:107FD300F009E9C3941040A0EEFAEFFB7F0A021305
:107FE300A8C082C0837A007900122119D2879061D8
:0B7FF300967406F0D083D0820216DBEB
:108000005054564F5349474E3100000000000000C5
:108010000000000000000000000000000000000060
:108020000000000000000000000000000000000050
:108030000000000000000000000000000000000040
:108040000000000000000000000000000000000030
:1080500000000000000000003C00100103050709BB
:108060000B0D0F00020406080A0C0DBFFB0970740B
:10807000766F2E696E666F202020202020200B70E6
:1080800074766F2E73776974636820202020200037
:1080900020202020202020202020202020202020E0
:1080A0000A323032362D30332D33300100000000DB
:1080B00000000000000000000000000000000000C0
:1080C00000000000000000000000000000000000B0
:1080D00000000000000000000000000000000000A0
:1080E0000000000000000000000000000000000090
:1080F0000000000000000000000000000000000080
:10810000000000000000000000000000000000006F
:10811000000000000000000000000000000000005F
:10812000000000000000000000000000000000004F
:10813000000000000000000000000000000000003F
:10814000000000000000000000000000000000002F
:10815000000000000000000000000000000000001F
:10816000000000000000000000000000000000000F
:1081700000000000000000000000000000000000FF
:1081800000000000000000000000000000000000EF
:1081900000000000000000000000000000000000DF
:1081A00000000000000000000000000000000000CF
:1081B00000000000000000000000000000000000BF
:1081C00000000000000000000000000000000000AF
:1081D00000000000000000005054564F5349474E25
:1081E000320000000000000000000000000000005D
:1081F0000000000000000000000101010101010178
:108200000101010101020202020202020203030350
:108210000303030404040405050505050606060614
:108220000707070808080909090A0A0A0B0B0B0CBB
:108230000C0D0D0D0E0E0F0F101011111212131345
:1082400014141515161617181819191A1B1B1C1DAE
:108250001D1E1F1F202122222324252626272829F0
:108260002A2A2B2C2D2E2F30313233343536373805
:10827000393A3B3C3D3E3F404142444546474849F0
:108280004B4C4D4E50515254555658595A5C5D5EA8
:10829000606163646667696A6C6D6F70727375772D
:1082A000787A7C7D7F8182848688898B8D8F91927C
:1082B0009496989A9C9EA0A2A4A6A8AAACAEB0B28E
:1082C000B4B6B8BABCBFC1C3C5C7CACCCED1D3D56A
:1082D000D7DADCDFE1E3E6E8EBEDF0F2F5F7FAFC04
:1082E000FF808386898C8F9295989B9EA2A5A7AAD2
:1082F000ADB0B3B6B9BCBEC1C4C6C9CBCED0D3D560
:10830000D7DADCDEE0E2E4E6E8EAEBEDEEF0F1F30A
:10831000F4F5F6F8F9FAFAFBFCFDFDFEFEFEFFFFB0
:10832000FFFFFFFFFFFEFEFEFDFDFCFBFAFAF9F882
:10833000F6F5F4F3F1F0EEEDEBEAE8E6E4E2E0DE88
:10834000DCDAD7D5D3D0CECBC9C6C4C1BEBCB9B692
:10835000B3B0ADAAA7A5A29E9B9895928F8C898653
:1083600083807C797673706D6A6764615D5A585555
:10837000524F4C494643413E3B393634312F2C2A2B
:10838000282523211F1D1B1917151412110F0E0C60
:108390000B0A09070605050403020201010100009A
:1083A00000000000000101010202030405050607A8
:1083B000090A0B0C0E0F1112141517191B1D1F2182
:1083C0002325282A2C2F313436393B3E4143464958
:1083D0004C4F5255585A5D6164676A6D7073767977
:1083E0007C5054564F5349474E3700000000000060
:1083F000000000000000000000000000000000007D
:10840000000000000000000000000000000000006C
:10841000000000000000000000000000000000005C
:10842000000000000000000000000000000000004C
:10843000000000000000000000000000000000003C
:10844000000000000000000000000000000000002C
:10845000000000000000000000000000000000001C
:10846000000000000000000000000000000000000C
:1084700000000000000000000000000000000000FC
:1084800000000000000000000000000000000000EC
:1084900000000000000000000000000000000000DC
:1084A00000000000000000000000000000000000CC
:1084B00000000000000000000000000000505456C2
:1084C0004F5349474E38AB0055007C0084004B00A9
:1084D000B5001B00E5000017E8000047B800007772
:1084E000AB0000ABAB000055AB000022DD000E007E
:1084F000F2003E00C20071008F00A1005F00D000BA
:108500002F00F9070000000000000000000000003C
:10851000000000000000000000000000000000005B
:10852000000000000000000000000000000000004B
:10853000000000000000000000000000000000003B
:108540000000000000000000000000000000000229
:10855000040504030400040C000C040D042A0404A4
:108560000B02070A00110006008737C133731E7B18
:10857000311D32172C612A2B2431245F26372437F2
:1085800024040000300000100030000001402000F2
:10859000000240200000A3399D39B31AE539C139E2
:1085A000F51A371BB51BA3399D39B31AE539C13903
:1085B000F51A371BB51BA3399D39AD1AE539C139F9
:1085C000EF1A311BAF1BA3399D39AD1AE539C139FB
:1085D000EF1A311BAF1BA3399D39B31AE539C139E5
:1085E000F51A371BB51BA3399D39B91AE539C139BD
:1085F000FB1A3D1BBB1BA3399D39B91AE539C1399B
:10860000FB1A3D1BBB1B61311D0F08040201F07AF0
:10861000412010080402A3399D39B91AE539C1393E
:10862000FB1A3D1BBB1BA3399D39D138E539C13934
:10863000E31A251BA31BA3399D39AD1AE539C139AE
:10864000EF1A311BAF1BA3399D392B2AE539C139EC
:10865000E91A2B1BA91B0000F918FB301C47825A92
:108660006D6A4176897DA3399D392B2AE539C13957
:10867000E91A2B1BA91B01030507090B0D0F0002AB
:108680000406080A0C0DA3399D39C51AE539C1390C
:10869000071B491BC71BA3399D39C51AE539C139C9
:1086A000071B491BC71BA3399D39C51AE539C139B9
:1086B000071B491BC71BA3399D39BF1AE539C139AF
:1086C000011B431BC11BA3399D39BF1AE539C139B1
:1086D000011B431BC11BA3399D399139E539C139B0
:1086E000CB1A0D1B8B1BA3399D399139E539C13943
:1086F000CB1A0D1B8B1BA3399D399139E539C13933
:10870000CB1A0D1B8B1BA3399D39EF38E539C139C5
:10871000D11A131B911BA3399D39EF38E539C139A3
:10872000D11A131B911BA3399D39EF38E539C13993
:10873000D11A131B911BA3399D39E938E539C13989
:10874000D71A191B971BA3399D39E938E539C13967
:10875000D71A191B971BA3399D39E938E539C13957
:10876000D71A191B971BA3399D39D738E539C13959
:10877000DD1A1F1B9D1BA3399D39D738E539C13937
:10878000DD1A1F1B9D1BA3399D39D738E539C13927
:10879000DD1A1F1B9D1BA3399D392B2AE539C139D1
:1087A000E91A2B1BA91BA3399D39D138E539C139E9
:1087B000E31A251BA31BA3399D39D138E539C139EB
:1087C000E31A251BA31BA3399D39BF1AE539C1390B
:1087D000011B431BC11B0000000000000000000043
:1087E0000000A51C8D1C991C931C9F1CAB1C000039
:1087F0000000000000000000000000000000000079
:108800000000000000000000000000000000000068
:108810000000010401FEFF00000000000000030052
:1088200021000004002100000000F31CFF1CE11CDB
:1088300003000000001D1D231D03000047294D29D2
:1088400041290300002329FF281D290300000000FF
:1088500000000000000000F31CDB1CE11C03000012
:10886000000000000000FFFFFFFFFFFFFFFFFFFF12
:10887000FFFFFFFFFFFF01020408102040800001FE
:108880000101020304060002030808080808FFFFAC
:10889000FFFFFFFFFFFF31302C261F170E040031B2
:1088A00031295A1B750A0000000000000000030671
:1088B0000300080074000000000000000000000039
:1088C00000000000000000000000FFFFF11B00009E
:1088D000FFFFEB1B0000000000000000FFFFFD1B7E
:1088E00082003A003B000000000000000000000091
:1088F00000000000FFFFF71B000000000000000068
:10890000FFFF091C0000FFFF031C0000C040000027
:1089100080BF60EA0000000000FFFFFFFF00A30F20
:1089200090430000000087A79ABD70D9A4439A998C
:108930001940AE47613D3D0A873FD46608BE1C071B
:108940001E3EABEA253EDA58913E6D1E2B3F595133
:10895000433DA48CB8384417943D0D6D7C3F000016
:10896000804700007E431D2E4D3B52B84E41555569
:10897000D53EAE4761BD00008037EE07D43F08AF5B
:10898000B5BE5794823ECC0A35BF0DE4D33F1F14C9
:10899000143D03D1533DB08DF8BDD179813F010025
:1089A000803FCDCC8C4100A08C4519000000BC85D7
:1089B00098C397511800FEFFFFFF0400000019E064
:1089C000FCFFF8FF0000E71F0300FFFFFFFF8A84A2
:1089D0000A439C1E21C302000000F20100000002B5
:1089E0000000FF00000000FF00000030FF008000DA
:1089F0004000FFFF00000DF1C64201007F437F7F72
:108A00007F7F090000000000803F18010000000087
:108A1000FF0001000000E803000070170000F401EF
:108A20000000983A00008813000010000000640065
:108A3000000000007F4300401C460A0000000C00BC
:108A400000000048000030750000000080392C0153
:108A50000000110E000032000000D10400000B00E5
:108A600000000020000000100000E204000000F000
:108A7000FFFF2100000000000000CB59CE3FCDCC0D
:108A80001C4000C039C400007A4401000000E80323
:108A9000000015000000FAD10F3F14000000D007BD
:108AA00000000000C842E90300003C000000000094
:108AB000C842C8000000651D2A3F000000000300F6
:108AC00000000001000093952C3E300000000100E2
:108AD00064000A00E8030A000100AB000044010141
:108AE00001000D3E060CC082C08312397F90197FB1
:108AF0007487F0A37431F0901981748DF0A37431F0
:108B0000F09019837493F0A37431F09019857499DF
:108B1000F0A37431F002C33A74F712103BE9FE90EF
:108B20001973E4F0EE901972F07C477D197A747B2A
:108B30001912296B901D50E090197CF090197D74EA
:108B40002DF0A37419F01231BD02B10D74F01210A2
:108B50003B8A088B09EB54807003028CA490197235
:108B6000E0F91227438A0A8B0BAE0AAF0BEE4F7067
:108B700003028C9B12B506707EEE241F12B8596456
:108B8000137002A3E070708E828F83A3A3E0F50EB2
:108B9000A3E0F50F90198D12BD43750A00750B0007
:108BA000800D1299DB12C50D1227D3AA0CAB0DEA6A
:108BB0004B60448A828B83E0650E7004A3E0650FEE
:108BC00070288A828B83A3A3A3A312B524E50A4548
:108BD0000B8A828B83A3A3A3A360C712AA05850A6D
:108BE00082850B83A3A3A3A380BB8A0A8B0B8A82F3
:108BF0008B8312BD3F80B8EE242A12B859F912C8EF
:108C0000C690198D129E74A3A3A3A3A3A3A3A3E04C
:108C1000640270378A828B8312BD4380078C828DF9
:108C20008312A0D8EC4D60208C828D83E06A7003A3
:108C3000A3E06B70E88C828D83A3A3E06970DE9063
:108C40001D5612AEA0F0804C1231D58E828F83E07B
:108C500064017034EE2418128CF812171A12A7FE51
:108C6000121530EE2412128CF812171A12A7F212F3
:108C700017161298A3121534EE241712A806123AEA
:108C800021740A1216F3800CE064027007EEFAEF0A
:108C9000FB12330DEEFAEFFB122731AA08E5096447
:108CA00080FB8051EA5402600C901DAC7401F0EA24
:108CB0006402FA8040EA540460091231C3E5086492
:108CC000048029EA540860291231CF8B0BEA450B46
:108CD000701690198FE4F0A3F0A3F0A3F07A08FBCC
:108CE000901972E0F9122899E5086408FAAB098036
:108CF000047A007B0002A24212B510F50A780A221B
:108D000074F412103B8A088B098A828B8312BD5837
:108D100012A6F238F583E02409FA7B0012272B8A89
:108D20000A8B0BAE0AAF0BEE4F7003028DC48E821E
:108D30008F837402F0A3E412CC4AA3A3A3A3E8F0A8
:108D4000A3E912C8EAA3A3A3A3A3A3A3F0E508245D
:108D500003F8E4350912BFFB12A6F23AF583129E1E
:108D60006DF0EE2409FAE43FFB8E828F83A3A312F9
:108D7000C498F5838882E0A2E58E828F83A3A3A3A3
:108D8000A3A3500474018001E4F0E5082403F888EB
:108D900082898312BD43EA12A6E63BF583128DC792
:108DA000121712EA241012C5338E828F8312BD412E
:108DB00012270D74031216F3EEFAEFFB901972E00E
:108DC000F91227370296DBE0F508A3E0F509750AEA
:108DD0000078082274F212103B8A088B09ECFAED35
:108DE000FB740E121A88E0FC12394F8A0C8B0DAE00
:108DF0000CAF0DEE4F6030AC08AD09123961E9607F
:108E000026AC08AD09EEFAEFFB12395BE970148E5F
:108E1000828F8312A999FAEFFB123967AA08AB096E
:108E20001239377900800279B480031216F37F0675
:108E30000213A874EE12103B74F71217DB8A0A8B28
:108E40000BECFEEDFF750CB3750D00750E00800286
:108E5000050E9049CDE493F8E50EC3984003028FC8
:108E600042AA0E7B001239138A088B09EA45096071
:108E7000DF8A828B83A3A3A3A3A3E0250DF50DF8BE
:108E8000C3E50A98E50B940050C67C157D00790077
:108E9000EEFAEFFB122719850882850983A3A3A3A5
:108EA000A3A3E0F8E50AC3950D2825E0F8E433F91B
:108EB000E50828F582E50939F583129C4312C50DB2
:108EC0001234BD8A0A8B0BAC0AAD0BEEFAEFFB1223
:108ED000296B850882850983A3E06401700B12A7C2
:108EE000FE740112D78DA3803DAC18AD19850882A0
:108EF00085098312BD4112392BE9602D7408121ABD
:108F000088E0C0E012A7FED0E0F07408121A88E0F2
:108F10006403700CAC18AD19129E6512296B8009A0
:108F200085188285198312C50185088285098312F7
:108F3000A215A3A312CC21C0E012A433D0E0F07597
:108F40000C00A90C740902CFBC74F712103BE9FEA7
:108F50008A828B83A3A3A3A3A3A3E0540860338ACC
:108F6000828B83A3A3A3A3A3A3E0540260218A82DC
:108F70008B83A3A3A3A3A3A3A3A3A3E06406600F6F
:108F800074E96E600A74CD6E600574F06E70031241
:108F900031A502B10D74E812103B74F81217DB749E
:108FA00006121A8812B5E7ECFEEDFF891775150059
:108FB00012920B1239438A0A8B0BEA450B7003029B
:108FC00091C7EE2410129FFAA90A1230E58A128B7B
:108FD00013EA451370030291C7EE2403F50CE43F36
:108FE000F50DEE2406F508E43FF5097C00850882BE
:108FF00012A74A12393D8A108B11850C82850D8388
:10900000E0851282851383A3A3A312BDD7851282A4
:10901000851383A3A3A3A3E8F0A3E91298AB851259
:1090200082851383A3A3A3A3A3A3A312B597851239
:1090300082851383A3A3A3A3A3A3F0EE12A6E63F06
:1090400012921C121712EE12A6F23F12C5378512A9
:1090500082851383A312BD3B12270D74031216F3EE
:109060007428121A8812AA05E51212AE923513124C
:10907000C50B742A121A88E0C0E0E51212A6E63584
:1090800013F583D0E0F07514007423121A88E0F50C
:10909000167424121A88780C121A1902914E85102F
:1090A0008285118312BD4112392585088285098385
:1090B000A3EAF0A3EB12922DA3A312C902129227E6
:1090C000A2E6500F850882850983A3A3A3A3A3E08A
:1090D000D2E1F0E515706685088285098312AA043D
:1090E0009019C3E0687003A3E06970518508828518
:1090F0000983A3A3A312A008751000781012171AF1
:10910000780C12170EE516F510781012171A74263F
:10911000121A881215349019D0121534790074106F
:10912000121A8812C8E212333D740A1216F3850827
:1091300082850983A3A3A3A3A3E04405F0740125BA
:1091400014FC12920B12393D8A108B110514E51094
:109150004511604EC3E514950AE4950B5044E5149F
:1091600075F006A4F8A9F0E51228F8E51339F9E836
:10917000240FF508E439F509850882F583E412DB4C
:10918000B3E06401600302909E7515018508828535
:109190000983740112922D12B7C4A3E8F0A3E90267
:1091A00090B5AA12AB131230EB7812121716AD1647
:1091B0007424121A88E0FCA917EEFAEFFB12319F13
:1091C00074021216F3803A8E828F83A3A3A3E0C0A9
:1091D000E07403121A88D0E01298ABC0E074041255
:1091E0001A88D0E0F0E50A450B70097405121A8858
:1091F00074B980077405121A88741012C5481233A6
:109200003774081216F37F100213A88E828F831210
:10921000BD478E828F83A3A3A3E0F922F58312B505
:1092200028750E00780C22A312C92BE02212DBB79E
:10923000A32274E912103B74F31217DB8A0C8B0D16
:1092400089168C148D157424121A8812BC3FAA0832
:10925000FB1230D9E9F513AA08AB091230DFE51388
:109260007003029478750E00800F8E828F83A3A303
:10927000A3A3A3E0D2E3F0050E12A43DE0F8E50EAF
:10928000C398400302946FE513700302946FE50ED8
:1092900075F006A4F8A9F0E50828F8E50939F9E819
:1092A000240FFEE439FF8E828F83A3A3A3A3A3E040
:1092B000A2E040C3750F00750A08750B00E5156044
:1092C00003750F207C087D007900AA18AB191227BE
:1092D000198E828F83E06037901A13E06401701753
:1092E000E50FD2E3F50F750B108E828F8312949ADF
:1092F00012BF2674FF8028430F0C750A0C8E828FD4
:1093000083A3129490A3A3A3A312CFB1A38010E5CB
:10931000166009E50FD2E6F50F750A0A12949AF065
:109320007402121A88E50FF012A6F0350DF583E0ED
:10933000C0E07404121A88D0E0F07405121A881282
:10934000C546123313740C121A88E060030294525B
:109350007408121A8812BDA58E828F83A3A3A3A3BB
:10936000F07408121A8812B54CE50AF0A3E50BF068
:1093700012B4FCE5141292286011901A13E0C0E0B8
:109380007408121A8812B53CD0E0F07408121A88DA
:1093900012A45DA3A3A312948B12B4F312B5E71227
:1093A000D01C12948B12B4EAEAF0A3EB12CB4EC09D
:1093B000E012B4E0D0E012CC12C0E07408121A88B7
:1093C00012B032D0E012C7FBC0E07408121A881243
:1093D000B026D0E0F07408121A8812949012B015DA
:1093E0001295E312948B242CF582E439F58312B59F
:1093F000E7E50C12AE72350DF583E0C0E012B00D5A
:10940000D0E0F07408121A8812BD43850C82850DD5
:10941000831294822428F582E43B12C50BE50C12DA
:10942000A6E6350DF58312CFCC7512007810121711
:109430001212A6F0350D12C537EA12C7783BF58334
:1094400012BD4312270D74031216F3AA18AB19129A
:1094500033198E828F83A3A3A3A3A3E0D2E0F07479
:109460000C121A88E0600302926A1513029277794F
:1094700000AA08AB091231AB740D1216F37F0F026C
:1094800013A8A3A3A3A312AA09EA2212BD4DE8229E
:1094900012AA09850C82850D8322A312949F2212A1
:1094A000C4CDE8F0A3E92274EE12103B74E9121760
:1094B000DB8A088B09890A8A828B83A3A3A3A3A3CF
:1094C000A3A3A3E0F91231038A0C8B0DEA450D70BA
:1094D0000302957212BC0B12A0F3E50A6003029519
:1094E000777C04850882850983A3A3A3A3A3A3A3F0
:1094F000A3E0F9123109EE4F60788E828F83A3A327
:10950000A312AA047406121A88E8F0A3E912C9117A
:10951000F8A3E0F97408121A8812B5CDC0E07410EF
:10952000121A88D0E01295E312AA04740E121A8857
:1095300012C50D7411121A88E412BDC8C8241FF593
:1095400082E438F58312BA08C413135403FC700282
:109550007C048E828F83E0F9780C121716742059E0
:10956000FD744059F974021217B312319F7402123C
:1095700016F3741702CFBC7C08850882850983A383
:10958000A3A3A3A3A3A3A3E0F91231098B0FEA4578
:109590000F70030294F6EE4F60D8E50AF50B780BD6
:1095A00012171A850C82850D83A3A3A3A3A3A3A3DB
:1095B000E0F50B780B12171A8A828B83A3A3A3E022
:1095C000FB8A82850F8312A0DB8A82850F83E0FAF3
:1095D0008E828F83A3A3E0F9123A2774021216F346
:1095E0000294FAF0850C82850D83A3A3A3A3A3A301
:1095F000A3A32274F712103B74FA1217DBE9FE7C66
:10960000017D017F0080037D000F12B84EE0F8EF6E
:10961000C3985028EF75F006A4F885F008A908EA69
:1096200028F8EB39F9E8241412C1F0A2E050D8541C
:109630000C60D4E0A2E250D17C0080CD8A828B8382
:10964000A3A3A3A3A3A3E0703DEDA2E04005740192
:109650006E70338A828B83A3A3A3A3A3A374011286
:10966000AEDAE0C0E07403121A88D0E012AED2E0A5
:10967000C0E07404121A88D0E0F07405121A88EC65
:1096800012C548123337740602B10AC082C083790A
:10969000011231AB02C33A74F412103BEA4B901D35
:1096A000AC6022E4F08A088B09F50AF50B78081201
:1096B000170E7A027B00901972E0F912288D74045B
:1096C0001216F3800F7401F07A027B00901972E099
:1096D000F9122899800574021216F37F040213A868
:1096E000C082C083901B81E075F005A4FCADF079C9
:1096F000007A5F7B0E1227197A00800A1298847410
:10970000FEF0A304F00A901B81E0F8EAC39840EC55
:1097100002C33AC082C0837A007B0080037A010BC7
:10972000901B81E0F8EBC3985056EB75F005A4F858
:10973000ACF0EC12989B7003A3E0F460E2745F2835
:10974000F8740E39F9E82403F850010988828983F6
:10975000E024FFF0A3E034FF12C050F9E84970BDE7
:10976000EB75F005A4F8ECF9745F28F8740E39F97C
:109770008882898374FEF0A304129AEBE4F0809F40
:10978000EAA2E05017908A1E1215307A047B0090EE
:109790001972E0F912288D74041216F302C33A7498
:1097A000F712103BEAFEEBFF901B81E0700302987A
:1097B0007BEE241112B859700302987B8E828F833E
:1097C000A312BD3B123535E96402600F8E828F8390
:1097D000A3A3A3A3A3E0700302987B7A00802712BF
:1097E00098A312A0DC129884E06C7003A3E06D7063
:1097F00014EE241212B859FC746128F582740E120A
:10980000C1F36C607B0A901B81E0F8EAC39840CFFB
:109810007A0080010A901B81E0F8EAC3985061EA5F
:1098200075F005A4F8ABF0EB12989B7003A3E0F47D
:1098300070E2745F28F8740E3BF91298A312C7A85F
:10984000EAF0A3EB1298AB88828983129AE4740C35
:1098500012B5977A04FB901972E0F912289FEA4B2F
:109860004C4D7017908A1E1215307A047B009019A7
:1098700072E0F912288D74041216F3790102B10D09
:10988000790080F9EA75F005A4F8A9F01298902201
:10989000745F28F582740E39F58322F9129890E0EE
:1098A00064FE22EE12C8BE3FF58322F012CD9AE08C
:1098B0002274E812103B74FC1217DB7402121A882F
:1098C000E4F0A3F090198D12A0F385188285198316
:1098D000E4F0A3F07514019019BDE0A2E350030277
:1098E00099671228AB8A088B098C0A8D0B8A0C8B1E
:1098F0000D8C0E8D0F90198F780C1217C31299E2F0
:109900007810790C1219BD50077A017B000299D6A4
:10991000850C14850D15850E16850F177814791092
:10992000120FCCA814A915901D56E0C398E49950C5
:1099300003E08001E8F5141299E2780C7910120F17
:10994000CCE4F512F513780879101218AA90198F43
:109950007808121A0A80101299DB12B93FFAEFFB4D
:109960001227D3AE08AF09EE4F60638E828F83A3B8
:10997000A3A3E0F8E514C3985029EE2403F582E48C
:109980003FF583A814E0C398F060217402121A888E
:1099900012ABE212B59CEEF0A3EF12C800FEA3E0FA
:1099A000FF80C48E828F83A3A3A3E4F08E828F8373
:1099B00012BC3B85188285198312BDC38E828F83AA
:1099C000A3A3A3A3609112C4C512C016808C740215
:1099D000121A8812BD43740402920312AA09901944
:1099E0008D22901D54E0F510A3E0F511E4F512F579
:1099F000132274F212103B8A0A8B0BE9FE7A007B69
:109A00000090198D12BC3F90198D12BDC3601E0AC3
:109A1000850882850983A3A3A3A312BDC3600E0A90
:109A2000EA70010B88088909E8450970E3901D5721
:109A300012AA05C3EA98EB994003029AE17A067BE1
:109A4000001227CD8A0C8B0DA80CA90DE8497003D4
:109A5000029AE188828983E50AF0A3E50BF0EE889B
:109A6000828983A3A3F0901D5612C24AA3129AE4DE
:109A7000A3E4F0A3F090198D12AA73600F850882F9
:109A8000850983A3A3A3A312C50D801F90198D126E
:109A9000C50D9019BDE0A2E340111228ABEAF8EB26
:109AA000F9ECFAEDFB90198F121A599019BDE0A24A
:109AB000E3502E7A087B00901972E0F912289FEA91
:109AC0004B4C4D701C901D5412D5F1780812170E96
:109AD0007A087B00901972E0F91228937404121628
:109AE000F3028E2EA3A3129AEBA32212C1D5A3A335
:109AF00022C082C083E9901DADF090198774F3F005
:109B0000A37431F09019897405F0A37432F09019A0
:109B10008B7417F0A37432F002C33A74F712103B3F
:109B2000EAFEEBFF8908EE4F7003121E5590199361
:109B300012BDC37008901993802212AA05888289E9
:109B400083A3A3A3A3A3A3A3A3A312AA7388828915
:109B500083A3A3A3A3A3A3A3A3A370DEEEF0A3EF09
:109B6000129B72A3A3A3E4F0A3129B72E508F00278
:109B7000B10D129B7622129B7A22F08E828F83A3E4
:109B8000A3A3A3A3A32274F712103B901993800DF3
:109B90008E828F83A3A3A3A3A3A3A3A3A312A0F343
:109BA000EE4F60348E828F83A3A3A3A3A3A3A3E06D
:109BB0006970DD8E828F83A3A3A3A3E06A7003A3E1
:109BC000E06B70CC8E828F83A3A3A3A3A3A3E06CCE
:109BD00070BEEEFAEFFB80047A007B0002B10D74D8
:109BE000F712103B90199312A0F3901993129486D8
:109BF000687002EB69701EE0C82409F582E438F54C
:109C00008312AA0590199312C50D90199312A0F30F
:109C1000802712A0E6EE4F60208E828F83A3A3A33D
:109C2000A3A3129482687002EB6970E68A828B8328
:109C3000A3A3A3129C4312C50D1227D3EEFAEFFB88
:109C400002B10DA3A3A3A3A3A312A451A3A3A3A3EF
:109C5000A32274F012103B74FA1217DB8A088B09E6
:109C60008A828B83A3A3A3A3A3A3A3A3E0603364EB
:109C700001602F8A828B8312BD43123535E9702231
:109C8000850882850983A3A3A3A3A3A3A3A3E06458
:109C900003701474041217BBAA08AB091232ADE9A1
:109CA00070167902029E4E85088285098312AA05E4
:109CB0007404121A8812C50D12CD8D243412C4807A
:109CC0001227CD8A0A8B0BAE0AAF0BEE4F70030240
:109CD0009E4C7C347D00790012271974021217B350
:109CE000850882850983A3A3A3A3A3A3A3A3A3E0B9
:109CF000F91239D37402121A88E0C0E0129E5DD0C6
:109D0000E0F0EE242EF50AE43FF50B7403121A88F6
:109D1000E0850A82850B83F07901EEFAEFFB1231C0
:109D2000E185080C85090D750E00780C1217127C60
:109D30001E7D00129E6512270D74031216F3EE2489
:109D40003212A20B2434F8E43FF98A828B8312C5C5
:109D50000DE5082411F8E43509F9E8FCE9FD8C82E9
:109D60008D8312B558243012C50712A20312D8AA47
:109D70001217128C828D83129E7412BD4312270D0E
:109D800074031216F37404121A8812A44D12C50D2E
:109D9000901973129E6DA3A3A3F0901973E004F0C1
:109DA0001228AB8E828F8312B590242C12A71F75B8
:109DB0000D00850A82850B83E0780C1218E48A82F4
:109DC0008B83E50CF0129E53E50C12B59CE4F0E594
:109DD00008241512CD91A2E074015007121A88745C
:109DE000018004121A88E4F0EE242912BC32AA1869
:109DF000AB191239F1E924FE850882850983F0EE5A
:109E00002430F8E43FF9E8FCE9FD129E7C120DF8DD
:109E1000E88E828F83A3A3A3A3A3A3A3A3F0129E80
:109E20007C120DF88B09EA4509600F8E828F83A39F
:109E3000A3A3A3A3A3A3A3E004F0EE242012B85984
:109E4000440812A76B12276D7900800279107406FE
:109E500002A23FEE242BF582E43FF58322EE12C7E7
:109E6000783FF58322EE240BFAE43FFB2212C8F27E
:109E7000A3A3A32212A0E08A828B83228C828D83EB
:109E800012B7C8E0FA7B002274F412103BEAFEEB32
:109E9000FF1228AB12B5E3901D4AE0F8EE242D1214
:109EA000B859C3984003029FE812A72B7013EE2401
:109EB0002D12B8590412A230E0C0E0129E53D0E037
:109EC000F0EE242A12B859FC7900800109EE242E04
:109ED00012B859F8E9C3985026750801750900E9C8
:109EE00078081218E412A72B550860E0E92CFC75DD
:109EF0000801750900E978081218E4E04508F0EE59
:109F00002429129FFAEE2430F582E43FF583EC8A8F
:109F1000F0A4F8ABF0E42BF9E098F8A3E099F9C3CA
:109F2000E89AE99400EE4034242912B859F812A7AF
:109F30002B602F129E5D12A008A3E4F0EC704AEE95
:109F4000242012B859442012B5D1C0E012B877D0FD
:109F5000E0F0EE2432129FFAA3E08052129E547475
:109F6000FFF09019B3E0FA901D4D129FFFABF07512
:109F7000F064A4FAADF075F064EBA42DFB8E828F33
:109F800083A3A3EAF0A3EB80B2EE242012B85954C5
:109F9000DF12B872ECF0FAEE2429F582E43FF58383
:109FA000129FFFFAABF0EE12B4DA3F12A741FB1298
:109FB000CBF6EAF0A3EB12C91AC0E0EE2425F58235
:109FC000E43FF583D0E012B568E812B59790199593
:109FD00012BDC3600BECF912D7C2123A9EE970179A
:109FE000129E6512327D800F7BE912A221123A2D5A
:109FF000EEFAEFFB1231ED0296DB12B510FA22E019
:10A00000F508EA8508F0A42212C8F2A3F02274F43D
:10A0100012103B90199312A0F31228AB8A0A8B0BF3
:10A0200078FF79FF8020E0C39AFCA3E09BFDC3EC9E
:10A0300098ED99500E8E828F83A3A3E0C39AF8A364
:10A04000E09BF912A0E6EE4F605C8E828F8312BD1A
:10A0500043E50AC39AFAE50B9BFB8E828F8312A01D
:10A06000DAC3EA9CEB9D8E828F83A3A340B8A3A39F
:10A07000A3A3E06402701AEE240B12A72E6009124B
:10A08000A70612BD43122731EEFAEFFB1231ED8025
:10A0900007EEFAEFFB1231F97A017B00901DADE07B
:10A0A000F912276D802974FF68700374FF69601FBF
:10A0B00088088909E4F50AF50B780812170E7A0169
:10A0C0007B00901DADE0F912288D74041216F30286
:10A0D00096DBA3A3A3A3A3A3A3A3A3A312A0E022FD
:10A0E000E0FCA3E0FD228E828F83A3A3A3A3A3A3FE
:10A0F000A3A3A3E0FEA3E0FF2274F012103B8A08A2
:10A100008B09ECFAEDFB890A7C0112CD8DF9123135
:10A11000E78A0C8B0DAE0CAF0DEE4F700302A2015F
:10A12000E50A600302A20112A20312A219686003E9
:10A1300002A20112A203E0FAEE242E12B859F8EAA4
:10A1400028FAE43400FB8E828F83A3A3A3A3A3A3E6
:10A15000A3A3E0F8EA98EB9400C365D033401CE574
:10A1600008241412CD91F470127B0012A221123A2D
:10A170002DEEFAEFFB1231ED02A201E508241412D4
:10A18000CD91F47041EE242B12A20B242EF8E43F63
:10A19000F9E8FCE9FD7508FF7509008C828D83E004
:10A1A00078081218E48A828B83E50812A230E50849
:10A1B000F08C828D8312A21928F0EE242DF582E412
:10A1C0003FF583E4801BE5082414F8E43509F9E041
:10A1D000C0E012A235D0E012C04CC0E0129E53D0B5
:10A1E000E0F01228AB8E828F8312B590129E5E1221
:10A1F000A215A312B5977A01FB901DADE0F91227C5
:10A200006D803FE508241312A44522F8E43FF9E8E5
:10A21000FAE9FBEE2212C8F222E0F8EE12C1DBE00E
:10A2200022EE242212B510FAEE241412B510F922EF
:10A23000F012A23522EE242CF582E43FF58322129F
:10A2400016F37F080213A874EC12103B74FE121769
:10A25000DB8A0A8B0B8C0E8D0F89108A828B83A36D
:10A26000A3E0F91239FD8A088B09AE08AF09EE4F59
:10A2700070077A007B0002A4297A127B001227CD96
:10A280008A088B09EA4509700302A4257C127D0027
:10A290007900122719AA18AB19850A82850B83A3A6
:10A2A000A3E0F91239D3E508240FF50CE43509F5DC
:10A2B0000D7401121A88E0850C82850D83F07902F5
:10A2C000AA08AB091231E1850E82850F8312A45DC5
:10A2D00012A46B12A6DF12C8F9F07512FF751300F5
:10A2E000850C82850D83E078121218E412D01CE5EB
:10A2F0001212B03E12D7C0E0C0E012A43DD0E0F090
:10A3000012A6FCF50CE508240D12D020E50CF0E5B2
:10A310000A12A70E850CF0A4A9F02427FAE439FB51
:10A3200012272B8A0C8B0DAE0CAF0DE50812CB0E4D
:10A33000EEF0A3EFF0EE4F700302A4188E828F832D
:10A34000741A12B5978E828F83A3A3F0A312A471FF
:10A3500012A44D12C50DAC0EAD0F12CC001239D99E
:10A36000850A82850B83A3A3A3E0C0E012B9FAD0CB
:10A37000E0F09019D012B558241012A46512B54619
:10A38000350B12B55612C52AE8F0A3E912A471A341
:10A39000A3A3A312B558241212C507850A82850B00
:10A3A00083A3A3E0C0E012A433D0E0F0E50A12AE2C
:10A3B0009212A71AE0C0E012C8B1D0E0F0741612F1
:10A3C0001A8812CB28C0E012CD7BD0E012C90CC095
:10A3D000E012CB14D0E012CB31C0E012CB1ED0E0A3
:10A3E00012B55DE510F07418121A88121A71EE2475
:10A3F0001AF582E43FF583121A59EE2427F8E43F58
:10A40000F9EE242212A46512C47812A71AE0C0E063
:10A4100012CC08D0E0F0800DAA08AB091231ED751E
:10A420000800750900AA08AB0974021216F37F0C24
:10A430000213A8EE2414F582E43FF5832212A4410E
:10A4400022E508240BF582E43509F5832212A45194
:10A450002212CCAA8E828F83A3A3A3A32212B7C8F1
:10A46000A3A3A3A322F582E43FF58312B5C7E50AAF
:10A4700022F0850A82850B83A3A3A3A3A3A322743E
:10A48000ED12103B8A0A8B0B8C108D118912750905
:10A4900000EA12A70EF50890199512BDC3600EA927
:10A4A0000812D7C2123A9EE9600302A6DA7C02853E
:10A4B000108285118312BD43E50A12A6DFE0F9126E
:10A4C00031E78A0C8B0DAE0CAF0DEE4F7054850A40
:10A4D00082850B83A3E0A2E0400302A6DA74151282
:10A4E0001A881215307417121A88121534A912AC72
:10A4F00010AD11AA0AAB0B12320B74061216F38AB6
:10A500000C8B0DAE0CAF0DEE4F700302A6DA8E82EF
:10A510008F83A3A3A3A3A3A3A3A3E50812A76B12EE
:10A52000276DA8088E828F83A3A3A3A3A3A3A3A3AD
:10A53000E024FFFAE434FFFBEA684B70037509017D
:10A54000EE240B12A72E700302A68F850A82850BBC
:10A5500083A3E0A2E0500375080012A758E5089A0B
:10A56000E49BC365D033401CE0F8EE240E12B859CA
:10A5700028F0750CFF750D00E8780C1218E412C372
:10A580006CE50CF0E50A12A6E6350B12921C1217C8
:10A5900012E50A12A6F2350B12C537EE240D12B8D9
:10A5A00059F50CE508850CF0A4FAABF012A70612D9
:10A5B000BD5B2422F582E43812A741FB12270D74FB
:10A5C000031216F3750C0112A733780C1218E4125B
:10A5D000B856450CF0E509A2E05063EE240C12A732
:10A5E0001F12A73304780C1218E48A828B83E0458B
:10A5F0000C12B57B85080C850CF0A4F8A9F012A606
:10A60000FCFCE82CFCE439FD12A70612BD5B2420FB
:10A61000F582E438F583ECF0A3ED12B5A8F4701ED2
:10A62000EE240BF50CE43FF50DEE12A6F23F12A757
:10A630004A122737850C82850D8374FF80501228BB
:10A64000AB12B5E39019B3E0FA901D4DE0F50CEABA
:10A65000850CF0A4FAABF0F8EBF9901D4AE0F50C8C
:10A66000E8850CF0A4F8ACF0850CF0E9A42CF9EA2C
:10A6700028F8EB39F9E875F064A4F8AAF075F064ED
:10A68000E9A42AF98E828F83A3A3E8F0A3E9F0A8B6
:10A690000812A758EA24FF1AEB34FFFBEA6870019E
:10A6A000EB600EEE240C12A72E6006E509A2E05026
:10A6B00029E50A12A713ECF012B856C0E0E50A2407
:10A6C00014F582E412A71AD0E0F0AC0AAD0B8510A5
:10A6D0008285118312BD4312326B7F0B0213A812C5
:10A6E000AE7212A71A2212A6EA22240EF582E422E2
:10A6F000E50C12A6F6222410F582E422E50A12A641
:10A70000F612A71AE022EE12A6F63FF5832212A750
:10A7100013E02212AE6C12A71A22350BF58322F831
:10A72000E43FF9E8FAE9FB750CFF22EE242B12B5A1
:10A7300010F422750D0012B50DF5F0E50884E5F072
:10A7400022F583E02AFAA3E03B22F58312BD4D8572
:10A750000C82850D83E0F922EE240E12B510FC1256
:10A76000B50DFAEC2AFAE43400FB22F07A017B0002
:10A77000901DADE0F922C082C083901DADE0F912BA
:10A78000273702C33A74F412103B8A088B09EB5442
:10A7900080703BEAA2E050531231FFE5086401FAF1
:10A7A000AB09804B8E828F83E06401701A12A7FE82
:10A7B00012153012A7F2121716EE241212A8061262
:10A7C000321174061216F3EEFAEFFB122731901DC8
:10A7D000ADE0F91227438A0A8B0BAE0AAF0BEE4F9E
:10A7E00070C2AA08E5096480FB80047A007B00023D
:10A7F00096DBEE240FF50AE43FF50B780A22EE1201
:10A80000AE6C3FF5832212B510F9EE2402FCE43F52
:10A81000FDEE2419FAE43FFB2274F112103B890A81
:10A820008A088B098A828B8312BD431232298B0DD1
:10A83000EA450D600579B802A8C1123247E9F890DF
:10A8400049C9E493F9E8C399400479B280737A1551
:10A850007B001227CD8A0C8B0DAE0CAF0DEE4F7026
:10A86000047910805C8E828F83E4F0A312C926A342
:10A87000E50A12CB411217127C127D00EE2403FA76
:10A88000E43FFB12270D74031216F390199712BDC3
:10A89000C39019977006EEF0A3EF801FE0FAA3E0D3
:10A8A0008003E8FAE9FB8A828B8312BDC370F3EE62
:10A8B000F8EFF98A828B83E8F0A3E9F01232597934
:10A8C0000002BF31C082C08390199780048C828DB2
:10A8D0008312A0DCEC4D60288C828D83A3A3E069F9
:10A8E000600574FF6970E68C828D83A3A3A3E06A80
:10A8F0007003A3E06B70D6EC2403FAE43DFB800404
:10A900007A007B0002C33A74F712103BE9FD74FE33
:10A910006D70047C0180027C0090199780096D7035
:10A92000027C018882898312BDC3601F888289836B
:10A93000A3A3A3E06A7003A3E06B70E7ECA2E08836
:10A94000828983A3A3E050D6F9800279FE02B10D7B
:10A9500074F612103BE9FF7E00901997E0FCA3E02B
:10A96000802D8C828D83A3A3E06F701E8C828D83DB
:10A97000A312A99925E0F8E433F9EA28F582EB3926
:10A98000F583E508F0A3E509F00E12BC4BFCE9FDE8
:10A99000EC4D70CEEEF902AF0CA3A312BC43EE2235
:10A9A00074F712103BE9FE90199712AA057C007DFE
:10A9B00000800BE8FCE9FD8882898312AA05E8493A
:10A9C000603D88828983A3A3E06E70E788828983D3
:10A9D000A3A3A3E06A7003A3E06B70D7EC4D888259
:10A9E0008983700812BD43901997800312B1021237
:10A9F000C49FFAE9FB1227D31232597901800279F8
:10AA00000002B10DA312AA092212CCAA2274F512D7
:10AA1000103B890A90199712BD437508007509000B
:10AA2000801512B7C4E8F0A3E912B5A8FEA3E0FFB1
:10AA30001227D3EEFAEFFBEA4B602B8A828B83A3BB
:10AA4000A3E0650A7012E50845098A828B8370D2FB
:10AA500012AA0590199780CD8A088B098A828B8368
:10AA6000E0FAA3E080D012325980031216F37F037C
:10AA70000213A812BD4DEA4B22C082C08379009018
:10AA8000199780010912BD438A828B83E582458331
:10AA900070F202C33A74F612103BE4F508F5097837
:10AAA000081217169049C9E49375F013A4A9F0127F
:10AAB000ABD712285174021216F3E9FE600312326A
:10AAC0005302A99474F612103B74FE1217DB85181A
:10AAD00082851983E4F0A3F0A818A91988088909C8
:10AAE00078081217167508027509007808121716EB
:10AAF0007C007D007A427B0012285D74041216F3FC
:10AB000002AF0774F512103B74EB1217DB85188245
:10AB1000851983E4F0A3F0901997E0FEA3E0807E0E
:10AB20008E828F83A3A3E0C0E07402121A88D0E063
:10AB300012BF26A982AA8389088A09750A007808A3
:10AB40001217127C127D007406121A88AA82AB8337
:10AB500012270D74031216F374021217AB880889BA
:10AB60000978081217167508137509007808121766
:10AB7000167404121A8812BC4F75F013A4F8AAF0C8
:10AB800075F013E912ABD312285D74041216F38525
:10AB9000188285198312ABE212CC9FE8FEE9FFEE22
:10ABA0004F600302AB20A818A91988088909780802
:10ABB00012171675080275090078081217167C001E
:10ABC0007D007A427B0012285D74041216F374151E
:10ABD00002AA6BA42AF9E82402FCE439FD7A427B3C
:10ABE0000022E02401F0A3E034002274F412103BB0
:10ABF00074EB1217DB7E007F00A818A9198808895A
:10AC00000978081217167508028E097808121716A7
:10AC10007C007D007A427B0012286374041216F3D4
:10AC2000E9706E8E08805874021217AB880A890B7F
:10AC3000780A121716750A13750B00780A12171680
:10AC4000E50875F013A4F8AAF075F013E50912AB46
:10AC5000D312286374041216F3E9701B7403121ADA
:10AC600088AA82AB837402121A88E0F9123223E9AF
:10AC700070050EEE70010F0508E5087002050985E4
:10AC8000188285198312AA05C3E50898E509994039
:10AC900096EEFAEFFB74150296D874F612103B8C00
:10ACA000828D83A3A312AEC8F0EA2417F582E43B99
:10ACB000F583E0C0E012AE98D0E0F012AE7812AAB0
:10ACC0000512AE8212AEC8A3F0A3F0EA241FF582EB
:10ACD000E43BF58312A0F3EC12B5463DF583EEF0AC
:10ACE000A3EFF0EA12C3663BF58312AEA9A3A3A3B8
:10ACF000A3A3A3EEF0A3EF12C04CFE8C828D8312AF
:10AD0000AEF274035EFEC39403400302AE5FEE60D6
:10AD10000574026E70798C828D83E0540CFE740C85
:10AD20006E700302ADCCE0A2E4400D88828983E01E
:10AD30008C828D83A312AEFA74086E600302ADCCD0
:10AD400012AE8A7401F08A828B83A3A3A3A3A312F9
:10AD5000BF2070148C828D83E0440C12AED2A3A36A
:10AD600012AEA9EEF0A3EFF08C828D83E0A2E44056
:10AD70001E12AEB712AEE350010912AEB7A3A31272
:10AD8000AEE35001098882898312AEA012AEF28828
:10AD9000828983E0C0E0EC12AE723DF583D0E01210
:10ADA000AEF28C828D83E0A2E7507888828983E0BE
:10ADB000FE8C828D8312AEFA74FC5E700C8C828DD8
:10ADC00083A3E054036403701B02AE5F12AE8AE4F7
:10ADD000F0740C6E600302AD4612AEB712AEE550D1
:10ADE000870980848C828D83A3E054036038888235
:10ADF0008983E0C0E0EC12AE6C3DF583D0E012AE8A
:10AE0000FB8C828D83E054036402701A88828983EC
:10AE1000E0C0E0EC2414F582E43DF583D0E012AE0E
:10AE2000FB8003A3E4F0EC12A6E63D12C50BEC2474
:10AE300010FEE43DFF12AE78E0F5088E828F83E0CD
:10AE4000C3982508F508F0EA241712C4BBC3950877
:10AE5000C0E012AE82D0E012C04CC39508500A1276
:10AE6000AE82E4F012AE98E4F002AF0C2413F58247
:10AE7000E4222411F582E422EA241DF582E43BF564
:10AE80008322EC12C3663DF58322EC12AE923DF5AF
:10AE90008322240CF582E422EC12A6F63DF58322EF
:10AEA000E08C828D83A3A3A322E0FEA3E0FF8C822B
:10AEB0008D83A3A3A3A32288828983E0F508A3E05E
:10AEC000FFE5088C828D8322E4F08C828D83A3A31E
:10AED000A32212AEDAA3A3A3A322F08A828B83A3B8
:10AEE000A3A322A3A3A3A3A3A3F0A3EFF0E82402A8
:10AEF000F82212AF02A882A98322A312AF0208A9E6
:10AF0000832212C1D5A32274021216F37F02021308
:10AF1000A874F412103B74F31217DB8A0A8B0BEC43
:10AF2000FEEDFF8E828F83E0540CF508E0A2E7501F
:10AF300006E508D2E7F508E508D2E1F50812BF20DA
:10AF40007006E508D2E4F508E0A2E55006E508D26F
:10AF5000E5F5087C087D007900AA18AB19122719BD
:10AF60007402121A88E50812B03EC0E07403121A87
:10AF700088D0E012B59CE50AF0A3E50BF074051249
:10AF80001A8812C546123313740C121A88E07078AE
:10AF90007408121A8812BD5B12C4783812C931C005
:10AFA000E07408121A8812B032D0E012C7FBC0E079
:10AFB0007408121A8812B026D0E0F07408121A88A9
:10AFC00012C53E12B01512B5D112B583241112B8B4
:10AFD00059C0E012B00DD0E0F0EE241412B859C000
:10AFE000E07408121A8812BD5B2435F582E438F546
:10AFF00083D0E012B573C0E07408121A8812B5301D
:10B00000D0E012C548123319740D0296D8E812B474
:10B01000DA39F5832212BD47E8242AF582E439F5AE
:10B0200083EAF0A3EB2212C7F12427F582E438F576
:10B03000832212C7F12426F582E438F5832212C94F
:10B0400026E02274F712103B7E008A828B83A3A332
:10B05000A3A3A3A3A3A3A3E06404600302B0EF121D
:10B06000BDDCE0600302B0EF12B0F33B12BDC16083
:10B070007E88828983E054037075E8240C12C1F045
:10B08000FA8C828D83A3A3E0FBA3E0CB12AE723BCC
:10B09000F583E06A705988828983A3A3A3A3A312CE
:10B0A000B0FEE06A7003A3E06B704488828983126B
:10B0B000B0FEA3A312C205240612B8596A7003A3F6
:10B0C000E06B702B88828983A3A3E0F88C828D8348
:10B0D000A3A3E0F9A3E0F5838982A3A3E068600D50
:10B0E0008C828D8312BA06540C640470027E01EEC9
:10B0F000F9801AEA12B0F822240FF582E422A3A301
:10B10000A3A312BD4D8C828D83221216F37F010200
:10B1100013A874F612103B74FC1217DBEAFEEBFF67
:10B12000ECFAEDFB8A828B83A3E05403601690193E
:10B130008912BDC360597900EEFCEFFD12D7C2122F
:10B140003A9E804B851882851983EEF0A3EFF07448
:10B1500002121A8812B5E7AC18AD197A717B321257
:10B16000346F8A088B09A808A909E84960218882F8
:10B170008983A3A3A3A3A3A3A3A3A37406F07A0024
:10B180008882898312BD5B12C787E0F91233D974B4
:10B190000402AF0974F212103B74F31217DBEAFEDB
:10B1A000EBFF8E828F83A3A3A3A3A3A3A3A3A3A335
:10B1B000E0F50A901DACE0700579BA02B4D57508C7
:10B1C00001750900750C00750D007C087D00790083
:10B1D000AA18AB191227197405121A88740112B52E
:10B1E000AF540460127402121A88E0D2E612B5AFAE
:10B1F00054087003750803E0541060067440450855
:10B20000F508E0540860227402121A88E044C01263
:10B21000B5AF5420600A7403121A88E0D2E08008A7
:10B220007403121A88E0D2E1F0EE241512B8591214
:10B23000B5187003740169700674084508F5088E26
:10B24000828F83A3A3A3A3A3A3A3A3E070161234A6
:10B25000C385188285198312B5E77402121A88E033
:10B26000D2E2802C640F70107402121A8812B5B7E3
:10B2700074044508F508807B8E828F83A3A3A3A363
:10B28000A3A3A3A3E064028E828F83700612949B13
:10B29000F08060A3A3A3A3A3A3A3A3E06403700D02
:10B2A000AC18AD19EEFAEFFB1232AD80468E828FEC
:10B2B00083A3A3A3A3A3A3A3A3E064017035901A5F
:10B2C00013E060107402121A8812B5B77509107570
:10B2D0000AFF80187402121A88E0440C12B59C749C
:10B2E000FDF0A374FFF074044508F5088E828F8387
:10B2F00012B524EE241512B859A2E0503F74021280
:10B300001A88E0540C701B8E828F8312BD43122E5C
:10B31000B7E9700579BB02B4D57402121A88E0D27D
:10B32000E5F0EE241512B859A2E050107402121A7A
:10B3300088E0540C64047004E0D2E5F0EE241112AD
:10B34000B859C0E07404121A88D0E012C54812330C
:10B3500013740C121A88E0600302B4CE7408121A37
:10B360008812B54CE508F0A3E509F0EE241812B8F0
:10B3700059C0E012B4FCD0E012B55DE0C0E0740842
:10B38000121A8812BD5B12AE6C38F583D0E012B58C
:10B39000D164017011901A13E0C0E07408121A8889
:10B3A00012B53CD0E0F07408121A8812B558241770
:10B3B000129FFAE812B4F3EA12B597EE2415FAE4F4
:10B3C0003FFB8A828B8312A0DCE812B4EAECF0A384
:10B3D000ED12B568E0C0E012B4E0D0E012B5A812FA
:10B3E000B518700374016970137408121A8812BDBD
:10B3F000A5FAEE241D12B859F912310F8E828F83EF
:10B40000A3A3A3A3A3A3A3A3A3E0C0E07408121A59
:10B410008812B032D0E0F07408121A8812B026E513
:10B420000AF07408121A8812BC4F2428F582E439F5
:10B43000F583E50CF0A3E50D12B57BFAA3E0FBE87C
:10B44000242A12B58A240F12B85912B58324171270
:10B45000B859C0E0E82433F582E439F583D0E0F050
:10B4600012B506C0E07408121A8812B530D0E0F0A8
:10B47000EE241A12B859C0E07408121A8812BD5B83
:10B4800012B4DA38F583D0E012B573128DC81217F2
:10B490001212CB0612A0DC740B121A8812C8CEFA54
:10B4A000A3E0FB12270D74031216F3EE241512B855
:10B4B00059544060129019A312BDC3600AAA18AB78
:10B4C0001912D7C2123A9EAA18AB19123319740C6A
:10B4D000121A88E0F9740D028E2B2432F582E422D0
:10B4E000E82420F582E439F58322241EF582E4392C
:10B4F000F58322241CF582E439F58322E82412F531
:10B5000082E439F58322EE241B12B51022EE240FBB
:10B51000F582E43FF583E0225480F8A3E05401F97A
:10B520007480682212B52822E0F50CA3E0F50D2204
:10B5300012C7F12434F582E438F5832212C7F112E0
:10B54000B54638F583222415F582E42212BC531245
:10B55000B0F839F58322F58312AA09EE22F0EE2421
:10B5600019F582E43FF58322F0EE241CF582E43FD6
:10B57000F58322F0EE241312B51022F0EE240D1202
:10B58000B51022FAA3E0FBE8242CF582E439F58318
:10B59000EAF0A3EBF0EE22F0A3E4F02212B5A02231
:10B5A000F085188285198322F08A828B83E022F04D
:10B5B000EE241512B51022E0D2E312CCA312B5C1CD
:10B5C00022851882851983E8F0A3E9F022E8F0A328
:10B5D000E912C7DBE022C082C0839019A312B5E74D
:10B5E00002C33A8E828F83EAF0A3EBF02274F71243
:10B5F000103B7E638A828B83E0600C79051233A353
:10B60000E9F87456C398FE9019BBE0600CF9123348
:10B61000A3E9F8EEC39824F2FE02B0EF74F612101C
:10B620003B74FE1217DB85188285198312B5E7E992
:10B63000FEECFAEDFB90037412BDC36035A818A9A7
:10B64000198808890978081217167D01740E121AD4
:10B6500088E0FCEEF990037412C7A3123A9E7402BC
:10B660001216F38B09EA450960047900800679B265
:10B67000800279B602AF0774F712103BE9FE901909
:10B680007F12BDC3601F7409121A88E0F50878089C
:10B6900012171AEEF990197F12C7A3123A9E74017D
:10B6A0001216F3800279B602B10D74F712103B89BD
:10B6B00008ECFEEDFF79B5E508245E601F14600616
:10B6C00024F86033803C90037612AA7360349003B0
:10B6D0007612C7A3123A9E12B5E380249019811204
:10B6E000A0DCEC4D601CEEFCEFFD90198112C7A3AD
:10B6F000123A9EE9F9800B90197D12C8E212296B6B
:10B70000790002B10D74F712103BE9FE79B574AB04
:10B710006E700B90197D12BD4312296B790002B136
:10B720000D74F212103B8A088B09ECFEEDFF750ACE
:10B73000019019C3E065087004A3E0650970141254
:10B7400034BD8A088B09AC08AD09EEFAEFFB12296B
:10B750006B802A1234C98A0C8B0DE508650C7004C5
:10B76000E509650D7009EEFAEFFB1234CF800EEE9D
:10B77000FCEFFDAA08AB09123001E9F50AA90A029B
:10B780008E2E74F212103BEAFEEBFF8C088D0975C9
:10B790000A011234BD8A0C8B0DAC0CAD0DEEFAEF24
:10B7A000FB122965E96401700B9019C312B7C4122A
:10B7B000C50D800EAC08AD09EEFAEFFB123007E9BB
:10B7C000F50A80B912B7C82212CCAA850882850969
:10B7D000832274F612103BEAFEEBFF7A0D7B001217
:10B7E00027CDEA4B6065EE242412CCCAF0EE242566
:10B7F00012CCCAA312B87212CCD0A3A312CB3612A9
:10B80000B85DF0EE242A12B86612B93B242C12B8A7
:10B810006612B939242EF582E43FF58312B85DA390
:10B82000A3A3A3A3F0EE243312B859C0E012B84E7C
:10B83000D0E012C93512B869A3A3A312B9392432D2
:10B8400012B859C0E012BDDCD0E0F002AF0CEA1231
:10B85000C8BE3BF58322EE240C12B51022E08A828A
:10B860008B83A3A3A32212B510F8A3E0F98A828BDD
:10B870008322F012B87722EE2426F582E43FF58386
:10B880002274F412103B74FE1217DBECFEEDFFEE97
:10B89000241612B85964057010EE2406FCE43FFD2E
:10B8A0001232A7E9700302B92EAC18AD1912CC0000
:10B8B000122EBD85188285198312BDC3606C8E82DD
:10B8C0008F83E064017059E875F009A4F8AAF07557
:10B8D000F009E9A42AF9740428F8740739F9E8FA98
:10B8E000E9FB8A828B837808121A19EE12B9331297
:10B8F00019AD402885188285198312B55812B9FBF5
:10B9000012B93F12B933121A19908A127808121814
:10B91000BE8A828B837808121A0A800A79A2801064
:10B92000EE240F12C5077900800679A1800279C83C
:10B930000296D612CD9B780822A3A3A3A3A3A31299
:10B94000B5C7EE2274F012103B8A088B09ECFEEDAD
:10B95000FF12B9FAE4F0A3F09089CA780C121A1910
:10B9600012CD96780C121831700302B9F2EE240E43
:10B9700012B8596401703678B39019BAE0702A9001
:10B9800019ECE064017022EE241112B859F9123357
:10B990008B8A088B09A808A909EE240F12C507E8AD
:10B9A0004960047800800278A1880A8048E0701716
:10B9B0001232B9E9F50A603D8E828F83A3A312BAD1
:10B9C000065403700E802E640270151232B9E9F528
:10B9D0000A6022EEFCEFFDAA08AB09122EE18008F6
:10B9E000E0640370081232B9E9F50A8008750AA10B
:10B9F0008003750AA3A90A02A242EE12B0F83FF52D
:10BA000083228A828B83A3A312C5742274F012103E
:10BA10003B74F51217DBEAFEEBFFEE240AF508E4AF
:10BA20003F850882F58312BC3F12BC1374031217C2
:10BA3000BB8E828F8312BD431232A7E9700302BA14
:10BA4000FB74011217BB74031217B3122EBD7401DD
:10BA5000121A8812BDC3700302BAFBE875F009A47C
:10BA6000F8AAF075F009E9A42AF9740028F8740717
:10BA700039F9E8FCE9FD12CFC4E4F004121A881287
:10BA8000AA05E50812B0F4350912C50B8C828D8326
:10BA9000121A7112BC1F121A59908A127808121ABF
:10BAA000198C828D8378081219438C828D837808D3
:10BAB000121A19908A16780C121A197808790C1231
:10BAC0000FCCE50C450D450E450F702F7401121A71
:10BAD0008812BC4F75F009A4F8AAF075F009E9A422
:10BAE0002AF9740828F582740739F5837401F07A0D
:10BAF000007B08901861E0F912276D12BC27E02442
:10BB000006FCA3E03400FD8E828F8312BD43123207
:10BB1000A785088285098312BDB8705212BD7912BB
:10BB20002965E9701D1234BD8A088B09AC08AD097E
:10BB300090197D12BD43122965E9700612332BE975
:10BB4000602C8E828F8312A0D28E828F8312BD438F
:10BB5000122EE7E960138E828F83A3A312BD5312C6
:10BB6000B0F438F583E4F0A3F012C02FE4F012BD76
:10BB7000AA600302BC068E828F83A3A3A3A3A3A300
:10BB800012BC3B9019BAE070729019ECE06401703D
:10BB90006A750A3A750B00780A12171674021217A2
:10BBA000AB880A890B780A1217167C017D007A008F
:10BBB0007B001235E974041216F3E9703B12CFC40E
:10BBC000740112B59CE0C0E0E508241112D020D029
:10BBD000E0F012BC0B743A12B5979019A5121A71C5
:10BBE00012BC1F121A59908A127808121A19901949
:10BBF000A57808121943800312BC1312BDAA70065F
:10BC000012C36C74A1F0740B02A23FE508240F125A
:10BC1000A44522E508240F12A445E4F0A3F022E590
:10BC200008241212A44522EE240A12BC328882F59E
:10BC30008322F8E43FF98808890922A3A3A3A31269
:10BC4000BC4322E0F508A3E0F509228C828D831223
:10BC5000BC532212CCAAE82274F612103BEAFEEB87
:10BC6000FFEE240A12BC327A187B001227CD850819
:10BC700082850983EAF0A3EB12BDD7E8497003027D
:10BC8000BD19EEFAEFFB1232C512BDAA607412BDE7
:10BC90009764018E828F83A3A3A3A3A3A37007122B
:10BCA000BD69740E802012BDC3700F12BD791229B8
:10BCB00065E9700612332BE9600712BD5F740D80D1
:10BCC0000512BD5F740512C9355403640170071273
:10BCD000BD207405800B9019BBE0C0E012BD20D0E0
:10BCE000E012BDC8F5838882A3E0F91233A385086A
:10BCF0008285098312BD5B2417F582E438F583E958
:10BD0000801A85088285098312BD431227D38508CE
:10BD100082850983E4F0A3800312C78EF002AF0C82
:10BD20008E828F83A3A3A3A3A3A3A3A312BD3022B8
:10BD3000A3A312C579A3228E828F83A3A3A3A3A357
:10BD4000A3A3A312BD4D22A3A3A3A3A3A3E0FAA37D
:10BD5000E0FB22A3A3A3A3A3A3A3A312C7F1228E54
:10BD6000828F83A3A3A3A3A3A3A3A3A3A312C7F117
:10BD70002416F582E438F5832290197D12A0E08E16
:10BD8000828F83A3A3A3A3A3A3A3A3A3A3E02406B7
:10BD9000FAA3E03400FB228E828F83A3A3A3A3A384
:10BDA000A3A3A3A3A312C041E0228E828F83A3A3E7
:10BDB000A3A3A3A3A3A3A3A312C7F1240FF582E413
:10BDC00038F58312BC53492212BDCC2212BDD022B9
:10BDD00012CDA8F8A3E02212BDCCF922EA12AE924D
:10BDE0003BF5832274F112103B8A0A8B0B8C088D71
:10BDF000097A187B001227CD8A0C8B0DAE0CAF0D83
:10BE0000EE4F700302BF191234C38A0C8B0DA80CBD
:10BE1000A90DE508241512CD91687003A3E0698E81
:10BE2000828F837004740280027401F0E508240D8F
:10BE3000F8E43509F988828983E0FAC3E49AFA952F
:10BE4000E0FBE50812A6E6350912A741FB8E828FBA
:10BE500083A3A3A3A312C4878E828F83A3A3F0EE30
:10BE6000FAEFFB12335585088285098312BF2070D3
:10BE7000098E828F83A3740580069019BB12A215C8
:10BE8000F0EE2417F8E43FF9880C890D8E828F8339
:10BE9000A3E0F91233A3E9850C82850D83F0EE242B
:10BEA00016F8E43FF9E508240EFAE43509FB888228
:10BEB000898312C7BCE5082410FAE43509FB850C18
:10BEC00082850D83E0FC88828983E0F88A828B83F7
:10BED000E0C398C39CF812BF26F0EEFCEFFDAA0A5F
:10BEE000AB0B1232BFE9F5088E828F83E0640270DB
:10BEF000111234BD8A0A8B0BAC0AAD0B12CC0012A6
:10BF0000296BE508700AEEFAEFFB123361E9F508D8
:10BF1000EEFAEFFB1227D38003750810A9088011F1
:10BF2000E0540364012212BF2A2212C92BA3A3A347
:10BF3000227F070213A879010216DB74F412103B6A
:10BF4000EAFEEBFF8E828F8312BD532424F582E438
:10BF500038F58312BF20702A12BD97702512C01CBD
:10BF6000E06405701D12C01CA3E0F8740168600550
:10BF7000740668700712C02F7402800512C02F74F7
:10BF800003F012BC2712C7A3E4F0EE2408F8E43F44
:10BF900012BFFB2431F582E43AF583E0C0E012C021
:10BFA00006D0E012C04CFAA3E0CA242EF582E43A8F
:10BFB000F583E0C0E012C006A3D0E012C050C81262
:10BFC000C8BA38F58312B7C412C01612C50D1234A0
:10BFD000BD8A0A8B0BAC0AAD0B850882850983E00C
:10BFE000240612C48012296B85088285098312BD3C
:10BFF0004312336112C860F00296DBF988828983AC
:10C00000E0FAA3E0CA2285088285098312C01022C3
:10C0100012C77EA3A32212C010A3A3228E828F83F5
:10C02000A3A3A3A3A3A3A3A312C8D212C37A228E4D
:10C03000828F83A3A3A3A3A3A3A3A3A3A312C041FB
:10C040002212C7F6C812A6EA38F5832212C4932238
:10C0500012C493F8A3E02202BF36C082C0839019B5
:10C060009974CBF0A37432F090199B74D7F0A37439
:10C0700032F090199D74DDF0A37432F090199F7422
:10C08000D1F0A37432F002C33A74F412103BEA24E4
:10C0900008FCE43BFD12BC4B242412C1F0FE7403E7
:10C0A0005EF50912C8B93912B55688828983F0A3A2
:10C0B000A882A983E509600974026509600302C1C9
:10C0C00055740C5EF50860177408650860117404F7
:10C0D00065087013740265097005EEA2E4402C1225
:10C0E000C20B242712C250740C6508701812C1FDCF
:10C0F000242812C235FCA3E0CC2428F582E43CF5C8
:10C1000083A312C256740265097005EEA2E440458D
:10C1100012C1FD242A12C235FFA3E0CF12C1DBA356
:10C1200012C25612C201242C12C265242CF582E4DC
:10C130003CF583A312C256E50860127408650860D6
:10C140000C740C6508600674046508700812C20B54
:10C15000242612C25012C20B12C1E47015EEA2E1E5
:10C16000401012C20B241EF582E43CF583E054809B
:10C17000600812C21D12C1F8801A901973E0C0E065
:10C1800012C21DD0E0F090197312C1F8901973E03B
:10C190000412C1D5A3A882A983EEA2E7503412C12C
:10C1A000FD242512C26512C1E4602712C20B24349B
:10C1B00012C250EEA2E1501A8A828B83A3A3A3A3DA
:10C1C000A3A3A3A312C0002435F582E43AF5831299
:10C1D000C1F80296DBF08882898322242AF582E462
:10C1E0003FF583222425F582E43CF583E0540322C5
:10C1F000F582E439F583E02212C24AF022EA2408EB
:10C20000FC8C828D83E0FFA3E0CF228A828B83A304
:10C21000A3A3A3A3A3A3A3E0FCA3E0CC228A828BC5
:10C2200083A3A3A3A3A3A3A3A3E0FCA3E0CC12B482
:10C23000DA3CF58322F582E43FF58312C24AF0A38B
:10C24000A882A9838C828D83E022E0888289832260
:10C25000F582E43CF58312C25A22E088828983F099
:10C26000A308A98322F582E43FF58312C25A8C8287
:10C270008D83E0FCA3E0CC22C082C0838A828B83C2
:10C2800012C7B6FC74035CF98A828B83A3A3740182
:10C29000F0E960057402697061740C5CF8601474F4
:10C2A0000868600F74046870137402697005ECA26A
:10C2B000E4401D8A828B83A3A37402F0740C68701F
:10C2C0000A8A828B83A3A3E02402F07402697005BA
:10C2D000ECA2E440258A828B83A3A3E02404F0E847
:10C2E000600F740868600A740C68600574046870F4
:10C2F000098A828B83A3A3E004F0ECA2E7502D8A85
:10C30000828B83A3A3E00412B5A812D7C0A3A3A372
:10C31000E0540360178A828B83A3A3E004F0ECA2AD
:10C32000E150098A828B83A3A3E004F08A828B8385
:10C33000A3A3E004F080031216F3D083D082021688
:10C34000DBC082C0838A828B83A3A3A3A3A3A3A3FE
:10C35000A3A3A312BDC3600C8A828B83A3A312BDC7
:10C360003B1227D380D4240DF582E42212C370221D
:10C37000EE240CF582E43FF58322F8A3E0F58388F0
:10C38000822274F612103B74F41217DB12C4A6FC5E
:10C39000A3E0F5838C82A3E0FC7402121A88EC12ED
:10C3A000C04C12C4F87404121A8812C9206C70129E
:10C3B00012C4B812C47E7406121A8812C487241AD2
:10C3C000803A7402121A88E064016005E064067025
:10C3D0003CEA2402F8E43B12BFFB12C4783AF5832E
:10C3E000E0C0E07403121A88D0E012C04C2413128B
:10C3F000C4807406121A8812C487241BF8A3E03480
:10C4000000F97408121A88E8F0A3E980297406126A
:10C410001A88E4F0A312C4B312C47E7408121A88F6
:10C4200012C498C8241AF582E438F583E0C0E07499
:10C430000A121A88D0E0F07406121A8812BDC3607E
:10C440002B7406121A8812BD43122FF5E96401708D
:10C450001B1234BD8A088B09AC08AD097406121A88
:10C460008812BD43122965E964017007AA18AB1947
:10C47000123343740C02AF092412F582E422241211
:10C48000FAA3E03400FB2212C48B22EAF0A3EB12E1
:10C49000C4932212C1D5E02212C48BF8A3E022EA91
:10C4A000F0A3EBF0E8228A828B83A3A3A3A3A3A328
:10C4B00012949FF012C4B822EA2402F8E43BF988EF
:10C4C000828983E02212C4C92212C4CD2212C7F687
:10C4D000F985188285198322C082C08374FD1217E2
:10C4E000DB12C511C0E07402121A88D0E012C548F0
:10C4F000123349740302C3372402F8A3E03400F96D
:10C500002212AA09EE240BF582E43FF58312B5C787
:10C51000228A828B83A3A3A3A3A3A312AA0912B581
:10C52000C18A828B8312BD30E0222424F582E43F4D
:10C53000F58322F582E43BF583E0FC7D002212AA1C
:10C54000098E828F83227401F0AA18AB1922C0824F
:10C55000C08312C568600624FC600780081232FBA5
:10C56000800312330102C33A8A828B8312C572247C
:10C57000FB22A3A312C579E02212C7F6F5838882B5
:10C5800022C082C083901D59E07025901951E0703F
:10C590001F8A828B83A3A3A3A3A3E0701312C5DB1E
:10C5A00060368A828B83A3A312D7C1E06407602818
:10C5B0008A828B83A3A3A3A3A3A3A3A3E0701012D7
:10C5C000BA02640560097A347B01122D5580099006
:10C5D00019A112C7A3123A9E02C33A8A828B831210
:10C5E000C57264062274F412103B74FA1217DBEA67
:10C5F000FEEBFF851882851983EEF0A3EF12C7EAE0
:10C60000240812C7E1240A12C7E112C787E412C541
:10C61000481232EF12C7B0F5081234C38A0A8B0BE6
:10C62000A80AA90B85188285198312C77EE0687055
:10C6300003A3E069602EE508A2E5502885188285ED
:10C640001983A3E0FB90199912C7A3123A9E85188B
:10C650008285198312BD5B240A12BDBD700612C704
:10C66000B0C2E5F012B856600302C7737403121A21
:10C67000887436F07402121A8812CFA4C0E07404D1
:10C68000121A88D0E012BF26A3A3E0C0E0740512FE
:10C690001A88D0E012C7D4F8A3E0F9E8496017E897
:10C6A000241712C1F0FAE8241612C1F02AF8740413
:10C6B000121A88E028F074031217B31230558A0852
:10C6C0008B09A808A909E849700302C7688E828F00
:10C6D0008312C7A8A3A312C49F12C4783912C93108
:10C6E000C0E0E82424F582E439F583D0E012C7FBEA
:10C6F000C0E0E82425F582E439F583D0E012C800D3
:10C70000C0E0E8242EF582E439F583D0E0F074022D
:10C71000121A88E0FCE812C7942C12C480E812C7F1
:10C720007839F58312C49F2431F582E439F583EC1E
:10C7300012C7D4FAA3E0FBEA4B601BE8242FFAE40B
:10C7400039FB8E828F83A3A312C20F2416F582E4D5
:10C750003CF58312C7BC8E828F83A3A3A3A3A3A39C
:10C76000A3A3E8F0A3E9800AEEFAEFFB1232F51278
:10C77000C78EF074060296D8242FF582E422E0FAE0
:10C78000A3E0F5838A822212AE9238F5832212C387
:10C790007074102212C8BE39F583E022EEFAEFFB66
:10C7A00090199BE012C37A2212BD4D8882898322A0
:10C7B00085188285198312BD32A3E022E0FC8A82AB
:10C7C0008B83E02CFCA3E03400FD8A828B83ECF0A9
:10C7D000A3EDF02212C7DBA3A3E022129B7AA3A34E
:10C7E00022F582E438F583E4F0A312B5A012C7F174
:10C7F0002212C7F6C822E0F8A3E02212BF2AE022E4
:10C8000012BF2AA3E02274F612103BEAFEEBFF12DD
:10C81000B85670421232E98E828F83A3A3A3A3A3DA
:10C82000A3A3A3A3A312BDC3600612C79C123A9E82
:10C8300012B856700B12BD3712304F12C8608015F7
:10C84000EE240812BC2A12BD431227D38508828524
:10C850000983E4F0A3F0EEFAEFFB1232F502AF0C1D
:10C8600012C370E92274F412103B8A088B09ECFEA3
:10C87000EDFF12C8B1C082C0831234C38A0A8B0B89
:10C88000D083D082E0650A7004A3E0650B600EAA35
:10C8900008AB09122EB7E9700479018011EEFCEFA4
:10C8A000FDAA08AB0990199F12C7A3123A9E0296DF
:10C8B000DBEE12B5463FF58322E812C8BE22240BF8
:10C8C000F582E4227D00EE2402FAE43FFB2212C846
:10C8D000D22212C8D62212C7F6C812C77838F583FA
:10C8E000E02212A0E0EEFAEFFB2212D791A312C8C9
:10C8F000F222E08E828F83A32212C902A3A3A3A3F4
:10C90000A322E0850882850983A3A32212AF02E057
:10C910002212C91522129B7AE022129B76A3E022F2
:10C9200012B5C774042212C92BA322F08E828F8302
:10C9300022F583740112C926A3E022C082C08312AB
:10C9400032E39019A17407F0A37433F002C33AC024
:10C9500082C0837C0879FF90197D12BD431227A302
:10C9600002C33A74F712103BE9FE12B0F33B12BD5A
:10C97000C1601A88828983A3E054037010EEFB1211
:10C98000C8B939F58312C9B7E0F9123A2D02B10DD1
:10C99000C082C083EAF8EBF988828983A3A3A3A3AA
:10C9A000A3E0FB88828983A3A3A3A312C9B7A3E052
:10C9B000F9123A2D02C33AE0FA88828983A3A322AE
:10C9C00074F012103B8A088B098C0A8D0B890FEAD0
:10C9D00012CB0EE02430FA7B0012272B8A0C8B0D31
:10C9E000AE0CAF0DEE4F700302CB038E828F8374BB
:10C9F0000112CB411217127C177D00EE2419FAE4C4
:10CA00003FFB12270D74031216F3850A0C850B0DDC
:10CA1000780C1217127C0912C8C412270D74031265
:10CA200016F37410121A8812C5017412121A8812A1
:10CA3000CB28C0E012B9FAD0E012CB31C0E012CB63
:10CA400006D0E012C90CC0E012A706D0E0F07414C2
:10CA5000121A88E0C0E012CD96D0E012CB36E4F096
:10CA6000A3F07415121A88121A7112A7FE121A591D
:10CA700012CB14E50F12CB58F8A3E0F9EE240D12F7
:10CA8000C5077419121A88E0C0E012CB1ED0E0125C
:10CA9000CFD4E0603BEE242712A20B2430F8E43F11
:10CAA000F98A828B83E8F0A3E912CB4EF50CA3E060
:10CAB000F50D780C121712E50812A6F2350912C509
:10CAC000378A828B8312BD4312270D74031216F32B
:10CAD000EE241A12B8595403601D90198B12BDC36D
:10CAE000600CEEFAEFFB12D7C2123A9E8015EEFAF6
:10CAF000EFFB122731800CEEFAEFFB901972E0F990
:10CB000012273702A242EE12AE723FF583222410A2
:10CB100012A44522EE2417F582E43FF58322EE2489
:10CB200018F582E43FF5832212AA0988828983E0FE
:10CB300022129AEBE022F0EE2427F582E43FF583FF
:10CB400022F085080C85090D750E00780C22F0E5A1
:10CB500008240E12A445E02212CC17A3A3A3A3A37A
:10CB6000A3A3E02274F112103B8A088B097A207B80
:10CB70000012272B8A0A8B0BAE0AAF0BEE4F6073A5
:10CB80008E828F83740412CC598E828F83A3A3A3C9
:10CB9000A312CC128E828F8312CC21F50CA3E0F568
:10CBA0000D750E00780C1217127C107D0012CC004F
:10CBB00012270D74031216F385088285098312A0CB
:10CBC000D4EE2416FAE43FFB122FEF850882850984
:10CBD00083A3A3A3A3A3A3A3A3A3A3E0C0E012CB17
:10CBE000F6D0E012CC30C0E012CC08D0E012CC3647
:10CBF00012273702BF31EE241EF582E43FF583226F
:10CC0000EE2406FAE43FFB22EE241FF582E43FF512
:10CC1000832212CC17E02212CC1B2212D799A3A395
:10CC200022A3A3A3A3A312CC2A2212CC1BA3E022EB
:10CC3000F012A441E022F0EEFAEFFB901861E0F967
:10CC400022E8F0A3E912D795A32212CC4E2212BDFE
:10CC5000D0F98E828F83A3A32212CC4E12CC41E056
:10CC60002274F612103BEAFEEBFF7A057B001227D6
:10CC70002BEA4B60278A828B83740812CC9F8A82AE
:10CC80008B83A3A3E8F0A3E912C9358A828B83A31F
:10CC9000A3A3A3F0901861E0F912273702AF0C129A
:10CCA000CCA32212C92B12CCAA2212C7F6F922C099
:10CCB00082C0839019AB7491F0A37433F09019ADD6
:10CCC0007485F0A37433F002C33AF582E43FF58330
:10CCD000E08A828B832274F512103B12CF8E850876
:10CCE00082F583E054078E828F83A312CDA41313A1
:10CCF00013541F5403C0E012CD85D0E012CDA4C45C
:10CD0000135407F50A7904A3AA82AB8312271FEAFA
:10CD1000F8EBF9ECFAEDFB12CD96121A5912CD7B15
:10CD20007405F0E50AA2E0501AE5082405FCE43594
:10CD300009FD12CC0012296BEE241612B8592408F2
:10CD4000F0800C7C087D00790012CC00122719EECF
:10CD5000240E12B8596401701FEE2416F8E43FF94E
:10CD600088828983E0FAE5082A12CD91C0E012CBCF
:10CD700006D0E012C04C04F002AA6EEE2416F58232
:10CD8000E43FF58322EE12A6EA3FF58322E508246C
:10CD90001112A445E02212CD9A22EE2412F582E46B
:10CDA0003FF5832212CDA822F0850882850983E011
:10CDB0002274F212103B8A088B09EA241612CD91D4
:10CDC000640D7005750A018003750A008A828B83E1
:10CDD000A3A3E0F88A828B83A3A3A3A3E028FEA3E6
:10CDE000E03400FFE50AC43354E0F9EA240E12CD22
:10CDF0009133333354F8F88A828B83A3E048491285
:10CE0000CE4CEA12BC21121530EEFAEFFB12279736
:10CE100074041216F38A0C8B0DAE0CAF0DE50AA24A
:10CE2000E05013E5082406FCE43509FD12296BEEF9
:10CE30002408FE50010FE508240E12CD9164017004
:10CE40000812CD8D8E828F83F0028E2E8E828F837C
:10CE5000F0A3AE82AF832274F412103B74C7121792
:10CE6000DB12CF8E8E828F83E0700512335B8006DB
:10CE7000A312D78348F012CD9612153074301217D2
:10CE8000BB850882850983E0F912CC0012337F74D8
:10CE9000041216F38E828F83A3A3E0C0E074011204
:10CEA0001A88D0E0F0EE241612B859C0E0740212CD
:10CEB0001A88D0E012C7FBC0E07403121A88D0E0D1
:10CEC00012B03EC0E07404121A88D0E0F0740C1264
:10CED00017BB12B9FA12BD43122EF9740C1217AB1C
:10CEE000740A121A8812CFB1EE240E12B8596402D5
:10CEF0007009851882851983E4800DE0640370430E
:10CF00008518828519837402F0741C1217AB880A85
:10CF1000890B780A121716740E1217AB880A890B40
:10CF2000780A1217167C087D0074041217B31233A6
:10CF3000A974041216F3741C1217AB740A121A881F
:10CF400012C50D8E828F83A3A3A3A3121534742E52
:10CF50001217BB74031217B38E828F83E0F912335A
:10CF60009774021216F3E9FE85088285098312D5AB
:10CF7000E6741C1217B31227197C107D0079007417
:10CF80000C1217B3122719EEF974390296D8EAFE7B
:10CF9000EBFF8E828F83A3A312CFA4F508A3E03406
:10CFA00000F50922E0F88E828F83A3A3A3A3E028D3
:10CFB00022E8F0A3E912B5A074FFF0221216F37F65
:10CFC0000A0213A8E508240E12A44522E0F510A3D6
:10CFD000E0F51122F0E508241012A4452274F412A1
:10CFE000103B8A088B097808121716750A11750B01
:10CFF00000780A1217167C007D007A3A7B0012280E
:10D000006374041216F3E970109019A5121A71E5F1
:10D0100008241112D020121A590296DBE508240CBC
:10D0200012A4452274F512103B74EF1217DBE98548
:10D030001882851983F08A088B09750A007808120E
:10D0400017127C107D007404121A88AA82AB831216
:10D05000270D74031216F3A818A9198808890978EE
:10D060000812171675081175090078081217167C32
:10D07000007D007A3B7B0012285D74041216F37C5D
:10D08000117D007900AA18AB19122719741102AA90
:10D090006B74ED12103B74EB1217DB890C7A117B69
:10D0A000001227CD8A088B09EA4509700302D1DEF8
:10D0B0007808121716750A11750B00780A121716E0
:10D0C0007C007D007A3B7B0012286374041216F307
:10D0D000E9600302D1CA850882850983E0650C6096
:10D0E0000302D1CA7A117B001227CD8A0A8B0BEA80
:10D0F000450B700302D1CA780A121716750E117506
:10D100000F00780E1217167C007D007A3A7B001211
:10D11000286374041216F3E9600302D1B67808128A
:10D120001716780E1217167C007D007A3A7B0012D3
:10D13000285D74041216F3780A121716780E121767
:10D14000167C007D007A3B7B0012285D7404121669
:10D15000F39019EC7401F09019A5E4F0A3F0A3F09A
:10D16000A3F0850810850911F51278101217127CAA
:10D17000117D0074031217B312270D74031216F3F6
:10D180009019A5121A717411121A88121A59A81836
:10D19000A919880E890F780E121716750E15750FBE
:10D1A00000780E1217167C007D007A827B00122810
:10D1B0005D74041216F37C117D007900AA0AAB0B92
:10D1C000122719AA0AAB0B1227D37C117D00790014
:10D1D000AA08AB09122719AA08AB091227D374159C
:10D1E0001216F302A6DA74F212103B74FF1217DB68
:10D1F00089088A098B0AECFEEDFFEBC43354E0F892
:10D20000EA33333354F845084812CE4C740F121ADF
:10D2100088121530EEFAEFFB12279774041216F3FA
:10D220008A0C8B0DAE0CAF0DE50A60191234BD8A65
:10D230000C8B0DAC0CAD0DEEFAEFFB12296BEE244E
:10D2400008FE50010F74016509703F750C3A750DA9
:10D2500000780C12171674021217AB880C890D781F
:10D260000C1217167C017D007A007B001235E974E0
:10D27000041216F3E9700D851882851983E08E82F9
:10D280008F8380058E828F83E4F07401028E2B746D
:10D29000F712103B8908ECFEEDFFEAFCEBFDEEFA1D
:10D2A000EFFB12296B7409121A88121530EE24084C
:10D2B000FAE43FFB12279774041216F38A828B83D9
:10D2C000029B6CE9F874020458F97402B9000280F8
:10D2D00004C333D9FC541CF90216DB74F412103B5E
:10D2E00074FE1217DB8908750A3A750B00780A126A
:10D2F000171674031217AB880A890B780A121716CF
:10D300007C017D007A007B001235E974041216F36B
:10D31000E970607401121A88E06508604E750A3B76
:10D32000750B00780A12171674021217AB880A8957
:10D330000B780A1217167C017D007A007B001235EB
:10D34000E974041216F3E9702E851882851983E0BA
:10D350006508701FE0F87401121A88E0C398500F36
:10D36000851882851983E0F91233737E3A80067E30
:10D370003B80027E007F00EEFAEFFB0296D674EB54
:10D3800012103B74D71217DB890D8A0E8B0F8C0C91
:10D390007401121A88740E12B59CECF07402121A01
:10D3A00088EDF09019BBE0C0E07403121A88D0E059
:10D3B000F07404121A887401F0E9600302D48D75C8
:10D3C000083A7509007808121716740D1217AB8801
:10D3D00008890978081217167C117D007A007B00F5
:10D3E0001235E974041216F3E9600302D481740C57
:10D3F000121A88A882A9837409121A8812C50D907E
:10D4000019A57810121A1985100885110985120AB4
:10D4100085130B908A1278081218BE9019A5780807
:10D42000121A0A781012170EA80CE50E28FCE43523
:10D430000FFD7B017A017407121A88E0F912337923
:10D4400074041216F31234BD8A088B09AC08AD09B6
:10D45000741C1217B312296B9019A912ABE2F09049
:10D4600019A912D5F19049BA78081218964003020A
:10D47000D50D7A007B02901861E0F912276D02D574
:10D480000D7409121A88E4F0A3F002D50DEA2CF805
:10D49000E43BF9E8240D12C1F0F912338B8A088BB2
:10D4A00009A808A909743A6849600302D55E75089D
:10D4B0003A7509007808121716740D1217AB880810
:10D4C000890978081217167C117D007A007B0012FA
:10D4D00035E974041216F3E9700302D59674091243
:10D4E0001A88E4F0A3F0A80CE50E28FEE4350FFF3F
:10D4F0007403121A88E0F88E828F83E048F0EE24DD
:10D5000005FCE43FFD741C1217B312296BA80CE54F
:10D510000E28FEE4350FFF8E828F83A3A982AA8393
:10D5200089088A09750A0078081217127C047D00A0
:10D530007427121A88AA82AB8312270D740312165D
:10D54000F38E828F83E0C0E07428121A88D0E0F056
:10D550007409121A8812BDC3705179A1807E743B80
:10D560006849600302D4DD75083B7509007808122C
:10D570001716740D1217AB88088909780812171648
:10D580007C117D007A007B001235E974041216F3D9
:10D59000E9600302D4DD740C121A88A882A983748E
:10D5A00009121A88E8F0A3E902D4E5780E121716DA
:10D5B000741E1217BB74021217B3A90D123397749D
:10D5C000021216F3E9FEA80C12DBA412D5E6740CC5
:10D5D000121A88AA82AB83122719EEF9742912163F
:10D5E000F37F0D0213A8E054F8F07C107D00790061
:10D5F0002212BC43E4F50AF50B2274EA12103B74C4
:10D60000F01217DB89138A088B09ECFEEDFF750E0B
:10D6100000750D008A828B83A3A3A3A3A3A3A3A356
:10D62000A3E0F50AA3E0F50BAA0AFB123613901A41
:10D63000447419F0A3743612D78D12D78328F512CB
:10D64000A3A3A3E0C39404850882850983A3A3E070
:10D6500050092512F512750F008002F50F8508821A
:10D66000850983A3A3A3E0F91233A3E9F50C74267B
:10D67000121A8812CFCCAA0FA812E51028F8E435A8
:10D6800011F9E82AF514E439F515E51385088285C2
:10D690000983A3A3A3707EE0C394044003750D0126
:10D6A000A818A919880889097808121716780A1283
:10D6B00017168512087509007808121716781012C7
:10D6C00017168A08780812171612D7741217167BC5
:10D6D00002EEFCEFFDAA0CA90D123637740C1216DF
:10D6E000F3E9F9600302D76A7800E8C3950C507A31
:10D6F000E8FA851882851983E5822AF582E4358364
:10D70000F583E0C0E0E5142AF582E43515F583D011
:10D71000E0F00880D5E0C394044003750E01A8181A
:10D72000A919880889097808121716780A12171695
:10D730008512087509007808121716781012171646
:10D74000A80CEA28F508E43400F509780812171641
:10D7500012D7741217167B02EEFCEFFDAA0CA90E6D
:10D7600012363D740C1216F3E9F974101216F37F99
:10D770000E0213A8A812E51028F508E43511F509E2
:10D78000780822E0F8850882850983E02212D79183
:10D790002212D7952212D79922F085088285098313
:10D7A000A32274F712103B89089019AB12BDC36015
:10D7B0000AA90812D7C2123A9E8002790102B10D5D
:10D7C000F8A312C37C2274F712103BE9FE9019AD46
:10D7D00012BDC3600AEEF912D7C2123A9E800279D6
:10D7E0000002B10D74F212103B74E01217DB8C08CA
:10D7F0008D097C00742E121A8812A0F3ECF8EE2822
:10D8000012B8596436C0E012D899D0E0F00CECC3DD
:10D81000941040E87430121A8812D8AA1217167899
:10D8200008121716EAFCEBFD790174041217B31203
:10D8300033AF74041216F3850C08850D09750A00C0
:10D8400078081217127C107D0074131217B3122778
:10D850000D74031216F37C00ECF8EE2812B859642C
:10D860005CC0E012D899D0E0F00CECC3941040E812
:10D87000780C1217167508807509007808121716AB
:10D8800074141217BB790174041217B31233AF74F6
:10D89000041216F37420028E2B851882851983E5F5
:10D8A0008228F582E43583F5832212B528780C228C
:10D8B00074EB12103B74E01217DB8A108B11891481
:10D8C0008C128D137435121A8812B524850C08F544
:10D8D00009740378081219FBAA087404780812194D
:10D8E000FBAE08AF09EA540FF50B7437121A88E043
:10D8F000F50EA3E0F50F7C107D007900AA0EFB1257
:10D900002719E5146061850E08850F09750A0078EE
:10D91000081217127C107D0074031217B312270D22
:10D9200074031216F385100885110978081217126E
:10D930007C107D00AA0EAB0F12270D74031216F394
:10D94000AC0EAD0FAA18AB191233B57A00EAF8E5A0
:10D950001028F582E4351112DBC840F1E50C248073
:10D96000F50CE4350DF50D851210851311EEF8EF69
:10D97000F9E824FF1EE934FFFFE8496068850E08D6
:10D98000850F09750A0078081217127C107D007443
:10D99000031217B312270D74031216F385100885AE
:10D9A000110978081217127C107D00AA0EAB0F1215
:10D9B000270D74031216F3AC0EAD0FAA18AB191293
:10D9C00033B57A00851082851183E0FBEAF812DB1B
:10D9D000A4E06B12DBB38582108583110AEAC3943D
:10D9E00010508A80DFE50B7067850E08850F09757A
:10D9F0000A0078081217127C107D0074031217B306
:10DA000012270D74031216F37C0E7D007900AA0E06
:10DA1000AB0F122719850E82850F8312DBD81217E0
:10DA2000127C107D0074131217B312270D740312A9
:10DA300016F3AC0EAD0FAA18AB191233B57A00EA83
:10DA4000F87410121A8812DBC0400302DB9D80EFCD
:10DA5000C3940E850E08850F09750A0078085003D7
:10DA600002DB311217127C107D0074031217B312FF
:10DA7000270D74031216F37C107D007900AA0EABFB
:10DA80000F1227197512007810121712AC0B7D00B7
:10DA9000AA0EAB0F12270D74031216F312DBA27439
:10DAA00080F078081217127C107D0074131217B3DF
:10DAB00012270D74031216F3AC0EAD0FAA18AB1992
:10DAC0001233B57A00EAF87410121A8812DBC040DB
:10DAD000F478081217127C107D0074031217B31229
:10DAE000270D74031216F37C0E7D007900AA0EAB8D
:10DAF0000F122719E50E12A6E612DBF412B0F4128B
:10DB0000DBEA1217127C107D0074131217B3122770
:10DB10000D74031216F3AC0EAD0FAA18AB19123325
:10DB2000B57A00EAF87410121A8812DBC0506E80C1
:10DB3000F21217127C107D0074031217B312270D16
:10DB400074031216F37C0E7D007900AA0EAB0F123F
:10DB500027197512007810121712AC0B7D00AA0E4F
:10DB6000AB0F12270D74031216F312DBA212DBD8CF
:10DB70001217127C107D0074131217B312270D7444
:10DB8000031216F3AC0EAD0FAA18AB191233B57A07
:10DB900000EAF87410121A8812DBC040F4742002F4
:10DBA000D5DEA80B12DBA822E50E28F582E4350F9E
:10DBB000F5832212DBB722F0851082851183A32220
:10DBC000E58228F582E43583F583E0FB12DBA8E0EB
:10DBD0006BF00AEAC39410227480F0E50E12A6EAF4
:10DBE00012DBF412B0F812DBEA22350FF583E50CF4
:10DBF000F0780822350FF583E50DF0E50E2274F676
:10DC000012103BEAFEEBFF8C088D09123613AC08AC
:10DC1000AD09EEFAEFFB12361902AF0CC082C083D9
:10DC2000E9FB75F005A4F8A9F0740028F8748039B0
:10DC3000F9E8244C12DC7A4038747F5A6401703160
:10DC4000EBC39403400FE8243D12DC7A4007747F55
:10DC50005A6402601CE82451F582E93401F583E03E
:10DC6000F8C39480400B747F586405700479018078
:10DC7000027900D083D0820216DBF582E93401F507
:10DC800083E0FAC394802274F512103B74FF1217DC
:10DC9000DBEAFEEBFF8C088D097901AA18AB19129B
:10DCA0002449E96074851882851983E0F87438285E
:10DCB000F582E43480F583E01313543FF50AFA85C6
:10DCC0001882851983E0F91224D3E960287410655D
:10DCD0000A602885188285198312EBAB4007747F90
:10DCE0005864026016851882851983E0F9121D2F89
:10DCF000E9700880247410650A701E7A0085188205
:10DD0000851983E0F91224E5E9F88E828F83F0C348
:10DD10009400A2D265D033500479FF801185088227
:10DD2000850983E50AF0851882851983E0F9740175
:10DD30001216F37F030213A874E812103B74F21258
:10DD400017DB7408121A88EAF0A3EBF0ECFEEDFF83
:10DD50007428121A88E0F8604290892E12153088D3
:10DD600008E4F509F50AF50B7808120F6F9089326F
:10DD7000780C121A197808790C1206A69089367850
:10DD80000C121A197808790C1208C012E025121624
:10DD9000F38A0C8B0D8C0E8D0F800C750C00750D9D
:10DDA00000750E00750F007427121A88E0F8604A9B
:10DDB00090892E1215308808E4F509F50AF50B78DC
:10DDC00008120F6F9089327810121A19780879109A
:10DDD0001206A69089367810121A1978087910124E
:10DDE00008C012E0251216F3EAF8EBF9ECFAEDFBA5
:10DDF0007404121A88121A5980087404121A8812AC
:10DE0000E6F47426121A88E0604090892E121530CC
:10DE1000742A121A8812E987120F6F9089327810CB
:10DE2000121A19780879101206A6908936781012FD
:10DE30001A19780879101208C012E0251216F38515
:10DE40001882851983121A41800312E6EE850C08A8
:10DE5000850D09850E0A850F0B908AB67810121A67
:10DE60001978087910120AA67404121A8878141204
:10DE70001A1990893E7810121A1978147910120A1A
:10DE8000A6780879141206A6851882851983781455
:10DE9000121A199089427810121A197814791012EE
:10DEA0000AA6780879141206A6740A121A88780845
:10DEB000121A0A850C08850D09850E0A850F0B902C
:10DEC00089467810121A1978087910120AA6740473
:10DED000121A887814121A1990894A7810121A198D
:10DEE00078147910120AA6780879141206A68518F3
:10DEF000828519837814121A1990894E7810121A93
:10DF00001978147910120AA6780879141206A674E2
:10DF10000A121A887810121A19781079081206A6AF
:10DF2000C010C011C012C0139089527810121A1973
:10DF3000780C7910120AA67404121A887814121A2E
:10DF4000199089567810121A1978147910120AA6A5
:10DF5000780C79141206A685188285198378141214
:10DF60001A1990895A7810121A1978147910120A0D
:10DF7000A6780C79141206A6D013D012D011D010A6
:10DF80007810790C1206A685100C85110D85120EDD
:10DF900085130F908A767810121A19780C7910125E
:10DFA000158E7006780079008029740A121A887814
:10DFB00014121A197814790C1208C090895E78101E
:10DFC000121A1978147910120AA67814120D28A8BA
:10DFD00014A9157408121A88E0FAA3E0F5838A825E
:10DFE00012F665908A767810121A19780C79101248
:10DFF000158E700678007900801F7808790C120859
:10E00000C090895E780C121A197808790C120AA649
:10E010007808120D28A808A9098E828F8312F66548
:10E02000740E02E6E6AA08AB09AC0AAD0B122FCBC0
:10E0300074042274E812103B74EE1217DB74081299
:10E040001A88EAF0A3EBF07406121A88ECF0A3ED3C
:10E05000F07E00742C121A88E06001FE742B121AF4
:10E0600088E0FFEEC39F5002EFFE742A121A88E088
:10E07000F8EEC3985002E0FE85188285198374FF7C
:10E08000F0742C121A88E0F4600312E309851882F8
:10E09000851983E0F8EFC3985002EFF0E0F8742A96
:10E0A000121A88E0C398500312E309EEFA7B008548
:10E0B0001882851983E0F8EAC398FC95E0FD7401A5
:10E0C000121A88E4F0EE70068B088B09800BECF8CE
:10E0D000EDF9120DF088088909E5093395E0F50A94
:10E0E000F50B7808120F54740E121A887808121A59
:10E0F0000A8E08E4F509F50AF50B7808120F6F90FF
:10E100008A32780C121A197808790C1208C075F046
:10E11000FF742C121A88E084F50CE4F50DF50EF569
:10E120000F780C120F6F740A121A88780C121A0AE0
:10E1300075F0FFEF84F50CE4F50DF50EF50F780C96
:10E14000120F6F75F0FF742A121A88E084F514E438
:10E15000F515F516F5177814120F6F8518828519C5
:10E1600083E06E700302E293EC75F006A4F510A84C
:10E17000F075F006EDA42812E2FD120F547402129D
:10E180001A887810121A0A742C121A88E06E704CD1
:10E19000742A121A88E0F8EFC39850047A068002B5
:10E1A0007A00780C79141206818A10EC8510F0A49C
:10E1B000FCA8F08510F0EDA4288C1012E2FD120FDF
:10E1C00054780C79101206A67402121A887810126C
:10E1D0001A19780C79101208C002E277EF6E7046B7
:10E1E000740A121A88780C121A197814790C12060B
:10E1F00081EC2CFCED338C0CF50D12E2F3120F5474
:10E200007814790C1206A67402121A88780C121A65
:10E21000197814790C1208C085140C85150D851613
:10E220000E85170F8051742A121A88E06E7064747C
:10E230000A121A887810121A197810790C120681AD
:10E240008C0C8D0D7402780C1218E4E50D12E2F3BB
:10E25000120F547810790C1206A67402121A8878DC
:10E260000C121A197810790C1208C085100C85113F
:10E270000D85120E85130F9089627810121A197885
:10E280000C7910120AA6780C120D287401121A8843
:10E29000E50CF07401121A88E0C0E07408121A88C4
:10E2A00012E99AD0E0F0740E121A88780C121A193A
:10E2B0009089627810121A19780C7910120AA678CF
:10E2C0000C120D287406121A8812E99AE50CF090C7
:10E2D0008962780C121A197808790C120AA6780843
:10E2E000120D28742E121A8812E99AE508F0741299
:10E2F00002E6E63395E0F50EF50F780C22F51133C2
:10E3000095E0F512F513781022E0851882851983BF
:10E31000F02274F012103B8A088B098C0A8D0B9046
:10E320008966780C121A197808790C12135C50114E
:10E3300090896A780C121A197808790C120AA6804A
:10E340003290896E12153012E02D1216F38A088B66
:10E35000098C0A8D0B908936780C121A1978087975
:10E360000C120AA6908972780C121A197808790C86
:10E370001206A6908A76780C121A197808790C126F
:10E38000135C500C750800750900750A00750B00C8
:10E39000AA08AB09AC0AAD0B80031216F37F080282
:10E3A00013A874E812103B74F81217DB8A0C8B0D5B
:10E3B000E4F50EF50F780C120F6F9089767808123D
:10E3C0001A19780C7908120AA68C108D11E4F5122E
:10E3D000F5137810120F6F9089767808121A197851
:10E3E000107908120AA67514007515007516807547
:10E3F000173F781479101208C0851408851509850F
:10E40000160A85170B7808790C120AA6C014C015D5
:10E41000C016C01775140075150075168075173F66
:10E420007814790C12068178147910120681D00FB5
:10E43000D00ED00DD00C780C7914120AA685188253
:10E44000851983780C121A0A85080C85090D850A2E
:10E450000E850B0F90897A7810121A19780C7910A2
:10E46000120AA690897E7810121A19780C79101267
:10E4700006A68518828519837810121A1990898248
:10E480007814121A1978107914120AA6780C7910D7
:10E49000120681AA0CAB0DAC0EAD0F121D478A0CF3
:10E4A0008B0D8C0E8D0F850810850911850A12853C
:10E4B0000B139089867814121A1978107914120A9D
:10E4C000A690898A7814121A19781079141206A65F
:10E4D000C010C011C012C01385188285198378142A
:10E4E000121A1990898E7810121A1978147910124C
:10E4F0000AA6D013D012D011D010781079141206B9
:10E50000A6AA10AB11AC12AD13121D477404121A57
:10E5100088121A419089927810121A197808791085
:10E52000120AA69089967810121A19780879101292
:10E5300006A68518828519837810121A1990899A6F
:10E540007814121A1978107914120AA6780879101A
:10E550001206A6AA08AB09AC0AAD0B121D478A0821
:10E560008B098C0A8D0B12E6EE908A127810121A23
:10E5700019780C79101212C1500B851882851983F5
:10E58000780C121A0A8518828519837810121A19C4
:10E590007404121A887814121A1978107914121344
:10E5A0005C50117404121A88121A71851882851928
:10E5B00083121A598518828519837810121A1978CE
:10E5C00010790812135C500B85188285198378081E
:10E5D000121A0A8518828519837810121A199089DF
:10E5E0009E7814121A19781079141212C1504A85A3
:10E5F00018828519837810121A19780C791012086C
:10E60000C07404121A887810121A19851882851994
:10E61000837814121A19781079141208C07404122D
:10E620001A887810121A0A851882851983781012B0
:10E630001A19780879101208C0908A327810121AC4
:10E6400019780C7910120AA6AA0CAB0DAC0EAD0FFE
:10E65000122FB38A0C8B0D8C0E8D0F7404121A8836
:10E660007810121A19908A327814121A19781079BF
:10E6700014120AA6AA10AB11AC12AD13122FB37468
:10E6800004121A88121A41908A327810121A1978D4
:10E69000087910120AA6AA08AB09AC0AAD0B122F12
:10E6A000B38A088B098C0A8D0B7420121A8812F613
:10E6B00071E8FA780C120D288A828983A3A3E50CED
:10E6C000F07404121A88780C121A19780C120D289A
:10E6D0008A828983A3E50CF07808120D288A828942
:10E6E00083E508F074081216F37F100213A885184A
:10E6F00082851983E4F0A3F0A3F0A3F02274E8125A
:10E70000103B74EB1217DB7404121A88E9F07403DF
:10E71000121A88EAF07402121A88EBF085188285C2
:10E720001983ECF0A3EDF07404121A88E0F510E4FC
:10E73000F511F512F5137810120F6F9089627808B1
:10E74000121A19781079081208C07403121A881264
:10E75000E987120F6F908962780C121A197808797C
:10E760000C1208C07411121A887808121A0A74025E
:10E77000121A88E0F50CE4F50DF50EF50F780C1281
:10E780000F6F9089627808121A19780C79081208AC
:10E79000C090890A7808121A1978107908120AA606
:10E7A000AA10AB11AC12AD13122FB3120D1EAA0892
:10E7B000AB09E4F50AF50B7808120F6F78107908A9
:10E7C00012068175140075150075168075173F7453
:10E7D00011121A887808121A197814790812068109
:10E7E0007814790C120AA67405121A887814121A71
:10E7F0000A85100885110985120A85130B741112F8
:10E800001A887814121A1978087914120AA675173A
:10E810003F75168075150075140078147908120676
:10E82000817814790C120AA6740D121A88781412C1
:10E830001A0A90890E7808121A19781079081206A7
:10E84000A67411121A887808121A19781079081209
:10E850000AA6908A067808121A1978107908120602
:10E86000A67810790C120AA67409121A8878101268
:10E870001A0AEAF8EBF97A067B00120DF88A088B7F
:10E880000978081213EE00000411E995E8ADE8C715
:10E89000E8E1E8EFE8850C14850D15850E16850F67
:10E8A000177409121A887808121A198016740D1232
:10E8B0001A887814121A19850C08850D09850E0A14
:10E8C000850F0B740580627405121A887814121A69
:10E8D00019850C08850D09850E0A850F0B740980B2
:10E8E000487405121A887814121A19740D800C7461
:10E8F00009121A887814121A197405121A887808DD
:10E90000121A19850C10850D11850E12850F1380B2
:10E9100020850C14850D15850E16850F17740512AC
:10E920001A887808121A19740D121A887810121A97
:10E9300019908A32780C121A197814790C120AA6D6
:10E940007814120D2812E994A3A3E514F0908A32EA
:10E95000780C121A197808790C120AA67808120D88
:10E960002812E994A3E508F0908A327808121A195F
:10E9700078107908120AA67810120D2812E994E589
:10E9800010F0741502E6E6E0F508E4F509F50AF57D
:10E990000B780822851882851983E0F8A3E0F583B7
:10E9A00088822274F212103B74FD1217DBEAFEEB30
:10E9B000FF890A8C098D0874021217AB880C890D27
:10E9C000780C1217168A828B837404121538740619
:10E9D0001217BB74071217B3121D4174061216F3F7
:10E9E000E50AA2E05023A2E75017A2E674015009FD
:10E9F000121A88E0C39509800F121A88E025098051
:10EA0000077401121A88E509F0E50AA2E15021A273
:10EA1000E75014A2E6851882851983E05005C39556
:10EA200008800C25088008851882851983E508F080
:10EA3000EEFCEFFD7BFE851882851983E0FAA909BB
:10EA4000121D5374031216F37F060213A874F312F7
:10EA5000103B74FA1217DBEAFEEBFF9088ECAC185F
:10EA6000AD197406121657750A000429F50C802397
:10EA700074056870137404121A88E50CF07405129A
:10EA80001A88E0D2E4F0050A7405650A700302EB07
:10EA900048050C900932E0F8E50CC398400302EBFE
:10EAA00041E50C75F01AA4F8A9F0746228F874080E
:10EAB000398882F583E0A2E7400302EB41A3858217
:10EAC00008858309547FFAE0F91224D3E96072853E
:10EAD000088285098312EBAB40AE747F58F874024C
:10EAE000687013851882851983E50CF07405121A75
:10EAF00088E0D2E0808F74036870137401121A8862
:10EB0000E50CF07405121A88E0D2E102EA8574047B
:10EB10006870137402121A88E50CF07405121A88D2
:10EB2000E0D2E202EA85740168600302EA707403CD
:10EB3000121A88E50CF07405121A88E0D2E302EA92
:10EB400085E50AC3940240577405121A88E0F874E8
:10EB5000075864077004740180027400C43354E0E1
:10EB6000F974DF5849F97405121A88E9F0741859D4
:10EB700064187004780180027800E8C4333354C00C
:10EB8000F874BF5948F8F07460586013851882858E
:10EB90001983EEFCEFFD7406121657790180027995
:10EBA0000074061216F37F050213A8E075F005A4A1
:10EBB000F8A9F0744C28F582748139F583E0F8C324
:10EBC00094802274F712103BEA2402F8E43BF9E83F
:10EBD000FCE9FD8882F583E0C394FE402E8A828B97
:10EBE00083A3A882A983E0C394FE401F8A828B83FB
:10EBF000E0C394FE40158C828D8374FFF088828977
:10EC000083F08A828B83F079018002790002F79A7F
:10EC100074E812103B8A088B098C0A8D0BEA2402D7
:10EC2000F514E43509F5158A828B83A38582108556
:10EC30008311EA2404F50EE43509F50FEA2403F5FF
:10EC400016E43509F517EA2405FEE43509FF7419C1
:10EC5000121A88E0F50C741A121A88E0F50D8E82EB
:10EC60008F83E0A2E35019E50DC394FD4012E50C3B
:10EC7000C394FD400B7418121A88E0C394FD500D24
:10EC80008E828F83E0A2E54049A2E350057901120C
:10EC9000EDF28E828F83E0A2E4500B7901850E8223
:10ECA000850F8312EDF88E828F83E0A2E540030288
:10ECB000ED96790085088285098312EE038510821E
:10ECC00085118312EE0385148285158312EDF802F7
:10ECD000ED96541860248A828B8312EDEB701685B2
:10ECE000108285118312EDEB700B851482851583DC
:10ECF00012EDEB600575120180037512008E828F94
:10ED000083E0A2E3500BE512A2E04005790012ED8A
:10ED1000F28E828F83E0A2E45011E512A2E0400B54
:10ED20007900850E82850F8312EDF88E828F83E045
:10ED3000A2E55062750E01780E12171A780E12179E
:10ED40001AAC0AAD0BA90D85088285098312F16AF8
:10ED50001216F3750D01780D12171A780D12171A85
:10ED6000AC0AAD0BA90C85108285118312F16A12D1
:10ED700016F3750C01780C12171A780C12171AACCE
:10ED80000AAD0B741A121A88E0F98514828515836E
:10ED900012F16A1216F390082312FDB4604A90191A
:10EDA000C312F671900823E0687003A3E06960382D
:10EDB0008E828F83E0A2E5500885088285098380D2
:10EDC0000AA2E6502385168285178312F0377462F3
:10EDD00028F582740839F583E5824583600A7B0152
:10EDE0007A80A3E0F912263B02E6E9E0F912290550
:10EDF000E92285168285178312EDFC2212F1731227
:10EE000028E12212EDFC79002274F712103B74FA0B
:10EE10001217DBEAFEEBFFAA18AB19121D5FE960BF
:10EE20001B740F121A887404121538EEFCEFFD746F
:10EE3000041217B3121D6B74041216F302F79574C3
:10EE4000F512103B74FA1217DB8A088B09ECFEED01
:10EE5000FFAA18AB19121D5FE97005790002EEE0F8
:10EE6000EE4F600F851882851983EEFCEFFD740666
:10EE7000121657E5082402F8E43509F98882F5836B
:10EE800074FFF0850882850983A3AA82AB83F0858D
:10EE90000882850983F07405121A88E0A2E3500AFB
:10EEA0007403121A8812EEE570347405121A88E0A1
:10EEB000A2E5502A85188285198312EEE588828999
:10EEC00083F07401121A8812EEF98A828B83F0742F
:10EED00002121A8812EEF9850882850983F07901F9
:10EEE000740602DD30E075F01AA4FCADF0746D2CF0
:10EEF000F58274083DF583E02212F03B746D28F52D
:10EF000082740839F583E02274F512103B74F6120E
:10EF100017DBEAFEEBFF8C098D08AC18AD197406FF
:10EF20001217B3121D77E9607DE509A2E550497417
:10EF300005121A88E0A2E350087403121A8812EF2F
:10EF4000AB7405121A88E0A2E450087404121A88FF
:10EF500012EFAB7405121A88E0A2E55049851882B9
:10EF600085198312EFAB7401121A8812EFAB740289
:10EF7000121A8812EFAB802E7415121A88E0FDACBD
:10EF800008A90974061217B3121D597406121A88BB
:10EF90007404121538EEFCEFFD74041217B3121D41
:10EFA0006B74041216F3740A02DD3012F03B7462C3
:10EFB00028FA740839FB1228ED2274F012103B8AEB
:10EFC000828B83A3A3A3A3A3E0541864187063ECFB
:10EFD0004D605B8A828B83A3A3A312F037746928E8
:10EFE000F8740839F98882F583A3A3A3A3E0700A13
:10EFF00088828983A3A3A3A3A3E0FA8A08E4F5097E
:10F00000F50AF50B7808120F6F9089A2780C121A86
:10F01000197808790C120AA67808120D28E5082438
:10F02000D0F8E5093407F98C828D8312F6657901F1
:10F030008002790002E39D12F03B22E075F01AA4F1
:10F04000F8A9F02274F012103B74FA1217DBE9FFF2
:10F050008C088D09AA18AB19121D5FE9700302F123
:10F06000657C007D00AA18AB19121D83E9700302AC
:10F07000F14D7416121A8874FFF07417121A8874FE
:10F08000FFF07418121A8874FFF07416121A88743C
:10F09000041215387C007D0074041217B3121D6B26
:10F0A00074041216F37405121A88E05418700302DF
:10F0B000F165C3E50894D0E5099407507C78D079D0
:10F0C00007E82430F508E934F8F509E4F50AF50B0A
:10F0D0007808120F6F9089A6780C121A197808799F
:10F0E0000C1208C0908A32780C121A197808790C20
:10F0F000120AA67808120D28E508FE75080178089E
:10F1000012171A780812171A7C007D00EEF97405A0
:10F11000121A8812F16A1216F3780812171A780870
:10F1200012171A7C007D0074FFC39EF97406121A30
:10F130008812F16A1216F3802CA808A909C3E89472
:10F1400065E99419500302F0C17EFF80AE74161277
:10F150001A8874041215387A007B00EFF9121D71B9
:10F1600074041216F3740602E39A12F1731228F370
:10F17000740222E075F01AA4FAABF074622AFA74F1
:10F18000083BFB2274F012103B890F8A0A8B0B8C10
:10F19000088D097A0F7B001227CD8A0C8B0DAE0CDF
:10F1A000AF0DEA4F7005790002F22E8A828B8374CC
:10F1B00002F0750C1E750D88750E00780C12171272
:10F1C0007C0A7D008A828B83A3AA82AB8312270DDF
:10F1D00074031216F3EE240BF8E43FF98882F583EA
:10F1E000E50AF0A3E50BF08E828F8312F661E82426
:10F1F00002F8500109F5828983E508F0A3E509F0DA
:10F200008E828F83A3A3A3A3A312F661750802784D
:10F210000812171A75080F780812171AEEFCEFFD7E
:10F220007A007B03A90F12268974021216F302E3F7
:10F230009D74EC12103B74EC1217DB890AEAFEEBAA
:10F24000FF8C088D099088E674061217BB740612AD
:10F250001657851882851983F0A3F074061217BB20
:10F26000121D77E9601C740B121A88E0A2E3501299
:10F27000AC18AD1974061217B3121D83E9600302AE
:10F28000F309EEFAEFFBA90A12389B8E828F837482
:10F290000412153874061217BB74081217B312F64D
:10F2A0005B1216F37404121A8812F32A120F6F906D
:10F2B00089767810121A19780C7910120AA6740C33
:10F2C000121A88780C121A0A7402121A8812F32A77
:10F2D000120F6F9089767810121A19780C79101223
:10F2E0000AA67410121A88780C121A0A740C121AD0
:10F2F000887408121538121CCF74081216F385187A
:10F3000082851983EAF0A3EBF085188285198312B0
:10F31000F7F9121CBD850882850983EAF0A3EBF09A
:10F3200074141216F37F0C0213A8E0F50CA3E0F599
:10F330000DE4F50EF50F780C2274F012103B74EF0B
:10F340001217DB890A8A0F8B0BEC700374036D6054
:10F350000302F6547421121A88E0FEA3E0FF74231E
:10F36000121A88E0F508A3E0F509EB602474106A2E
:10F37000700A74061217B312389B800C7C007D0053
:10F3800074061217B3121D777401650B600302F542
:10F390002A7425121A88E0F8A3E08882F5837403A2
:10F3A0006E7001EF602E74046E7001EF6026740AB7
:10F3B0006E700374406F601C74076E7001EF601410
:10F3C000740B6E700374406F600A740C6E7003747B
:10F3D000406F70047402801F74086E7001EF601536
:10F3E000740F6E7001EF600DEE4F600974016E4F87
:10F3F000600302F6547401F0A3E4F0E50B7003021D
:10F40000F62C8E0C8F0D780C1213100200000001E8
:10F4100000E8F40300040056F406000700A0F40816
:10F420000035F40F004DF40A403EF40B40CDF40CCF
:10F4300040DAF42CF685088285098302F4E4740B23
:10F44000121A887409F0A3E4F0740B802B850882EB
:10F4500085098302F4D77406121A887404121538C9
:10F4600074041217BB74061217B312F65B1216F36C
:10F4700074036E4F700774021217AB8004A818A9AA
:10F4800019880C890D750E00780C1217127C027DFC
:10F4900000AA08AB0912270D74031216F302F62C0A
:10F4A000851882851983E4F0A3F0AC18AD197406B1
:10F4B0001217B3A90A121D9585188285198312F6B1
:10F4C00071850882850983E8F0A3E980598508825F
:10F4D0008509837464F0A3E4804C850882850983E0
:10F4E00074F4F0A37401803E740A1217AB880C897F
:10F4F0000D780C1217167408121A88740412153835
:10F50000740A1217BB740B1217B3121D4174061242
:10F5100016F3EE4F7004740580027404121A88E02A
:10F52000850882850983F002F62C7402650B60035E
:10F5300002F65474036E7001EF600974046E4F603C
:10F540000302F5CB7406121A887404121538740677
:10F550001217BB74041217B312F65B1216F312F6ED
:10F560006B74036E4F70088518828519838005744B
:10F5700002121A8812F66574061217AB88088909F8
:10F5800078081217167404121A88E0FCA3E0FD74C0
:10F5900002121A8812F9F71216F37410650F70111F
:10F5A0007406121A887404121538A90A1238A18038
:10F5B000137406121A8874041215387A007B00A995
:10F5C0000A121D7174041216F38061EE4F702285C9
:10F5D0000882850983E0FB7410650F70067C007A51
:10F5E000018028750800780812171AEBFD7C01804D
:10F5F0002D74016E4F7039850882850983E0FB7494
:10F6000010650F700DEBFC7B007A02A90A12389589
:10F61000801AEBF508780812171A7D007C027A0030
:10F620007B00A90A121D7D74011216F37901802650
:10F6300074076E4F701E12F66B740D121A8812F654
:10F6400065740F121A88E4F0A3F0740D1217B31248
:10F650001DE380D87900741102E39A121D3B7404F3
:10F6600022A3A3A3A3E8F0A3E9F0228508828509D9
:10F6700083E0F8A3E0F92274F712103B74FE12172E
:10F68000DBEAFEEBFF74011217BB12F95670047926
:10F690008180398E828F83E0FB7401121A88E064C6
:10F6A0001070097C007A0112F805801E7508007838
:10F6B0000812171AEBFD7C018E828F83A312F7F8D4
:10F6C000EC121A8812F8111216F3790002F7F0748E
:10F6D000F712103B74FE1217DBEAFEEBFF74011207
:10F6E00017BB12F9567004798180457A018E828F9A
:10F6F00083E0F870047A20800774036870027A410E
:10F700007401121A88E0641070097C007BFF12F803
:10F7100005801B750800780812171A7DFFEAFC7A2D
:10F72000007B007401121A8812F8111216F3790086
:10F7300002F7F074F712103B74FE1217DBEAFEEBCF
:10F74000FF74011217BB12F9567004798180447A54
:10F75000818E828F83E0640370027AC1A3E0FB7420
:10F7600001121A88E0641070077C0012F8058021ED
:10F77000750800780812171AEBFDEAFC8E828F8359
:10F78000A3A3E0FA7B007401121A8812F811121672
:10F79000F37900805B74061216F37F010213A874DC
:10F7A000F712103B74FE1217DBEAFEEBFF74011236
:10F7B00017BB12F9567004798180358E828F83E0F1
:10F7C000FC7401121A88E0641070097B007A02123E
:10F7D000F805801AECF508780812171A7D007C02EB
:10F7E00012F7F47401121A8812F8111216F3790044
:10F7F000740280A38E828F83A312F7FD22E0FAA306
:10F80000E0FB227B00851882851983E0F912389588
:10F8100022E0F9121D7D74012274F712103B74FE70
:10F820001217DBEAFEEBFF74011217BB12F95670D8
:10F8300004798180437A028E828F83E0F870047AA3
:10F8400020800774036870027A427401121A88E0FB
:10F85000641070077CFF12F803801B7508FF78089E
:10F8600012171A7D00EAFC7A007B007401121A88D4
:10F8700012F8111216F3790002F7F074F712103B28
:10F8800074FE1217DBEAFEEBFF74011217BB12F9CC
:10F89000567004798180427A828E828F83E064037D
:10F8A00070027AC2A3E0FC7401121A88E06410703E
:10F8B0000512F8038021ECF508780812171A7D006C
:10F8C000EAFC8E828F83A3A3E0FA7B007401121AF4
:10F8D0008812F8111216F3790002F7F074F712107B
:10F8E0003B74FA1217DBEAFEEBFF74011217BB122E
:10F8F000F95670047981805B74021217BB7BFE8E0F
:10F90000828F83A3E0FA8E828F83E0F9121D5374F5
:10F91000021217B3121D657401121A88E064107088
:10F92000147402121A8874041215387404121A8896
:10F9300012FBBA80177402121A8874041215388EDA
:10F94000828F8312F9EF121A8812FACE74041216FB
:10F95000F3790002F795AA18AB19121D35E9F422C4
:10F9600074F612103B74FA1217DBEAFEEBFF740117
:10F970001217BB12F956700479818069740212174C
:10F98000AB8808890978081217168E828F83A3A383
:10F99000E0FCA3E0FD8E828F8312F9F71216F37458
:10F9A000021217B3121D657401121A88E0641070F8
:10F9B000147402121A8874041215387404121A8806
:10F9C00012FBBA80197402121A8874041215388E48
:10F9D000828F83A3A312F9EF121A8812FACE74044D
:10F9E0001216F3790074061216F37F020213A8A30D
:10F9F000A312F7FD74042212F7FD121D4D740222AA
:10FA0000C082C08374FA1217DB74011217BB12F99B
:10FA100056700302FAC67401121A88E06410703C32
:10FA200074021217B3851882851983E0F912389B86
:10FA30007404121A88E0F4703C7403121A88E0F41B
:10FA400070337402121A88E0F4702AE4F07403121E
:10FA50001A88E4F07404121A88E480307C007D0077
:10FA600074021217B3851882851983E0F9121D7785
:10FA7000E970BD80517402121A8874FFF074031289
:10FA80001A8874FFF07404121A8874FFF07401125B
:10FA90001A88E0641070147402121A887404121523
:10FAA000387404121A8812FBBA80167402121A886B
:10FAB00074041215387A007B007404121A8812FA42
:10FAC000CE74041216F374061216F302DC73E0F916
:10FAD000121D712274F612103B74F61217DBEAFE47
:10FAE000EBFF74011217BB12F9567005798102FB06
:10FAF000B57C007D0074061217B3851882851983C2
:10FB0000E0F9121D77E97005790102FBB574061260
:10FB10001A88740412153874061217BB7408121769
:10FB2000B312F65B1216F38E828F8312F671740491
:10FB3000121A88E028F0A3E039F08E828F83A3A305
:10FB400012F6717402121A88E028F0A3E039F074FA
:10FB5000061217AB88088909780812171674041260
:10FB60001A88E0FCA3E0FD7406121A8812F9F71255
:10FB700016F374061217B3121D657401121A88E089
:10FB8000641070147406121A887404121538740400
:10FB9000121A8812FBBA80167406121A887404129C
:10FBA00015387A007B007404121A8812FACE740495
:10FBB0001216F37900740A02F9E7E0F91238A1226B
:10FBC00079000216DB74EC12103B74F21217DB8A18
:10FBD000088B0974011217BB12F95670057981025E
:10FBE000FC9785088285098312FEE38A0A8B0BAE97
:10FBF0000AAF0B74061217BB121CD574021217AB96
:10FC0000880A890B780A121716740C121A88780C55
:10FC1000121A1990895E7810121A19780C7910123C
:10FC20000AA6780C120D28AC0CAD0D7408121A88B7
:10FC3000780C121A1990895E7810121A19780C79BA
:10FC400010120AA6780C120D28AA0CAB0D121D4D2D
:10FC500074021216F37401121A88E064107014749E
:10FC600002121A8874041215387404121A8812FBCE
:10FC7000BA801D7402121A887404121538EEFCEF53
:10FC8000FD85088285098312F9EF121A8812FDA9F1
:10FC900074041216F37900740E02F32274F0121039
:10FCA0003B74F21217DBEAFEEBFF74011217BB1272
:10FCB000F9567005798102FDA48E828F83E0F87475
:10FCC0000368701412FDB16009C3E89432E994002E
:10FCD000501C7A327B008020740168600302FDA210
:10FCE00012FDAF600FC3E894E8E994034006E8FA18
:10FCF000E9FB80047AE87B03121CB78A088B09AE03
:10FD000008AF0974061217BB121CD574021217AB88
:10FD1000880889097808121716740C121A8878084E
:10FD2000121A1990895E780C121A197808790C1237
:10FD30000AA67808120D28AC08AD097408121A88B2
:10FD40007808121A1990895E780C121A19780879B5
:10FD50000C120AA67808120D28AA08AB09121D4D2C
:10FD600074021216F37401121A88E064107014748D
:10FD700002121A8874041215387404121A8812FBBD
:10FD8000BA801A7402121A887404121538EEFCEF45
:10FD9000FD7A007B007404121A8812FDA974041203
:10FDA00016F37900740E02E39AE0F9121D8922A37A
:10FDB000A3A3A3A3E0F8A3E0F9E8492274F6121084
:10FDC0003B74F81217DBEAFEEBFF74031217BB1249
:10FDD000F9567005798102FEDE90892274041217AB
:10FDE000BB740412165704121A88E4F0A3F004122C
:10FDF00017BB74041217B3851882851983E0F912B2
:10FE00001D9512F7F48E828F83E0F87403687034C6
:10FE100012FDAF600FC3E89432E994004006E8FC9D
:10FE2000E9FD80047C327D007401121A88C3E09AD7
:10FE3000F0A3E09BF07401121A88C3E09CA3E09D3C
:10FE40005049803D740168600302FEDCA3A312FDEB
:10FE5000AF600FC3E894E8E994034006E8FCE9FDCD
:10FE600080047CE87D037401121A88E02AF0A3E084
:10FE70003BF07401121A8812F671C3EC98ED995098
:10FE80000A7401121A88ECF0A3EDF07401121A88BA
:10FE900012FEE38A088B0974041217BB121CC97482
:10FEA00003121A88E0641070147404121A8874041F
:10FEB0001215387404121A8812FBBA801A740412CC
:10FEC0001A887404121538AC08AD097A007B0074E6
:10FED00004121A8812FDA974041216F3790074082A
:10FEE00002F9E712F7FD121CB72274F712103BE972
:10FEF000FF8A08900844E0A2E350057BFF1225C961
:10FF00007E008048EE75F005A4F8A9F0743928F851
:10FF1000740939F9E8FCE9FD8882F583A3E0550806
:10FF2000FA88828983E0F8EF68600574FF68701BC7
:10FF3000EA6018A3A3E0FBEFF98C828D83A3A3A34F
:10FF4000E0F8A3E0F5838882123A9E0E900961E002
:10FF5000F8EEC39840AE7F010213A874F712103B6D
:10FF6000E9FEEA6057900961E0C394085033E075F8
:10FF7000F005A4F8A9F0743928F8740939F9EE8865
:10FF8000828983F0EAA3F0EB88828983A3A3F088B7
:10FF9000828983A3A3A3ECF0A3EDF0900961E004B0
:10FFA000F0EE600814600A14600C8010900936802E
:10FFB000089009378003900938E04AF08098C082A1
:10FFC000C083900936E0600742ABD2BDF4528990FD
:10FFD0000937E06008428D439A10F4528A9009383C
:10FFE000E0600842AC439A02F4528BD083D0820284
:08FFF00016DB0216DB0216DB32
:020000040001F9
:1000000074F712103BE9901A1DF09019D2E4F01227
:1000100026D7901A26E4F0A3F0901A1EF0A3F0124F
:10002000358F1226DD901962E4F0A3F0122F6B02D7
:100030009B6B74EC12103B74D71217DBEAFEEBFFDC
:1000400054806068901A1DE0F91227438A088B09D2
:10005000EA4509604F7C0080010CEC75F003A4F8C0
:10006000A9F0742528F582744939F583E493F46086
:100070002CE493F88508828B83E06870DCAA08EC96
:1000800075F003A4F8742628F582744939F583E4E1
:1000900093C0E0740193F583D082123A9EAA08AB14
:1000A00009122731EEFAEF6480028494EF54206045
:1000B0001E1234878A088B09EA4509600A1233F157
:1000C000AA08AB09122731EEFAEF6420028494EEFD
:1000D000A2E0501F9019D7E0640F7011790012331D
:1000E000C7E96009901D21121A4D1233DFEE640139
:1000F000028469EF5440604F901D11E0640670283F
:10010000740BF0901D39E0F9750801750900750A46
:1001100000750B009019C5E07808121678AA08AB94
:1001200009AC0AAD0B12306D9019421215307A00ED
:100130007B40901A1DE0F912289374041216F3EE16
:10014000FAEF6440028494EE5420700302846D7AC6
:10015000207B00901A1DE0F912289FEA4B4C4D704D
:100160001A901A22121A71E8494A4B700E750C0146
:10017000750D00750E00750F008061750C00750D12
:1001800000750E00750F001228AB8A088B098C0AC7
:100190008D0B901A22121A71E8494A4B602A901A64
:1001A0002278081216B6400E750CFF750DFF750EFD
:1001B000FF750FFF801285080C85090D8C0E8D0FC1
:1001C000901A22780C1217C37401780C121792E55A
:1001D0000C450D450E450F700302839A7C0079048F
:1001E0007A007B001234638A088B090282C1851869
:1001F0008285198374FFF07401121A8874FFF074F9
:1002000002121A8874FF12905AFAA3E0FB740312C8
:1002100017BB12B10612A9771234A5E96401600375
:100220000282A3E508129F631297AA4480F8A3E014
:10023000F97424121A88E8F0A3E912A8E2A3A3A390
:10024000E0C0E07426121A88D0E012AEF8A3E054A1
:100250000860167424121A88A3E044011284ACC00A
:10026000E07428121A88D0E0F012BCF1350912B2FD
:1002700004601812BCF112A898A3E0C812C016E0DE
:10028000F87412121A88E8F0A3E4F0908A76121536
:100290003074041217BB74071217B312309D740424
:1002A0001216F3850882850983A3A3A3A3A3A3A39E
:1002B000A3A374061284ACF9123445850A08850B91
:1002C00009E5084509700302839A7C007904AA08AD
:1002D000AB091234638A0A8B0B850882850983A3D4
:1002E000A3A3A3E0F510A3E0F511E4F512F513784C
:1002F0000C79101219BD4029E5082404F8E43509E9
:10030000F9850C10850D1188828983C3E09510F062
:10031000A3E095111287F5F8A3E0F9E849709C80F5
:100320000E850882850983A3A3A3A3E4F0A3F08527
:100330000882850983A3A3A3A3A3A3A3A3A3A3E0E4
:100340006401850882850983A3A3A3A3A3A3702BBB
:10035000E0540460030281EE850882850983A3A32B
:10036000A3A3A3A3A3A3A37406F07AB785088285E9
:1003700009831285E11233D90282BBA3A3A3A3E0B0
:1003800060030281EE850882850983A3A3A3A3A34A
:10039000A3A3A3A37401F00282BB1234337C0079BF
:1003A000017A007B001234638B09EA4509600C7AFC
:1003B000207B00901A1DE0F912276D850C0A850D2F
:1003C0000B7C0079047A007B00123463EA4B7015D1
:1003D00080538A828B83A3A3A3A312BA9CE50898B7
:1003E000E5099940078A828B83129BD67C007904A9
:1003F0001234638B0DA90DEA4970D7C3E50A95083D
:10040000E50B95095013C3E508950AF508E509952C
:100410000BF509E508450970167A207B00901A1D36
:10042000E0F912276D901A221284A5A3F08037E517
:100430000825E0F508E50933F509E4F50AF50B7838
:100440000812170E7A207B00901A1DE0F912288DF1
:1004500074041216F31228ABEAF8EBF9ECFAEDFB90
:10046000901A22121A59EE6420FAEF8027EF5402F4
:10047000600A123589EEFAEF64028018EF540460C6
:100480001612ADB979019019D012A9791230AFEED8
:10049000FAEF6404FB80047A007B0074291216F3DF
:1004A0007F0C0213A8E4F0A3F0A3F02212A8E6A3A5
:1004B000E022C082C08374EA1217DB7C167D0079CB
:1004C00000AA18AB191227197408121A887402F0BE
:1004D0009019C612B1171284F57409121A8812B055
:1004E000257413121A88E412AD09122F5F741612C4
:1004F00016F302A959E8F0A3E9F09019D012A3F677
:100500002274F712103B74DA1217DBEAFEEBFFEEEF
:100510004F602DAC18AD191234A57406121A88E07C
:10052000601E7417121A88E0FD7401121A88E0FC2C
:10053000EEFAEFFB790012339DE9600479A48002A2
:1005400079007426029B6874F712103BEAFEEBFFF9
:100550008E828F83A3A3A3A3A3A3E05440601712AA
:10056000BA6012A979123535E960067AFF7BFF80FF
:100570001512BA6080039019C612A97974FE6A70C8
:100580000374FF6B604712BA6012B62F123535E95B
:100590008E828F83600E12A09F129F6338F583E4D2
:1005A000F0A3800312C041F07CCD7D338E828F8317
:1005B00012A979122F65E9F5087015EE4F600979D7
:1005C00001EEFAEFFB12343FA908029B6B7508CDD0
:1005D000AA081285DD1233D9E960E080EB8E828FA4
:1005E0008312A0A312BFF9E0F92274F612103BE9BE
:1005F000FEEAFF7A0F7B0012272BEA4B601F8A82EC
:100600008B83740CF0EEA3A3F0EF8A828B83129994
:1006100048901A1DE0F91227377900802FEEF91261
:1006200034698A088B09A808A909E849601C8882EE
:100630008983A3A3A3A3A3A3A3A3A3740612BCF9B2
:10064000E0F912313FEEF9123445791002ACC7746B
:10065000F412103B8A088B098C0A8D0B9019D7E095
:10066000640F702CEA4509450A450B60239019D2A6
:10067000E064086005E064047016780812170E7ACA
:10068000017B00901A1DE0F912288D74041216F3F4
:1006900002892174F412103B74FC1217DBEAFEEBA2
:1006A000FF8E828F83A3A3E0F91234698A088B0935
:1006B000EA450970030287D08E828F83A3A882A99E
:1006C00083E0C0E0EA240B12A895D0E01287F5641D
:1006D000F160288E828F83A3E064CD601E8E828FAE
:1006E00083A3E0641A60148E828F83A3E064E960C0
:1006F0000A8E828F83A3E064E17036790012343F62
:10070000E9602EE5082404F50AE43509F50B8508AF
:10071000828509831287E1A3E0F9850A82850B832C
:1007200012A9791226E9850A82850B8312B62F80D9
:100730006E8E828F83A3E0C0E07402121A88D0E02C
:1007400012930312C0831292F5C0E07403121A8848
:10075000D0E0F0E508240C1297A7AA18AB19700591
:10076000123097800312351D7402121A88E064E972
:10077000702D85088285098312906F750A01780AA9
:1007800012171A750AE9780A12171A12979D12920F
:10079000E5129BAA12A9791234DB74021216F385B2
:1007A0000882850983A3A3A3A3A3A3A3A3A3E064AF
:1007B000027012850882850983A3A3A3A3A3A3A320
:1007C000A3A37406F08E828F83A3A3E0F9123445AD
:1007D000123433901D27128D111233DF74040289F5
:1007E0001EA3A3A3A3A3A31287EB22E0FCA3E0FD17
:1007F0008E828F832212BD09E02274F412103BEA2C
:10080000FEEBFF7508008E828F83A3A3A3A3A3E052
:1008100060487508088E828F83A3A3A3A3A3A3A314
:10082000A3A312A97979FF1232298B0BEA450B6039
:100830001075082C8E828F83A3A3A3A3A3E0D2E01C
:10084000F08E828F83A3A3A3A3A3E054036401606B
:100850000302891A43081102891AEE2418129E5FB6
:100860006038EE241A129E5F6003F4701312B9868A
:100870007003A3E069600302891A75082202891ACD
:10088000EE241B12B86EEE241A129E5FFAEE2419A3
:10089000129E5FF912312D02891A8E828F83A3A3D3
:1008A000A3A3A3A3A3A3A312A979123535E96402D4
:1008B000700375080112B9867003A3E0697006E53C
:1008C00008D2E1F508E50860158E828F83A3A3E0C6
:1008D0007006E508D2E58004E508D2E6F5088E82C8
:1008E0008F83A3A3A3A3A3A3A3A3A312A9791235C0
:1008F00035E964017006E508D2E0F5088E828F8341
:10090000A3A3E06015EE241D129CBDF9123523E966
:1009100064016006E508C2E0F508A9088003121624
:10092000F37F040213A874F012103B74D71217DB84
:10093000EAFEEBFF8E828F83A3A3A3A3E060119056
:100940001D2512B2066009901D25128D111233DF8C
:1009500074031217BB8E828F83A3A3A3A31292D614
:1009600012A9791234A5E97003028ABF78017405CF
:10097000121A88E0C39402400278007407121A88A1
:10098000E0C3940240027800740C121A88E064F804
:100990007003A3E0F47003028ABF740C121A88E09B
:1009A00064F97003A3E0F47003028ABF740C121A96
:1009B00088E064FA7003A3E0F47003028ABF740C49
:1009C000121A88E064FB7003A3E0F47003028ABF8C
:1009D0007406121A88E0F99019C0E0696003028A6F
:1009E000BFE8A2E04003028ABF7427121A88E060C1
:1009F00003028ABFEE241312A3EC7422121A881287
:100A0000AEE0241C12A3EC7410121A8812B02574E4
:100A100009121A88E0601F741A121A88E0FD740423
:100A2000121A88E0FC8E828F83A3A312A979790120
:100A300012339DE9703D74031217B31233EBE9F5DD
:100A4000087409121A88E0702E9019BAE0602874B0
:100A50002255086422602074425508644270147460
:100A600020121A88128D1D600E7420121A88128CA2
:100A7000FA60047ACF804AE9A2E6504D7420121A37
:100A800088129CC324FD600F14600C24FD600824B0
:100A9000FD600424FE70287420121A88128CF370F2
:100AA0000E7420121A8812AC71A3E0640D601A74DF
:100AB000031217B312354DE96401700D028CE67A0A
:100AC000D37B00122D55028CE6EE242DF582E43FF7
:100AD000F58312904D7003A3E069702275090078C8
:100AE0000912171A780912171AEE242F129E5FF9AD
:100AF000128D0112A9731234DB74021216F37409F9
:100B0000121A88E07003028BA2128D0112A97312CF
:100B100035B38A0A8B0BEA450B7003028C3F7404D1
:100B2000121A88E0F88E828F83A3A3E028F8A3E04E
:100B30003400F9E8240D128CEBF88A828B83A3A38E
:100B4000A3E068600EE88A828B83A3A3A312994175
:100B50001284A67904E9121A881292CDE02AF8A329
:100B6000E034008882F583A3AA82AB8312271F8A10
:100B70000C8B0D8C0E8D0F850A82850B83A3A3A38E
:100B8000A3780C1216B64003028CE6908A12780CF9
:100B90001218BE850A82850B83A3A3A3A3780C1227
:100BA0001A0A9019D2E064046008E0640960030244
:100BB0008CE6E508A2E54003028C79EE242F129E14
:100BC0005F851882851983F0EE2430129E5FC0E0A5
:100BD0007401121A88D0E0F0EE2431129E5FC0E05A
:100BE0007402121A88D0E0F07414121A88E06401BA
:100BF000702C740E121A881297B72413129E5F6815
:100C00007003A3E0697017740C121A8812A9791284
:100C10003535E9640270077414121A88E4F0EE2482
:100C200025F582E43FF58312153074041217BB7466
:100C3000071217B312309D74041216F3028CE6905B
:100C40001A17E064016003028BA27420121A881242
:100C50008D1D7009E508A2E65003028BA2741012E4
:100C60001A88E0F47003A3E0F4607BEEFCEFFD74FF
:100C7000031217B31233F7806DA2E6506974201285
:100C80001A8812B0ED7016741A121A88E064027095
:100C90005574031217B37900123517804974201266
:100CA0001A88128CFA7014741A121A88E06404708C
:100CB0003574031217B312350B802B7420121A8867
:100CC000128CF3700C790074031217B3123559802B
:100CD000157420121A8812AC71E0640C7008740349
:100CE0001217B312357174290297CEF582E439F5E3
:100CF00083E02212BA6AE064032212BA6AE064074F
:100D000022EE242BF582E43FF58312B878EE24130B
:100D100022E0F508A3E0AA08FBE4FCFD22129BC632
:100D200064062274F412103BEAFEEBFF8C088D0976
:100D300090193DE0600F12B9867003A3E069700559
:100D400012311B805A79008E828F83A3A3A3A3A3A1
:100D5000A3A3A3A312A97912314B8A828B83E582C4
:100D600045836033A3A3A3A3A3A3E054186028E59D
:100D700008241C12A895121534E508241312A8950E
:100D8000121534EE2418129E5FF912A96012315D1B
:100D900074041216F38008790012A960123121023E
:100DA000892174F712103B74F71217DBEAFEEBFF90
:100DB0009019D2E06403600DE064016008E064090A
:100DC0006003028EBA8E828F83A3E06003028E805E
:100DD0007C007D007A027B001226E312BAA68A828A
:100DE0008B8312A3F29019C312B0257953122F4DA1
:100DF0009019D2E0640960099019D012A9791235CE
:100E0000AD851882851983740112AD097942122FBC
:100E10004D9019D27404F074011217B3794A122F4D
:100E20004774011217BB7AC87B1912296B901D11E8
:100E3000E0640B70057406F0800B79009019D012F5
:100E4000A9791230AF9019C312B8747A037B0012DB
:100E500026E39019C612B8747A047B001226E39038
:100E600019BDE0A2E35004D2F08002C2F012ACFF40
:100E70007952122F4D901D21121A4D1233DF8037F7
:100E8000FC7D007A037B101226E3901D11E0640BB9
:100E90007003740AF0901D47E4F0FA7B40901A1D2D
:100EA000E0F91228998E828F83128EC112A97912CD
:100EB00030AF9019D2E4F01234217409029B68E03B
:100EC000F8A3E0F99019D022C082C0839019621271
:100ED000B206701F9019D2E014600924FC600A1455
:100EE000600C800F90196C8034901968802F9019D5
:100EF0006A802AE84960089019631292DF700C8AB0
:100F0000828B83A3E0F91230A3801D90196212B086
:100F1000F36402700512357D800E901A4112B206FC
:100F2000600612AC72123A9E02A95974F412103B78
:100F300074FE1217DB8A088B097A007B04901A1D55
:100F4000E0F9122899AA18AB197950122F477A0F95
:100F50007B0012272B8A0A8B0BAE0AAF0BEE4F6079
:100F600020850882850983A3E070169019D0E0F4EB
:100F70007003A3E0F4603B1290477003A3E0696044
:100F800031850882850983A374EA1292FB122F4DE2
:100F90007AC67B19794B122F4D7AD07B1979501272
:100FA0002F4D7AC57B1979E1122F4DEE4F70030258
:100FB000903B8E828F837402F09019D0E0F470031E
:100FC000A3E0F4600A1290477003A3E069704F85B4
:100FD0001882851983128EBFE8F0A3E91292FB12E2
:100FE0002F479019C31297BC12B0257AC67B197986
:100FF0004B122F477AC57B1979E1122F47750A00EA
:10100000780A12171A780A12171A901B80128EC2C9
:1010100012951C12A9791234DB74021216F385089A
:1010200082850983129040A3F09019D27403F0EEE8
:10103000FAEFFB901A1DE0F9122737740202891E9D
:10104000A3E08E828F832285188285198312A3F6EE
:101050009019D0E06822E8F0A3E912905E22F085B2
:101060000882850983E022F582E43BF583E02212C1
:10107000A3F6E8FAE9FB2274F512103B74D11217BB
:10108000DB8A088B098A828B83129CB5741C121729
:10109000BB8A828B83A3A3A3A3A3A3A3A31292E5DA
:1010A00012A979123427741C121A88E0702C850852
:1010B00082850983A3A3A3A3A3A3A3A3E0C3940B43
:1010C00040188E828F83A3A3A3A3A3A3A3A3E0644A
:1010D00002700712B011E0F460030292C89019D2B6
:1010E000E0640270030291AFE0640670030291AF06
:1010F00090196212B20660081292DF70030291DF4B
:101100009019D2E064086008E0640460030292C8A9
:10111000741E121A881292CDA3A3A3A3129CB59099
:101120001962E0F849600712B0F96402607790191B
:10113000D0E06E7003A3E06F60030292C874016A8E
:1011400060167423121A88AC82AD837AE47B19127C
:101150002965E960030292C87A007B02901A1DE0BB
:10116000F912289FEA4B4C4D60030292C89019D3A4
:10117000121A71851882851983121A599019D9E0AB
:10118000C0E07404121A88D0E0F07405121A887452
:1011900001F07406121A88740212AD09123061E966
:1011A00060030292C5EEFAEFFB1235770292C89007
:1011B000196212B2067028750800780812171A789A
:1011C0000812171AEE2410F582E43FF5831292D626
:1011D000A31287E112A9791234DB74021216F38E7E
:1011E000828F8312A3F27407121A88E8F0A3E9121F
:1011F00097C212A3F27409121A8812AEE012A38BDE
:10120000C0E0740B121A88D0E01292F5F508A3E042
:10121000F509740F78081219FB740C121A88E50886
:10122000F07420121A88E0C0E0740D121A88D0E021
:10123000F07422121A88E0C0E0740E121A88D0E00E
:10124000F0741D121A88E0C0E07410121A88D0E001
:10125000F0741E121A88E0C0E0740F121A88D0E0F1
:10126000F0EE2410129E5FC0E07411121A88D0E0D4
:10127000F07421121A88E0C0E07412121A88D0E0CB
:10128000F0742E121A88E0C0E07413121A88D0E0AD
:10129000F07423121A88A982AA8389088A09750A18
:1012A0000078081217127C087D007417121A88AA99
:1012B00082AB8312270D74031216F374071217B34F
:1012C0001230A98003123067742F029CC7E0FA8E97
:1012D000828F83A3A322E0F98E828F83A3A322129D
:1012E000B0FA640122E0F98A828B83A3A3A3A3A3AB
:1012F000A3A3A3A322F012B015E022F07AC37B19B6
:1013000079532212930722F085188285198322745B
:10131000F212103B74F81217DBEAFEEBFF8C0A8D19
:101320000B890D90888EAC18AD197408121657757C
:101330000C00EEFCEFFDAA18AB19122965E9700349
:10134000750C01901A1E801AEEFCEFFDE508240BC7
:10135000FAE43509FB122965E97023E50824141223
:10136000A8951293946024E50CA2E040DB850882E6
:10137000850983E0650A7004A3E0650B70DD8508CC
:1013800082850983A3A3E0650D70D0AA08AB097418
:101390000802995C129BDEE508450922C082C083E1
:1013A000901A1E02A95674F712103B901A1E12BD15
:1013B00017800C12B464129CB81227D3EEFAEFFB1C
:1013C000EA4B70EF901A1EE4F0A3F0029B6B74F1ED
:1013D00012103BEAFEEBFF890A8C088D098E828F82
:1013E00083E08C828D8312A3BAAE82AF83E012A613
:1013F000FF12A906C412A6FF12948DE012A70612CE
:10140000A904A2E2E4338C828D8312A9031313137F
:10141000541F12A6FF12A902A2E7E4338C828D8327
:10142000A3A3A3A312948D8E0C8F0D750E00780CC0
:101430001217127C087D00E5082407FAE43509FB41
:1014400012270D74031216F3EE2408FE50010F8EBE
:101450000C8F0D780C1217127C037D00E508240F09
:10146000FAE43509FB12270D74031216F3E50AC3DB
:10147000940F40118E828F83A3A3A3E0C0E012A833
:1014800091D0E0800412A891E4F002BAA1A3A312C3
:10149000A3BE0EAF832274F512103B8A088B098A13
:1014A000828B83A3AE82AF83E0F91230C78E828F26
:1014B00083E064EB6024850882850983A3E064E10E
:1014C0006018850882850983A3E064F1600C8508B3
:1014D00082850983A3E0641A7009850882850983DF
:1014E000A3E4F0901D21121A4D1233DF750A017822
:1014F0000A12171A850882850983A3E0F50878087F
:1015000012171A79009019D012951C12A979123469
:10151000DB74021216F3123433029CCA12B87890AC
:1015200019C622EAF0A3EBF002A95974F612103B97
:10153000901A21E0701B7C0079017A007B00123444
:1015400063EA4B600C8A828B8312B206600312330B
:10155000D302ACC7C082C083790412345DE9F8902D
:1015600049D3E493C398401079FF12345DE9F890B1
:1015700049D1E493C398500479018002790002A90B
:101580005974F012103B8A088B09890B750C008A7C
:10159000828B83A3A3A3A3A3A3A3A3E0F91234691B
:1015A0008A0E8B0FAE0EAF0F750A01EE4F6003026D
:1015B000967B850882850983A3A3A3A3A3A312B85E
:1015C00074850882850983A3A3A3A3A3A3A3A3E08F
:1015D000F985088285098312A9791234518A0C8B06
:1015E0000DAE0CAF0DEE4F70030297968E828F8377
:1015F000A3A3A3A3E4F0A3F0E508240CFAE43509BF
:10160000FB8A828B83E0C0E012979DD0E0F0E50872
:10161000240D1297B0240D12B01F12353BEE240F8B
:1016200012B629E50824111297B0241112B01FE553
:101630000824131297A7C0E012AEC9D0E0F0750CD1
:1016400001EE240612A37F547FF0A3E054FC12871E
:10165000F5540460030296F0901D33E0F508750917
:1016600000740778081218E48E828F83A3A3A3A3C3
:10167000A3A3E04508F0A3E04509F08E828F83A381
:10168000A3129BD6740778081219FBE5085407FCCF
:10169000E50B606C8E828F83A3A3A3A3A3A3A3A354
:1016A000A3740212A907129A81600B9019BE1297B7
:1016B000BCA3A312B025EC7003029764EE240612BB
:1016C000C002547FF508A3E054FCF509EC24FFF5B3
:1016D0000EE434FFF50F7407780E1218E4E50845A0
:1016E0000EF8E509450FF98A828B8312B0258074C4
:1016F0008E828F83A3A3A3A3A3A3E0448002967A40
:10170000EC7005750A00805C8E828F83A3A3A3A36F
:10171000A3A3E05420600C122725EA547F7900240B
:101720005F80198E828F83A3A3A3A3A3A3E0541089
:10173000601A122725EA540F7900240A5001098EF5
:10174000828F83A3A3A3A3F0A3E9800D8E828F834E
:10175000A3A3A3A37401F0A3E41297C27404129A82
:101760000412276DE50CA2E0502F8E828F83A3A375
:10177000A3A312B3EAE0F9EEFAEFFB123457E960E3
:101780001812B1FD6009EE240F12A9731227D3EECF
:10179000FAEFFB1227D3750A00A90A8034EE240C55
:1017A000F582E43FF58322F582E43509F583E022F2
:1017B000F582E43509F58312A3F6EE2212BACAA324
:1017C000A3221297C62212A642A3A3A3A3221216F3
:1017D000F37F080213A874F412103B74F71217DB9E
:1017E0007E00123469EA4B700302989C8A828B83D4
:1017F000A3A3A3A3A3A3A3A3A3E0640660030298E7
:101800009C8A828B83A3A3A3A3A3A3A3E0FF8A82C2
:101810008B8312C026E0C0E07408121A88D0E01250
:101820009BBDF8A3E0F985188285198312B02512B3
:10183000347BEF5408606385188285198312B8746D
:101840007A007B0012344B8B0BEA450B704C12C0B4
:1018500075122F777C007D007A007B0080288E82B5
:101860008F83129CC3F47003A3E0F4602D9019D011
:101870001287E712A979122F71E9641A601C7C00A3
:101880007D00EEFAEFFB12344B8A0A8B0BAE0AAFE7
:101890000BEE4F70C97900122F7D7E01EEF97409AD
:1018A00002891EC082C083EA4B7005901A2680060A
:1018B0008A828B83A3A3129AB960208A828B83A326
:1018C000A3A3A3A3A3A3E0540860E5EC4D6010120A
:1018D0009AC07003A3E06D70D780047A007B000289
:1018E000A95974F212103BEAFEEBFF890A8C088DAD
:1018F000097A147B001227CDEA4B603A8A828B83E7
:10190000A3A3A3A3A3A3A3A3A3E4129BB2A3E50A47
:1019100012BA71A312C081129941129BD012994838
:101920008A828B8312BA8EEA12BCF33BF583E4F011
:10193000129938F0A3F08027A3F08A828B83A3A3A7
:101940002212BA85E4F0A322A3F01299533BF58347
:10195000E4F022EA12ACEE22A90A74031216F37F15
:10196000060213A874F412103BEAFEEBFF89088C00
:101970000A8D0BEE4F70030299FF74016508701217
:10198000790112345DE9F89049D4E493C398502268
:101990008016740465087014790412345DE9F890B7
:1019A00049D3E493C398500A7911805574026508AD
:1019B000704D8E828F83A3A3A3A3A3A3A3A3A3E5A8
:1019C0000812A3BAA312B6C8E4F0A3F0901A261224
:1019D000B206601A8003E0F8A3E0F988828983A345
:1019E000A3129AB988828983A3A370EA8003901A0C
:1019F00026EEF0A3EF129A0412276D790080027987
:101A0000C1028921F07A207B00901A1DE0F922C0E2
:101A100082C083E9F87900901A26801D8A828B8320
:101A2000A3A3A3A3A3A3A3A3A3E068600574FF6873
:101A30007001098A828B83A3A3129AB970DE02A96E
:101A40005974F712103BEA4B7005901A2680068AEB
:101A5000828B83A3A3129AB960208A828B83A3A36B
:101A6000A3A3A3A3A3A3A3E06970E4EC60108A82FC
:101A70008B83E0129A8170D780047A007B00029BEE
:101A80006BF8A3E0C812C04DE0540422C082C083AA
:101A9000901A2680068A828B83A3A3129AB96012B9
:101AA0008A828B83A3A3A3A3A3A3A3A3E06970E566
:101AB00080047A007B0002A95912BD17FBEA4B2271
:101AC000129BC26C2274F212103B8A0A8B0B8C0C94
:101AD0008D0D750800750900EA450B6030901A26D7
:101AE00080068E828F83A3A3129CB8EE4F601EAC3B
:101AF0000CAD0DEEFAEFFB850A82850B83123A9E40
:101B0000E9640170DDEEF8EFF988088909AA08ABED
:101B10000902995F74F712103B901A2612A3F27C07
:101B2000007D00800DE8FCE9FD88828983A3A31273
:101B3000A3F2E8496030EA687002EB6970E7901A36
:101B40002612A979E86A7002E96B88828983A3A3C7
:101B5000700812A3F2901A26800912A3F28C828DCB
:101B600083A3A312B02580031216F37F010213A8EA
:101B700074F712103BEAFEEBFFEE4F602B12347548
:101B8000129BE612A9771227D38E828F8312A9792E
:101B90001227D312B1FD6009EE240F12A973122788
:101BA000D3EEFAEFFB1227D380C112B8788A828B6A
:101BB0008322129BB62212BA89A3A3A322F0129BFE
:101BC000C2228A828B83E0F8A3E0F5838882E02238
:101BD000129BB6A3A322A3A3A3A3129BDE22E0F52C
:101BE00008A3E0F509228E828F8312A0A312A09988
:101BF0003822C082C083EAFCEBFDEC4D6017EC2478
:101C0000FBF582ED34FF12B2047007129C4CE0F435
:101C1000600712273179058030901A1DE0C0E0126C
:101C20009C4CD0E0F09049CCE493F97A287B1A12CE
:101C30002767E9640170107A007B20901A1DE0F993
:101C400012276D79008002790402A959EC24FFF56E
:101C500082ED34FFF5832274F412103BA2AFE4331B
:101C6000F508C2AF901A28129CB8EE4F603AEE24E5
:101C7000FBF582EF34FF12B2047A007B20901A1D2C
:101C80006007E0F912276D8005E0F9122773E4F58B
:101C90000AF50B780A121716EEFCEFFD7A287B1A6C
:101CA00012276174021216F3E508A2E092AFEEFA71
:101CB000EFFB028921A3A3A312B6E0FF22F582E481
:101CC0003FF583129BC6221216F37F030213A874FA
:101CD000F212103B74FA1217DBEAFEEBFF750AFEF4
:101CE000750BFF123439E960057911029E57EE2415
:101CF00015129E5F6035901D51E0C43354E0F8E04A
:101D0000333354FC48C0E012A608D0E012C056FAA3
:101D1000A3E0FB79FF1232298B09EA4509600C75B3
:101D20000AFF12AECD12ADB3D2E0F08E828F83A344
:101D3000A312A979123535E96006EE241212ACD649
:101D4000EE2413129E5F700D9049D5E493C0E0120B
:101D5000AEC9D0E0F08E828F83E0A2E75004540336
:101D60008019EE2414129E5F70129019AFE0C0E04B
:101D700012A375D0E0F09019AFE004F0129E5C64FD
:101D8000017016901D3CE0600D9019BAE0700A8E4B
:101D9000828F83E0700312ACD38E828F83E0640164
:101DA0007011EE240B129CBD64027007129E73E04A
:101DB0004440F0AC18AD19EEFAEFFB12349F8A08DC
:101DC0008B0974FE650A700374FFF4700D8E828FA8
:101DD00083A3A3E0F50AA3E0F50BEA450960748E3E
:101DE000828F83E0C0E07401121A88D0E0F074049E
:101DF000121A8812BA8EEE241E12A3EC7402121A62
:101E00008812B02574011217AB880C890D780C125A
:101E10001716EE2420129E6712171A129E731215BF
:101E200034EE240E129E6712171A9019C31215343D
:101E30007408121A88E0F9AC0AAD0B1234997408D0
:101E40001216F3E9FE74106E700BAA08AB09122784
:101E5000D380027E10EEF9740602995CEE2411F52F
:101E600082E43FF583E022F582E43FF583E0F50C60
:101E7000780C22EE12AED522C082C08374D712171E
:101E8000DB90850674031217BB74261216578A82DC
:101E90008B83A3A3A3A312A3F2740E121A88E8F0F3
:101EA000A3E912993912A3F2740C121A88129F69CD
:101EB000129F6312906AC0E0741A121A88D0E0F080
:101EC00012B46E12A3F07420121A88129F6924159E
:101ED000129067C0E07408121A88D0E0F0EA241C5F
:101EE000F582E43B12A3F07412121A88129F69243F
:101EF00011129067C0E07409121A88D0E0F0EA2449
:101F000012129067C0E07407121A88D0E0F0EA2439
:101F10001EF582E43B12A3F07424121A88129F6902
:101F20002420129067C0E07426121A88D0E0129321
:101F30000374FFF07401121A8874FFF07402121A0D
:101F40008874FFF0908A7612153074041217BB74EF
:101F5000071217B312309D74041216F37900742916
:101F60000284EF240DF582E422E8F0A3E9F0EA22EE
:101F700074F412103B74EC1217DBEAFEEBFF8C0AD0
:101F80008D0B89097508107A217B001227CD8518E1
:101F90008285198312B62F85188285198312B2069D
:101FA000700302A0927C217D00790085188285193A
:101FB00083E0FA1227199019D012A9798518828521
:101FC000198312A09F2409F582E43812B62D7420DB
:101FD000121A8812A3F27411121A88E8F0A3E912F7
:101FE000A0A912C01012A0A912C02D740212A3FC45
:101FF000F812AC71E50AF0A3E50B12A0A912C01DFE
:10200000E509F07422121A88E0F885188285198390
:10201000E0F9A3E0C9240CF582E439F583E812A3C2
:10202000FCF9A3E0C912A09939F58312BA8E742382
:10203000121A8812A9797406121A8812B62F740817
:10204000121A88E8F07426121A8812BA64C082C084
:1020500083740C121A88AC82AD83D083D08274054D
:102060001216577425121A88E0C0E07413121A88E9
:10207000D0E0F07900AA18AB1912343FE96401707E
:1020800005750800800C85188285198312A97912BC
:1020900027D3A908741402891E241FF582E4221292
:1020A000A0A322E0F8A3E0C82212A400F8A3E0C88D
:1020B0002274EE12103BEAFEEBFF8C088D098E8233
:1020C0008F83A3740812ACF4E060088E828F83A320
:1020D0007410F0EE2417129E5F60098E828F83A326
:1020E000E02408F0EE2415129E5F60088E828F8334
:1020F000A3E004F08E828F83A3A3A3A3A3A3E06035
:10210000198E828F83A3A3A3A3A3A3A3E0C3332425
:1021100002F88E828F83A3E028F0129E5C60057522
:102120000B0E8003750B00901946E0640170168E4B
:10213000828F83E06401600D901D47E0600712A369
:102140006B7401800412A36BE412A3BAE012A3899A
:1021500028250B8C828D83F0129E5C60139019BB36
:10216000E0F91233A3E9F8850882850983E029F0B4
:10217000850882850983E0C3947540097508007558
:10218000090002A364E0FA7B001227CD8A088B09BC
:10219000EA4509700302A3648E828F83E0FA9019E6
:1021A000C012A3B37402780C1218E4EA450CFAAB1F
:1021B0000DEE2412129E5F5403F50C750D0074068B
:1021C000780C1218E4EA450CFCEBFDEE2415129E87
:1021D0005F6004780180027800EE2416FAE43FFB89
:1021E000E8F9ED49FD129E5CF50C7409780C1218A3
:1021F000E4ED450DFD8A828B8312A3B3740B780C3A
:102200001218E4ED450DFDEE241712A3AD740C7801
:102210000C1218E4ED450DFD8E828F83A3A3A3A3BA
:10222000A3A312A3B3740A780C1218E4ED450DFDB4
:10223000EE242312A3AD740D780C1218E4ECF8ED23
:10224000450DF9E8850882850983F0E9A3F0EE24BD
:102250000212A37F85088285098312A3D5F0EE249C
:1022600004F8E43FF98882898312A8A9A312A3D5B0
:10227000A3A312C05C12A3A6F012A37512A3A6A377
:10228000F0750A088A828B83E06015EE241812B874
:102290006EE5082408FAE43509FB12296B750A106B
:1022A000EE2417129E5F6019EE241A12B86EA80A67
:1022B000E50828FAE43509FB12296B7408250AF5AC
:1022C0000A8E828F83A3A3A3A3A3A3E06058EE2466
:1022D00007F510E43FF511851082F583E0C0E012A8
:1022E000A390D0E012A3C5E0C0E00812A392D0E012
:1022F00012A3C5A312A39D12171285108285118304
:10230000E025E0FCE433FDA80AE50828FAE43509F5
:10231000FB12270D74031216F3851082851183E0DA
:10232000C333250AF50AEE2415129E5F6008C0E04B
:1023300012A390D0E0F012B01112A39D1217121246
:10234000A38AFC7D00A80B8E828F83A3E0FAE508A8
:102350002AFAE43509FBEA28FAE43BFB12270D745C
:10236000031216F3AA08AB0902A65CEE2423F58239
:10237000E43FF58322EE2414F582E43FF58322F84E
:10238000E43FF988828983E022F8EE12BEF3E0226E
:10239000A80AE50828F582E43509F5832212BA94E3
:1023A000750E00780C2212A3DEA3A3A322F582E40B
:1023B0003FF583E0F50C750D002212A3BE22F08ECE
:1023C000828F83A322F0050A8E828F83A3A3A3A307
:1023D000A3A3A3A322A3A312BD0412A3DE2212A8C7
:1023E000ADA3A322740302891EEE240BF582E43F01
:1023F000F58312A3F622E0F8A3E0F92212A400224A
:10240000129307E02274EE12103B8A0A8B0B89109C
:10241000ECFEEDFF750F017C267D007900EEFAEFF2
:10242000FB122719E510C39408500302A59C8E8265
:102430008F83E510F0EEFCEFFD850A82850B831299
:10244000A8D41234ABE96003750F0012A8B68E82CF
:102450008F8312A90E12ACE812A8F8C0E0EE241186
:10246000F582E43FF583D0E012A8F0C0E0EE24123C
:10247000F582E43FF583D0E012A3BA740812A63ABD
:10248000A3A3E06018E50A2408F8E4350BF9EE246C
:102490001312B01F8E828F83A3E02408F08E828FE8
:1024A00083A3A3A3A3A3A3A3A3E060178E828F8318
:1024B000A385820885830912A8C912A6081290561E
:1024C0002408F0EE241912ACD6EE241B12ACD6A3CD
:1024D00012A63AE0600F12A6218E828F83A3A3A3D7
:1024E000A3A312A64DEE2418129E5F700302A58CC2
:1024F00012A621FAEE2419F582E43FF583EA12A62A
:102500004DF8E50A28F582E412C06FF8EE241AF5BA
:1025100082E43FF583E812A64DE8C39AEE506824A2
:1025200019129E5FF89049DAE493C398500575112B
:102530000C8008EE2419129E5FF5118E828F83A302
:10254000E0F8E50A28F50CE4350BF50D750E00787A
:102550000C121712AC11EC2CFCE433FD7AC67B0D87
:1025600012270D74031216F3EE241BF582E43FF5D7
:102570008374C6F0A3740DF0E511C333F8850882A7
:10258000850983E028800412ACCCE4F08E828F832E
:10259000A3E0F88E828F83E0C398500479008066B0
:1025A000A3E0FAE50A28F8E4350B12A616E8F0A332
:1025B000E912A907C39AC0E0EE2417F582E43FF5BB
:1025C00083D0E012A653603CEE2417F8E43FF9886C
:1025D0000889098882F583E024F2F0EE241D12A315
:1025E0007F240EFAA3E03400FB8882898312B62F81
:1025F0009019BBE0F91233A3E9F8850882850983B5
:10260000E0C398F0A90F805412A60C22EE2415F511
:1026100082E43FF58322F9EE241DF582E43FF58341
:10262000228E828F83A3858208858309E0F8E50ADC
:1026300028F582E4350BF583E02212A63E2212A68D
:102640004222F08E828F83A3A3A3A3A32212905EC3
:1026500004F02212A63EA3E0221216F37F0A021310
:10266000A874F412103B8A088B09EA12A706A3A3E8
:10267000F0EA1313543F12A6FFA3A3A3F0EAC41376
:102680001312A70612A7107409780A1219FB12A6D2
:10269000F6A3A3A3A3A3A3F0EB12A6F812A70F74AB
:1026A0000A780A1219FBE50A5401C0E0EC12B610D0
:1026B0003DF583D0E012A714740B780A1219FB12AF
:1026C000A6F612A70D740C780A1219FB12A6F6A32F
:1026D00012A70D740D780A1219FBE50A5401C0E027
:1026E000EC2424F582E43DF583D0E0F0740E780804
:1026F0001219FB02891AE50A54018C828D83225437
:102700000F8C828D832254038C828D8322A3A3A3FA
:10271000A3A3A3A3F08A0A8B0B22C082C0837900F3
:102720008A828B83A3A3A3A3A3A3E09019BA600E0C
:10273000E0702C8A828B83A3A3E07023801FE0606B
:102740001E8A828B83A3A3A3A3A3A3A3A3A312A9DB
:10275000799019C3E06A7003A3E06B60027901020B
:10276000A95974F212103B8A0A8B0B890C8C088DC4
:10277000098A828B8312A8D41234AB12A8B68508BA
:102780008285098312A90E12A88912A8F8C0E0E573
:1027900008241112A895D0E012A8F0C0E012A89168
:1027A000D0E012AEE7740812A8E2E06017E50A2450
:1027B00008F8E4350BF9E508241312A89D12AEE7DA
:1027C000E02408F0850882850983A3A3A3A3A3A31B
:1027D000A3A3E06017850882850983A312A8C5E535
:1027E00008241512A89D12A9072408F085088285DF
:1027F0000983A3A3A3A3A3E06019850882850983A5
:10280000A3AE82AF8312A62C85088285098312A904
:102810000204F0AA08AB091234B1E9F50D705B852A
:102820000882850983A3A3A3A3A3A312A8A9701652
:10283000E0FAE50A2AF8E4350BF912A87F12B02372
:10284000E50CC39A802812A8C5E8240EF8500109A7
:1028500012A87F12B0239019BBE0F91233A3E9F854
:102860008E828F83E0F9E50CC39924F2C398C0E00F
:10287000E508241712A895D0E0F0A90D02995FE5AC
:1028800008241DF582E4350922E50812995435091A
:1028900022E5082412F582E43509F58322F582E465
:1028A0003509F583E8F0A3E92212A8AD22E08508F6
:1028B00082850983A322850A82850B83A3A312A99B
:1028C00024E0F9EA22AE82AF83E0F8E50A28F8E4D2
:1028D000350BF922E0FAA3E0F8E4C8F9EA28E43974
:1028E000FB2212A8E62212AEEFA3A3A3A3A3A32266
:1028F00012A937A3A3A3E022F583E812A930A3A36A
:10290000E022A3A3A3A3A3F08E828F83E022A3A33C
:10291000A3A3A3A3A3A3A312A93012A924A3A3E052
:10292000F9EAF822E0FA850A82850B83A3A3A322A1
:10293000F0A3E912A93722F0850A82850B83A3A3AD
:10294000A3A322C082C0837A367B1A79E2122F4772
:102950007A367B1A800312A979D083D0820216DBE3
:102960008E828F83A3A3A3A3A3A3A3A3A312B87848
:10297000EE240BF582E43FF58312BD17FB22C082E3
:10298000C0839019C380CFC082C0839019C680C60F
:10299000C082C083794A122F4780BE74F612103B62
:1029A000901A3EE0FE04F0EEF91234698B09EA4514
:1029B0000970EDEE60EAF902ACC774F212103BEA5E
:1029C000FEEBFF8C088D09890A1235B38A0C8B0D3A
:1029D000AC0CAD0D740E121A88E0F9740F121A883F
:1029E000E0F8EC4D7012E8701BA90AAC08AD09EED6
:1029F000FAEFFB1235D18072E86017E970068C821D
:102A00008D83E4F07401687061E9901A437028E4E2
:102A10008022E97055EC2402F582E43DF583E0A8BC
:102A20000A28F8E4340013E813F0703E8C828D839A
:102A3000A3A37401F08033E004F0901D34E0F8901B
:102A40001A43E0C3984023E4F09019C6E06E700387
:102A5000A3E06F7015EEFAEFFB79011230C17A0135
:102A60007B00901A1DE0F912289902995F74F41204
:102A7000103B8A088B098C0A8D0B908A12780812F9
:102A80001831700E7A017B00901A1DE0F912276D43
:102A90008035901D217808121A0AEA4509450A4531
:102AA0000B6018780812170E7A017B00901A1DE04F
:102AB000F912288D74041216F3800C7A017B0090B1
:102AC0001A1DE0F9122899028921C082C083901D45
:102AD00025029523C082C083901D2702952374F69A
:102AE00012103B7508AF75091978081217167C6E1D
:102AF0007D007A217B0012285174021216F3E9F549
:102B00000812303DE9420890037A12B206600912B9
:102B1000AC72123A9EE9420812324DE9FE122EC3FF
:102B2000E9F8E5084E48F902ACC774F612103B12FA
:102B300026DD7508AF750919780812171675086E25
:102B400075090078081217167C007D007A217B0039
:102B500012285D74041216F312304390037C12B2F3
:102B600006600612AC72123A9E123253122ED50231
:102B7000ACC774F612103B74FF1217DB7E007508A9
:102B8000AF75091978081217167C6E7D007A217BC3
:102B90000012285174021216F3E9600302AC577850
:102BA0000812171675086E8E0978081217167C0021
:102BB0007D007A217B0012286374041216F3E96009
:102BC0000302AC579019C3E064FE7003A3E0F470F5
:102BD0000302AC577E019019D2E064086005E064FE
:102BE00004706F851882851983EE12AD097942123F
:102BF0002F4D7ADA7B197943122F4D7AD77B1979C9
:102C000047122F4D7AC87B19794A122F4D7AC67B0D
:102C100019794B122F4D7AD07B197950122F4D7A9A
:102C2000C37B197953122F4D7AD87B197954122FFF
:102C30004D7AC57B1979E1122F4D9019BDE0A2E3C1
:102C40005004D2F08002C2F012ACFF7952122F4D24
:102C500080051226DD7E0012303190037E12B2060E
:102C6000600612AC72123A9E12325FEEF974018065
:102C700053A312BA6B2274F612103BE9FEA2E05085
:102C8000267508AF750919780812171675086E753C
:102C9000090078081217167C007D007A217B00124B
:102CA000285D74041216F3EEA2E35003123037EEDF
:102CB000A2E2500E90038012B206600612AC7212AD
:102CC0003A9E80031216F37F020213A812B6103F39
:102CD000F58322EE2411F582E43FF583E4F022121D
:102CE000ACE8F58312ADA92212ACED3F22EE240B25
:102CF000F582E422F0EE2416F582E43FF58322A269
:102D0000F0E433851882851983F0AA18AB19227470
:102D1000F412103BEAFEEBFF7A007B04901A1DE0F0
:102D2000F912289912ADB99019D27409F01234BD74
:102D30008A088B09AC08AD09EE241312A973122975
:102D400065E9640170587A0F7B0012272B8A088B83
:102D500009EA450960488A828B837402F012BAAE90
:102D60003F12ADA1FC88828983A3A3E0FBEC8A8299
:102D7000850983A3A312B63088828983A3A3A3E025
:102D80008A82850983A312ADB3FAA3E0FB794A12C4
:102D90002F4DAA08AB09901A1DE0F91227370289B6
:102DA0002112ADA7A3E022F583E0F8A3E0F9888221
:102DB000898322F012A60CE02290196412A3F690E7
:102DC0001D27E8F0A3E9F090196612A3F6901D25DF
:102DD000E8F0A3E9F02274F412103B74FD1217DB43
:102DE0008A088B097401121A88740212AD0912350F
:102DF000298A0A8B0BAE0AAF0BEE4F700302AEC4EA
:102E000012C036E412AEE7A3A3A3E0640170088801
:102E1000828983A37420F0850882850983A3A3A3F4
:102E2000A3A3E06401700988828983A3E0D2E6F05D
:102E3000850882850983A3A3A3A3A3A3E0640170EB
:102E40000A88828983A3E0D2E7800512AEC97401A3
:102E500012AEF8E06401701E850882850983A3A381
:102E600012B206600312BAB5850882850983A3A34E
:102E700012A3F212B01C850882850983A3A3A3A321
:102E8000A3A3A3E06401700712BEE6F0A3E4F085FB
:102E9000088285098312A979123535E9600412AEDA
:102EA000CDF0EE241712BAB81234BD12B62685083A
:102EB0008285098312BAC612AEDEFAEFFB12304FDA
:102EC000E9F98002791002A3E412C0652212AED49F
:102ED000E0440422EE240FF582E43FF58322A3A30D
:102EE000E8F0A3E9F0EE2212AEEB2212AEEF22F0F0
:102EF000850882850983A32212AEEBA3A3A3A32294
:102F000074F512103B74F31217DB890AEAFEEBFF2B
:102F10007508007509007C0D7D007900AA18AB19B1
:102F200012271912A61712B0E6741F58600C7AD334
:102F30007B00122D55790002B00CE8A2E550087410
:102F40000C121A887401F0E8A2E75008740B121AE8
:102F5000887401F0E8A2E6740A5008121A88740115
:102F6000F08008121A88E0640170138E828F83A3A8
:102F7000A3A3A3A3A3A3E06032EE241380128E8246
:102F80008F83A3A3A3A3A3A3A3A3E0601EEE241592
:102F9000F582E43FF5831293946010AC08AD097498
:102FA00002121A88AA82AB8312296B12B01112B1D5
:102FB0001712B025740A121A88E0640170458E82D7
:102FC0008F83A3A3A3A3A3A3A3A3A312A9791235B9
:102FD00035E9703612A3E99019C6E0687003A3E0E2
:102FE000697027E5084509601A1234BD8A088B0903
:102FF000AC08AD097402121A88AA82AB8312296543
:10300000E96007AA18AB191230BBA90A740D029C1B
:10301000C712B0152212ACED3FF58322EE2418F54D
:1030200082E43FF583E8F0A3E9F02274F712103B45
:1030300074CD1217DBEAFEEBFF8E828F8312B0F3A2
:10304000A2E0400302B0E18E828F8312ACE4A3A31E
:10305000A3A3A3A3E054FE12BD0F740D1217BB125D
:10306000B10612A9771234B7E97076742A121A8859
:1030700012B0ED706C7C0D7D007900AA18AB1912AE
:1030800027197416121A8812B11712B025742A1251
:103090001A8812B0E6A2E55008740B121A8874015F
:1030A000F0E8A2E75008740A121A887401F0E8A246
:1030B000E65004742080027422121A8812B87474C4
:1030C00002121A88AA82AB8312296B8E828F83A385
:1030D000A3E0C0E0740C121A88D0E012AD091230DF
:1030E000B57433029B6812BA68A3E0F822129BC63B
:1030F000640422E0F812B0F922A3E0C82406F582A5
:10310000E438F583E022EA241EF582E43BF583E00F
:10311000F9EA12A0993B2212A3F685188285198339
:1031200022E9F87900740468600A740A686005741A
:103130000368700279010216DB74F612103B8A8272
:103140008B837424F0A3A37401F01230558A088B8A
:1031500009AE08AF09EE4F600D8E828F8312B787DC
:103160001234BD12B626EEFAEFFB02ACC7C082C025
:1031700083901A2A7401F0E9A2E350037403F0E982
:10318000A2E15004E0D2E2F002A95974F612103B19
:1031900079007C008A088B0978081213EEF8FF0783
:1031A000C0B1BEB1BEB1BEB1BEB1B6B1BAB1C0B1AF
:1031B000B2B17C01800A7C0480067C0280027C081B
:1031C000901A2AE05C600479028005EC60027901C3
:1031D00002ACC774F612103B8A828B83E07017A38F
:1031E000A3A312B206600F8A828B83A3A3A312A9A2
:1031F000791232B380047A007B0002ACC7EE240F50
:10320000F582E43FF58312A3F6E84922C082C08329
:103210007C00EC75F003A4F8ADF0EDF912B2B670D5
:1032200003A3E06B70189049D9E493C0E0742D2893
:10323000F582741A3DF583D0E0F079C580620CEC1C
:10324000C3940340CD7C00EC75F003A4F8A9F0749E
:103250002E28F582741A128CEE64FE7003A3E0F43B
:10326000600F0CECC3940340DE7C00EC12B2A37040
:1032700026EC75F003A4FCADF0742D2CF8741A3D07
:10328000F988828983A312B62F9049D9E493888262
:103290008983F0790080090CECC3940340CD79C791
:1032A00002A95975F003A4F8A9F0742D28F58274C9
:1032B0001A39F583E022742E28F582741A39F583C1
:1032C000E06A2274F412103B74F31217DB8A088B45
:1032D00009ECFEEDFF750A12EA4509700579000256
:1032E000B37F9019C3E065087004A3E06509701D01
:1032F0001234BD8A0A8B0BAC0AAD0BEEFAEFFB124F
:103300002965E97005750A018003750A0085188230
:10331000851983E4F004121A8812C08312AD0912D1
:103320003019E9602A7403121A88AA82AB83122F1B
:10333000F5E964017019750A017403121A88AC82E8
:10334000AD83EEFAEFFB122965E96003750A00EE22
:10335000FCEFFDAA08AB091235B9E9F8740A6870E8
:1033600005750A01801774A0687012EEFCEFFDAAC3
:1033700008AB091235C5AA08AB091235D7A90A74DA
:103380000D02891E74F712103BEAFEEBFF8E828F4E
:1033900083A3A3A3A3A3A3A3A3E0601312A608126D
:1033A000A96D123547E96401700512B011802C8EA9
:1033B000828F83A3A3A3A3A3A3A3E0602812AEC913
:1033C00012B3EA12A979123547E9640170178E82A7
:1033D0008F83A3A3A3A3A3A3A3A3A312A9791235A5
:1033E00041790180027900029B6B1287EBA3A3A3B2
:1033F000A3A3A3A3A3A32274F212103B74FD12177C
:10340000DB8A088B09ECFEEDFF890B750A0174015C
:10341000121A88740412AD09123529EA4B604274FD
:1034200011121A88E0601412B772E412BA7E8A820E
:103430008B83E0D2E7F012B464E4F012B46E12AC05
:10344000E2740312B620EE88828983A3A3F0EF888A
:10345000828983A3A312993812C07C12304FE9F5F8
:103460000A029958EA2414F582E43BF58322129962
:10347000533B2274F412103BEAFEEBFF890A12A6BA
:103480001712BA64A3E0F50BEE2417129E5F6404D2
:1034900060097AD37B00122D55806FE50B1215E57C
:1034A00001000EABB400A8B4750A0012A617A3E081
:1034B000F9EE2409F508E43FF50988828983A3A37E
:1034C000E0FA88828983A3A3A3E0F8E4C8F9EA2894
:1034D000FCE439FDA90B85088285098312A97912BC
:1034E00030D385088285098312A979123535E960C0
:1034F00019129E5CC39402401112B01112B993705C
:1035000003A3E0696004A90A80027900028921749A
:10351000EE12103B74F51217DB8A0A8B0B890D8CA7
:103520000E8D0F7E01EE121A88740AF0741D121AA5
:1035300088E0F50CE9700FE50CC333240AC0E0EE17
:10354000121A88D0E0F0AA18AB191235298A088B14
:1035500009EA4509700302B609EA12A88B12B6D52A
:103560007409F0A3E50DC43354E0450C12B6EAAC7F
:103570000EAD0FEEFAEFFB12296BEE2408FE5001A0
:103580000FE50D702F7C00741E121A8812906F8048
:103590001D12B616EA28F8EB39F98882898312B62B
:1035A000E588828983129040F0A30EAF830CECC3B0
:1035B000950C40DDE508241712A8957401F012342B
:1035C000BDE508241AF582E4350912B62D740312FC
:1035D00017BBAA0AAB0B123001E96019E5082416E3
:1035E00012A8957401F074031217ABE50812B61017
:1035F000350912B023850882850983A3A312B61E5C
:10360000AA08AB0912304FE9FEEEF9740B02A65975
:103610002418F582E422EC25E0F8E433F922E50AE7
:10362000F0A3E50BF022EE241AF582E43FF583EADD
:10363000F0A3EBF02274F012103B8A0A8B0B890D79
:103640008C088D0990187812B20660797410121ADD
:1036500088E0F50C12B617E8240EFAE439FB1227BD
:103660002B8A0E8B0FAE0EAF0FEE4F60588E828FEF
:103670008374D4F012B6C8A3A3E50DF0AC08AD096D
:10368000EE2405FAE43FFB12296BEE129F633FF52F
:1036900083E50CF07411121A8812BA5978081217BF
:1036A00012AC0CEC2CFCE433FDEE240EFAE43FFBF0
:1036B00012270D74031216F3EEFAEFFB901878122E
:1036C000BA64123A9E0297D1A3A3E50AF0A3E50BD0
:1036D00012A3BEA322F58312B6E0FF8E828F83224F
:1036E000E0FEA3E022E08E828F83F0A3AE82AF8360
:1036F0002274F012103B74FD1217DB8A0A8B0B8CBC
:10370000088D09890D750C017401121A8874031251
:10371000AD091235298A0E8B0FAE0EAF0FEE4F603A
:103720003D12ACDF740BF0A3E50D12B76B741312EE
:103730001A8812B76512B7891234BD12B62612BAAA
:10374000B5EE12B6103F12C07A8E828F83A3A3E526
:103750000AF0A3E50B12B77C12304FE9F50CA90C67
:1037600074030297CEE08882898322F0A3A882A9FD
:103770008322EA2417F582E43BF5832212C06074A9
:1037800001F0EEFAEFFB227401F0EE241712BABC3E
:103790002274F012103BEA12BAAF3B12B85DF8A3E4
:1037A000E0FEE8600302B85A74016E600874026EAD
:1037B000600302B85AEE901D47F075084775091D61
:1037C000780812171675080175090078081217167F
:1037D0007C007D007A517B0012285D74041216F380
:1037E00074026E7075901D49E0700A9048AE7808BA
:1037F0001219698028F508740278081218E474AE6A
:103800002508F582744812A8987808121969908AD8
:10381000AA780C121A197808790C120ED4908ABE64
:10382000780C121A197808790C120FCC908A167835
:103830000C121A197808790C120ED49019427808D3
:10384000121A0A9019421215307A007B40901A1D04
:10385000E0F912289374041216F30297D1F583E06D
:103860002401F8A3E03400F988828983E022F582FC
:10387000E43FF58312B87822E0FCA3E0FD2274F661
:1038800012103BEAFEEBFF901A2B8013888289838B
:10389000E06E7003A3E06F603A88828983A3A3126D
:1038A000B20670E87A047B001227CD8A088B09A83B
:1038B00008A909E849601C8882898312BA8E901A87
:1038C0002B12A97988828983A3A312B62F901A2B71
:1038D00012B02502ACC774F412103B7E00901A2B74
:1038E00080070E8A828B83A3A3129AB970F4EE2507
:1038F000E0FAE433FB1227CD8A088B09EA45096018
:103900007F7C00901A2B80228A828B83E0F50AA3A9
:10391000E0F50B12B616E50828F582E50939F583BE
:1039200012B61E0C8A828B83A3A3129AB970D99007
:103930001A1812B9937003A3E0697808701C121763
:1039400016EEF50A780A12171A7CE47D19790090B0
:103950001A1812A979123565801A121716EEF50A8F
:10396000780A12171A7CE47D197900901A1812A9A6
:103970007912355F74031216F3AA08AB091227D324
:103980001230670289218E828F83A3A3A3A3A3A3EE
:10399000A3A3A312A3F69019C3E06822C082C08338
:1039A00080128A828B83A3A312A3F2901A2B12B0E7
:1039B000251227D3901A2B129AB970E602A95974CE
:1039C000F512103B9019D0129CB8901A3F128EBF7E
:1039D00012B0257A3F7B1A7950122F4D901A3F1260
:1039E000BA59801312BC5E7004A3E0650960061228
:1039F000BC6B1235A7050A9049CEE493F8E50AC3DB
:103A0000985020E50A75F017A4F8A9F012BB5B6E78
:103A10007003A3E06F70CD745C28F582740C12C043
:103A20007980D2901A3F129CB890187A12B2066030
:103A3000257A067B0012272BEA4B601A8A828B8339
:103A400074D5F0A3A3E412BA710412BA7E90187A66
:103A500012BA64123A9E029CCA129BDE750A0022B8
:103A60008E828F8312BA6822E0F8A3E0F583888201
:103A70002212BA7522F08A828B83A3A3A32212BAE0
:103A80008512BA8E2212BA892212BA75A322EEF0DA
:103A9000A3EFF022E0F50CA3E0F50D2212A3F6C38C
:103AA000227F070213A8EE2402FAE43FFB22EE2451
:103AB0001DF582E422EE241612BABC22F582E43F00
:103AC000F5837401F02212BACA22E0F8A3E0F98E5D
:103AD000828F832274F712103B7E008008EE12BCA6
:103AE000641235A70E12BB1540F37E00EE75F0038D
:103AF000A4F8A9F0742D28F8741A39F988828983FA
:103B0000A374FEF0A30412BD09E4F00EEEC3940307
:103B100040DA029B6B9049CEE493F8EEC39822748E
:103B2000F712103B7E0080010E12BB155026EE12DC
:103B3000BB6B6A7003A3E06B70EE12BB5B6C70032F
:103B4000A3E06D600A74FF6C700374FF6D70D9128E
:103B5000BC6B80047A007B00029B6B12BB5F2274FB
:103B60005C28F582740C39F583E02275F017A4F80F
:103B7000A9F012BB762212BDEEE02274F612103BC1
:103B80007CFF7DFF7AFE7BFF123595EA4B703C751A
:103B900008008032E50875F017A4F8A9F0746128D0
:103BA000F582740C128CEE600512BDF97016745219
:103BB00028FE740C39FF8E828F8312A9791231632B
:103BC000EEFAEFFB050812BBCE40C902ACC7904924
:103BD000CEE493F8E508C398229049CEE493F8EC3C
:103BE000C3982274F412103B8A088B09ECFEEDFF97
:103BF000800B1235A7EEFCEFFDAA08AB0912359534
:103C0000EA4B70EE02892174F712103BEAFEEBFFDB
:103C1000EE4F60187C177D0079001227198E828F75
:103C20008374FEF0A30412BF0CF0A3F0029B6B742C
:103C3000F612103B8A088B097E00801AEE75F01789
:103C4000A4F8A9F012BC5E7004A3E0650960061236
:103C5000BC6B1235A70E12BB1540E102ACC712BBFC
:103C60005F65082275F017A4F8A9F0745228FA7459
:103C70000C39FB2274F612103B1235958A088B0919
:103C8000A808A909E8496009E8240DFAE439FB808D
:103C9000047A007B0002ACC774F412103B8A088BD4
:103CA00009ECFEEDFF750A00750B00802FE50B1285
:103CB000BF66122FF5E96022E50B12BB6B65087039
:103CC00004A3E065097003750A0AEEFCEFFD12BF5C
:103CD0006D122965E96003430AA0050B9049CEE403
:103CE00093F8E50BC3985004E50A60C1A90A02895C
:103CF00021E508240FF582E42212BD04A3A3A3A3A7
:103D0000A3A3A32212BD09A322F0888289832212D1
:103D1000BD0912BD17FB22E0FAA3E02274F11210D4
:103D20003B8A0A8B0BECFEEDFF750E007A007B01DF
:103D30007508FE7509FF740F121A8812BA94801163
:103D4000122725E50EF5F0EA84E5F0FA750E007B02
:103D5000007C00800712BDEE129BDA0C12BBD9501A
:103D60005FEC75F017A4F8ADF0EDF912BF767003B3
:103D7000A3E0F460E612BB72650A7004A3E0650B71
:103D800060D912BF617003A3E06F60CF12BB726590
:103D90000C7004A3E0650D60C212BDF960BDC39450
:103DA0000850B8E0640760ADEB050E70AEE50EC3D9
:103DB0009A40A8745228F582740C3D12A977802B82
:103DC000E50E6011EA700E7401650E600302BD40DD
:103DD0007A0102BD4C74FE6508700474FF650960C9
:103DE00006AA08AB0980047AFE7BFF02BAA17452CE
:103DF00028F582740C39F58322746028F582740CDE
:103E000039F583E02274F512103B8A088B09ECFE29
:103E1000EDFF750A008002050A9049CEE493F8E5AB
:103E20000AC3985022EEFCEFFDE50A12BF66122984
:103E300065E960E3E50A75F017A4F8A9F074522863
:103E4000F582740C12C079029CCAE9F87907C39410
:103E50000D400479018019E8C39407400479038078
:103E60000FE8C39403400479058005E870027900E7
:103E70000216DB74F012103B8A088B098C0A8D0B3A
:103E8000890C12359B8A0E8B0FAE0EAF0FEE4F6072
:103E9000487C177D0079001227198E828F8312C00B
:103EA0008312BF0C12B61EE50C6007129E73E50C60
:103EB000800312BEE6F0901A17E06401700612BE8D
:103EC000DCE4800512BEDC740712BEFC5001097AE6
:103ED000027B00120DF012BEEC0297D1EE240EF51B
:103EE00082E43FF5832212AED4740122EE12BEF3B7
:103EF000E8F022240DF582E43FF58322F012BF01A1
:103F0000229049CBE49379002401F8221297C6A3AA
:103F10002274F712103BEAFEEBFF750800803AE5C9
:103F20000875F017A4F8A9F012BF617003A3E06F41
:103F3000601474FF6E700374FF6F701B12BF767095
:103F400003A3E0F4601112BF6D122FF5E97008E5CC
:103F50000812BC641235A7050812BBCE40C1029BF3
:103F60006B12BB766E2275F017A4F8A9F074542872
:103F7000FA740C39FB2212BB7664FE22C082C08325
:103F80007AFF7BFF1235D702A959C082C08374F82B
:103F90001217DB9088A6AC18AD197408121657AC2E
:103FA00018AD19122965E96401700479008002795D
:103FB0000174080284EF74F612103B740C121A8814
:103FC000129CB8743A6E7001EF6006743B6E4F70CD
:103FD00023740A121A881215348C088D0978081275
:103FE0001716EAFCEBFDEEFAEFFB122863740412DD
:103FF00016F38002790A02ACC7240CF582E438F586
:104000008322F8E43FF9E8FAE9FB8A828B83E02215
:1040100012C01674022212ACEE38F58322241EF56B
:1040200082E438F5832212A0A312C02D222408F5C1
:1040300082E438F5832212ACE812ADA77404F0A331
:104040002212A0A312C04D7401F0A3E422240DF5A6
:1040500082E438F5832212A3BEA3E02212C06022BC
:10406000F012C06522EE2413F582E43FF583223579
:104070000BF583E02212C08A2239F58312C083F047
:1040800022A3A3E508F0A3E509229019D0E0FCA340
:10409000E0FDAA18AB192274EE12103B8A088B09B6
:1040A000ECFEEDFF750A00EE65087003EF65096030
:1040B0000C1228578A0C8B0DEA450D7006750A0103
:1040C00002C153EEFAEFFB1228578A0E8B0FAC0E8B
:1040D000AD0FEC4D6007EEFAEFFB122869E4F50E28
:1040E000F50F780E121716AC0CAD0DEEFAEFFB12B1
:1040F000285174021216F3E96059AA0CAB0D12276D
:10410000CD8A0E8B0FEA450F6046780E121716788F
:104110000C1217167C007D00AA08AB0912286374E4
:10412000041216F3E9701D780E121716780C121788
:10413000167C007D00EEFAEFFB12285D7404121667
:10414000F3E96003750A01AA0EAB0F1227D38003AF
:10415000750A10A90A02A65CC082C0838A828B837A
:10416000E4F0A3F0EA240412C1EBEA240712C1EB45
:104170008A828B83A3A3A3A3A3A3A3A3A3A3740152
:10418000F0EA240BF582E43BF583E4F0A3F08A82A5
:104190008B83A3A3F0A3F090072BE0F8A3E0F9E84A
:1041A00049700890072BEAF0A3EBF090072DE0F898
:1041B000A3E0F9E849600CE0F5838882A3A3EAF064
:1041C000A3EBF090072DEAF0A3EBF0EA240EF582C2
:1041D000E43BF583E4F0A3F0EA240DF582E43BF53B
:1041E000837442F0D083D0820216DBF8E43BF98876
:1041F00082F58374FFF0A3F088828983A3A3F02261
:1042000074F612103B74FD1217DB85188285198332
:10421000E4F004121A88E4F07402121A88E4F08CB4
:10422000088D097808121716790074021217BB124C
:1042300039C774021216F374031216F37F020213C5
:10424000A874E812103B74FB1217DBEAFEEBFF8C3C
:10425000168D178910EA2410F582E43FF583E0F803
:10426000A3E0F97403121A88E8F0A3E9F0EA24073E
:10427000F514E43FF515EA2404F512E43FF513853F
:104280001882851983E4F004121A88E4F07402128B
:104290001A88E4F0E510607C7C00ECFAE5122AF55F
:1042A00082E43513F583E0FDE5142AF582E4351543
:1042B000F583E0F8ED6056E86053851008E4F509F1
:1042C000F50AF50B880CF50DF50EF50F908A1278AE
:1042D0000C1218BE7808790C120ED48D0CE4F50D72
:1042E000F50EF50F908A12780C1218BE7808790C2A
:1042F000120ED474107808121792851882851983CB
:10430000E5822AF582E43583F583E508F00CECC3F9
:1043100094034086A818A9198808890978081217F3
:1043200016741F121A88121534AC16AD17EEFA74F3
:1043300007121A8812C34C12C34C123A9E7404120C
:1043400016F374051216F37F100213A8E0F8A3E029
:10435000F583888222C082C083EA240BF582E43B85
:10436000F583E0FAA3E0FBD083D0820216DB74F37E
:1043700012103BEA240CF8E43BF9FF8882F583E451
:10438000F0A3858208858309F0E82402FE50010F1E
:10439000F5828F83E412C4ABE08A828B8312C49CC3
:1043A00012C49512C49CA3E08A828B8312C4B712F4
:1043B000C49512C4B7A312C495A3A3A3A3A3A3A394
:1043C000A3A3F0EC240BF582E43DF583E0C0E0EA22
:1043D000240BF582E43BF583D0E0F08C828D83E002
:1043E000F50AA3E0F50B8A828B83E50AF0A3E50BBF
:1043F000F0EC240CF50AE43DF50B850A82F583E028
:104400008882898312C48CE085088285098312C45E
:104410008CA3E08E828F83F0EC240FF582E43DF5CF
:1044200083E0C0E0EA240FF582E43BF583D0E0F0BE
:104430008C828D83A3A3E0F8A3E0F98A828B83A307
:10444000A3E8F0A3E9F08A828B83A3A3A3A3E8F0F7
:10445000A3E9F0EC2412F582E43DF583E0C0E0EA44
:104460002412F582E43BF583D0E0F0EC2410F582D1
:10447000E43DF583E0F8A3E0F9EA2410F582E43B9B
:10448000F583E8F0A3E9F07F050213A8F0850A821E
:10449000850B83A322E08A828B83A32212C4A022ED
:1044A000A3A3A3A3A3A312C4ABA322F08C828D83E6
:1044B000A3A3A3A3A3A322A3A312C4A0A3A3227470
:1044C000F212103B7508007509007E007F00EEF8BF
:1044D000EFF9E828F8E933F9EA28F8EB39F9E824A4
:1044E00010F582E439F583E508F0A3E509F0750AD3
:1044F00001750B00EE780A1218E4E50A450B6036E8
:10450000ECF8EA240FF582E43BF583E0F50C3395F3
:10451000E0F50DEC850CF0A4C885F00A850DF0A43B
:10452000250AF50A850CF0EDA4250AF9E50828F519
:1045300008E50939F5090EEE70010FC39401EF94F7
:1045400000A2D265D03340867F060213A874F2120F
:10455000103BEAFEEBFF900382E0045407F075087D
:1045600000A2E05003750880A2E15006E508D2E6FB
:10457000F508E0A2E25006E508D2E5F5087410253A
:1045800008F508750A00750B00EE250AFCEF350BDF
:10459000FDEC240CF582E43DF583E0FA600E780032
:1045A00079017B00120DF0E804FA80027A00EC2415
:1045B00009F8E43DF9EA88828983F0EC2406FAE4FC
:1045C0003DFBAC08E0750D002401F50C5002050D13
:1045D000EC850CF0A4EC85F009850DF0A425098A82
:1045E000828B83F0600214F088828983E060021479
:1045F000F0050AE50A7002050BC39403E50B94006D
:10460000A2D265D03340827F060213A874F712103D
:104610003BE9FE74016E70051239AF801CEA240B71
:10462000F582E43BF583E412C653A312C65312C6C7
:104630003EA312C63E12C647F07F010213A812C65F
:10464000422212C647A322F08A828B83A3A3A3A38C
:10465000A3A32212C642A3A32274F612103B74EC49
:104660001217DBEAFEEBFF8A82F583A3A3A3A3A3C1
:10467000A3A3A3A3A3E0F97401121A88ECF0A3ED9D
:10468000F0741E121A88E0F508A3E0F5097403120D
:104690001A88E508F0A3E509F07405121A88E50800
:1046A000F0A3E509F07420121A88E0FAA3E0FB8A6F
:1046B00082F583E0C0E0740D121A88D0E0F08A829F
:1046C0008B83A3E0C0E0740E121A88D0E0F08A82D7
:1046D0008B83A3A3E0C0E0740F121A88D0E0F074BB
:1046E000011217B31239A97410121A88E4F0AC0839
:1046F000AD09041217B31239B57413121A88745025
:10470000F0EE240DF582E43FF583E08518828519EB
:1047100083F0C0E07413121A88D0E0F0740112170D
:10472000BBEEFAEFFBEE2410F582E43FF583E0F8F0
:10473000A3E0C8240CF582E438F583E0F8A3E0F5A3
:10474000838882123A9E74141216F37F020213A811
:1047500074F412103B74EC1217DBEAFEEBFF8A8252
:10476000F583A3A3A3A3A3A3A3A3A3A3E0F9742006
:10477000121A88E0F50AA3E0F50BC39400A2D265F3
:10478000D033500DC3E4950AF508E4950BF5098084
:1047900006850A08850B097401121A88ECF0A3ED4E
:1047A000F07403121A88E508F0A3E509F074051205
:1047B0001A88E508F0A3E509F07422121A88E0FAD5
:1047C000A3E0FB8A82F583E0C0E0740D121A88D062
:1047D000E0F08A828B83A3E0C0E0740E121A88D0C6
:1047E000E0F08A828B83A3A3E0C0E0740F121A88E2
:1047F000D0E0F074011217B31239A97410121A889C
:104800007403F0AC08AD0974011217B31239B57412
:1048100013121A887450F0EE240DF582E43FF583EC
:10482000E0851882851983F0C0E07413121A88D0CD
:10483000E0F0C3E50B9400A2D265D03350097410A8
:10484000121A88E0F404F074011217BBEEFAEFFBC1
:10485000EE2410F582E43FF583E0F8A3E0C8240CD1
:10486000F582E438F583E0F8A3E0F5838882123A14
:104870009E74141216F37F040213A87A01790012B1
:10488000036E0216DB7A01790112036E0216DB7ADF
:1048900001790212036E0216DB74F712103BEAFE76
:1048A000EBFF7A007B00121F5DEEFAEFFBEE2410A7
:1048B000F582E43FF583E0F8A3E0C8240EF582E436
:1048C00038F583E0F8A3E0F5838882123A9E7F01F1
:1048D0000213A80216DB7A01791012036E0216DBAE
:1048E0007A01791112036E0216DB7A017912120332
:1048F0006E0216DB7A01791312036E0216DB7A015F
:10490000791412036E0216DB7A01791512036E0216
:1049100016DB7A147B000216DB7A147B000216DBAE
:104920007A147B000216DB7A147B000216DB7A1401
:104930007B000216DB7A147B000216DB7A147B0004
:104940000216DB7A147B000216DB7A147B00021657
:10495000DB7A147B000216DB7A147B000216DB7410
:10496000F012103B74ED1217DB8C088D09EA24124B
:10497000FEE43BFF121F4B8E828F83E0F8A3E0F929
:10498000EAC398F8EB99F9C3E89432E9940040E45B
:10499000AC08AD09AA18AB191239BB121B4FC2AF34
:1049A0007A327B00121E5BD2AF121F4B8E828F8336
:1049B000EAF0A3EBF074131216F37F080213A87445
:1049C000F012103B74ED1217DB8C088D09EA2412EB
:1049D000FEE43BFF121F4B8E828F83E0F8A3E0F9C9
:1049E000EAC398F8EB99F9C3E89432E9940040E4FB
:1049F000AC08AD09AA18AB191239BB121B55C2AFCE
:104A00007A327B00121E5BD2AF121F4B8E828F83D5
:104A1000EAF0A3EBF074131216F37F080213A874E4
:104A2000F012103B74ED1217DB8C088D09EA24128A
:104A3000FEE43BFF121F4B8E828F83E0F8A3E0F968
:104A4000EAC398F8EB99F9C3E89432E9940040E49A
:104A5000AC08AD09AA18AB191239BB121B5BC2AF67
:104A60007A327B00121E5BD2AF121F4B8E828F8375
:104A7000EAF0A3EBF074131216F37F080213A87484
:104A8000F012103B74ED1217DB8C088D09EA24122A
:104A9000FEE43BFF121F4B8E828F83E0F8A3E0F908
:104AA000EAC398F8EB99F9C3E89432E9940040E43A
:104AB000AC08AD09AA18AB191239BB121BCDC2AF95
:104AC0007A327B00121E5BD2AF121F4B8E828F8315
:104AD000EAF0A3EBF074131216F37F080213A87424
:104AE000F012103B74ED1217DB8C088D09EA2412CA
:104AF000FEE43BFF121F4B8E828F83E0F8A3E0F9A8
:104B0000EAC398F8EB99F9C3E89432E9940040E4D9
:104B1000AC08AD09AA18AB191239BB121B61C2AFA0
:104B20007A327B00121E5BD2AF121F4B8E828F83B4
:104B3000EAF0A3EBF074131216F37F080213A874C3
:104B4000F012103B74ED1217DB8C088D09EA241269
:104B5000FEE43BFF121F4B8E828F83E0F8A3E0F947
:104B6000EAC398F8EB99F9C3E89432E9940040E479
:104B7000AC08AD09AA18AB191239BB121B67C2AF3A
:104B80007A327B00121E5BD2AF121F4B8E828F8354
:104B9000EAF0A3EBF074131216F37F080213A87463
:104BA000F012103B74ED1217DB8C088D09EA241209
:104BB000FEE43BFF121F4B8E828F83E0F8A3E0F9E7
:104BC000EAC398F8EB99F9C3E89432E9940040E419
:104BD000AC08AD09AA18AB191239BB121B6DC2AFD4
:104BE0007A327B00121E5BD2AF121F4B8E828F83F4
:104BF000EAF0A3EBF074131216F37F080213A87403
:104C0000F012103B74ED1217DB8C088D09EA2412A8
:104C1000FEE43BFF121F4B8E828F83E0F8A3E0F986
:104C2000EAC398F8EB99F9C3E89432E9940040E4B8
:104C3000AC08AD09AA18AB191239BB121B73C2AF6D
:104C40007A327B00121E5BD2AF121F4B8E828F8393
:104C5000EAF0A3EBF074131216F37F080213A874A2
:104C6000F012103B74ED1217DB8C088D09EA241248
:104C7000FEE43BFF121F4B8E828F83E0F8A3E0F926
:104C8000EAC398F8EB99F9C3E89432E9940040E458
:104C9000AC08AD09AA18AB191239BB121B79C2AF07
:104CA0007A327B00121E5BD2AF121F4B8E828F8333
:104CB000EAF0A3EBF074131216F37F080213A87442
:104CC000F012103B74ED1217DB8C088D09EA2412E8
:104CD000FEE43BFF121F4B8E828F83E0F8A3E0F9C6
:104CE000EAC398F8EB99F9C3E89432E9940040E4F8
:104CF000AC08AD09AA18AB191239BB121B7FC2AFA1
:104D00007A327B00121E5BD2AF121F4B8E828F83D2
:104D1000EAF0A3EBF074131216F37F080213A874E1
:104D2000F012103B74ED1217DB8C088D09EA241287
:104D3000FEE43BFF121F4B8E828F83E0F8A3E0F965
:104D4000EAC398F8EB99F9C3E89432E9940040E497
:104D5000AC08AD09AA18AB191239BB121B85C2AF3A
:104D60007A327B00121E5BD2AF121F4B8E828F8372
:104D7000EAF0A3EBF074131216F37F080213A87481
:104D8000EC12103BEA2412F8E43BF9E8FEE9FF8854
:104D900082F583E0C413135403F8EA28F8E43BF9DE
:104DA000E82406FCE439FD8C82F583E0F50888826E
:104DB0008983A3A3A3A3A3A3A3A3A3E0C395088C60
:104DC000828D8312CFCB12D03FF50812D034E50884
:104DD000601EF88C828983A3A3A3A3A3A3E0F50894
:104DE000E82508F8E434009401400278FFE88002E6
:104DF0007400F812CFD5F508E43400F509E8850809
:104E0000F0A4E8ACF08509F0A42CFCEA2408F8E44E
:104E10003B8808F509EA240718E43B880AF50BEA01
:104E2000240618E43B880CF50DEA2404F8E43B88DA
:104E30000EF50F801C780012CFD5F510E43400F584
:104E400011E88510F0A4E8ACF08511F0A42CFCD298
:104E5000AF850E82850F83C3E09401A3E09400A286
:104E6000D265D033500D7A017B007C007D007F0C31
:104E70000213A8C2AF850C82850D8312CFE6E0C372
:104E800098850C82850D83F0850A82850B8312CF6D
:104E9000E6A3E0C398850A82850B83F085088285A6
:104EA0000983E0F8EA240BF582E43BF583E0C3983C
:104EB000850882850983F08C107808E510A2E7D276
:104EC00080400D00000000C280000000000080143F
:104ED00000000000000000000000000000000000D2
:104EE0000000C280C333F51018E870CF8E828F8324
:104EF000E0131313541F12D029600B12CFF6400297
:104F000078FFE8F88002780012D00EE8A2E7D2809D
:104F1000400D00000000C28000000000008014006E
:104F20000000000000000000000000000000000081
:104F300000C280C333F819E970D18E828F83E012EA
:104F4000D029600B12CFF6400278FFE8F880027893
:104F50000012D00EE8A2E7D280400D00000000C28F
:104F6000800000000000801400000000000000002D
:104F700000000000000000000000C280C333F819E8
:104F8000E970D1EA240FF582E43BF583E0F833952C
:104F9000E0F98A828B83E028F8A3E039F98A828BD2
:104FA00083E8F0A3E9F0850E82850F83E024FFF00B
:104FB000A3E034FF12CFCB12D029700302CE3512FA
:104FC000CFF6400278FFE8F802CE37F08E828F836A
:104FD000E0C413132212CFD922EC240CF582E43D55
:104FE000F583E0240122E0F88A828B83A3A3A3A3A4
:104FF000A3A3A3A3A32288828983A3A3A3A3A3A378
:10500000E0F512E5112512F8E4340094012212CFE4
:10501000D9F512E43400F513E88512F0A4E8ACF0F9
:105020008513F0A42CF879082212D03FF51112D084
:1050300034E51122EA28F8E43BF9E8FCE9FD2254C2
:1050400003F88A828B83E028FCA3E034008C82F58D
:1050500083E02274EC12103BEA2412F8E43BF9E8F6
:10506000FEE9FF8882F583E0C413135403F8EA28AD
:10507000F8E43BF9E82406FCE439FD8C82F583E092
:10508000F50888828983A3A3A3A3A3A3A3A3A3E072
:10509000C395088C828D8312D29F12D313F5081208
:1050A000D308E508601EF88C828983A3A3A3A3A379
:1050B000A3E0F508E82508F8E434009401400278FC
:1050C000FFE880027400F812D2A9F508E43400F574
:1050D00009E88508F0A4E8ACF08509F0A42CFCEA06
:1050E0002408F8E43B8808F509EA240718E43B881B
:1050F0000AF50BEA240618E43B880CF50DEA2404B3
:10510000F8E43B880EF50F801C780012D2A9F51048
:10511000E43400F511E88510F0A4E8ACF08511F056
:10512000A42CFCD2AF850E82850F83C3E09401A32B
:10513000E09400A2D265D033500D7A017B007C0050
:105140007D007F0C0213A8C2AF850C82850D8312EF
:10515000D2BAE0C398850C82850D83F0850A8285DA
:105160000B8312D2BAA3E0C398850A82850B83F021
:10517000850882850983E0F8EA240BF582E43BF593
:1051800083E0C398850882850983F08C107808E550
:1051900010A2E7D281400D00000000C28100000093
:1051A000000080140000000000000000000000006B
:1051B000000000000000C281C333F51018E870CF72
:1051C0008E828F83E0131313541F12D2FD600B12D3
:1051D000D2CA400278FFE8F88002780012D2E2E8F2
:1051E000A2E7D281400D00000000C2810000000053
:1051F000008014000000000000000000000000001B
:105200000000000000C281C333F819E970D18E821A
:105210008F83E012D2FD600B12D2CA400278FFE801
:10522000F88002780012D2E2E8A2E7D281400D00B5
:10523000000000C281000000000080140000000097
:105240000000000000000000000000000000C2811B
:10525000C333F819E970D1EA240FF582E43BF583F2
:10526000E0F83395E0F98A828B83E028F8A3E039EF
:10527000F98A828B83E8F0A3E9F0850E82850F839B
:10528000E024FFF0A3E034FF12D29F12D2FD70039E
:1052900002D10912D2CA400278FFE8F802D10BF01D
:1052A0008E828F83E0C413132212D2AD22EC240C21
:1052B000F582E43DF583E0240122E0F88A828B83C5
:1052C000A3A3A3A3A3A3A3A3A32288828983A3A3A5
:1052D000A3A3A3A3E0F512E5112512F8E43400948A
:1052E000012212D2ADF512E43400F513E88512F074
:1052F000A4E8ACF08513F0A42CF879082212D3139B
:10530000F51112D308E51122EA28F8E43BF9E8FC8C
:10531000E9FD225403F88A828B83E028FCA3E03461
:10532000008C82F583E02274EC12103BEA2412F820
:10533000E43BF9E8FEE9FF8882F583E0C4131354E7
:1053400003F8EA28F8E43BF9E82406FCE439FD8C8C
:1053500082F583E0F50888828983A3A3A3A3A3A38E
:10536000A3A3A3E0C395088C828D8312D57312D5B5
:10537000E7F50812D5DCE508601EF88C828983A366
:10538000A3A3A3A3A3E0F508E82508F8E434009458
:1053900001400278FFE880027400F812D57DF5081C
:1053A000E43400F509E88508F0A4E8ACF08509F0DC
:1053B000A42CFCEA2408F8E43B8808F509EA240751
:1053C00018E43B880AF50BEA240618E43B880CF540
:1053D0000DEA2404F8E43B880EF50F801C780012D7
:1053E000D57DF510E43400F511E88510F0A4E8ACA3
:1053F000F08511F0A42CFCD2AF850E82850F83C3FB
:10540000E09401A3E09400A2D265D033500D7A015C
:105410007B007C007D007F0C0213A8C2AF850C824C
:10542000850D8312D58EE0C398850C82850D83F09F
:10543000850A82850B8312D58EA3E0C398850A82E4
:10544000850B83F0850882850983E0F8EA240BF553
:1054500082E43BF583E0C398850882850983F08C5C
:10546000107808E510A2E7D282400D00000000C2CB
:105470008200000000008014000000000000000016
:1054800000000000000000000000C282C333F510DD
:1054900018E870CF8E828F83E0131313541F12D538
:1054A000D1600B12D59E400278FFE8F880027800A8
:1054B00012D5B6E8A2E7D282400D00000000C282F9
:1054C0000000000000801400000000000000000048
:1054D000000000000000000000C282C333F819E998
:1054E00070D18E828F83E012D5D1600B12D59E4091
:1054F0000278FFE8F88002780012D5B6E8A2E7D279
:1055000082400D00000000C28200000000008014F4
:10551000000000000000000000000000000000008B
:105520000000C282C333F819E970D1EA240FF58272
:10553000E43BF583E0F83395E0F98A828B83E02839
:10554000F8A3E039F98A828B83E8F0A3E9F0850EAD
:1055500082850F83E024FFF0A3E034FF12D573129D
:10556000D5D1700302D3DD12D59E400278FFE8F852
:1055700002D3DFF08E828F83E0C413132212D58111
:1055800022EC240CF582E43DF583E0240122E0F8CE
:105590008A828B83A3A3A3A3A3A3A3A3A32288820A
:1055A0008983A3A3A3A3A3A3E0F512E5112512F811
:1055B000E4340094012212D581F512E43400F5138D
:1055C000E88512F0A4E8ACF08513F0A42CF8790873
:1055D0002212D5E7F51112D5DCE51122EA28F8E40C
:1055E0003BF9E8FCE9FD225403F88A828B83E0282A
:1055F000FCA3E034008C82F583E02274EC12103BB3
:10560000EA2412F8E43BF9E8FEE9FF8882F583E03A
:10561000C413135403F8EA28F8E43BF9E82406FC21
:10562000E439FD8C82F583E0F50888828983A3A3A1
:10563000A3A3A3A3A3A3A3E0C395088C828D831285
:10564000D83512D8A9F50812D89EE508601EF88C46
:10565000828983A3A3A3A3A3A3E0F508E82508F800
:10566000E434009401400278FFE880027400F812EC
:10567000D83FF508E43400F509E88508F0A4E8AC63
:10568000F08509F0A42CFCEA2408F8E43B8808F52E
:1056900009EA240718E43B880AF50BEA240618E413
:1056A0003B880CF50DEA2404F8E43B880EF50F80E6
:1056B0001C780012D83FF510E43400F511E885108D
:1056C000F0A4E8ACF08511F0A42CFCD2AF850E82DA
:1056D000850F83C3E09401A3E09400A2D265D03388
:1056E000500D7A017B007C007D007F0C0213A8C264
:1056F000AF850C82850D8312D850E0C398850C824B
:10570000850D83F0850A82850B8312D850A3E0C3F0
:1057100098850A82850B83F0850882850983E0F8E5
:10572000EA240BF582E43BF583E0C3988508828583
:105730000983F08C107808E510A2E7400B00000008
:1057400000000000000080120000000000000000C7
:1057500000000000000000000000C333F51018E84E
:1057600070D58E828F83E0131313541F12D8936069
:105770000B12D860400278FFE8F88002780012D857
:1057800078E8A2E7400B0000000000000000008065
:1057900012000000000000000000000000000000F7
:1057A000000000C333F819E970D78E828F83E012AE
:1057B000D893600B12D860400278FFE8F880027836
:1057C0000012D878E8A2E7400B00000000000000BB
:1057D0000000801200000000000000000000000037
:1057E000000000000000C333F819E970D7EA240F65
:1057F000F582E43BF583E0F83395E0F98A828B8308
:10580000E028F8A3E039F98A828B83E8F0A3E9F075
:10581000850E82850F83E024FFF0A3E034FF12D8C9
:105820003512D893700302D6B112D860400278FFC7
:10583000E8F802D6B3F08E828F83E0C413132212ED
:10584000D84322EC240CF582E43DF583E0240122C8
:10585000E0F88A828B83A3A3A3A3A3A3A3A3A32279
:1058600088828983A3A3A3A3A3A3E0F512E511254E
:1058700012F8E4340094012212D843F512E4340003
:10588000F513E88512F0A4E8ACF08513F0A42CF829
:1058900079082212D8A9F51112D89EE51122EA281A
:1058A000F8E43BF9E8FCE9FD225403F88A828B8393
:1058B000E028FCA3E034008C82F583E02274EC1233
:1058C000103BEA2412F8E43BF9E8FEE9FF8882F590
:1058D00083E0C413135403F8EA28F8E43BF9E824FE
:1058E00006FCE439FD8C82F583E0F5088882898323
:1058F000A3A3A3A3A3A3A3A3A3E0C395088C828D12
:105900008312DB0912DB7DF50812DB72E508601EED
:10591000F88C828983A3A3A3A3A3A3E0F508E825B9
:1059200008F8E434009401400278FFE88002740033
:10593000F812DB13F508E43400F509E88508F0A453
:10594000E8ACF08509F0A42CFCEA2408F8E43B88D4
:1059500008F509EA240718E43B880AF50BEA24064F
:1059600018E43B880CF50DEA2404F8E43B880EF5B6
:105970000F801C780012DB13F510E43400F511E8F9
:105980008510F0A4E8ACF08511F0A42CFCD2AF8512
:105990000E82850F83C3E09401A3E09400A2D26538
:1059A000D033500D7A017B007C007D007F0C021308
:1059B000A8C2AF850C82850D8312DB24E0C39885D5
:1059C0000C82850D83F0850A82850B8312DB24A36C
:1059D000E0C398850A82850B83F085088285098358
:1059E000E0F8EA240BF582E43BF583E0C3988508F0
:1059F00082850983F08C107808E510A2E7D29040E8
:105A00000D00000000C290000000000080140000A3
:105A10000000000000000000000000000000000086
:105A2000C290C333F51018E870CF8E828F83E013D5
:105A30001313541F12DB67600B12DB34400278FF34
:105A4000E8F88002780012DB4CE8A2E7D290400D23
:105A500000000000C2900000000000801400000060
:105A6000000000000000000000000000000000C274
:105A700090C333F819E970D18E828F83E012DB670F
:105A8000600B12DB34400278FFE8F88002780012E5
:105A9000DB4CE8A2E7D290400D00000000C290006D
:105AA0000000000080140000000000000000000062
:105AB0000000000000000000C290C333F819E97034
:105AC000D1EA240FF582E43BF583E0F83395E0F961
:105AD0008A828B83E028F8A3E039F98A828B83E8F5
:105AE000F0A3E9F0850E82850F83E024FFF0A3E0A8
:105AF00034FF12DB0912DB67700302D97312DB3447
:105B0000400278FFE8F802D975F08E828F83E0C4F6
:105B100013132212DB1722EC240CF582E43DF583EB
:105B2000E0240122E0F88A828B83A3A3A3A3A3A38A
:105B3000A3A3A32288828983A3A3A3A3A3A3E0F59D
:105B400012E5112512F8E4340094012212DB17F556
:105B500012E43400F513E88512F0A4E8ACF08513E4
:105B6000F0A42CF879082212DB7DF51112DB72E526
:105B70001122EA28F8E43BF9E8FCE9FD225403F895
:105B80008A828B83E028FCA3E034008C82F583E0DA
:105B90002274EC12103BEA2412F8E43BF9E8FEE927
:105BA000FF8882F583E0C413135403F8EA28F8E46D
:105BB0003BF9E82406FCE439FD8C82F583E0F50826
:105BC00088828983A3A3A3A3A3A3A3A3A3E0C395CC
:105BD000088C828D8312DDDD12DE51F50812DE465F
:105BE000E508601EF88C828983A3A3A3A3A3A3E086
:105BF000F508E82508F8E434009401400278FFE84D
:105C000080027400F812DDE7F508E43400F509E8D5
:105C10008508F0A4E8ACF08509F0A42CFCEA24087F
:105C2000F8E43B8808F509EA240718E43B880AF5FC
:105C30000BEA240618E43B880CF50DEA2404F8E48A
:105C40003B880EF50F801C780012DDE7F510E43478
:105C500000F511E88510F0A4E8ACF08511F0A42C53
:105C6000FCD2AF850E82850F83C3E09401A3E0943C
:105C700000A2D265D033500D7A017B007C007D00FC
:105C80007F0C0213A8C2AF850C82850D8312DDF84C
:105C9000E0C398850C82850D83F0850A82850B838D
:105CA00012DDF8A3E0C398850A82850B83F085088E
:105CB00082850983E0F8EA240BF582E43BF583E072
:105CC000C398850882850983F08C107808E510A2B6
:105CD000E7D291400D00000000C2910000000000DA
:105CE0008014000000000000000000000000000020
:105CF00000000000C291C333F51018E870CF8E8207
:105D00008F83E0131313541F12DE3B600B12DE0867
:105D1000400278FFE8F88002780012DE20E8A2E76F
:105D2000D291400D00000000C291000000000080F0
:105D3000140000000000000000000000000000004F
:105D4000000000C291C333F819E970D18E828F83AD
:105D5000E012DE3B600B12DE08400278FFE8F880BC
:105D600002780012DE20E8A2E7D291400D00000088
:105D700000C291000000000080140000000000003C
:105D8000000000000000000000000000C291C333CA
:105D9000F819E970D1EA240FF582E43BF583E0F8C5
:105DA0003395E0F98A828B83E028F8A3E039F98AF9
:105DB000828B83E8F0A3E9F0850E82850F83E024CF
:105DC000FFF0A3E034FF12DDDD12DE3B700302DCE6
:105DD0004712DE08400278FFE8F802DC49F08E82C4
:105DE0008F83E0C413132212DDEB22EC240CF58226
:105DF000E43DF583E0240122E0F88A828B83A3A3AB
:105E0000A3A3A3A3A3A3A32288828983A3A3A3A359
:105E1000A3A3E0F512E5112512F8E4340094012261
:105E200012DDEBF512E43400F513E88512F0A4E876
:105E3000ACF08513F0A42CF879082212DE51F5118C
:105E400012DE46E51122EA28F8E43BF9E8FCE9FD18
:105E5000225403F88A828B83E028FCA3E034008C70
:105E600082F583E02274EC12103BEA2412F8E43B42
:105E7000F9E8FEE9FF8882F583E0C413135403F8C0
:105E8000EA28F8E43BF9E82406FCE439FD8C82F5C5
:105E900083E0F50888828983A3A3A3A3A3A3A3A374
:105EA000A3E0C395088C828D8312E0B112E125F541
:105EB0000812E11AE508601EF88C828983A3A3A367
:105EC000A3A3A3E0F508E82508F8E4340094014012
:105ED0000278FFE880027400F812E0BBF508E434B1
:105EE00000F509E88508F0A4E8ACF08509F0A42CD9
:105EF000FCEA2408F8E43B8808F509EA240718E4DA
:105F00003B880AF50BEA240618E43B880CF50DEAF9
:105F10002404F8E43B880EF50F801C780012E0BBE7
:105F2000F510E43400F511E88510F0A4E8ACF08534
:105F300011F0A42CFCD2AF850E82850F83C3E094B0
:105F400001A3E09400A2D265D033500D7A017B000A
:105F50007C007D007F0C0213A8C2AF850C82850DEA
:105F60008312E0CCE0C398850C82850D83F0850A0E
:105F700082850B8312E0CCA3E0C398850A82850B4F
:105F800083F0850882850983E0F8EA240BF582E432
:105F90003BF583E0C398850882850983F08C1078EF
:105FA00008E510A2E7D292400D00000000C2920066
:105FB000000000008014000000000000000000004D
:105FC0000000000000000000C292C333F51018E882
:105FD00070CF8E828F83E0131313541F12E10F6072
:105FE0000B12E0DC400278FFE8F88002780012E053
:105FF000F4E8A2E7D292400D00000000C292000037
:1060000000000080140000000000000000000000FC
:1060100000000000000000C292C333F819E970D1FB
:106020008E828F83E012E10F600B12E0DC40027879
:10603000FFE8F88002780012E0F4E8A2E7D292408C
:106040000D00000000C2920000000000801400005B
:106050000000000000000000000000000000000040
:10606000C292C333F819E970D1EA240FF582E43BF8
:10607000F583E0F83395E0F98A828B83E028F8A372
:10608000E039F98A828B83E8F0A3E9F0850E8285F6
:106090000F83E024FFF0A3E034FF12E0B112E10F20
:1060A000700302DF1B12E0DC400278FFE8F802DF39
:1060B0001DF08E828F83E0C413132212E0BF22EC06
:1060C000240CF582E43DF583E0240122E0F88A8285
:1060D0008B83A3A3A3A3A3A3A3A3A32288828983BF
:1060E000A3A3A3A3A3A3E0F512E5112512F8E434BA
:1060F0000094012212E0BFF512E43400F513E885A4
:1061000012F0A4E8ACF08513F0A42CF87908221260
:10611000E125F51112E11AE51122EA28F8E43BF92C
:10612000E8FCE9FD225403F88A828B83E028FCA373
:10613000E034008C82F583E02274EC12103BEA24F8
:1061400012F8E43BF9E8FEE9FF8882F583E0C41326
:10615000135403F8EA28F8E43BF9E82406FCE43990
:10616000FD8C82F583E0F50888828983A3A3A3A32D
:10617000A3A3A3A3A3E0C395088C828D8312E38518
:1061800012E3F9F50812E3EEE508601EF88C828947
:1061900083A3A3A3A3A3A3E0F508E82508F8E434A8
:1061A000009401400278FFE880027400F812E38F47
:1061B000F508E43400F509E88508F0A4E8ACF085BA
:1061C00009F0A42CFCEA2408F8E43B8808F509EA65
:1061D000240718E43B880AF50BEA240618E43B88F8
:1061E0000CF50DEA2404F8E43B880EF50F801C78CA
:1061F0000012E38FF510E43400F511E88510F0A4E7
:10620000E8ACF08511F0A42CFCD2AF850E82850F8E
:1062100083C3E09401A3E09400A2D265D033500D73
:106220007A017B007C007D007F0C0213A8C2AF8541
:106230000C82850D8312E3A0E0C398850C82850D46
:1062400083F0850A82850B8312E3A0A3E0C39885BF
:106250000A82850B83F0850882850983E0F8EA24A9
:106260000BF582E43BF583E0C398850882850983BA
:10627000F08C107808E510A2E7D293400D000000E2
:1062800000C2930000000000801400000000000025
:10629000000000000000000000000000C293C333B3
:1062A000F51018E870CF8E828F83E0131313541FFC
:1062B00012E3E3600B12E3B0400278FFE8F88002DB
:1062C000780012E3C8E8A2E7D293400D0000000076
:1062D000C2930000000000801400000000000000D5
:1062E0000000000000000000000000C293C333F86B
:1062F00019E970D18E828F83E012E3E3600B12E321
:10630000B0400278FFE8F88002780012E3C8E8A203
:10631000E7D293400D00000000C29300000000008F
:1063200080140000000000000000000000000000D9
:1063300000000000C293C333F819E970D1EA240FBA
:10634000F582E43BF583E0F83395E0F98A828B83AC
:10635000E028F8A3E039F98A828B83E8F0A3E9F01A
:10636000850E82850F83E024FFF0A3E034FF12E363
:106370008512E3E3700302E1EF12E3B0400278FF1D
:10638000E8F802E1F1F08E828F83E0C41313221249
:10639000E39322EC240CF582E43DF583E024012212
:1063A000E0F88A828B83A3A3A3A3A3A3A3A3A3221E
:1063B00088828983A3A3A3A3A3A3E0F512E51125F3
:1063C00012F8E4340094012212E393F512E434004D
:1063D000F513E88512F0A4E8ACF08513F0A42CF8CE
:1063E00079082212E3F9F51112E3EEE51122EA2809
:1063F000F8E43BF9E8FCE9FD225403F88A828B8338
:10640000E028FCA3E034008C82F583E02274EC12D7
:10641000103BEA2412F8E43BF9E8FEE9FF8882F534
:1064200083E0C413135403F8EA28F8E43BF9E824A2
:1064300006FCE439FD8C82F583E0F50888828983C7
:10644000A3A3A3A3A3A3A3A3A3E0C395088C828DB6
:106450008312E65912E6CDF50812E6C2E508601E81
:10646000F88C828983A3A3A3A3A3A3E0F508E8255E
:1064700008F8E434009401400278FFE880027400D8
:10648000F812E663F508E43400F509E88508F0A49D
:10649000E8ACF08509F0A42CFCEA2408F8E43B8879
:1064A00008F509EA240718E43B880AF50BEA2406F4
:1064B00018E43B880CF50DEA2404F8E43B880EF55B
:1064C0000F801C780012E663F510E43400F511E843
:1064D0008510F0A4E8ACF08511F0A42CFCD2AF85B7
:1064E0000E82850F83C3E09401A3E09400A2D265DD
:1064F000D033500D7A017B007C007D007F0C0213AD
:10650000A8C2AF850C82850D8312E674E0C398851E
:106510000C82850D83F0850A82850B8312E674A3B5
:10652000E0C398850A82850B83F0850882850983FC
:10653000E0F8EA240BF582E43BF583E0C398850894
:1065400082850983F08C107808E510A2E7D2944088
:106550000D00000000C29400000000008014000044
:10656000000000000000000000000000000000002B
:10657000C294C333F51018E870CF8E828F83E01376
:106580001313541F12E6B7600B12E684400278FF23
:10659000E8F88002780012E69CE8A2E7D294400D69
:1065A00000000000C2940000000000801400000001
:1065B000000000000000000000000000000000C219
:1065C00094C333F819E970D18E828F83E012E6B755
:1065D000600B12E684400278FFE8F880027800122F
:1065E000E69CE8A2E7D294400D00000000C29400AF
:1065F0000000000080140000000000000000000007
:106600000000000000000000C294C333F819E970D4
:10661000D1EA240FF582E43BF583E0F83395E0F905
:106620008A828B83E028F8A3E039F98A828B83E899
:10663000F0A3E9F0850E82850F83E024FFF0A3E04C
:1066400034FF12E65912E6B7700302E4C312E6847F
:10665000400278FFE8F802E4C5F08E828F83E0C440
:1066600013132212E66722EC240CF582E43DF58335
:10667000E0240122E0F88A828B83A3A3A3A3A3A32F
:10668000A3A3A32288828983A3A3A3A3A3A3E0F542
:1066900012E5112512F8E4340094012212E667F5A0
:1066A00012E43400F513E88512F0A4E8ACF0851389
:1066B000F0A42CF879082212E6CDF51112E6C2E515
:1066C0001122EA28F8E43BF9E8FCE9FD225403F83A
:1066D0008A828B83E028FCA3E034008C82F583E07F
:1066E0002274EC12103BEA2412F8E43BF9E8FEE9CC
:1066F000FF8882F583E0C413135403F8EA28F8E412
:106700003BF9E82406FCE439FD8C82F583E0F508CA
:1067100088828983A3A3A3A3A3A3A3A3A3E0C39570
:10672000088C828D8312E92D12E9A1F50812E996F1
:10673000E508601EF88C828983A3A3A3A3A3A3E02A
:10674000F508E82508F8E434009401400278FFE8F1
:1067500080027400F812E937F508E43400F509E81E
:106760008508F0A4E8ACF08509F0A42CFCEA240824
:10677000F8E43B8808F509EA240718E43B880AF5A1
:106780000BEA240618E43B880CF50DEA2404F8E42F
:106790003B880EF50F801C780012E937F510E434C1
:1067A00000F511E88510F0A4E8ACF08511F0A42CF8
:1067B000FCD2AF850E82850F83C3E09401A3E094E1
:1067C00000A2D265D033500D7A017B007C007D00A1
:1067D0007F0C0213A8C2AF850C82850D8312E94895
:1067E000E0C398850C82850D83F0850A82850B8332
:1067F00012E948A3E0C398850A82850B83F08508D7
:1068000082850983E0F8EA240BF582E43BF583E016
:10681000C398850882850983F08C107808E510A25A
:10682000E7D295400D00000000C295000000000076
:1068300080140000000000000000000000000000C4
:1068400000000000C295C333F51018E870CF8E82A7
:106850008F83E0131313541F12E98B600B12E95856
:10686000400278FFE8F88002780012E970E8A2E7B9
:10687000D295400D00000000C2950000000000808D
:1068800014000000000000000000000000000000F4
:10689000000000C295C333F819E970D18E828F834E
:1068A000E012E98B600B12E958400278FFE8F880AB
:1068B00002780012E970E8A2E7D295400D000000CE
:1068C00000C29500000000008014000000000000DD
:1068D000000000000000000000000000C295C3336B
:1068E000F819E970D1EA240FF582E43BF583E0F86A
:1068F0003395E0F98A828B83E028F8A3E039F98A9E
:10690000828B83E8F0A3E9F0850E82850F83E02473
:10691000FFF0A3E034FF12E92D12E98B700302E7C8
:106920009712E958400278FFE8F802E799F08E8262
:106930008F83E0C413132212E93B22EC240CF5826E
:10694000E43DF583E0240122E0F88A828B83A3A34F
:10695000A3A3A3A3A3A3A32288828983A3A3A3A3FE
:10696000A3A3E0F512E5112512F8E4340094012206
:1069700012E93BF512E43400F513E88512F0A4E8BF
:10698000ACF08513F0A42CF879082212E9A1F511D6
:1069900012E996E51122EA28F8E43BF9E8FCE9FD62
:1069A000225403F88A828B83E028FCA3E034008C15
:1069B00082F583E02274F612103B9003837480F01A
:1069C000900384E4F079007508017509007407C329
:1069D0009978081218E4E04508F009E9C3940340E7
:1069E000E67F020213A874F612103B9003837480B2
:1069F000F0900384E4F079007508017509007407CC
:106A0000C39978081218E4E04508F009E9C3940333
:106A100040E67F020213A874F612103B90038374C1
:106A200080F0900384E4F079007508017509007422
:106A300007C39978081218E4E04508F009E9C394FF
:106A40000340E67F020213A874F612103B90038302
:106A50007480F0900384E4F07900750801750900F2
:106A60007407C39978081218E4E04508F009E9C3EF
:106A7000940340E67F020213A874F612103B9003C1
:106A8000837480F0900384E4F0790075080175093F
:106A9000007407C39978081218E4E04508F009E982
:106AA000C3940340E67F020213A874F612103B90D1
:106AB00003837480F0900384E4F079007508017515
:106AC00009007407C39978081218E4E04508F00932
:106AD000E9C3940340E67F020213A874F612103B48
:106AE0009003837480F0900384E4F07900750801CA
:106AF0007509007407C39978081218E4E04508F096
:106B000009E9C3940340E67F020213A874F6121049
:106B10003B9003837480F0900384E4F0790075085F
:106B2000017509007407C39978081218E4E0450854
:106B3000F009E9C3940340E67F020213A874F61239
:106B4000103B9003837480F0900384E4F079007527
:106B500008017509007407C39978081218E4E04524
:106B600008F009E9C3940340E67F020213A874F613
:106B700012103B9003837480F0900384E4F079005A
:106B80007508017509007407C39978081218E4E0C4
:106B90004508F009E9C3940340E67F020213A87494
:106BA000F612103B9003837480F0900384E4F07934
:106BB000007508017509007407C39978081218E474
:106BC000E04508F009E9C3940340E67F020213A8F8
:106BD00074EC12103BEA2412F8E43BF9E8FEE9FFFA
:106BE0008882F583E0C413135403F8EA28F8E43BE1
:106BF000F9E82406FCE439FD8C82F583E0F5088889
:106C0000828983A3A3A3A3A3A3A3A3A3E0C39508FB
:106C10008C828D8312EE1912EE7CF50812EE71E56E
:106C200008601EF88C828983A3A3A3A3A3A3E0F525
:106C300008E82508F8E434009401400278FFE88071
:106C4000027400F812EE08F508E43400F509E8854E
:106C500008F0A4E8ACF08509F0A42CFCC2AFEA244B
:106C600008F8E43B8808F509EA240718E43B880A99
:106C7000F50BEA240618E43B880CF50DEA2404F829
:106C8000E43B880EF50F801A780012EE08F510E448
:106C90003400F511E88510F0A4E8ACF08511F0A4FB
:106CA0002CFC850E82850F83C3E09401A3E0940041
:106CB000A2D265D033500FD2AF7A017B007C007D29
:106CC000007F0C0213A8850C82850D8312EE23E051
:106CD000C398850C82850D83F0850A82850B83120B
:106CE000EE23A3E0C398850A82850B83F085088292
:106CF000850983E0F8EA240BF582E43BF583E0C3E1
:106D000098850882850983F08C107808E510A2E741
:106D1000400D900383E0F9E586A2E040FA800B90F5
:106D20000384E0F9E586A2E040FA89C1E510C333A7
:106D3000F5100018E870D58E828F83E0131313547A
:106D40001F12EE66600B12EE33400278FFE8F88007
:106D500002780012EE4BE8A2E7400D900383E0FCBE
:106D6000E586A2E040FA800B900384E0FCE586A271
:106D7000E040FA8CC1E8C333F80019E970D88E827C
:106D80008F83E012EE66600B12EE33400278FFE86C
:106D9000F88002780012EE4BE8A2E7400D900383E2
:106DA000E0FCE586A2E040FA800B900384E0FCE57D
:106DB00086A2E040FA8CC1E8C333F80019E970D824
:106DC000EA240FF582E43BF583E0F83395E0F98A95
:106DD000828B83E028F8A3E039F98A828B83E8F07C
:106DE000A3E9F0850E82850F83E024FFF0A3E03451
:106DF000FF12EE1912EE66700302EC8812EE3340B9
:106E00000278FFE8F802EC8A12EE0C22EC240CF572
:106E100082E43DF583E0240122F08E828F83E0C47A
:106E2000131322E0F88A828B83A3A3A3A3A3A3A3B3
:106E3000A3A32288828983A3A3A3A3A3A3E0F5121B
:106E4000E5112512F8E4340094012212EE0CF5123B
:106E5000E43400F513E88512F0A4E8ACF08513F0F3
:106E6000A42CF879082212EE7CF51112EE71E511CE
:106E700022EA28F8E43BF9E8FCE9FD225403F88A09
:106E8000828B83E028FCA3E034008C82F583E0222F
:106E9000C082C0838A828B83E4F0A3F09088F8EAF2
:106EA0002402FCE43BFD74061216579088C2EA24C3
:106EB00008FCE43BFD7406121657D083D0820216FC
:106EC000DBC082C0838A828B83ECF0A3EDF085184F
:106ED00082851983EA2402FCE43BFD7406121657EE
:106EE0007406121A88EA2408FCE43BFD74061216A4
:106EF00057D083D0820216DBC082C0838A828B8304
:106F0000ECF0A3EDF0851882851983EA2402FCE4F5
:106F10003BFD74061216577406121A88EA2408FC00
:106F2000E43BFD7406121657D083D0820216DB7440
:106F3000F212103BEAFEEBFFEA2404F50CE43FF505
:106F40000DA80CF98882F583E4F0A3F09088D4E8CA
:106F50002402FCE439FD74061216579088BCE8241C
:106F600008FCE439FD7406121657EA2412F508E409
:106F70003FF509AA08FB121BD3EE2420F50AE43FD3
:106F8000F50BAA0AFB121BD38E828F83A3A3E4F016
:106F90008E828F83A3A3A3F08E828F83F0A3F090C1
:106FA00088CE74061215389088C87406121538EE0B
:106FB000FCEFFDAA0CAB0D121BD9740C1216F3904A
:106FC00088F274061215389088DA7406121538EEB5
:106FD000FCEFFDAA08AB09121BDF740C1216F3902C
:106FE000890474061215389088FE7406121538EE5E
:106FF000FCEFFDAA0AAB0B121BDF740C1216F3EEAA
:10700000FAEFFB7F060213A8C082C08390071AE044
:10701000F8A3E0F5838882E9F0D083D0820216DB02
:10702000C082C08390071AE0F8A3E0F5838882E06D
:10703000F9D083D0820216DB0216DBC082C0838ABD
:10704000828B83E0FAA3E0FBEA2410F582E43BF5AF
:1070500083E0F8A3E0C82408F582E438F583E0F87B
:10706000A3E0F5838882123A9EEA75F003A4FAA899
:10707000F075F003EBA428FBD083D0820216DB026C
:1070800016DBC082C0838A828B83E0FAA3E0FBEA2E
:107090002410F582E43BF583E0F8A3E0C82408F56A
:1070A00082E438F583E0F8A3E0F5838882123A9E03
:1070B000D083D0820216DB7AE87B030216DB74EC05
:1070C00012103BEAFEEBFF8C0A8D0BE9F5087509FF
:1070D0000078081217167416121A88E0F9121BE5C8
:1070E00074021216F3EE243CF582E43FF583E4F0DB
:1070F000A3F07A00EA25E0F8E433F9EE28F8EF3956
:10710000F9E82430F582E439F583740FF0A3741C98
:10711000F00AEAC3940640DCEE2404F8E43FF9E800
:10712000FCE9FD8882F58312F2C68C828D83E0280B
:10713000FAA3E039FB8C828D83A3A312F2C6EC2460
:107140000CF582E43DF58374FF68700374FF696099
:1071500024E828F8E933F9E0FCA3E0FDEA2CF58205
:10716000EB3DF583E028F8A3E039F9E824FEF58249
:10717000E934FFF583E0F8A3E08882F583793312E0
:107180003A9EEE243EF582E43FF583E4F0EE244699
:10719000F8E43FF97415121A88E088828983F0EECA
:1071A0002447F508E43FF5097416121A88E08508AB
:1071B00082850983F088828983E075F014A4F50C38
:1071C000E5F0F50DAA0CFB1227CDEE2440F50EE4F8
:1071D0003FF50F850E8212F2D4F50C750D00FAAB57
:1071E0000D1227CDEE2444F582E43F12F2D4F508C7
:1071F000750900740478081218E485080C85090DD7
:10720000AA0CAB0D1227CDEE2442F508E43FF50998
:1072100085088212F2DF850E82850F8312F2CEEE90
:10722000244912F2BA85088285098312F2CEEE242F
:107230004B12F2BAEEFAEFFB122A19E50A24FFF517
:1072400008E50B34FFF509750A00780A12171A755C
:107250000AE8750B03780A121716908A0E12153079
:10726000750A00780A12171A78081217167C007D22
:10727000007900EEFAEFFB122A07740A1216F3786F
:107280000A12171A750AE8780A121716908A0E124F
:107290001530750A00780A12171A78081217167C2A
:1072A000007D007900EEFAEFFB122A07740A12162D
:1072B000F3EEFAEFFB7F0C0213A8F582E43FF583AF
:1072C000E8F0A3E9F022A3A3A3A3A3A3A3A3E0F858
:1072D000A3E0F92212F2DF850882850983E022F516
:1072E00083EAF0A3EBF0AC0CAD0D79001227192264
:1072F000C082C08312F31302FA82C082C08312F3E9
:1073000013E0600A12FA8BE06004790180027900D0
:1073100002FA8412FBB812FBACA32274EE12103BEB
:1073200012F5688808F5098882F583A385820A85A5
:10733000830B74FF697061901B5012FA7AF9E8753B
:10734000F005A4C8AAF075F008A42AFA75F005E9BA
:10735000A42AF9E82419F8E93436F9901B50E8F02A
:10736000A3E9F0901B25E0F50E901B50E029850E57
:10737000F0A4F510E5F0F5117408781012198DA835
:1073800010F9E50E24FFFAE434FFFB120DF0EA04D5
:10739000850A82850B838010901B25E0F5F0E98437
:1073A000850A82850B83E5F0F085088285098312C2
:1073B000F3EE602D850A82850B83E0F91229CB85D7
:1073C0000A82850B83E07019850882850983A3A34F
:1073D0007404121538EEFAEFFB121C5174041216E5
:1073E000F3850A82850B83E0F97F0A0213A8A3A321
:1073F000A3A3A3A3A3A3E0FAA3E0FBEA4B228E82FC
:107400008F83E0F97F010213A874F712103B12F486
:1074100024FEE9FF8882F583E004F0A3E070031204
:107420001C5D80DA12FA69F9E822C082C0839007F5
:107430001A02FA7F74F712103B12FA8BE9F012FB72
:107440009880C174F212103B74FC1217DB12F568BD
:10745000F9E82408500109F5088909F582850983AE
:1074600012F3F6600302F55E908AE4E02439901B83
:1074700025F012FA8BE0F50A9006C6E0704274011E
:10748000F0EEFAEFFBEE2410F582E43F12FBFA1265
:10749000FA8E123A9E8A0C8B0DAC0CAD0D750B0357
:1074A000780B12171A780B12171A750B00780B123B
:1074B000171A79007AC77B06121C1574031216F38B
:1074C00079007AC77B061229CBA90A7AC77B0612F4
:1074D00029FB85088285098374C7F0A37406F090A0
:1074E00006C7EEF0A3EFF0908AE4E0F50975080016
:1074F0008027A808E828F8E433F974E228F58274B4
:107500008739F5831215347C007D007AC77B06121B
:107510002A4F74021216F30508E508C3950940D2F4
:107520007CE87D037AC77B061229D7AC18AD19EE2B
:10753000FAEFFB121C57851882851983E0FD740150
:10754000121A88E0FC7402121A88E0F97AC77B06E6
:107550001229E37AC77B061229C57AC77B06740411
:107560001216F37F060213A8EAFEEBFF12FA713F30
:1075700012FA782274F212103B8A0DECFEEDFF8BAA
:107580000C121DF58E088F099006C412FA7AF97450
:10759000C8C398F8E499F9E84970077A007B0002BB
:1075A000FA1DC3E89508E9950950048808890990EF
:1075B00006C4E0246CFEA3E03404FF9006C4E0257A
:1075C00008F0A3E03509F0E50875F003A4FCA8F085
:1075D00075F003E509A428FD7900EEFAEFFB122708
:1075E00019750A00750B00747F550D604114700306
:1075F00002F67E14700302F6CE14700302F71E2406
:10760000F6700302F76E24FD700302F7BE147003D8
:1076100002F80E14700302F85E14700302F8AE1440
:10762000700302F8FE14700302F94D02F9A68508F2
:107630000A85090B900385E0702A7401F07A867B35
:1076400003123A0390039674D6F0A3748612FA20BC
:1076500090039674E6F0A37486F090039674F6F0A7
:10766000A37486F0E4F508F5097808121716780A6D
:10767000121716EEFCEFFD7A867B0302F99A850855
:107680000A85090B90039AE0702A7401F07A9B7BBB
:1076900003123A039003AB7406F0A3748712FA2026
:1076A0009003AB7416F0A37487F09003AB7426F0CC
:1076B000A37487F0E4F508F5097808121716780A1C
:1076C000121716EEFCEFFD7A9B7B0302F99A8508F0
:1076D0000A85090B9003AFE0702A7401F07AB07B41
:1076E00003123A039003C07436F0A3748712FA2091
:1076F0009003C07446F0A37487F09003C07456F0F2
:10770000A37487F0E4F508F5097808121716780ACB
:10771000121716EEFCEFFD7AB07B0302F99A85088A
:107720000A85090B9003C4E0702A7401F07AC57BC6
:1077300003123A039003D57466F0A3748712FA20FB
:107740009003D57476F0A37487F09003D57486F017
:10775000A37487F0E4F508F5097808121716780A7B
:10776000121716EEFCEFFD7AC57B0302F99A850825
:107770000A85090B9003D9E0702A7401F07ADA7B4C
:1077800003123A039003EA7426F0A3748612FA20D7
:107790009003EA74A6F0A37487F09003EA74B6F03D
:1077A000A37487F0E4F508F5097808121716780A2B
:1077B000121716EEFCEFFD7ADA7B0302F99A8508C0
:1077C0000A85090B9003EEE0702A7401F07AEF7BD2
:1077D00003123A039003FF7496F0A3748712FA2001
:1077E0009003FF7466F0A37486F09003FF7446F074
:1077F000A37486F0E4F508F5097808121716780ADC
:10780000121716EEFCEFFD7AEF7B0302F99A85085A
:107810000A85090B900403E0702A7401F07A047B56
:1078200004123A039004147436F0A3748612FA20FA
:1078300090041474C6F0A37485F090041474B6F028
:10784000A37485F0E4F508F5097808121716780A8C
:10785000121716EEFCEFFD7A047B0402F99A8508F4
:107860000A85090B900418E0702A7401F07A197BDC
:1078700004123A039004297496F0A3748512FA2036
:1078800090042974A6F0A37485F090042974D6F0AE
:10789000A37485F0E4F508F5097808121716780A3C
:1078A000121716EEFCEFFD7A197B0402F99A85088F
:1078B0000A85090B90042DE0702A7401F07A2E7B62
:1078C00004123A0390043E74F6F0A3748512FA2071
:1078D00090043E7416F0A37486F090043E74E6F0B3
:1078E000A37485F0E4F508F5097808121716780AEC
:1078F000121716EEFCEFFD7A2E7B0402F99A85082A
:107900000A85090B900442E0702A7401F07A437BE7
:1079100004123A0390045374C6F0A3748712FA2039
:1079200090045374C6F0A37486F090045374B6F0B8
:10793000A37486F0E4F508F5097808121716780A9A
:10794000121716EEFCEFFD7A437B04804D85080A82
:1079500085090B900457E0702A7401F07A587B0473
:10796000123A0390046874A6F0A3748612FA209069
:1079700004687496F0A37486F09004687486F0A38B
:107980007486F0E4F508F5097808121716780A12DB
:107990001716EEFCEFFD7A587B04121E01740412D8
:1079A00016F38A0A8B0BE50A450B606DE50C146033
:1079B0000E14600F1460101460111460128014749F
:1079C0000A80127411800E7450800A7481800674CB
:1079D0008880027442C0E0E50A240DF582E4350B8C
:1079E000F583D0E0F07A0B7B001227CD8A088B0953
:1079F000AE08AF09E50A12FA72350BF583EAF0A377
:107A0000EBF07C0B7D0079001227198E828F837436
:107A1000FFF0C2AFD2AF121F45AA0AAB0B02F5634B
:107A2000F0A3E4F0A3F022C082C08312FA65F985C6
:107A30001882851983E82402FCE439FD74041216C7
:107A4000578882898312F3EE60198518828519831D
:107A5000E0FD7401121A88E0FC7402121A88E0F941
:107A60001229E3801F12FA692212FA713B12FA7886
:107A700022EA240EF582E422F583E0F8A3E0221244
:107A8000FA8EE0F9D083D0820216DB90071AE0F874
:107A9000A3E0F58388822274F012103B74FD121764
:107AA000DB12FBB4E0FEA3E0FFEE2402F508E43FA6
:107AB000F5097413121A88AC08AD0974041216572C
:107AC0008E828F83A3F08A828B83E0F50CA3E0F58E
:107AD0000DEA241012FBF112FA8F123A9E8A0A8BD9
:107AE0000B8E828F8312F3EE60187413121A88E0E3
:107AF000FD7414121A88E0FC7415121A88E0F91249
:107B000029E3851882851983E4F004121A88E4F0C9
:107B10007402121A88E412FB8FA3E085188285197B
:107B20008312FB8FE0FC7401121A88ECF085088246
:107B3000850983E0FD7402121A88EDF0780079005F
:107B40008037E8FAE9FBEA75F003A4FAAEF075F0C5
:107B500003EBA42EFBE50C2AFAE50D3BFB8518820E
:107B6000851983E08A828B83F0ECA3F0ED8A828B07
:107B700083A3A3F008E8700109C3E8950AE9950B0F
:107B800040C012FB9874031216F37F080213A8F08A
:107B90008E828F83A3A3A32290071A12FBACE0F975
:107BA00090071AE0FAA3E0FB121E072212FA7AF5F8
:107BB0008388822212FBB82212FA713BF58322C01D
:107BC00082C08312F313A3740412165702FA84C0FE
:107BD00082C08312FB9802FA84C082C083EA240E1A
:107BE00012FBF1FAA3E0FBEA4B60031229A102FAAF
:107BF00084F582E43B12FBFAE02212FA78C82408EA
:107C0000F582E438F5832274F612103BEAC394FE41
:107C10005024EA601FE9601E74012A2401F508E47B
:107C20003400F509E98508F0A4E9A8F08509F0A475
:107C300028F9800279007F020213A874F012103B29
:107C40008A0E8B0FEA4B60047F0180027F009081D7
:107C5000C0E0A2E092F0EFA2E0B382F0500302FD98
:107C60000F750C00A80C74002812FF3AF50D700374
:107C700002FD0312FF2C5403FA750801750900E593
:107C80000C78081218E4E508F890085FE0586004E2
:107C90007E0180027E00E50DA2E65007EEA2E0B371
:107CA000E433FEEFA2E0504F908029E0586054E5A5
:107CB0000D5407F8747628F582E43488F583E0F5EE
:107CC00008E4F509F50AF50BE50DC3135418780817
:107CD000121678EEA2E0500D850E82850F8378088B
:107CE000121956801E780812199D850E82850F8301
:107CF00078081218F7800CA90D12036EEEFAA90D80
:107D0000120322050CE50CC39408500302FC647FA7
:107D1000080213A874F612103B908029E0F8A3E043
:107D2000F9E849602675085F750908780812171682
:107D300075080175090078081217167C007D007A15
:107D4000017B0412285D74041216F37F020213A84B
:107D500074F612103B750801750900E978081218CD
:107D6000E4E508F8EA600790085FE0488008E8F476
:107D7000F890085FE058F080D274EF12103B74FE68
:107D80001217DBE9FF8A108B0C12FF37F50B70031B
:107D900002FE4812FF2C1313543FF50AFAEFF912B2
:107DA00024C7E9700302FE487E007508018E09EFC2
:107DB00078081218E490085FE05508851882851944
:107DC00083600474018001E4F0E510C394804005F1
:107DD000750E018003750E00747F5510F50D74014A
:107DE000121A88E4F0F508F509AA0AEFF91224D36B
:107DF000E9602A74011217AB8808890978081217FC
:107E00001674021217BBAA0AEFF91229297402127A
:107E100016F38A088B09EA4B602E750E0174026511
:107E20000D700D851882851983E070237E01801FF7
:107E3000E50DC394035011E50EA2E04010851882B1
:107E4000851983E0650D7005790002FF22AE0DEE05
:107E5000FAEFF9121E25E970027E00EEFAEFF91230
:107E60002605E5084509603CE50C600BEEF9AA081B
:107E7000AB09122917802BE5082415F582E4350992
:107E8000F583E0F8A3E0F509E845096015EEFC7D0F
:107E9000007401121A88E0FA790288828509831237
:107EA0003A9E807CAA0AEFF91224CDE960597A0043
:107EB00080010A900932E0F8EAC3985060EA75F050
:107EC0001AA4F8A9F0746228F8740839F98882F5C0
:107ED00083E0547F650A70DAA3E06F70D5E824155B
:107EE000F582E439F583E0F8A3E08882F583E58242
:107EF00045836029E50C6004EED2E1FEEEFC7D00D6
:107F00007902123A9E8016E50BA2E65009EE600453
:107F10007E0080027E01EEFAA90B1203221225FFD9
:107F2000790174021216F37F090213A8E82438F5C8
:107F300082E439F583E022740029F8E43480F9887A
:107F400082F583A3A3A3A3A3A3A3A3A3E02274F412
:107F500012103BE9FE8A0A8B0B750801750900783F
:107F6000081218E4E508F508900837E05508606540
:107F700012FF37600B12FF2C54FC7004D2008002F9
:107F8000C20074472EF582E43408F583E0FFFAEE70
:107F9000F91224CDE9F509EFFAEEF91224D3E9F844
:107FA000A2004007E5097003E9602A90083BE0550C
:107FB00008602990083AE05508600AE50B700F7BCD
:107FC000017A0280047B01AA0AEEF912260B7A01DB
:107FD000EEF912264179007F040213A8E50A60F544
:107FE000E50B70097B017A02EEF912260B7A01EE9D
:087FF000F9122641790180DF3E
:10800000E4F0A3F0A3F022A3128000A3F0227F0CDF
:108010000213A8E0F508E4F509F50AF50B22740946
:108020001216F37F040213A8E024F5C394132290E0
:1080300007C5129CBC7A147B0022F582E43FF583CD
:1080400012A6EF12909CFB8A828B83128055E8F077
:10805000A3E9F0EE221280748A828B8322F0A3E4DB
:10806000F012806522EE240DF582E43FF583227F35
:10807000070213A8E024FFF8A3E034FFF922EE245E
:1080800002FAE43FFB22E0888289832212A0BAA38D
:10809000A3A32212387D74041216F37F080213A8DA
:1080A0007C0B7D00EE2418FAE43FFB22E085088279
:1080B0008509831280B722F0129952221280C022C1
:1080C00012996BE0221280C922E50824111280D196
:1080D00022F582E43509F583E0228508828509834B
:1080E00012A0B4E022E508A2E092AF028D3A242B60
:1080F000F582E43FF5832274031216F3028D3AE011
:10810000FEA3E0FFEE4F2274021216F37F06021365
:10811000A8128115221290B0A3A322EE2413FAE430
:108120003FFB22EE240812A38A22E4F0028A80C0D8
:1081300082C08374FE1217DB901A597485F0A37401
:1081400036F0901A5B747FF0A37436F0800D7A4697
:108150007B1A122755128B07123793901A461293E7
:108160005470EB901A48129354600F7A487B1A129D
:108170002755128B0712379380E9901A46E4F0A333
:10818000F0901A4C1280017402800274111216F3DE
:10819000028A8074F612103BE9FF747629F582E4B6
:1081A0003449F583E493FEFA7B0012272BEA4B60F7
:1081B00011EA2E1292A28A828B83A3A3A3A3E4F0D6
:1081C000802C7A027B0012272BEA4B601D74972FBC
:1081D000F582E43449F583E4938A828B83F0A374B7
:1081E0001AF0901AA5E0F91227377A007B00029F57
:1081F000F6E9FC740629F8EAA2E0501EE875F00AD8
:1082000084E5F0F96014740A28C399F8E9C3940569
:108210004004740A28F8740B28F8ECC39413400443
:108220007A1480027A06EA2879002409F8500109B4
:108230007A0A7B00120DF0E8F90216DBC082C083D7
:10824000901AAAE05402600A122F8FE960047901A3
:1082500080027900028A80C082C083901AAAE0540A
:10826000026016901A4CE0700C129351600BE0C83B
:108270001287E55004790180027900028A80C08269
:10828000C0839088B0E0F8901A4EE0C39850051271
:10829000272B80047A007B00028A80C082C0831270
:1082A00037937900028A8074F712103B74FE12171C
:1082B000DB851882851983EAF0A3EB128416A3A349
:1082C000A3A3A3E0600A14606024FE6069028397A0
:1082D0009007A5E0640F6018123769E970128518DD
:1082E000828519831295BE901A551288AF123A9E54
:1082F0009007CDE0C0E085188285198312907AD06E
:10830000E0128416741412A4AF12AB187A487B1AC8
:1083100012274FA8A8C2AF901A4EE0041295D47944
:108320002012375D74020280F98518828519831244
:10833000A0BC741580D08518828519831283F9A397
:10834000A3E06053851882851983E02402F8A3E036
:108350003400F98882898312A8EBE0C0E085188296
:10836000851983E0FCA3E0CC2406F582E43CF58388
:10837000D0E0129CF8888289831295CE8518828578
:1083800019831286E185188285198360131283FE92
:1083900060051284064043AA18AB191237938084F3
:1083A0001283FE60F2128406501C1287F5FA8518BB
:1083B00082851983128400F874AC12929D3449F5B9
:1083C00083E4936A60148518828519831283FE649E
:1083D0000870C41287F5640870BD1287F514128402
:1083E0001E240AC0E08518828519831288AFD0E068
:1083F00012841E04028306E0F8A31290C722E0F85C
:10840000A3E012842522851882851983129CC91243
:108410008426C3940A22128430F58388822212842F
:108420003012842522C82406F582E438F583E02240
:1084300012A4B3E0F8A3E022C082C083901A5D12B8
:108440009354600812A0BD123A9E80027900028AFD
:108450008074F712103BEAFEEBFF1280657401F0A6
:10846000EE2430F582E43FF583129A2612804E24E2
:1084700032128934C0E0EE2413F582E43FF583D054
:10848000E0F0EE2433128934C0E0EE2414F582E4E7
:108490003FF583D0E0F0EE242CF582E43FF5831223
:1084A00015341284C5EE242E128934F91237B174B2
:1084B000021216F3E9F5087007EEFAEFFB12369D8B
:1084C000A908028D3AEE2423FCE43FFD22C082C0BD
:1084D00083123769E96004792080027901028A8079
:1084E000C082C083EA1286C3128584D2E002812B47
:1084F000C082C08312857E64017011128589400C90
:108500008A828B83A3E0F9123763806FEA2410120A
:108510008581A2E650128A828B83A3E0F9901A57D4
:108520001288AF123A9E805312857E6401700D123C
:10853000858950088A828B83743080368A828B8347
:10854000A3E0641B8A828B83700474228024A3E0DE
:10855000700D12857EF8746B12929D3449800B1257
:10856000857EF8749712929D3449F583E4938A824C
:108570008B83F0901AA5E0F9122737028A80EA244B
:108580000DF582E43BF583E022EA1286ED3BF583AC
:10859000E0A2E32274F712103BE9FE12935170033C
:1085A0000286BAEE6011741B6E7013E0C81286BDAD
:1085B0006405700302868512A0ACE402868974E922
:1085C0006E70621286D9700B122F95E960051286C3
:1085D000F3606279EE12202F901A4F1286D6901A0D
:1085E0004F603B1286F6901A4F700B1286D614F02D
:1085F0001221F10286BA1286E1C2E71288011286C0
:10860000BD6403700C129CC21286C312842BD2E28A
:10861000F079ED12202F1286C9123A9E807512A0B1
:10862000AF74E9806474E16E703E122F95E9605575
:108630001286F370509007C7E0C0E0129CC224126B
:10864000F582E438F583D0E0F09007B6E0C0E09022
:108650001A4F1283F71283F7D0E0F09007B6E004C8
:10866000F079011221D98052741C6E7018901A4F43
:108670001295BE901A5F1288AF123A9E901A4FE47C
:10868000F0A3F0803512A0ACEEF0901A4F1295BE18
:1086900012368B129CC2129C94E05480601090079A
:1086A000CDE0F91220E99007CCE0F91220DD901A14
:1086B0004FE4F0A3F0791012375D028D3A240D12C9
:1086C0008428222411F582E422901A4F1295C29038
:1086D0001A5312A0B622E0F8A3E0C824121284288C
:1086E00022E0F8A3E0C81286ED12842B222410F5B4
:1086F00082E422901A4F129CC9129C98E0540422E2
:1087000074F412103B750A00750B00A2AFE433FF3E
:10871000C2AF12935160030287BD1288AC123A9E19
:10872000E94410F8901A46800985080A85090B1259
:1087300087D81287ED70030287BD1280C558687014
:10874000E8780A121716AC08AD097A467B1A122788
:108750006174021216F3901A4FE508F0A3E50912AE
:1087600088011287E5405D901A4DE014F0EFA2E019
:1087700092AF901A4FE0240EF8A3E03400F9880875
:1087800089098882F5831295BE901A4F1287FBF9EA
:1087900012364FE9901A4AF0128809E05480901A74
:1087A0004F6026129CC52413128428F91220E91266
:1087B0009CC22414128428F91220DD8018EFA2E054
:1087C00092AF8011901A4C80A11286E1A2E1B3E42D
:1087D00033F91221D9028023E50824FBF582E5094B
:1087E00034FFF583222411128428A2E72212A6EF77
:1087F000E50845092285188285198312808CA3E03B
:1088000022F0901A4F129CC922A3E4F085088285B9
:1088100009832274F712103BEAFEEBFF12378DEE4C
:108820002410128934A2E3400C12893164017005CE
:108830009088AE80039088AFE0F9EEFCEFFD7A46B9
:108840007B1A122767E96046EEFAEFFB901A59127D
:1088500088AF123A9EEE240E12893454047020A878
:10886000A8C2AF901A4DE0041295B7FAE8A2E792B9
:10887000AF12889EA3E054017021123697801CEE3F
:10888000FAEFFB901A511288AF123A9E800D8E8239
:108890008F83A374F1128C9E12368B028D3A12884C
:1088A000A222EE240EF582E43FF58322901A5B1299
:1088B000A0B622C082C083123697028A8074F71253
:1088C000103BEAFEEBFF7900901AAAE05402700C0C
:1088D000EE24301289345404600279E8901AAAE038
:1088E0005460700CEE24301289345402600279E82E
:1088F0008E828F83A3A3A3A3E0F89088B4E0C398EB
:10890000500279E8EE242E128934700CEE242B12DA
:108910008934700479F5800BE97005123679E9F92C
:10892000E96007EEFAEFFB123763028D3A34FFF588
:1089300009EE240DF582E43FF583E022C082C08376
:108940008A828B83740DF0122F89028A80C082C0C4
:10895000838A828B83E4F0A3F0EA24301285815469
:10896000049088AE7012E0F8901A4DE0C39840125F
:1089700079F1123763028A80E0F8901A4CE0C398CC
:1089800050EE901AA5E0F912273780E974F612101C
:108990003BE9FE244CFAE43400FB12272BEA4B603F
:1089A00012EE8A828B83A3A3A3A3F0EA244C129233
:1089B000A280047A007B00029FF6C082C083901AD6
:1089C0006174E5F0A37436F0A37415F0A37437F066
:1089D000A374EBF0A37436F0A374F1F0A37436F033
:1089E000A3740FF0A37437F0A37403F0A37437F0EB
:1089F000A374FDF0A37436F0A3741BF0A37437F0D6
:108A0000A37421F0A37437F0A37427F0A37437F094
:108A1000A37433F0A37437F0A374F7F0A37436F0A3
:108A2000A374DFF0A37436F0A374D9F0A37436F006
:108A3000901A7D7409F0A37437F0A3742DF0A37419
:108A400037F0A37441F0A37438F0A37439F0A37421
:108A500037F0A3743FF0A37437F0901AA1E4F090BC
:108A60001AA4F0901A8D128A777402F0901A961256
:108A70008A77740102812B745DF0A37437F0A3220E
:108A8000D083D0820216DB74F512103B74F11217FA
:108A9000DB8518828519837402F07401121A88E943
:108AA000F060047AFF7BFF7402121A881295CE756B
:108AB000089975091A750A0078081217127C0B7D3F
:108AC000007407121A88AA82AB8312270D7403124E
:108AD00016F3AA18AB19122F89740F02A65174F756
:108AE00012103B74FD1217DB851882851983740AF6
:108AF000F07401121A88E9F07402121A88EA128BD3
:108B000011122F890280F7851882851983EAF0A354
:108B1000EBF0AA18AB192274F612103B74F7121777
:108B2000DBEAFEEBFF128B6712805D7402128C8F02
:108B3000AA18AB1912295FEE242E12803A243012A3
:108B40009A9312171674021217BB79831A1AEFFB45
:108B50001237B174021216F3E9F5087007EEFAEF56
:108B6000FB12369D029FEF1288A274012274F0124C
:108B7000103B12A53A121A197808790C120ED47803
:108B80000812170E7A907B1A02809374F412103B2D
:108B900074C61217DB9007A5E0640F601085188279
:108BA000851983742E128B1112376F80277A877B79
:108BB0001A12388912802F120DF888088909E4F5F5
:108BC0000AF50B780812170E7A877B1A12387D7413
:108BD000041216F3743A02802074F512103BEAFE78
:108BE000EBFF8E828F83A3E0F86003028C78EE2483
:108BF0002D12893464026007E06403600278E8EEB5
:108C00002423F582E43FF583128028400478E8802D
:108C10006AE87064EE2423FAE43FFB79E11220ADA8
:108C2000EE242EFAE43FFB79501220ADEE242D12F3
:108C300089346402700E129C82129CB89007B412A0
:108C400092AC80129007B474FEF0A304128C8F7A59
:108C5000AB7B0712296BEE24181281261217127CA7
:108C60000B7D007A997B1A12270D74031216F3EE0E
:108C7000FAEFFB1236D3E9F8E86011E88E828F83B1
:108C8000A3129EE47417128C9E12376F02A654F042
:108C9000EE2425FCE43FFD228E828F837429F0EEC2
:108CA000FAEFFB2274F612103B74F71217DB901ADE
:108CB000A4E0703B7401F0F91221A3AA18AB1912B9
:108CC000379F75089975091A7808121716750801E3
:108CD00075090078081217169007BA121534740631
:108CE0001217BB7A0379051237B774061216F3020E
:108CF0009FF174F712103BEAFEEBFF79011221A9F4
:108D00008E828F83E064207004A374EBF0901AA429
:108D1000E0A2E25003C2E2F0E0A2E15008128F3C70
:108D20001236CD800C8E828F83742A128C9E12375D
:108D30006F8007EEFAEFFB1237FF7F010213A87472
:108D4000F412103B74FE1217DBEAFEEBFF790112FE
:108D500021A97A877B1A1238897A907B1A1238896E
:108D60001290868518828519831290BAE0F50B70EF
:108D70000FAA18AB1979531220AD12A6E11220AD3B
:108D80001281231217127C0B7D007A997B1A12270D
:108D90000D74031216F38518828519831295BEA9E6
:108DA0000B1236C7901AA4E0A2E1500C7A008E8212
:108DB0008F83A3E0F91236CD901AA4E4F074020276
:108DC000802074F712103BEAFEEBFF8E828F83A3A4
:108DD00074EBF0901AA4E0A2E150077A0079EB124C
:108DE00036CDEEFAEFFB123703028D3A74F712100C
:108DF0003BEAFEEBFF79011221A97A877B1A123830
:108E0000897A907B1A123889901AA1E4F0901AA4FA
:108E1000F07AFF7BFF8E828F83A3E0F91236C702C0
:108E20008D3A74F712103BEAFEEBFF1236FD028D0D
:108E30003374F712103BEAFEEBFF79011221A98E81
:108E4000828F83A3A3A3A3E060047400800274EB69
:108E5000128E835003C2E2F0E0A2E15008128F8527
:108E60001236CD8014A2E050108E828F83742AF0C7
:108E7000A374EB128C9E12376FEEFAEFFB1236AF33
:108E8000028D3A8E828F83A3F0901AA4E0A2E22290
:108E900074F612103BEAFEEBFF901AA4E0D2E1F068
:108EA00079011221A38E828F83A3E0703C1237A533
:108EB000E9FAEE240DF508E43FF5097808121716D3
:108EC0007508017509007808121716128EFA121526
:108ED00034EE2402FCE43FFD79051237B774061224
:108EE00016F3E98E828F83A3F08E828F83A3E060D6
:108EF000067A00F91236CD029FF6128EFE22EE247B
:108F00000BF582E43FF5832274F712103BEAFEEB87
:108F1000FF79011221A98E828F83E064207004A35F
:108F200074EBF0901AA4E0A2E25003C2E2F0E0A2D7
:108F3000E15006128F3C1236CD028D3AC2E1F07A32
:108F4000008E828F83A3E0F92274F712103BEAFEB1
:108F5000EBFF79011221A97A877B1A1238898E8258
:108F60008F83A3A3A3A3E060047400800274EB12B8
:108F70008E835003C2E2F0E0A2E15006128F851208
:108F800036CD028E79C2E1128111A3E0A2E4E4336E
:108F9000FA8E828F83A3E0F92274F712103BEAFE67
:108FA000EBFF79011221A98E828F83A374EB128EBD
:108FB000885003C2E2F0E0A2E15006128F3C123664
:108FC000CD028D3A74F712103BEAFEEBFF7A877BF5
:108FD0001A123889EEFAEFFB123727028D3374F735
:108FE00012103BEAFEEBFF7A877B1A123889EEFA01
:108FF000EFFB123727028D3A74F712103B74EF1211
:1090000017DBEAFEEBFF129C8C7AAB7B0712295927
:10901000E960628518828519837409F07401121A57
:109020008874EFF0129086F87402121A88E8129091
:10903000BAA3A3E0C0E07404121A88D0E01290A78B
:10904000640870158E828F83A3A312907AE0C0E02B
:109050007405121A88D0E080067405121A88E4128A
:109060009CEB7406121A88AA82AB831237C9AA181D
:10907000AB19122F8974110280F9129CC92407F5CB
:1090800082E438F5832212909CFB8A828B83129CA7
:10909000BC88828983E0FCA3E0F9EC22EE2402F88C
:1090A000E43FF9E8FAE9221290AB221290B0E022F4
:1090B000F08E828F83A3A3A3A322F0A3E9129CDAEC
:1090C0001290C422E0F8A312A0BDA3A322C082C0C4
:1090D0008312380B028A80C082C083901AC17461E7
:1090E000F0A3741AF0A3747DF0A3741AF0901DB06D
:1090F0007456F0A37447F0A374F4F0A37446F09090
:109100001AAD74C1F0A37436F0901AAAE0440102BB
:10911000812BC082C083EAFCEBFD790212377B020F
:109120008A80C082C083790602A18774F612103B40
:1091300074FE1217DB901AA612935460077AA67B6E
:109140001A123793901AACE4F09017EE1293546011
:10915000268007AA18AB19123793901AA5E0F912C6
:1091600027438A088B09A808A909851882851983CD
:109170001292ACE84970DC7402029FF374F712108B
:109180003BE9FA7B00901AA5E0F912276D028D3AAF
:1091900074F712103B74F01217DBEAFCEBFDE9FEEA
:1091A0008C828D83E0F874A212929D3449F583E499
:1091B00093C0E07401121A88D0E0F0640B700DEED9
:1091C0008C828D83A3F01237ED029290E07003023F
:1091D0009290640C6003029281741A6E700B740496
:1091E000121A88E4F0A30292807404121A88ECF038
:1091F000A3EDF0EC242F129295C0E07403121A88AC
:10920000D0E012A24D121A717406121A88121A595D
:109210008C828D83129CAF740A121A881292ACEC65
:10922000240E12929554106009851882851983E4E2
:109230008013EC2412129295F89007C7E0C398852A
:109240001882851983F0E0C0E0740C121A88D0E00F
:10925000F0EC2415129295C0E0740D121A88D0E03B
:10926000F0EC2416129295C0E0740E121A88D0E029
:10927000F0EC2417129295C0E0740F121A88D0E017
:10928000F07402121A88EEF074011217B3122F89CB
:1092900074100280F9F582E43DF583E02228F5821E
:1092A000E422F8E43BF98A828B83A3A3E8F0A3E9E4
:1092B000F022C082C083901AACE06403700479018C
:1092C00080027900028A8074F712103B901AACE099
:1092D00012933E12AB168A828B83E0C2E7F025E040
:1092E000F8EC12929D3DF583A3E493FE12933EF5B4
:1092F000831293546005EE901AACF08A828B83E05F
:1093000012934AEC28F582ED39F583E493FCC454BA
:109310000F25E0F874BB12929D341AF58312935412
:1093200070051237DB8014EC540F25E0FCE82CF5B7
:1093300082E439F5831288AF123A9E028D3A129375
:109340004A74AE28F582741D392225E0F8E433F919
:1093500022901A4F129CBCE8492274F112103B74FF
:10936000FE1217DB890AEAFEEBFF129456FA7B0025
:1093700012272B8A088B09EA450960388A828B8379
:10938000E50AF0A3E4F08E0C8F0DF50E780C1217A1
:1093900012A80A129463EA2402FAE43509FB1227A0
:1093A0000D74031216F3AA08AB09901AA5E0F9127E
:1093B00027378012851882851983E50AF0791AAA61
:1093C00018AB1912376374021216F302806F74F22D
:1093D00012103B74FE1217DB890B8A088B0912945A
:1093E00056F50AFA7B0012272B8A0C8B0DAE0CAFB8
:1093F0000DEE4F604A8E828F83E50BF0A3E4F0A858
:109400000AEE28F8E43FF98E828F831292AA8E82A8
:109410008F83A3A3A3A3E4F0F50A7808121712A878
:109420000B1294631280A412270D74031216F3EE2C
:10943000FAEFFB901AA5E0F912273779008014851E
:109440001882851983E50BF0791AAA18AB1912371F
:1094500063791A028107748C29F582E43449F58313
:10946000E49322748128F582E43449F583E493FC83
:109470007D0022C082C083E9901AA502812B74F678
:1094800012103B74FE1217DBEAFEEBFFEE54207065
:10949000378040A8A8C2AF901A4EE0141295B7F5D5
:1094A00008E8A2E792AF8A828B831295AE901AA841
:1094B0001295CE12376F851882851983E064156086
:1094C000077AA87B1A1237937A487B1A122755EA33
:1094D0004B70C0EF54807012801C901AA81295CE69
:1094E00012376F7AA87B1A123793901AA5E0F912F7
:1094F0002743EA4B70E4EE5410600E8518828519FC
:1095000083742D128B1112376FEEA2E0500E851866
:10951000828519837424128B1112376FEE54026006
:109520000E8518828519837425128B1112376FEE00
:109530005404600E8518828519837426128B1112CB
:10954000376FEE5408600E851882851983742812CF
:109550008B1112376FEE544060107401121A88128A
:10956000A4AE742C128B1112376FEE5480601074FD
:1095700001121A8812A4AE742F128B1112376F9039
:109580001AA61293546020A8A8C2AF901AA61295EA
:10959000BE901AA6E4F0A31295D41295CD12376F9F
:1095A0007AA87B1A1237937A007B00029177E085C4
:1095B0001882851983F022F0E8A2E7E4332212959D
:1095C000C222E0FAA3E0FB22A3A3A3A3A3A3EAF091
:1095D000A3EBF0221295B7FEE8A2E792AF22C08279
:1095E000C083901AA8129CB8EA687002EB697007F1
:1095F000901AA8E4F0A3F0028A8074F712103BEAF4
:10960000FEEBFFEE4F7003121E55A2AFE433F508D8
:10961000C2AF8E828F831293546028E824FBFAE94C
:1096200034FFFB901AA812AB18E86C7002E96D7059
:1096300007901AA8E4F0A3F08E828F83E4F0A3F0E1
:109640001227D30280E5C082C083901ACF74CFF076
:10965000A37437F0A374E1F0A37437F0A374E7F0B8
:10966000A37437F0A374A9F0A37436F0A374EDF0DB
:10967000A37437F0A374A3F0A37436F0A374AFF00F
:10968000A37436F0901ADD741DF0A37438F0A3743F
:10969000F3F0A37437F0A374F9F0A37437F0A37454
:1096A00005F0A37438F0A374FFF0A37437F0901A98
:1096B000CE02812AC082C0839007B4E064FE7003AA
:1096C000A3E0F470097CAB7D0712295F80158A82C4
:1096D0008B83A3A3A3A3A3A3A3A37402F01297371E
:1096E0001292AC028A80C082C0839007BEC3E0940D
:1096F000FEA3E094FF4004790380027902028A808D
:10970000C082C0838A828B83A3A3A3A3A3A3A3A3A2
:10971000E064027014129737E0687003A3E0697088
:10972000047901800F7900800BEAFCEBFD7AAB7BBA
:1097300007122959028A809007B4129CBC8A828B36
:10974000832274EC12103BEAFEEBFF8C128D137532
:109750000A008C828D83A3A3A3A3A3A3A3A3E0F5F4
:1097600010E9A2E75008750CFF750DFF8006900701
:10977000BA12997EE9C2E7F511EE240E128934542B
:1097800020600712995F7408800412995FE41299AF
:109790008654046007129967748080051299677473
:1097A0001012998654106006129937E4800B9007C6
:1097B000C7E0C0E0129937D0E0129986A2E05003CA
:1097C000750A20540860067410450AF50A8E828FC7
:1097D00083A3A3E024FFF508A3E012892DC394021C
:1097E000E0400B640B6005E0141280AD7403450A81
:1097F000F50A750B009007DAE0640170118E828F14
:1098000083A3A3A3A3E0C394674003750B10851142
:109810000E750F00740E780E1218E4E50F450BF567
:109820000B7414121A88E0F50EA3E0F50F740265AC
:1098300011700E9007BF1280AC9007BE1299758010
:10984000137403651170121299417CCE7D07AA082A
:10985000FB12296B12994E8004E5116028E5106017
:1098600014E50E650C7004E50F650D700874404535
:109870000AF50A8010850882850983E50D12998C06
:10988000E50C1280B385100C750D00740A780C126B
:1098900018E4E50D450BF50B740265107015851283
:1098A00082851383A31280AC85128285138312995B
:1098B000758013740365107012129941AC12AD13C8
:1098C000AA08FB12296B12994E8004E510601085DE
:1098D0000882850983E50F12998CE50E1280B3A8E2
:1098E00008A909E824FFF508E912892D70059007F9
:1098F000AA80039007B6E0FA04F0EA88828983120E
:10990000880BE50B12998CE50AF0EE2404F8E43F8D
:10991000F912807EAC088A828B83E0F50A888289FE
:1099200083E0250AC39C129CD6ECF0A3E509129EA5
:1099300052E4F0F902800EEE2412F582E43FF58342
:1099400022E50824F9F508E50934FFF50922129902
:109950005222E50824FFF508E50934FFF50922EE57
:109960001286ED3FF5832212996B22EE2411F582C7
:10997000E43FF58322E0850882850983F022E0F543
:109980000CA3E0F50D22F01288A2E0221280B78528
:109990000882F5832274EE12103B890A8A0B8C1020
:1099A0008D11750C1A7416121A8812A6EBAA08FBF0
:1099B0001236498A0E8B0FAE0EAF0FEE4F606074F9
:1099C00014121A88129A26E8F0A3E9128060E50AB8
:1099D000F085080C85090D750E00780C121712120F
:1099E00080A012270D74031216F37412121A881233
:1099F0001534AC10AD11A90BEEFAEFFB1237B174B0
:109A0000021216F3E9F50C7016E50A24F960031446
:109A100070061280BCD2E5F0EEFAEFFB12369DA97B
:109A20000C7F0A0213A812A0CB1288A32274F6128C
:109A3000103B74F71217DBEAFEEBFF7801EE242FE0
:109A40001289346002780512889EE812805D7404E1
:109A5000129A8612295FEE242C12803A242E129A32
:109A60009312171674021217BB79031A1AEFFB121E
:109A700037B174021216F3E9F5087007EEFAEFFB3E
:109A800012369D029FEFF0EE2423FCE43FFDAA185E
:109A9000AB1922F582E43FF5831280861290AB0465
:109AA000F078082274F212103B8A088B09ECFEED64
:109AB000FF8A828B837405F0EE24321289348A8205
:109AC0008B83A3A3F0EA2403F50AE43509F50B859B
:109AD0000A82F58312997E129C82121A71E50C1289
:109AE00086C3350DF583121A59129C8CAA0CAB0D46
:109AF00012295F850A82850B8312A0C3FAA3E0FBBB
:109B000088828983A3A3A31295C8EE242F128934D7
:109B1000C0E0129CA1D0E0129CE02415F582E4384C
:109B2000F583E4129CE0129C94E4129CEB850A827B
:109B3000850B83E02416FAA3E03400FB1237C98EAC
:109B4000828F83A3A3A3A3A3A3A3E0C0E0850A827B
:109B5000850B83129CC5240DF582E438F583D0E093
:109B6000129CCFFAA3E0FB850A82850B83129CB876
:109B7000E8240BFCE439FD8A828B83E08C828D83A0
:109B8000F0A3E4129CF8E0F50B8C828D83A3E045F2
:109B90000B129CD6A3E0FCA30A0AAB83A2E7E43332
:109BA000C0E0E8240FF582E439F583D0E0F07407D3
:109BB0005C600478018002780075F00374075CA48F
:109BC00028F8EA28FAE43BFBE5082405F8E435091F
:109BD000F98A828B83128086129CF8850882850917
:109BE000831295C888828983E0F50A540725E0FC32
:109BF000E50AC4540F5407F50A750B007403780A7C
:109C00001218E4EC250AF8EA28F8E43BF985088202
:109C1000850983A3A3A3A3A3A3A3A3A3E8F0A3E914
:109C20001290A7FA8E828F83A3A3E02AFAA3E034CE
:109C300000FBC3EA98EB9940308E828F83A3A3E0A8
:109C4000F8850882850983A3A3A3A3A3A3A3A3A341
:109C5000E0FA8E828F83A3A3A3A3E0C39A2885088A
:109C600082850983A3A3A38010850882850983A325
:109C7000A3A3A3A3A3A3128809A3A3A3A3A3F0024E
:109C8000810CEE2425F582E43FF58322EE2413FCBB
:109C9000E43FFD22129C9822240EF582E438F583DD
:109CA00022129CA522E82410F582E439F58322A330
:109CB000A3A3A3A3A3A3A3A3129CBC22E0F8A3E0A5
:109CC000F922901A4F129CC922E0F8A3E0C8221290
:109CD0009EE4A3A3E022129CDA22F08A828B8322E4
:109CE000F0850A82850B83129CC922F0129CF02217
:109CF000EE2408FCE43FFD22129CDAA3AA82AB8387
:109D00002274F512103B8C088D09750A0078081230
:109D100017127C0B7D0002A64C0216DBC082C083AA
:109D20007918123763028A80C082C0838A828B834B
:109D3000E0C3940B50031237D5028A80C082C083DF
:109D4000791980DE74F712103BEAFEEBFF901AA639
:109D50001293546010901AA61295BE1237E17AA69B
:109D60007B1A123793EEFAEFFB12378D901AA6EE9C
:109D7000F0A3EF8002F0A3F0028D3A74F712103BCB
:109D800074DE1217DBEAFEEBFF8E828F83E024FD88
:109D9000601124FE601524ED600924FA600D146042
:109DA0000A803D7416121A88E480077416121A8805
:109DB0007401F01284C5740B121A88AA82AB831244
:109DC000296B7413121A88129E57121A881292ACB9
:109DD000740A121A88129E63121A881292AC804278
:109DE0007416121A887402F0129C8C740B121A8862
:109DF000AA82AB8312296B7413121A88129E57120F
:109E00001A881292AC740A121A88129E63121A8867
:109E100012804E129CF17417121A88AA82AB831218
:109E200037C9851882851983740B129E52E0C0E0F1
:109E30007401121A88D0E0129CEB7417121A88AAC7
:109E400082AB831237C9AA18AB19122F8974220268
:109E500080F9129EE4A3227403F09007BE129CBC0A
:109E60007402227402F09007BA129CBC741422741B
:109E7000F712103BEAFEEBFF8E828F83A3E0F5081A
:109E80007036EE242C129EEA7003A3E0696003751D
:109E900008E8EE2423FAE43FFB1237ABE96032EE28
:109EA000242FF582E43FF583E4F0E508700AEEFA2A
:109EB000EFFB1237BDE9F508E50860128E828F834B
:109EC000A3E508129EE47419128C9E12376F028D5E
:109ED0003AEE242F12893460D1901ACDE070CB7500
:109EE00008E880D8F08E828F8322F582E43FF583E4
:109EF000129CBC9007BAE06822C082C08374F11241
:109F000017DB7402121A887404129CD6A3E0C0E016
:109F10007403121A88D0E0F0EA242CF582E43BF5B1
:109F200083129CB8740D121A881292ACEA2423FC96
:109F3000E43BFD7404121A88AA82AB8312295F7471
:109F400004121A88AA82AB831237ABE9600E129F03
:109F5000691220AD9007B474FFF0A3F074021217D9
:109F6000B3122F89740F02818D851882851983742D
:109F7000FFF0A3F0AA18AB1979532274F612103B24
:109F800074E81217DB8A088B097402121A887403AA
:109F9000F0EA2413FEE43509FFEEFCEFFD74041231
:109FA0001A88AA82AB8312296B1280DAC0E0740C83
:109FB000121A88D0E0F0E5082408FCE43509FD74A5
:109FC0000D121A88AA82AB831237C9EEFAEFFB1280
:109FD00037ABE9600E129F691220AD9007B474FF91
:109FE000F0A3F074021217B3122F8974188004A919
:109FF0000874091216F37F020213A874F612103BBC
:10A0000074D41217DBEAFEEBFF8E828F83A3A312B8
:10A01000A0AFE0A2E650179007BA12A0C368700381
:10A02000A3E0697009901ACEE0604112380B740BFE
:10A030001217AB7403121A8812A63E1237C3851882
:10A0400082851983742B128B1112376F90079FE052
:10A0500060087408121A88E0600E851882851983DA
:10A060007405128B11122F89742C80879007C3E01E
:10A0700060BC12811B1237ABE970B3EE2408F508FF
:10A08000E43FF5097808121716750801750900787C
:10A09000081217169007BA1215347CAB7D077A03A5
:10A0A00079061237B774061216F380BC901A4F1255
:10A0B000A0B6A322A3A312A0BA22E0F8A3E0F583DE
:10A0C00088822212A0CB1280EEE022E0F8A3E0F911
:10A0D000EE22C082C08374EF1217DB8518828519C7
:10A0E000837409F07401121A8874EE128B11122F06
:10A0F0008902818B74F712103BA2AFE433FFC2AF29
:10A10000E9600312209B1220299007CDE0F912206C
:10A11000E99007CCE0F91220DD901ACEE0F9122088
:10A12000C59007BA1295BE1220CB9007BE1295BEFD
:10A130001220D17ACE7B071220D77E0012A178128E
:10A140009354600912A1781288AF123A9E0EEEC3A2
:10A15000940740E8123859123757901AE7E4F01282
:10A1600036431237997ABD7B0779521220ADEFA2A0
:10A17000E092AF7900028D3AEE12934A74AD28F561
:10A1800082741A39F58322123775028A80C082C020
:10A1900083901AE87429F0A37438F0A37447F0A3ED
:10A1A0007438F0A3744DF0A37438F0A3742FF0A3A7
:10A1B0007438F0A3743BF0A37438F0A37435F0A3A3
:10A1C0007438F0901ABB74CFF0A3741AF0A374DD46
:10A1D000F0A3741AF0A374E8F0A3741AF0901AAA0A
:10A1E000E4F0A3F0122023028A800216DB74F71237
:10A1F000103BEAFEEBFF8E828F83740712A248E0C9
:10A200008E828F83A3A312A248A3A3E08E828F83A2
:10A21000A3A3A312A256A3A3121A718E828F83A3A3
:10A22000A3A3A3121A598E828F83A3A3A3A3A3A3CC
:10A23000A3A3E4F0EC2418129295F812A8F3A3A3B8
:10A24000A3E8F0A3E9029D7712A24DA32212A25621
:10A25000A3A3A3A3A322F08C828D832274F41210F3
:10A260003BEAFEEBFF901AF5E4129E52A3A3A3A3D0
:10A27000A3E0C394064006901AF574E8F08E828F2E
:10A2800083A3A3A3A3A3A3A3E0C3940F40158E822B
:10A290008F83A3A3A3A3A3A3E064036015901AF57F
:10A2A00074E8F08E828F83A3A3A3A3A3A3E0640327
:10A2B000700E901AAAE0A2E04006901AF574E8F039
:10A2C000EEFCEFFD7AF47B1A1238238E828F83A383
:10A2D000A37808121A19740A7808121792901B08AA
:10A2E0007808121A0A8E828F83A3A3A3A3A3A3A321
:10A2F000E0901B0C12A396901B0D12A39B901B0EBB
:10A3000012A37C901B0FF0EE240C128934901B10CA
:10A31000F0A3740AF09007CDE0901B12F0901B059B
:10A32000128A77740412A3821217127C0B7D007AB2
:10A33000137B1B12270D74031216F3901AF5E070AD
:10A340002A8E828F83A3E07022901AF6E060069036
:10A350001AF574EAF0901AF6E0F91220F58E828F61
:10A36000837426F0790412219D80078E828F837476
:10A3700029F0EEFAEFFB12376F028023F0128EFE07
:10A38000E022F0EE240D12A38A22F508E43FF5093D
:10A39000750A0078082212A3A1E02212A3A1A3E06B
:10A3A00022128115A3A3A32274F412103B74F71296
:10A3B00017DBEAFEEBFF901AF6E07031901B11E01C
:10A3C000640A6029122107E9C0E0901B11E0F890AF
:10A3D0001AFDE028F8A3E03400F9E824F5F582E955
:10A3E00034FFF583D0E0F0901AFCE004F0901B08F5
:10A3F0007808121A1974017808121792901B0878BD
:10A4000008121A0A901B11E004F0E508A2E04006C9
:10A41000E0C3941E40D7E0641E700302A4A57A1125
:10A420007B1B79E11220AD7408121A88740212A401
:10A43000AF74FFF0A3F0901AF6E0600464027009B4
:10A44000EEFAEFFB1238358062E06401700679089D
:10A450007A80800479077A8375081375091B780858
:10A46000121716E4F508F50978081217167508FF93
:10A470007509FF780812171674061217BB1237B742
:10A4800074061216F3E9F874DB68601474E568600A
:10A490000F74F368600A74DF68600574E868700B15
:10A4A000E8901AF5F0128C9812376F02801EE412B1
:10A4B000A4B322F08518828519832274F012103B10
:10A4C000750801750900750A00750B00901B11E0F5
:10A4D0007808121678780812199D901AF8780812E0
:10A4E00018F7901AF6E06403700F12A53A121A19C1
:10A4F0007808790C120ED48035750801750900753D
:10A500000A00750B00901B0CE07808121678908AF0
:10A510001278081218BE908ACA780C121A19780894
:10A52000790C120ED4901AF6E0700312210178080B
:10A5300012170E7AFF7B1A0280939007C8128013BD
:10A54000908ACA780C2274F512103B74D41217DB6F
:10A55000EAFEEBFF901AF6E06402600DE064016031
:10A5600008E06405600302A634901AF5E4F0740B69
:10A570001217AB7403121A8812A63E1237C3901B2F
:10A580000DE0F8901AFCE0C3985077A312A6EB9068
:10A590001AFCE0F50A8032850882850983129CAF97
:10A5A0007414121A88E0687003A3E069700F740BCA
:10A5B0001217BBAA08AB09122959E97045150AE51B
:10A5C000082421F50850020509E50A70CA740B1227
:10A5D00017AB88088909750A0078081217127C21C0
:10A5E0007D00901AFCE08CF0A4F8A9F0A3E028FA12
:10A5F000A3E039FB12270D74031216F3901AFCE046
:10A6000004F090079FE0600E7408121A88E070064C
:10A61000901B0DE07007AA18AB19122F89901B0D23
:10A62000E06017901AFCE0F8901B0DE068700B12C8
:10A630008C98800312A6F712376F742C8013E8F001
:10A64000A3E9F0EEFCEFFDAA18AB192212270D7456
:10A65000031216F37F030213A874F612103B74FE64
:10A660001217DBEAFEEBFFEE241B12893464037041
:10A6700067EE24241289346403705D12A6E112206F
:10A68000AD8E828F83A3A312A6EB850882F5831279
:10A69000A70350020509AA18AB1979501220AD85FD
:10A6A000088285098312A70350020509AA18AB196D
:10A6B000794B1220ADAA08AB0979E11220AD8508CB
:10A6C00082850983A312A70E129F731220AD901AE0
:10A6D000F5E4F0128C98800312A6F712376F0291FE
:10A6E00077EE2413FAE43FFB794A2212A6EF22E028
:10A6F000F508A3E0F50922901AF574E8129EE474B7
:10A7000029F02212A70EF0E5082402F50822E0FA4B
:10A71000A3E0F9EA851882851983F0A3E922C082B3
:10A72000C0837AFF7B1A1238891220FB7904122128
:10A73000A9901AF6E064037006901AF5E060097AB1
:10A74000127B1B79E11220AD7AF47B1A028947C093
:10A7500082C08374F51217DBEAFCEBFDAA18AB1973
:10A760001238237401121A8874FC128B11122F896B
:10A77000740B02818DC082C083790702A18774F7B0
:10A7800012103B901B1EE4F0A3F0901B20F0A3F0EE
:10A79000901DB812A7A2901DBC12A7A2901B220266
:10A7A0009D75F0A3F0A374FFF0A3E4F02274F412FB
:10A7B000103B901B22E4F0A3F0901B1E12935460F8
:10A7C00032901DB87808121A1912A85412181C5089
:10A7D00022121FB18A088B098C0A8D0B12A8541201
:10A7E000181C500612A854121A0A901B1E12A84DCB
:10A7F0001292AC901B20129354901B226023129350
:10A800005460131283FA7808121A19901B2012A8A8
:10A810005712181C5010901B2012A84D1292AC8099
:10A82000051293546021901DB87808121A19901BD4
:10A830002212A85712181C500E901B221283F712D6
:10A840001A4D121FBD8003121FC3028023129CBC2D
:10A85000901B2222901B1E1290C478082274F012C2
:10A86000103BA2AFE433F508C2AF901B2212935401
:10A87000607412A907121A19901DB8780C12181CCE
:10A88000500B121E55901B221293546059121FB187
:10A890008A0C8B0D8C0E8D0F12A9011216B6504624
:10A8A000908A76780C121A1912A90112181C5003FA
:10A8B000121E55901B22E0FEA3E0FFEEFAEFFB1202
:10A8C00038898E828F83A3A3A3A3A3A3A312A8F383
:10A8D00012A8EBE508A2E092AF123A9EA2AFE433D1
:10A8E000F508C2AF809FE50802AA8F1295C28A823E
:10A8F0008B8322A3E0F98E828F83A3A3A3A3A3A3B8
:10A9000022901B22E0F8A31290C7780C2274F01258
:10A91000103B8A088B098C0A8D0B7410121A8880E0
:10A920001C908A76780C121A198E828F83A3A378D2
:10A930000C12181C5003121E558E828F831280FF3A
:10A9400060338E828F83A3A3780812194312A978EB
:10A950007002EF6970CB908A76780C121A198E8289
:10A960008F83A3A3780C12181C50B68E828F83A3FA
:10A9700012800780C402809B901B2212A0CB682209
:10A9800074F012103BA2AFE433FEC2AF901B201252
:10A99000A6EB901B1E121534901DB8780C121A19D4
:10A9A000780C12185DAA0CAB0DAC0EAD0F12386B03
:10A9B00074021216F38039901DB8780C121A19859A
:10A9C0000882850983A3A3780C12181C4015901DDA
:10A9D000B8780C121A19850882850983A3A3780C0C
:10A9E000121846850882850983129CB8880889094F
:10A9F000E508450970C1901DBC7808121A19901D10
:10AA0000B878081218316015901DBC121A71901D8B
:10AA1000B8121A59901DB8121A4D121FAB12385F96
:10AA2000EE806C74F012103BEAFEEBFFA2AFE43351
:10AA3000F50CC2AFECFAEDFB8C828D838008AA0E78
:10AA4000AB0F8A828B83E0F50EA3E0F50FE50E4590
:10AA50000F601A850E82850F83A3A37808121A1936
:10AA60008E828F83A3A3780812181C50D18A828B00
:10AA700083EEF0A3EF129EE4E50EF0A3E50F12A221
:10AA80005612A97B7002EF69700312385FE50CA2C1
:10AA9000E092AF02809B74F412103BEAFEEBFF746D
:10AAA0000C121A88C082C083121FB18A088B098CCD
:10AAB0000A8D0BD083D08278081218BE8E828F83C5
:10AAC000A3A37808121A0A7C1E7D1BEEFAEFFB1274
:10AAD000387702802374F712103BECF8EDF98C8282
:10AAE0008D838004A882A98312AB188C828D83E5A4
:10AAF0008245836014EA65827003EB658370E5121A
:10AB0000AB0E1295CE790180027900028D3A129532
:10AB1000C28882898322F583E0FCA3E0FD2274F7DA
:10AB200012103BEAFEEBFFA2AFE433F508C2AF7CA4
:10AB30001E7D1B123883E9700B7C207D1BEEFAEF23
:10AB4000FB12388312A9787002EF69700312385F24
:10AB50000280E5C082C083790012CB85C082C083A9
:10AB600090195E12CE60D083D082C3E09CA3E09D9A
:10AB7000500DEA240B12ABA212AB826002790102E3
:10AB8000C0C1EA75F00BA4FAA8F075F00BEBA4288D
:10AB9000FB901960E02AF8A3E03B8882F583E0543B
:10ABA0000F22F582E43B12C68C2274F712103B8907
:10ABB0000812C3F212AF0AACF075F00BE9A42CF93D
:10ABC000901960E028F8A3E039F9E8FEE9FF740184
:10ABD000650860067402650870228A828B8312B051
:10ABE000C0740265087021EA2403FA50010B122F89
:10ABF000F5E970148E828F83E4F0800CEA2403FC64
:10AC0000E43B12B0B7122FEF8E828F83E0D2E7F0D1
:10AC1000122CE902C0B374F412103B12B191790006
:10AC20008E828F83E06078890A890B8063E50A75DC
:10AC3000F00BA4FAA8F075F00BE50B12AB8E704880
:10AC4000E50A75F00BA4F8AAF075F00BE50B12B04D
:10AC5000D48E828F83E085088285098312BAF5122B
:10AC6000B035EE2403FCE43F12AD4D122FEF12C1BC
:10AC7000F6E50AF0A3E50B12B455D2E7F0122CE981
:10AC8000790190195E12B342050AE50A7002050BBC
:10AC900090195E12C9A6C3E50A9AE50B9B408E0285
:10ACA000B46174F512103BEAFEEBFF750A01740BF8
:10ACB000121A8812CB65EC4D6015EC12C6A03D123D
:10ACC000B19F7901122FD7E508450960758023E50A
:10ACD000084509604412C69E350912B19F12AD4E57
:10ACE000122FF5E96401701BEEFAEFFB122FDDE97C
:10ACF000F50A85088285098312B02D7902AA08AB6E
:10AD000009801112B0B8122FF5E96401703479038B
:10AD1000EEFAEFFB122FD780298E828F83A3E06497
:10AD2000FE7003A3E0F4700B12B0B8122FF5E964C3
:10AD300001700CEEFAEFFB122FDDE9F50A800375C6
:10AD40000A0002B317E50A2403FCE4350BFDE5080D
:10AD50002403FAE43509FB2274F712103B90195EC4
:10AD600012C326EA4B602FEA75F00BA4FAA8F0751F
:10AD7000F00BEBA428FBEAFEEBFF1227CD90196045
:10AD800012C32690196012C1456012EEFCEFFD79E6
:10AD9000001227198007901960E4F0A3F002C0B3F5
:10ADA000C082C083EC4D600512296B80097C087D50
:10ADB00000790012271902C0C1C082C0837900EA5D
:10ADC0004B60167800E8FCEA2C12C3FE600479019F
:10ADD000780808E8C3940840EC02C0C1C082C08370
:10ADE0007901EC6A7002ED6B6011EA4B600BEC4D7F
:10ADF0006007122965E9F98002790002C0C174F781
:10AE000012103B74F31217DBECFEEDFF8518828500
:10AE10001983E4F004121A88EAF0A3EB12C5EB12CE
:10AE200030197403121A88AC82AD83EEFAEFFB126C
:10AE30002FEFEEFAEFFB122FF502C0AE74F71210EF
:10AE40003B74F31217DBECFEEDFF85188285198346
:10AE5000E4F0EAFCEBFD7403121A88AA82AB8312B9
:10AE60002FEFAA18AB1912301F7401121A8812C0E2
:10AE7000868E828F8312C2E274FE68700374FF694B
:10AE8000600479018002790002C0AE74F712103BB1
:10AE9000EAFEEBFF122FD1E9F50874016508701185
:10AEA00012AEF5F4FA88828983E05A4480F0122CBD
:10AEB000E9A90802C0B374F712103BEAFEEBFF7574
:10AEC00008008E828F83E0602A122FD1E9F5087482
:10AED000016508701E12AEF5FA88828983E05A7007
:10AEE000128E828F83E04480FA88828983E04AF060
:10AEF000122CE980BC12C9D8F812AF0A12B265F858
:10AF0000A3E039F98E828F83E022A3E0F9E875F09F
:10AF10000BA4F82274F412103B8A088B097C007D84
:10AF200000EA12AD50122FEFE50812B04F790085FC
:10AF30000882850983A3E064FE7003A3E0F46078CF
:10AF40007E007F008065EEFAEFFB12AB826057EE69
:10AF5000FAEFFBEA75F00BA4FAA8F075F00BEBA47E
:10AF600028FB901960E02AF50AA3E03BF50B850861
:10AF70008285098312C9A5850A82850B83A3E06AAD
:10AF80007003A3E06B701FE50A2403FAE4350BFBA2
:10AF9000122FF5E96401700612AD45122FEF12B0C1
:10AFA00044790112C9EF0EEE70010F90195E12C9BB
:10AFB000A6C3EE9AEF9B408E02B46174F312103B6D
:10AFC0008A088B098A828B8312B02DEA12B04F75E2
:10AFD0000C00EA12AD50122FF5E9640170477E00B3
:10AFE0007F00803C12B257FAA3E0398A82F583E0F1
:10AFF000540F602712B257F50AA3E039F50B12ADD2
:10B0000045122965E964017012850A82850B831255
:10B01000B03512B044750C0112C9EF0EEE70010F7D
:10B0200012B27440BFA90C7F050213A8A3A374FE3B
:10B03000F0A304F022A312C09F850882850983A390
:10B0400012B8DB22E50812B059EEF0A3EFF022129D
:10B05000B05974FEF0A304F022240BF582E4350904
:10B06000F5832274F512103BEAFEEBFF8E828F838C
:10B0700012B02D7C007D0012B0B8122FEFEEFAEF67
:10B08000FB122FD1E9F50A7401650A702712C098E6
:10B0900012B0C8850882F58312B0C012AD4E122FCF
:10B0A000F5E96401700EE5082403FCE4350912B0EB
:10B0B000B7122FEF02B317FDEE2403FAE43FFB2291
:10B0C000A312C75D12B8DB22E875F00BA4F8AAF052
:10B0D00075F00BE912B26BF508A3E039F50922749B
:10B0E000F212103B74E61217DB12B191750A01756A
:10B0F0000800750900750C00750D0085188285190A
:10B1000083E4F0EE2403FCE43FFD7403121A88AAE2
:10B1100082AB83122FEFAA18AB1912301FE964011A
:10B12000701F740B121A8812B1A17401121A8812BE
:10B13000C7577003A3E069604AA818A9198808894D
:10B1400009740D121A8812BAF4A312C086740E1272
:10B150001A8812C2E2740D1217B3123019E9640191
:10B160007009740D1217AB880C890D780C12171624
:10B17000AC08AD09EEFAEFFB122FE374021216F3DE
:10B18000E9F50AEEFAEFFB123013A90A741A02C2AB
:10B1900008EAFEEBFF12C1FA74FEF0A304F022F5F8
:10B1A0008312C74EF912C1FA12B8DB2274F61210DC
:10B1B0003B7E007F008039EEF8EFF912B0C87808C6
:10B1C00012171675080B7509007808121716EEFC91
:10B1D000EFFDEC75F00BA4FC75F00BEDA42AFD7AE5
:10B1E000237B0012286374041216F30EEE70010F15
:10B1F00012B27440C202B31274F612103B7E007F8A
:10B2000000804C12B257F8A3E039F988828983E0B4
:10B21000A2E75036C2E7F0858208858309780812D4
:10B22000171675080B7509007808121716EEFCEF53
:10B23000FDEC75F00BA4FC75F00BEDA42AFD7A2350
:10B240007B0012285D74041216F30EEE70010F12CB
:10B25000B27440AF02B312EEF8EFF9E875F00BA448
:10B26000F812B26522AAF075F00BE9A42AF9901938
:10B2700060E0282290195E12C09FC3EE98EF9922D9
:10B2800074F612103BE4F508F509780812171690C9
:10B29000195E12B33D75F00BA4FCA8F075F00BED30
:10B2A000A428FD7A237B0012285174021216F3E9B8
:10B2B000FE600312304302C9BB74F612103B74FFE8
:10B2C0001217DB7E007F00803C851882851983E49D
:10B2D00012B3311217167508017509007808121794
:10B2E00016EEFCEFFDEC75F00BA4FCA8F075F00B6E
:10B2F000EDA428FD7A237B0012285D74041216F356
:10B300000EEE70010F12B27440BF740102B30F123F
:10B3100016F37F020213A8A90A7F030213A874522E
:10B3200028F582740C39F583221216F37F08021374
:10B33000A8F0A818A9198808890978082212CE64EB
:10B34000EC22E0F50AA3E0F50B22C082C08390193D
:10B350006C7409F0A37434F002C0C174F712103B8E
:10B36000EAFEEBFF9019D2E06408601FE06404601D
:10B370001A8E828F83E054036401704412C9D4F89A
:10B38000A3E0F5838882E0640670358E828F83A304
:10B39000A3E064FE7003A3E0F460258E828F83A394
:10B3A000A312C9CB7003A3E0697008EE241512C97B
:10B3B000C3600512348D8003123493E9F5088003CD
:10B3C0007508C2EEFAEFFB1227D302AEB174F41285
:10B3D000103B8A088B098A828B83E0FAA3E0F8EAA3
:10B3E00028FAE43400FB1227CD8A0A8B0BAE0AAF91
:10B3F0000BEE4F605A850882850983E0FC7D007959
:10B40000001227198E828F8312B02C1234C38E82C1
:10B410008F83A3A3A3A3EAF0A3EB12B455F8EE28FD
:10B42000F8E43F12B1A4850882850983A3E0C0E057
:10B4300012C95BD0E0F01234D5EE240EF582E43F61
:10B44000F583E912B8AFE0C0E012B89CD0E0F0EEAE
:10B45000FAEFFB800CF0850882850983E022121642
:10B46000F37F040213A874F412103B74E81217DB84
:10B470008A088B098C0A8D0BE9FE9019D2E06404CE
:10B480006005E06408700479C28041A37808121A4C
:10B490000AEE9019D912B5B41227198518828519A8
:10B4A000837808121A0A7405121A88EEF0740412CE
:10B4B0001A887401F07407121A88E4F09019D27493
:10B4C00002F0901D47E412C5EB122F597418808EBC
:10B4D00074F412103B74E81217DBEAFEEBFF9019CC
:10B4E0006212C145600302B5AA7A077B001227CD1C
:10B4F00090196212C32690196212C145700302B5F9
:10B50000A68E828F83121A71901962E0FCA3E0F577
:10B51000838C82121A59EE2404F50AE43FF50B8558
:10B520000A82F583E0C0E090196212C672A3A3A359
:10B53000D0E0F0EE2405F508E43FF509850882F532
:10B5400083E0C0E090196212C683D0E012B5AFE08C
:10B55000C0E090196212C74EC82406F582E438F59F
:10B5600083D0E012B5B41227198E828F83121A711C
:10B57000851882851983121A59850A82850B83E002
:10B58000C0E07405121A88D0E012B455C0E074040B
:10B59000121A88D0E0F07407121A88E412C5EB1270
:10B5A0002F59E9F9800679108002790102B4CC1292
:10B5B000CB6DA322F07C187D007900AA18AB19226C
:10B5C000C082C08390196212C14560109019621246
:10B5D000C9A61227D3901962E4F0A3F01234211205
:10B5E000358302C0C174EC12103B74E71217DB8A7A
:10B5F0000C8B0D8C0E8D0FE9FF7E007508018E09F6
:10B600008E0A8E0B9019D27401F07C187D0079009F
:10B610001217B31227197401121A88780C121A0A19
:10B620007406121A88EFF07405121A887403F07405
:10B6300008121A88E4F0850C10850D11850E12850C
:10B640000F1378107908121930E51045114512458D
:10B650001360010E74017808121678E50845094553
:10B660000A450B70D1AA18AB19795A122F478518C1
:10B6700082851983E0F508E4F509F50AF50B8E0CCF
:10B68000F50DF50EF50F7808790C120ED4908A425C
:10B69000780C121A197808790C120ED4908A167840
:10B6A0000C121A197808790C120FCC12B8C77A004C
:10B6B0007B04901A1DE0F9122899780812170E7A67
:10B6C000007B04901A1DE0F912288D74041216F301
:10B6D00074011217B3122F5974191216F37F0C024A
:10B6E00013A874F712103B7C0112307F02C0B374B0
:10B6F000F712103B7C0080F174F012103B74FD12C5
:10B7000017DBEAFEEBFF890A8C0B12CE5D123415B3
:10B710008A088B09EA4509700579CA02B8978A82B6
:10B720008B83A3A3A3A3A3A3A3E064FE7003A3E05E
:10B73000F4700579C302B8971234C38A0C8B0DA834
:10B740000CA90D850882850983A3A3A3A3A3A3A3A2
:10B75000E0687003A3E069700579C202B89712C06F
:10B7600083850882850983E0687003A3E069600926
:10B7700085088285098312B9F69019D012C9A612DC
:10B7800035AD850882850983A3A3A3A3A3A3A3A39F
:10B79000A3A3E0049019E312B9E212296B74011219
:10B7A0001A88740212C5EB1235298A0C8B0DAE0C67
:10B7B000AF0DEE4F700302B88E12C5F17406F0A300
:10B7C000A882A9839019BD12C9AA12C965F01234C2
:10B7D000BD12C31DEE241312C96812C0777440F065
:10B7E000A3E412B8A612B8D412B89CE50BF0EEFA96
:10B7F000EFFB12304FE9FE600302B8909019D2744B
:10B800000912B8A612B9EC9019C5E0650A6003E503
:10B810000AF07AC67B19794B122F4D7AD07B1979B1
:10B8200050122F4D7AC57B1979E1122F4D7AC37BC7
:10B83000197953122F4D12B8C7901D2912C9A6129B
:10B8400034ED12B8B9E4F50EF50F780C12170E7A34
:10B85000017B00901A1DE0F912289374041216F36C
:10B860007A007B04901A1DE0F912289912B8B97475
:10B8700002780C121678780C12170E7A007B04905E
:10B880001A1DE0F912288D74041216F380027E103E
:10B89000901840E4F0EEF9740302B329EE2411F598
:10B8A00082E43FF5832212B8AFA3A3A3A3A322F09F
:10B8B000850882850983A3A322901D29E0F508A3AA
:10B8C000E085080CF50D22901D2712C09F90196489
:10B8D00012B8DB2212C99012B8DB22E8F0A3E9F01B
:10B8E0002274F612103B74E51217DB851882851955
:10B8F00083ECF0A3EDF0EAFEEBFF89099019D2E0AA
:10B9000064046005E06408700579C202B9DD74263C
:10B91000121A88E064FE7003A3E0F4700579C30294
:10B92000B9DD7C197D00790074021217B312271952
:10B930009019D2740312C5EB7950122F4D74261250
:10B9400017B3794B122F4D85188285198312B9F6DA
:10B95000E5099019C5F07426121A8812B9EC7425FD
:10B96000121A88E0F5089019BD12B9E212296B7419
:10B97000CE55084480C0E0741A121A88D0E0F074E2
:10B9800017121A887402F07426121A8812C086746C
:10B990000F121A8812C2E285188285198312C08696
:10B9A0007418121A8812C2E2740D121A88E509F08E
:10B9B000740A121A88E4F09019D8740FF07AD87BC0
:10B9C000197954122F4D9019D7740FF07AD77B192B
:10B9D0007947122F4D74021217B3122F53741B02A2
:10B9E000B30FF0EEFCEFFD7AE47B192212C09F90BA
:10B9F00019C612B8DB2212CBA012B8DB2274F712E0
:10BA0000103B74F81217DB7E008A828B83A3A3A3FA
:10BA1000E0C0E07404121A88D0E0F08A828B83A31D
:10BA2000A3E0C0E07406121A88D0E0F07407121A7E
:10BA3000887401F08A828B8312C145600D8A828BE3
:10BA40008312C9A6122FF5E9703D7405121A88E415
:10BA5000F01234BD7402121A8812C3269019D2E073
:10BA60006404700F1234C9851882851983EAF0A323
:10BA7000EB800C85188285198374FDF0A374FF1286
:10BA8000C5EB123511E9FEEEF9740802C0B074F787
:10BA900012103B74F81217DBEAFEEBFF79009019E5
:10BAA000D2E064086005E064047047851882851957
:10BAB0008374FDF0A374FFF01234BD7402121A886F
:10BAC00012C3267405121A8812BAF4A3E0C0E074F7
:10BAD00004121A88D0E012BAF5E0C0E07406121A17
:10BAE00088D0E0F07407121A88E412C5EB12351101
:10BAF000E9F98095E412BAF922F08E828F832274DC
:10BB0000F512103B8A088B098A828B8312C9F2EEE8
:10BB10004F700302BCB090198312C14560178A822E
:10BB20008B83A3A3E0F9EEFAEFFB901984E0F58391
:10BB30008882123A9E8E828F83A3A3A3A3A3A3A37A
:10BB4000A3A3E06402600302BC1A8E828F83A3A3C6
:10BB5000A3A3A3A3E05402700302BC3E8508828520
:10BB60000983A3A3E064E9700302BC3E85088285D3
:10BB70000983A3A3E064CD700302BC3E85088285DF
:10BB80000983A3A3E064F0700302BC3EEE240D120F
:10BB9000C04C6028EE241312C9C360208E828F83AC
:10BBA000A3A3A3A3A3A3A3A3A3A312BCCF1235351E
:10BBB000E9701D7A307B01122D558014901D4AE0EA
:10BBC000048E828F83A3A3A3A3A3A3A3A3A3A3F001
:10BBD000850882850983A3A3E0701F750A00800988
:10BBE0007A367B01122D55050A850882850983A3C3
:10BBF000A3A3E0F8E50AC39840E6EE240A12C7447E
:10BC0000C0E012BCB3D0E012C0677404F0901D4BCA
:10BC100012C98AE812BCC112276D8E828F83A3A33A
:10BC2000A3A3A3A3A3A3A3E0640260128E828F83C5
:10BC3000A3A3A3A3A3A3A3A3A3E0640670728E820D
:10BC40008F83A3A3A3A3A3A3E0A2E05063850882EC
:10BC5000850983A3A3E0F9EEFAEFFB1233318E825C
:10BC60008F83A3A3A3A3A3A3E054FE12BCCF1235DA
:10BC700035E9850882850983A3A3702AE070237AB9
:10BC80002F7B01122D557E00850882850983A3A391
:10BC9000A3E0F8EEC39850187A367B01122D550EAA
:10BCA00080E67A318005E070077A2D7B01122D55F0
:10BCB00002B31912BCB722EE2413F582E43FF583D8
:10BCC00022F0A3E9F07A207B00901A1DE0F92212FD
:10BCD000BAF912CBDE12C68E2274EC12103B74BD80
:10BCE0001217DBEAFEEBFF8C108D11750C00750E40
:10BCF00000AC18AD19123265740D121A88E0700884
:10BD00007410121A88E06014851882851983E0A2E5
:10BD1000E6500E12C999123535E960057A3502BE32
:10BD20003A851882851983E0540C64047005750DFA
:10BD3000018003750D00E0A2E5503D750E01E50D93
:10BD4000A2E040341234C312C08A7003A3E06970C9
:10BD50000512C049706B1234C312C08A7003A3E08D
:10BD600069601512C049701012C9E1AC18AD191202
:10BD7000331FE9600302BE3812C049702C85188257
:10BD8000851983E0A2E650217401121A88E0540359
:10BD90007017851882851983E0540C640C600AE0E2
:10BDA000540C64086003750C01851882851983E0C2
:10BDB0005403F8740268701912C9DD12327702C098
:10BDC0004412C99912C0987415121A8812C2E280DE
:10BDD0009A7401687047E50CA2E0500B12C04970DC
:10BDE0000612C9DD12326B741A121A88E518F0A314
:10BDF000E51912C0977417121A8812C2E28E828F48
:10BE000083A3A3A3A3A3A3E0C0E07419121A88D04C
:10BE1000E0F074171217B312318102C044E86003D6
:10BE200002C0449019BAE0640170178E828F83A318
:10BE3000A3A3A3A3A3E0700A7A347B01122D5502B9
:10BE4000C0447442121A88740212C097743A121ACB
:10BE50008812C056E05480700302BF567424121A30
:10BE600088740212C06712C086741C121A8812C22B
:10BE7000E27403121A88E0C0E07425121A88D0E038
:10BE8000F07402121A88E0C0E07426121A88D0E01A
:10BE900012C0827427121A8812C2E27406121A881B
:10BEA00012C0867429121A8812C2E27408121A8803
:10BEB00012C086742B121A8812C2E27410121A88E9
:10BEC000E0F8742D121A88E8F0A3E4F0740E121A48
:10BED0008812C086742F121A8812C05612C0867437
:10BEE00031121A8812C073E0C0E07433121A88D07D
:10BEF000E012CB7CC0E07434121A88D0E0F012C992
:10BF0000C0C0E07435121A88D0E0F07411121A889B
:10BF1000E0C0E07436121A88D0E0F07413121A8868
:10BF2000E0C0E07437121A88D0E0F0EE242312C982
:10BF3000C3C0E07438121A88D0E0F0EE242512C98C
:10BF4000C3C0E07439121A88D0E0F0741C1217B321
:10BF500012327D02C0447457121A887808121A19D6
:10BF6000E50DA2E0400302BFF2EE240F12C9C3C0E8
:10BF7000E07412121A88D0E0F090198512C1457051
:10BF80000302C0441234C38A128B13A812A913747B
:10BF90003A121A88E0687003A3E069600302C044A3
:10BFA000EE242312C9C3F50D780D12171A12C05DC5
:10BFB000121534780812170EE50EF50878081217D6
:10BFC0001A8E828F83A3A3A3A3E0F5087808121723
:10BFD0001A7810121716A90C740B1217BB7445129D
:10BFE00017B390198512C753123A9E740B1216F3A9
:10BFF0008052E50CA2E0500612C9DD12326BEEFA57
:10C00000EFFB1231C9E9603C12C9C0F50C780C1283
:10C01000171A780812170EE50EF508780812171A85
:10C0200078101217169019D0121534EE241212C976
:10C03000C3F974441217BB740A1217B312333D7458
:10C040000A1216F3744302B6DAEE2421F582E43FB5
:10C05000F583E054802212B8DB12C05D22EE242169
:10C06000F582E43FF5832212C06B2212CB71A3A3A9
:10C07000A3A322E8F0A3E9F0EE240FF582E43FF554
:10C080008322F09019D012C09F228A088B09A80839
:10C09000A90912C9D86822F012C1FA12C09F22124F
:10C0A000C74EF92274F712103B122CAD8005740DA7
:10C0B0001216F37F010213A8C082C083122CB9802C
:10C0C00000D083D0820216DB74F712103B122CC50D
:10C0D00080E1C082C083122CCB80E6C082C0831274
:10C0E0002CD180DD74F712103B122CD780C574F769
:10C0F00012103BE9FE9019BDE0A2E3401890198FA1
:10C10000121A71E8494A4B600C7A087B0090197248
:10C11000E0F912276DEEF9122CDD02C0B374F712AC
:10C12000103BEAFEEBFF8908740165087014790082
:10C130001231339049D8E493FC7900EEFAEFFB1208
:10C14000311502C0B312C09FE8492274F712103BA8
:10C15000122CE302C0B374F712103B901DAAE0F951
:10C160007800800B12C406540D6401700119081286
:10C17000C3735003E970ED02C0B374F712103B9023
:10C180001DABE0F97800800B12C406548D648170F9
:10C1900001190812C3735003E970ED02C0B374F2C1
:10C1A00012103B890BE975F006A4A9F0240FF508DD
:10C1B000E439F509E5082AFAE43509FB1227CD8AA6
:10C1C0000C8B0DAE0CAF0DEE4F6025AC08AD0979B0
:10C1D0000012271912C1F6E50BF0EE2508F8EF352D
:10C1E00009F98E828F83A3A3A3A3A3A3A312C2E002
:10C1F000EEFAEFFB801512C1FA2212C1FE22EE24E4
:10C200000BF582E43FF583221216F37F060213A892
:10C2100074F612103BEAFEEBFF1230F1E9F8901DC4
:10C22000A9E0F9E8C399400990196E12C9A6123025
:10C23000F7EE2402F8E43FF9880889099019701292
:10C24000C9AA901970E004F0EEFAEFFB1230FD85F8
:10C250000882850983E002C9BCC082C0837900904E
:10C26000196E80010912C9A68A828B83E5824583F3
:10C2700070F202C0C174F712103BEAFEEBFFEE4F02
:10C28000605B90196E12C1456053888289837A0081
:10C290007B00EE65827003EF65836013AA82AB8337
:10C2A00012C08688828983E5824583603080E3906E
:10C2B000196E12C086EE687002EF698E828F8370ED
:10C2C0000812C08690196E800312CBD612C2E2EE1D
:10C2D000FAEFFB1231B1EEFAEFFB1227D302C0B333
:10C2E000A3A312B8DB22C082C08390196E80048899
:10C2F00082898312C145600A8882898312B33D4DC9
:10C3000070ED8A828B83E4F0A3F0E84960068882AE
:10C310008983800390196E12C32602C0C1EE241ACD
:10C32000F582E43FF583EAF0A3EBF02212C68EEA31
:10C330004B2274F712103B90196E80048A828B8313
:10C3400012C32C6027780080010812C37350EDE8F7
:10C3500075F006A4FCADF0EA2CFCEB3DFDEC2413DB
:10C36000F582E43DF583E06970DF80047A007B00AC
:10C3700002C0B312C3F7FCE8C39C2274F712103B4F
:10C38000E9FE7D0080010D12C3F2EDC3985023ED4C
:10C3900075F006A4F8AFF0EFF912C3E870E8ED7598
:10C3A000F006A4F812C4294CF0E8240FFAE439FB93
:10C3B00080047A007B0002C0B374F612103BE9FEE1
:10C3C000EAFF123103EA4B601C7C008010EC75F030
:10C3D00006A4F8A9F012C3E87002EFF00C12C3F241
:10C3E000ECC39840E802B31212C421241312C432E1
:10C3F0006E2212C3F7F822EA240B12C3FE22F58242
:10C40000E43BF583E022E875F006A4FCADF0EA2CED
:10C41000FCEB3DFDEC2414F582E43DF583E022EFD6
:10C42000F9EA28F8EB39F9E82212C41F241412C4DF
:10C430003222F582E439F583E02274F012103B7465
:10C44000F51217DB8A088B09890A8C0BE9A2E050E8
:10C45000147508FC7509FFA2E15005D2E402C4FB83
:10C46000D2E302C4FB1231578A0C8B0DA80CA90D24
:10C470009019C3E0687003A3E069600EAC0A79020A
:10C48000AA08AB09123151E97005790002C5CBE564
:10C490000AF50C780C12171A79027CFE7DFFAA08A7
:10C4A000AB0912312774011216F3E9600302C5C902
:10C4B000E50AC2E5F50AA2E6404374031217BBAAD7
:10C4C00008AB09123001E9702E12C67C1235958A2C
:10C4D0000C8B0DAE0CAF0DEE4F6022EE2402FAE491
:10C4E0003FFB122FF5E96015EE2402FCE43FFD74DA
:10C4F000031217B312296BE50AD2E5F50A901971F8
:10C50000E0F50C9019C312C66A780E1217167D0159
:10C510007C00901971E0F9AA0EAB0F123139740248
:10C520001216F3E9F8901971E004F0E8600302C50F
:10C53000C9E50AA2E55004740E80027406C0E074D6
:10C5400001121A88D0E012C5EB1235298A0E8B0F22
:10C55000AE0EAF0FEE4F606D12C965F01234BD1212
:10C56000C31D12C5F17401F07478550AA312C99560
:10C57000A3E50C12C995A3A3E508F0E50912C5D0FF
:10C58000E4F0E50AA2E5500F74031217BBE8240695
:10C59000FAE439FB12296B8E828F83A3A374FDF01A
:10C5A000A374FFF0E50B60129049D5E493F8E50B16
:10C5B000C398500612BCB3E50BF0EEFAEFFB123055
:10C5C0004FE9F980067910800279C7740B02B3290C
:10C5D00088828983A3A3A3A312C5DC2212C5E0220B
:10C5E000F088828983A3A3A3A3A322F0AA18AB197E
:10C5F00022EE12CB8D3F12C5FA22F58312C74EF9F7
:10C60000888289832274F412103B7A007B10901A7E
:10C610001DE0F912289FEA4B4C4D6008901A2074D7
:10C6200001F0804390193FE06401901D447006E0E2
:10C63000FC79018004E0FC79037A007B001231155B
:10C640009049C2E493F508740193F509E4F50AF5FD
:10C650000B780812170E7A007B10901A1DE0F91261
:10C66000288D74041216F302B461E0F50EA3E0F510
:10C670000F22E0F8A3E0F5838882A3229019D0125C
:10C68000C6942212CBDEA3A3A3A3A322F583E0FAD0
:10C69000A3E0FB22E0FCA3E0FDAA08AB0922E50829
:10C6A00012CB8D2274F412103B8A088B09ECFEED3C
:10C6B000FF750B019019C3E065087004A3E06509DC
:10C6C0006013750B00780B12171A12355374011290
:10C6D00016F3E9F50B7900AA08AB091231578A085D
:10C6E0008B09A808A9099019C3E0687003A3E06941
:10C6F00070467900EEFAEFFB12314BEA4B60308A5C
:10C70000828B83A3A3A3A3A3A3E05418602175087D
:10C71000FE7509FF78081217168A828B83A3A3126D
:10C72000153412CDBA12315D74041216F3800979F2
:10C7300001EEFAEFFB1230CDA90B02B461E493F8DD
:10C74000EAC39822F582E43FF583E014F022E0F892
:10C75000A3E02212CBDE2212C75DE0682212C7617D
:10C7600022E0F8A3E0F98E828F83A32274F21210E4
:10C770003BEAFEEBFF8C0A8D0B890874FC6E70039C
:10C7800074FF6F700302C95679001231578A0C8BFF
:10C790000DAE0CAF0D740E121A88E0F5099019C396
:10C7A000E06E7003A3E06F7009E509A2E6400302A2
:10C7B000C956A90912314B8A0C8B0DA80CA90DE89A
:10C7C00049704579007AFE7BFF12314B8A0C8B0D44
:10C7D000A80CA90DE849703074185509700302C8F7
:10C7E000867A0080010A9049D012C73D400302C8F2
:10C7F00086EA75F007A4F8A9F012CCE5541870E5A4
:10C8000074AE28F8740C39F988828983EEF0A3EFAE
:10C81000F074FE650A700474FF650B600D888289F0
:10C8200083A3A3E50AF0A3E50BF088828983A3A381
:10C83000A3A3A3A3E509F0A2E0500D88828983A3F6
:10C84000A3A3A3A3A3D2E2F074016508888289831D
:10C85000A3A3A3A3A3703A740112C981E054186082
:10C860002A9049DBE49388828983A3A3A3A312CEF1
:10C870005CAA0AAB0B1235B38B0DEA450D600302BF
:10C88000C9567A008036790202C9589019C2E080F0
:10C89000D5E06401700302C95688828983A3A3A3EB
:10C8A000A3A3A3E0541860079049DBE493800490AD
:10C8B00019C1E012C5D0E50802C9550A9049CE1247
:10C8C000C73D400302C9567B008029EB75F007A4E1
:10C8D000F8A9F074B028F582740C39F58312CE6093
:10C8E000EA75F017A4F8A9F012CB976C7003A3E0D7
:10C8F0006D60C80B9049D0E493F8EBC39840CCE44A
:10C90000936B70B7EA75F017A4F8A9F0745228FE7B
:10C91000740C39FF7C177D007900EEFAEFFB1227CB
:10C92000198E828F83E50AF0A3E50BF09019D012DF
:10C93000C98AA3A3A3A3A3A312C07374AAF0EE246D
:10C940000E12C96812C9715001097A027B00120DDA
:10C95000F012C95BE8F0790002C20BEE240DF582FB
:10C96000E43FF58322EE2417F582E43FF58374015A
:10C9700022F012C976229049CBE49379002401F881
:10C980002212C9852212C5E0A32212C990A3A322B4
:10C9900012C761A32212C9B4228E828F83A3A3A3DC
:10C9A000A3A3A3A3A3A312C68E22E088828983F047
:10C9B00022F0A304F088828983A322EEF902B31245
:10C9C000EE2411F582E43FF583E02212C09F901916
:10C9D000C3E0682212C9D82212C1FEE022AC18AD11
:10C9E00019EE12CB8D3F12C68C227F0A0213A8903B
:10C9F000195EE0FEA3E0FF2274F212103B89098A5F
:10CA00000A12CB41504275080080020508E508C3B0
:10CA10009509502AA808E828F8E433F9EE28F582A9
:10CA2000EF39F583C082C0831234C38A0C8B0DD0DA
:10CA300083D082E0650C7004A3E0650D70CDE50A3B
:10CA40006508700479018002790002C20B74F61245
:10CA5000103BE9FE7900123157EEF912314B8A088A
:10CA60008B09A808A909E849600612CEC9F9800215
:10CA7000790402B31274EE12103BEAFEEBFF890A4E
:10CA80008C0C8D0B123145E9F50E7412121A8812B6
:10CA9000CB659049CF12CB48504189107511007475
:10CAA0000378101218E474E42510F582740D351122
:10CAB000F583E0F8E50CC398501DE50B606E750F2B
:10CAC000007403780E1218E412CB31A3A3A3A3A31E
:10CAD000E50C12CB5580547903805379007AFE7BA4
:10CAE000FF123145E9F50E9049CFE493650E7004CD
:10CAF0007902803AE50B6034750F007403780E12EA
:10CB000018E412CB31EEF0A3EF12CB5512C981E538
:10CB10000C12C5D874FF12CB4FE50AF09019C1E092
:10CB200088828983A3A3A3A3A3A3A3F0790002C946
:10CB3000EA74DE250EF8740D350FF988828983A317
:10CB400022ECFEEDFF9049DAE493F8E9C39822F075
:10CB5000888289832212CB5FE508F0A3E5092212BF
:10CB6000C9B4A3A322E0F508A3E0F5092212CB7112
:10CB700022F08E828F83A3A3A3A3A32212BAF9A3C8
:10CB8000A3A3A3E022EA12CB8D3BF58322240BF56D
:10CB900082E42212C4352212CB9B2212B31EE02261
:10CBA00012C74EF99019D022C082C083780080014C
:10CBB000089049D2E493FAE8C39A5012E8FA741E36
:10CBC0002AF582E4340EF583E06970E4E4F002C0F3
:10CBD000C13509F5832212C09F8A828B832212C736
:10CBE0004EF583888222E493F8EEC3982274F612FD
:10CBF000103BE9FC79008001099049CF12CB4850E5
:10CC0000398908750900740378081218E474DF1272
:10CC1000CC3D740D12CBD1E06A7003A3E06B70D8E9
:10CC20008908750900740378081218E474DE12CCC0
:10CC30003D740D12CBD1E06C70BE02B3122508F525
:10CC4000822274F712103B89085308407E00802E20
:10CC5000EE75F007A4F8A9F074AE28F582740C12F2
:10CC6000CB936A7003A3E06B701374FE6A70037455
:10CC7000FF6B605812CCE554406508604F0E904938
:10CC8000D012CBE640CAE4936E705374FE6A700310
:10CC900074FF6B70497E0080010E9049D012CBE684
:10CCA000503CEE75F007A4F8A9F074B228F5827430
:10CCB0000C12CB9370E3A908EE75F007A4ABF074E7
:10CCC000AE28F582740C12ABA5123133EE75F00765
:10CCD000A4FEAFF074AE2EFA740C3FFB80047A0011
:10CCE0007B0002C0B374B428F582740C12C43522E0
:10CCF00074F412103BEAFEEBFF890B8C0A74016599
:10CD00000B700C9049CAE493F9123169E970737998
:10CD100000EEFAEFFB123157A90A12314B8A088B49
:10CD200009A808A9097401650B6014E849606188C5
:10CD3000828983A3A3A3A3A3E0650B70538043E878
:10CD400049601988828983A3A3A3A3A3E064017027
:10CD50000B88828983A3A312CB65800AE50AA2E629
:10CD6000402E8E088F0974FE6508700474FF6509F3
:10CD7000601E9049CAE493F9AA08AB09123169E927
:10CD800060047900800CEE65087003EF650970D2CD
:10CD9000790102B46174F612103BE9A2E6501879E9
:10CDA000FF1232298B09EA450960089019C312C99C
:10CDB000A680047AFE7BFF02B31279009019C31299
:10CDC000CE648A828B8312C68E2274F012103B8A44
:10CDD0000A8B0BECFEEDFFE9600C75080078081279
:10CDE000171A790B806B7900EEFAEFFB12314B8A40
:10CDF000088B09EA450960618A828B83A3A3A3A3F8
:10CE0000A3A3E0A2E05052780A1217167412121A65
:10CE10008812CE607414121A8812C9A61235BF7413
:10CE2000021216F38A0E8B0FA80EA90F74FE6870FB
:10CE30000374FF69602385088285098312C2E07547
:10CE40000800780812171A790CAC0AAD0BEEFAEF4D
:10CE5000FB12355374011216F302B32CF09019D063
:10CE600012CE6422E0FCA3E0FD22C082C08378AE33
:10CE7000790C7C00804588828983A3A3A3A3A3A304
:10CE8000E0A2E0402E88828983A3A3E06A7003A316
:10CE9000E06B701F88828983A3A3A3A3A3E064012E
:10CEA000701188828983A3A3A3A3A3740312CB4F19
:10CEB00012B02C0CE82407F85001099049D0E493F3
:10CEC000FDECC39D40B002C0C18882898374FE120C
:10CED000CEE11412CEE1A3A3E412C5DC12C985F0A1
:10CEE0002212C9B1A32274F412103B890812CE5D3C
:10CEF0001235B38A0A8B0BAE0AAF0BEE4F603E8E33
:10CF0000828F83A3A3E0F91235CBE9F98E828F8358
:10CF1000A3E06029E960269019BCE06401700D8EE1
:10CF2000828F83A3E0C3995003E980068E828F83AA
:10CF3000A3E0F8E508C39840047901800279000273
:10CF4000B46174F712103BE9901861F090183374D3
:10CF500002F090182B12E12F1234BD122C4D122D1D
:10CF60005B7A137B1D123A33122C47901D11E0603F
:10CF7000097A007B00122C2380147AFF7BFF122C8D
:10CF8000237CF47D017B327A007908121EBB122DBE
:10CF900019122C5F122D2502DCA974F712103B74B4
:10CFA000F01217DB8908122E99E50860459019A543
:10CFB000E4F0A3F0A3F0A3F09019ECE07034901D1E
:10CFC0003CE06401702C90194FE06026AC18AD195C
:10CFD0007A627B00122EF97900AA18AB1912336D10
:10CFE00079001233737C107D007900AA18AB1912F6
:10CFF000271990186612E638602190186612E2D45C
:10D00000FEA3E0FF90186612E3FC1227D3EFF9901D
:10D010001866EEF0A3EFF0EE4970DF741002E2E75D
:10D0200074F212103B890AEAFEEBFF5480702DEA7D
:10D03000A2E050407901122D3D7C0F7B0F901864C7
:10D04000E0FA901869E05407F9122D61EE640102CC
:10D05000D0D8122C53AA08AB09122731901861E0DE
:10D06000F91227438A088B09EA4B70E6EEFAEF645F
:10D070008002D121EB54206034901D11E0640C70CB
:10D080000D7902122D3D122D01901D2F800B790C70
:10D09000122D3D122D07901D2B1215307A007B208A
:10D0A00012DB091216F3EEFAEF64208074EA5410D2
:10D0B000602A901D11E0F9122D6D90193DE0640178
:10D0C0007013908A2E1215307A007B08901A1D1268
:10D0D000DB0C1216F3EE6410FAEF8045EA54086098
:10D0E00006EA6408FA8046EB540160199019D2E010
:10D0F000F874086860057404687003122C3BEEFA3B
:10D10000EF6401801CEA5404600A7A0379FF122F4D
:10D1100035121AA4EF5410600B122D37EEFAEF649B
:10D1200010FB8009EEFAEFFBA90A122C1D7F060204
:10D1300013A874F712103BEAFEEBFFEA5480600A72
:10D14000122C35EE6480FAEF802BEB5402600A1249
:10D150002C71EEFAEF6402801CEB5408600A122F67
:10D160000BEEFAEF6408800DEB5404600B122F11E4
:10D17000EEFAEF6404FB80047A007B0002DCA97401
:10D18000F012103B74FE1217DB8A0A8B0B75080134
:10D190007E007F00901D11E070057900122F29128A
:10D1A0002D4390186BE09019BDF0901868E0641062
:10D1B000600302D237E4F01234F31234F9122F1D57
:10D1C00074016508703E122C2F9019D2E4F090196A
:10D1D000C312E12F85188285198312D94C901865E6
:10D1E000E4F0122725EA547FF8E50A28F8E4350B25
:10D1F000F9E82464FEE439FF901D35121A71901885
:10D200005D121A59A908122C1174FF650A70047472
:10D21000FF650B6010901D117401F0122C8FEEFA57
:10D22000EFFB122CF590186BE0F912352FA908745A
:10D23000021216F302E2E2122C29E9F50860030259
:10D24000D1B7122C41E9F508750C018E0D8E0E8EAA
:10D250000F9019C5E0780C12167890185D780C12B2
:10D260001A0A02D1C074F712103B7E00122F2FE968
:10D27000F8A2E150027E01EEF902DCA9C082C0836F
:10D28000901D5CE0700E9018647402F0901869E0D4
:10D2900054F88036901869E054F8F8901D5CE0640A
:10D2A00001700474018007E0640270077402489002
:10D2B0001869F07A747B191235E3E99018647003E9
:10D2C000E480077403F0901D1204F002DB99C08221
:10D2D000C083901D11E064057026122C8979061216
:10D2E0002D3D122D13122C7112D921500890194680
:10D2F000E06401700E901D19121A4D1234E1800382
:10D30000122D1302DB99C082C083790F1235057A82
:10D31000027900122F3502DB9974F712103B123498
:10D32000F3E9FE740A6E60331234FFE9601D1234B3
:10D33000C390182B12E656F9EA497007901869E075
:10D3400054F8F090186412D36080027E099019A9F5
:10D35000E4F0A3F0EE700479008002790102DCA908
:10D360007401F07CE47D197A417B1812296B2274D8
:10D37000F612103B74EF1217DB7C1112D9E9121769
:10D38000167C117D007A817B0012285174021216DE
:10D39000F3E9702F780812171675081175090078CF
:10D3A000081217167C007D007A8112DACB1216F370
:10D3B000E97010851882851983E06007901869E08C
:10D3C000D2E4F0741102E61FC082C083121EA3E9EA
:10D3D000901868F064017005901D11E4F002DB996B
:10D3E00074F412103B74FD1217DB8A828B83E014F5
:10D3F000602A14700302D60714700302D61924E9B8
:10D40000600E2447601024D6700302D64202D63F35
:10D41000122E4B02D642122C5902D642901D11E018
:10D420006402600302D642901D5CE064016008E083
:10D430006402600302D642901864E0F9122CB38AA9
:10D44000088B09EA4B700302D5EE901D0FE0C394E0
:10D4500003500302D5EEEA2402F8E43509F9E8FEA8
:10D46000E9FF901864E0706E7903122D3D85088203
:10D47000850983A3A3A3A3A3A3E0F9122CFB85082A
:10D4800082850983A3A3A3A3A3A3A3A3A3A3E0F5D6
:10D490000A780A12171A850882850983A3A3A3A311
:10D4A000A3A3A312153490186BE0F50A780A12179B
:10D4B0001A8E828F83E0F9850882850983E0FCA3B8
:10D4C000E0FDE508240BFAE43509FB12308574040D
:10D4D0001216F302D59D6403600302D5A312D6474A
:10D4E000901D12700DE064047004790D800F7904B2
:10D4F000800BE0640D7004790E8002790F12E185D3
:10D500007003A3E0F4706174011217AB880A890BF1
:10D51000780A121716750A02750B00780A12171688
:10D520007C007D007A4912DACB1216F3E97025747B
:10D5300001121A88E064FE7003A3E0F4601674011F
:10D54000121A8812E4DD9019C312E2BF9019BDE0EF
:10D55000C2E7800A1227259019C3EAF0A3EBF07AFC
:10D56000C37B197953122F4D9019D0E0F47003A3A7
:10D57000E0F4701885088285098312E4DD9019D0E3
:10D5800012E2BF7AD07B197950122F4D12E1A38E8F
:10D59000828F83700512E199800312E18FE96003A5
:10D5A00012D93D90186BE0A2E3501E901D5CE06024
:10D5B0000D64016009901946E0600302D642908A2A
:10D5C00076121A4D12D92B8079901864E0707390FE
:10D5D0001D21121A71901D19121A59901D29E0F57A
:10D5E00008A3E0AA08FBE4FCFD1234E18054901D7E
:10D5F00010E0604E901D0FE004F0122725EA24642D
:10D60000FAE43400FB8033901D5CE064016005E0C7
:10D610006402702E122C6B8029901D5CE064016006
:10D6200005E06402701C901865E412DC1712D362E6
:10D63000901D397402F07A007B00122CF5800312E1
:10D640002C65740302E9317900122C7DE964012212
:10D6500074F212103B74EB1217DBEAFEEBFFEA24C4
:10D660000CF508E43FF509850882F583E0F50AA387
:10D67000E0F50B780A121310020021002200CDD62B
:10D68000008001808AD60000DFD6122DDF8A0A8B47
:10D690000BEA4B604AEA2403FEE4350BFF8A828BD7
:10D6A00083E0700AEEFCEFFD12E3FB122DA3850868
:10D6B00082850983E07004A3E064807007EEFAEFCE
:10D6C000FB122D31AA0AAB0B1227D38012AC18AD76
:10D6D00019122DD9AC18AD19EEFAEFFB122D9D746D
:10D6E000151216F302D12DC082C0837A0112D7061B
:10D6F0007A0012D7067A217B0012D7087A227B00A3
:10D7000012D70802DB997B80901861E0F9122E3F56
:10D7100022C082C0838A828B83E024FC600624FCC2
:10D7200060148022901D5CE064016005E06402707A
:10D7300015122EA58010901D5CE064016005E06468
:10D74000027003122EAB02DB9974F412103B74FECC
:10D750001217DB901D11E064036015E0640A60039A
:10D7600002D7F7901869E054076401600302D80EED
:10D77000901862E0702112E50C7901122C7DE9709D
:10D780000302D821901D11E064037003122D0D795E
:10D7900006122D3D02D91E901864E0640170269097
:10D7A0001865E004F0C39403401B9019D0E0F470B6
:10D7B00003A3E0F49018647003E480087403F0900D
:10D7C00018407401F01234C374FE6A700374FF6B66
:10D7D000700D9019C3E064FE7003A3E0F4600912B9
:10D7E000E1299019C312D94C12358F123067901D60
:10D7F0000F7401F002D910E064046012E0640E605E
:10D800000DE0640F6008E0640D600302D915901804
:10D8100062E0705B901865E4F07901122C7DE9708C
:10D820000F7905122D3D7A107B27122C8302D91E09
:10D830007906122D3D7A007B2012DB2E90186BE0CA
:10D84000A2E3500F901946E07009908A76121A4DA3
:10D8500012D92B12D921500B901946E064016003B4
:10D8600002D91E901D19121A4D1234E102D91E90D0
:10D870001864E064017038901865E004F0C3940403
:10D88000501F9019D0E0F47003A3E0F4601B9018CF
:10D89000647403F09018407401F0901D12740480B9
:10D8A0006890197CE064017061901864E4805AE02B
:10D8B000640370569018407401F09019D2E4F0900F
:10D8C0001D12E06404700712D95A740D803BE064A5
:10D8D0000D702C9019ECE4F0122C77750801750985
:10D8E00000750A00750B009019C5E07808121678CB
:10D8F00090185D7808121A0A901D12740E800AE0C2
:10D90000640E700612D95A740FF012358F123067F8
:10D9100012D93D8009E06006122D0D12E50C02E9D6
:10D920002F122D0D90186BE0A2E3221234E17A0041
:10D930007B001234E77A007B001234ED2212272597
:10D94000EA547F2464FA7B00122CF5221412E13190
:10D95000AA18AB197953122F4D2290185DE4F0A349
:10D9600074F8F0A374FFF0A37407F0901D122274F2
:10D97000F612103B74EB1217DBAA18AB19123367BF
:10D98000A818A919880889097808121716750815A2
:10D99000750900780812171612D9DB1216F39019C0
:10D9A000A9E4F0A3F07C15FDF9AA18AB1912271908
:10D9B000741502E61F74F612103B74EB1217DB7C31
:10D9C0001512D9E91217167508157509007808128D
:10D9D000171612D9DB1216F302D9B07C007D007A3B
:10D9E000827B0012285D7404227D007900AA18ABA6
:10D9F00019122719A818A919880889097808227402
:10DA0000F412103B74DB1217DBE9FE7F00A818A9A3
:10DA1000198808890978081217167508158F09786A
:10DA2000081217167C007D007A8212DACB1216F3E8
:10DA3000E9600302DAC47C107D00790074151217C6
:10DA4000B312271974151217AB880889098F0A7841
:10DA5000081217127C107D007404121A88A982AA79
:10DA6000837B0012271374031216F3E97056EE60DD
:10DA700044908A6A7808121A197411121A88780860
:10DA80001219437411121A88121A719019A5121AD8
:10DA900059A818A91988088909780812171675084D
:10DAA000158F09780812171612D9DB1216F3901980
:10DAB000A9E4F0A3F07F017C157D007900AA18ABE2
:10DAC00019122719EFF9742502E9317B0012286336
:10DAD00074042274F412103B12DAF27012E4F50AA4
:10DAE000F50B780812170E7A0412DB071216F302F0
:10DAF000E9348A088B097A047B00901861E0F912F6
:10DB0000289FEA4B4C4D227B00901861E0F91228C7
:10DB10008D740422C082C0837A047B0012DB2E7ACB
:10DB2000047B00901861E0F912277302DB999018CA
:10DB300061E0F91228992274F612103B901863E400
:10DB4000F075086375091878081217167C017D00B6
:10DB50007A857B0012285174021216F3E9701C7842
:10DB60000812171675080175090078081217167C37
:10DB7000007D007A8512DACB1216F302E62274F6E3
:10DB800012103BE9FE9018637401F06E7003740389
:10DB9000F002E60074011216F3D083D0820216DB85
:10DBA00074F612103BE9FE122C957A887B13123121
:10DBB000B774016E7024901D21121A71901D1912F4
:10DBC0001A59901D2712E4DD90196412E2BF901DCE
:10DBD0002512E4DD90196612E2BF908A76121A4D82
:10DBE0001234E17A007B0012E3F074016E701E9033
:10DBF0001D11740212DC1712D3609019D27402F056
:10DC0000901D0F04F012306712D93D80077A887B8F
:10DC100013122C8302E622F090186404F09018404E
:10DC20002274F112103B74F71217DB8A088B09EC8F
:10DC3000FEEDFFECFAEDFB122E8DEEFAEFFB122E4D
:10DC40005D90037812E63860327408121A88740303
:10DC5000F08E0C8F0D750E00780C1217127C087D5B
:10DC60000074031217B312270D74031216F3AA18C7
:10DC7000AB1990037812DCA0123A9E7900AA08AB87
:10DC8000091231339019D0E0FCA3E0FDAA08AB09DA
:10DC90001235A1122CE974091216F37F070213A89A
:10DCA000E0F8A3E0F5838882227F010213A874EDD7
:10DCB00012103B890C8A0E8B0D8C0A8D0BAE0DEB6E
:10DCC000FA7B0012272B8A088B09EA4B6035EE603D
:10DCD00020E50A450B601A850A10850B11751200A4
:10DCE0007810121712EEFC7D0012270D7403121625
:10DCF000F3850882850983E50EF0AA08AB09A90C13
:10DD00001227377F0B0213A8C082C08374FD12173D
:10DD1000DBE9851882851983F0901835E06007E407
:10DD2000F0122DB5802390184D12E2ED6009AA186B
:10DD3000AB19123A9E80127402121A88E4F004128F
:10DD400017BB7B027A0112E2A27900740302DB9610
:10DD500074EE12103B750B0012341B8A088B09AE4F
:10DD600008AF098005050B12E2C5EE4F70F7750A82
:10DD700000750D00750E00750FFF75080075090020
:10DD8000750C0012341B8A108B11AE10AF11751078
:10DD900000805DE0640270087401687003750A0118
:10DDA000E50C60478E828F83A3A3A3A3A3A3A3A3A1
:10DDB000A3E0F88E828F83A3A3A3A3A3A3A3A3A30B
:10DDC000A3E0F9600AE8C39411400474F028F8E570
:10DDD0000DC398400BE50D687011E9C3950E500B0B
:10DDE000880D890E85100F8E088F09051012E2C567
:10DDF000E510C3950B400302DE947A417B1812357F
:10DE0000E3E964017013EE240BFCE43FFD7A417BEF
:10DE100018122965E9701D80D2901D5AE0F4700334
:10DE2000A3E0F4600F12E4D9901D5AE0687003A3D8
:10DE3000E06970B79019C612E2ABA3E0687003A363
:10DE4000E069700A74FE68700374FF69700B8E825B
:10DE50008F83A3A3A3A3E060928E828F83A3A3A347
:10DE6000A3A3E0F89019C0E06870808E828F83A32E
:10DE7000A3A3A3A3A3E0F8901D3AE068700302DD1A
:10DE8000A4E06401600302DD93740268600302DDB4
:10DE9000A002DD9DE50FC3950B500BAE08AF09EE58
:10DEA000FAEFFB02E124E50A600C050CE50CC394D3
:10DEB00002500302DD83E50B651070E31234217A12
:10DEC000007B0080DE74EE12103B8A088B099018EC
:10DED0004F12E2ED6006123A9E02E124901A1E12E1
:10DEE000E2CE901A1EE0F50AA3E0F50BEA2404F551
:10DEF0000EE43509F50FEA2402F50CE43509F50DB9
:10DF0000802B12E4D9850C82850D83E0687003A311
:10DF1000E06970128E828F83A3A3E0F8850E82855C
:10DF20000F83E06860648E0A8F0B12E2C5EE4F70BB
:10DF3000D17A167B001227CD8A108B11AE10AF114B
:10DF4000EA4F700302E1247C167D00790012271944
:10DF50008E828F83A3A3A3A3A3A3A312E12F8E82F8
:10DF60008F83A3A3A3A3A3A3A3A3A3A3F0901A1E89
:10DF700012E6387005901A1E800BE50A2414F5820B
:10DF8000E4350BF583EEF0A3EFF085088285098375
:10DF9000A3A3A3A3A3A3A3A3A312E136A3F0E5081D
:10DFA0002408F8E43509F98882F58312E136F08512
:10DFB0000E82850F83E08E828F83A3A3F0850C826F
:10DFC000850D8312E3FC8E828F8312E656E50824CA
:10DFD0000CF582E43509F583E0C0E0EE2413F58208
:10DFE000E43FF583D0E0F0EE240BFAE43FFB8882B7
:10DFF0008983E06401600EE508240DFCE43509FD29
:10E0000012296B80097C087D0079FF122719E50829
:10E01000240AF8E43509F98882F583E0F50C901BB1
:10E0200080E0C3950C400302E124850882850983C2
:10E03000A3A3A3A3A3E064016009901840E07003C8
:10E0400002E124C2F0EE2409FAE43FFB8A82F58360
:10E05000E0F50DEE240AFCE43FFDE508240BF50A8B
:10E06000E43509F50BE50DC3950C500E850A828544
:10E070000B83E0C39414401B801BE50D650C7015E9
:10E080008C828D83E0F50C850A82850B83E0C39535
:10E090000C5002D2F0E5082407F50CE43509F50D23
:10E0A000850C82F583E0701B850882850983E0F585
:10E0B0000EA3E0F50F9019C6E0650E7004A3E065AD
:10E0C0000F7048A2F05030850882850983E0F50E74
:10E0D000A3E0F50F8E828F83A3A3A3A3A3A3A3E53D
:10E0E0000EF0A3E50FF088828983E08A828B831289
:10E0F000E2D98C828D83F0850C82850D83E0600BE4
:10E100008E828F83A3A3A3A37401F085088285095F
:10E1100083A3A3A3A3A3A3E0600A8E828F83A3A3F8
:10E12000A37401F07F0A0213A885188285198374ED
:10E13000FEF0A304F022E08E828F83A3A3A3A3A307
:10E1400022C082C08374FF1217DB12D64770047995
:10E15000048002790E12E1857003A3E0F46023903D
:10E1600019D0E0F47003A3E0F4601712E1A3901952
:10E17000C5700512E199800312E18F7A007B0012CD
:10E180002C2302DB94122D3D9019C3E064FE22E0A3
:10E19000F97A417B1812307922E0F97A417B181222
:10E1A0003073228518828519837401F0AA18AB197F
:10E1B0007952122F4D790112D649227A017904122F
:10E1C0001EB57A007908121EB5901D11E02274F474
:10E1D00012103B74FB1217DB8908E9901862F0708B
:10E1E0007112358F12359B8A0A8B0BAE0AAF0BEA80
:10E1F0004F60557C177D0079001227199019C612BF
:10E20000E4DD8E828F8312E2BF7CC87D1912E29A10
:10E2100012296B9019D012E2AB12E2BB12E4CF7458
:10E22000AAF09049CBE49379002401F85001097ACF
:10E23000027B00120DF0EE240DF582E43FF583E839
:10E24000F0EE12E4C67401F012E1BB70057903121E
:10E250002D3D90185112E63860308518828519835B
:10E26000E508F09019C312E3FC7401121A8812E653
:10E27000569019C612E3FC7403121A8812E656AAC5
:10E2800018AB1988828983123A9E7C007D007B023C
:10E290007A0212E2A2740502E931EE2402FAE43FA6
:10E2A000FB22901861E0F9122CA722E0F8A3E0F914
:10E2B0008E828F83A3A3A3A3A3A322A3A3A3A3E8D4
:10E2C000F0A3E9F022EE2414F582E43FF583E0FEAA
:10E2D000A3E0FF2212DCA0E022F0850A82850B83F6
:10E2E000E0227F080213A81216F302DCA9E0F8A3CB
:10E2F000E08882F583E58245832274F612103BEABA
:10E30000FEEBFF1234BD8A088B09AC08AD0912E29E
:10E310009A122965E96401701990185312E2ED60B0
:10E320000BEEFAEFFB123A9EEA4B700612E3EA128A
:10E330002C9B02E62274F412103B74FE1217DBEAE7
:10E34000FEEBFFEA240CF8E43F8808F5098A828B8B
:10E3500083A3A3A3A3A3A3A3A3A3A3E06401702EF9
:10E360008882850983E0701B7401121A88E4F0FA30
:10E37000FB12E3F0851882851983E4F0AA18AB1923
:10E38000123091908A76121A4D1234E18033123491
:10E39000C98A0A8B0B12E3EA8E828F8312E3FCE5B3
:10E3A0000A6A7003E50B6B7025740169601390189D
:10E3B00069E0540764027016850882850983740138
:10E3C000F0850882850983E0F9122C9B800AEE24EF
:10E3D00002FCE43FFD122CA190185512E2ED6007FB
:10E3E000EEFAEFFB123A9E02E92FEE12E4BCF9229C
:10E3F0001234ED7A007B001234E722A3E0FAA3E0A6
:10E40000FB2274F412103BE9FE74016E7031901817
:10E4100065E0702B12358F750801750900750A00CB
:10E42000750B009019C5E0780812167890185D7881
:10E4300008121A0A7C007D007B027A0312E2A20213
:10E44000E9340216DBC082C0831234C302DB99C0F8
:10E4500082C0837A007B0112DAFA7003122D130254
:10E46000DB9974F612103BEAFEEBFFEA240CF5820E
:10E47000E43FF58312E4DD5480703EEA12E4BC70A0
:10E48000387413687001E96030E8F508E94480F5F4
:10E49000097808121716E4F508F509780812171616
:10E4A000EA12E4C6E0FD7C84EA12E29B12E4CFE0CB
:10E4B000F9122E2D74041216F302E622240BF582B3
:10E4C000E43FF583E022240EF582E43FF58322EE5B
:10E4D000240FF582E43FF583228E828F83E0F8A338
:10E4E000E0F92274F412103BEA4B60188A088B0999
:10E4F000E4F50AF50B780812170E7A0112DB071201
:10E5000016F380057A0112E50E02E9347A107B00D9
:10E51000901861E0F912276D2274F712103BE9FEA2
:10E5200090186BE0A2E1501A901D3AE06E601390D3
:10E530001869E054F84402F090186B740CF0F9126A
:10E54000352F02DCA9C082C083901D11E0640160F8
:10E5500005E064027011901D107401F07A007B00D8
:10E56000122CF579018002790002DB99C082C08308
:10E57000901D11E06401600AE064026005E0640C33
:10E580007009901D10E4F079018002790002DB9996
:10E5900074F612103B74F81217DB7A007B0012310C
:10E5A000B71234BD8A088B09AE081234C37508004F
:10E5B000780812171A90186BE0F9EEFCAD09122DCD
:10E5C000FD74011216F37A007B001231B7901946E0
:10E5D000E064017027AA18AB191234CF1234C99025
:10E5E0001941E0F508780812171A901D49E0F974EE
:10E5F000011217BB12356B74011216F37408801FD9
:10E6000075086375091878081217167508017509D9
:10E610000078081217167C007D007A8512D9E11265
:10E6200016F37F020213A8C082C0837A007B011216
:10E63000E51002DB9990185BE0F8A3E0F9E84922C5
:10E64000C082C0837A00EA25E012E65C0AEAC3943D
:10E650000940F302DB99EAF0A3EBF02212E664E44E
:10E66000F0A3F022F8E433F9744928F582741839DC
:10E67000F5832274F712103BEAFEEBFF7C217D004C
:10E6800079FF122719EE2420F582E43FF583E4F0A8
:10E6900002DCA974F712103B12E63570307A637B06
:10E6A000001227CD90185B12E656F9EA49601E7EEB
:10E6B00000EE75F021A4F8A9F090185BE028FAA309
:10E6C000E039FB122D1F0EEEC3940340E402DCA9D7
:10E6D000C082C08312E63560277C00EC75F021A46F
:10E6E000F8A9F090185BE028FAA3E039FBEA2420AF
:10E6F000F582E43BF583E0600B0CECC3940340DB54
:10E700007A007B0002DB9974F112103B74FF121740
:10E71000DB8A0A8B0B12E635700302E801750800EC
:10E72000E50875F021A4FEAFF0850A0C850B0D7588
:10E730000E00780C1217127C087D0012E900240BE1
:10E74000F50CE439A90CFA7B001227137403121696
:10E75000F3E96401600302E7F58518828519837483
:10E760008CF090185BE02EF50CA3E03FF50DE50C66
:10E770002414F582E4350DF583E0F50978091217C4
:10E780001AE50C240BFCE4350DFD850C82850D8308
:10E79000A3A3A3A3A3A3A3A312E3FB850C82850DCC
:10E7A00083A3A3A3A3A3A3A3A3E0F912328F7401AD
:10E7B0001216F3E9700B851882851983E4F0122D87
:10E7C0001312E91AF509780912171A74011217AB16
:10E7D000880C890D780C121716750C21750D807830
:10E7E0000C12171612E8F250010B122DF1740512DB
:10E7F00016F312E90C0508E508C39403500302E779
:10E8000020740102DC9874F412103B74F21217DBCE
:10E8100075080012E635700302E8D5750900E509B0
:10E8200075F021A4FEAFF012E9002420F582E4394E
:10E83000F583E0FAC394024009E014F07508010280
:10E84000E8C374016A707C851882851983748CF022
:10E850007401121A887404F0E8240BFCE439FD7486
:10E8600004121A88AA82AB83122FEF74011217B315
:10E8700012301FE9640170177402121A88E064FEF6
:10E880007003A3E0F4700874011217B312300D1274
:10E89000E91AF50A780A12171A74011217AB880AD6
:10E8A000890B780A121716750A21750B80780A12DF
:10E8B000171612E8F250010B122DF174051216F31F
:10E8C00012E90C0509E509C39403500302E81EE5AB
:10E8D00008A2E040097A007B1012DB2E8010908A9B
:10E8E000161215307A007B1012DB091216F3740E23
:10E8F000803F7901EA2415FCE43BFDEA241FFA225B
:10E9000090185BE02EF8A3E03FF9E82290185BE056
:10E910002EFAA3E03FFB122D1F2290185BE02EFA87
:10E92000A3E03FFBEA241EF582E43BF583E022747A
:10E93000021216F37F040213A874F712103BE9FECB
:10E94000901D11E06E6005E9F012E50C02DCA9C033
:10E9500082C0839018B0E4F0A3F07C747D197A41F2
:10E960007B1812296B12316F123049D083D082028A
:10E9700016DB74F712103B74F51217DBE9FEEAFFA1
:10E9800074016E600874026E600302EA31EA600589
:10E9900074036F703C7902122D3D901D39E0F9909F
:10E9A000185D121A4D12305BE9F874036F707F9096
:10E9B00018B2E0F9740129F0E9C394054070901889
:10E9C0005DE4F0A374F8F0A374FFF0A37407F08083
:10E9D0005D74016F705B74016E790A702E122D3DAB
:10E9E0007401121A88E4F07402121A887403F00495
:10E9F000121A88E4F0A3F0A3F0A3F07408121A88A6
:10EA0000E4F0AA18AB191234098036122D3D901D7E
:10EA10002F1215307A007B2012F3681216F3901D26
:10EA200039E0F990185D121A4D12306DE9F8E8607E
:10EA300010908A161215307A017B0012F3681216B4
:10EA4000F3740B1216F302FD2A74F612103BE9FF61
:10EA5000EAFE7AD1F91227498A828B83E5824583BF
:10EA6000702A7A027B0012272BEA4B700E7A107BF9
:10EA700000901861E0F912276D80148A828B8374EC
:10EA8000D1F0EFA3F0EEF91227378003EFA3F002E5
:10EA9000EB8B74F712103B890890037112FD0B8009
:10EAA0001F8E828F83A3A312F3FD600AA312F57752
:10EAB000FAA908122D678E828F8312F54EE8FEE9BF
:10EAC000FFEE4F70DC901D1DE0F47003A3E0F460D6
:10EAD0000A901D1DE0FAA908122D671234C3901880
:10EAE0002B12F1261234BD02FD2A74F412103B8958
:10EAF0000B7D00740C121A8812F54E80010DEDC3C7
:10EB0000950B503B750A008002050AE50AC39C502C
:10EB1000ECED25E0FEE433FFEA2EF582EB3F12F543
:10EB200042AE0AEE2EFEE433FFE82EF582E912F340
:10EB3000F865087004A3E0650970CE790180027958
:10EB40000002F77274F612103B12EBF57003A3E0AB
:10EB50006D70177508697509187808121716EEFA9E
:10EB6000122E0974021216F3801A750802750980B4
:10EB700078081217168A088909780812171612EBF6
:10EB8000D21216F3800574021216F37F020213A844
:10EB900074F612103B12EBF57003A3E06D7017755D
:10EBA00008767509187808121716EEFA122E0F74E7
:10EBB000021216F3801A7508037509807808121777
:10EBC000168A088909780812171612EBD21216F362
:10EBD00080B9EE240EF582E43FF583E0FD7C80EE03
:10EBE0002402FAE43FFBEE12F6913FF583E0F912BE
:10EBF0002E2D740422EAFEEBFF12F859FCE439FDD5
:10EC000090182BE06C2274F612103B74FE1217DB86
:10EC1000EAFEEBFF851882851983E412EC863F1229
:10EC2000F9A0FBECFA88828983A3A3E0F9750900B7
:10EC3000750800600574FF6970057508828024906E
:10EC4000182BE06A7003A3E06B7015AA18AB1912B9
:10EC500039F7E9FA12F41870037508838A098003FA
:10EC6000750880851882851983E0FCA3E0FDA9085A
:10EC7000EEFAEFFB122E15E509600812F418600396
:10EC800012F40202EB86F0A3F012EC8D22EA2413B8
:10EC9000F582E42274F212103BEAFEEBFF750800E5
:10ECA00075090012F855F50AE439F50B1234C3EA78
:10ECB000650A7003EB650B70121239EBE914F50865
:10ECC00079017A7C7B181239DF800375098012F391
:10ECD000F2F50C780C12171A750C7C750D18780C5F
:10ECE000121716780812171A780A121716E509F57E
:10ECF00008780812171A12F78B12F3F5F97A057BC8
:10ED000080122E1B74071216F302FCC274F6121046
:10ED10003BE9FF7E0080308A828B8312FDE0F8E4BD
:10ED2000C8F9E50828E439F509EE25E0F8E433F9F7
:10ED3000EC28F582ED39F583E508F0A3E509F0EA62
:10ED40002402FA50010B0EEEC39F40CB02EB8B74F2
:10ED5000E812103B74FC1217DB8A148B1575110036
:10ED60007402121A88E4F0A312F9A712EC86351582
:10ED700012FB4412FE2FFEE439FF850A82850B83C5
:10ED8000A3A312FDCCA3E0F9EAF508E439F509EEF6
:10ED9000FAEFFB123535E964016016EEFAEFFB126B
:10EDA0003535E9703890182BE06E7003A3E06F6082
:10EDB0002C12F55212171AE4F508F5097808121703
:10EDC00016780812171A90182B12153475088078C7
:10EDD0000812171A12F0FB1216F302F0D6850A82F7
:10EDE000850B83A3A3A3A3E0F510E50A2405F50A88
:10EDF0005002050BE510602812F0E37402121A8825
:10EE000012F1267402121A8812F41E601374021290
:10EE10001A8812F0F1A910122D918A0A8B0B800327
:10EE2000751000850A82850B83E0F50FA385820AA1
:10EE300085830B602412F0E3851882851983EAF03C
:10EE4000A3EB12FB20E84960108518828519831214
:10EE5000F0F1A90F122D918003750F0090037180BE
:10EE60004AE4F0A3F0AA0AAB0B851682851783A3A8
:10EE7000A312FCCFF5838882A312F577F912273706
:10EE8000851282851383E0C0E0A811747C28F58286
:10EE9000E43418F583D0E0F00511A2005007AA125F
:10EEA000AB131227D3851682851783E0F516A3E0EE
:10EEB000F517E5164517700302F05F851682851772
:10EEC00083A3A312F54EE8FAE98882F583E0FC609B
:10EED000D4851682851783A3A3A3A3A3A3A3A3E02A
:10EEE000A2E050C1851682851783A3A3A3A312FCB9
:10EEF000CF8882F583E5824583600FECFA790112B1
:10EF00003A9E8A128B13D20080108A828983A3A32F
:10EF1000A3E0F512A3E0F513C200E5124513700358
:10EF200002EE9A851282851383A3E065087004A31C
:10EF3000E06509600F74FF6508700474FF6509607F
:10EF40000302EE9A851282851383A3A3A3A3A3A32E
:10EF5000A3121534851282851383A3A3A3A3A3A3AD
:10EF6000E0FC7404121A8812F4A4A910122D737410
:10EF7000021216F3E9703C851282851383A3A3A3C2
:10EF8000A3A3A3A3A3A3A31215348512828513837D
:10EF9000A3A3A3A3A3A3A3A3A3E0FC7402121A88B0
:10EFA00012F4A4A90F122D7374021216F3E9700360
:10EFB00002EE9AE50F2510C333240AFA7B001227CC
:10EFC0002B8A0A8B0BEA4B700302EE808A828B83BA
:10EFD00074D2F0851482851583A3A312F54E8A821C
:10EFE0008B83A3A3E8F0A3E912FD61A3E51012FE51
:10EFF00042E50FF0EA240512F0DBE5106020EA2478
:10F000000AFAE4350BFB12F1267402121A8812F187
:10F0100019121712AC1012FDC01216F38004E4F09E
:10F02000A3F0E50A240812F0DBE50F700302EE619D
:10F03000A810E828F8E433F9E50A28F8E50B39F9CF
:10F04000E8240AFAE439FBEAF0A3EB12F9A712F17B
:10F0500019121712AC0F12FDC01216F302EE65E57D
:10F0600011602512F55212171A75087C7509187867
:10F0700008121716E511F508780812171A90182BC0
:10F080001215347508008029EEFAEFFB123535E9C8
:10F09000702A12F55212171A75087C75091878082B
:10F0A000121716750800780812171A90182B1215E7
:10F0B00034780812171A12F0FB1216F37402121A9F
:10F0C0008812F41E60087402121A8812F40812F4EE
:10F0D00018600312F402740402F410F582E4350B94
:10F0E000F5832212F0E72225E0FAE433FB1227CD64
:10F0F00022E0FCA3E0FDAA0AAB0B22E5142402FCEB
:10F10000E43515FDE51412F6913515F583E0F97A2D
:10F11000067B80122E1B740722E0F50CA3E0F50D90
:10F12000750E00780C22EAF0A3EBF02274E81210BE
:10F130003B74F41217DBEAFEEBFF8C088D09740BAD
:10F14000121A887403F01217B312296B12F77E2477
:10F150000FF516E43FF517EE240EF514E43FF51510
:10F16000EE2402F512E43FF513EE240CF510E43F13
:10F17000F51174031217B3122965E96019E5082423
:10F1800013FAE43509FB8A82F583E0F874036860BA
:10F1900010740168600B851882851983748402F3EA
:10F1A00026E5082408F50EE43509F50F850E82F5ED
:10F1B00083E0F9602474FF69601FE5082414F50AF0
:10F1C000E43509F50B740368701A850A82850B8390
:10F1D000E0F8600574FF68700B85188285198374E8
:10F1E0008202F326E5082409F50CE43509F50DE55E
:10F1F00008240BFEE43509FF851082851183E06445
:10F20000217002A3E0600302F2ED85188285198364
:10F21000748C12FD066403600302F2BF74011217BE
:10F22000BBEEFAEFFB1232ADE9600302F2BF122D22
:10F230002B8A0A8B0BEA4B700302F32785080C8597
:10F24000090D750E00780C1217127C157D0012FD49
:10F25000C61216F3851282851383E50A2415FCE491
:10F26000350BFD7409121657851482851583E0C08D
:10F27000E0E50A241E12F0DBD0E0F0851682851747
:10F2800083E0C0E0E50A241F12F0DBD0E0F0E50ADD
:10F29000242012F0DB7405F0EEFAEFFB1239197D31
:10F2A000007C007900EEFAEFFB122DF7908A16121F
:10F2B00015307A007B1012F3681216F302F363859F
:10F2C0000A82850B8312F55D12171AEEFCEFFD859D
:10F2D0000C82850D8312F4A4850E82850F83E0F9DC
:10F2E00012328F74011216F3E9703C8024850A8271
:10F2F000850B8312F55D12171AEEFCEFFD850C826B
:10F30000850D8312F4A412329574011216F3E9707C
:10F310000D851882851983E4F0122D138009851854
:10F32000828519837488F085148285158312F55DB2
:10F3300012171A74011217AB880889097808121776
:10F340001685108285118312FDE04480F509780846
:10F350001217167901AC12AD13AA16AB1712F77873
:10F360001216F3740C02F410901861E0F912288D53
:10F37000740422C082C08374F31217DB851882855F
:10F380001983E4F004121A8812F1267403121A8801
:10F39000AA82AB83122FEFAA18AB1912302B740D6F
:10F3A0001216F302E96B74F612103B12F69712F381
:10F3B000FDFAA3E0F9EAF8901871E058F508A3E027
:10F3C00059F509E5084509602678081217169018BE
:10F3D0002B12153412F3F2FD7C00EE12F6883FFB7F
:10F3E000EE240F12F3F5F9122E2774041216F3020D
:10F3F000EB8BEE240EF582E43FF583E02212F865F4
:10F40000E02285188285198312FCDDFB1227D322A6
:10F410001216F37F100213A885188285198312FB38
:10F420002BE8492274F612103B74F91217DB12F91B
:10F4300097350912FE61851882851983121A598E33
:10F44000828F83A3A3A3A3E0C0E07404121A88D020
:10F45000E012FD3CF87405121A887401F07406126B
:10F460001A887401F0901835F090183E04F0850861
:10F4700082850983A3A312F4A490183612F126E81A
:10F4800090183FF012FD57E0901834F0AA18AB190D
:10F49000123061E96003123067740702EB88851847
:10F4A0008285198312FCDDFB2274F412103B7E006E
:10F4B00012341B8A088B0912341B8A0A8B0BA80A88
:10F4C000A90B800D0EE82414F582E439F58312F5BA
:10F4D0004EE84970EF90183FE0F8EEC39850047979
:10F4E000008026EEC398F9C394064002790578009F
:10F4F000800DE5082414F582E4350912F5420890E0
:10F50000183FE0FAE8C39A40E9750A00780A121732
:10F510001A7808121716E9F508780812171A9018C1
:10F520003F12F55D12171AEEFD7C007A367B1890BB
:10F530001834E0F9122E3374051216F312306702F4
:10F54000F77212FDDEF5092285188285198312FBF8
:10F550002B22E514240EF582E43515F583E0F50839
:10F560007808221216F302F86EE508240CF582E4FE
:10F570003509F58322F583E0F8A3E0F5838882E07E
:10F580002274EE12103B74FE1217DB8A0C8B0D7581
:10F59000100075110012F99B350D12F575F50AACC6
:10F5A00018AD197A007B0079A312329BAA0A12F5D2
:10F5B00048C3EA98E4995072851882851983E0C39C
:10F5C0009AFEA3E09400FFC3EE9404EF940040067B
:10F5D0007E037F008004EE4F6050EEFAEFFBEA7589
:10F5E000F015A4FAA8F075F015EBA42812FB3B8ADD
:10F5F000108B11EA4B6033750B00750E00801FAC49
:10F6000008AD09A80AE50E28FAE43400FB79A21235
:10F61000329BE5082415F50850020509050EC3E5DF
:10F620000E9EE49F40D9EEF98005750B8B7900752D
:10F630000800780812171A7810121716E9F50878DA
:10F640000812171AE50AF508780812171A74051235
:10F650001A88E0FDAC0BE50C12F688350DFBE50CC5
:10F6600012F68D350DF583E0F9122E397405121658
:10F67000F3E51045116007AA10AB111227D37402ED
:10F680001216F37F0A0213A82402FAE42212F6915A
:10F6900022240FF582E422EAFEEBFFEA12F6A02212
:10F6A00012F6A42212EC8E3FF5832274F412103B62
:10F6B00074FA1217DB12F99712F57012FCC7EEFA02
:10F6C000EFFB122FF5E9600E12F77EFAEFFB12291D
:10F6D00065E96401700A7401121A88E4F0A38009D4
:10F6E0007401121A88EEF0A3EF12FD6EF8A2E65034
:10F6F000087403121A887401F0E8A2E75008740431
:10F70000121A887401F07405121A88E4F0041217B2
:10F71000B312308BE9851882851983F0908A7612AE
:10F720001A4D1234E17A007B001234ED7A007B002E
:10F730001234E7750A00780A12171A74011217AB0F
:10F74000880A890B780A121716750A34750B8078A7
:10F750000A1217167901E5082402FCE43509FDE5D3
:10F7600008240FFAE4350912F7771216F37406121B
:10F7700016F37F040213A8FB122DF1740522123434
:10F78000BD8A0A8B0BAC0AAD0BEE22EE2402FCE420
:10F790003FFDEE240F2274F012103B74EF1217DBC2
:10F7A000EAFEEBFF12F855F50CE439F50DEE240FE7
:10F7B000F50AE43FF50BEE2402F508E43FF5099065
:10F7C000182BE06A7003A3E069705BA818A9198878
:10F7D0000E890F780E121716750E11750F00780E20
:10F7E0001217167C007D007A817B00122863740456
:10F7F0001216F3E97030750E00780E12171A7401A4
:10F800001217AB880E890F780E121716AC0CAD0DBF
:10F81000AA08AB09850A82850B83E0F9122E2174B0
:10F82000031216F3802A750E11750F80780E1217C9
:10F8300016780C12171612F3F2FD7C84AA08AB0995
:10F84000850A82850B83E0F9122E2D74041216F3BB
:10F85000741102F56312F85922EA12F6A412F8653F
:10F8600012FE382822E0F8A3E08882F583227F0880
:10F870000213A874F112103B74EB1217DB8A0A8B87
:10F880000B12F99B350B12F9A0FAE4CAFBEC2AFE25
:10F89000E43BFF90182BE06E7003A3E06F6003025F
:10F8A000F92988828983A3A3E0FA941050048A0876
:10F8B00080037508107404121A88E50812FCF5A973
:10F8C00082AA83890C8A0D750E00780C12171274A7
:10F8D00007121A88E0FC7D007408121A88AA82AB0D
:10F8E0008312FDC61216F374041217AB880C890D2F
:10F8F000780C121716750C11750D00780C1217166E
:10F900007C007D007A817B0012285D74041216F35E
:10F910007404121A88E09018696005E0D2E480034C
:10F92000E0C2E412F9A7E48008851882851983747F
:10F9300084F0E0C0E07401121A88D0E0F074021282
:10F940001A88EEF07403121A88EEF0E50A12FCEF42
:10F9500012F0DEE0F509780912171A74021217ABDB
:10F96000880C890D780C121716750C14750D80789B
:10F970000C1217167903E50A2402FCE4350BFDE5A9
:10F980000A240FFAE4350B12F7771216F3741512E6
:10F9900016F37F070213A88A088B09EA12EC8E225D
:10F9A00012FD2FFCA3E022F08518828519832274B2
:10F9B000F612103B74E01217DB9019D2E0F87408CD
:10F9C000686008740468600302FB1BAC18AD191270
:10F9D0002DE51234BD7402121A88AC82AD8312294F
:10F9E00065E9601D1234C38A088B09A808A9098536
:10F9F0001882851983E0687003A3E069700302FB35
:10FA00001B1235DD7402121A88AC82AD8312F49E8B
:10FA1000123547E96401700302FB1B74181217B317
:10FA20001234CF7402121A88AC82AD837418121784
:10FA3000B3122965E9602D1234C98A088B09A80818
:10FA4000A909851882851983E0687003A3E06960BD
:10FA50001312F5489019C6E812FBE07AC67B1979B3
:10FA60004B122F4D790012F49E1231339019D0E0D1
:10FA7000FCA3E0FD12F49E1235A1740B121A88E467
:10FA800012FB20740C121A88E812FBE0740B121798
:10FA9000B3123019E9603F7C087D007900741812B8
:10FAA00017B3122719740E121A88AC82AD8374181A
:10FAB0001217B3122965E9601D7402121A88AC820C
:10FAC000AD83740E121A88AA82AB83122FEF740BC7
:10FAD0001217B312302B7402121A88AC82AD8374E1
:10FAE0000E121A88AA82AB83122FEF740B1217B36F
:10FAF00012301FE96025740C121A8812FB31E0687D
:10FB00007003A3E069601412F548740C121A88E8B7
:10FB100012FBE0740B1217B312302B742002EB8827
:10FB2000F085188285198312FB2B22E0F8A3E0F9F7
:10FB30002212FB2B85188285198322FB1227CD8A7E
:10FB4000088B0922F583E0F50AA3E0F50B850A820C
:10FB5000F5832274F612103BECFEEDFF12F99B3B8D
:10FB600012F542AC08FDEEFAEFFB12FBCC8E828F51
:10FB700083A3A3A3A3A3A3A3A3F0E5082409F508E3
:10FB800050020509F58285098312FDB012FBDF855D
:10FB90000882850983A3A3E0F8EE12FD91E508240D
:10FBA00003F5085002050912FD867010AC08AD0976
:10FBB00012FBCCC0E012FD7CD0E0800C8508828571
:10FBC000098312FDA5F0A3E9F002EB8B12296B85E6
:10FBD0000882850983A3A3A3A3A3A3A3A3E022A3CD
:10FBE000F0A3E9F02274F212103B750A00EA241324
:10FBF00012FD10EA2410F582E43BF583E0C3940C77
:10FC000040138882898312FCCFC8240BF582E43824
:10FC1000F583E0F50AA80AE828F8E433F9E8240DAA
:10FC200012FD97700302FCBE8E828F8312FCC78E7A
:10FC300082F583E0F88A828B8312FD41AE82AF8326
:10FC4000707CEEFCEFFDEA240312FCE250010F127F
:10FC5000FCD4EA85088285098312FBDFE508240BC2
:10FC6000F8E43509F9E8FAE9FB8882F583E4F0E580
:10FC70000A604BE508240DF8E43509F98E828F837C
:10FC8000A312FDD712FD48C0E012F569D0E0F0EEF6
:10FC90002404FE50010F850A0B8E828F83E0FCA3A3
:10FCA000E0FBEC8882898312F127E82402F85001F6
:10FCB00009EE2402FE50010F150BE50B70DBAA08BC
:10FCC000AB097F060213A812FD0BFF2212FD19E0FB
:10FCD000F8A3E022F5828F8312FCDDF922E0FAA37B
:10FCE000E022FAE43509FB12296BEE2408FE2224F7
:10FCF0000EF582E42212FCF92212FCFD22F0888229
:10FD00008983A3A3A32212FD24E022E0FEA3E02224
:10FD1000F8E43BF9E8FEE9FF2212FD1D2212EC8D0A
:10FD20003BF58322F08A828B83227F010213A8F5A0
:10FD300083E0F8A3E0F98882F583E02212FD76E003
:10FD400022F08E828F83A32212FD4DE02212FD51FC
:10FD50002212FD41A3A322E50812F6913509F5838D
:10FD60002212FD6522F08A828B83A3A3A32212FDB7
:10FD700076A3A3A3E02212FD51A3A322EE2414F53F
:10FD800082E43FF58322EE240BFAE43FFB74036820
:10FD90002212F6A0E8F022FAE439FB1227CD8A08F5
:10FDA0008B09EA4B22E0FCA3E0F9EC8A828B8322E8
:10FDB00012FDE68E828F83A3A3A3A3A3A3A3A322F2
:10FDC000EC2CFCE433FD12270D740322E0FA850AC3
:10FDD00082850B83A3A322A3E08A828B8322F583EF
:10FDE000E0F508A3E02212FCDDF9EA2274F6121015
:10FDF0003B8C088D0912FCCCFF8882F58312FCD85D
:10FE0000EA8C828D8312FBE0E82402FE50010FFC95
:10FE1000EFFDE50812F6883509FB12296B8E828FFB
:10FE200083A3A3A312FE4AA3A3A3A3F002EB8B1206
:10FE3000FE34282212FE3822E0FAA3E0F8E4C8F9E2
:10FE4000EA2212FD65A3A3A3A32212FE4FA322A3BD
:10FE5000A3A3A3A3E0850882850983A3A3A3A3A3E7
:10FE600022F58312FCC77904EE12FE6D22FAEFFB35
:10FE700012271FEAF8EBF9ECFAEDFB22E9F8740A15
:10FE800068600A7406686005740D68700479018002
:10FE90000279000216DBE9F874176860327418689A
:10FEA000602D741F686028741C686023741D68606E
:10FEB0001E74266860197427686014742868600FBF
:10FEC000743268600A742E6860057433687004794F
:10FED00001800279000216DBE9F87415686023746A
:10FEE0001668601E741B686019741E6860147422A2
:10FEF00068600F742A68600A743B686005742C6837
:10FF000070047901800279000216DB74F712103B4D
:10FF1000EA60061224CDE960047901800279007F4D
:10FF2000010213A874F712103BE9FFEAFE740C6E8D
:10FF3000605674216E605174236E604C74086E605C
:10FF40004774356E604274376E603D74106E603871
:10FF500074116E603374146E602E74226E6029907A
:10FF60008AE3E0C39E4019EA75F006A4F8A9F0748C
:10FF7000BC28F582744239F583A3E49354107008C9
:10FF8000EFF91224D3E96004790180027900808FAF
:10FF900074196A601E741A6A601974106A601474A5
:10FFA000146A600F74366A600A74286A60057438CF
:10FFB0006A70047901800279000216DBE9F8742086
:10FFC0006860287403686023740468601E7429687C
:10FFD00060197430686014742B68600F742E686048
:10FFE0000A743C686005742F687004790180027996
:04FFF000000216DB1A
:020000040002F8
:1000000074F612103B74FF1217DBE985188285190C
:1000100083128154121716750801750900780812A9
:1000200017167C007D007A0312803E1216F37401CD
:100030001216F37F020213A87C007D007A057B0470
:1000400012285D74042274F212103B74EA1217DB5A
:100050007E00851882851983E4F0A3F0A3128152F3
:100060001217167508048E0978081217167C007D81
:10007000007A847B0012286374041216F3851882B8
:100080008519837808121A19901D357808121831CD
:100090007003028146901D35121A718518828519E8
:1000A00083121A59A818A9198808890978081217FB
:1000B000167508048E0978081217167C007D007AE0
:1000C000847B001280401216F37E019086767406BF
:1000D0001217BB741012165774061217AB880A89D0
:1000E0000B90805AE064107006750A5B750B807A7D
:1000F000627B001228578A088B09780A1217167833
:10010000081217167C007D007A627B001280401274
:1001100016F37404121A88E4F0A3F07A63FB122831
:10012000578A088B0974041217AB880A890B780A5E
:1001300012171678081217167C007D007A637B0070
:100140001280401216F3EEF974161216F37F0602AF
:1001500013A8F0A3F0A818A919880889097808221B
:10016000C082C08390806B1285EDE890186CF0E936
:10017000A3F09018767410F0A374C1F090186BE09F
:10018000440CF0028BFD74EC12103B74FA1217DB76
:100190008A088B097401121A88E4F0041217AB88DC
:1001A0000A890B780A1217167C017D007A017B04FC
:1001B00012285174021216F3E96028780A121716F1
:1001C000750A01750B00780A1217167C007D007AFB
:1001D0000112803E1216F312240DE9600612243D2E
:1001E0000284207A007B001225F9908035E0900C83
:1001F00049F09019D2E0F8740468600574086870DA
:1002000004740180027400333354FCF8900845E014
:1002100054FB48F0908036E0FEC413135403F8906A
:100220000844E054FC4812843F90081F128439901F
:10023000082012843990097CF090082BE4F0A3F098
:10024000900823F0A3F0EEA2E050030282DD8518AF
:1002500082851983E4F0A818A919880A890B780AFD
:100260001217167C017D007A037B04122851740258
:100270001216F3E97067780A121716750A01750BE2
:1002800000780A1217167C007D007A037B0412287E
:100290006374041216F3E97044851882851983E0AB
:1002A00004F0C39404401E790012240712244390E2
:1002B0008A2E12153012842A1216F3900860E04438
:1002C00002F0028420E0F9122407908A1A121530F5
:1002D00012842A1216F3900860E04401F012257B84
:1002E000E9F50B121EA3E9F50A121EA9900C49E0CC
:1002F000600B7A00F912036E790012268F90081FA6
:10030000E0F9122A6790081FE0F91226F57A537B6C
:100310001B123A337A007B0090081FE0F9122E3F3F
:10032000E50B6003122581908058129362E4F50E6C
:10033000F50F908A167810121A19780C7910120E8F
:10034000D41291B0750C75750D09780C1217167CC6
:10035000047D007A057B0412285174021216F3E919
:1003600070497402121A88E4F0A3F0A3F0A3F074A9
:10037000021217AB880C890D780C121716750C0435
:10038000750D00780C1217167C007D007A057B0431
:1003900012286374041216F3E970107402121A889A
:1003A000121A71900975121A59801C750C75750D09
:1003B00009780C121716750C04750D00780C1217BD
:1003C000161280381216F31226A77912122F83AA5A
:1003D00008AB091225937A01A90A1225C31225A593
:1003E00090186BE0A2E3400BD2E3F0F99019BDF056
:1003F00012352F122413EE5402901814F012298F84
:10040000901814E0601A123A93908A1E1215307AEE
:10041000107B0090081FE0F912289374041216F361
:1004200074061216F37F0C0213A87A207B00900842
:100430001FE0F912288D74042212843F04F022F088
:10044000850882850983E022C082C08374F7121771
:10045000DB7A007B0779007800E8FC740C2CF582CD
:10046000E43478F583E0C0E01284B7D0E0F008E827
:10047000C3940840E47800E8FC74A02CF582E434CE
:1004800081F583E029F90A802074036A70E974A079
:1004900028F582E43481F583E069F9EBFC1284B736
:1004A000E0697900700C7A001B08E8C3942040D9F9
:1004B00079017409028BFA851882851983E5822CEB
:1004C000F582E43583F5832274F412103BEA240CA0
:1004D000F582E43BF5831285EDEA2413FCE43BFD51
:1004E000ECFEEDFF740468497004D2008013C20072
:1004F0007402687001E96009740568496003028547
:10050000B01285E1940250030285DC7402684970E0
:1005100003122413900845E0A2E540030285DC8E17
:10052000828F831285ED8882F583E0FCA3E0FBECEB
:10053000FA90182BE06A7003A3E06B60030285DC7D
:1005400075089875093A750A00750B00A2005040AD
:10055000900933E0603A75F00CA4FAABF0900934DE
:10056000E02AFAA3E03BFBEA24F4F582EB34FFF542
:1005700083E0FA88828983A3A3E0C39A900845E0C8
:10058000500BD2E5F07508607509EA8003C2E5F00A
:100590007A407B0090081FE0F9122899AA08AB095D
:1005A000AC0AAD0B122617AA08AB091226C5802C7F
:1005B000E8497028901B59E064066005E064077004
:1005C0001B1285E1940840148C828D8312961A7A4E
:1005D000367B1A122965E96003122CBF7F040213CF
:1005E000A8EA2410F582E43BF583E0C3221299D8EF
:1005F0002274F012103B890AEAFEEBFF901814E017
:10060000600312299BEF5480704490081FE0650A34
:100610006003028959EE5402700302873E1226A736
:10062000EE6402028954901B7EE0601B7A407B00DE
:1006300090081FE0F912289FEA4B4C4D7009908AF0
:100640002E121A4D122617AA08AB0912273190084C
:100650001FE0F91227438A088B09EA4B70030287CF
:10066000368A828B83E024CC60112474601224EFDC
:10067000601A24FE70D112242580CC12246D80C70C
:100680007A00A3A3A3E0F91225C380BBA3E0901BCB
:1006900059F064017007900845E054F3F090084465
:1006A000E0A2E4400CD2E4F07AF37B257900121E3C
:1006B0009D901B59E064066005E064077005908A10
:1006C00022801DE064017003028626908A22780C45
:1006D000121A19901D21780C1219AD4009908A1632
:1006E000121A4D1234E1901B59E06409600DE06468
:1006F000076008E064066003028626900845E0A2D1
:10070000E24024C2E3F0D2E2F0908A22121A4D12A3
:100710002617900C51E4F0900845E0D2E5F07A9865
:100720007B3A1226C58009908A26121A4D12261786
:100730001226A7028647EEFAEF6480028956EEA2DF
:10074000E05027900C4FC3E094E9A3E09403900C91
:100750004F400AE02418F0A3E034FC8003E4F0A347
:10076000F01226CBEE6401028954544070030287D4
:10077000F1900845E0C2E4F01226A1900845E0A2FD
:10078000E350047A0080027A80908036E0F508A376
:10079000E0F509740978081219FBE508A2E092F067
:1007A000900845E0A2E382F0E433FB79FF12263B98
:1007B000900975121A71E8494A4B7006901B7EE049
:1007C0006029900975780C121A19E50C450D450E33
:1007D000450F700C750C60750DEA750E00750F00F5
:1007E000AA0CAB0DAC0EAD0F122617EE64400289B9
:1007F00054EE5480600F7B007A0079FE12263BEEA7
:100800006480028954EF542070030288A479011295
:100810002695901B59E064026008900845E0A2E527
:1008200050077A987B3A1226C5901B59E0640660FF
:100830000BE064076006901B7EE06027900845E0AF
:10084000A2E55008750C88750D138006750C0A75A5
:100850000D00750E00750F00AA0CAB0DAC0EAD0FA0
:10086000122617750800802CE50875F01AA4F8A95F
:10087000F0746228F8740839F9E82415F582E4392F
:10088000F583129899600B7C007D00AA0879FF120D
:100890003A9E05089009321291A340CCEEFAEF641B
:1008A00020028956EF54106008EEFAEF64100289B6
:1008B00056EE54046034121EA3E9F8900974E0580F
:1008C000900973601EE004F064647007E4F0122481
:1008D000438012908A2E1215307A0412842C12163C
:1008E000F38002E4F0EE6404806AEE5408600C7A4F
:1008F0000179011225B7EE64088059EE5410600E9C
:10090000901814E0600312299BEE64108046EE54A8
:10091000206046900860E0F508E4F0A3F0E508A246
:10092000E050057900122407E50854026003122400
:1009300043E5085410600CC2AFC2AF75C9AB75C9AE
:100940005B80FEE508540860081226597901122CD4
:100950009BEE6420FAEFFB80047A007B007F0802A4
:1009600013A874F212103B890AEAFEEBFF901814E8
:10097000E0600312299BEF54806007EEFAEF648079
:100980008037900820E0650A703B750800750C01FF
:10099000750D00E508780C1218E4E50CF509EE5524
:1009A0000960197B007A00A90812260B7A01A908B0
:1009B000122641A809EE68FAEFFB800D0508E5084C
:1009C000C3940840C87A007B0002814D74F3121072
:1009D0003B890BEBFF54806007EB6480FB028A6469
:1009E000E9607D900821E06077696007900822E067
:1009F00069706DEAF50C750A0080137900EFFDE46B
:100A0000CDFCAA0A8882850983123A9E050A9009BC
:100A100032E0F8E50AC3985047E50A75F01AA4F8E1
:100A2000A9F0746228F8740839F9E8FAE9FB750846
:100A300001750900E50A78081218E4E508550C600C
:100A4000CBEA2415F582E43BF58312960CF509E810
:100A5000450960B8900821E0650B709F7901809D81
:100A60007A007B007F050213A8C082C08374FB124A
:100A700017DB908A16121A4D1234E17A647B001249
:100A800034E77A647B001234ED7C057D007900AA9E
:100A900018AB191227197403121A887401F07A021C
:100AA00079FF122F35AA18AB1912308BE96005793E
:100AB00000122C9B7405028BFA74F212103B74FE28
:100AC0001217DB7C017D007A017B041228697C010E
:100AD0007D007A037B041228697C047D007A057B03
:100AE000041228697C0D7D007A067B041228697E39
:100AF00000EEF912253F8A088B091228578A0C8BC1
:100B00000DAC0CAD0DAA08AB091228690EEEC3940A
:100B10000840DE7A0379FF122F3585188285198304
:100B200074FF1281521217167508027509007808B1
:100B30001217167C007D007A837B0012804012160B
:100B4000F37A357B1979E2122F4775083575091943
:100B50007808121716750808750900780812171614
:100B60007C007D007A2D7B001280401216F3122447
:100B70000DC2AFC2AF75C9AB75C95B80FE74F4120C
:100B8000103BEAFEEBFF8909122A7FE50960108A13
:100B9000828B83A3A3A3A3A3A3128F3B1298A8EADB
:100BA0002414F582E43BF583E0F508600EC3940954
:100BB0005009A908122569EA4B70047900800B746A
:100BC000FF25088E828F83F079010285DCC082C008
:100BD000838A828B83128BF175F0E8A4CAA8F07522
:100BE000F003A428F875F0E8EBA428FB1226C580D2
:100BF0000CA3A3E0FAA3E0FBEA221216F3D083D001
:100C0000820216DB0216DB74F712103B90082312E7
:100C1000919D1226AD8052C082C0838A828B83A3AD
:100C2000A312919D1226B380D474F712103BECFAF4
:100C3000EDFB8C82F583A3A3A3A3A3A31215348C8D
:100C4000828D83A3A3A3A3E0F508780812171A8C5A
:100C5000828D831296188A828B8312919D1226B9F7
:100C60007403800274011216F37F010213A874EA60
:100C700012103B74F41217DB8A108B11901814E0D9
:100C8000600312299BE510240AF512E43511F513CF
:100C9000E5102402F50CE43511F50DE5102406F5F8
:100CA0000EE43511F50FE5102416F508E43511F5BD
:100CB00009E5102408F50AE43511F50BE5102417B1
:100CC000FEE43511FF851082851183A3A3A3A3A39E
:100CD000A3A3E024FA601424FE604B24FE700302F8
:100CE0008D6D147003028DC0028DC5AA10AB111258
:100CF000248B8A108B11EA4B7003028DC5850E82FE
:100D0000850F83E0F50E780E12171A750E01780E16
:100D100012171A128DE412171A7810121716128D64
:100D2000F9122AB58039AA10AB111224918A108BBE
:100D300011EA4B7003028DC5850E82850F83E0F5A5
:100D40000E780E12171A750E01780E12171A128DE0
:100D5000E412171A7810121716128DF9122ABB74A2
:100D6000051216F3AA10AB111227D380589087FAF8
:100D7000AC18AD19740C1216577408121A88E412C4
:100D800099DDF50C780C12171A750C01780C1217F6
:100D90001A750C00780C12171A8E828F8312153474
:100DA000850A82850B8312961A74051217B385087B
:100DB00082850983E0F9122AC174051216F38005B1
:100DC000900833E4F08E828F83128BF34B600B120A
:100DD00027D38E828F83E4F0A3F0740C1216F37F76
:100DE0000E0213A8850C82850D83E0131313541F84
:100DF00064015401F50C780C22850A82850B83E08E
:100E0000FCA3E0FDAA12AB13850882850983E0F9F3
:100E10002274F712103B74FF1217DBEAFEEBFF7926
:100E200001AA18AB19122449E96044851882851972
:100E300083E0F8743828F582E43480F583E01313F6
:100E4000543FFA851882851983E0F91224D3E960AA
:100E50001E7A00851882851983E0F91224E5E9F8E5
:100E60008E828F83F0C39400A2D265D03350047970
:100E7000FF8008851882851983E0F9028C6474F775
:100E800012103B74FF1217DBEAFEEBFFAA18AB1936
:100E9000122473E9F4602F750801780812171A8E6E
:100EA000828F83A3A3A3E0F508780812171A8E8215
:100EB0008F831296198E828F83E0F97402121A883A
:100EC000128F421216F3028C6474F612103B74FFF8
:100ED0001217DBEAFEEBFFAA18AB19122473E9F52F
:100EE0000874FF6960528E828F83E0700479FE80FF
:100EF000027901750901780912171A8E828F83A36E
:100F0000A3E0F509780912171A7C007D007402121B
:100F10001A88128F421216F39008231291AA6018B1
:100F20009019C3128F3BE0687003A3E06960097BEE
:100F3000007A00A90812263B02802E1299D8900848
:100F40002322E0FA3395E0FBEA75F01AA4FAA8F040
:100F500075F01AEBA428FB74622AFA74083BFB12A2
:100F600028F374022274F712103B74FF1217DBEAA5
:100F7000FEEBFFAA18AB19122473E9F46070851810
:100F800082851983E0F912290BE9FB8E828F83A3F6
:100F9000E0FA8E828F83E0701CE92AF8E43400F9CD
:100FA000E894FFE99400400974FF6B604179FE808A
:100FB00013EB2A800EEAC39BE94006603179018079
:100FC00003C39AF9750801780812171A8E828F8365
:100FD000A3A3A3A3E0F508780812171A8E828F83C3
:100FE0001296187402121A88128F421216F3028C8B
:100FF0006474EA12103BEA129350E0F514A3E0F592
:1010000015851482F583E0F50875090074027808E7
:101010001218E4E5082401FEE43509129341700733
:101020007A007B0002919AEEFCEFFD7900122719FD
:101030008514828515831293597508008062900982
:1010400075EAF0A3EBF0A3E4F0A3F0900975780C37
:10105000121A19E50C450D6023900975780C121AC7
:1010600019908A167810121A19780C7910120ED469
:101070001291B0900975121A4D122617750C7575DC
:101080000D09780C121716750C04750D00780C12EA
:1010900017161280381216F38E828F83E4F005083B
:1010A0008514828515831291A34003029196E50869
:1010B000F50E750F0075F00CA4F8A9F0E51428F5ED
:1010C00082E51539F583A385820C85830D7402783A
:1010D0000E1218E4E50A250EF582E50B350FF583AF
:1010E000A3AE82AF83850C82850D83A3A882A983DA
:1010F00012919D8E828F83A3A3EAF0A3EBF0850C5F
:1011000082850D83E08E828F83A3F08E828F83741D
:101110008CF0908036E05420600302909888828999
:10112000831291AA600974556849600302909E7AFF
:10113000407B0090081FE0F91227BB7A807B00906B
:10114000081FE0F91227BB90097AE05403F0A3E0EE
:101150005481F0850C82850D83A3A3A3A3A3A312BE
:1011600091AA602974FF68700374FF69700E90097A
:1011700075E4F0A3F0A3F0A3F002907C850C8285C7
:101180000D83A3A3128BF14B600302903E90805815
:1011900012919D02903EAA0AAB0B028DDFE0FAA3EA
:1011A000E0FB22E0F8E508C398221299D8E849222A
:1011B000900975E50CF0A3E50DF0A3E50EF0A3E5AD
:1011C0000FF02274E812103B74F61217DB851882B8
:1011D000851983EAF0A3EBF0851882851983E01264
:1011E0009350129362850C82F583E075F00DA4A9EB
:1011F000F02401FEE43912934170077A007B00026B
:101200009337EEFCEFFD7900122719850C82850DCE
:10121000831293599009757810121A19908A1678CA
:1012200014121A1978107914120FCC85100E85112A
:101230000F750800029325A808E875F003A4FAAB1F
:10124000F0E50C2AF582E50D3BF583A3AA82AB837A
:10125000E875F00DA4F8A9F0E50A28F582E50B3948
:10126000F583A3AE82AF838A828B83A30AAB8312FA
:1012700085ED8E828F831298A68E828F83A3E4F0F1
:101280008E828F837486F0EE2405F512E43FF51309
:10129000851282F58374FFF0A3F0EE2407F510E4C5
:1012A0003FF511851082F58374FFF0A3F0740212EC
:1012B00017AB8814891578141217168A828B83123B
:1012C000961A7402121A8812960CC82408F582E441
:1012D00038F58312919D7402121A8812960CC82454
:1012E00016F582E438F583E0F9122AE57402121645
:1012F000F3E9602F8E828F83E4F07406121A88E07F
:101300008E828F83A3A3A3A3F0851282851383E526
:101310000EF0A3E50FF0851082851183E50EF0A392
:10132000E50FF00508850C82850D831291A350030B
:10133000029237AA0AAB0B740A1216F37F1002133B
:10134000A8FFEEFAEFFB1227CD8A0A8B0BEA4B229D
:101350002417F582E43BF58322E0850A82850B831E
:10136000F022E0F50CA3E0F50D22C082C0838A8252
:101370008B8374FDF0A374FFF0EA2402F582E43B52
:10138000F583E0440CF0EA2408F8E43BF9E0C0E01F
:1013900088828983E0FAA3E0CA2424F582E43AF53E
:1013A00083D0E0F08882898312961112919DE824FF
:1013B00028F582E439F583EAF0A3EBF0E8242EF572
:1013C00082E439F583E014FCE8242FF582E439F552
:1013D00083E02CF8A3E03400F9E824FFFAE934FFB5
:1013E000FB801A8A828B83E088828983F0EA24FF5B
:1013F0001AEB34FFFBE824FF18E934FFF9ECFD7425
:10140000FF2DFC0470DD028BFD74E812103B74E6C6
:101410001217DB8A168B17890C8C148D1574012911
:10142000F50A750D007508007509000294DB740B50
:10143000121A88E4F074031217BB850E82850F839D
:1014400012919D12392B851282851383E0C0E074BE
:101450000C121A88D0E0F0851282851383E0C0E078
:10146000740C121A88D0E0F0050D900979E0FA7436
:10147000012AF0740F1217AB880E890F780E12171D
:1014800016E50BF50E750F00780E121716EAF50B20
:10149000780B12171AE4F50E780E121716750B0159
:1014A000780B12171A750B00780B12171A750B01AF
:1014B000780B12171A740A121A88E0F50B780B12BF
:1014C000171A740C121A8812961A740E1217B3A9EE
:1014D0000A122AA3740B1216F305099049CDE4935E
:1014E000F8E509C39840030295FAE50975F00EA4E2
:1014F000F8A9F0742728FE740E39FF8E82F583E078
:10150000650A70D57401121A887406F0A3E4F08598
:101510001682851783A3A3A3A312960CF583888252
:10152000E0851882851983F0740F1217AB880E8935
:101530000F780E12171674021217AB880E890F78E7
:101540000E12171674051217BBAA14AB15A90C12AC
:1015500026D174041216F3E9F50B74FF69700302C7
:1015600094D97401121A8812961AEEFAEFFB123906
:1015700061E970030294D99087EE74031217BB746B
:101580000C121657EE2404F512E43FF513EE240274
:10159000F50EE43FF50F8E828F83A3E07003029473
:1015A0002E740B121A88740FF07403121A8874FFC9
:1015B000F0A3F0751001751100E50C78101218E415
:1015C000E510F8900834E058700EE048F07C787D23
:1015D0001B7A02A90A122A91850E82850F83129620
:1015E000111298A8050BE5086003029457750801CD
:1015F0007A977B24123283029457E50860077A00B9
:101600007B00123283A90D741A029339E0F8A3E02B
:10161000221299D890083522A3A3E0FCA3E0FD2272
:1016200074EA12103B74F41217DB8A148B158C12B7
:101630008D139087D6AC18AD19740C121657042967
:10164000FF7408121A887402F0851882851983E4E1
:10165000F0A3F07409121A881299CE740A121A882B
:101660001298A87E011227AF8A088B098C0A8D0B6D
:101670008A0C8B0D8C0E8D0F90082F780C1217C3CF
:1016800075838A75822A780C1216B650027E0090F5
:101690000979E0F8740128F0E8F50C780C12171AB3
:1016A000EEF50C780C12171A750C01780C12171A3B
:1016B0007814121716AC12AD1374051217B3EFF9A4
:1016C000122AC174051216F3E9FF6010900845E074
:1016D000A2E44025D2E4F012269B801DEEA2E04059
:1016E0001890082F7808121A0A900833E004F0C303
:1016F00094064005E4F0122D0DEFF9028DDA74F036
:1017000012103B74DD1217DBEAFEEBFF890F8C0829
:101710008D0990852CAC18AD1974231216577A01D7
:10172000750A007438121A881298996038E0F50B1F
:101730006033C39423502EA3A982AA83890C8A0DF7
:10174000750E00780C121712AC0B7D007404121A7F
:1017500088AA82AB8312270D74031216F374012535
:101760000BFA850B0A743C121A88E0F50B606FF8CF
:10177000E50A28F8E43400F9E82401500109C3948B
:1017800024E99400A2D265D0335053E50A601EEAE2
:10179000C394235018EAF8851882851983E58228B6
:1017A000F582E43583F583742CF00A050A743A1245
:1017B0001A88129362750E00780C121712AC0B7D0A
:1017C00000EAF87403121A88E58228FAE43583FBEC
:1017D00012270D74031216F3E50B250AF50A851876
:1017E00082851983E50AF08E828F83A3AA82AB8358
:1017F0007C017433121A881298911298A8743512C9
:101800001A88E08A828B83A3A3F07436121A881296
:1018100098911298A5851882851983E0602AEE2494
:1018200006FAE43FFB7C028A82F583741CF0A3E491
:10183000F08A828B83A3A37442F08A828B83A3A352
:10184000A3E518F0A3E519F0EC8E828F83F0AC08C5
:10185000AD09A90FEEFAEFFB1224A3E9F50B7027EF
:10186000743D121A88E0601F740665087002E5096D
:101870006008741265084509700DAC08AD09A90F20
:10188000EEFAEFFB12249DA90B74231216F30289C2
:101890005D1299D88A828B832212960C8882F583F6
:1018A000E582458322A3A3A3E8F0A3E9F02274F420
:1018B00012103B74F11217DBE9FFEAFEE97508012B
:1018C00075090078081218E4900837E0550860158B
:1018D000740929F582E43480F583E0600874016EB0
:1018E00070030299C6746A29F582E43409F583AC61
:1018F00018AD197401121657851882851983E0A254
:10190000E350030299C67A067B001227CD8A088B22
:1019100009EA4B70030299C67C067D007900122704
:10192000191226A18508828509837401F0A37455D4
:10193000F0A3E4F0850882850983A3A3A37421F0B2
:101940007401121A88EEF0A3E4F0041217AB8508B4
:1019500082850983A31298A5740B121A887402F069
:1019600004121A88E4F0A3F0740C121A881299CEAB
:10197000740D121A88E8F0A3E91299DDF50A780AC5
:1019800012171A750A00780A12171A780A12171A0B
:1019900078081217167C127D0074081217B37401B0
:1019A0002FF9122AC174051216F3E9600512269B5D
:1019B000800D7C067D00EFF9AA08AB0912249DAAD0
:1019C00008AB091227D3740F1216F30285DC7401D9
:1019D000F0901D5A1299D82212960CF922F0900913
:1019E00079E0F8740128F0E82274F612103B12A591
:1019F00041EA129CEE12153488828983A3A3A3A323
:101A0000A3A3A3A312153012A6CF1216F312A52575
:101A1000FAA3E0FB7F020213A8C082C083129F8E4C
:101A200012153088828983A3A3A3A3A3A3A3A3121F
:101A30001530C2F01223A7029B1974F412103B1246
:101A40009AA4121530129A93121A19A90812A98D84
:101A500012170EC2F002A3DAC082C083129F8E1248
:101A6000153088828983A3A3A3A3A3A3A3A31215DC
:101A700030D2F080BF74F412103B129AA4121530C9
:101A8000129A93121A19A90812A98D12170ED2F0E0
:101A900002A3DA129A9C12A76D780822EA244BF569
:101AA00082E43F22EAFEEBFFEA12ACF0129AB02287
:101AB000129AB42212A465C812B0A938F58322C0C4
:101AC00082C083129F8E12153088828983A3A3A3BC
:101AD000A3A3A3A3A3802CC082C083129B2D1215A5
:101AE0003012A16F801DC082C083129F8E121530EC
:101AF00088828983A3A3A3A3A3A3A3A3121530D28F
:101B0000F08005121530C2F01223AD800C12153092
:101B1000908A0E1215301223F5740802A437C08281
:101B2000C083129B2D12153012A16F80CF12A45BBF
:101B3000F98882F583A3A3A3A3A3A3A3A32274EC90
:101B400012103B129BC5121A19129BB2120FCC1223
:101B5000A6B17003129B67129BA312170E7808128E
:101B6000170EC2F002B16E12B0A83BF58312AA5E46
:101B700085088285098312AA732274EC12103B1225
:101B80009BC5121A19129BB2120FCC12A6B1700388
:101B9000129B67129BA312170E780812170ED2F031
:101BA00002B16E85088285098312A7DDEFFB12A9B9
:101BB000912212B03EF50CA3E0F50DE4F50EF50F01
:101BC0007810790C2212A7C8F58312B0BAFB88826C
:101BD000F583A3A3A3A378102274F012103B8A0804
:101BE0008B09EA244BFEE43509FF8E8212A99D126F
:101BF0002A318E828F8312AA6F8E828F8312A99FC1
:101C0000AA08AB09129D68E5082449F50AE43509DC
:101C1000F50B129F35121534780C12170E850A82B7
:101C2000850B83129F501216F38E828F83129CF5C0
:101C300012AF62A3A3A3A312B0F980097808121906
:101C4000FBAA08AB097F080213A874EE12103BEA46
:101C5000FEEBFFEA12A028EA12B13312A776121A9D
:101C600071E8494A4B703D850A82850B8312AF6B40
:101C7000F508A3E0F509801B129CD3129D62121790
:101C80000EAC08AD0912B05D1216F30508E5087038
:101C9000020509850A82850B83129D749508A3E0CD
:101CA000950950D4129CD3123A0F129CE512A1024E
:101CB000122A49780C12170E850A82850B8312A509
:101CC0000412B0611216F3851082851183129CF5FF
:101CD00002A556129CDCF9EEFAEFFB22EEFAEFFBBE
:101CE000122A37E9228A0C8B0D8C0E8D0FEE12B062
:101CF000563FF5832212B122850A82850B83227416
:101D0000F012103B8A088B09129F5F12AF63E0F557
:101D10000AA3E0F50B8028AA08AB09129CE0F9AAF7
:101D200008AB09129D6212170EAC0AAD0BAA08ABE4
:101D30000912B0611216F3050AE50A7002050B8E4E
:101D4000828F83129D74950AA3E0950B50C9E50814
:101D500012A9973509F58312B11E129D80740202F3
:101D60009C3C129D68780C22123A0F8A0C8B0D8CC9
:101D70000E8D0F2212A461F5838882A3A3C3E022F3
:101D80008E828F8312A538F508A3E0F5092274EE40
:101D900012103BEAFEEBFFEA12AC817808121A1926
:101DA000A808A909C3E99401A2D265D033400974F7
:101DB000FFC398F8740199F9740F684970087508A1
:101DC000CA750903805AC3E8941A129E8950057592
:101DD00008268049C3E89433129E8950057508246B
:101DE000803BC3E8944C129E89500575081C802DD9
:101DF000C3E89465129E895005750814801FC3E8D6
:101E0000947E129E89500575080E8011C3E8949740
:101E1000129E89500575080B800375080A75090024
:101E2000EA12A140129F5B12153012AA68121530F7
:101E3000E8F9EEFAEFFB12A39B1216F3129CE512DF
:101E40001534780C12170E12A00F1216F38510829B
:101E5000851183129F3F9089D6780C121A198C82B3
:101E60008983780C1219439089DA780C121A198C2C
:101E7000828983780C1219AD400C8C828983740F8F
:101E8000F0A3E412B08502A560E99400A2D265D067
:101E9000332274F012103B8A088B09EA244BF50AAE
:101EA000E43509F50B850A8212ABBB121A19A80C8E
:101EB000C3E50D9401A2D265D033400574FFC398E9
:101EC000F8129F5F129F5B12153012AA681215302C
:101ED000E8F9AA08AB0912A39B1216F38A0C8B0D22
:101EE0008C0E8D0F129F35121534780C12170E8E32
:101EF000828F83129F501216F3850A82850B8312FC
:101F00009F3F9089BA7808121A198C8289837808C1
:101F10001219439089DE7808121A198C8289837805
:101F2000081219AD40078C82898312B082129D80FD
:101F30007407029C3CE50812B0563509F58322125D
:101F4000B0FD129F4622EA2404F8E43BF9E8FC22A3
:101F500012A020AA08AB0912A6BE2212B15922EA89
:101F60002449FEE43509FF8E82F583E022C082C059
:101F700083129F8E12153088828983A3A3A3A3A303
:101F8000A3A3A3121530C2F01223B3029B1912A708
:101F900010F58312B09A22C082C083129F8E121550
:101FA0003088828983A3A3A3A3A3A3A3A31215307C
:101FB000D2F080D474F012103B12A12C121A191214
:101FC000A0F512A028129CED121534780C12170EF1
:101FD00012A00F1216F312A11A121A198A828983FB
:101FE000780C1219439089E2780C121A198A8289A6
:101FF00083780C1218F78A828983121A71E8494A89
:102000004B700612A0FC12B08F12A10A029C4585EB
:102010000A82850B8312A020EEFAEFFB12A6BE22E5
:1020200012AF73FCA3E0FD2212A02C222449F50A72
:10203000E43FF50B2274EC12103B12A12C121A197A
:1020400012A0F512A14012B0492401F510E43DF5AB
:102050001112B03A24FFF512A3E034FFF513888281
:102060008983A3A3A3A3A3A3A3E0A2E7781250208C
:102070001217167810121716EEFAEFFB1229B97420
:10208000041216F3780C12170E12AF5CA3A3802370
:102090001217168C128D1378121217160CAD11EE42
:1020A000FAEFFB1229B974041216F3780C12170E0A
:1020B00012AF5C12A10212B0611216F312A11A1231
:1020C0001A198A828983780C1219439089E2780C54
:1020D000121A198A828983780C1218F78A828983E6
:1020E000121A71E8494A4B700612A0FC12B08F1206
:1020F000A10A02B180A90C129D68EE22EC12B07206
:102100003D2212B0ECEEFAEFFB22850A82850B83AA
:1021100012AC8AA3E0FBE4CBFA228508828509830E
:1021200012B0EC12A391908A12780C22EAFEEBFF17
:10213000EA244BF508E43FF50985088212ABBF227B
:1021400012A02C850A82F583E022C082C08312A7E8
:102150000112153012A16F12153088828983A3A352
:10216000A3A3A3A3A3A31215301223B902A435126B
:10217000A17322E812B0A122C082C083908A761295
:10218000153090891A121530908A0E80D974F41285
:10219000103B12A457F9E8FCE9FD12B0673DF58346
:1021A0007808121A19780812170E780812170E8C70
:1021B000828983A3A3A3A3A3A3A3A31215301223ED
:1021C000B902A761780812170EEEFAEFFB1223FB93
:1021D00074041216F37F040213A874F012103BEA81
:1021E000FEEBFFEA244BF8E43FF98882F583E0FA3E
:1021F000A3E0CA12B0683AF583E004F088828983CC
:1022000012A7D912AD0EEE129AA9780C121A1978EB
:102210000C12170E780C12170E780812170EEEFA21
:10222000EFFB1223B9740C1216F3029C4574EC12E6
:10223000103B8A0A8B0BEA2449F510E4350BF511A3
:10224000851082F58312A512B800028004C333D82A
:10225000FCFCEA244DF512E4350BF5137800790106
:1022600085128212B0F7120DF88808E88CF0A4F8F5
:10227000ADF08CF0E9A42DF9C3E89402E994005084
:10228000057508018008ECF5F0E508A4F5087E0066
:102290007F00802012170E8A828983A3A3E0C39E49
:1022A000FCA3E09FFDAA0AAB0B12B0611216F30E5D
:1022B000EE70010FE50A12A997350BF58312B0E80D
:1022C00012A391E9FB85128285138312A6CAC3EE7D
:1022D00098EF99507085108285118312B09612156F
:1022E0003088828983A3A3A3A3A3A3A3A312153039
:1022F000E508F5F08A828B83780C121A19EE250C0A
:10230000A412AF4FF9AA0AAB0B12A39B1216F38AC1
:102310000C8B0D8C0E8D0F85108285118312B0B63B
:102320008882F583A3A3A3A3A3A3A3E0A2E7780CC9
:10233000400302A29412170E8A828983E02EFCA326
:10234000E03F02A2A4908A127808121A198A828B9E
:102350008378081219439089E27808121A198A8240
:102360008B8378081218F78A828B83121A71E849D6
:102370004A4B700612A0FC12B08F85108285118323
:1023800012B0C6E0FAA3E0FB120DF8E8FAE902B1D8
:102390007FEC2404F8E43DF9E8FA221223D1740812
:1023A00022C082C083129F8E12153088828983A337
:1023B000A3A3A3A3A3A3A31215301223BF029B19A7
:1023C00074F412103B129AA412153012A986121737
:1023D0000EEEFAEFFB1223BF8007EEFAEFFB12239B
:1023E000A7740802A1D2C082C08312A7661215305A
:1023F0001223DD7404804074F412103BEAFEEBFFFC
:1024000012A98612170EEEFAEFFB1223DD02A1D0FD
:10241000C082C083129B2D12153012B06739F5832C
:102420001215301223E3029B1912153012A76612FF
:1024300015301223E9740C1216F3D083D0820216E1
:10244000DBC082C08390891A12153012A457C824A9
:1024500008F582E43880C712A45B2212B0AF3BF5C6
:102460008312A46522E0F8A3E02274EE12103B125E
:10247000A541E8FAEE244DF8E43F880AF50B88827E
:10248000F5831215348A828983A3A3A3A3A3A3A3EC
:10249000A312153012B0E4EEFA12A6BA1216F385A2
:1024A000088285098312A512B800028004C333D8BC
:1024B000FC750C08F50E750F00850A82850B83E00C
:1024C000C3950EF8A3E09400F9E82401FCE439FD7B
:1024D000EEFAEFFB122A49780E12171690891A129B
:1024E000153085088285098312A50412A6BA121632
:1024F000F3150CE50C70C212A525F508A3E0F5094B
:102500007405805712AF6F2AFCA3E03BFDEEFAEF93
:10251000FB2212A46112AA5412A51C22E0C3135478
:1025200003F8740122EE129A9DF58312B1228508F8
:102530008285098312A5382212A53C2212AC92E0B2
:1025400022EAFEEBFFEA2449F8E43F8808F509880F
:102550008212A45FF922129D84740478081219FB78
:10256000AA08AB097F0A0213A874E812103B8A106C
:102570008B11EA2449FEE43511FF8E8212A6C8EAC7
:10258000244DF516E43511F517851682F5831215DD
:102590003412A16F12153012A6CF1216F38E828F4D
:1025A00083E0F512A3E0F513851282F583A3A3A3BC
:1025B000A3E0FEA3E0FFEEF8EFF97A0A7B00120D2C
:1025C000F8EA75F09CA4CAA8F075F0FFA428F87585
:1025D000F09CEBA428FBEA244CFCEB3404FDEEF861
:1025E000EFF97A647B00120DF88909E82401FEE412
:1025F0003509FFEE2EFEEF33FFE510244BF514E412
:102600003511F515851482F58312B0C0121A198E92
:102610000C8F0DE4F50EF50F780C79081219BD50EA
:102620003BE508A2E04031851682851783121534F8
:10263000851282851383A3A3A3A3A3A3A3A3121527
:102640003085128285138312B0E8AA10AB1112A64E
:10265000BA1216F37C1480027C327D0085148285C8
:102660001583E0F510A3E0F511E5102404FAE43534
:1026700011FB8A82F5837808121A19908A12780859
:102680001218BEEE2401F50CE43FF50D7808790C24
:10269000120FCC8A828B83780C121A0A12A6B170A0
:1026A0000AE51012B072351112B08FECFAEDFB8012
:1026B0002CE50C450D450E450F2212A6BE22123AFE
:1026C00069740622F582E438F58312A461F9228840
:1026D00082898312B0EC12A6BE221216F37F10027A
:1026E00013A8C082C08312A70112153012A16F1265
:1026F000153088828983A3A3A3A3A3A3A3A302A4C1
:102700002F12A71012A7152410F582E439F58322A1
:1027100012B0AF3B22F58312A71B2212A465F9E881
:1027200022C082C08390891A12153090891A02A49F
:1027300029C082C083908A76121530908A7602A4CE
:102740002974F412103B12A7667808121A19780837
:1027500012170E780812170E90891A1215301223CC
:10276000E9740C02A1D212A71012A76D22F58312F0
:10277000A46512A77622C82408F582E438F58322DE
:1027800074F412103B12A7C812A6C8E8FCE9FD8831
:1027900082F583A3A3A3A3121A71E8494A4B7008D8
:1027A000EC12B0683D129B6B85088285098312A7E5
:1027B000D912A8DC12153090891A12153078081237
:1027C000170EEEFAEFFB8096EAFEEBFFEA244BF8D9
:1027D000E43F8808F50988822212A7DD22129AB404
:1027E000E0F9EEFA2274E812103B8A148B15EA2401
:1027F0004BF516E43515F517851682F583E012AB17
:10280000AE7808121A19EA12B0F285080C85090D83
:10281000850A0E850B0F908A12780C1218BE8A104A
:102820008B11E4F512F513780C7910120FCC8C8211
:102830008D83A3A3A3A3A3A3A3A3780C121A19A8FF
:1028400008E4C8F9120DF8E8250CF9AA14AB151222
:10285000AD0E85168285178312B0D0780C121A1926
:102860007800A910E51412B0F2120DF8E8250CF961
:10287000AA14AB15129D6212170E780812170E904B
:10288000891A121530AA14AB151223E9740C02A68A
:10289000DA74F312103B12A92D121A1912A8E512BC
:1028A0000DF8E8F5F08C828D83A3A3A3A37808121A
:1028B0001A19E508A4250CF9EEFA12A8DC12153055
:1028C00090891A121530780812170EEEFAEFFB12E3
:1028D00023E9740C1216F37F050213A8EFFB12AD67
:1028E0001290891A2285080C78007901EA244DF5A6
:1028F00082E43FF58312B0FD2274F312103B12A95B
:102900002D121A1912A8E5120DF8E8F5F08C828D37
:1029100083A3A3A3A37808121A19E508A4250C120F
:10292000AD09908A76121530908A768096EAFEEB91
:10293000FF129A9C12A715FCE9FD8882F583A3A3D8
:10294000A3A3A3A3A3A3780822C082C08390891A5B
:1029500012153012A7661215301223EF029B19745C
:10296000F412103BEAFEEBFF90891A121530EA12BE
:10297000A9973F12A99D12A98D12170EEEFAEFFB2F
:102980001223EF02A3E1122A37EEFAEFFB12A9910C
:102990002212AD16780822244BF582E422F5831228
:1029A0009AB0E0F922C082C083129F8E121530883F
:1029B000828983A3A3A3A3A3A3A3A3029B13C0827F
:1029C000C0839089E2029B0DC082C0839089E60299
:1029D0009B0DC082C0839089EA1215309089EE0267
:1029E0009B1374EC12103B74FF1217DB129BC51281
:1029F0001A1912AA7912AA54E0C3135403F87402E4
:102A0000B800028004C333D8FCF50CE4F50DF50ED4
:102A1000F50F7810790C120FCC12A6B1701712AA0C
:102A20006812AA5EE9851882851983F08508828577
:102A3000098312AA6F129BA312170E780812170EA1
:102A4000EEFAEFFB1223F574081216F37401121656
:102A5000F302B180C82407F582E438F58322E0F957
:102A6000EEFAEFFB122A312212B0A83BF5832212B4
:102A7000AA7322129AB4E9F022EE12B0B03F12A467
:102A80005F2274E812103BEAFEEBFF1223C512AC82
:102A9000EA12ABAEA3A3A3A37808121A19EE12A9E7
:102AA000973F12ABBB121A19EC2407F514E43DF55D
:102AB00015EE244DF516E43FF51785168212B0F792
:102AC0008A10F511E4F512F5137810790C1219BD7E
:102AD0005025851482851583E0A2E77808500C12F2
:102AE000170E8C828D8312AC75804F12170E8C825C
:102AF0008D8312AC6C8043EA2AFAEB33FBEAC39570
:102B00000CF8EB950DF9E824FEFAE934FFFB851487
:102B100082851583E0A2E77808501212170E8C8286
:102B20008D83A3A3E0C39AFCA3E09B800D12170E34
:102B30008C828D83E02AFCA3E03B12B05C1216F37A
:102B4000EE244B12A8EF129F46E9FD908A127808F6
:102B5000121A198C82898378081219438516828586
:102B6000178312A6CAE828F8E933F9E824FEF50825
:102B7000E934FFF509E4F50AF50B8C828D837808BA
:102B80001219AD40078C828D8312B08212AA79F59A
:102B9000838882A3A3A3A312A6CA8516828517835E
:102BA00012B103FB120DF8E8FAE9FB02A6DDFCA363
:102BB000E0FD8C82F583A3A3A3A32212ABBF22F571
:102BC0008312AC8E780C2274EC12103BEAFEEBFF01
:102BD0001223C5EE12AC81780C121A1912B1467884
:102BE00008121A198A828B83A3A3A3A3A3A3A3E029
:102BF000A2E77808500C12170E8A828B8312AC75EC
:102C0000800A12170E8A828B8312AC6C12B05C128F
:102C100016F385108285118312B0F9EA2404FCE4CE
:102C20003BFDEE244DFE50010F8C828D83780C12FB
:102C30001A19908A12780C1218BE8E828F83E0F5D2
:102C400008A3E0F509E4F50AF50B780C7908120FF2
:102C5000CC8C828D837808121A0A12ACE1700312B0
:102C6000B08A12B10C8E828F8302A383E0250CFC04
:102C7000A3E0350D22A3A3E0C3950CFCA3E0950DC2
:102C80002212B13AF58312AC8A2212AC8E2212AC17
:102C90009222E0F8A3E0F5838882A3A3A3A3227481
:102CA000F412103BEAFEEBFF7903EEFAEFFB122A77
:102CB0003DE9F508750900740278081218E412ACB1
:102CC000EA2508F8A3E035098882F583A3A3A3A326
:102CD000A3A3A3A37808121A1912ACE160CA02A137
:102CE000C4E5084509450A450B22EE12ACF0E02286
:102CF00012B0B03FF5832274F412103BEAFEEBFFF2
:102D0000122A3712AD0A02A1C4F9EEFAEFFB12AD96
:102D1000122212AD1622123A0F8A088B098C0A8DE4
:102D20000B22C082C0837C037D0012240102A43ADE
:102D3000C082C0837C0680F0C082C0837C0180E8B2
:102D400074E812103B74F71217DB7402121A88EA47
:102D5000F0A3EBF07E007F007402121A88E0244991
:102D6000F8A3E03400F97405121A88E8F0A3E9F03A
:102D70007405121A8812AF6B12B15E12A51CB8004E
:102D8000028004C333D8FCC0E07404121A88D0E077
:102D9000F08A828B83A3A3A3A3A3A3A3A3780C127B
:102DA0001A1912AA687810121A1912B0DA781412C5
:102DB0001A198A828B8312A6CA7407121A88E8F03D
:102DC000A3E98063121A88C082C0837401121A8832
:102DD000E0F8D083D082E028FCA3E03400FD740545
:102DE000121A8812AF62129D749CA3E09D40137862
:102DF0000812170E7406121A8812B0F912B0611276
:102E000016F37401121A88E004F07404121A88E0B0
:102E1000F87401121A88E0C398740740A7121A8840
:102E2000E028F0A3E03400F07402121A8812A461C2
:102E3000C8244B12A6C47405121A8812B078FAA3DB
:102E4000E0F5838A82A3A3C082C0837407121A8824
:102E500012B0F9D083D082C3E09AA3E09B50030262
:102E6000AF22EE75F005A4CEAAF075F008A42AFAF8
:102E700075F005EFA42A12AF43FAEE75F005A4CE63
:102E8000ACF075F008A42CFC75F005EFA42C12AF83
:102E900043540704F5F088828983A3A3A3A3A3A3C3
:102EA000A3A37808121A19E508A4332A12AF4F8594
:102EB0001882851983F012A6B17019EAF97402120A
:102EC0001A8812B0F912AD0E781012170E78081287
:102ED000170E8028E5144515451645176014C3EAFA
:102EE000948095E0400C781012170E781412170E8B
:102EF000800A781012170E780C12170E7408121A26
:102F000088E0F9740A121A8812B0F912A39B1216FB
:102F1000F38A088B098C0A8D0B7401121A88E4025B
:102F2000AE0912B06C12B08F7405121A8812AF621B
:102F3000129D84740578081219FBAA08AB0974095C
:102F400002A6DAFFEE2419FEEF3436FFEE2F22F848
:102F500074E128F582E43482F583E022850A8285D3
:102F60000B83E0F8A3E0F58388822212AF6F221270
:102F7000AF732212A465F5838882E02274EE1210EA
:102F80003BEAFEEBFF129CE0F9EE2449F510E43F2A
:102F9000F511851082F583E0129F5B780C121A19E7
:102FA000E9A2E0400E850C08850D09850E0A850F03
:102FB0000B800612B0D4121A1912AA68780C1218D3
:102FC000317006129CDC12AD09780812170EEEFA69
:102FD000EFFB1223FB74041216F385108285118314
:102FE000E012B0492402F508E43DF50912B03A2494
:102FF000FEF50AA3E034FFF50B88828983A3A3A31F
:10300000A3A3A3A3E0A2E7780A500A121716780830
:1030100012171680101217168C0A8D0B780A1217C9
:10302000160C0CAD09EEFAEFFB1229B97404121656
:10303000F385108285118302A55612B03E22EE243C
:103040004DF582E43FF583E022F8A3E0F98882F5AC
:103050008312B0ECEC22244DF582E422FDEEFAEF6F
:10306000FB1229A7740422E812B0A922E812B07258
:103070003922240DF582E422E0FAA3E0F5838A8266
:10308000E022E4F0A3F0A3F0A3F0EA12B0723BF563
:1030900083E0D2E6F02212B09A2212A71B12B0A14E
:1030A0002212B0A939F58322EA240CF582E422EA3F
:1030B0002449F582E42212B0BA2212A71BFAE922AF
:1030C00012AC8A78082212B11685128285138322E7
:1030D00012A76F2212B0DA780822EA2410F582E4EF
:1030E0003BF583228A82898312B0EC22E0FCA3E0C4
:1030F000FD2212B0563515F58312B0FD22E0FAA379
:10310000E0FB2212B0FDEA2AFAEB33228512828517
:10311000138312B1162212A53CF8A3E0F92212B1D2
:10312000222212A465C8240DF582E438F583E0D28A
:10313000E6F02212B13A12A45F22244BF510E43FCC
:10314000F51185108222EE2449F512E43FF513852E
:103150001282F583E012B1592212B15EA322FAA3C2
:10316000E0FB8A82F583A3A3A3A3A3A3A322EEFA81
:10317000EFFB1223AD74081216F3EA2AFAEB33FBC5
:103180007F0C0213A8C082C083EA24308019C08259
:10319000C083EA24328010C082C083EA24348007CE
:1031A000C082C083EA2436F582E43BF58312AF6225
:1031B000123A9E02A43AC082C083EA243880E8C052
:1031C00082C083EA243A80DF7AE87B030216DB8040
:1031D000F774E812103BA2F09200EA2449F514E4D7
:1031E0003BF515851482F58312B5912407FEE43D65
:1031F000FFEA244BF516E43BF5177418121A887889
:103200000C121A19741C121A887808121A198516C9
:103210008285178312BEB42408F582E438F58378DA
:1032200010121A19E510A2E08E828F83E05044A29A
:10323000E7500E850C10850D11850E12850F138039
:103240000C850810850911850A12850B1312B2B876
:10325000121534781012170E12B2C01216F312C3E0
:103260009912B2CBFBA2005046EA24ECFAEB34FFF1
:10327000FB8042A2E7500E850810850911850A12CD
:10328000850B13800C850C10850D11850E12850F92
:103290001312B2B8121534781012170E12B2C012EF
:1032A00016F3A20050067A147B00800912B2CBC339
:1032B00013FBEA13FA02B7ABEA12BD983BF583227F
:1032C0008C828D8312BBC812BDCB228514828515DA
:1032D0008312C394FAA3E02274E812103B8A108B85
:1032E00011EA244BF516E43511F517851682F5839E
:1032F00012C53E121A19EA244912C35BEA2407F5E3
:1033000012E43BF513E510244DF514E43511F515E1
:10331000851482F583E0FCA3E08C0CF50D750E009E
:10332000750F00780C79081219BD501D85080C85A1
:10333000090D7418121A887808121A1985128285D4
:103340001383E0A2E75046802E7808790C1218AA61
:1033500085080C85090D741C121A887808121A1930
:10336000851282851383E0A2E75004A2F05008A2E0
:10337000E7401AA2F05016780812170E8A828B8343
:10338000A3A3E0C3950CFCA3E0950D80117808126F
:10339000170E8A828B83E0250CFCA3E0350DFDAA75
:1033A00010AB1112C5161216F385168285178312FB
:1033B000C558121A19908A12780C1218BE12C76AD0
:1033C00028F8E9338808F509E4F50AF50B780C7953
:1033D00008120FCC8C828D837808121A0A12C352FD
:1033E000700312C1E312B790F8A3E0F98514828547
:1033F000158312B58802B7A374E912103BEAFEEBFD
:10340000FFA2F0920012B8C912B5A2E06005750BD8
:10341000FF8003750B01EA12B5B0F98882F583A32A
:10342000A3A3A3A3A3A3E0C3135403FA7401BA0094
:10343000028004C333DAFCF51612BD901215347401
:103440001D121A881215308882898312BBC4EEFAC5
:1034500012BDCB1216F3750A007417121A88780C75
:10346000121A1902B4F012B5BEE50AF5088882896D
:1034700083A3A3A3A3A3A3A3E0A2E74004A20050B5
:1034800031780C12170E8A828983A3A3C082C0836D
:1034900012B596121A19D083D082E0C39510F8A302
:1034A000E09511F9E8C39508FCE9940012C51112E2
:1034B00016F312B5BEE98882F583A3A3A3A3A3A341
:1034C000A3E0A2E75004A2005024780C12170E12B9
:1034D000B596121A1989838A82E02510F8A3E0357F
:1034E00011F9E82508FCE43912C5111216F3050A92
:1034F000E50AC39516500302B466851482851583C8
:1035000012B5912404F8E43DF9E8FAE50BF5083327
:1035100095E0F509F50AF50B888289837808121978
:10352000438A828983121A71E8494A4B700A12C38E
:1035300048E412B8C112C39F12C76AFAE9FB12BD70
:1035400090A81612BBCEE4F50AF50B8A828983A3F4
:10355000A3A3A378081219AD400CEA240CF582E469
:103560003BF5837401F0EE12B5B0F5838882A3A316
:10357000A3A312BBDA12BD9012B588FB120DF8E8B6
:10358000FAE9FB7F0F0213A812C366EA2AFAEB33AB
:103590002212BBC8EC2285148285158312BEBD7829
:1035A0001022F58312BEB4240CF582E438F5832290
:1035B00012B5B4222449F582E43F12B78922EE12F3
:1035C000B5B4F9E8FA2274E812103B74FD1217DB67
:1035D0008A108B11EA12B77A12C75312C1C7B8000A
:1035E000028004C333D8FC851882851983F0C33365
:1035F000C0E07402121A88D0E012C1827402121A5A
:1036000088E028C0E07401121A88D0E0F0EA244B68
:10361000F582E43511F58312B8D6121A1974011225
:103620001A88E0F508E4F509F50AF50B780C790835
:10363000120FCCAE08AF09751200751300741F127B
:103640001A887814121A197423121A88780C121A0C
:1036500019802A12170E8A828983A3A3E0C39512C8
:10366000FCA3E09513FDAA10AB1112C5161216F3B8
:103670000512E512700205130EEE70010FE510122F
:10368000BD983511F58312BD0FC3E5129508E513FA
:103690009509400302B721EEF8EFF97401121A8878
:1036A000E0FA7B00120DF88A088B09AE08AF098595
:1036B0000C08850D09850E0A850F0B851882851962
:1036C00083E0F8EA98EB9400500C741B121A887887
:1036D00008121A19801B7402121A88E0F8C3EA98BB
:1036E000EB9400500C85140885150985160A85177A
:1036F0000BE51012B77AF9E8FAE98882F583A3A3FB
:10370000A3A3A3A3A3E0A2E77808400302B6531241
:10371000170E8A828983E02512FCA3E0351302B6D6
:1037200065E510244B12C35BEA2404F8E43BF9E896
:10373000FC908A12780C121A198C828983780C12E8
:1037400019438C828983780C121A19E4F50AF50B57
:10375000780C7908120FCC12C352700312C1E31215
:10376000B790F508A3E0F509740478081219FBAACC
:1037700008AB0974031216F3803112B77E22244974
:10378000F582E4351112B78922F583E0F8A3E0222F
:10379000E51012B77EF5838882A3A3A3A3E022E0FD
:1037A000FAA3E0FB120DF8E8FAE9FB7F100213A878
:1037B00074E812103BEAFEEBFF12C3C4F50AE43FC3
:1037C000F50B12B8C9F58312BEB9121A71E8494A4D
:1037D0004B600302B87D850A82850B831215347411
:1037E0001E121A8812153085168285178312BEE2C2
:1037F0001216F3850A82850B8312BD0F74027808B6
:103800001219FBE5082401FAE43509FB901B50125C
:10381000C77075F005A4C8ACF075F008A42CFC7551
:10382000F005E9A42CF9E82419F8E93436F9901BDD
:1038300050E8F0A312B8C012BD0F8A108B11E4F546
:1038400012F513901B5012C36C120ED47410781022
:10385000121792E5102AFAE5113BFB8508828509CB
:1038600083A3A3A3A3EAF0A3EB12BBBFA3F0E508D5
:10387000240DF582E43509F583E0D2E6F0850A826D
:10388000850B8312C51C122A497418121A88121546
:103890003085168285178312C18C12C3AF1216F3BE
:1038A0009089CA780C121A1985148285158312B86A
:1038B000D612194312C386850A82850B8302B79FED
:1038C000E9F085148285158322EA244BF514E43F40
:1038D000F5158514822212BEBD780C22C082C083E9
:1038E000EA2449F582E43B12B5A21215301223CB2B
:1038F00074041216F3D083D0820216DB74E812101F
:103900003B74ED1217DB7405121A88EAF0A3EBF092
:103910007405121A8812C1D9740B121A88E8F0A320
:10392000E9F0740B121A8812C18C12BECEC4540F67
:103930005407C0E07404121A88D0E0F0F8747E28AE
:10394000F582E43488F583E0C0E07401121A88D06F
:10395000E0F0748628F582E43488F583E0851882E7
:10396000851983F0742B121A887808121A198508A1
:103970000C85090D850A0E850B0F7418780C12172B
:10398000927411121A8812BBBD85080C85090D8529
:103990000A0E850B0F7410780C121792740F121AFE
:1039A0008812BBBD850911E511F510740D121A8836
:1039B000E50812BBBF8A82898312BBDA7402121A2D
:1039C00088E8F0A3E902BB357409121A88ED12BB2E
:1039D000BFECF87407121A88E812BBBFEBF50EEAC9
:1039E000F5127411121A88C082C0837409121A88E1
:1039F00012BBDAD083D082E0C398FEA3E099FF74B3
:103A00000F121A88C082C0837407121A88E0F8D097
:103A100083D08212BBCEE510C3950EF50A95E0F572
:103A20000B740D121A88E0C39512F50CA3E09400F4
:103A3000F50DEEFAEFFB12BBAD40248E148F15741A
:103A400001121A88E0781412198D8E168F178518B6
:103A500082851983E0781612198DE5142516FEAAC1
:103A600008AB0912BBAD4023850814850915740104
:103A7000121A88E0781412198D851882851983E04E
:103A8000780812198DE5142508F508AA0AAB0B125F
:103A9000BBAD4023850A14850B157401121A88E00A
:103AA000781412198D851882851983E0780A121905
:103AB0008DE514250AF50AAA0CAB0D12BBAD402307
:103AC000850C14850D157401121A88E078141219EA
:103AD0008D851882851983E0780C12198DE51425DF
:103AE0000CF50C7409121A88E02EF51478141217CC
:103AF0001AE512250CF50C780C12171AE50E250A9A
:103B0000F50A780A12171A740A121A88E02508F9B9
:103B10007405121A8812BBC47408121A8812C36280
:103B20001229AD74031216F37402121A88E02401EC
:103B3000F0A3E03400F0740B121A8812C38112C58E
:103B40002BC082C0837402121A8812BBDAD083D0D1
:103B500082C3E098A3E099404F7402121A8812BB06
:103B6000C47405121A8812C362123A5D8A088B095E
:103B70008C0A8D0B7404121A88E0600302B9C874B1
:103B80000178081217929089FE780812190A7808AD
:103B900012170E7406121A8812BBC47409121A88FE
:103BA00012C1D01216F38080741302B775123A87CF
:103BB000C3EA9403EB9400A2D265D03322E50CF063
:103BC000A3E4F02212BBC822E0FCA3E0FD22E0C384
:103BD00098F508A3E09400F5092212B78BF9227436
:103BE000F612103B74FC1217DBE9FE750804750928
:103BF00000780812171674141217AB880889097810
:103C00000812171674121217AB880889097808125F
:103C10001716EEF974061217BB1223D77406121684
:103C2000F3851882851983121A4D74041216F37FD6
:103C3000020213A874EE12103BECFEEDFF890E7425
:103C400012121A8812BD0F7416121A88E0F50CA30E
:103C5000E0F50DE9701512BD03120DF8880A890B05
:103C6000780A121716AC08AD0980247414121A8849
:103C7000E0F50AA3E0F50B74FF69702112BD031291
:103C80000DF8880889097808121716AC0AAD0BEEF2
:103C9000FAEFFB1229B374021216F3805D7C007DEB
:103CA00000804EE5082CF582E5093DF583E0F50F2F
:103CB000A80EE50A2CF582E50B3DF583E0AA0FC3BB
:103CC0009AF51095E0F511E88510F0A4C8AAF085E2
:103CD00011F0A42AF97A007B01120DF0E8250FC03B
:103CE000E0EE2CF582EF3DF583D0E0F00CEC7001B6
:103CF0000DC3EC950CED950D40A9EEFAEFFB7F0A94
:103D00000213A8122A01E9FAA80CA90D7B0022E0EF
:103D1000F508A3E0F5092274F212103BEAFEEBFF6E
:103D20001223C5EE2449F8E43F8808F5097903EE2B
:103D3000FAEFFB122A3DE970428508828509831259
:103D4000C1BDB800028004C333D8FCF50A750B006E
:103D500012BD9012BD9E780A1217167410121A889E
:103D600012153085088285098312BDC11216F3EE43
:103D7000244BF582E43FF58312C39F8508828509B1
:103D80008312C54A1219FBAA08AB097F060213A8C1
:103D9000EE12BD983FF58322244DF582E422E0C364
:103DA000950AF8A3E012BDA9229400F9E82401FCC9
:103DB000E439FDEEFAEFFB122A49228510828511C3
:103DC0008312C19012C3B812BDCB22123A69740695
:103DD0002274EC12103BEAFEEBFFEA12C780EA12F3
:103DE000C74AEA244BF508E43FF5097414121A880F
:103DF000780C121A1985088285098312BEB9121A25
:103E000071E8494A4B701A85128285138312153462
:103E1000780C12170E85108285118312BEE21216DD
:103E2000F385108285118312BECEC3135403F87438
:103E300001B800028004C333D8FCF50A750B007882
:103E40000A121716780C12170E8A82898312C3621F
:103E500012BEA212BDC41216F385128285138312FC
:103E6000BD9E12BEA2EAF0A3EBF0780A12171674F8
:103E70001A121A8812153012BDBB1216F385088269
:103E800085098312C39F85108285118312BEB912E2
:103E9000BD0F740578081219FBAA08AB097F0C0244
:103EA00013A885088285098312BEB4240EF582E426
:103EB00038F5832212B78BC82212BEBD2212BEC1B2
:103EC00022E0F8A3E0F5838882A3A3A3A32212B77C
:103ED0008BF9E8FAE98882F583A3A3A3A3A3A3A39C
:103EE000E02212C19012C52012BDCB2274E812103C
:103EF0003B74F41217DB7401121A88EAF0A3EBF09A
:103F00007401121A8812C1D97404121A88E8F0A335
:103F1000E9F07404121A8812C18C12C1BDB80002F3
:103F20008004C333D8FC851882851983F07403128A
:103F30001A88E4F004121A88E0244DF8A3E0340053
:103F4000F9740A121A88E8F0A3E9F07401121A88C9
:103F5000E0244BF8A3E03400F97408121A88E8F062
:103F6000A3E9F07428121A88780C121A19742C120A
:103F70001A887810121A198062121A88121530885D
:103F8000828983E02CFCA3E03DFD7405121A88129F
:103F9000C1D01216F3780C12170E7408121A881278
:103FA000C1992EFCA3E03FFD7405121A8812C1D0FE
:103FB0001216F3781012170E7408121A8812C1998B
:103FC0002508FCA3E03509FD7405121A8812C1D03A
:103FD0001216F37403121A88E004F07408121A8897
:103FE00012C1A2E8FAE9FB8882F583A3A3A3A37810
:103FF00008121A19740A121A8812C1A27406121A27
:1040000088E8F0A3E912C1827403121A88E0C39809
:10401000400302C0ECE0F514E4F515F516F5177849
:104020000879141218D17406121A88E0F514A3E066
:10403000F51578087914120FCCAC14AD15851882DB
:10404000851983E0F8EC28F8E43DF97406121A8823
:1040500012C362120DF88A088B09AE08AF098518E1
:1040600082851983E0F8EA28F8E43BF97406121A0D
:104070008812C362120DF88A088B097404121A8818
:1040800012C1A28882F583A3A3A3A3A3A3A3E0A242
:10409000E77424400302BF79121A8812153088820F
:1040A0008983A3A3E0C39CFCA3E09DFD7405121AC1
:1040B0008812C1D01216F3780C12170E7408121A57
:1040C0008812C1B29EFCA3E09FFD7405121A8812EB
:1040D000C1D01216F3781012170E7408121A881233
:1040E000C1B29508FCA3E0950902BFC77406121A75
:1040F0008812C374851882851983E075F003A4F5CE
:1041000010A8F0E428F5113395E0F512F5137808BE
:1041100079101218D17808790C121807700312C19F
:10412000E37408121A8812C3812404F8A3E034004F
:10413000F9E8FCE9FD740A121A8812C381FAA3E0B7
:10414000FB8C828983780C121A19908A12780C12CF
:1041500018BE8A088B09E4F50AF50B780C79081269
:104160000FCC8C828D837808121A0A7404121A8874
:1041700012C18C12C38C120DF8E8FAE9FB740C0220
:10418000B775F0851882851983E0F82212C1902254
:10419000E0F8A3E0F58388822212C1A7F583888224
:1041A000E02212C1A7F92212B78BF583888212B7D9
:1041B0008B2212C19012C190A3A3E0C32212B78B2D
:1041C00012C75712C1C722E0C3135403F874012267
:1041D00012C3661229A7740422E02449F8A3E0342C
:1041E00000F922EA240DF582E43BF583E0D2E6F003
:1041F0002274E812103BEAFEEBFF12B8C912C8E6BF
:10420000780C121A19908A027808121A19780C7907
:1042100008120FCCE508F812C3C4F50EE43FF50F01
:10422000E8C39408400302C2E1E8A2E04004741C21
:1042300080027418121A887808121A19EC2404FAE9
:10424000E43D8A82F5837810121A1985100C8511C5
:104250000DAA0CAB0D908A1278101218BE850E8232
:10426000850F8312C36C120FCC85168285178312BB
:10427000C770FCE98882F583A3A3A3A3A3A3A3E04B
:10428000A2E77808502D12170E8C828983A3A3E031
:10429000C39AFCA3E09B12C5111216F378081217FB
:1042A0000E85168285178312C1B5950CFCA3E09587
:1042B0000D802212170E8C82898312C3AF1216F35F
:1042C000780812170E85168285178312C381250C74
:1042D000FCA3E0350D12C5111216F37A1E7B008087
:1042E00064EC2404FAE43DFB8A82F5837810121A08
:1042F00019908A1278101218BE850E82850F8312CB
:10430000C53178107908120FCC8A828B8378081215
:104310001A0A12C352701B12C348E0F9EEFAEFFBFF
:10432000122A3185148285158312B5A412B8C012E1
:10433000C39F12C386850E82850F8312C362120D3E
:10434000F8E8FAE9FB02B7ABEC240CF582E43DF5A2
:104350008322E5084509450A450B22F582E435111B
:10436000F58312C36622E0FAA3E0FB2212C374783D
:1043700010790C22E0F50CA3E0F50DE4F50EF50F35
:104380002212C190E02285168285178312C394F809
:10439000A3E0F92212BEC1E022851682851783129E
:1043A000BEB4240DF582E438F583E0D2E6F02212A3
:1043B000C3B81229A7740422E02AFCA3E03BFDEE57
:1043C000FAEFFB22EA2449F516E43FF517EA244DFB
:1043D0002274EA12103BEAFEEBFFEA12C776FAA358
:1043E000E0FBEA2407FCE43BFDEE244BF512E43F3E
:1043F000F5138C828D8312C761B800028004C33329
:10440000D8FCC0E085128285138312C53E121A19AA
:10441000D0E0550860187416121A887808121A1914
:1044200085080C85090D850A0E850B0F800A741A04
:10443000121A88780C121A198A828B83E0F514A359
:10444000E0F515E5142401FAE43515FBEE244DF5ED
:1044500008E43FF509850882F583E024FFF8A3E02E
:1044600034FFF98C828D83E0A2E7880A890B780AF1
:10447000502C1217168A0A8B0B780A121716AC14D6
:10448000AD15EEFAEFFB1229B974041216F3780C8D
:1044900012170E85108285118312C52A80261217E5
:1044A000167814121716EAFCEBFDEEFAEFFB122950
:1044B000B974041216F3780C12170E851082851148
:1044C0008312C18C12C51C12C5161216F3851282F6
:1044D00085138312C558121A19908A12780C121873
:1044E000BE85088285098312C531780C7908120FC0
:1044F000CC8C828D837808121A0A12C35270031270
:10450000C1E312C5441219FBAA08AB097F0E0213BE
:10451000A8FDEEFAEFFB1229A774042212C520228F
:10452000E0FCA3E0FDEEFAEFFB22E012C191A3A3B1
:1045300022E0F508A3E0F509E4F50AF50B2212BE26
:10454000BD78082285108285118312C394F508A3D3
:10455000E0F509740478082212C366EA2404FCE436
:104560003BFD8C82F583780C2274E812103BEAFE46
:10457000EBFF1223C58E828F8312C381F508A3E05F
:10458000F509EEFAEFFB122A01E9FAEE12C776F806
:10459000A3E0F9EAF50A750B0088828983A3A312C8
:1045A000B5918AF0A4FCAAF0850AF0EDA42AFD8852
:1045B00082898312C770850AF0A4F8AAF0850AF0F0
:1045C000E9A42AF9E8250AF8E439F9800DEA850C0E
:1045D00082850D83F008E8700109C3E89CE99D50CD
:1045E0005FE50828FAE509398A0CF50DE8C3950A54
:1045F000FAE99400FBE5082AF582E5093BF583E03A
:104600001313543FFA850C82850D83E0F50EEA25DD
:104610000EFAE43400FBE8250AF50EE439F50FE55F
:1046200008250EF582E509350FF583E01313543F95
:10463000F50EEA250EFAE43B9401409174FF808E5A
:1046400085108285118312B78B12C75312C761B8C8
:1046500000028004C333D8FCF8F508750900EE2485
:104660004BF516E43FF517EE12C74A7418121A8874
:10467000780C121A19EE243FF582E43FF583E075B9
:104680000A00600302C70F8044E8FAE9FBC3E50AA9
:104690009AE50B9B400302C73D790AEEFAEFFB1245
:1046A0002A3DE97020851282851383E0C3950812A4
:1046B000BDA27808121716780C12170E12BDBB1285
:1046C00016F312C399050AE50A7002050B851282DA
:1046D00085138312BBDA7A147B00120DF8E894027A
:1046E000E9940050A47A017B0080A2ECC39508F8FD
:1046F000ED12BDA97808121716780C12170E12BD0C
:10470000BB1216F312C399050AE50A7002050B8560
:10471000128285138312B591F8EDF97A0A7B0012A3
:104720000DF8E89402E9940050067A017B008004B9
:10473000E8FAE9FBC3E50A9AE50B9B40AE12C544D3
:104740001219FBAA08AB0902B7AB244DF512E43FDE
:10475000F5132212C75722C82407F582E438F583DF
:1047600022E0C3135403F874022285148285158352
:1047700012B78BF9E82212C780851082F583E022F8
:104780002449F510E43FF5112274E812103B8A1415
:104790008B15ECFAEDFBE5142449F516E43515F517
:1047A0001785168212C8E67810121A198510088526
:1047B000110985120A85130B74187808121792E5EF
:1047C00008F50C85100885110985120AF50B74107F
:1047D0007808121792E508FEE511F50BE510F50AC9
:1047E000E50BC3950A4004AF0B8002AF0AEEC39FEE
:1047F00050028F08E50CC39508500E8F10EEC3953C
:104800001040048E0980028F09A8097900120DF06A
:10481000E8F50D8C828D83E0F50EA3E0F50F802F77
:104820007900EBF512781212171AEAF512781212C3
:10483000171A781112171AAC0EAD0FAA14AB151275
:1048400029AD74031216F3050EE50E7002050F85EF
:10485000168285178312C52AC3E0950EA3E0950F33
:104860004067A90DAA14AB15122A3DE9F8E50CC35F
:104870009895E0C312BBB54009E9FAE50CC39AFB71
:1048800080027B00E50AC39895E0C312BBB54009DE
:10489000E9FAE50AC39AFA80027A00E50BC3989513
:1048A000E0C312BBB5400AE9FCE50BC39CF51180DF
:1048B00003751100EEC39895E0C312BBB550030217
:1048C000C820EEC398F902C822E514244BF582E40F
:1048D0003515F58312C39F12C386E51412BD9835B2
:1048E00015F58302B79FF58312BBC88C82F583A3AD
:1048F000A3A3A3A3A3A3A32274F212103BE912CD96
:10490000FBF8740839F9E82407FEE439FFEE2406C1
:10491000FAE43F8A08F5098A82F583E0A2E55003AC
:1049200002C9A4EE2404FAE43F8A0CF50D8A82F54C
:1049300083E0FA74FF6A6003EA7009EEFAEFFB1293
:104940001ECD8060D2F0850882850983E0A2E03028
:10495000F001B3E433FAA2E0E054FE4AF0A2E0E44E
:1049600033FAE0A2E45007EAA2E0B3E433FA888223
:104970008983A3A3E0F91204DB850C82850D83E013
:10498000F8850882850983E0A2E050048808800445
:10499000E8F4F508A908EEFAEFFB121ED3EEFAEFE1
:1049A000FB121EC77F060213A874F612103B89097A
:1049B000750800800AA3A312CDF4121EC105089049
:1049C0000932E0F8E508C398502BE50812D831A267
:1049D000E75022547F641970E4EA2407FEE43BFFA9
:1049E000E5097C0060CF8E828F83A3A3A3A3E0F9A7
:1049F0001228E780C87F020213A874F712103BEC5C
:104A00006008900845E0A2E64003121EC102D816D5
:104A100074F412103BEAFEEBFF890912CB16F9EC95
:104A2000600302CAAA8A828B83A3A3A3A3A3E0FC88
:104A30007D00604288828983A3A3A3A3E0F50AFADC
:104A4000A809C395095005E8C39A8003EAC398F5FD
:104A50000A95E0F50BEC850AF0A4CCA8F0850BF0E4
:104A6000A428FDECF8EDF97AFF7B00120DF8880A16
:104A7000890BAC0AAD0BEC4D6030E509600674FFA4
:104A800065097004790180027900750A00780A12BC
:104A9000171AE9F50A780A12171AA909EEFAEFFBB4
:104AA0001228F374021216F3800B7C01A909EEFAA6
:104AB000EFFB1228E77F040213A874F512103B12D3
:104AC000CB108808F5091228EDE5082405F8E4352F
:104AD00009F9FBE50A600888828983E0F980237977
:104AE00000850882850983A3A3A3A3A3A3E0A2E171
:104AF0004010850882850983A3A3A3A3E088828B45
:104B000083F07C00EEFAEFFB1228DB7F030213A890
:104B1000EAFEEBFF890AEA2407F8E43F2274E81270
:104B2000103B74F91217DB8A0A8B0B89098C08EA8F
:104B30002407FEE4350BFFEA240FF582E4350BF57C
:104B400083E0F50CA3E0F50DEE240612D369C4133F
:104B500054076401F511851882851983E9F0EE2464
:104B600007F516E43FF517851682F58312CDE1703F
:104B7000608910E0540FF514E51412CDFBF50E74A6
:104B80000839F50F850E82F583E0547FFA850A8295
:104B9000850B83A3E0F91224D3E96010E50E240EFF
:104BA000F582E4350FF58312D65D600D74FF251490
:104BB000F51412D42B401180BFA914122905E9FA6B
:104BC000A909121C69E9F510851882851983E51079
:104BD000F0EE2404F514E43FF515851482F583E521
:104BE00009F0851282851383E0C2E0F0850C82858E
:104BF0000D83A3A3E0F8602F851882851983E060F8
:104C000026FAE83395E0F9EA28F8E439F9C3940183
:104C1000A2D265D033400474FF800BC3E912D42CB8
:104C20005003E48001E8F0850C82850D83A312CD4A
:104C3000EAF9E8C399400D850C82850D8312CDEA0F
:104C4000C3985002E8F0E511A2E0500F12CDF41223
:104C50001ED3EEFAEFFB121ECD80178E828F83E0FB
:104C600012D825600DAC18AD197900AA0AAB0B1249
:104C70003A9E750C00C200851882851983E0C394A2
:104C8000025004E4F0800CE0C394FE400874FFF08E
:104C9000750C01D200E50A2402F50EE4350BF50F80
:104CA000851282851383E0A2E35018E511A2E0503B
:104CB00012A200B3E433FC850E82850F8312CDF47B
:104CC0001228D5851282851383E0A2E45009E50CF1
:104CD000A2E0B3E433F50CE511A2E05023AA0C8561
:104CE0000E82850F83E0F91204DBA200500B8512BF
:104CF00082851383E0A2E35007EEFAEFFB121EC792
:104D000090085FE0FE851482851583E0FA850A82AB
:104D1000850B83A3E0F91226058516828517831279
:104D2000CDE17005EE90085FF0851682851783E06F
:104D3000F8C4540F54036401706474011217B374FF
:104D40000F58F9121D5FE960557406121A88E0A227
:104D5000E550277401121A88E0F9122905E9F9AC27
:104D6000087401121A88E012CE1E7402121A8812F8
:104D7000CE137403121A8812CE137406121A88E026
:104D8000A2E350087404121A8812CE137406121A81
:104D900088E0A2E450087405121A8812CE13851612
:104DA00082851783E0540FF9E508600A908AB212F1
:104DB00015307A04801990085FE06E700A908A9E20
:104DC0001215307A018008908A1E1215307A02126C
:104DD00024FD74041216F374071216F37F100213E5
:104DE000A8E0C4540F5403640222E0F885188285B9
:104DF0001983E022E0F9EEFAEFFB22F83395E0F9AF
:104E0000E875F01AA4F8AAF075F01AE9A42AF97462
:104E1000622822E0FFF9122905E9F9AC08EF75F0E4
:104E20001AA4FAABF074622AFA74083BFB1228E762
:104E30002274F412103B12D499FAA3E0FBEA240482
:104E400050010BF5088B09F582850983E0FEA3E08C
:104E5000FFE82407500109F50A890B7A01F582124F
:104E6000CE967A02850A8212CE96EE4F6025EEFA31
:104E7000EFFB1227D3850882850983E4F0A3F09025
:104E80008A2E1215307A04850A82850B8312DD95ED
:104E90001216F302CAB5850B83E0540FF9122503ED
:104EA0002274E812103B74FF1217DB8A088B098901
:104EB0000AECFEEDFFEA2407F516E43509F5177450
:104EC0001A121A88E06024851882851983E9F0ACEB
:104ED00018AD191228F9851882851983E0600C85B0
:104EE0001682851783A3A3A3A3A3F0851682851733
:104EF00083A3A3A3A3E0F8650A700AAA08AB09126A
:104F000028ED02D09C880BE508240FF514E4350940
:104F1000F51585148212D0A12404F50CE439F50DA1
:104F2000850C82F583E0F508A3E0F509E50845095D
:104F300070347A0C7B001227CD8A088B09EA4B70FB
:104F40000F750C00750D00750E00750F0002CFDD9A
:104F50007C0C7D007900122719850C82850D83E574
:104F600008F0A3E509F0850B0CE4F50DF50EF50F3F
:104F7000908A167810121A19780C7910120ED485AE
:104F80000882850983A3E50CF0A3E50DF0A3E50EE7
:104F9000F0A3E50FF0850882850983E50AF0E508AE
:104FA000240BF582E43509F583E50AC3950B500B14
:104FB000E50BC3950AF8E0C2E08009E50AC3950B4A
:104FC000F8E0D2E0F0880CE4F50DF50EF50F908ACC
:104FD000167810121A19780C7910120ED4EE75F09A
:104FE00064A4FEA8F075F064EFA428FFEEF8EFF9D2
:104FF0007A147B00120DF8E849600A74FF687003A8
:1050000074FF69700478017900851482851583E046
:10501000FAA3E0F5838A82A3A3A3A312D7AF8A825F
:10502000F583A3A3A3A3A3A3A3A3A3E8F0A3E9F0F9
:105030007419121A88E0FC12D3ACECA2E0E433330A
:10504000FCE054FD4CF088108911E4F512F513785A
:105050000C7910120FCCEA2405F8E43BF9E8FAE9E0
:105060008882F583780C121A0AE50C450D450E4529
:105070000F700E8A8289837401F0A3E4F0A3F0A379
:10508000F0908A9A1215307A01851682851783A3CB
:10509000A3A3A3A3A3A312D35F1216F3740102CD9B
:1050A000D9F583E0F8A3E0F9E822C082C08312D4E6
:1050B000A512D352F8A3E0F9E8496024E8240BF5DF
:1050C00082E439F583E0A2E150168C828D83E0F80A
:1050D00074FE68700474FF80067401687002E4F066
:1050E00002D38774E912103B74FB1217DB890F8A15
:1050F000168C0AEA12D666F9EE240F12D369FAA3C7
:10510000E0FBEA2403F508E43BF509EC5401F50E55
:105110007402650F7017850882850983E0A2E1405B
:1051200009A90EEEFAEFFB1228E102D33CE82407AE
:10513000F50CE439F50D8E828F83A385821085836B
:10514000117401650F700302D1CBE50F600302D328
:105150003CEC5404605688828983A3A3A3A3A3A331
:10516000E0A2E6504788828983A3A3A3A3E0FA883C
:10517000828983A3A3A3A3A3E0F9E404121A88EA13
:10518000F0A3E9F0A3E4F0A3F0850C82850D83126F
:10519000D65D70047A0180027A0074011217BB7B1D
:1051A00004851082851183E0F9122551EE2413F550
:1051B00082E43F12D0A149600FAB0E7A00851082C5
:1051C000851183E0F912263B02D33CEC54027003B4
:1051D00002D264751401751500E078141218E49079
:1051E000076EE055146038850C82850D83E02440FD
:1051F000F054C064C0701212D346D2E1F0A2E0E4D1
:1052000033F9EEFAEFFB122911908A2E1215307A3B
:1052100002850C82850D8312D35F1216F3803B85C5
:105220000882850983E0A2E2500EA2E3E433F9EE9E
:10523000FAEFFB1228E18016A2E15012D2F0A2E0B0
:1052400030F001B3E433F8A2E0E054FE48F0850CFE
:1052500082850D8312D346C2E1F0850882850983D9
:10526000E0C2E2F0E50AA2E0400302D33C851282EC
:1052700085138312D352FAA3E0FBEA4B700302D3E7
:105280003CEA2409F8E43BF98882F583E0FCA3E0DA
:10529000FDEC4D600D88828983E024FFF0A3E034AB
:1052A000FFF08882898312D0A3498A828B8370059C
:1052B00012D64E8053A3AC82AD8312D3ACE0A2E0F1
:1052C0008A828B83A3A3A3A3A37808121A198C82C2
:1052D0008D837808500512194380031218468C827A
:1052E0008D837810121A19908A167808121A197874
:1052F000107908120FCC851882851983E510F0F813
:105300008A828B83E0687014AC18AD19EEFAEFFB5B
:105310001228F9EEFAEFFB1228ED8012908A9A1209
:1053200015307A01A9161224F174041216F37C01C7
:1053300085188285198312CDF41228E77405121698
:10534000F37F0F0213A8E0543FF08508828509839C
:10535000E02212D3562212DDA7A3A3A3A3E022E0EA
:10536000540FF91224F1740422F512E43FF5138569
:105370001282F583E022C082C083E975F01AA4F896
:10538000A9F012D7BDE0F9D083D0820216DBC0822B
:10539000C083E975F01AA4F8A9F0746228FA7408B9
:1053A00039FB12D81B700312D3AC80D9EA240BF559
:1053B00082E43BF5832274F512103B12CB10F97591
:1053C00009008882F583A3A3A3A3E0FCE50A702764
:1053D00074FF6C70057508008023ECFA74FFC39AA3
:1053E000FA95E0FBC3EA9414EB12D42C500575082F
:1053F000FF801E74148017EC70087508FF75090192
:10540000800FC394145005750800800574EC2CF5CA
:105410000888828983A3A3A3A3A3E508F0EEFAEF8B
:10542000FB1228EDAC09A90802CB04C39400A2D258
:1054300065D0332274F712103BE9FE12D499FCA315
:10544000E0FDE82406F582E439F583E0A2E150416D
:10545000A2E75036EC2403F582E43DF583EEA2E0AA
:10546000E092E3F0D2E2F0E82407F8500109F58277
:105470008983E0543FF0908A4E1215307A02888278
:10548000898312D35F1216F3800CEEF91228E180A3
:1054900005790012291102D816EA2407F8E43BF92D
:1054A00012D4A5E022EA240FF582E43BF5832274AE
:1054B000F012103B74FB1217DB89088B09E912D636
:1054C00066880AF50B7415121A88E0F50CA3E0F54E
:1054D0000D7417121A8812D7AF8C0E8D0F780E121A
:1054E0001310000003000800F4D414001DD50003BD
:1054F00033D527D5E50C450D702DE509700302D590
:10550000CC74026509600302D5D174086C4D7067D4
:10551000E50C450D70118A828B83E08078745565A7
:105520000C7002E50D60D3790074051216F37F0844
:105530000213A8850A82850B83A3A3A3A3A3A3A315
:1055400012D65D70E27419121A881215348A0A8B09
:105550000B780A121716780C121716AB097C007D0F
:10556000038E828F83E0547FFAA908121D9B740674
:105570001216F3E9F980B2740C6C4D70AA7455657B
:105580000C450D70A28A828B83780C121A19780C44
:10559000120D28E50CF9850A82850B83A3A3A3A32A
:1055A000A3A3E0A2E1501C850A82850B83A3A3A3D9
:1055B000A3E0700FE9850A82850B83A3A3A3A3A3AD
:1055C000F080097C01EEFAEFFB1228E7790102D5A1
:1055D0002974016509600302D5277455650C450DD2
:1055E0007042850A82850B83A3A3A3A3E0F50CE494
:1055F000F50DF50EF50F780C120F6F7401121A8865
:10560000780C121A0A74011217AB880C890D750EEA
:1056100000780C1217127C047D0012270D740312FF
:1056200016F380A8E50C450D600302D527850A8294
:10563000850B83A3A3A3A312D64EA818A919880C7F
:10564000890D750E00780C1217127C0180CAE08556
:105650001882851983F022851682851783E0C45449
:105660000F540364012275F01AA4F8A9F07462289B
:10567000FE740839FFEE12CB172274F212103B743D
:10568000F21217DB890A8A0BE975F01AA4F8A9F05F
:10569000746228F582740839F583E5822407F508D9
:1056A000E43583F509A3AE82AF83750C00780C1244
:1056B000171A750C01780C12171AE5082404F50C5A
:1056C000E43509F50D780C121716750C20780C12BC
:1056D000171A7C007D007A087B008E828F83E0F9A8
:1056E00012266B74051216F37480650B600302D7E3
:1056F000A3850882850983A3A3A3A3A3A3A312D68A
:105700005D600302D7A374081217B3A90A121D5FC4
:10571000E9700302D7A3740D121A88E0A2E54003D2
:1057200002D7A37408121A8812D7B5C0E074061203
:105730001A88D0E0F07409121A8812D7B5C0E07444
:1057400005121A88D0E0F0740A121A8812D7B5C070
:10575000E07404121A88D0E0F07402121A88E4F09F
:10576000A3F0851882851983F0A3F07404121A88B7
:10577000740412153874041217BB74061217B3128E
:105780001D3B74041216F3851882851983E0FCA36F
:10579000E0FD7402121A8812D7AF8E828F83E0F96F
:1057A000121D8F7A007B00740E1216F302C9A4E05A
:1057B000FAA3E0FB2212DD6912D7BDE022746D2846
:1057C000F582740839F5832274F712103BE9FF8AD9
:1057D000087E0080010E900932E0F8EEC398503246
:1057E000EE12D831547F650870EBA3E06F70E67459
:1057F00009121A8812DD9FEEF012D81B700312D323
:10580000ACE06004780180027800E88C828D83F03F
:1058100080047A007B007F010213A812D4A512D362
:105820005612D82522F8A3E08882F583E5824583C5
:105830002275F01AA4F8A9F0746228FA740839FBEA
:105840008A82F583E02274E812103B74F51217DBAC
:105850007409121A88EBF07408121A88ECF0891394
:105860008A127A067B001227CD8A0A8B0BEA4B70CC
:105870000302DD647C067D0079001227199009324D
:1058800012DD69747128F582740839F583E0FEA38E
:10589000E0FF900932E0F91224DF8A148B15AA1276
:1058A000744F2AF582E43408F583E0F50885148204
:1058B0008B83A3EAF08514828B83E0C2E7F0A3A375
:1058C000E508F0747F55138514828B83F09088432C
:1058D000E5142411FCE43515FD7409121657E5147E
:1058E0002407F8E43515F97406121A88E8F0A3E9DC
:1058F000F07406121A88E02402F50EA3E03400F5D5
:105900000F850E82F583EEF0A3EFF0E514240FF57A
:1059100082E43515F583E50AF0A3E50BF074572A08
:10592000F582E43408F583E08514828B83A3A3A376
:10593000F0750C01750D00EA780C1218E4E50CF511
:10594000097406121A88E02407F516A3E03400F55E
:1059500017900932E0540FF8851682851783E054BA
:10596000F048F074196513600A741A6513600478BE
:1059700001800278007406121A88E02406FEA3E073
:105980003400FFE8C43354E0F88E828F83E054DFA4
:1059900048F8F0900837E05509600C90083BE05556
:1059A000096004740180027400C333F974FD58491E
:1059B0008E828F83F07406121A88E02404F8A3E024
:1059C0003400F97404121A88E8F0A3E9F0740412A0
:1059D0001A8812DD9F74FFF0EA75F005A4FAABF0A7
:1059E000744C2AF58274813BF583E0F8C3948040BF
:1059F00007747F58F50C8003750C007408121A8820
:105A0000E0A2E04040E50C64026008A912121D2FDC
:105A1000E96032851682851783E054CF4410F08EFA
:105A2000828F83E0D2E5F07406121A8812DDB0A3EB
:105A3000F0850E82850F83F0A3F07404121A881289
:105A4000DD9FE48029E50C6026C3940695E0C365DC
:105A5000D033501B851682851783E054CF4420F045
:105A6000E5142413F582E43515F583E4F0A3F08EF4
:105A7000828F83E0A2E1501090085FE05509700822
:105A80007404121A8812DDB07406121A88E0240514
:105A9000F510A3E03400F511851082F58374FFF052
:105AA0007409121A88E0C0E0740A121A88D0E0F073
:105AB000E508A2E65004D2F08002C2F0A2F0E4337E
:105AC000F8A2E0E433C4F9E0A2E0E433C43333F8ED
:105AD0008E828F83E054AE4849F053083F12DD7A3E
:105AE0007409121A88E0605112D65770047A018046
:105AF000027A00AC18AD197B04A912122545E960A1
:105B000024851882851983780C121A197404121AC4
:105B10008812DD9F12DD89121A19E50D8510828524
:105B20001183F08014908A2E1215307A0485168223
:105B300085178312DD951216F38E828F83E0A2E122
:105B4000501090085FE0550970087404121A88120A
:105B5000DDB0850A82850B83E4F0A38582108583FE
:105B60001174FFF012DD7A7408121A88E0A2E15075
:105B70007012D657606BAC18AD197A01A9121225B4
:105B80000FE9605D851882851983780C121A19E572
:105B90000D850A82850B8312DD8B121A1974107819
:105BA0000C121792851082851183E50CF0F8850A96
:105BB00082850B83E0C398400BE4F0851082851149
:105BC0008374FFF0851882851983780C121A197472
:105BD00018780C121792850A82850B83A3A3E50C13
:105BE000F012DD727A02A91212250FE9603D8518C4
:105BF00082851983121A71E8494A4B602E851882F2
:105C0000851983780C121A19851482851583A3A32C
:105C1000A3A3A312DD89121A19E50D5401600C8E9D
:105C2000828F83E0A2E140034482F074196513700F
:105C300005750B018003750B008E828F83E0A2E552
:105C4000500302DD1B75090075100F750A008514DD
:105C500082851583A3A3A3E0FAA90812036EE50BBE
:105C6000A2E04037901B8412DDC3500575081380F5
:105C700025901B8612DDC350057508108018901BF7
:105C80008512DDC35005750814800B901B8712DD4B
:105C9000C3500375081175100380118E828F83E045
:105CA000A2E45005750A288003750A3012DD727A65
:105CB00001A91212250FE9601685188285198378CB
:105CC0000C121A19E50CF8E510C39840028809E592
:105CD0000B33333354F8F88E828F83E054F748F057
:105CE000AD0AAC097406121A8812D7AFA908121EA1
:105CF000D9E9F812D42B406CE9C39405A2D265D03F
:105D0000335018900932E0C0E0E93395E0F974842B
:105D100028F582741B39F583D0E0F0900932E00455
:105D2000F0851482851583E0D2E7F012D6577021F2
:105D30007408121A88E04401FC7409121A88E0FB06
:105D4000AA12A91312292F7C007404121A8812DDDA
:105D5000B68E828F83E0A2E5400A7C007404121A9A
:105D60008812DDB6740B02CDD9E075F01AA4F8A93B
:105D7000F02212DD7AAC18AD1922851882851983BC
:105D8000E4F0A3F0A3F0A3F022E50CF085188285DF
:105D90001983780C22E0540FF91224F774042212AC
:105DA000DDA32212DDA722E0F8A3E0F5838882229A
:105DB00012DDA3E4F02212DDA3E0F9AA14AB151260
:105DC00028E722E0C39400A2D265D0332274F712F0
:105DD000103BEA2405F582E43BF5837C02E0A2E770
:105DE000E433FBE9FAE0547FF912292F02D8167444
:105DF000F712103B74F31217DB8518828519837430
:105E000002F014121A8812DE61121A88AA82AB8379
:105E1000122FEF7416121A8812DE3D700A740B12DC
:105E20001A8812DE328008740B121A8812DE4E02B3
:105E3000E4CA12DE59E8F0A3E9F079002212E26622
:105E4000FEE9FFAA18AB1912302BE964012212DE19
:105E500059E8F0A3E9F079C82212E2B18E828F836B
:105E60002212E30074032274F712103B74F312172A
:105E7000DBECFEEDFF8518828519837402F0EAFCE5
:105E8000EBFD7403121A88AA82AB83122FEFAA18B3
:105E9000AB1912301FE96401700A740B121A8812D0
:105EA000DE328008740B121A8812DE4E02E4CA74C5
:105EB000F712103B74F11217DBAC18AD19122E5704
:105EC000E9FE70287402121A887402F0851882851F
:105ED000198312E2A9740D121A8812E30C740212CB
:105EE00017B312300DE9640160027E01EEF9740F00
:105EF00002E4CC74F712103BE9FE90190712E4C5D6
:105F000070317A0F7B001227CD90190712E300F948
:105F1000EA4960257800790012E01374FEF0A304CA
:105F200012E2C4A3A3E4F0A3F008E870010912DFB1
:105F30007F40E5EE7003122ECF02E4CF74F712100B
:105F40003B8C828D8312E25A60307800790012E037
:105F500078FEA3E03FFF8E82F583E06A7003A3E042
:105F60006B700D8C828D83EEF0A3EFF07900800CC6
:105F700008E870010912DF7F40D479C802E4CFC37A
:105F80009403E994002274F712103B74FE1217DB9D
:105F9000ECFEEDFF8C82F583E4F0A3F07508C8AC4D
:105FA00018AD19122E57E9700DEEFCEFFD12E297B5
:105FB000122E69E9F508A90802E29274F712103B63
:105FC00074FE1217DBECFEEDFFAC18AD19122E5764
:105FD000E9703B90190712E4C5603378007900122C
:105FE000E01312E2A1851882851983E06C7003A387
:105FF000E06D701012E2FC740B121A8812E5FE12AA
:10600000DE35800C08E870010912DF7F40D179C8C5
:1060100002E29212E01B8A82F58322E8FAE9FBEAA7
:1060200075F005A4FAACF075F005EBA42CFB901903
:1060300007E02AFAA3E03BFB2274F712103B901909
:106040000712E4C5602D7800790012E078F508A306
:10605000E03F850882F583E06A7003A3E06B700976
:106060008C828D8312DE35800C08E870010912DF06
:106070007F40D779C802E4CFE8FEE9FFEE75F0056E
:10608000A4FE85F00875F005EFA42508FF90190718
:10609000E02E2274F012103B74FC1217DBEAFEEBC8
:1060A000FF74021217BB8A828B8312E29D122E7B31
:1060B000E9F50A7A187B001227CD8A0C8B0DEA4B82
:1060C00060417C187D007900122719EE12E26B788E
:1060D0000C121716750E18750F00780E1217167C15
:1060E000007D0085088285098312E29D12F17212FB
:1060F00016F3850882850983E4F0A3F0AA0CAB0DA2
:106100001227D38E828F8374FEF0A304F08E828FC9
:1061100083A3A3A3A3E4F0E50A600302E1E774020A
:10612000121A8812E29DEA75F005A4FEA8F075F037
:1061300005EBA428FF90190712E4C56037901907F2
:10614000E02EF508A3E03FF5097808121716750848
:10615000057509007808121716EA75F005A4A8F06D
:1061600075F005EBA428FBEE2402FCE43BFD12F1E4
:106170006E1216F3A818A919880889097808121749
:106180001675080275090078081217167C007D0044
:106190007A4C7B0012F0DB1216F3E9704A12E9DB4D
:1061A000E064FE7003A3E0F48518828519837015FE
:1061B00012E4C56014851882851983E024FFF0A3DA
:1061C000E034FF800312E80EF0A818A919880889A6
:1061D0000978081217167508027509007808121751
:1061E0001612F16A1216F3740402ECCC74F7121052
:1061F0003B8A828B8312E25A605B7C007D00ECF864
:10620000EDF9E875F005A4F8AEF075F005E9A42EF7
:10621000F9901907E028FEA3E039FF8E82F583E0AC
:1062200064FE7003A3E0F4701F8A828B83EEF0A3F8
:10623000EFF0901907E028FAA3E0398A82F583A3EA
:10624000A3A3A3E4F0F9800F0CEC70010DC3940339
:10625000ED940040A979C802E4CFE4F0A3F09019CE
:106260000712E266492212E2B1E8222402F8E43F72
:106270008808F5092274F712103B74FE1217DBAC84
:1062800018AD19122E6FE9FE700612E297122E81D8
:10629000EEF9740202E4CC85188285198312E6DCDB
:1062A00022E0FCA3E0FD22A3A312E2AD2212E2B1A0
:1062B00022E0F8A3E0F92212E2BB22E0F8A3E0F525
:1062C00083888222F08A828B8322D083D082021636
:1062D000DBC082C083901D11E06405700C7A807B66
:1062E00000901861E0F912276D80DF74F712103BFF
:1062F000122E6312334F12332502E4CF8E828F8326
:10630000EAF0A3EBF02212E4AF12E602E8F0A3E910
:10631000F02274F612103B74F11217DBEAFEEBFF69
:106320007402121A88E4F0EAFCEBFD7405121A8874
:10633000AA82AB8312296B12332BE97028740212E4
:1063400017B312301FE96401601BA818A919880847
:1063500089097808121716EEFCEFFD7A007B00120F
:10636000E4A91216F3740F02EECF74F412103B740A
:10637000EC1217DB8A0A8B0BEA2416FEE4350BFFBE
:10638000EEFAEFFB122F17EEFAEFFB122E9F850AA3
:1063900082850B83A3A3A3A3E0F8E50A2406F508EE
:1063A000E4350BF50974016860087406686003023F
:1063B000E4347800E8FAE50A2AF582E4350BF5833F
:1063C000A3A3A3A3A3A3E0700708E8C3941040E429
:1063D00074106870319019ECE0705474041217BB9B
:1063E0007A627B00122EF9790074041217B312330B
:1063F0006D79001233737C107D00790074041217DC
:10640000B31227198029E50A2405F8E4350BF9E8C9
:10641000FEE9FF8882F583E0F9AA08AB0912336D23
:106420009019ECE070098E828F83E0F912337312B9
:106430002E938070740468606B74036870667402D5
:106440001217BBEEFAEFFB122E57E9602974021205
:1064500017AB880A890B780A121716EEFCEFFD7A43
:10646000FE7BFF12E4A91216F37D007C007900EE9A
:10647000FAEFFB122DF7AC18AD197402121A88123C
:10648000E4B97012AA18AB19122E87E970087402C9
:10649000121A8812E306AC08AD09EEFAEFFB122ED1
:1064A000B1122EC9741402E4EB122E51740222129E
:1064B000E2B18518828519832212E6DC122E6985E5
:1064C000188285198312E2664922740D1216F37F31
:1064D000010213A8C082C0838A828B83A3A3A3A3D3
:1064E000E0F9123373122D1302E2CA1216F37F047D
:1064F0000213A874F112103B74FC1217DBECFEEDD2
:10650000FF74021217AB88088909780812171674ED
:10651000021217BB122E7574021216F3E9F5086009
:106520000302E5F27402121A88E02401F8A3E034B1
:1065300002F985188285198312E5FEA3A312E30CE4
:1065400012E6F7700302E5F2780A121716750C18B6
:10655000750D00780C1217167C007D007404121A59
:106560008812E6CF12F0DB1216F38E0C8F0D750E2B
:1065700000780C1217127C107D00AA0AAB0B1227B0
:106580000D74031216F3E50A241412E60BE50A242F
:106590001012E60B780A121716750C18750D007894
:1065A0000C1217167C007D007404121A8812E6CFB4
:1065B00012F1721216F312E6E2851882851983121F
:1065C000E2B712E2A7E875F009A4F8AAF075F0099D
:1065D000E9A42AF9740928F8741939F9E824F7F5B7
:1065E00082E934ED12E610E824FBF582E934ED127D
:1065F000E610A90874041216F37F070213A812E626
:106600000222E0FAA3E0F5838A8222F582E4350BC8
:10661000F583E4F0A3F0A3F0A3F02274F612103B8C
:1066200074F41217DBEAFEEBFF74041217BB7A0056
:106630007B0079AB12329B1234BD8A088B09AC08FF
:10664000AD0974041217B3122965E9603B74041292
:1066500017BBEEFAEFFB123001E96015AC18AD196B
:1066600074041217B3122E6FE9700D12E68CE070ED
:10667000177900740C02EECF74021217BB74041267
:1066800017B3122E57E970E9790180E785188285E2
:10669000198312E6D6A3A32274F712103B74FE12DC
:1066A00017DBECFEEDFFAC18AD19122E6FE9F97097
:1066B0001385188285198312E6CF8E828F83EAF0C4
:1066C000A3EB80078E828F83E4F0A3F002E29212A4
:1066D000E6D612E6DC2212E2BBA3A322E0FAA3E094
:1066E000FB227C187D007900AA0AAB0B122719AA9D
:1066F0000AAB0B1227D3227A187B001227CD8A0A05
:106700008B0BEA4B2274F612103B74FE1217DBE47B
:10671000F508F50978081217167C117D007A4C12DD
:10672000E75F1216F3E9FE601712EABF121716753B
:106730000802750900780812171612F16A1216F38A
:1067400075082D75091978081217167C087D007ACE
:106750007112E75F1216F3E94EF9740202EECF7B75
:106760000012285174022274F412103B74FE1217A6
:10677000DB85188285198312E25A606F7E007F00E4
:106780008E088F09E50875F005A4F508A8F075F0E6
:1067900005E509A428F509901907E02508F50AA3DD
:1067A000E03509F50B780A121716750A05750B0006
:1067B000780A12171612EA971216F3901907E025B5
:1067C00008F8A3E035098882F583E064FE7003A32E
:1067D000E0F4600A85188285198312E80EF00EEE47
:1067E00070010FC39403EF94004095A818A919886D
:1067F00008890978081217167508027509007808C3
:1068000012171612F16A1216F3740202E4EBE02476
:1068100001F0A3E034002274EE12103B74FE121754
:10682000DBA818A9198808890978081217167508AD
:106830000275090078081217167C007D007A4C7BDF
:106840000012F0DB1216F3E9600302E9A412E4BFC0
:10685000700302E9A4851882851983C3E09404A318
:10686000E09400400302E9A47A187B001227CD8A45
:10687000108B11750800EA2410F50AE43511F50BA8
:10688000E50875F005A4FEAFF0901907E02EF50CB1
:10689000A3E03FF50D780C121716750C05750D0069
:1068A000780C121716EFF9EE12EAB412F0DB12169A
:1068B000F3E9600302E98B901907E02EF8A3E03FAB
:1068C000F9E8FAE98882F583E064FE7003A3E0F456
:1068D000700302E98BE5104511700302E98B781013
:1068E000121716750C18780C1217167C007D008A8A
:1068F000828983A3A312E9D21216F3908AA6780C98
:10690000121A19850A82850B83780C12194312E931
:10691000DBA3A3E0FEA3E0FFEE75F009A4F8AAF064
:1069200075F009EFA42AF9740928FC741939FD855A
:106930000A82850B83121A71EC24F7F582ED34ED8F
:10694000F583121A59E5102414F582E43511F58304
:10695000121A71EC24FBF582ED34EDF583121A590D
:106960007810121716750C18750D00780C12171682
:106970007C007D00EEFAEFFB12F1721216F37C1828
:106980007D007900AA10AB111227190508E508C38C
:106990009403500302E880E51045116007AA10AB8C
:1069A000111227D375082D75091978081217167555
:1069B000080875090078081217167C007D007A71A6
:1069C0007B0012F0DB1216F374021216F37F0A0238
:1069D00013A812E6DC122863740422901907E02E33
:1069E000F8A3E03F8882F5832274F412103B74F917
:1069F0001217DB12EABF1217167508027509007824
:106A00000812171612F16A1216F37C057D00790040
:106A100074021217B31227197E007F007402121736
:106A2000AB880889097808121716750805750900DA
:106A3000780812171612EA971216F30EEE70010F6D
:106A4000C39403EF940040D47A1812F17860437C29
:106A5000187D0079001227197E007F007808121730
:106A600016750A18750B00780A1217167C007D003F
:106A7000EE2401FAEF3402FB12F1721216F30EEE5D
:106A800070010FC39403EF940040D1AA08AB091220
:106A900027D3740702E4EBEEF8EFF9E875F005A4EC
:106AA000F8AAF075F005E9A42AF9E812EAB4122868
:106AB0005D7404222402FCE439FD7A4C7B002285BB
:106AC0001882851983E4F0A3F0A818A91988088909
:106AD0000978082274F412103B74E01217DBE9FE07
:106AE0007C207D007900AA18AB1912271990195043
:106AF000E0640170307C087D0079FFAA18AB1912A0
:106B0000271975085B750949750A807808121712EC
:106B10007C107D00740B121A88AA82AB8312270D99
:106B200074031216F3A818A919880889097808129D
:106B300017167C207D007A017B0112E7611216F3A3
:106B4000E970797808121716750820750900780819
:106B500012171612F0D31216F374016E700A74181D
:106B6000121A8812E6128012908A5E7808121A1998
:106B70007418121A887808121943A818A9198808D5
:106B80008909780812171675082075090078081207
:106B900017167C007D007A017B0112F1721216F348
:106BA0007418121A88121A71901924121A59741C26
:106BB000121A88121A71901928121A597C207D0015
:106BC0007900AA18AB19122719742002E4EB74F0AB
:106BD00012103B74E01217DB8A0E8B0F8C088D09A4
:106BE000750AA1750C00750D00EC2406FEE435094C
:106BF000FFEEFAEFFB122FF5E9700DEEFCEFFDAAA8
:106C00000EAB0F1232A780187CC87D19EEFAEFFB8D
:106C1000122965E9600A9019C6E0F50CA3E0F50DAC
:106C2000A818A919880E890F780E121716750E204C
:106C3000750F00780E12171612F0D31216F3AC1857
:106C4000AD19EEFAEFFB122FFBE97020AA18AB1971
:106C5000122EEDE96065E50C450D601012EDE4E0E3
:106C600064027008901950E06401604FE508240F39
:106C7000F8E43509F9E8FA901D59E0703212EDD8C0
:106C80007808121A1990192878081216B6501B8A1B
:106C90008289837401F0A3F0908A1278081218BEDA
:106CA0009019287808121A0A800E750AA2800C889A
:106CB0008289837401F0A3F0750A007C207D00793D
:106CC00000AA18AB19122719A90A74201216F37F0B
:106CD000080213A874F012103B74D31217DB8C084F
:106CE0008D097EA1851882851983E4F004121A8823
:106CF00012E300EC2406F50AE43509F50BAA0AFBB9
:106D0000122FF5E9FF740D1217AB880C890D780C62
:106D1000121716750C20750D00780C12171612F04C
:106D2000D31216F3EF600F740D1217BBAA0AAB0B48
:106D3000122FFBE97012740D1217B3122EEDE960D9
:106D40006FEF700412332BE97E00E508240FF58203
:106D5000E43509F5837401F0A3F012EDE4E4F0905A
:106D60001924121A7112EDD8121A59908A12780841
:106D7000121A1990192478081219439019247808C6
:106D8000121A19908A3A780C121A197808790C128A
:106D90000FCCE50C450D450E450F702790192C744E
:106DA00001F07A007B04901861E0F912276D8013DE
:106DB000AA18AB19123019E964017007AA18AB19A7
:106DC00012300D7C207D007900740D1217B312274C
:106DD00019EEF9742D02ECCCE5082412F582E435A5
:106DE00009F58322E508240EF582E43509F58322AE
:106DF000C082C0837C0879FF1227A302E2CA74F61E
:106E000012103B74DA1217DBE9FE7C157D00790065
:106E100074111217B312271974111217AB8808894D
:106E20000978081217167C157D007A8212E75F1226
:106E300016F3E9702174016E701C7808121716752C
:106E4000081575090078081217167C007D007A82F3
:106E500012F1701216F312F25D1217167C117D00FA
:106E60007A3A12E75F1216F3E9702174016E701C12
:106E70007808121716750811750900780812171688
:106E80007C007D007A3A12F1701216F3A818A91945
:106E90008808890978081217167C117D007A3B1240
:106EA000E75F1216F3E9702174016E701C78081206
:106EB000171675081175090078081217167C007DE1
:106EC000007A3B12F1701216F374268002740812D5
:106ED00016F37F020213A874F612103B743A6A701C
:106EE00001EB6006743B6A4B70188C088D097808BA
:106EF00012171675081075090078081217167C010C
:106F00008042EA24FFF8EB34FEF9E84970188C0857
:106F10008D0978081217167508107509007808127F
:106F200017167C08801E19C3E812DF80501A8C08DF
:106F30008D0978081217167508107509007808125F
:106F400017167C007D00802274626A4B70248C08C6
:106F50008D0978081217167508107509007808123F
:106F600017167C007D007A627B0012F0DB1216F3AC
:106F70008002790A02EED274F612103B74E81217FE
:106F8000DB7C187D007900AA18AB191227197E0046
:106F9000A818A9198808890978081217167C187D7D
:106FA00000EE2401FAE43402FB12E7611216F30E3C
:106FB000EEC3940340DA741802EECF74F712103B5C
:106FC000E9FE122EF3122EFFEEF9122EDB02E4CFB1
:106FD00074EE12103B7A187B001227CD8A0E8B0FAD
:106FE000EA4B700302F0D0750800750900E50875DA
:106FF000F009A4F8AAF075F009E509A42AF97409C2
:1070000028F50A741939F50BE50A2408F50CE4355E
:107010000BF50D850C82F583E06401600302F0A39B
:10702000E5082401FEE5093402FF780E12171675F3
:10703000101875110078101217167C007D00EEFAFA
:10704000EFFB12F0DB1216F3E97058850A82850B0C
:1070500083121A71E50E2410F582E4350FF58312C0
:107060001A59850A82850B83A3A3A3A3121A71E57B
:107070000E2414F582E4350FF583121A59780E1296
:107080001716750A18750B00780A1217167C007D02
:1070900000EEFAEFFB12F1721216F3850C82850DE9
:1070A00083E4F00508E50870020509C39403E509C7
:1070B0009400A2D265D033500302EFED7C187D001E
:1070C0007900AA0EAB0F122719AA0EAB0F1227D305
:1070D00002E9CD7C007D007A017B011228637404F3
:1070E0002274F412103B7A2012F178607A90192CF5
:1070F000E06401705E7808121716750A20750B009F
:10710000780A12171612F0D31216F3E97045901987
:1071100024121A71E5082418F582E43509F5831262
:107120001A59901928121A71E508241CF582E435C1
:1071300009F583121A597808121716780A121716C9
:107140007C007D007A017B0112F1721216F3901916
:107150002CE4F07C207D007900AA08AB09122719E5
:10716000AA08AB091227D302E4EE7C007D007A4C1A
:107170007B0012285D7404227B001227CD8A088BC5
:1071800009EA4B2274F612103B74F81217DB908850
:1071900066AC18AD197408121657EA4B700CA81893
:1071A000A91988088909AA08AB09EAFCEBFD7A004D
:1071B0007B0079AB1232A175082D75091978081278
:1071C000171675080875090078081217167C007DD7
:1071D000007A7112F1701216F302EECD74F61210ED
:1071E0003B74DA1217DB7C157D00790074111217DD
:1071F000B312271974111217AB880889097808127D
:10720000171675081575090078081217167C007D89
:10721000007A8212F1701216F312F25D12171675CF
:10722000081175090078081217167C007D007A3A5B
:1072300012F1701216F3A818A9198808890978089C
:1072400012171675081175090078081217167C00B8
:107250007D007A3B12F1701216F302EEC97C117DAB
:10726000007900AA18AB19122719A818A9198808BB
:10727000890978082274F612103B12F4BB9049CDAC
:10728000E493F508EC8508F0A4FCA8F08508F0ED7F
:10729000A428FD79FF7A277B0E12271990037474B6
:1072A0006DF0A37439F09003767473F0A37439F021
:1072B0009003787449F0A37439F090037A740DF058
:1072C000A37439F090037C7407F0A37439F0900331
:1072D0007E74F5F0A37438F090038074E3F0A37427
:1072E00038F0900373E4F080031216F37F02021368
:1072F000A8C082C0837A0080010A9049CDE493F847
:10730000EAC398500CEA12F31870EEAA82AB83809D
:10731000047A007B0002F87075F00EA4F8A9F01250
:10732000F789F422C082C0837A007B007C0080143D
:10733000EC12F318600DA3A3A3A3A3E0F8EA28FAC4
:10734000E43BFB0C9049CDE493F8ECC39840E10298
:10735000F87074EC12103B890A8A0E8B0F8C108D1A
:10736000087E007F0012391FAA0EAB0F1239198A4E
:107370000C8B0D850E82850F83A3A3A3A3A3A3A3C8
:10738000A3E064017008750B017509008006750B98
:107390000085100974FE6A700374FF6B700302F4B9
:1073A000977A007414121A88E0F50EA3E0F50F80A6
:1073B000010A9049CDE493F8EAC398506FEA12F7B6
:1073C000E5650A70ECA3E0650B70E68E828F83A3FF
:1073D000A3E0650C7003A3E06B70D68E828F83A34D
:1073E000A3A3A3E0650970C9750B00E50BC395085D
:1073F000400302F497A80BE828F8E433F9E50E28D7
:10740000F50CE50F39F50D850C82F58312F4A01209
:107410003961E97013850C82850D8312F4A012394D
:1074200055E970047E007F00050B80BF1239798A10
:10743000128B13AE12AF13EA4F605C8A828B83E526
:107440000AF0A3E50BF08A828B83A3A3E50CF0A3DB
:10745000E50D12FA3BE509F09049C8E493C395089D
:107460005004E493F5088A828B83A3A3A3A3A3E526
:1074700008F0850E0C850F0D750E00780C12171292
:10748000AC08EC2CFCE433FDEA2406FAE43FFB12E2
:10749000270D74031216F3EEFAEFFB7F0C0213A80C
:1074A000E0FCA3E0FDEEFAEFFB22C082C08312F401
:1074B000BB79FF122719790102F8709049C6E4934D
:1074C000FC740193FD2274F712103BEA4B60377E87
:1074D0000080010E8A828B83A3A3A3A3A3E0F8EE0E
:1074E000C3985022EE25E0F8E433F9EA28F582EB60
:1074F00039F583A3A3A3A3A3A3E06C7003A3E06D5A
:1075000070D179018002790002F5D774F312103B33
:10751000EA4B6075EA240512F725F508606BEA244A
:107520000608E43BF985080B750A00800B8E828FF4
:1075300083E014F06053050AE50AC3950B503FE55C
:107540000A25E0F508E433F509EA2508F582EB356C
:1075500009F583A3A3A3A3A3A3E0F508A3E0F5097A
:10756000EC65087003ED650960C388828983E508CE
:10757000F0A3E509F0E82402F850BB0980B88E8238
:107580008F83E060047901800279007F050213A8EF
:1075900074F712103BEA4B603CEA2405F8E43BF92F
:1075A0008882F583E0FE9049C8E493FFEEC39F50C4
:1075B00024EE2EFEE433FFEA2EF582EB3FF583A3A3
:1075C000A3A3A3A3A3ECF0A3EDF088828983E00436
:1075D000F07901800279007F010213A874F3121080
:1075E0003B89088C0912F71C700B8A828B83E0FCA4
:1075F000A3E0FD800B1239318A0A8B0BAC0AAD0B6C
:1076000074FE6C700374FF6D605B750A0080157406
:1076100001650B700D88828983E06C7003A3E06DB7
:107620006047050A12F6FB503C12F706E065087049
:10763000F1A3E0F50BEA2402F8E43BF98E828F8394
:10764000E0640160CAE50B70D988828983E06C70C0
:1076500003A3E06D70CC8A828B83A3A3A3A3E06510
:107660000970BF80047A007B0002F58B74F412105D
:107670003BEA2408F8E43B8808F5098882F583E0B2
:107680006401700B8A828B83E0FEA3E0FF800B1203
:1076900039318A0A8B0BAE0AAF0B74FE6E7003741D
:1076A000FF6F6052750A008015EC70108882898324
:1076B000E06E7003A3E06F7003123967050A12F6DB
:1076C000FB502C12F706A3E0FCEA2402F8E43BF995
:1076D000850882850983E0640170CE74016C70DCDA
:1076E00088828983E06E7003A3E06F60CC80CDEE6A
:1076F000FAEFFB1239377F040213A89049CDE493C7
:10770000F8E50AC39822E50A75F00EA4F8A9F0740A
:107710002728FA740E39FB8A82F58322EA2408129C
:10772000F725640122F8E43BF9E8FEE9FF8882F5D9
:1077300083E022EC75F00EA4F8A9F0742728F87401
:107740000E39F92274F412103B890B8A088B097EDA
:10775000007F00750A008025E50A75F00EA4F8A9DF
:10776000F012F789650B7013AC08AD09AA82AB83E0
:10777000123961E960050EEE70010F050A12F6FB81
:1077800040D6EEFAEFFB02F6F6742728F582740E67
:1077900039F583E02274F212103B890C8A088B09B8
:1077A0008C0D750A00750B008004050A050B9049C5
:1077B000CDE493F8E50BC3985024E50B12F7E5658B
:1077C0000C70E9AC08AD09EEFAEFFB123961E96023
:1077D000DBE50AC3950D40D2EEFAEFFB80047A0098
:1077E0007B0002FC8275F00EA4F8A9F0742728FE35
:1077F000740E39FF8E82F583E022C082C08374F359
:107800001217DB74FE6A700374FF6B604A7C0080A1
:107810002212F7338882F583A3E0FD74016D6012B4
:10782000ED700F88828983A3A3E06A7003A3E06BE5
:1078300060250C9049CDE493F8ECC39840D3E493D1
:107840006C70148518828519837404F0740B121AF5
:107850008812F85912300D8012EAF0A3EBF0AA1842
:10786000AB1922740B121A8812FD27740D1216F32D
:10787000D083D0820216DBC082C08374F31217DB80
:1078800012FA2A6402700B12F8A1121A8812FA1F57
:10789000800CEAFCEBFD7403121A8812FA1002F84D
:1078A000638A828B83E0F8A3E0F974012274F712F3
:1078B000103B74F31217DBECFEEDFF85188285197F
:1078C000837404F0740B121A8812F917E9F5086032
:1078D0001D8E828F83A3A3A3A3A3A3A3A37403F0EA
:1078E000121A88AC82AD83EEFAEFFB12296BA9085D
:1078F000740D1216F302F5D7C082C08374F3121709
:10790000DB8518828519837404F0740B121A8812AF
:10791000F917740102F86512F8591230252274F62D
:1079200012103B74F31217DB900373E0707B851821
:10793000828519837404F09019C312F8A5121A886D
:10794000E8F0A3E9F01234BD8A088B09AC08AD0950
:107950007403121A88AA82AB83122FEFAA18AB19EC
:1079600012302B1234C98A088B09A808A90974019E
:10797000121A88E0687003A3E069602774FE6870DB
:107980000374FF69601D7401121A88EAF0A3EBF01A
:107990007403121A88AA82AB831234CFAA18AB19C7
:1079A00012302B9003737401F0740D02F2E9C0825F
:1079B000C08374F31217DB12FA2AF8740268700E8F
:1079C00012F8A1121A8812FA1FE970418014740388
:1079D000687018EAFCEBFD7403121A8812FA10E9B9
:1079E000702BAA18AB1912302B8022740168701208
:1079F0008A828B8312FC77740B121A88E8F0A3E951
:107A0000800A740B121A8874FEF0A304F002F86363
:107A1000AA82AB83122FEFAA18AB1912301F22E8EB
:107A2000F0A3E912F85D12301922851882851983B6
:107A3000740412FA3BA3A3A3A3E022F08A828B83EF
:107A4000A3A3A3A32274F712103B780079007C0053
:107A50007D0080010D9049CDE493FEEDC39E502A38
:107A6000ED75F00EA4FE85F008AF0874272EF582A0
:107A7000740E3FF583E0F460DB8C0874012CFCAEDF
:107A800008EA6E4B70CEA882A983E8FAE9FB02F5FA
:107A9000D774F612103BE4F508F5097808121716AA
:107AA00012FD2DFCE439FD7A417B0012285174024D
:107AB0001216F3E9FE6003123907EEF902F2EC74D4
:107AC000F612103B74FE1217DB851882851983E4C9
:107AD000F0A3F0A818A919880889097808121716C0
:107AE000750802750900780812171612FC5D121647
:107AF000F3740202F2E974F212103B74EE1217DB17
:107B0000EAFEEBFF8C088D09750A0012FC6BAC0CC9
:107B1000AD0DEA4D6011E5086C7003E5096D600775
:107B20007A417B00122869E4F50CF50D780C1217E8
:107B300016AC08AD097A417B001228517402121666
:107B4000F3E9640A700302FC5474021217AB88084C
:107B50008909780812171675080275090078081245
:107B600017167C007D007A007B0312FDFD1216F3D0
:107B7000E9600302FC54851882851983E4F0A3F0C0
:107B8000750800806274041217AB880C890D780C9C
:107B90001217169049C612156112FE037A007B0374
:107BA00012FDFD1216F3E9600302FC547404121A6C
:107BB00088E0F4603074041217AB880C890D780CDF
:107BC0001217169049C61215617404121A8812FC15
:107BD0007712FE11FA850CF0E912FEF61216F3E99F
:107BE000707212FEE60508851882851983C082C06E
:107BF000839049CDE493F8D083D082C3E098A3E08A
:107C000094005021851882851983C082C083740234
:107C1000121A8812FC77D083D082C3E098A3E0992F
:107C2000500302FB85A818A9198808890978081249
:107C30001716750802750900780812171612FC5DF0
:107C40001216F3E9700EEEFCEFFD7A007B031228AA
:107C500069E96003750A01A90A741280227C007D1B
:107C6000007A417B0012285D7404227A417B001265
:107C700028578A0C8B0D22E0F8A3E0F92274021237
:107C800016F37F060213A874F212103B74FE12174B
:107C9000DB750A0012FD2DF508E439F50912FC6BBD
:107CA000AE0CAF0DA818A919880C890D780C121705
:107CB00016750C02750D00780C12171612FDF512D0
:107CC00016F37A007B0312FC6FA90DEA49700CE5EC
:107CD000086E7003E5096F700D8041EE4F602B1246
:107CE000FD21EA4B60247C007D037A417B00123544
:107CF000EFE9F8F50A7025EEFCEFFD7A417B001202
:107D00002869E96009750A018012AE0CE9FFAC0828
:107D1000AD09EEFAEFFB123901E9F50AA90A02FCF6
:107D20007D851882851983E0FAA3E0FB229049C67D
:107D3000E493F8740193F99049CDE493F508E8854C
:107D400008F0A4F8AAF08508F0E9A42AF9E82402CA
:107D50002274F212103B74FE1217DB85188285190B
:107D600083E4F0A3F01238FBE9600302FDEFA818EA
:107D7000A919880889097808121716750802750963
:107D800000780812171612FDF51216F3E970607EDE
:107D9000007F00750800803BE50875F00EA4F8A987
:107DA000F0742728F50A740E39F50B780A121716A5
:107DB0009049C612156112FE0312FDF91216F3E97D
:107DC000700F850A82850B83E0F460050EEE70016A
:107DD0000F05089049CDE493F8E508C39850108545
:107DE000188285198312FC77C3EE98EF9940A91287
:107DF000FD2102FC7D7C007D007A417B001228631E
:107E0000740422A80812FE11F9E82402FCE439FDEA
:107E1000229049C6E493F50C740193F50DE8850CA6
:107E2000F0A4C8AAF0850DF0A42A2274F112103B28
:107E300074F01217DB851882851983E4F0A3F07EB5
:107E4000008070EE75F00EA4F8A9F0742728F508EC
:107E5000740E39F50985080CF50D750E00780C12B5
:107E6000171212F4BB74051217B312270D74031204
:107E700016F374021217AB880A890B780A121716C8
:107E80009049C6121561EEF89049C6E493F50A745C
:107E90000193F50BE8850AF0A4C8AAF0850BF0124F
:107EA000FEF61216F3850882850983E0F46003125A
:107EB000FEE60E9049CDE493F8EEC3984085A818ED
:107EC000A919880889097808121716750802750912
:107ED00000780812171612FC5D1216F374101216B1
:107EE000F37F070213A8851882851983E02401F027
:107EF000A3E03400F022A42AF9E82402FCE439FDCE
:107F000012FC6122C082C083EAC3940240027A005C
:107F1000E9C454F04A900801F09008007402F0D0CF
:107F200083D0820216DBC082C0839061A5E0D2E2DA
:107F3000F0900800E064037011D287D2939061EB57
:107F40007468F090624474FB8018E064049061EB04
:107F5000700812FFA4906243800612FFA49062474B
:107F600074FCF090078CE0C39412502D9007BAE097
:107F7000906172F09007BBE0906173F09007BEE0F3
:107F8000906174F09007BFE0906175F079087CCE45
:107F90007D077A6A7B61122083906180E4F0E0447F
:107FA0000902FF1E7468F090624474FBF09061EC6B
:107FB000746AF022C082C0831220351220B31221CD
:107FC0009712212B1221D3121F9F8025C082C083BC
:107FD000A2AF5003121E55901B52E07006122137BB
:107FE0001220B9121FA51221CD9007D97401F0807B
:0B7FF00000D083D0820216DB0216DBFB
:1080000074F412103B74F81217DB7508007F0090AF
:1080100017FCE4F07E7C750A088F0B780A1217169D
:1080200074021217BB7A007B00EEF912890912164E
:10803000F3851882851983E0F47003A3E0F47013CC
:108040009017FCE07004EEF080197A01EEF9122727
:10805000EB80107404121A88E0F47003A3E0F4605B
:10806000028E080EEEC3947F40ACE5089017FC60CA
:1080700017E0600FF91227F77A007B00A908122792
:10808000FD800C1285638007E06004F91227F77EFB
:108090007CEFFC7A007B00EEF91227F1EA4B6004DA
:1080A0007F017E7B0EEEC3947F40E6EFA2E050148A
:1080B0007E7C7C007A007B00EEF91227F10EEEC385
:1080C000947F40EE9017FCE0703C7E007C00EC1248
:1080D000810C1292D274F86A700374076B7004EC0E
:1080E000FE8018EE12810C39F583C3E09AA3E09B61
:1080F0005002ECFE0CECC3940340D3747C2E90171A
:10810000FCF0F91227F779017408801025E0F8E4F3
:1081100033F974F628F58274172274021216F37F6D
:10812000040213A874F712103B74F81217DB8518B9
:1081300082851983E4F0A3F0EA60087402121A88B9
:10814000E480077402121A8874FF1287757A007B24
:108150000012282174081216F37F010213A874EE8E
:1081600012103B74F81217DB890C8A0E8B0F8C0DE2
:10817000750808750900750A00750B0075100875FB
:108180001100781012171674021217BBAA08AB0957
:10819000A90C1289091216F3851882851983E0F457
:1081A0007003A3E0F470030282DF7402121A8812D3
:1081B000858F40067EFC7FFF8006128558FEE9FF12
:1081C00074F8C39508F874079509F9C3E89EE99F08
:1081D0005020E50A2400E50B3408F50BC3E50A95A9
:1081E00008F50AE50B9509F50B75080075090802F5
:1081F00082DFE5082408F508E43509F509851882C9
:1082000085198312858970030282BDE50E450F60D2
:1082100047A80EE50F547FF9851882851983E06819
:108220007003A3E06960030282C77406121A881201
:108230008E58E50F5480700F74FF68700374FF69E7
:1082400060030282C7800A74FF68700374FF69606C
:1082500076AA08AB090282FAAA08AB09A90C128512
:108260004C7404121A88E0687003A3E069704374C8
:1082700006121A88128E58E50D602774FF68700385
:1082800074FF697042851882851983E0FAA3E0447F
:108290008012936260317C019017FDE0F912280F83
:1082A000802574FF68700374FF69601B7AFF7BFF91
:1082B00080487C01AA08AB09A90C12280FEE2408FB
:1082C000F8E43FF9128ADEE5082EF508E5093FF5E6
:1082D00009C3E50894F8E5099407500302817CA8D6
:1082E0000CE828128571E508F0A3E509128326E55C
:1082F0000AF0A3E50BF07A007B0074088002740496
:108300001216F37F0A0213A874F712103BE9FE124B
:108310001E8BEE2E1285717408F0A3E4128326E4FE
:10832000F0A3F0028159F074FE28F582741639F535
:10833000832274EE12103B74F71217DB89088A0A45
:108340008B0B7E007F00750C01750D00780C1217E9
:108350001674021217BBEEFAEFFB9017FCE0F9124D
:1083600089091216F3851882851983E0F4600812D2
:10837000858079000285470EEE70010FC3EF9408E7
:1083800040C47E087F007401F09017FCE012856FF6
:10839000E0F50EA3E0F50F750C08750D00780C12D2
:1083A000171674031217BBEEFAEFFBA9081289091E
:1083B0001216F37401121A88E0F47003A3E0F4704B
:1083C0000302851B7403121A8812858F4008750CEE
:1083D000FC750DFF8008128558F50CE9F50D74F851
:1083E000C39EF874079FF9C3E8950CE9950D5003F7
:1083F00002851B74F8C3950EF87407950FF9C3E84E
:10840000950CE9950D5003028529EE2408FEE43F02
:10841000FF7401121A88128589700302850774019E
:10842000121A88E0650A7004A3E0650B70030285E8
:1084300007EEFAEFFBA90812854C7405121A88E0C2
:10844000687003A3E06960030285077407121A8845
:10845000E0F47003A3E0F4700B7C00EEFAEFFBA9EC
:108460000812280F750900780912171AE4F510F59B
:108470001178101217167406121A88128E49740495
:10848000121A881292D59017FCE0F9122839740359
:108490001216F3E97003028529E50E2408F50EE4AF
:1084A000350FF50F780C121716780E121716901755
:1084B000FCE0FCEEFAEFFBA9081228337404121654
:1084C000F37403121A8812859A12281B7405121A63
:1084D00088128E717002EB6D704FAA0EAB0F901761
:1084E000FCE0F91228158A108B11A810A911740547
:1084F000121A88E0687003A3E069702D7401121AE3
:108500008812859A122845EE250CFEEF350DFFC323
:10851000EE94F8EF94075003028389851882851939
:1085200083E0700F1285808016851882851983E498
:10853000F080F1E50A450B700612875312856385BA
:108540001882851983E0F9740902830012281B8AB6
:10855000108B11A810A91122EC2403F8E43DF9E8CE
:1085600054FC22A9081227F7E5089017FCF02225F1
:10857000E0F8E433F974F828F582741639F58322AB
:108580009017FCE0F91227F722128E5CE8492212BC
:108590008E49C3EC94FCED94FF22128E49AA0EABD7
:1085A0000F9017FCE0F92274F412103BEAFEEB8006
:1085B0000374804FFF75087C7C00EEFAEFFBA9087E
:1085C0001227F1EA4B6008E5089017FDF0801505C9
:1085D00008E508C3947F40E0EF548060D49017FD15
:1085E000E4F0FAFB02811F74EE12103B74F61217CE
:1085F000DB890A8A0C8B0D8C088D09C3EC94F4ED91
:1086000094FF400E85188285198374FCF0A374FFD3
:108610008019EC2403F8E43509F9E854FC240850E7
:108620000109851882851983F0A3E9F07F007C0396
:108630009017FCE004FEEEC3947F40027E7C90170E
:10864000FCE06E603074842E25E0F8E433F974F0B9
:1086500028F58274171292D2E4C39AFA74089BFB2D
:1086600074F628F582741739F583E02AFAA3E03B03
:1086700012875E50080E1CEC70BC02874CEC700335
:1086800002874C741C121A88E0F50EA3E0F50FEE79
:1086900012856F128E62FA74089912875E40030287
:1086A00087297510088F1178101217167404121785
:1086B000BB7A007B00EEF91289091216F3740612D8
:1086C0001A88E0F47003A3E0F4700B12876E7A044A
:1086D000FBEEF9122827AA0CAB0DEEF91227FDE9E3
:1086E000606AE50AF50B780B12171A780E12171646
:1086F000AC08AD09AA0CAB0D9017FCE0F9122839B3
:1087000074031216F3E960059017FCE0FFE50A70A8
:1087100009EE850E82850F83800C128753EEF912C5
:1087200027F7EE9017FCF08023E50AF50B780B1283
:10873000171A780E121716AC08AA0CAB0DEEF91228
:10874000283974031216F3E96002EEFFEFF9740A98
:108750000283007A019017FCE0F91227EB22FB85D7
:108760001882851983128E5CC3EA98EB99228518CA
:1087700082851983E4F0A3F0AC18AD192274F212CB
:10878000103B74F81217DB89098C08EA24F8F50A03
:10879000EB34FFF50B750C08750D00780C121716ED
:1087A00074021217BBAA0AAB0B1289091216F3E561
:1087B0000870227406121A88E4F0A3F07404121AE6
:1087C00088AC82AD83E50A2404FAE4350BFBA909E1
:1087D00012282180317402121A88E02403F8A3E0E1
:1087E0003400F9E8128E4F12876EAA0AAB0BA90962
:1087F000122821A809E828F8E433F974FE28F58244
:1088000074163912881074081216F37F060213A822
:10881000F583E02EF0A3E03FF02274F412103B74D5
:10882000FE1217DB851882851983ECF0A3EDF08921
:1088300008EA24FCFEEB34FFFFAC18AD19EEFAEFAA
:10884000FB122827750A02750B00780A1217167496
:10885000021217BBEEFAEFFBA9081289091216F3F0
:108860008518828519831292D502811A74F012102C
:108870003B74FC1217DB890C8A0A8B0BEDFF750821
:1088800000750900EC2403F50EE43FF50F7402783F
:108890000E1219FBAE0EAF0F128C1E6050750E0437
:1088A000750F00780E12171674021217BBAA0AABC6
:1088B0000BA90C1289091216F3E50A2404F50AE43F
:1088C000350BF50B7800E8FA851882851983E58267
:1088D0002AF582E43583F583E0FAE5082AF508E411
:1088E0003509F50908E8C3940450AD80D9AA08AB4E
:1088F0000974041216F37F080213A8E58228FCE429
:108900003583FDAA0CAB0DA90E121E7F74022274D2
:10891000F412103B75080175090078081217168AC1
:10892000088B09740278081219FBE9F50A750B0027
:108930007409780A1218E4E5082400FAE509350BF1
:10894000FB121E8502811A74F712103B74FC121779
:10895000DB8C828D83E0851882851983F08C828D73
:1089600083A3E0C0E07401121A88D0E0F074021210
:108970001A8874FFF07403121A8874FFF0AC18ADF3
:1089800019122821740402815674EE12103B74FCF3
:108990001217DB8909EAFEEBFF8C0C8D0DEA5403FC
:1089A000F5087416121A88E0F50AA3E0F50BE5083D
:1089B000605E74FC5EFE750E04750F00780E121773
:1089C0001674021217BBEEFA1289091216F3E50C9F
:1089D000450D6028850A82850B83E0C0E0A8081257
:1089E0008ACDD0E0128AE90508E50C24FFF50CE5F4
:1089F0000D34FFF50DE508C3940440D2AC18AD1951
:108A0000EEFAEFFBA909122821EE2404FEE43FFF51
:108A1000E50C5403F508850C0E850D0F7402780ED5
:108A20001219FB850E0C850F0DE50C450D6048787D
:108A30000C121716AC0AAD0B8E0E8F0F7402780E47
:108A40001219FBE509F51075110074097810121858
:108A5000E4E50E2400FAE50F3511FB121E857402C1
:108A60001216F37402780C1218E4A80CA90DEE2863
:108A7000FEEF39FF128ADEE508604F750C00750EB7
:108A800004750F00780E12171674021217BBEEFA57
:108A9000EFFBA9091289091216F38015850A828550
:108AA0000B83E0C0E0A80C128ACDD0E0128AE90561
:108AB0000C85080D74FF250DF5080470DFAC18ADAA
:108AC00019EEFAEFFBA9091228210282FE8518820D
:108AD000851983E58228F582E43583F58322E50A4A
:108AE00028F50AE50B39F50B22F0850A82850B8300
:108AF000A385820A85830B2274EE12103B74FC124C
:108B000017DB890E8A0C8B0D8C0B7416121A8812C7
:108B10008E69E5085403F50A7418121A88E0FEA35A
:108B2000E0FFE50A605EF8C3E50898F508E50994FA
:108B300000F50975100475110078101217167402EB
:108B40001217BBAA08AB09A90B1289091216F3EE7A
:108B50004F602E7510017810121716A80A740212B1
:108B60001A881288FB1216F3050CE50C7002050D2D
:108B7000050AEE24FF1EEF34FFFFE50AC39404400C
:108B8000CE128C2DEE5403F50A8E108F11740278DC
:108B9000101219FBAE10AF1180247510047511006E
:108BA000781012171674021217BB1289031216F3EB
:108BB000E50C2404F50CE4350DF50D128C2D128C0A
:108BC0001E70D7E50A60547E007510048E1178106F
:108BD00012171674021217BBAA08AB09A90B128947
:108BE000091216F3801E7510017810121716EEF890
:108BF0007402121A881288FB1216F3050CE50C7029
:108C000002050D0EAF0A74FF2FF50A0470D8AC18D8
:108C1000AD19AA08AB09A90B1228210282FEEEF8B1
:108C2000EFF9E824FF1EE934FFFFE84922AC18AD54
:108C300019AA08AB09A90B122821E5082404F50894
:108C4000E43509F5092274EC12103B74F81217DBB5
:108C5000890C8A0E8B0FECFEEDFFE929F508E43351
:108C6000F50974F82508F51074163509F511851005
:108C700082F583E0F50AA3E0F50B750D00851882F7
:108C8000851983EAF0A3EBF07402121A88ECF0A3C2
:108C9000EDF0AC18AD19AA0AAB0B12282175120819
:108CA000751300781212171674021217BBAA0AABBA
:108CB0000BA90C1289091216F37402121A88128E6B
:108CC00058851882851983E0650E7004A3E0650F4E
:108CD0006003028DF6EE687002EF696003028DF6A4
:108CE000741E121A88E07003028DD1741C121A8847
:108CF000128E69850882F583EEF8EFF9EE5403F5DC
:108D00000EE58245837015EE75F0FFA4F8AAF075A4
:108D1000F0FFEFA42AF9E8FAE9FB801F7A007B0054
:108D20008009E0FCEA2CFAE43BFBA3E8FCE9FDEC5B
:108D300024FF18ED34FFF9EC4D70E7E50E601EF8E6
:108D40007404C398F895E0F9E875F0FFA4F8ACF066
:108D500075F0FFE9A42CF9EA28FAEB39FB74041248
:108D60001A88EAF0A3EBF0E50A2408F50AE4350BCB
:108D7000F50BE508450960177808121716EEFCEFA9
:108D8000FDAA0AAB0BA90C12282D74021216F3EEE1
:108D9000FCEFFDAA0AAB0BA90C12281B7404121AD3
:108DA00088128E717002EB6D702AAA0AAB0B1292B8
:108DB000AF7404121A88E0687003A3E06970158527
:108DC0001882851983128E49AA0AAB0BA90C1228A6
:108DD00045750D017402121A88128E58C3E894F476
:108DE000E994FF40067EFC7FFF8049E824035001A0
:108DF00009128E4F803EC3E894F4E994FF40067E4A
:108E0000FC7FFF8009E82403500109128E4F851072
:108E100082851183128E62F8740899F9C3E89EE97D
:108E20009F5004E8FEE9FF74FE2508F582741635AC
:108E300009128810851082851183128812A90D7479
:108E4000081216F37F0C0213A8E0FCA3E0FD2254E5
:108E5000FC2408FEE439FF22128E5C22E0F8A3E035
:108E6000F922128E5CE4C39822E0F508A3E0F5092C
:108E700022128E49EA6C22C082C0837900E925E083
:108E8000FCE433FD74E02CF58274883DF583E06AE0
:108E90007003A3E06B600709E9C3940340DFD0834C
:108EA000D0820216DB74F612103BE9FE8A088B09A9
:108EB000ECFAEDFB128F8D500E128F96EE128FA1F1
:108EC000E508F0A3E509F07F020213A8C082C08381
:108ED0001227E580C974F412103BEAFEEBFF8C0800
:108EE0008D09794E121E4FE9603612935F6010EEC5
:108EF000FCEFFD9017FDE0F91228457900802374FE
:108F00000C121A88121534AC08AD09EEFAEFFB7991
:108F10000112280974021216F3E96004790980022B
:108F2000790A02811F74F612103B74F81217DBEAFB
:108F3000FEEBFF128F8D5040128F96E09017FD12BE
:108F40008FA11292D57508087509007808121716B6
:108F500074021217BBEA24F8FAEB34FFFB9017FDFA
:108F6000E0F91289091216F37402121A881292D5C6
:108F700074081216F3028EC7EEFAEFFB1228038B69
:108F800009A909EA4970BE7A007B0080E312283FF4
:108F9000E9F8C394032274FE29F582E43417F583BB
:108FA00022F0128FA622E929F8E433F9740128F59A
:108FB00082741839F5832274E812103B74F3121787
:108FC000DB740B121A88EAF0A3EBF08C0E8D0F7590
:108FD0001300794E121E4FE9607C7425121A88E046
:108FE000F516A3E0F517E516451770030292A37472
:108FF0000B121A881292D51228037401121A88EAE9
:10900000F0A3EBF09017FDE0F5127401121A88122C
:109010008589700579090292A57508087509007897
:109020000812171674051217BB7403121A88E0246D
:10903000F8FAA3E034FFFBA9121289091216F3749F
:1090400005121A88E50E2516F8E50F3517F9C3E065
:1090500098A3E0995005790A0292A57401121A8822
:10906000E0250EF50AA3E0350FF50B850A10F51182
:109070007427121A88E0F50CA3E0F50DAE16AF17B1
:10908000750800806975140175150078141217169B
:1090900074021217BBAA10AB11A912128909121679
:1090A000F3851882851983E0F8850C82850D83E0AD
:1090B0006860267508017407121A88C3E098F0A347
:1090C000E09400F0850C82850D83E0F87407121A95
:1090D00088E028F0A3E03400F00510E510700205E8
:1090E00011850C82850D83A385820C85830D128CDE
:1090F0001E7092E508A2E040030292A385188285C3
:109100001983E4F0A818A9198808890978081217A2
:10911000167407121A88128E49740D121A88129248
:10912000D5790012280974021216F3E9F50C7003C0
:109130000292577405121A88128E58C3E894FCE9FB
:1091400094FF40087508FC7509FF800DE824035062
:10915000010954FCF508E9F509A80CE828F8E433FE
:10916000F974F828F514741639F515851482F58309
:109170001292BD7409121A88E0F47003A3E0F4702F
:109180000A7C007401121A881292DB780E121716EC
:109190008E108F117810121716AC0C7405121A88E5
:1091A0001292D5A91212283374041216F3EE250E6A
:1091B000FEEF350FFF7427121A88121534AC16AD66
:1091C00017EEFAEFFBA90C12282D74021216F37495
:1091D00005121A88E0C3950EF8A3E0950FF9E8C3CD
:1091E0009516F50EE99517F50F780E121716EE2560
:1091F00016F50EEF3517F50F780E121716AC0CE5B5
:109200000A2516FAE50B3517FBA912122833740448
:109210001216F38514828515831292BD7405121AF5
:10922000881292C812281B7407121A88128E717045
:1092300002EB6D7022EEFAEFFB1292AF7407121A76
:1092400088E0687003A3E069700D7403121A881235
:1092500092C8122845800375130A851882851983E0
:10926000E060266512700B740A6513700512858024
:10927000803112875385188285198312858385185A
:1092800082851983E09017FCF0851882851983E0A8
:109290006512600F740A651360097C01EC121A886C
:1092A0001292DBA913740D1216F37F100213A8A9F2
:1092B0000C1228158A088B09A808A90922E0C39571
:1092C00008FEA3E09509FF22128E49EEFAEFFBA9F2
:1092D0000C2239F583E0FAA3E0FB22E0FAA3E0FBDD
:1092E000A91212280F2274F012103BEAFEEBFF8C39
:1092F0000A8D0B12283FE9F87410121A88E0F50C59
:10930000A3E0F50D7412121A88128E69E9C3940352
:109310005023E9FE780C121716AC08AD09128FA67F
:10932000E0250AFAA3E0350BFB74FE2EF582E43447
:1093300017F583801D12935F7004790A801E780CE4
:10934000121716AC08AD09EA250AFAEB350BFB90AB
:1093500017FDE0F91289091216F379000288F6EE7A
:10936000FAEFFB122803EA4B2274F212103BEAFEDA
:10937000EBFF8C0A8D0B1228038A088B09EA4B70CD
:10938000047909802EEEFAEFFB122857E50A6A707D
:1093900003E50B6B6004790C80197C01AA08AB090A
:1093A0009017FDE0F912280F12935F6004790A808C
:1093B00002790002880B74EC12103B74FC1217DB6C
:1093C000890B8A0AECFEEA75F01AA4F8A9F012A03B
:1093D0007CE5822407F508E43583F509E5082404D3
:1093E000F510E43509F511A3858212858313740203
:1093F000650B7034EC5401F8E5082403F582E4357C
:1094000009F583E8A2E0E43333F8129AB8A2E150F8
:109410000F1294D4EEC313A2E0B3E433FB1294C64C
:10942000A90A121CE70294BC7401650B6007E50BE6
:1094300060030294BCEC5420606B1294D4750C0150
:10944000750D00850882850983129DD5746328F502
:1094500082740839F583E0780C1218E490085FE014
:10946000550C60057B011294C6850882850983A38B
:10947000A3A3A3A3129962602CE875F0E8A4C8AA7C
:10948000F075F003A42AFA75F0E8E9A42A880CF52F
:109490000DE4F50EF50F780C12170E7A20A90A12BA
:1094A0009B501216F3EE5440601285108285118392
:1094B000129ACD851282851383129AC774041216EC
:1094C000F37F0C0213A87A80851282851383E0F95A
:1094D00012263B2279FF85088285098312A04AE97A
:1094E000851082851183F02274F012103B74FC12F7
:1094F00017DB8B0B740C6C4D60030295CD7414124A
:109500001A88E064557002A3E060030295CDEB6019
:109510005DE975F01AA4F8A9F0746228FC740839A2
:10952000FDEC2407F8E43DF9E8FAE9FBE82404F54A
:1095300008E43BF5097416121A88E0FEA3E0FF74F4
:1095400002650B702D8E828F83780C121A19780C9D
:10955000120D13850882850983E50CF0F98A828B48
:10956000831295D27005121C398003121C277901D1
:10957000805D7401650B7055888289831295D27065
:1095800005121C338003121C1BE9850882850983A0
:10959000F0E0F50CE4F50DF50EF50F780C120F6FF9
:1095A000851882851983780C121A0AA818A91988B7
:1095B0000C890D750E00780C1217127C047D00EEDC
:1095C000FAEFFB12270D74031216F380A179000243
:1095D000A1DC129DEE8C828D83E0547F6414227492
:1095E000F012103B8908129664E8FEE9FF8882F5C4
:1095F00083A3A3A3E0A2E1505A88828983A3A3A3F3
:10960000A3E0F9888212A0448E828F83A3A3A3A330
:10961000A3E0F50CA3E0F50DE50C75F0E8A4C50C8E
:10962000A8F075F003A428F875F0E8E50DA428F576
:109630000DE4F50EF50F780C12170E7A20129B4EE2
:109640001216F39089121215307A40129B4E1216A0
:10965000F3800E7A20A9081225097A40A90812255C
:109660000902A1E1E975F01AA4F8A9F0746928F8D3
:10967000740839F922C082C083900932E014FC805A
:10968000011CECC39400A2D265D033403BECF8330C
:1096900095E0F9E875F01AA4F8ADF075F01AE9A4B0
:1096A0002DF912A075641070D8A3A3A3A3A3A3A33C
:1096B000A3A3E0F8A3E0F9EC8A828B83F088828987
:1096C00083A3A3129DEA80047A007B00D083D0821A
:1096D0000216DB74EF12103BE975F01AA4F8A9F03A
:1096E000746228F508740839F509E5082407F50AB5
:1096F000E43509F50B790112251B8A0C8B0DAE0C94
:10970000AF0DEA4F70067A007B0080548A828B830B
:10971000A385820E85830FE50A2404F50CE4350B3E
:10972000F50D129DE4850882850983E0547F641459
:109730007005121C338003121C1BE9850C82850DF9
:1097400083F0E0F508E4F509F50AF50B7808120F47
:109750006F850E82850F837808121A0AEEFAEFFBE6
:109760007F090213A874E812103B74EF1217DB7420
:1097700007121A88EAF0A3EBF08910AA18AB1912A5
:109780001CED7401121A88EAF0A3EBF07401121AAE
:1097900088129962700302994A900932E0129ADAAB
:1097A000908855129CDB121657E5142407FEE43509
:1097B00015FFEE2404F512E43FF513851282F583BC
:1097C000E4F004121A88E0F8A3E0F98E828F83E8AF
:1097D000129CE7750C01750801750900E510780801
:1097E0001218E4E508F509EE2405F516E43FF5172F
:1097F000851682F583740AF0A3E4F07403121A88C4
:1098000012A1D074031217BB7A01A91012250FE917
:1098100060307403121A88780C121A19E50D547FFF
:10982000F9851682851783E50CF0A3E9F07403121D
:109830001A88780C121A19740F780C1219FBE50C9F
:10984000F50C850C08908029E05509601090085FA0
:10985000E055096005750801800375080090083718
:10986000E05509600C90083BE055096004780180E0
:10987000027800EE2403F50AE43FF50BE8333333B6
:1098800054F8F8850A82850B83E054F748F0740792
:10989000121A88129DF4A3E0A2E75049850A828536
:1098A0000B83E0D2E0F0740D1217BB7A04A91012FA
:1098B000254BE96015740D121A88780C121A198557
:1098C0001282851383E50CF0801B850C08851282BB
:1098D000851383E0FC7409121A88129954740912D2
:1098E00017BB129ABEE508A2E0500F8516828517B5
:1098F000831299626004740180027400C333F88596
:109900000A82850B83129AB87401121A88129DEA92
:10991000121C3F90085FE0F8850A82850B83E0A265
:10992000E1500890085FE045098009E509F4F990E5
:10993000085FE059F0E06860031225FF900932E00B
:10994000F9121CE7900932E004F074111216F37F4B
:10995000100213A8ECF012995A22A3E4F0A3F0A38A
:10996000F022E0F8A3E0F9E8492274EA12103B740F
:10997000FC1217DB890F8A0EECFEEA129ADAE51464
:109980002407F50AE43515F50BE50A2403F50CE484
:10999000350BF50D7402650F702074016E4D700467
:1099A000740180027400C333F8850C82850D831224
:1099B0009AB8A90E121D05029AA57401650F6007D9
:1099C000E50F6003029AA512A07054107003029A6A
:1099D00094850C82850D83E0A2E14003029A948570
:1099E0000A82850B83A3A312A3BDF510740839F571
:1099F00011751201751300851082F583A3E07812AA
:109A00001218E490085FE055126063129DE4121C86
:109A100033E9F8850882850983129AAFA2E25022C1
:109A2000E9C39402850882850983400AE014F0C3E3
:109A30009402502980037401F07401129AAFC2E2BB
:109A4000801A74FF68600C850882850983E004F041
:109A5000F4700A850C82850D83E0D2E2F07C0085EB
:109A60000882850983E0F9AA10AB111228E7850A5C
:109A700082850B83A3A3A3A3A3E0F510A3E0F511B4
:109A8000E4F512F513781012170E7A10A90E129B36
:109A9000501216F3EE5440600C850882850983123B
:109AA0009ACD129AC074041216F37F0E0213A8F016
:109AB000850C82850D83E022E054FD48F0227A0473
:109AC000851482851583A3E0F91225572212A01868
:109AD00012995AAC18AD197A042275F01AA4F8A993
:109AE000F0746228F514740839F5152274F7121011
:109AF0003BE9FE129665FB8882F583A3A3A3E0A24F
:109B0000E1503888828983A3A3A3A3E0F988828BDC
:109B100083129DEA121C39908A2E1215307A10EEAB
:109B2000F91224F174041216F39089121215307A86
:109B300040EEF9129B501216F3800E7A10EEF912D5
:109B400025037A40EEF91225097F010213A8A9081E
:109B50001224F774042274E812103B74F31217DB1A
:109B600089088A168B17AA18AB19121CED8A0A8B62
:109B70000BA90BEA497003029CD6900932E075F0FC
:109B80001AA4FAABF074622AF51474083BF5159028
:109B90008828129CDB121657E5142407FEE43515BD
:109BA000FF8E82F583E50A129CE7EE240412A021C1
:109BB00074FFF0750C01EE2405F50AE43FF50B8502
:109BC0000A82F5837464F0A3E4F004121A8812A3E5
:109BD000B61217BB7A01A90812250FE9603074018B
:109BE000121A88780C121A19E50D547FF9850A8229
:109BF000850B83E50CF0A3E9F07401121A88780C48
:109C0000121A19740F780C1219FBE50CF50C850C5F
:109C100009750A01750B00E508780A1218E4E50ACF
:109C2000F50A908029E0550A601090085FE0550A17
:109C300060057509018003750900EE2403F512E43F
:109C40003FF513851682851783A3A3A3A3A3E0A2E0
:109C5000E75049851282851383E0D2E0F07409123F
:109C600017BB7A04A90812254BE960157409121A6A
:109C700088780C121A19851082851183E50CF08002
:109C80001B850C09851082851183E0FC7405121A6E
:109C90008812995474051217BB129ABE90085FE09F
:109CA000F8E509A2E05005E0450A8006E50AF4F966
:109CB000E059F0E06860031225FFE509C333F88539
:109CC0001282851383129AB8900932E0F9121D05A9
:109CD000900932E004F0740D02994CE5142411FC53
:109CE000E43515FD740922F0A3E912A3B18E828F29
:109CF00083A3A3F02274F012103B74FC1217DB8BC9
:109D000009740C6C4D6003029DD07414121A88E023
:109D100064557002A3E06003029DD0EB605A129676
:109D2000647416121A88129DEA74026509704D88CF
:109D3000828983A3A3129E57FEE98882F583A3A399
:109D4000A3A3A3A3A3A3A3129DF4E0A2E150298A95
:109D5000828B83780C121A19780C120D13851882D5
:109D6000851983780C121A0AAC18AD197B047A0293
:109D70008E828983A312A1D6790180567401650968
:109D8000704E88828983129DD5746B28F582740881
:109D900039F58312A067E0F50CA3E0F50DE4F50EAC
:109DA000F50F780C120F6F851882851983780C12C5
:109DB0001A0AA818A919880C890D750E00780C12BA
:109DC00017127C047D0012270D74031216F380A86D
:109DD000790002A1DCA3A3129DDB22E075F01AA496
:109DE000F8A9F022850A82850B83129DEE22E0FA03
:109DF000A3E0FB2212A067A3A3A3A32274F6121070
:109E00003B74FF1217DBAA18AB19121CEDEA4B606A
:109E10003C900932129E572419F582E439F5837477
:109E200003F0E82417F582E439F5837411F0A37484
:109E30001DF0E82407500109FCE9FD8C8212A3A75C
:109E40008C828D83A3A3F0900932E004F074011298
:109E500016F37F020213A812A3C1F8740839F9E8B7
:109E60002274E812103B74FC1217DB890D8A0CEA8D
:109E700075F01AA4F8A9F0746928FE740839FF7403
:109E800002650D600302A013EE240212A021129EAF
:109E9000572407F50EE439F50F850E82F583A3A349
:109EA000E0F50AA3E0F50BE82415F516E439F517FB
:109EB000E50A2409F514E4350BF51512A070A2E0AB
:109EC0004003029FD47512008044E51275F01AA475
:109ED000F8A9F012A07564227032E512650C602CAE
:109EE000A3AC82AD83750A01750B00E0780A1218E5
:109EF000E4E50AF890085FE0586011E8F4F8E058EB
:109F0000F07B007A008C828D831294CE051290092A
:109F100032E0F8E512C39840B1E50E2404F50AE4F6
:109F2000350FF50B850882850983E0A2E24043AC3A
:109F300018AD198E828F83129DEA121C57850882F4
:109F4000850983E0D2E212A1C8AC14AD15740412E5
:109F50001657850A82850B83E060047401800274C1
:109F60000033333354F8F8850882850983E054F7C9
:109F700048F08E828F83A3A3A3E0A2E250368E82A4
:109F80008F83A3A3A3A3A3E0C0E07402121A88D016
:109F9000E012A02DE0C0E07401121A88D0E012A0F7
:109FA0002DA312A01874041215388E828F8312A06C
:109FB000391216F38E828F83A3A3A3A3E0F912A014
:109FC00042850A82850B83E070497C0112A0511200
:109FD0003A9E803F790012A042850882850983E07D
:109FE000A2E2502FC2E2F085148285158374041218
:109FF0001538850A82850B83A3A312A0391216F3A4
:10A00000850882850983E0A2E340087C0012A05104
:10A01000123A9E740402994CE0851882851983F0E7
:10A0200022F510E43FF511851082F58322F08E822F
:10A030008F83A3A3A3A3A3A322129DEE121C51748A
:10A0400004228E828F8312A04A22129DEE121C27B8
:10A05000227D00851082851183E0FA7902851682BF
:10A0600085178312A06722E0F8A3E0F58388822297
:10A0700012A39BEC2212A07CE0547F22746228F58C
:10A0800082740839F5832274F012103B74F81217A9
:10A09000DBEBFE740C6C4D600302A1C27418121A43
:10A0A00088E064557002A3E0600302A1C2EB700374
:10A0B00002A162E975F01AA4F8A9F0746228FA7492
:10A0C0000839FB8A82F583A385820C85830D741A77
:10A0D000121A88E0F508A3E0F50974026E60030225
:10A0E000A1668508828509837808121A19780812F2
:10A0F0000D138518828519837808121A0A8518822B
:10A100008519837808121A19EA240BF582E43BF5C5
:10A1100083E50812A1C87808121A199089167808E0
:10A1200012190AE5084509450A450B602690891A67
:10A130007808121A1985188285198378081218F779
:10A14000AC18AD197B047A01850C82850D8312A1B0
:10A15000D6800FAC18AD197A04850C82850D831258
:10A160009AC77901805E74016E70578518828519CF
:10A170008312A1D0AC18AD197A04850C82850D83A9
:10A18000E0F912254B851882851983780C121A196B
:10A19000780C120F6F7404121A88780C121A0A7451
:10A1A000041217AB880C890D750E00780C1217126B
:10A1B0007C047D00AA08AB0912270D74031216F364
:10A1C00080A0790074088016F08518828519832292
:10A1D00012995BA3F022E0F91225512274041216A1
:10A1E000F37F080213A874EC12103B74F71217DB0C
:10A1F0008910AA18AB19121CED8A128B13EA4B7046
:10A200000302A39690093212A3BDFE740839FF9091
:10A210008831EE2411FCE43FFD7409121657EE2438
:10A2200007F50AE43FF50B850A8212A3A7850A8287
:10A23000850B83A3A3F012A39B850882F583E4F02A
:10A2400004121A8812A3B61217BB7A01A91012259C
:10A250000FE960137401121A88780C121A19850814
:10A2600082850983E50CF07405121A8812A1D07456
:10A27000051217BB7A02A91012250F7401121A8851
:10A2800012A1D08E828F83A3AE82AF83041217BB3C
:10A290007A04E0F912254BE960157401121A8878E6
:10A2A0000C121A19850882850983E50CF0801E8539
:10A2B0000882850983E0FAE404121A88EA129955A3
:10A2C000041217BB7A048E828F83129AC77401120C
:10A2D0001A8812A3B61217BB7B047A018E828F8371
:10A2E000E0F9122545E960127401121A88121A71F8
:10A2F0007405121A88121A59801074051217BB7B44
:10A30000047A018E828F8312A1D67405121A88787E
:10A310000C121A197410780C121792850A82850B88
:10A3200083A3A3A3A3A3A3A3E50CF07405121A8827
:10A33000780C121A19850D09E509850A82850B83A7
:10A34000A3A3A3A3A3A3F07405121A88780C121A6E
:10A3500019850A82850B83A3A3A3A3A3E50CF0743C
:10A3600005121A88121A71E8494A4B600478018074
:10A37000027800E50A2403F582E4350BF583E8331F
:10A380003354FCF8E054FB48F0AA12AB13121C3F04
:10A39000900932E004F074090294BEE50A2404F541
:10A3A00008E4350BF50922F583EAF0A3EB12A3B11B
:10A3B0002212A1C8E02212995BA3F0042212A3C1C9
:10A3C00022129DDB7462282274F212103B74F41284
:10A3D00017DB8A088B09ECFEEDFF890C7C0C7D00F5
:10A3E0007900AA18AB191227197409121A88E412F5
:10A3F000AE57E0C0E07408121A88D0E0F08E828F69
:10A400008312A54112B0F3901D1FE024FFF50AA3AB
:10A41000E034FFF50B850882850983E0850A828593
:10A420000B83F0750D1E780D12171A780812171687
:10A43000780A121716E50C2401F508E43400F50932
:10A4400078081217167421121A88121534901904FC
:10A45000E0F97C137D1D74091217B3123A157409C3
:10A460001216F3740C02A55474F412103BE9FF9019
:10A470001D1F12AE35E9FE740E121A8812B34D80FC
:10A480001F88828983E0850A82850B8312B003A826
:10A4900082A983850A82850B83A385820A85830B23
:10A4A00074FF2EFE0470DA7410121A88E0901904FA
:10A4B000600474408001E4F0740C121A88121534A0
:10A4C000EFF912AFCE1216F3E9F9901904E4F00295
:10A4D000A54F74F412103B74F71217DBEAFEEBFF82
:10A4E000890A8C0B901D1F12B1FCFCEBFD7A367BA8
:10A4F0001A122965E9700A7408121A8812A5C88010
:10A50000127408121A887402F090182B12A541E8F0
:10A51000F0A3E9F0EEFCEFFDAA08AB0912A6FDE5F9
:10A520000AF0A3E50BF0E4F508F509780812171610
:10A53000790A74021217BB12AFCA1216F37409809B
:10A540000B12B0E1F9851882851983221216F37F68
:10A55000040213A81216F37F060213A8740212173E
:10A56000BB12AFCA1216F374091216F37F0202135C
:10A57000A81216F37F070213A874F612103B74F7A3
:10A580001217DBE9FE7408121A8812A5C312AC83F5
:10A59000EA12ACCFEBF0901D1FE02402FAA3E034E6
:10A5A00000FB12296B12B0DEC8240AF582E438F5EC
:10A5B00083EEF07508137509007808121716790BE9
:10A5C00002A55C12A5C8F022740FF08518828519C7
:10A5D0008374FDF0A374FF227F0C0213A874F112A0
:10A5E000103B8A088B097EFE7FFF750A00750B0001
:10A5F000EA240CF50CE43509F50D850C82F583127F
:10A60000B208EA4B70047C0880027C02E50824133F
:10A61000F582E43509F58312A89A2CF582E439F520
:10A6200083E0F50EEA4B7017880A890BAC0AAD0B74
:10A630007A367B1A122965E9603912AFEE802488D8
:10A64000828983E0FAA3E0F8E4C8F9EA28FEE43955
:10A65000FF90182BE06E7003A3E06F7016750A363A
:10A66000750B1A74FE6E700374FF6F6006E50A4581
:10A670000B700EE508240BF582E43509F583E070D4
:10A680007912B20574FE6E700374FF6F6018E50AEC
:10A69000450B6012E50E60067401650E70047800CB
:10A6A000801E7880801A7881850C82850D8312AC9B
:10A6B000C9EC4D700512AFEE8006750A36750B1A9F
:10A6C000E812A705AC0AAD0B12A6FDEEF0EFA3F061
:10A6D0009019047410F0850C82850D83E0F50AA3AF
:10A6E000E04480F50B780A121716790B12AA34127F
:10A6F000AFCE1216F3901904E4F002A57412296B80
:10A700008A828B83228A828B83F0A3AA82AB8322E4
:10A7100074F612103B901D1F12AFF18E82F583E488
:10A72000F0ECA3F0ED8E828F83A3A3F0740A121ACB
:10A730008812A7F8541F8E828F8312B00012AE3D8C
:10A7400012B00012AE4212A80212AE3D12A80212BE
:10A75000AE4212A81412AE3D12A814A312A7EB1217
:10A76000A82A12A7EBA3F0E82408FCE439FD8C82A8
:10A77000F583E0F508EE240BF582E43FF583E50868
:10A7800012AA73E0C0E0EE240CF582E43FF583D01A
:10A79000E012A82AA3A3A3E0C0E0EE240DF582E412
:10A7A0003FF583D0E0F0E8240BF582E439F583E04F
:10A7B000C0E0EE240EF582E43FF583D0E0F0E8241B
:10A7C0000CF582E439F583E0C0E0EE240FF582E475
:10A7D0003FF583D0E0F075080275098078081217FC
:10A7E00016791012A88B50010B804512AE43A3A31B
:10A7F000A3A3A3A3A3A3A32212B0E1F98882F583A4
:10A80000E022A3A3A312A80CA3A3A322A3A3F088CE
:10A8100082898322A3A3A3A3A3A3A312A81F22F028
:10A8200088828983A3A3A3A3A32212A81FA3A32280
:10A8300012AFCE02A56974F612103B12A897FEE97A
:10A84000FF8882F583E4F0EC12A8A5F0740A121ACE
:10A850008812A7F88E828F83A312A80C12AC9E5484
:10A860000FF9740C78081219FBE508C4498E828F21
:10A8700083A3A3A3A3F075080375098078081217B2
:10A8800016790512A88B50010B80A5EA2402FCE47E
:10A890003BFDEA240FFA22901D1F12A89E22E0F829
:10A8A000A3E0F9E822A3F0ED88828983A3A32274B0
:10A8B000EC12103B8A088B0912B348EC2409FAE425
:10A8C0003D8A0CF50DEC2406FAE43D8A0EF50FEEF8
:10A8D0007023EC4D601F850C82850D83E0FA850E98
:10A8E00082850F83E02AC333240CFAC3944F4007B8
:10A8F000791002AA287A04EE88828983F090182BB6
:10A9000012AE2BA3F090182C12AA56F0E82403F5EF
:10A9100082E439F583EAC39405500302AA1074FC5B
:10A920002AF08C828D8312AA5612AA7185820A851A
:10A93000830B12AE2B12AA7AF0EC2403F50AE43D45
:10A94000F50B850A82F58312AA5612AA7A12AA7109
:10A95000A3A3A3A3E0540F88828983A3A3A3A3A3E3
:10A96000A3A3A3A3F0850E82850F8312AE77A3A3C2
:10A97000A3A3A3F0E8240BF8500109850E82850FEC
:10A9800083E060317B00EC2407F50AE43D850A1082
:10A99000F5118014EB12AA2B12AA4712ACAD12AA21
:10A9A0004712AA5C5001090B850E82850F83E0FFD8
:10A9B000EBC39F40DF850C82850D8312ACB1A3A849
:10A9C00082A983850C82850D83E060467B00EC24A0
:10A9D0000A50010DF50A8D0B850C82850D83E0FC74
:10A9E000EBC39C502DEB25E0FCE433FD850A82850A
:10A9F0000B83E02CFFA3E03D12ACAD850A82850BF2
:10AA000083E02CFFA3E03D12AA5C5001090B80C833
:10AA1000E4F0750A04750B80780A121716EAF91229
:10AA2000AA3412AFCE1216F302A5D825E0F50AE437
:10AA300033F50B22E5082402FCE43509FDE5082482
:10AA40000FFAE43509FB22851082851183E0250A7F
:10AA5000FFA3E0350B2212AE2FA3A3228F82F58332
:10AA600012AA6422A3E088828983A3F0E82402F872
:10AA700022A3A3F08C828D83A322A3A3A3A3A3125A
:10AA8000AE4E12AE7BA32274F112103B74FF12176C
:10AA9000DBE9851882851983F08A0A8B0BECFEEDC1
:10AAA000FF901D1F12ACA67508047406650A700499
:10AAB0007480650B700575091080037509007410AA
:10AAC000121A8812ACB17411121A8812ACB674132F
:10AAD000121A88E0F98A828B83A3A3A3F060217401
:10AAE0000429F5087414121A8812B037121712E9E3
:10AAF000FC7D00EA2404FA50010B12ABC41216F3D9
:10AB0000E509901904F0780A121716A908EEFCEF6F
:10AB1000FD74021217B312AFCE1216F3E9F99019B1
:10AB200004E4F00402A57174EE12103B74FF1217D6
:10AB3000DBE9851882851983F012B0DA8808F509F7
:10AB40007413121A8812B0E18810F5118882F58307
:10AB5000E02404F50A850882850983E4F0ECA3F07B
:10AB6000ED850882850983A3A3F08882851183126D
:10AB7000AE69A3F08882851183A3A982AA83890C78
:10AB80008A0D750E00780C121712851082851183BC
:10AB9000E0FC7D00E5082404FAE43509FB12ABC4AF
:10ABA0001216F37508117509807808121716A90A8C
:10ABB000EEFCEFFD74021217B312AFCE1216F302C1
:10ABC000ACBF7D0012270D74032274F612103B7483
:10ABD000FF1217DBE9851882851983F0ECFE12A8B5
:10ABE00097FCE9FDEE88828983F0740D121A8812B1
:10ABF000ACDCA3F0E98C828D83A3A3F090190474DC
:10AC000010F075081575098078081217167903EA8F
:10AC1000FCEBFD74021217B312AFCE1216F3E9F972
:10AC2000901904E4F00402A56974F712103B74FF54
:10AC30001217DBE9851882851983F012AC83ECF0DA
:10AC4000740A121A8812B34D901D1FE0FCA3E0F5A0
:10AC5000838C82A3E812AC9712AC83A3A3A3E4F085
:10AC6000740C121A881215347904EAFCEBFD740294
:10AC70001217B312AFCE1216F374011216F37F013E
:10AC80000213A8901D1F12AC8A2212AC8E22E0F88B
:10AC9000A3E0F58388822212ACD3A3E9F022E0F589
:10ACA00008A3E0F5092212A89EFAE9FB228F82F59B
:10ACB0008312AE2FF02212B02CA312B044F02274F3
:10ACC000011216F37F0A0213A8E0FCA3E0FD221292
:10ACD000ACD322F0901D1F12AC8EA32212A89E8C22
:10ACE000828D832274EA12103B74FF1217DBE98510
:10ACF0001882851983F08A148B158C128D0F7418A5
:10AD0000121A88E0F50C75F00CA42404F50D12AEAF
:10AD1000928A088B09EA4B7005791002AE208A826C
:10AD20008B83A3858210858311AE10AF11E512F0DD
:10AD3000A3E50FF07417121A8812AE3DA312AE608D
:10AD4000E50CF0EE2404FE50010F750E007419128C
:10AD50001A8812AE358016E4F0E8FEE9FFE50A2411
:10AD600014F582E4350BF58312AE35050EE50EC3FE
:10AD7000950C507DE50A240BFCE4350BFDEEFAEF53
:10AD8000FB12296B850A82850B83A3A312AE3DA318
:10AD9000A3A3A3A3A3A312AFF7850A82850B83A362
:10ADA000A3A3A3A312AE2A12AE49A3A3A3E0C45443
:10ADB000F0FA88828983E04A12AE57A3A374FFF0A9
:10ADC000EE240CF8E43FF9EE240BFAE43FFB850A8D
:10ADD00082850B83A3A3A3A3A3A3A3E064FE7003B4
:10ADE000A3E0F48A828B83700302AD57740102AD35
:10ADF00058901D1FE510F0A3E511F0750A30750B92
:10AE000080780A121716A90DAC14AD15740212172A
:10AE1000B312AFCE1216F3E9FEAA08AB0912AE8C3C
:10AE200074011216F37F0E0213A8A312AE2F22E0B4
:10AE30008882898322E0F50AA3E0F50B2212AE4353
:10AE4000A322A3E08E828F832212AE4EA322F0852E
:10AE50000A82850B83A32212AE60A3A3A3A3A3221D
:10AE6000F08E828F83A3A3A32212AE6EA322E0856D
:10AE70000882850983A32212AE7B22E0888289831F
:10AE8000A3A3A3A3A322E9FEAA0AAB0B12B01EEE52
:10AE9000F92212AE96222401FAE43400FB1227CDE7
:10AEA00022E08A828B83A3A3A32274EA12103B744C
:10AEB000FF1217DBE9851882851983F08A148B1538
:10AEC0008C128D0D7418121A88E0F50C75F015A40B
:10AED000240412AFC07005791002AFBD8A828B8343
:10AEE000A385820E85830FAA0EAB0FE512F0A3E5B2
:10AEF0000DF07417121A8812AFE0A312B0E6E50C39
:10AF0000F0EA2404FA50010B75080475090074195D
:10AF1000121A8812AFF18016740E2508F50812B0C7
:10AF200008FA50010BEE2415FE50010F0509E50942
:10AF3000C3950C505FEEFCEFFD12296B8E828F8360
:10AF4000A3A3A3A3A3A3A3A312AFD612AFF7888290
:10AF500012AFD412B00212AFE0A3F0EE2413F8E463
:10AF60003FF98882F58312AFE550010BEE240BFC0C
:10AF7000E43FFD88828983E06403709C7415250892
:10AF8000F50812296BEE2414F582E43FF583E012F4
:10AF9000A7058091901D1FE50EF0A3E50FF0750E3B
:10AFA00033750F80780E121716A908AC14AD1574FE
:10AFB000021217B312AFCE1216F312AE8602AE20F3
:10AFC00012AE968A0A8B0BEA4B227AB37B18122DAB
:10AFD000EB740222F58312AFDA22E08A828B83229D
:10AFE00012AFDAA32212AEA1F0EA2404FA229018DA
:10AFF0002BE0FEA3E0FF22F0EE2409F8E43FF92263
:10B00000A3A3A312A80EA3228C828D8312AFDAF021
:10B010008C828D83A312AFDAA3F0EA2402221227D6
:10B02000D3901D1F74B5F0A37418F022E0F8A3E0CC
:10B03000F9E88A828B8322E0F50CA3E0F50D750E0A
:10B0400000780C22F0E98A828B83A3A32274F21287
:10B05000103B890A8A088B0990190512AFF1EEF8A6
:10B06000EF802688828983A3A3E0650A7010888216
:10B070008983A3A3A3E06A7003A3E06B6053E8FE97
:10B08000E9FF8882898312B0E1F9E84970D57A0531
:10B090007B001227CD8A0C8B0DA80CA90DEA496004
:10B0A000348A828B83A3A3E50A12B0E6E508F0A3F5
:10B0B000E509F08A828B83E4F0A3F090190512B2BF
:10B0C00008EA4B60068E828F83800390190512B0C8
:10B0D000F379008002791002A557EAFEEBFF901D7C
:10B0E0001FE0F8A3E02212B0EA22F08A828B83A349
:10B0F000A3A322E8F0A3E9F02274EE12103B8A0A1F
:10B100008B0B750C0090190512B1FC2410F510E49E
:10B11000350BF51102B1EEE50A240CF582E4350B8E
:10B12000F58312B34D850882850983A3A3A312B2C8
:10B1300008E86A7002E96B601B74FF6A700374FFB1
:10B140006B600302B1E5E9548070097413684960CB
:10B150000302B1E5851082851183E02417FAE434F7
:10B1600000FB12272B8A0E8B0FAE0EAF0FEA4F603B
:10B1700074850A0C850B0D750E00780C1217127C65
:10B180001712ABC21216F3851082851183E0603A64
:10B19000EE2417FAE43FFBEE2413F582E43FF58337
:10B1A000EAF0A3EBF0E50A2413F582E4350BF5830E
:10B1B000E0F50CA3E0F50D780C12171285108285CE
:10B1C0001183E0FC12ABC21216F38E828F8374D30C
:10B1D000F0EEFAEFFB850882850983A3A3E0F9125C
:10B1E0002737750C0185088285098312AC9EE50816
:10B1F0004509600302B117A90C02ACC4E0F508A32D
:10B20000E0F509EA22901D1FE0FAA3E0FB2274F6A4
:10B2100012103B74E91217DB7E00740A121A88744C
:10B220000212B352A3A312B34D7402121A8812B0C1
:10B23000F3EA2415F582E43BF583E0C0E0740B12D9
:10B240001A88D0E012B35212B34D740C121A88123D
:10B25000B0F3EA2419F582E43BF583E0C0E0740E14
:10B26000121A88D0E0F0EA2420F582E43BF583E06E
:10B2700014C0E07410121A88D0E0F0EA2422F8E436
:10B280003BF98882F583E02401FCA3E03400FD74DF
:10B2900013121A88ECF0A3ED12A80E12AC86E0C0CF
:10B2A000E0740F121A88D0E0F0EA2412F582E43B31
:10B2B000F58312B34D7411121A8812B0F3EA2424E4
:10B2C000F582E43BF58312B34D7415121A8812B05F
:10B2D000F3AA18AB19122E45E9FC80010EEEF50811
:10B2E000750900740278081218E474722508F8745D
:10B2F000483509F98882F583E493C0E0740193F539
:10B3000083D082AA82AB8374FF6A700374FF6B6080
:10B3100028740C121A88E06A7003A3E06B70BDAA4F
:10B3200018AB1988828983A3A3E493C0E0740193C6
:10B33000F583D082123A9E800AEC7007AA18AB19E6
:10B34000122CEF741702A569E9FE901D1F12B0E1DF
:10B35000F92212B0EAA32274F412103B8908EAFE23
:10B36000EBFF901827E07021750ABD750B2B780A4A
:10B370001217167C147D007A007B00122A85740255
:10B380001216F39018277401F07A057B001227CD6E
:10B390008A0A8B0BA80AA90BEA4970047910804429
:10B3A0008A828B83E4F0A3F08A828B83A3A3E508CF
:10B3B000F08A828B83A3A3A3EEF0A3EFF09018256D
:10B3C00012BF9E9018256017E0FCA3E08003EAFC02
:10B3D000EBFD8C828D8312BF9E70F38C828D831265
:10B3E000BF78790002B6C61216F37F0C0213A8FAD2
:10B3F000E43509FB12270D740322FEFA7B001227A5
:10B40000CD8A088B09EA4B2212BC34F9E82274EC8D
:10B4100012103B890A8A0E8B0FECFEEDFF7800605C
:10B420000278017416121A88E0F50BC3330428F56C
:10B430000C750D00FAAB0D12B3FE700302B50DA82A
:10B4400008A909EF60107415121A88E08A828B83AC
:10B45000F0A3A882A98388828983E50BF0A3A88240
:10B46000A9837C007417121A8812BFA48034EC25BB
:10B47000E0F510E433F511EA2510F510EB3511F580
:10B4800011851082F583E088828983F0851082859A
:10B490001183A3E088828983A3F0E82402F8500195
:10B4A000090CECC3950B40C67808121716780C12DD
:10B4B0001716741E121A88E0F50B780B12171AE48F
:10B4C000F50C780C1217167420121A88E0F50B7818
:10B4D0000B12171A741C121A88E0F50B780B12174E
:10B4E0001A750B01780B12171AEEF50B780B121761
:10B4F0001A7C047D00AA0EAB0FA90A12B6CF121651
:10B50000F3E9F50BAA08AB091227D38003750B10DA
:10B51000A90B02B3EA74F412103B74FD1217DBE9B5
:10B52000FE851882851983EDF0740F121A8812B601
:10B53000B07401121A88E8F07402121A8812B586E3
:10B54000121716750A03750B00780A12171674166F
:10B55000121A8812B6B512171AE4F50A780A1217E9
:10B56000167418121A8812B6B512171A75090178CE
:10B570000912171A780912171AECF5097809121727
:10B580001A7C0402B6BBE9F0A818A919880A890B2D
:10B59000780A2274EA12103B89108A148B158C0FDA
:10B5A0008D1178047416121A88E0F50CA3E0F50DDD
:10B5B000E50C2402F50AE4350DF50BEC7009850A5B
:10B5C00082850B83E028F8E812B3FA700302B6898B
:10B5D0008A828B83E50FF0850C82850D83E08A8259
:10B5E0008B83A312B69212B69BEA2403F8E43509C2
:10B5F000F9E50F7036850A82850B83E0888289839E
:10B6000012B692A3A3A982AA83890C8A0D750E0093
:10B61000780C121712850A82850B83E0FC7D00E509
:10B6200008240412B3EF1216F3800688828983E49B
:10B63000F078081217168E0A750B00780A12171682
:10B64000741C121A8812B6AA12171AE4F50A780A9C
:10B65000121716E511F50A780A12171A750A0178F9
:10B660000A12171A780A12171A780A12171A7C0483
:10B670007D00AA14AB15A91012B6CF1216F3E9FE7D
:10B68000AA08AB091227D380027E10EEF97F0E02C2
:10B6900013A8F0850C82850D83A322E08A828B8318
:10B6A000A3A3F022851082851183E0F50A780A228F
:10B6B00012BC34F922E0F50978092212B6CB121631
:10B6C000F374031216F37F040213A87D00EEF9123F
:10B6D0002AA3740B22C082C0838A828B83A3A3E037
:10B6E000540764017007122BC3E9F980027901D075
:10B6F00083D0820216DB74F612103B8A828B83128F
:10B70000B408FEE9FFE812BB75FC90182580048898
:10B7100082898312BC2D606088828983A3A3E0FDA7
:10B72000EC6D600574FF6D70E688828983A3A3A326
:10B73000E0FCA3E0FDEC4D603F8E828F83A3A3A3CA
:10B74000A312BBA378081213100000040000005FCE
:10B75000B704008CB70600A1B70800A6B778B78A6F
:10B76000828B83A3A3E05408701E8A828B83A3A3D9
:10B77000A3A3A3A3A3E060047901802F8C828D830F
:10B7800012BFB06003123A9E7900801F8A828B83B9
:10B79000A3A3E054087005122BCF800D122BD58087
:10B7A00008122BDB8003122BE1E9F902C0E574F1EA
:10B7B00012103B74FF1217DB8909EAFEEBFF8C0ABB
:10B7C0008D0B851882851983E4F08C828D83A3A369
:10B7D000E0F508E4F50CF50D780C1217167402125A
:10B7E00017AB880C890D780C1217167C007D007A37
:10B7F000047B00A909122B2D74041216F3851882FC
:10B80000851983E06038E508C39410400375080F7C
:10B810008E828F83A3A3E50812B851A3A3A3A982A4
:10B82000AA83890C8A0D750E00780C121712AC08C9
:10B830007D00EE2403FAE43F12B3F31216F3EEFA9E
:10B84000EFFBA90912322374011216F37F070213CA
:10B85000A8F0850A82850B832274EC12103B74CA0F
:10B860001217DB8A088B097F007402121A88E4F031
:10B87000A3F07E007C12FDF974041217B31227198D
:10B88000850882850983A3A3A3A3A3A3A3A312BBB3
:10B89000ABA3A882A983850A82F583E0FC8882890C
:10B8A00083E0FB7404121A88ECF0A3EBF0E50824A3
:10B8B00006F510E43509F511E5082407F50EE43521
:10B8C00009F50F850E82F583E0601E146063147025
:10B8D0000302B98A14700302BABB14700302BB0AD4
:10B8E00014700302BB1C02BB5FAC0AAD0B740412E4
:10B8F00017B312BC1EE9FC600B74B86C70047C8A30
:10B9000080027C8912BBE5600302BB6112BC25602A
:10B910000302BB6112B6A412171A750A01780A1243
:10B92000171A7406121A88121534ECFD7C0002BA3C
:10B93000FB12BBB8600302BB618C828D8312BC2BEF
:10B94000600302BB617404121A88E0FAEC12BB9225
:10B950003DF583E0F91232298A0A8B0BEA4B600429
:10B960007C00800B7C8B74041217AB880A890B1245
:10B97000BBCE12171A780A1217167D0112BB681275
:10B980002BB774031216F302BB0612BBB860030296
:10B99000BB618C828D83A3A312BF9E600302BB6137
:10B9A000850A82850B83E0FE880A890B7A207B005A
:10B9B00012BE21700302BA67EE700612BC16FF8039
:10B9C000528E12850A82850B83E0FAA3E0F9740493
:10B9D000121A88EA12BF79E50A2402F50A50020514
:10B9E0000B7404121A8812BFA412BBFF123229EA88
:10B9F0004B60177404121A8812BFA4EF12BE2BE515
:10BA00000D39F583EAF0A3EBF00F1512E51270B3D0
:10BA1000EF604B123247E9F985088285098312BB32
:10BA2000A312B6A412171A750A01780A12171A7807
:10BA30000C121716EFF50A780A12171A7410C39928
:10BA4000F50A780A12171A750A01780A12171A7D70
:10BA5000017C0212BB7D122BAB74071216F3AA0CE9
:10BA6000AB0D1227D38052850E82850F8312BB98AF
:10BA7000121A887489F012BBCE12171AE4F508F571
:10BA8000097808121716750801780812171A78082D
:10BA900012171A74051217AB88088909780812174B
:10BAA000168E828F83A3A3A3A3E0FCA3E0FD12BBA9
:10BAB00068122AC774071216F3804B7404121A888E
:10BAC000E0FA12BBFF12323BE960047C0080027C8A
:10BAD0008B12BBE5600302BB6112BC25600302BB95
:10BAE0006112B6A412171A750A01780A12171A748D
:10BAF00006121A88121534ECFD7C0312BB7D122B42
:10BB0000B174041216F37EFF805774161217B31225
:10BB1000BC16604D12BBFF1232418045E4F50CF5B6
:10BB20000D780C12171674041217AB880C890D7857
:10BB30000C1217167C007D007A037B0012BBFF12EB
:10BB40002B2D74041216F37402121A8812BC2D6085
:10BB500010AC0AAD0B74041217B312BC1E80027E27
:10BB600001EEF9743602B3E7EE2406FAE43FFBEE89
:10BB700012BB75F92212BB923FF583E022E508243F
:10BB800006FAE43509FBE50812BB923509F583E0B6
:10BB9000F9222414F582E422E0851882851983F0C5
:10BBA000740122E0F508A3E0F50922E0F50AA3E01C
:10BBB000F50B850A82F58322850882850983E0FCDE
:10BBC000A3E0FDEC2415F582E43DF583E022850831
:10BBD00082850983E0FEA3E0FF851082851183E062
:10BBE000F508780822850882850983E0F508A3E036
:10BBF000F509E5082415F582E43509F583E02212FC
:10BC0000BC032285088285098312BC34C812BB920A
:10BC100038F583E0F92212BC03123235E92212BC56
:10BC200003122BC922850882850983A3A312BC3481
:10BC3000F9E84922E0F8A3E02274EA12103B74E428
:10BC40001217DB8A0E8B0F8C088D098A828B83A3D7
:10BC5000A3A3A3A3A3A3A3E0FEA3E0FF7513007C0B
:10BC6000127D007900740A1217B31227197C0A7D1D
:10BC7000007900AA18AB19122719EE2402FAE43F42
:10BC8000FBE5082418F508500205098E828F83A36E
:10BC9000A882A983E50E2407F50AE4350FF50B8584
:10BCA0000A82F583E0600F14600C14700302BD7704
:10BCB00014600302BE148E828F83E0FC7403121A98
:10BCC00088ECF0E9FF8882F583E0F50C8A828B83AB
:10BCD000E0F9740A121A88E50C12BF79EC705985E4
:10BCE0000A82850B83E06401704E88828F83A3A350
:10BCF000E0F9E82403FE50010FE9C39410400279F3
:10BD00000F740C121A88E9F08E108F1175120078DA
:10BD100010121712E9FC7D007410121A88AA82AB67
:10BD20008312B3F41216F3740C121A88A882A98332
:10BD30007408121A8812BF7885088285098312BC9C
:10BD40002D700302BE1712BE37C0E07402121A88AB
:10BD5000D0E0F07404121A887401F0740A1217AB60
:10BD60007405121A8812BF787407121A88E412C177
:10BD70001E123A9E02BE17750C00750D008E828F42
:10BD800083E0C0E07407121A88D0E012BF7EE0F5AD
:10BD9000100E0EEBFFE510604325E0FAE433FB12D2
:10BDA000BE2160387404121A88E510F07A008026EB
:10BDB0008E828F83E0FCA3E0F8E4C8F9EC28E43934
:10BDC000FDEA12BE2BEB39F583ECF0A3EDF0EE2487
:10BDD00002FE50010F0AEAC3951040D485088285FF
:10BDE000098312BC2D601E12BE37C0E07402121A05
:10BDF00088D0E0F07405121A88E50CF0A3E50D1266
:10BE0000C11E123A9EE50C450D600CAA0CAB0D123A
:10BE100027D38003751301A913741C1216F302B6FD
:10BE20008D1227CD8A0C8B0DEA4B2225E0F8E433E6
:10BE3000F9E50C28F58222850E82850F83E0240621
:10BE4000F8A3E03400F9851882851983E8F0A3E9A6
:10BE500012B851E02274F612103B74F61217DB7E12
:10BE6000008A828B83A3A3E05408600302BF718A17
:10BE7000828B83A3A3A3A3A3A3A3E0FFEA2408F8D0
:10BE8000E43BF9EF601314601014600D24C26022CB
:10BE900014607214607902BF6F8C828D83A3A3A398
:10BEA000A3A3A3A3A312BFB0700302BF71EFF90253
:10BEB000BF6AEC240AFC50010DF5828D8312BBA3EE
:10BEC000E5084509700302BF718A828B83E024066E
:10BED000FAA3E03400FB851882851983EAF0A3EB0E
:10BEE000F012BF84C0E07402121A88D0E012BF7E44
:10BEF00012C129A3E0C0E07403121A88D0E0F0AAAE
:10BF000018AB19805EEC240C12BFAA6064805BEC55
:10BF1000240E12BF92605A12BF84C0E07404121A39
:10BF200088D0E012BF7E12B6B08882F583A3E0F518
:10BF30000888828983A3A3E0FB7406121A88E508A7
:10BF4000F0A3EB12BF7EA3A3A3E0FA88828983A3A8
:10BF5000A3A3A3E0F97408121A88EA12BF79740443
:10BF60001217B38C828D8312C129123A9E80027EF1
:10BF700001EEF9740A02C0E2E8F0A3E9F022F088C9
:10BF80008289832288828983E0FAA3E0F5838A820A
:10BF9000E022FAE43DFBEAFCEBFD8A82F58312BF66
:10BFA000A4EA4B22E0FAA3E0FB22F582E43DF5830C
:10BFB00012BC348882F583E58245832274F6121020
:10BFC0003B74F41217DB78007E008A828B83A3A374
:10BFD000E05408600302C0DEEA2408F508E43BF5FB
:10BFE000098A828B83A3A3A3A3A3A3A3E060231442
:10BFF000606114700302C08414700302C0CF146027
:10C000000F14604D14607B14700302C0CF02C0DCBB
:10C010007801EC241012BF92700302C0DE12C10A34
:10C02000851882851983F06023F4602012C0F41211
:10C03000C0EAE0FB7401121A88E508F0A3EBF07483
:10C0400003121A88E8F0AA18AB19807A7E8702C01A
:10C05000DE7801EC241212BF92700302C0DE12C11E
:10C060000AC0E07404121A88D0E012C103C0E07460
:10C0700005121A88D0E0F07406121A88E8F07404E9
:10C0800080417801EC241412BF92605212C10AC0A0
:10C09000E07407121A88D0E012C103C0E0740812DD
:10C0A0001A88D0E0F012C0F4A312C0EAA3E0FB7437
:10C0B00009121A88E508F0A3EBF0740B121A88E84D
:10C0C000F074071217B38C828D8312C1298008EC9B
:10C0D000241612BFAA6007123A9E80027E01EEF972
:10C0E000740C1216F37F020213A8E0F5088A828B03
:10C0F00083A3A32285088285098312BFA48A82F5BF
:10C1000083A322F012C10FA3E02212C10FE0228507
:10C110000882850983E0F9A3E0F583898222F0AAE9
:10C1200018AB1985088285098312BC34F58388828F
:10C130002274E812103BEAFEEBFFC200EA243E1232
:10C14000CAB9700BEA243F12CAB9700302C31B12AA
:10C150001F578A0C8B0D8C0E8D0F751400EE244B1F
:10C16000F516E43FF517804B75100A75110085161A
:10C170008285178312C947E4F512F513850C0885EB
:10C180000D09850E0A850F0B780879101218D18ACF
:10C19000828B837808121A0A908A127808121A1968
:10C1A0008A828B83A3A3A3A3A3A3A3A378081219B2
:10C1B000430514EE244712CAB9F8E514C3984003A6
:10C1C00002C305E514F508750900EE244412C337CF
:10C1D00034008882F583E0F874FF6860D4E875F075
:10C1E00014A4F8A9F012CAB628F8A3E039F9EE248D
:10C1F0004912C32B88828983A3A3C082C08388820B
:10C20000898312C763D083D08212C7552401085096
:10C210000109EE244D12C32B740478081218E4EEC1
:10C22000244212C3373509F9851682851783E8F051
:10C23000A3E9F012C77E543FF0851682851783125A
:10C24000C763E8FAE9FB8882F583780C1219AD40E0
:10C250000BEE243F12CAB9700302C1B1EA240D12D9
:10C26000C7A0D2E7F0D200EE244912CAB92406F8DA
:10C27000A3E03400F9E8FCE9FD8882F58312C322CB
:10C28000748928F8741B39F9888212C945EE2AFA94
:10C29000EF3BFBE82402F508E439F509850882F54F
:10C2A00083E0F47003A3E0F470118C828D8312C3D9
:10C2B00022748D28F582741B3980318508828509A6
:10C2C0008312C769EC2CFCED33FD88828983A3A31C
:10C2D000A3A312C763EA28F582EB39F583E02CF8B3
:10C2E000A3E03DF9E824FEF582E934FF12C580128F
:10C2F0003A9EC3EA940AEB9400500302C1688A1084
:10C300008B1102C16EA2005007EEFAEFFB1229BF9B
:10C31000EE243FF582E43FF583E4F0A2007F1002B3
:10C3200013A8E075F006A4F8A9F022F582E43FF521
:10C3300083E8F0A3E9F02212C33B22F582E43FF543
:10C3400083E02508F8A3E02274F012103B74101269
:10C350001A88780C121A19850C08850D09850E0AA1
:10C36000850F0B74187808121792780812171AE5BF
:10C370000CF508780812171A850D09E509F50878F3
:10C380000812171A7410780C121792850C08A90855
:10C390001229AD74031216F302CB5974F412103B38
:10C3A0008908740C121A88E0FE740D121A88E0F9DC
:10C3B000740E121A88E0F8EA244912C7A0FFA3E01D
:10C3C000CF240712CAB9A2E3502B74E12812C41774
:10C3D00012171A74E12912C41712171A74E12E12D7
:10C3E000C41712171AA80874E128F582E43481F5FD
:10C3F00083E0F9801AE8F509780912171AE9F509B6
:10C40000780912171AEEF509780912171AA90812F5
:10C410003A7B740302C559F582E43481F583E0F573
:10C420000978092274F312103BEAFEEBFF7A007BD5
:10C4300000740D121A88E0F50AA3E0F50B804AEAB1
:10C44000F8EBF9E875F003A4F885F00875F003E956
:10C45000A42508F9EC28F508ED39F509EE28F8EFE0
:10C4600039F9850882850983E088828983F0850807
:10C470008285098312C497F0850882850983A312F7
:10C48000C497A3F00AEA70010BC3EA950AEB950B77
:10C4900040AD7F050213A8A3E088828983A322749C
:10C4A000F312103B8A828B8312CC5CF8A3E0F97400
:10C4B0000D121A88E0F50AA3E0F50B740F121A8822
:10C4C00012C790807FE50A2AFEE50B3BFFEE75F070
:10C4D00003A4FE85F00875F003EFA42508FFE82EFD
:10C4E000FEE93FFFEE24FDFEEF34FFFFEC2AF508E6
:10C4F000ED3BF509E50875F003A4F50885F00C752A
:10C50000F003E509A4250CF509E82508F508E93547
:10C5100009F509E50824FDF508E50934FFF5098E5C
:10C52000828F83E0850882850983F08E828F831253
:10C53000C54FF08E828F83A312C54FA3F0EA24FF6C
:10C540001AEB34FFFBEA4B600302C4C502C492A39A
:10C55000E0850882850983A3221216F37F04021363
:10C56000A8C082C083EA243C12C57CE58245837062
:10C5700005123A818003123A9E02C789F582E43B94
:10C58000F583E0F8A3E08882F5832274F712103B6C
:10C59000EAFEEBFF122A1FEE243EF582E43FF5830C
:10C5A0007401F0FF0213A8F002C78974F712103B60
:10C5B000E9FC79001229D102C63B74F612103BEA5D
:10C5C000FEEBFF89088C09122A25E5097004780022
:10C5D000800BC39440400478408002A809E50875A8
:10C5E000F014A4FAABF012CAB62AF9A3E03B898290
:10C5F000F583A3A3A3A3A3A3E8F002C6CAC082C085
:10C600008379001229DD02C78974F712103BC3EC4D
:10C61000940BED940050067E0A7F00801474FF6C2A
:10C62000700374FF6D70067EFF7FFF8004ECFEEDEB
:10C63000FF12C7A8EEF0A3EFF080007F010213A85D
:10C6400074EF12103B8908E4F509F50AF50B741034
:10C6500078081216788C0CF50DF50EF50F74087825
:10C660000C1216787808790C12191D8D0CE4F50D52
:10C670007808790C12191D780812170E1229E9741E
:10C68000041216F37F090213A8C082C083851882A2
:10C6900085198312153079001229EF74041216F3EC
:10C6A00002C78974F612103B740A121A88121A35DE
:10C6B000E975F014A4F885F009A90912C7B9A3A374
:10C6C000A3A3A3A3A3121A6580007F020213A87478
:10C6D000F112103BEAFEEBFF8909750800E508F549
:10C6E0000C750D007402780C1218E4850C0A850D87
:10C6F0000BEC250AF582ED350BF583121A71E5096D
:10C7000075F014A4F50C85F00EE50EF50D12CAB601
:10C71000250CF50CA3E0350DF50DE50C250AF58289
:10C72000E50D350BF583A3A3A3A3A3A3A3A3121A1B
:10C73000590508E508C3940340A37F070213A874B2
:10C74000F712103BEAFEEBFF123A63EEFAEFFB1230
:10C7500029BF02C63BE0C398F8A3E099F9E8228814
:10C7600082F583E0F8A3E0F922E0FCA3E0FD227467
:10C77000081216F3740C1216F37F060213A8E824AD
:10C780000DF582E439F583E022D083D0820216DBF6
:10C79000E0FAA3E022E975F014A4FCADF0EA24402D
:10C7A000F582E43BF583E02212C7952CF8A3E03D27
:10C7B0008882F583A3A3A3A32212C79D12C7C1A396
:10C7C0002228FAA3E0398A82F58322E0F8A3E0F573
:10C7D00083888222C082C0838A828B83A3A3E0F8ED
:10C7E0008A828B83A3A3A3E0687004790380027913
:10C7F0000402C789F902C78974F212103B74F4125B
:10C8000017DB8A088B09E9FE8C0A8D0B908806AC31
:10C8100018AD19740C121657741D121A88121A7159
:10C82000851882851983121A597423121A8812C91D
:10C830004C12171A7422121A881215347403121724
:10C84000AB880C890D780C1217167421121A8812F5
:10C85000C94C12171A7420121A88121534AC0AAD7A
:10C860000BEEF9AA08AB09122A0D02C76F74F41275
:10C87000103BEAFEEBFF8908EA244612CAB9F8E940
:10C88000C398400302C942EA244812CAB9F50AE92A
:10C890002401FAE43400FBE50A9AE49BC365D03333
:10C8A0005004740129F0E975F014A4F8A9F0EE24FD
:10C8B00040FAE43FFB8A82F583E028F50AA3E039D9
:10C8C000F50B850A82F583ECF0A3EDF0740C121AD7
:10C8D0008812C769850A82850B83A3A3ECF0A3EDB8
:10C8E000F0740E121A88E0850A82850B83A3A3A335
:10C8F000A3A3A3F08A828B83E028F8A3E039F9741C
:10C9000011121A8812C94788828983A3A3A3A3EAB4
:10C91000F0A3EBF07413121A8812C498A3A3A3A374
:10C92000A3A3F0740F121A8812C769A908EEFAEFD0
:10C93000FB1229F512C9525009A908EEFAEFFB12B1
:10C940002A1302C55CF58312C790FB22E0F50C7830
:10C950000C22EE2447F582E43FF583E0F8E508C3B6
:10C96000982274F012103BEAFEEBFF890CEA244493
:10C97000F50AE43FF50BEA2447F508E43FF509859D
:10C980000882F583E0FC7D00850A82850B8312C94D
:10C99000D4702B7A0080010A850882850983E0F82B
:10C9A000EAC3985019EAF8850A82850B8312C9C137
:10C9B000F470E4E50CF0F9EEFAEFFB122A2502CB55
:10C9C00059E028F8A3E034008882F583E022850846
:10C9D0008285098312C9DAEA4B22E0FAA3E0FB124E
:10C9E0003A8D2274F712103BEAFEEBFF122A1FEE7B
:10C9F000244612CAB975F014A4FCADF07900EE24F7
:10CA00004012CA21244712CAB9FC7D0079FFEE24E6
:10CA10004412CA212448F582E43FF583E4F002C6BB
:10CA20003BF582E43FF58312C790FB122719EE22F3
:10CA300074F612103B12CA59F5087509007404788F
:10CA4000081218E4AC08AD09F9EA2442F582E43B87
:10CA500012C94512271902C6CAEA2447F582E43BE7
:10CA6000F583E02274F212103B12CAA512CAB9FC77
:10CA70007D0012C9CE602B7C107D00790085088274
:10CA8000850983E0F508A3E0F509EAC39508F508F0
:10CA9000EB9509F509740478081218E412CAC1125A
:10CAA000271902C779EAFEEBFFEA2444F508E43FC0
:10CAB000F509EA244722EE2440F582E43FF583E0BD
:10CAC00022EE2442F582E43FF583E02508FAA3E054
:10CAD0003509FB2274F012103BE9FE74FFC39EFE81
:10CAE000C39455EE502F75F003A4FAA8F0E428FB88
:10CAF00074FF12CB61741078081216788A0CEBF56B
:10CB00000D3395E0F50EF50F7808790C12191DAC70
:10CB10000AAD0B8044C394AA501A74AB12CB707444
:10CB200008780C12167812CB5E780C790812191D51
:10CB3000AA0C801F745612CB707410780C121678E1
:10CB400012CB5E74087808121678780C79081219DE
:10CB50001D7A00AB0DAC0EAD0F7F080213A874FF59
:10CB6000C39AF508E49BF5093395E0F50AF50B2225
:10CB70002E75F003A4FAA8F0E428FB8A0CF50D3317
:10CB800095E0F50EF50F2274F612103BEAFEEBFF6E
:10CB90008909EEFAEFFB122A37E9F508F8E509C32F
:10CBA00098FA95E0FB123A87EAF974FFC399F8EA1C
:10CBB000C3984002E8FAEAC3942A40D6A90802C6FC
:10CBC000CAC082C083EA242EF8E43BF9E8FAE9FB04
:10CBD00012C75FE875F005A4C8ACF075F008A42C86
:10CBE000FC75F005E9A42CF9E82419F8E93436F9C4
:10CBF0008A828B83E8F0A3E9F0E82902C7F474F68F
:10CC000012103BE9FE122A37E98EF0A4A9F002C601
:10CC1000CA74F612103BEAFEEBFF122A37E9F50957
:10CC2000EEFAEFFB122A37E9FAAB0902C6CA74F032
:10CC300012103B8C088D09122A438A0C8B0DE4F5E7
:10CC40000EF50FF50AF50B780C7908120ED4741056
:10CC5000780C121792AA0CAB0D02CB5912C7CBE07D
:10CC600022C082C0838518828519831215349018DA
:10CC700015E0F9122A5574021216F3E9F990181505
:10CC8000E00402C5A774F712103BE9F8743929F9DA
:10CC9000C3944150267409121A88E0FEA3E0FFE80D
:10CCA00028FCE433FDEA2CFAEB3DFBEA2430F58264
:10CCB000E43BF583EEF0A3EFF08002790002C63B7F
:10CCC000C082C0838A828B8312CFF5E0F98A828B7F
:10CCD00083A3A3A3A3E0F88A828B83A3E060081454
:10CCE000600B14600E8016EC12D1098010EC12D18A
:10CCF00002800AECC394205004EC12D0FBE96008D7
:10CD000014600B14600E8016E812D1098010E8122E
:10CD1000D102800AE8C394205004E812D0FBD083EB
:10CD2000D0820216DB7F010213A874F412103B12AA
:10CD3000D238E50B600814600A14600C801412D11C
:10CD400007800F12D100800AE50AC3942050031215
:10CD5000D0F9E508600814600B14600E8016EF121D
:10CD6000D1098010EF12D102800AEFC39420500441
:10CD7000EF12D0FB7A0C7B00121E5BE50B600814EF
:10CD8000600F1460168023E5095280E50A42FD8099
:10CD900019E5095290E50A42FE800FE50AC3942086
:10CDA0005008E50952A0E50A42FF7A0C7B00121EEA
:10CDB0005BE508600814600A14600C801312D2311D
:10CDC000800E12D22A8009EFC39420500312D2237E
:10CDD000D2AF7A0C7B00121E5B02D21E74F71210C7
:10CDE0003B12D10EFE8A828B83A3A3A3A3E0FAC2D7
:10CDF000AFED600814600D146012801CE85280ECE6
:10CE000042FD8014E85290EC42FE800CECC394206A
:10CE10005006E852A0EC42FFEE600814600B14606C
:10CE20000E8016EA12D1098010EA12D102800AEAB5
:10CE3000C394205004EA12D0FB780079FAEE60081F
:10CE400014600914600D8014E5808002E5905A702A
:10CE5000128005E5A05A700B78008003E470041975
:10CE6000E970DA7807800100E8F974FF29F80470A6
:10CE7000F6ED600814600B14600E8016EC12D109F8
:10CE80008010EC12D102800AECC394205004EC1202
:10CE9000D0FB7807800100E8FA74FF2AF80470F6E6
:10CEA000D2AF02CD2574F412103B12D672FDF4F904
:10CEB00012CFEAF508F4FBC2AFEF600814600A1461
:10CEC000600C8016E952FD8011E952FE800CEDC322
:10CED00094205006E944E0F952FFEC600814600E1B
:10CEE0001460148020EB5280E50842FD8017EB525D
:10CEF00090E50842FE800EE508C394205007EB52EF
:10CF0000A0E50842FF780780010074FF28F804704C
:10CF1000F8EC600814600C146010801AE50812D157
:10CF2000098013E50812D102800CE508C394205053
:10CF300005E50812D0FB780480010074FF28F8048E
:10CF400070F87E0078007AFAEF60081460091460C7
:10CF50000D801AE5808002E5905D70078012E5A0E3
:10CF60005D600D78011AEA70DF78048008E870F5DA
:10CF70007E0180F50074FF28F80470F8EC60081456
:10CF8000600E1460148020EB5280E50842FD80178B
:10CF9000EB5290E50842FE800EE508C3942050074E
:10CFA000EB52A0E50842FFEF600814600D14601218
:10CFB000801CE95280ED42FD8014E95290ED42FE62
:10CFC000800CEDC394205006E952A0ED42FF780496
:10CFD000800100E8FF74FF2FF80470F6D2AF7A6486
:10CFE0007B00121E5BEEF902D21E8A828B83A31293
:10CFF000CFF5A3E022A3A3E0FC8A828B83A3A3A3A3
:10D000002274F712103B12D10EF98A828B83A3A3EC
:10D01000A3A3E0FBF4FAC2AFE9600814600D14604A
:10D0200012801CEA5280EB42FD8014EA5290EB42DF
:10D03000FE800CEBC394205006EA52A0EB42FFEDB9
:10D04000600814600D146012801CE85280EC42FDF0
:10D050008014E85290EC42FE800CECC39420500601
:10D06000E852A0EC42FF7804800100E8FC74FF2C39
:10D07000F80470F67804800100E8FD74FF2DF804D0
:10D0800070F6E9600814600B14600E8016EB12D184
:10D09000098010EB12D102800AEBC394205004EBFC
:10D0A00012D0FB7804800100E8FE74FF2EF80470B3
:10D0B000F6E9600814600D146012801CEA5280EBDF
:10D0C00042FD8014EA5290EB42FE800CEBC39420A8
:10D0D0005006EA52A0EB42FFD2AF7804800100E88C
:10D0E000F974FF29F80470F67804800100E8FA74F6
:10D0F000FF2AF80470F602CD25E50A42A042FF227D
:10D10000E50A429042FE22E50A428042FD228A82DE
:10D110008B8312D68EE0FCF4F88A828B83A3A3A3C0
:10D12000E02274F412103B12D2387A0C7B00121EEB
:10D130005BE50B600814600A14600C801412D107C0
:10D14000800F12D100800AE50AC39420500312D048
:10D15000F97801800400000000E8FA74FF2AF8045E
:10D1600070F3E508600814600B14600E8016EF126F
:10D17000D1098010EF12D102800AEFC3942050042D
:10D18000EF12D0FB780079FAE50860081460091402
:10D19000600D8014E5808002E5905F70128005E5E7
:10D1A000A05F700B78008003E4700419E970D978EF
:10D1B00004800100E8F974FF29F80470F6E50860BE
:10D1C0000814600A14600C801312D231800E12D23F
:10D1D0002A8009EFC39420500312D223E50B600884
:10D1E00014600F1460168023E5095280E50A42FDA1
:10D1F0008019E5095290E50A42FE800FE50AC394C2
:10D20000205008E50952A0E50A42FF780180040099
:10D21000000000E8FB74FF2BF80470F3D2AF7F042A
:10D220000213A8EE52A0EF42FF22EE5290EF42FE10
:10D2300022EE5280EF42FD228A828B83A3E0F50B1F
:10D240008A828B83A3A3E0F50AF4F5098A828B8393
:10D25000A3A312D420A3A3E0FFF4FEC2AF2274F074
:10D2600012103B8A828B8312D420E0FFF4FE12D688
:10D2700081F50BF4F50A8909C2AFE508600814606E
:10D280000A14600C801312D231800E12D22A800947
:10D29000EFC39420500312D223ED600814600A14E7
:10D2A000600C801412D43D800F12D434800AE50B38
:10D2B000C39420500312D42B780780010074FF28F8
:10D2C000F80470F87B0178007C08E509A2E7502299
:10D2D000E508600814600B14600E8016EF12D10987
:10D2E0008010EF12D102800AEFC394205004EF1295
:10D2F000D0FBE509A2E64004D2F08002C2F0A2F021
:10D30000E433F50C7A0180040000000074FF2AFA6F
:10D310000470F5ED600814600C146010801AE50BC1
:10D3200012D1098013E50B12D102800CE50BC394D6
:10D33000205005E50B12D0FBEB60327B007A96EDB6
:10D34000600814600F146014801CE580550B701287
:10D3500078008015E590550B700880F4E5A0550B1A
:10D3600060EE78018007E870041AEA70D27A0180D2
:10D37000040000000074FF2AFA0470F5E509C333C5
:10D38000F509ED600814600A14600C801412D43D95
:10D39000800F12D434800AE50BC39420500312D4BA
:10D3A0002BE50CA2E0501FE508600814600A146029
:10D3B0000C801312D231800E12D22A8009EFC3944E
:10D3C00020500312D2231CEC600302D2CAE508608D
:10D3D0000814600A14600C801312D231800E12D22D
:10D3E0002A8009EFC39420500312D223ED60081461
:10D3F000600A14600C801412D43D800F12D4348063
:10D400000AE50BC39420500312D42B78048001004A
:10D41000E8FA74FF2AF80470F6D2AF7F080213A866
:10D42000A3E0F5088A828B83A3A322E50A52A0E534
:10D430000B42FF22E50A5290E50B42FE22E50A521A
:10D4400080E50B42FD2274F612103B74FF1217DBCD
:10D45000E9851882851983F0A818A919880889090F
:10D4600078081217167901121F1B74021216F37432
:10D47000011216F37F020213A874F312103B12D7A5
:10D48000786048E509F9600512D4D7603E12D4D51A
:10D490006039E50B7005750A018030740D121A8829
:10D4A000E0F508A3E0F509850B0C12D506601C8594
:10D4B0000882850983A3858208858309050A7A3253
:10D4C0007B00121E5B150CE50C70DF12D769A90AF0
:10D4D0007F050213A8A908EEFAEFFB12D798227471
:10D4E000F612103BE4F508F50978081217167900D2
:10D4F000121F1B74021216F3E96401700479018093
:10D5000002790002D474850882850983E012D793DA
:10D510002274F212103B12D672FEF4F812D681F584
:10D5200009F4F5087900C2AFEF600814600A1460CE
:10D530000C8015E852FD8010E852FE800BEEC3947B
:10D5400020500574E04852FFED600814600F14602D
:10D55000168023E5085280E50942FD8019E508524E
:10D5600090E50942FE800FE509C394205008E508C4
:10D5700052A0E50942FF780480010074FF28F804F6
:10D5800070F878007B017C08ED600814600C146072
:10D5900010801AE50912D1098013E50912D1028021
:10D5A0000CE509C394205005E50912D0FB7A0180EF
:10D5B000040000000074FF2AFA0470F5EB60327B6F
:10D5C000007AFAED600814600F146014801CE58086
:10D5D0005509701278008015E5905509700880F49F
:10D5E000E5A0550960EE78018007E870041AEA703A
:10D5F000D2E9C333F9EF600814601414601880078F
:10D60000E5805E70167800E8C949F97A018014E572
:10D61000905E700780EFE5A05E60EA780180E80028
:10D6200000000074FF2AFA0470F5ED600814600F22
:10D630001460168023E5085280E50942FD8019E553
:10D64000085290E50942FE800FE509C39420500876
:10D65000E50852A0E50942FF7A0480010074FF2A20
:10D66000FA0470F81CEC600302D588D2AF7F060282
:10D6700013A88A828B83A3E0FF8A828B83A3A3E013
:10D68000228A828B83A3A312D68EA3A3E022A3E0D7
:10D69000FD8A828B83A3A32274F212103BEAFEEB75
:10D6A000FF890C8C088D09750A008A82F583E0C316
:10D6B000334401F912D4DB604AE50C70047901802F
:10D6C00044F50BF50A8014EEFAEFFB121F098508EA
:10D6D00082850983A3858208858309850B0D74FFE4
:10D6E000250DF50B04601CEEFAEFFB121F27E985F0
:10D6F0000882850983F0E50B60CDEEFAEFFB121F7F
:10D700000380CBA90A02D66DAC08AD09A90AEEFACE
:10D71000EFFB121F2D7F030213A874F512103BEAD2
:10D72000FEEBFF890A8C088D09121EF180DA74F471
:10D7300012103B12D7786029E509F9600512D4D799
:10D74000601F12D4D5601A740C121A88E0FCA3E092
:10D75000FDA90BEEFAEFFB121F33E9F50AE50B60AA
:10D760000512D769A90A02D21EEEFAEFFB121EF7C4
:10D770007A327B00121E5B22EAFEEBFF8C088D09D9
:10D78000890B750A00121EF18E828F83E0C333125B
:10D79000D79322F9EEFAEFFB121F0FEEFAEFFB120E
:10D7A0001EFDE922C082C083851882851983121567
:10D7B000347901121F3974021216F302CD1E74F26D
:10D7C00012103BEAFEEBFFC3EA940BEB9400402EF1
:10D7D000D20012DE029403401EA200501AEE240E64
:10D7E000F50AE43FF50BAA0AFB12272B8A088B09DE
:10D7F000EA4B600302D8937A007B0002D8BDC200D6
:10D8000078007900A2AFE433F509C2AF901B7FE046
:10D810006041750800E50875F01DA4FAABF074814D
:10D820002AFA74093BFBEA240AFCE43BFD8C82F5EE
:10D8300083E054F07014901B7FE014F0EAF8EBF9E9
:10D840008C828D83E044F0F080090508E508C394DC
:10D850001840C2E509A2E092AFE849700302D7D2AE
:10D86000EE4F6009E82413FAE439FB80047A007B68
:10D8700000E82411F582E439F583EAF0A3EBF0E83F
:10D880002410F582E439F583EEF0E82405FAE43952
:10D89000FB802AAC0AAD0B7900122719EE4F600B02
:10D8A000E508240EF8E43509F980047800790012BF
:10D8B000DF13E8F0A3E912E26DAA08AB097F0602C4
:10D8C00013A874F712103BEAFEEBFF8A82F583A3DC
:10D8D000A3A3A3E0C4540F54076402701EEA12E12C
:10D8E00038EA4B60168E828F83A3A3A3A3A3A3A3BE
:10D8F000A3A3A3E0640270031227D38E828F83A3B5
:10D90000A3A3A3A3E054F0602085A808C2AF7C18AD
:10D910007D007900EEFAEFFB122719901B7FE004DF
:10D92000F0E508A2E792AF8007EEFAEFFB1227318D
:10D930007F010213A874EE12103BEAFEEBFF890D83
:10D940008A82F5837808121A19EA12E108E0F8C40D
:10D95000540F5407F510E0A2E7E433F51179009075
:10D9600081D4E0F50EA3E0F50F740F58780E12196C
:10D97000FBE50EA2E0500CE511A2E0400612264D98
:10D9800002DA41A2AFE433F50CC2AF90097D12E197
:10D9900044890E890F800B8A0E8B0F8C828D831227
:10D9A000E144EA4B700302DA37EA24FBFCEB34FF74
:10D9B000FD8A828B83780812183170DBEA2404F523
:10D9C00082E43BF583E0C4540F5407651070C8E54A
:10D9D00011A2E092F0E0A2E720F001B350B909E50E
:10D9E0000D6054E9650D70AF8C828D83E0F8A3E083
:10D9F000F912DA8DE8F0A3E9F090097DE0F8A3E0F0
:10DA0000F9EA687002EB69700890097DEEF0A3EF07
:10DA1000F0E50E450F6011E50E24FBF582E50F34AD
:10DA2000FFF583EEF0A3EFF08C828D83E4F0A3F09A
:10DA300012264DEEFAEFFBE50CA2E092AFEA4B6046
:10DA4000047901800279007F0A0213A874F612108B
:10DA50003B750800A2AFE433F509C2AF90097DE041
:10DA6000FEA3E0FF90097DE4F0A3F080110508EE2D
:10DA7000FAEFFB12DA8DE0FEA3E0FF12264DEE4F27
:10DA800070EBE509A2E092AFA90802DFFCEE24FBEF
:10DA9000F582EF34FFF5832274E812103B74DE1236
:10DAA00017DB8A088B09EB54806007EB6480FB026C
:10DAB000DDC6EAA2E0400302DDAA90097FE060072C
:10DAC000EA6401FA02DDC6750A00751411751500C5
:10DAD00074016AF50812DE029401900980502EE06C
:10DAE00004F0C3941F4005E4F0122659900980E029
:10DAF00075F00584E5F0601790097F7401F0908A55
:10DB00001612153012DDF31216F302DDA6E4F07AD8
:10DB10007D7B091227558A0C8B0DEA4B700302DDC1
:10DB2000A67C107D0079007A397B0C1227197E10B3
:10DB30007F00E50C2404F510E4350DF51185108205
:10DB4000F583E0F9E50C240CF50EE4350DF50FE551
:10DB50000C2406F512E4350DF513E9C4540F5407EF
:10DB6000600C14607714700302DD1B02DD3012DDDF
:10DB7000D0851082851183E0A2E7E433F50A780AA4
:10DB800012171A750A00780A12171AE4F50B780AA8
:10DB9000121716780A121716850E82850F83121532
:10DBA00034850C82850D83A3A3A3A3A3A3A3A3A35E
:10DBB000A3E0F50A780A12171A850C82850D83A353
:10DBC000A3A3A3A3A3A3A312153412DDE37A397B85
:10DBD0000C1224A9740B1216F302DD2DE50C240798
:10DBE000F516E4350DF517851682F583E0F874FF18
:10DBF00068602AE875F01AA4F8A9F0746228FE7427
:10DC00000839FF791E74041217BBEEFAEFFB1224D9
:10DC1000EBE9F50AEE2411F514E43FF515850E82C3
:10DC2000850F83E0FCA3E0FD8C82F583121A7185D9
:10DC30001882851983121A59EC2404F50EE43DF577
:10DC40000F850E82F583E0FAE50A2AF8E43400F93C
:10DC5000E82414FEE439FF851082851183E0A2E7F1
:10DC6000E433F50B780B12171A780A12171A740698
:10DC70001217AB880A890B780A121716780E12173A
:10DC80001674061217AB880A890B780A12171675D4
:10DC90000A39780A12171A750A55750B00780A1294
:10DCA00017167C0C7D00851082851183E0540FF9D6
:10DCB0007A397B0C1224A9740B1216F3E9706F8564
:10DCC0001482851583A3A3A3A3A3A3A3A3E0A2E324
:10DCD000505EE4F50A780A121716780A12171675BC
:10DCE0000A55780A1217167BFF7C0C7D008512827C
:10DCF000851383E0FA851682851783E0F9851482FF
:10DD0000851583A3A3A3A3A3A3E0F8A3E0F58388C9
:10DD100082123A9E74061216F3801512DDD012DDBF
:10DD2000E3850E82850F8312E1441224A3E9702457
:10DD3000C3EE9465EF94004010908A561215307A25
:10DD40000112DDF51216F3805674014508F508122C
:10DD5000E12B804BE50C2405F582E4350DF583E0DD
:10DD6000F8740F58C39403501EE8FE740128540F32
:10DD7000F874F05E48F0AC0CAD0D7A7D7B0912278B
:10DD80005B750C00750D0090097F7401F0908A1688
:10DD900012153012DDF31216F3E50C450D6007AADB
:10DDA0000CAB0D12264DAA08801454026014900981
:10DDB0007FE4F07A01FB12E12FE5086402FAAB0977
:10DDC00080047A007B0074221216F37F100213A8DD
:10DDD000E50C240BF582E4350DF583E02EFEE434EA
:10DDE00000FF22851282851383E0FCA3E0FD740FFF
:10DDF00059F9227A027B0090097CE0F912288D748F
:10DE000004221227B5C3EA9401EB2274F012103BEE
:10DE1000E9540FF5088C0A8D0B7404780A1218E483
:10DE2000E508450AF508E50B85080CF50DE4F50E47
:10DE3000F50F8A088B09F50AF50B7410780812168D
:10DE400078780C790812191DAA0CAB0DAC0EAD0F29
:10DE500002DFCE74EE12103B890A8A0C8B0D8C0EF9
:10DE60008D0F7415121A88E0FEFA12E24B7003024D
:10DE7000DF0DAC0EAD0FAA0CAB0DA90A12E25712C2
:10DE80001A597416121A88E0F8A2E0E4331313F852
:10DE9000740F550A48850882850983A3A3A3A3129A
:10DEA000E286E50CF0A3E50D12E27CE50EF0A3E5B9
:10DEB0000FF07412121A88E0F50B85088285098329
:10DEC000A3A3A3A3A3A3A3A3A3A3F07413121A88C9
:10DED000E0F50CA3E0F50D750E00780C121712EEAC
:10DEE000FC7D0012DF1312E2991216F37410650B19
:10DEF0007004790380027901AA08AB09122653E95C
:10DF0000700BAC08AD097A7D7B0912274F12E12B0B
:10DF100002DA47E508240CF582E43509F58322741A
:10DF2000F612103B74FE1217DB12DF5612171A7529
:10DF30000802780812171A74021217AB88088909A8
:10DF40007808121716750829780812171A7C007DB0
:10DF5000007A0202DFEF851882851983EAF0A3EBCD
:10DF6000F0E9FE75080078082274F012103B74FE88
:10DF70001217DB12DFD3120F6F7808790C120AA682
:10DF80007808120D2812DFAE12171A7508027808E9
:10DF900012171A74021217AB880889097808121729
:10DFA00016750829780812171A7C0002DFC1851837
:10DFB00082851983E508F0A3E509F0750800780863
:10DFC000227D0112E05A1216F374021216F37F0832
:10DFD0000213A8E9FE8A0C8B0D8C0E8D0F908AD04F
:10DFE000E0F508A3E0F509E4F50AF50B7808227BD3
:10DFF0000412E05E1216F374021216F37F0202138B
:10E00000A874F412103B74FF1217DBE9FEEA8518BE
:10E0100082851983600474018001E4F0EBF50978CE
:10E020000912171A750901780912171A74021217C2
:10E03000AB880A890B780A1217167509107809122D
:10E04000171A7C007D007A067B0012E05E1216F340
:10E0500074011216F37F040213A87A047B0BEEF905
:10E0600012266B74052274F012103B890A8A098CFF
:10E070000C8D0D8B087A0A7B001226478A0E8B0FB7
:10E08000AE0EAF0FEA4F607AE5092401FCE43400DC
:10E09000FDAA087B00A90A12E2618E828F83121A00
:10E0A00059EE12E108740F550AF8E0548048441004
:10E0B000F07410121A88E08E828F83A3A3A3A3A307
:10E0C000A312E111A3A3E50912E124E50812E1245A
:10E0D000A3A37439F0750E00780C1217127C0A7D18
:10E0E00000EE12E13812E2A01216F37901EEFAEF17
:10E0F000FB122653E9700BEEFCEFFD7A7D7B0912D3
:10E10000274F12E12B02DFCE2404F582E43FF58392
:10E110002212E1152212E11AA322F08E828F83A32C
:10E12000A3A3A32212E115A3A3A3227A017B00904B
:10E13000097CE0F912276D22240CF582E43FF58377
:10E1400012E14422E0FAA3E0FB2274EA12103B89B8
:10E150000F8A148B158C108D11EC4D603D741612C6
:10E160001A88E0F50C60337417121A88E0F50AC4B7
:10E17000540FF50B7003750B01530A0FAE0C7402AC
:10E18000650A70047A008002EEFA12E24B7010E524
:10E190000A6007AA10AB111227D3790002E2467C6D
:10E1A000007D00AA14AB15A90F12E257121A59E507
:10E1B000082404F582E43509F583740F550FF8E05F
:10E1C000548048442012E26D850882850983A3A308
:10E1D000A3A3A3A3E514F0A3E51512E27CE4F0A346
:10E1E00012E294A3E50AF0E508240CFAE43509FBF1
:10E1F0007402650A700D8A828B83E510F0A3E51125
:10E20000F0802785100C85110D750E00780C121703
:10E2100012EEFC7D008A828B8312E2991216F3E5DE
:10E220000A6007AA10AB111227D3A90BAA08AB09E1
:10E23000122653E9700BAC08AD097A7D7B091227D1
:10E240004F12E12B79017F0E0213A87B00122647A3
:10E250008A088B09EA4B2212E261850882850983CC
:10E2600022122665EAF8EBF9ECFAEDFB22F0E5085C
:10E27000240BF582E43509F583EEF02212E28022C8
:10E2800012E286A3A322F0850882850983A3A3A3B3
:10E29000A3A3A32212E280A32212E14412E2A0224D
:10E2A00012270D74032274F412103BEAFEEBFF8C6C
:10E2B000088D097A0B7B001227CDEA4B603D900355
:10E2C0007112ED07900371EAF0A3EB12E391EEF007
:10E2D000A3EF12E3F3E508F0A3E50912E401A37448
:10E2E0003212E2FE740112E2FEA3F0740C121A88DC
:10E2F00012E82EA3A3A3A3A312E80802ED4B12E495
:10E3000005A3A32274F612103BEAFEEBFF8A82F506
:10E3100083E0F9123A09EA4B600479028024E4F5BB
:10E3200008F50978081217167C007D00EEFAEFFB5D
:10E33000123A3974021216F3EA4B70047910800213
:10E34000790002EC3C7F010213A874F212103B89A1
:10E35000088A098B0A1239FD8A0C8B0DAE0CAF0DA1
:10E36000EA4F60287A047B0012272BEA4B601D8A53
:10E37000828B8374FDF0A3E50A12E391E50812E3B2
:10E3800091A3E509F08E828F8312E40A7F060213BF
:10E39000A8F08A828B83A3A32274F012103B8A0B0D
:10E3A000ECFEEDFF8B0C1239FD8A088B09EA4B60FD
:10E3B0003D7A077B0012272BEA4B60328A828B83DF
:10E3C00074FEF07411121A88E08A828B83A312E320
:10E3D00091E50CF07410121A8812ECFE12E3F3E5CA
:10E3E0000B12E401EEF0A3EF12E80E12E40A7F082C
:10E3F0000213A812E3F722F08A828B83A3A3A3A3BC
:10E400002212E4052212E3F7A32212EC0FE0F91224
:10E4100027372274E812103B74FD1217DB740112C7
:10E420001A88ECF0A3EDF0E9851882851983F08A4B
:10E43000108B1190037112EB43750AFE8A828B8355
:10E44000E0540C640C701279FE12E600700302E5D1
:10E45000DE12E5E8704902E5DEA3A3E0F974FF6986
:10E46000702EE5084509700302E5DE8508828509FE
:10E4700083A3A3E0FEA3E0FF741B121A88E0F51645
:10E48000A3E0F5177420121A88780C121A19802547
:10E490001239FD8B0DA90DEAFEEBFFEA4960D98E1A
:10E4A000828F8312E5F680D0850882850983A3A335
:10E4B000E0FEA3E0FFEE4F700302E5DE80078A82F4
:10E4C0008B8312E5F67512FE7513FFE5084509709A
:10E4D0000302E5DE85088285098312EC70FDE84DB4
:10E4E0008E828F83601A12EB31123A9EEA4B601DC6
:10E4F0008A828B83E0F512A3E0F5131227D3800DF7
:10E5000012EB526008A3E0F512A3E0F51385108228
:10E51000851183A3A3A3A312EB3A8E828F83E0FA23
:10E52000E512687003E513696013EA7006E8497044
:10E5300077800A74FF68700374FF69706B851082BE
:10E54000851183A3A3E0F50BEA851082851183A3CF
:10E55000A3F07424121A88E0F512781212171A78B0
:10E560000C12170E7424121A88E0F5127812121782
:10E570001A7423121A881215347816121716740B8F
:10E58000121A88121534740C121A88E0F9EEFCEF96
:10E59000FDAA10AB11123A1B740C1216F3851082EF
:10E5A000851183A3A3E50BF0851082851183E054C8
:10E5B0000C640C7011A90A12E600602212E5E860F2
:10E5C0000302E4BE8018A3A3E0F4701285088285DC
:10E5D000098312EB43E5084509600302E4A87403CC
:10E5E0001216F37F100213A81239FD8A088B09AEA8
:10E5F00008AF09EA4F22E0F9123A098A088B09228A
:10E60000A3A3A3A3E0FAA3E0FB12322FE9F50A7457
:10E61000FE692274EC12103B8A088B098C0C8D0D5C
:10E62000890EEA240EF582E43509F583E0F510A39E
:10E63000E0F511EA2410F50AE43509F50B850A82A4
:10E64000F583E02427FA7B0012272B8A128B13AE66
:10E6500012AF13EA4F700302E7FD8A828B83741AAC
:10E6600012E80E12EB3A8A828B83A3A312E81612E9
:10E67000E82E12E8087414121A8812EB5DEA2406D8
:10E68000FAE43FFB1239D9850882850983A3A3A345
:10E69000E0C0E0EE240FF582E43FF583D0E0F085A2
:10E6A0000C82850D83E0C0E0EE2414F582E43FF592
:10E6B00083D0E0F0E508240CF582E43509F583E029
:10E6C000C0E0EE2415F582E43FF583D0E0F0741845
:10E6D000121A8812EB3E8882F583E0C0E0EE241621
:10E6E000F582E43FF583D0E0F088828983A3E0C01F
:10E6F000E0EE2417F582E43FF583D0E0F0888289CC
:10E7000083A3A3E0C0E0EE2418F582E43FF583D0B4
:10E71000E0F0741A121A88E0C0E0EE2419F582E4E1
:10E720003FF583D0E0F0741B121A88121A71EE24A0
:10E730001AF582E43FF583121A59EE241EF582E49D
:10E740003FF583E50EF0E5082415F582E43509F57B
:10E750008312E8282424F582E43FF58312E816A307
:10E76000A3A3A312E828241212E8027416121A882E
:10E7700012E828241012E802EE241FF582E43FF587
:10E7800083E4F0EE2420FCE43FFD850A82850B83C0
:10E79000E08C828D83F0A3E4F0741F121A88E0C02D
:10E7A000E0EE2426F582E43FF583D0E0F0EE24226B
:10E7B000F8E43FF98C828D8312EB69EA4B6029EE15
:10E7C0002427FAE43FFB88828983EAF0A3EBF07503
:10E7D000120078101217128C828D8312EB5D1227B3
:10E7E0000D74031216F3800888828983E4F0A3F085
:10E7F000EEFAEFFB850C82850D8312E40A7F0C0292
:10E8000013A8F582E43FF583E8F0A3E9F022F08550
:10E81000088285098322E8F0A3E9F085088285094A
:10E8200083A3A3A3A3A3A32212EC74F9EE2212E8FC
:10E8300036A3A3A3A322E0F8A3E0F98A828B832264
:10E8400074F012103B74E01217DB8A0C8B0DECFE97
:10E85000EDFF890AEC4F700302E8F0EA2408F5089E
:10E86000E4350DF509E9A2E3502E85088285098378
:10E87000E06402707B1234C38A0E8B0F12EB63E5E7
:10E880000E6A7003E50F6B600F7C03790112315142
:10E89000E9600579CD02EB29850882850983E0F8D6
:10E8A0007402686005740F68703912EB63123535B5
:10E8B000E98508828509836023740FF0E0C0E07465
:10E8C0000A121A88D0E012E80EE064037027AC0C3C
:10E8D000AD0D74021217B312296B802AE0640F7019
:10E8E000DB800D74036860D474016860CFE860CC8D
:10E8F000790202EB29850C82850D8312EB3E7402AE
:10E90000121A8812E808E50AA2E174115009121AD5
:10E910008874FFF0A38063121A88E4F0A3F09003D8
:10E920007112EB4B603F88828983A3A312EB69EEDF
:10E930006A7002EF6B8882898370E612EC70FDE8E2
:10E940004D60228E828F8312EB31123A9EEA4B6029
:10E950002A8A828B8312EB3E7411121A8812E808FD
:10E960001227D380168E828F8312EB52600D12EB2A
:10E970003D7411121A88E8F0A3E9F07417121A888E
:10E98000E4F0A3F0E50AA2E4501C740A121A88E02D
:10E99000F8740F686010740168600B7417121A889D
:10E9A0007404F0A3E4F0E50AA2E750097417121A00
:10E9B00088E04410F0E50AA2E650127417121A8893
:10E9C000E04401F07401121A887401800674011287
:10E9D0001A88E4F0E50AA2E250097417121A88E0D6
:10E9E0004440F0851882851983E4F0E50AA2E550D9
:10E9F00009741A121A887404800D901B24E0C0E078
:10EA0000741A121A88D0E0F07436121A8812EB4386
:10EA1000850882F583E0C0E07419121A88D0E0F00E
:10EA20008E828F83E0C0E0740B121A88D0E0F085EC
:10EA30000C82850D83A3A3A3A3A3A3A3A3A3E0C0D8
:10EA4000E0740C121A88D0E0F07430121A8812EBBD
:10EA50003E740F121A8812E8087432121A88E0F510
:10EA60000CA3E0F50D7413121A88E50CF0A3E50D64
:10EA7000F07434121A8812EB3E7415121A8812E8D8
:10EA8000087438121A88E0C0E0741B121A88D0E0AB
:10EA9000F08E828F83E0F912EC416013A3A3A3A34D
:10EAA000A3A312EB52600874021217B3123A9EAA83
:10EAB00018AB191239F1E9C3950CE4950D501A9071
:10EAC000198712EB4B600D74021217B312EC13127C
:10EAD0003A9E800D750B02800B74021217B312322E
:10EAE0007DE9F50B740A121A88E06402702C123466
:10EAF000C38A0C8B0DA80CA90D7402121A88E06849
:10EB00007003A3E0697013AB0B850882850983E06D
:10EB1000FA8E828F83E0F9123A2DE50B7009850891
:10EB200082850983E004F0A90B74201216F302E336
:10EB3000EEE0FA790288828D8322A3A3A3A312ECCC
:10EB400074F922E0F508A3E0F5092212EC74F9E863
:10EB50004922A3A3A312EC68E582458322E0FCA32B
:10EB6000E0FD22850C82850D83E0FAA3E0FB22C044
:10EB700082C08390037180048A828B8312EB69EADE
:10EB80004B600A8A828B8312ECB26970EBD083D01F
:10EB9000820216DB74F612103B12EC416007A3A34D
:10EBA00012EB6980047A007B0002EC3C74F41210D2
:10EBB0003BEAFEEBFF8908123A098A0A8B0BAC0A82
:10EBC000AD0B7900EA4D603B8A828B83A3A3A3A39C
:10EBD00012EC79E58245836013AA0809123A9E8EE9
:10EBE000828F83EAF0A3EBF07901801F8C828B8304
:10EBF00012EC0EA3A3A312EB698E828F83EAF0A31B
:10EC0000EB80078E828F83E4F0A3F002ED4BA3A389
:10EC1000E0F8A3E0F58388822274F712103B8A8221
:10EC20008B83E0640170047E0880027E00A3AA82C8
:10EC3000AB83123289E9C39EF902E3457F020213D6
:10EC4000A8123A098A828B83E582458322C082C05A
:10EC50008390037112EC68790080040912EC79E565
:10EC600082458370F602EB8D12EC748882F5832264
:10EC7000A3A3A3A3E0F8A3E022E0FAA3E08A82F52D
:10EC80008322C082C083900371801D8C828D831289
:10EC9000ECB2F8E96003E8600BE88A828B83F0A3AA
:10ECA000AA82AB838C828D8312EB5DEC4D70DC020B
:10ECB000EB8D12EC0EE02274F712103BEAFEEBFF34
:10ECC000EC2408F8E43DF98882F58312ECFEA3A356
:10ECD000A3A3A3F088828983E06403700512296BE3
:10ECE00080078C828D8312ED078E828F83A3A3A36E
:10ECF000A3A3A3A3A3A3A3E4F0A3F002E345E08AA4
:10ED0000828B83A3A3A32212E836E8F0A3E9F022C2
:10ED100074F412103BEAFEEB12ED50700D8E828FF0
:10ED2000837432F0A37401F08021EA2406F508E42C
:10ED300039F509750A0078081217127C027D00EE79
:10ED4000FAEFFB12270D74031216F37F040213A8C7
:10ED5000FF123A098B09A909EA4922C082C08390AF
:10ED600007447470F0A374B1F0A3E0541FF090074F
:10ED700048741DF0A37442F0A37470F0A374B2F051
:10ED800090074EE0541FF0900750741EF0A37412C9
:10ED9000F08040C082C08312EDDA00E5D6A2E150D7
:10EDA000F9E5B354F84406F5B343B301E5B3A2E380
:10EDB00050FA801FC082C08312EDDA00E5D6A2E1CE
:10EDC00050F9E5B354F84404F5B343B301E5B3A2F5
:10EDD000E350FAD083D0820216DBEB900742F0EAD0
:10EDE000A3F09007477410F0900746E054E0F075E8
:10EDF000D1FD75D6022274F712103B7409121A88DD
:10EE0000E0F8A3E0900742F0E8A3F0740B121A8830
:10EE1000E0F8A3E0F9E8900747F0E9F8900746E04A
:10EE200054E048F0EB90074CF0EAA3F0EC90074F69
:10EE3000F0EDFC90074EE054E04CF075D1FD75D636
:10EE40000200E5D6A2E150F975D1FB75D60400E5C4
:10EE5000D6A2E250F97F010213A8C082C083123506
:10EE6000F502EDD3C082C08353B38F43B340123653
:10EE70000102EDD374F412103B8C088D09750A1051
:10EE8000750B00780A12171678081217167C107D79
:10EE900000AA08AB0912360774041216F312F4061E
:10EEA000E5D1A2E250FA7F040213A874E812103BE5
:10EEB00074EC1217DB7402121A88ECF0A3EDF0E97F
:10EEC000700302F22C7436121A88E014C0E0740445
:10EED000121A88D0E0F07430121A8812F69AE50AF5
:10EEE000450B60097404121A88E0D2E6F074FE291A
:10EEF000333354FCF87404121A88E048F08A0C8BFF
:10EF00000D750E00780C1217127C0D7D007408121E
:10EF10001A88AA82AB8312270D74031216F3742C7D
:10EF2000121A88E0F50EA3E0F50F7412121A88E5A4
:10EF30000FF07413121A88E50EF07C107D00790032
:10EF40007434121A8812F24E1227197508207509A6
:10EF50000012F244401DE50A24F2F8E50B34FFF9F3
:10EF6000E854F02420F508E439F509E8540F60036B
:10EF700012F238E50E54F0F8A90FE50828F508E577
:10EF80000939F509E50E540F600312F238AA08ABEF
:10EF9000091227CD851882851983EAF0A3EBF08545
:10EFA0001882851983E0F8A3E0F9E8497005791023
:10EFB00002F22E74041217AB8810891175120078B2
:10EFC000101217127C107D007403121A8812F24E70
:10EFD00012270D74031216F3851882851983E02415
:10EFE00010F50CA3E03400850C82F583E50BF0A34B
:10EFF000E50AF0A385820C85830D742E121A88E031
:10F00000F516A3E0F51712F2444011851610851786
:10F010001178101217127C0E7D00801C7C0E7D0072
:10F020007900AA0CAB0D12271985161085171178D7
:10F0300010121712AC0AAD0BAA0CAB0D12270D74EF
:10F04000031216F3E50C240EF50C5002050D12F216
:10F0500044500302F0FDE50A24F2F50AE50B34FF03
:10F06000850A10F511740478101219FBAE10AF1157
:10F07000E50A540FF50A740478101218E485101488
:10F08000851115E516240EF510E43517F5117810E5
:10F09000121712AC14AD15AA0CAB0D12270D740388
:10F0A0001216F3E50C2514F50CE50D3515F50DE5F7
:10F0B0000A604A7C107D007900AA0CAB0D1227195A
:10F0C0008E108F11740478101218E4E5162510F8CC
:10F0D000E5173511F9E8240EF510E439F51178102B
:10F0E000121712AC0A7D00AA0CAB0D12270D740387
:10F0F0001216F3E50C2410F50C5002050D850E0ACE
:10F10000850F0B7404780A1219FBAE0AAF0BE50EDB
:10F11000540FF50A8E108F11740478101218E485BC
:10F12000100E7402121A88E0F510A3E0F5117810A1
:10F13000121712AC0EAD0FAA0CAB0D12270D7403F3
:10F140001216F3E50C250EF50CE50D350FF50DE562
:10F150000A60477C107D007900AA0CAB0D122719BC
:10F160008E0E8F0F7404780E1218E47402121A882F
:10F17000E0250EF510A3E0350FF5117810121712E7
:10F18000AC0A7D00AA0CAB0D12270D74031216F306
:10F19000E50C2410F50C5002050D851882851983A5
:10F1A000E0F8A3E0F9E50CC398F8E50D99F9E865F6
:10F1B000087003E965096003121E5553B38F43B30A
:10F1C000507434121A8812F24E1235FB7808121756
:10F1D000167402121A881215347C107D00743812CD
:10F1E0001A8812F24E12360774041216F353B3F84B
:10F1F000740478081219FBE50824FFFEE50934FFC2
:10F20000FF12F40D600B43B301E5B3A2E340F280BB
:10F21000F853B38F85B3B343B301E5D1A2E250FAFB
:10F2200085188285198312F24E1227D3790074143F
:10F230001216F37F100213A8E5082410F508E43530
:10F2400009F50922C3E50A940FE50B940022E0FAC0
:10F25000A3E0FB2274EA12103B74E01217DB890F63
:10F26000EAFEEBFF8C148D15750A00750B00743ADD
:10F27000121A88E0F512A3E0F51385120CF50D754E
:10F280000E00780C121712AC0F7D0074131217B316
:10F2900012270D74031216F3743C121A8812F5F635
:10F2A0008E0C8F0D780C1217127C0D7D00740412D9
:10F2B0001A88AA82AB8312270D74031216F3740FF7
:10F2C000121A88E4F0740E121A88E4F07436121AD6
:10F2D00088E0F508A3E0F50985080CF50D740478BD
:10F2E0000C1219FBAE0CAF0DE508540FF5106005BC
:10F2F0000EEE70010FE508450960538E0A8F0B74FE
:10F3000004780A1218E4AA0AAB0B1227CD8A0A8BDA
:10F310000BEA450B7005791002F3FC85140C85157A
:10F320000D780C121712AC08AD0912270D740312D8
:10F3300016F3E5106018F87410C398FC95E0FD7999
:10F3400000E50A2508FAE50B3509FB12271912F525
:10F35000EB1235FB750C10750D00780C1217167436
:10F36000121217AB880C890D780C1217167C107DC1
:10F3700000AA12AB1312360774041216F312F40625
:10F38000E5D1A2E250FAEE4F604812F5E2121A8877
:10F390007401F0AA18AB191235FB8E0C8F0D740492
:10F3A000780C1218E4AC0CAD0D780C121716780A14
:10F3B000121716AA0AAB0B12360774041216F3536F
:10F3C000B3F812F40D600B43B301E5B3A2E340F2CE
:10F3D00080F8E50A450B6022850A0C850B0D780C38
:10F3E000121712AC08AD09AA14AB1512270D74033D
:10F3F0001216F3AA0AAB0B1227D379007420121647
:10F40000F37F0E0213A853B3F843B30122EEF8EFD3
:10F41000F9E824FF1EE934FFFFE8492274EC1210DA
:10F420003B74E01217DB890B8C108D11743A121AA1
:10F430008812F5F68A088B09750A007808121712E7
:10F440007C0D7D007404121A88AA82AB8312270DEA
:10F4500074031216F3740F121A88E4F0740E121A61
:10F4600088E4F07434121A88E0C3950BF50AC4548A
:10F470000FFE7F00740F550A60050EEE70010F7CC1
:10F48000107D007900EC1217B3122719A80AE510B5
:10F4900028F50CE43511F50D750E00780C121712D5
:10F4A000AC0B7D0074131217B312270D74031216E0
:10F4B000F312F5EB1235FB7438121A88E0F512A33B
:10F4C000E0F5137508107509007808121716741204
:10F4D0001217AB8808890978081217167C107D006E
:10F4E000AA12AB1312360774041216F312F406E5CF
:10F4F000D1A2E250FA8E088F09740478081218E439
:10F50000AA08AB091227CD8A088B09EA45097005BC
:10F51000791002F5D88E0C8F0D7404780C1218E453
:10F52000AC0CAD0DF912271985100C85110D780C56
:10F53000121712AC0A7D00AA08AB0912270D74033A
:10F540001216F3EE604D12F5E2121A887401F0AA59
:10F5500018AB191235FB8E0C8F0D7404780C121831
:10F56000E4AC0CAD0D780C1217167808121716AA19
:10F5700008AB0912360774041216F3E5B354F844C5
:10F5800002F5B312F40D600B43B301E5B3A2E340FF
:10F59000F280F885080C85090D780C121712AC0A58
:10F5A0007D00AA10AB1112270D74031216F3AA08DE
:10F5B000AB091227D385120C85130D780C12171284
:10F5C000AC0B7D00A80AE51028FAE43511FB1227E0
:10F5D0000D74031216F3790074201216F37F0C02D7
:10F5E00013A853B38F43B330740F2253B38F43B375
:10F5F00020AA18AB1922E014851882851983F022FD
:10F6000074F212103B8909ECFEEDFFE970057900F8
:10F6100002F695740E121A88E0C39509F50874165F
:10F62000121A8812F69A7418121A88E0F50C780CDF
:10F6300012171A780A1217167417121A881215342C
:10F640007417121A881215347417121A8812153486
:10F6500085080C750D00780C12171612361F740BE6
:10F660001216F3E9F8702E7800800108E8C39509B6
:10F670005023AD0874012DF508E8FAE50A2AF58251
:10F68000E4350BF583E0FCEE2DF582E43FF583E0F5
:10F690006C60D879017F060213A8E0F50AA3E0F5B3
:10F6A0000B2274ED12103B8A0FECFEEDFF74131267
:10F6B0001A8812F7BE121A8812F7C8121A8812F79F
:10F6C000B4121A8812F7D212171A780A121716787B
:10F6D0000C121716741E121A88121534741E121A80
:10F6E000881215347810121716AC08AD09EEFAEF2F
:10F6F000FBA90F12361F740B1216F3E9F970287864
:10F700001212171A780A121716780C121716781098
:10F71000121716AC08AD09EEFAEFFBA90F12362549
:10F7200074071216F3E9F97F0B0213A874ED121097
:10F730003B8A0FECFEEDFF7413121A8812F7BE120B
:10F740001A8812F7C8121A8812F7B4121A8812F718
:10F75000D212171A780A121716780C121716781088
:10F76000121716AC08AD09EEFAEFFBA90F12362BF3
:10F7700074071216F3E9F97038781212171A780A1A
:10F78000121716780C121716741E121A88121534D6
:10F79000741E121A881215347810121716AC08ADA0
:10F7A00009EEFAEFFBA90F123631740B1216F3E9CA
:10F7B000F902F727E0F50CA3E0F50D741D22E0F542
:10F7C00008A3E0F509741522E0F510A3E0F5117423
:10F7D0001B2212F69AEBF51278122274F412103BE7
:10F7E0008908EAFEEBFF90182AE07021750AF3758C
:10F7F0000B2B780A1217167C017D037A007B03120B
:10F800002A8574021216F390182A7401F07A057B87
:10F81000001227CD8A0A8B0BA80AA90BEA497004AB
:10F82000791080418A828B83E4F0A312FED1A3A3D6
:10F83000E50812FED1A3A3A3EEF0A3EFF0901828E1
:10F8400012FD9F9018286017E0FCA3E08003EAFCFB
:10F85000EBFD8C828D8312FD9F70F38C828D83E88B
:10F8600012FCB4790002F8687F040213A81216F3A0
:10F870007F020213A8E0F8A3E0F92274F712103B0C
:10F880008A828B83A3A3E0F854036401703DE8549B
:10F890000470388A828B8312FE30FEE9FFE824145C
:10F8A000F582E43FF583E0FC90182812FE304960B1
:10F8B0001A88828983A3A3E06C8882898370ECA371
:10F8C000A3A3E0FCA3E0FDEC4D70047901801A8E47
:10F8D000828F83A3A3A3A3E07004A3E06403700654
:10F8E000122BF9E980027401F902FE2B74F6121052
:10F8F0003B74DC1217DB7901EA2408FEE43BFF8A43
:10F90000828B83A3A3A3A3A3A3A3E06072147003B9
:10F9100002F9BB14700302F9E414700302F9E9144C
:10F92000700302FA1514700302FA4F14700302FAFE
:10F930008714700302FACE14700302FAD414700311
:10F9400002FB0014700302FB4124CA700302FB7720
:10F9500014700302FB9914700302FBDE147003029F
:10F96000FC1014700302FC5024FD700302FCA1245F
:10F97000FC700302FC5514700302FC7602FCAE8C92
:10F98000828D8312FD9F700302FCAE12FD56C0E013
:10F990007403121A88D0E012FCEEC0E07404121A4C
:10F9A00088D0E012FD81121A8812FCD0121A88E069
:10F9B000F47005798702FCAE02FAC912FD56C0E068
:10F9C0007407121A88D0E012FCF4121A88E8F0705A
:10F9D0000D7407121A88E06005798502FCAE8C82EE
:10F9E0008D838059EC24048069EC240612FD937009
:10F9F0000302FCAE12FD5BF98882F58312FCE0E0A5
:10FA0000F97401121A8812FCB3851882851983E0F3
:10FA1000F460A0806B12FD56C0E07407121A88D003
:10FA2000E012FCF4121A88E8F070087407121A88C1
:10FA3000E070A68C828D83A3A3A3A3A3A3A3A31288
:10FA4000FD49700302FCAE74071217B302FCA9EC67
:10FA5000240A12FD93700302FCAE12FD5BF583884D
:10FA600082A3E0C0E0E9121A88D0E0F08E828F8392
:10FA700012FF09A3A3E0C0E07402121A88D0E0F0DC
:10FA8000AA18AB1902FC4AEC240C12FD9370030275
:10FA9000FCAE12FD56C0E07403121A88D0E012FCCE
:10FAA000EEC0E07404121A88D0E012FD81121A88A8
:10FAB00012FCD0121A88E0F4700302F9B374041235
:10FAC0001A88E0F4700302F9B3740302FC47122BA6
:10FAD000FF02FCACEC241012FD31700302FCAE12EC
:10FAE000FD1A121A8812FCB912FD85121A8812FC2E
:10FAF000D01217B38C828D83123A9E790002FCAE2D
:10FB0000EC241212FD31700302FCAE12FCFEE0FE8A
:10FB1000A3E0FB740E121A8812FCB9A312FCD6A340
:10FB2000E0FB7410121A8812FCB9A3A3A312FCE024
:10FB3000A3A3A3E0F97412121A8812FCB3740E8006
:10FB40002CEC241412FD31700302FCAE12FD1A12CB
:10FB50001A8812FCB912FD85121A8812FCD0121AEA
:10FB600088C3A3E094FF400302F9B374031217B3F0
:10FB70008C828D8302FCA9EC241612FD9370030283
:10FB8000FCAE12FD25121A8812FCC7C0E0740B12DD
:10FB90001A88D0E012FCFD806C12FD568518828513
:10FBA0001983F08E828F8312FEFA12FEDEE0FBE9EB
:10FBB000121A88EEF0A3EBF0E9121A88E04B700CF1
:10FBC000851882851983E0600302F9D9EC241812A4
:10FBD000FD43700302FCAEAA18AB1902FCA9EC2489
:10FBE0001A12FD93700302FCAE12FD56C0E07409B8
:10FBF000121A88D0E012FCFD12FCD6E0FB740A1247
:10FC00001A8812FCB912FD10121A8812FCB3803542
:10FC1000EC241C12FD93700302FCAE12FD25121A97
:10FC20008812FCC7C0E0740B121A88D0E012FCFDE9
:10FC300012FD10121A8812FCB3740B121A88E0F429
:10FC4000700302F9B374091217B38C828D83804C50
:10FC5000122C058057EC2422FAE43DFBEAFEEBFF70
:10FC600012FD9B60499088B574141217BB7407127B
:10FC700016577414801FEC2424FAE43DFBEAFEEBD3
:10FC8000FF12FD9B602890884C741B1217BB7409EF
:10FC9000121657741B1217B38E828F8312FF0980BE
:10FCA00008EC242012FD436005123A9EE9F9742401
:10FCB00002F86DEAF0A3E9F022EE12FCBE22F0A3F6
:10FCC000EBF08882898322E50812FCBEA3A3E02220
:10FCD00012FCB3740322A3E0FE88828983A3A322CB
:10FCE00012FCE422A3E0FA88828983A3A32212FDF6
:10FCF00073A3E02212FD73A3E0F8740822F012FD52
:10FD000002228E828F83E0F8A3E0F98882F58322B5
:10FD1000A312FD8DA3E0F9740C2212FD02E0FEA3F4
:10FD2000E0FB74032212FD02E0F508A3E0FB740976
:10FD300022F582E43DF583E0FAA3E0FBEAFCEBFD6B
:10FD4000EA4D22F582E43DF583E0FAA3E08A82F5EC
:10FD500083E58245832212FD74E02212FD7412FDB8
:10FD60006A8E828F83E0F8A3E022E08518828519ED
:10FD700083F022F08E828F83E0F8A3E0F5838882FF
:10FD800022F012FD0212FD8DE0F9740522A312FC8F
:10FD9000E4A322FAE43DFBEAFCEBFD8A82F583E072
:10FDA000FAA3E0FBEA4B2274F712103B74FA121725
:10FDB000DBEC240EF582E43DF58312FE30496064ED
:10FDC0008A828B83A3A3A3A3A3A3A3A312FEFFE012
:10FDD000FEA3E0FDEE85188285198312FECA12FE8D
:10FDE000D7E0FD7402121A8812FEC912FF0DE0FB63
:10FDF0007404121A88ECF0A3EBF08518828519833D
:10FE0000C3A3E094FF500C7402121A88C3A3E094B9
:10FE1000FF40047987800FAA18AB19888289831262
:10FE20003A9E8002790174061216F37F010213A82C
:10FE300012F875E82274F712103B74F81217DBEC15
:10FE4000241EF8E43DF98882F583E0FCA3E0FDEC94
:10FE50004D606F90885EAC18AD197408121657EAA1
:10FE60002408FA50010BF58212FEEFE08518828516
:10FE7000198312FEE7E0C0E07402121A88D0E01283
:10FE8000FEE7A3E0C0E07403121A88D0E012FED1AE
:10FE900012FEFA12FED7A3E0FD7404121A8812FEB5
:10FEA000C9A312FF0DA3E0FB7406121A88ECF0A39D
:10FEB000EBF0AA18AB198882898312FF09123A9EC7
:10FEC00080027901740802FE28EEF0A3ED12FED143
:10FED00022F08A828B8322A3A312FEDEA322E0FEFD
:10FEE0008A828B83A3A322F08A8212FEEFA3228B45
:10FEF00083E0FCA3E0F5838C822212FEFFA322E0C4
:10FF0000FAA3E0FB8A82F5832212FD7822A3A3A341
:10FF1000A3E0FC8A828B83A3A3A3A3A32274F7127A
:10FF2000103BE97020900000E4F079FF12277FE594
:10FF30009D5418F860187408686013741068600E97
:10FF4000121E5580097A017B277900121E9D7F01C0
:10FF50000213A8C082C083901B82E0F47006E9F00F
:10FF6000790180027900D083D0820216DB74F61208
:10FF7000103BE9FEEAFF901B82E0F4602B7A047BE1
:10FF80000012272BEA4B601C8A828B8374C0F0EF2F
:10FF9000A3A3F0EE8A828B83A3A3A3F0901B82E03D
:10FFA000F91227377900800279017F020213A874C1
:10FFB000F712103BE9A2E5E433FA1226FB808FC06A
:10FFC00082C08312204102FF66C3EA9403EB9400CF
:10FFD0004020EA24FF1AEB34FFFB800600000000FB
:10FFE0000000EAF8EBF9E824FF1AE934FFFBE849DE
:05FFF00070EA0216DBBF
:020000040003F7
:1000000074F212103B74FF1217DB890A8A0B9018E6
:1000100014E0600312299B900972E0F8E50AC39886
:100020004003028115AA0A74002AFEE43480FFEE20
:100030002448F582E43FF583E01313543FF874201D
:10004000687008A90A122983028115E860030281F9
:100050001574622AF8E434098808F5091283D71266
:100060001657851882851983E0A2E5400FAB0B7AFD
:1000700001A90A122611E96003028115EE2419F57F
:1000800082E43FF583E070030281158518828519AB
:1000900083E0A2E55059750C01750D00E50A780C56
:1000A0001218E4900838E0550C601985088285091B
:1000B00083E0F9C31354037004780180027800745C
:1000C000FE5948F0850882850983E0F9C313F87466
:1000D0000358C39403500EE9FE740128335406F804
:1000E00074F95E48F0E05407F07A00790080237AD2
:1000F00001A90A1224AF851882851983E05406608D
:1001000014850882850983E054F9F04403F07A00ED
:1001100079011225B774011216F37F060213A87431
:10012000F512103B74FF1217DBE9FF746229F8E443
:100130003409F9E8FAE9FB746A2F1285321216576E
:10014000851882851983E0A2E2500302828D88829D
:100150008983E0FDC3135403F9700302828DC2F05A
:10016000750801750900EF78081218E4E508FC909D
:100170000838E05C702F7800ED131313541FC394FC
:10018000055006E9C394034002D2F07E00E8A2E0E5
:1001900082F0502C74036960548A828B83E0440699
:1001A000F07E04804F8A828B83E0A2E0E433F8A2E1
:1001B000E050C5ED131313541FC3941540CD80C9EF
:1001C000E9C39403400B90083AE05C60047E03802E
:1001D00023A2F0400302828DE9C39402400B9008F1
:1001E00039E05C60047E02800B7E018007A2F04053
:1001F0000302828DE8A2E040068A828B83E4F085C8
:100200001882851983E0A2E150097B007A00EFF99A
:10021000122611EE607774104EF5097508008030D3
:10022000A3E06F702912887EA2E45022E82415F51D
:1002300082E439F583E0F8A3E08882F583E582451E
:1002400083600BEFFC7D00AA08A909123A9E0508FD
:10025000900932E0F8E508C398501AE50875F01ADD
:10026000A4F8A9F0746228F8740839F98882F58333
:10027000E0A2E740AB74016E700C7B007A01EFF9ED
:10028000122611E97007EEFAEFF91224AF74011289
:1002900016F37F030213A874F012103B74FF1217B9
:1002A000DB89098A0A750800750C00750D00750B4D
:1002B00000802BE8C394145005E0A2E2500C8E821B
:1002C0008F83E4F0FAA90B1224AFA90B1225B18E8B
:1002D000828F83E0C313540360020508050B900965
:1002E00072E0F8E50BC39840030283A7AA0B74627F
:1002F0002AF8E43409F9E8FEE9FF1283D712165709
:1003000088828983E0F9C313540360D0E50960BA99
:10031000750E01750F00EA780E1218E4E50EF50E61
:10032000851882851983E0A2E1500B7407594408AF
:100330008E828F838016E9131313541FC3941F50AA
:100340000CE50A60088E828F83E02408F08E828F8D
:1003500083E0A2E040030282CAE50C7009121EA3EA
:10036000E9F50D750C01E50D550E60030282CA8E8C
:10037000828F83E0131313541FF8E0C2E0F0851856
:1003800082851983E0A2E140030282B3A2E2E43352
:10039000640170030282B38E828F83E4F0FBFAA9BA
:1003A0000B1226110282CAE50860207A087B0090B1
:1003B000081FE0F912289FEA4B4C4D700E908A2ED0
:1003C0001215307A081284291216F3A90874011242
:1003D00016F37F080213A8746A2A1285362274F76E
:1003E00012103BE9FFEAFE900974E0700479008086
:1003F000335F601D908A2E1215307A041284291200
:1004000016F39009737401F0EEFA79001225AB80AF
:10041000117A047B0090081FE0F912289990097363
:10042000E4F079017F010213A87B0090081FE0F936
:1004300012288D74042274F412103B8908EAFF120A
:1004400025BDE970047E00801E7E01801A750A01B8
:10045000750B00EE780A1218E4E50A55086007EFFC
:10046000FAEEF91225AB0E900972E0F8EEC398404F
:10047000DC7F040213A8C082C083121EAFD083D0D9
:10048000820216DB74F612103B750837750908787E
:100490000812171675080D75090078081217167CD2
:1004A000007D007A067B0412285D74041216F37F27
:1004B000020213A874F512103B74FF1217DB890AAD
:1004C000AE0A746A2912853212165779008A088B8F
:1004D000097808121310000004000000EC841000DA
:1004E000FD8401400C85024023852F858518828577
:1004F0001983E0A2E04038A2E44024800B851882F2
:10050000851983E0A2E040277902802375080189DC
:1005100009EE78081218E4900837E0550860107961
:1005200001800C743C2EF582E43408F583E0F90276
:10053000828D12853622F582E43409F583AC18AD3C
:100540001974012274F112103B890A7A057B00129A
:1005500027CD8A088B09AE08AF09EA4F607E750C7B
:1005600081750D85750E00780C1217127C017D00C7
:1005700012270D74031216F38E828F83A3858208CF
:10058000858309750B00E50B75F005A4F8A9F0EE5D
:1005900028F582EF39F583A3E0FAA3E0FBA90A125C
:1005A00025D5E9850882850983F0A385820885839E
:1005B00009050BE50BC3940440CC750802780812BA
:1005C000171A750805780812171AEEFCEFFD7A075E
:1005D0007B00A90A12268974021216F37F07021300
:1005E000A874F412103B89088C097E00750A018EEC
:1005F0000BE9780A1218E4E50AFDF4FCEA4B7031C5
:10060000E509C394035037E50990083B700FE04DAE
:10061000F090083AE05CF09008390286A0E05CF0C7
:100620007402650970EB90083AE04DF0900839804B
:100630006B74106A4B7033E509C3940340057987E6
:100640000286EAE509C39402501590083BE04DF09C
:10065000900839E05CF0A3E05CF090083A804174C7
:1006600002650970F590083A803274016A7003746B
:10067000406B7032E50970047A0180027A00746A76
:1006800029F582E43409F583EA333354FCF8E05465
:10069000FB48F0740165099008377004E04D800252
:1006A000E05CF00E801774026A700374406B700D8A
:1006B000743C29F582E43408F583E509F01225CF6E
:1006C000EEA2E050097A007B00A9081225E7A908EC
:1006D0001225DB908A461215307A201284291216D0
:1006E000F3900860E04410F0790002847174F01215
:1006F000103B74FF1217DB8908AE08740029F8E478
:100700003480F912887EF50AE82448F582E439F548
:1007100083E0F81313543FF50CE50A600DE50C6017
:100720000EEE70067420650C6005790002887B74FB
:100730000358F9750E01750F00EE780E1218E4E5F6
:100740000EF50B90083BE0550B6005750901800321
:10075000750900908AE1AC18AD197401121657851D
:100760001882851983E054FE4509F0E509A2E0509E
:100770000C900837E0550B6004740180027400C3CC
:1007800033F8851882851983E054FD48F0E509A205
:10079000E0500C900837E0550B7004780180027827
:1007A00000E8333354FCF8851882851983E054FB44
:1007B00048F07420650C7004780180027800E833FA
:1007C000333354F8F8E054F748F074036960057463
:1007D0000269700EE50AA2E65004C2E68002D2E683
:1007E000F50AE9600574036970027904E50AA2E676
:1007F0005004D2F08002C2F0A2F0E433F8A2E0E4A8
:1008000033C43333F8E0548F48F0E509A2E0403FA9
:10081000900839E0550B700EA3E0550B7008900856
:1008200038E0550B6004780180027800E8C4335446
:10083000E0F8851882851983E048F0D2F0A2E5300F
:10084000F001B3E433F8A2E0E433C4F8E048F07414
:10085000662EF582E43407F583E50AF08518828573
:100860001983746A2EFCE43409FD7401121657EAE8
:100870004B6006E98A828B83F079010283CDE824FC
:1008800019F582E439F583E02274F412103B74FD0B
:100890001217DB7E00AA18AB1912284B75083775A2
:1008A000090878081217167C0D7D007A067B041261
:1008B000285174021216F3E970227808121716757F
:1008C000080D8E0978081217167C007D007A067BC9
:1008D0000412286374041216F3E960667C0D7D002F
:1008E00079007A377B0812271990802FE090083919
:1008F000F0908031E090083AF090802DE090083838
:10090000F0908033E090083BF090802BE090083727
:10091000F07C00ECFA75F005A4F8A9F0744D28F508
:1009200082748139F5837808121A19743C2AF58289
:10093000E43408F583E508F00CECC3940840D412C5
:1009400025CF7F0074021217B3EFF91225E7E97083
:10095000030289E6EFFC74662CF8E43407F9E8FA40
:10096000E98882F583E0851882851983F0746A2C02
:10097000F582E43409F58374011217BB7401121671
:100980005704121A88E0A2E0401DEF6005E0A2E3E0
:100990005015900974E0700F750801750900EF7823
:1009A000081218E4E508F074012F900972F0740140
:1009B000121A88E0A2E340010E851882851983E0AF
:1009C000543FC3943050197402121A88E0FA851803
:1009D00082851983E0F9120420E0F9121E91800645
:1009E0008A828983E4F00FEFC3940850030289449C
:1009F000EE600474018002740033333354F8F890CD
:100A00000844E054F748F074031216F3028471743A
:100A1000F712103B1226FB02842474F712103B7A63
:100A2000007B007800800108900933E0FCE8C39C5B
:100A3000501DE875F00CA4FCADF0900934E02CFCDE
:100A4000A3E03D8C82F583E06970DCAA82AB837FF2
:100A5000010213A874E812103B89138A0E8B0FE968
:100A600075F00CA4F8A9F0900934E028F514A3E07F
:100A700039F515750C00750D00EBC333F8E514243A
:100A800007F516E43515F517E87003028B40EA60A8
:100A9000088516828517838010851482851583A3A7
:100AA000A3A3A3A3A3A3A3A3A3E0F508A3E0F5092D
:100AB000750B00E8FE750A008044A3A3A3E0FA8842
:100AC000828983A3A3A3A3A3A3A3A3A3A3E0F50C59
:100AD000A3E0F50DEA650F7023850C10850D1175E7
:100AE00012007810121712EEFC7D00A908AA09ABBB
:100AF0000A12271374031216F3E97044050BE50B71
:100B0000C39513501BE50B128B81E50E88828983F8
:100B1000A3A3A3A3A3A360A2E0FA8882898380A6EB
:100B2000EEFA7B001227CD8A0C8B0DEA4B601D7804
:100B300008121712EEFC7D0012270D74031216F333
:100B4000E50E60218516828517838029E50E8514C0
:100B500082851583A3A3A3A3A3A36004E4F080E488
:100B6000A3A3A3E4F0851482851583A3A3A3A3A361
:100B7000A3A3A3A3A3E50CF0A3E50DF07F1002133C
:100B8000A875F00CA4F8A9F0900934E028F8A3E0C7
:100B900039F92274EA12103B8A088B09750A00752C
:100BA0000B007F00750E00AA0E74002AF50CE434C9
:100BB00080F50D850C82F583A3A3A3A3A3A3A3A310
:100BC000A3E0F9E50C2438F514E4350DF515E960DA
:100BD0000C851482851583129357FC80027C00E5F6
:100BE0000C2419F582E4350DF583E0FDE50C24486D
:100BF000F512E4350DF513ED600D85128285138332
:100C0000129357F50F8003750F007E00750C018E4F
:100C10000DEA780C1218E4E50CF874572AF510E484
:100C20003408F511744F2AF50CE43408F50DED6025
:100C300018E50F6014FE747F5D850C82850D83F0CE
:100C4000851282851383128CDBE96017EC6014FE39
:100C5000747F59850C82850D83F0851482851583F8
:100C6000128CDB74472AF582E43408F583EEF090A9
:100C700081D4E0586008EC6E70027E007900740543
:100C80006E7004E50A702CED7006E97003EA7001DD
:100C90000F74012AF50C74056E7009E50A7014854D
:100CA0000C0A800FEEF91224C1E96007E50B70030E
:100CB000850C0B050EE50EC394085003028BA7E5C7
:100CC000084509600FE50A7004E50B600785088296
:100CD000850983F0EFF97F0E0213A8E05403851015
:100CE00082851183F02274E812103B74D91217DB4D
:100CF000908000E0645070089081D8E064506005F6
:100D000079000293297406121A88E4F07405121A05
:100D100088E4F074061217B3122575E9F512700312
:100D20007512017406121A88E0900846F0E51290D8
:100D30000933F075F00CA4FEA8F0E8FFEEFAE8FB2A
:100D40001227CD900934EAF0A3EBF0EEFCEFFD7929
:100D5000001227197404121A88E4F0751200750C39
:100D600000C200E50CF50A7400250AF8E43480F9A5
:100D70008882F583A3A3A3A3A3A3A3A3A3E0FF60F7
:100D80000AE82438129351F5088003750800E82416
:100D900019F582E439F583E0F5096009E824481281
:100DA0009351FE80027E007447250AF582E43408E0
:100DB000F583E0F50DEEF91224B5E9700C74206EA0
:100DC00060078E1585091480067514007515007569
:100DD0000E01750F00E50C780E1218E4E50EF517FC
:100DE000A9081224B5E9701274206508600C90817E
:100DF000D4E0551770048F16800FE50D6508700359
:100E0000750D00750800751600E514700BE5167079
:100E100007E50C60030292B37405650D700E74054E
:100E2000121A88E060030292B37401F0E51275F0C3
:100E30000CA4F8A9F0900934E028FCA3E039FD7572
:100E40008388758212740C121657128B88740212E2
:100E50001A8812933B05127401250CC0E07402122B
:100E60001A88129348D0E0F07510FE7511FF8518AE
:100E700082851983E4F0A3F07E00C2017509007F2A
:100E800000E50C70177407121A88E4F0A3F07509D6
:100E9000017417121A88E4F0A3F07F01E50D607D5C
:100EA000C39405400C740E650D6006740F650D70DB
:100EB00007900844E0D2E2F0908AE3E0F8E50DC341
:100EC00098505AE50D75F006A4F8A9F074B828FA00
:100ED000744239FB8A82F583A3A3A3A3E493F87435
:100EE0000193F985188285198312933B5480602DF4
:100EF000851882851983A3E0547FF08A828B83A3AF
:100F0000A3E493F87401938882F583E582458360B6
:100F10000CAA18AB197480450CF9123A9E851882F8
:100F2000851983E054106004D2F08002C2F0A2F070
:100F3000E433F513A2E05004E054EFF0E0F50EA323
:100F4000E0F50F740C780E1219FBE50EF50E8518FE
:100F500082851983A3E054EFF0540460201293803B
:100F6000121A881293760509129331121A88129375
:100F7000760F851882851983A3E054FBF0851882CB
:100F8000851983E0F8A3E0F9E84960647C008056A5
:100F9000851882851983E0A2E05032EC25E0F8E460
:100FA00033F9744F28F582748539F583E0F8A3E0AE
:100FB000F9AA09EA2AFAE433FB7407121A88E582CF
:100FC0002AF582E5833BF58312933B050985188258
:100FD000851983E0F8A3E0C313F9E8138518828527
:100FE000198312933C0C908AE2E0F8ECC39840A07D
:100FF000E514607DE5167003029087900837E05590
:1010000017705CE50D706E7E01D200E515701EAAAA
:1010100008A90C1224CDE960147E0174FE651070DD
:101020000474FF65117006751002751100AA0DA9F0
:101030000C1224D3E970030290C57513007E00E5FD
:101040000A75F005A4F8A9F0744C28F5827481396A
:10105000F583E0F8C39480403C747F58F88038E50D
:101060000D600AAA08A90C1224CDE960087E01804F
:101070009AE5166096E508700A7E017510027511F2
:10108000008088E5146084E5157080D20075100634
:101090008E1102900F7800751001751101740268AD
:1010A000600D740168700EA90C121D2FE96016D234
:1010B000017E018016E8700D751301D2017E017565
:1010C00010037511007410650D7023129380121AAD
:1010D0008812935DE4F0A37403F005097A267B1B64
:1010E0007401250CF9122BED751002751101E51331
:1010F000A2E0500E129380121A8812935D740C12A3
:101100009341E5146012E515700E129380121A884F
:1011100012935D7407129341EEA2E092F0E50EA2E5
:10112000E072F0500B129380121A8812936C05092A
:10113000EEA2E0500A129331121A8812936C0FA299
:10114000015020129380121A8812935D7408129332
:101150004174FE6510700474FF651170067510030C
:10116000751100A2004003029203129331121A88F3
:1011700012935D7412F0A3E4F00FE5147003029271
:1011800003E515707E743C250AF582E43408F58386
:10119000E0FAC394025007EEA2E040678037EF2FD9
:1011A000F8E433F97417121A8812935D74FE2AC397
:1011B000940450047408802874FA2AC394065004D6
:1011C0007405801C740C6A701C7408F0A3E4F00FA2
:1011D000EEA2E0402E129331121A8812935D74062B
:1011E000F0A3E4801C74F32AC394035007E4F0A333
:1011F0007403800D74E02AC3940E5007E4F0A374C6
:1012000005F00F7402121A88E02406FCA3E03400F3
:10121000FD8C82F583E4F07402121A88E02407FA48
:10122000A3E03400FB8A82F583E4F0A3F074021299
:101230001A88E02409F50AA3E03400F50B850A8238
:10124000F583E4F07402121A88E0240AF50EA3E094
:101250003400F50F850E82F583E4F0A3F0740212DA
:101260001A88129348A3A3A3E510F0A3E511F07424
:10127000FF2512FEE509601A8C828D83F074071237
:1012800017AB8A828B8312933BAB097A01EEF9127A
:10129000256FEF601E850A82850B83F07417121785
:1012A000AB850E82850F8312933BEFFB7A00EEF93C
:1012B00012256F050CE50CC394085003028D619054
:1012C0000933E0F5088057128B81E824F4FEE934F5
:1012D000FFFF8E82F583A3A3A3A3A3A3E0F88E82CE
:1012E0008F83A3A3A3A3A3A3A3A3A3E0FAE82AF84D
:1012F000E43400F9E89401E99400C365D033401C5C
:10130000EEFAEFFB122BE77404121A887401F07ADC
:101310005A7B1B8E828F83E0F9122BA51508E508F6
:1013200070A57404121A88E0F974271216F3028B60
:101330007CEF25E0F8E433F9741722E8F0A3E9F034
:1013400022F0A3E4F0050922E0F8A3E0F583888207
:1013500022F582E439F583E01313543F221293619E
:1013600022E58228F582E58339F5832212936174A0
:1013700006F0A3E4F022129361740AF0A3E4F022D1
:10138000A809E828F8E433F9740722C082C0837CF6
:10139000987D40908ADDE0FA79FF122A8B7C677D88
:1013A000247ABF7B2679FF122A97D083D082021637
:1013B000DBC082C083900803E4F0900811F090082D
:1013C00007F0A3F0900802129CE41298A090081273
:1013D000F0900813F0900814029A82C082C08390A3
:1013E0006194740512988975E9FBE8A2E792AF90C1
:1013F00061A3E0D2E2029A82C082C0831221AF9040
:101400000803E4F0F9122191029A83C082C083900C
:1014100008137401F0900812E070031294AE029A5F
:1014200083C082C0839061A4E0C2E0F090619474B4
:1014300005F075E1ED75E1EDA8A8C2AF759B0075EB
:10144000E9FBE8A2E792AF900807E0F8A3E0F9E82B
:101450004960077A077B08123667900805744FF0D9
:10146000A37421F0900802E07006900804E0600C7C
:10147000900802E4F0900804F0122179029A83C0E7
:1014800082C083900813E070229008127401F090DB
:101490000805E0F8A3E0F5838882123A9E900812CE
:1014A000E4F0900813E060031294AE029A831221D4
:1014B00043900813E4F02274F112103B74FE1217EB
:1014C000DB750A00900802E06003121E55900802C6
:1014D0007481F0900815E0600D906193E0A2E74000
:1014E00010E0A2E6400B900802E4F0122179029885
:1014F0005B12200512989A900803E0900810F0798A
:10150000047A097B08122095900809E0547F24FD95
:1015100090080DF0C3947D400302963E90080AE0C7
:101520005407F8C39404400302963E7402686003B3
:101530000295D7900811E060030295D77902AA18A6
:10154000AB19122095A2AFE433F508C2AF9008178B
:10155000E06486707A901A4FE0F8A3E0F9E84970E9
:1015600003121E55129BCD851882851983E028240D
:10157000B7FE7401121A88E0547FFFFAEEF91221C7
:1015800013901A4F1299D02415F582E438F583E9A7
:101590001298922416F582E438F583EF129892247B
:1015A00017F582E438F583EEF0E508A2E092AF7417
:1015B00001121A88E0A2E7501190080AE05410FACC
:1015C00090080CE0F9122209807A12220F8075E54A
:1015D00008A2E092AF806D900817E0648670031255
:1015E000220F900810E0602F900811E070299008F9
:1015F00010E06401700302967F90080AE05407F837
:10160000900810E064027005E87074800AE06403DA
:101610007005740368706890080BE0F81313543F6A
:101620005403F508E8C413135403F50990078CE03C
:10163000701874016509600674016508700C75E125
:10164000ED75E1ED12216D02985BA809129865FA1B
:10165000A8081298652AFEE509600A90080AE0A227
:10166000E650021E1E90080DE0FAEE79002402F802
:10167000500109C3EA98E499A2D265D0335006120A
:10168000217F02985BE0C39E24FE90080F1298A76A
:101690005003750A2590080FE0F8E50A28F8E434AD
:1016A00000F9E8243AFAE439FB123661900807EAB7
:1016B000F0A3EBF0F9EA49700575E1E880C17F001D
:1016C00090080AE0F8900811E0700774205890081C
:1016D00004F0900804E0604AA2AFE433F50AC2AF18
:1016E0007407586403701D12365BE9600302983575
:1016F000900782E0700302982C121F7BE964FE7051
:101700000302983590618AE0C2E21298897591FED1
:10171000E8A2E792AF9061A4E0D2E0F0E50AA2E08F
:1017200092AF900807E0243AF8A3E03400F990085B
:1017300007E0FAA3E0F5838A82A3A3129BE2129B3F
:10174000A3F090080FE0C0E0129879D0E01299EE73
:1017500012987DE0C0E0900808129BB4D0E0129887
:10176000A7503A1298727403F0750C0A750D08753B
:101770000E00780C121712129872E0FC7D00129A7B
:101780005912270D74031216F3900807E024331240
:101790009BC32435F582E43AF583129A6A1299CDF7
:1017A000241BF582E438F583E509129BF52424F522
:1017B00082E438F583E508F01220538A088B098CFF
:1017C0000A8D0B1299CD2425F582E438F58378082B
:1017D000121A0A1220478A08129BEC2429F582E487
:1017E0003AF583E508F0A3EBF090080AE05407C04F
:1017F000E0129879A3D0E0F090080CE0C0E01299D4
:10180000CD2432F582E438F583D0E0F090080AE088
:101810005478F8A3E0C4540F5403484FC0E0129921
:10182000D4D0E0F0EE70191299E0802F123655E90D
:1018300070030297047F0490618AE0D2E202970A63
:1018400090080E1298A790080EE040011490619441
:10185000F09008057455F0A37421F074021216F389
:101860007F070213A874B628F582E43449F583E4AF
:101870009322129BFA129BBA22900807E0F8A3E089
:10188000F5838882A3A3A3A322F0A8A8C2AF759B67
:101890000022F0901A4F129BFD229061A4E0C2E05A
:1018A000F0900804E4F022F090080AE0A2E3227429
:1018B000F612103B74EC1217DB90080EE070031266
:1018C0001E55129CCAA818A91988088909AC08AD28
:1018D0000990080BE01313543F5403FE6072900804
:1018E00007E0242DF8A3E03400F9851882851983D8
:1018F000E0FC7401121A88E0FBEC88828983F0A373
:10190000EBF088828983E0129BEB242B129BAAEBDD
:101910001299EE241CFAA3E03400FB74036E7010DD
:101920007402121A88AC82AD8312296B740A801972
:101930007402121A88E0FC7403121A88E0F9EC8A27
:10194000828B83F0A3E9F07404121A88AC82AD8311
:1019500090080BE0C413135403FA60571299D4E0B3
:10196000A2E640258C828D83E0FEA3E0F990080773
:10197000E0FBA3E0CB242BF582E43BF583EEF0A360
:10198000E9F0EC2402FC50010D74036A7011900818
:1019900007E02413FAA3E03400FB12296B80148CB7
:1019A000828D83E0FAA3E0F9EA129BEB2413129BE9
:1019B000AAE9F01299CD2410F582E438F583E4F019
:1019C0001299E074141216F37F020213A89008070C
:1019D000129BFD22129BFA2407F582E438F583223C
:1019E0009008057461F0A37421F012215B22F0903D
:1019F0000807E022C082C08390080FE07011906158
:101A0000947401F09008057467F0A374218016C3E4
:101A100094105006E090080E800590080E7410F0A7
:101A2000E014906194805BC082C08390080EE0F95E
:101A3000129A59122095900807E02433F8A3E03455
:101A400000F990080E129A6A90080EE0F890080FBC
:101A5000E0C398F012215B802A129BFA2433F582AE
:101A6000E438F583E0FAA3E0FB22E0FA8882898378
:101A7000E02AFAA3E03400FB88828983EAF0A3EB32
:101A8000F022F0D083D0820216DB74F612103B7E77
:101A90000079027A097B0812209590080AE05480A8
:101AA000F509700B900811E064026003029B8C90B2
:101AB00008027402F01221BB129BCD900809E028A5
:101AC00024B7F508A3E0547FFFFAA90812211312E6
:101AD00099CD242FF582E438F583E9129BF5243162
:101AE000F582E438F583E508129BF52430F582E4AD
:101AF00038F583EF1299EE243A129BC3129BA3127E
:101B000099EE2402F8A3E03400F9E8FAE9FB18188A
:101B1000129BB4E0F8900807E0FCA3E0F5838C8208
:101B2000A3A3A3A3E0FCE8C39CF895E0F98A828B09
:101B300083E028F8A3E039F98A828B83129BE224A0
:101B400007F582E43AF583E0A2E2501088828983A7
:101B5000E06404600790618AE0C2E2F0900782E0EE
:101B60006008121F81E960027E04E5094EF89008C2
:101B700007E0F9A3E0C92407F582E439F583E048DA
:101B80001299EEFAA3E0FB12366D800A12989A7A47
:101B9000077B08123667900807E4F0A3F0129CD781
:101BA0000299C82433129BAAE922F582E43AF5830C
:101BB000E8F0A322E0C8129BBA222435F582E4386B
:101BC000F58322F8A3E03400F9129BEC229008017F
:101BD000E0540FF874BE28F582E43449F583E493A9
:101BE000F822E8F0A3E9F0129BEC22F8900807E055
:101BF000FAA3E0CA22F0129BFA22900807E0F8A3A9
:101C0000E0C822C082C083906193E0A2E6500BE05E
:101C1000A2E7400675E1ED75E1ED900802E4F09071
:101C20000804E07003122179029A83C082C0839075
:101C30000804E4F0900802E07003122179029A830C
:101C4000C082C0831221BB1220E31221F7029A83C3
:101C5000C082C083900805E0644F7004A3E0642153
:101C60006003121E5590080DE0700512216D802151
:101C7000C394105006E090080E800590080E741072
:101C8000F0E014906194F09008057485F0A374213D
:101C9000F0029A83C082C08374F01217DB129CCAD0
:101CA00090080EE0F890080DE0C398F06011C3941E
:101CB00010500FE090080EF014906194F080031221
:101CC0009CD774101216F3029A8390080EE0F9AABA
:101CD00018AB19122095229061947405129CE4F0BF
:101CE00012216D22F0900805744FF0A3742122C0D8
:101CF00082C083900814E004F012213D029A83749C
:101D0000F712103BE9FE900811F0700A906180E430
:101D1000F0E04409801374026E600874016E600381
:101D2000121E55906180E0C2E0F07F010213A8749A
:101D3000F712103B74FF1217DBEAFEEBFF890879FC
:101D400001AA18AB19122449E960267401650870CC
:101D50002A7B007A01851882851983E0F912260B07
:101D6000EE4F600D7A00851882851983E0F91226FE
:101D70004174011216F37F010213A8E50870067B77
:101D8000007A0080D07402650870E67B007A0280D9
:101D9000C474F012103B74FF1217DB8A088B09EA37
:101DA0004B60787900AA18AB19122449E9606C12CB
:101DB000A2958882F583A3A3A3A3A3A3A3A3A3E0CF
:101DC000605912A26E54FC70527B007A0185188211
:101DD000851983E0F912260BE4F50AF50B908A2E9B
:101DE000780C121A197808790C120ED47808121788
:101DF0000E7508017509007404121A88E07808123B
:101E000018E4AA08FB90082012A3761216F37A00B1
:101E1000851882851983E0F912264174011216F3A0
:101E20007F080213A874F512103B74FF1217DB8AA7
:101E3000088B09ECFEEDFF890AEA4B600674016A23
:101E40004B701F7401697016900C51E004F07A9881
:101E50007B3AC3940740047A887B131226C5790025
:101E6000805E7900AA18AB19122449E9700479013F
:101E7000804E851882851983E0FC74002CF8E434C8
:101E800080F912A265740665084509703D74026503
:101E90000A7003029F9E88828983A3A3A3A3A3A39E
:101EA000A3A3A3E07003029F9E851882851983E097
:101EB000F91224C7E97003029F9EEE4F60A0798655
:101EC00074011216F37F030213A87407650845090D
:101ED0007054129FA37003029F9EE82448F582E489
:101EE00039F583E054FC6003029F9EEE4F601C7442
:101EF000106E7001EF601474016E700374406F60B7
:101F00000A74026E700374406F70B3740C121A88F6
:101F1000E0F87430687003029E5E742068700302FB
:101F20009E5E7987809A74472C12A25965084509EC
:101F3000701A900846E06014851882851983E07055
:101F400003029EBE7405687003029EBEE870030221
:101F50009EBE7401650A6004E50A70047A0180027D
:101F60007A027B0080010B900932E0F8EBC39840C5
:101F700003029EBEEB75F01AA4F8A9F0746228F86B
:101F8000740839F98882F583A3E0FC8518828519E5
:101F900083E06C70D1129FA35A6003029E5E798128
:101FA000029EC0E82419F582E439F583E02274EA40
:101FB00012103B74FF1217DB8A0C8B0DECFEEDFF49
:101FC00089087900AA18AB19122449E9700302A103
:101FD000FD7417121A88E0F510A3E0F511741912B8
:101FE0001A88E0F50AA3E0F50B7412650C450D7034
:101FF0003EE50A450B600C850A82850B837401F06F
:10200000A3E4F074016508600302A255750A017526
:102010000B00851882851983E0780A1218E490086D
:102020005FE0550A600474018002740002A0D47459
:1020300006650C450D706D12A29512A265740265BD
:1020400008601E88828983A3A3A3A3A3A3A3A3A339
:10205000E0600E851882851983E0F91224C7E970C3
:1020600005798102A1FFE50A450B600C850A82858E
:102070000B837401F0A3E4F074016508600302A20D
:1020800055750A01750B00851882851983E0780A59
:102090001218E490085FE0550A6004780180027825
:1020A00000E880307407650C450D7054E50A450B57
:1020B000600C850A82850B837401F0A3E4F074013F
:1020C00065087019EEFAEFFB851882851983E0F92F
:1020D0001225D5E985108285118302A21A74026542
:1020E00008600302A255851082851183E0FCEEFA98
:1020F000EFFB851882851983E0F91225E102A255CC
:10210000851882851983E0F874472812A259650C56
:10211000450D701A900846E0601485188285198371
:10212000E0700302A1FD740568700302A1FDE87070
:102130000302A1FD75090080020509900932E0F84B
:10214000E509C398400302A1FDE50975F01AA4F85A
:10215000A9F0746228F514740839F515851482F510
:1021600083A3E0F8851882851983E06870CBE514B5
:102170002419F582E43515F583740165086007E5D7
:1021800008600302A21DE0A2E0400302A21D750E3A
:1021900000E50A450B602F8E128F13781212131070
:1021A000000003000000B7A11C00B7A15500B2A1B8
:1021B000BAA1750E048003750E01850A82850B8312
:1021C000E50EF0A3E4F0780A12171678101217162D
:1021D0008E128F137812121716AB0812A279123AC8
:1021E0009E74061216F3E9706C74016508701A7417
:1021F0001C6E4F7014851082851183E4F079017490
:10220000011216F37F0E0213A8E50A450B60EE8556
:102210000A82850B83E50EF0A3E4F0803874026532
:1022200008600302A139E0A2E14004798880D078F7
:102230000A12171678101217168E0E8F0F780E12BC
:1022400017167B0212A279123A9E74061216F3E94F
:10225000700302A139790080A6F582E43408F58381
:10226000E0F874142212A26E1313543FFA22E824E9
:1022700038F582E439F583E022AC0CAD0D7A00A983
:1022800009E5142417F582E43515F583E0F8A3E099
:10229000F583888222851882851983E0F8740028E6
:1022A000F8E43480F922C082C083900C4FEAF0A396
:1022B000EBF01226CBD083D0820216DB74F0121022
:1022C0003B901814E0600312299B900C4FE0F8A398
:1022D000E0F9E8499008456051E0D2E5F0908A16AF
:1022E0001215307A0112A3711216F37A407B009016
:1022F000081FE0F912289F8A0C8B0D8C0E8D0FEAB7
:102300004B4C4D6067900C4FE0F508A3E0F509E4F5
:10231000F50AF50B7808790C1219BD504F780812A0
:10232000170E12A36F1216F38042E0C2E5F0908AF6
:10233000A6C082C0837A407B0090081FE0F9122873
:102340009F8A088B098C0A8D0BD083D08278081263
:1023500016B6500C908A1612153012A36F1216F38F
:102360007A017B0090081FE0F9122899029E207ADA
:10237000407B0090081FE0F912288D74042274EC51
:1023800012103B8C128D137E067F00743C29F5825F
:10239000E43408F583E0F50D7414121A88E0F510A2
:1023A000A3E0F511851082F583E0F50E6005750C4C
:1023B000018003750C00EE6A4B7004D2008002C2EB
:1023C00000750AFF7416121A88E0F508A3E0F509F3
:1023D0007C0B7D007900AA08FB122719E50824036D
:1023E000F8E43509F9E5082402FAE43509FB850823
:1023F00082850983A3AC82AD83E50D24F4600F14BC
:10240000604F14604C14700302A49602A4CFE50E32
:10241000603814600C14601214600F14601502A56B
:102420007E750A00750C0202A584750A00750C0001
:1024300002A5840E0E750C05750A048508828509AF
:1024400083E412A59F740102A55B750C030E0E8038
:10245000787E000F0F0FE50E606C14600724FD609E
:102460001C02A57E740D650D7005750C0280037548
:102470000C05750A0512A5AA741902A57B740D65D1
:102480000D7005750C018003750C04750A0412A506
:10249000AA74FF02A57B7E000F0F0FE50E602714C4
:1024A000600724FD600B02A57E750C4B750A0B803E
:1024B00006750C4B750A098508828509837401121B
:1024C000A59FE402A57B750C47750A0202A584A2AC
:1024D00000400D7401650E6007E50E600302A598CB
:1024E000E50DC39402500E750A007401650D701E4F
:1024F000750C02801974E0250DC3940E50107E00F7
:102500007F05750A06850882850983E50CF0A2001F
:1025100040067401650E706674FE250DC394045068
:1025200041E50DC394045005750C028003750C063B
:102530007E087F00750A067402650D6006740465E6
:102540000D7004740080027401850882850983126D
:10255000A5B27419F08A828B8374FFF08882898314
:10256000801974FA250DF8C394065012750C057E77
:10257000057F00750A03E88A828B83F0800674FF6A
:10258000650A6014851282851383EEF0A3EFF0854F
:102590001082851183E50CF0A90A7F0C0213A812A2
:1025A000A5B274FFF08A828B832285088285098315
:1025B0007401F08C828D832274F112103B890B8A96
:1025C0000AECFEEDFFEA75F01AA4F8A9F07462288F
:1025D000F8740839F98882F583A3A3A3A3A3A3A35E
:1025E000A3A3E0F508A3E0F509E508240DF50CE444
:1025F0003509F50D7402650B7029EC5403FC7D0060
:10260000790212A6B2123A9EEEA2E050137A20A9E5
:102610000A122503908A2E12153012A6A81216F35C
:1026200002A6A37401650B6004E50B7076EC5440C0
:102630006017E5082405FCE43509FD7B047A018870
:10264000828983A3E0F9122551E5082402F5085098
:10265000020509EE5410601412A9AD121C2D908AC7
:102660002E1215307A1012A6AA1216F3EE5420601C
:102670001D85088285098312A7DC600612A9AD12A8
:102680001C63908A2E12153012A6A81216F3748FAE
:102690005EFE4F600EEEFCEFFDAA0AA90B12A6B279
:1026A000123A9E7F070213A87A20A90A1224F17415
:1026B0000422850C82850D83E0F8A3E0F5838882EF
:1026C0002274F712103B8908ECFEEDFF8A828B839F
:1026D000A3A3A3A3A3A3A312A707FBE508601488E1
:1026E000828983A3A312A9B3121C33E98E828F833C
:1026F000F0800F8C828D83E0F988828B83A3A312F4
:10270000ACEE7F010213A8A3A3E0F8A3E0F92274C2
:10271000F212103B890AE975F01AA4F8A9F0746264
:1027200028F8740839F9E8FEE9FFE82407F8E43FDF
:102730008808F5098882F58312A707740E121A8893
:10274000E82405FCE439FD7404121657E82402500D
:102750000109F50C890DF582850D8312A7DC60183F
:10276000740E121A887404121538850C82850D8334
:1027700012A9B3121C4B800D740E121A8874041225
:10278000153812ACE174041216F3850882850983AA
:10279000A3A3A3A3A3A3E0A2E65012908A16121546
:1027A000307A40A90A1224F774041216F390082311
:1027B00012A709E84960209019C312A709900823BD
:1027C000E0687003A3E069600E7B017A808E828FDF
:1027D00083A3E0F912263B7F060213A812A9B712C1
:1027E0001C21E92274F712103BEAFCEBFD12A83D14
:1027F00002A70274F612103B74FC1217DBE9FE8A82
:10280000098B08ECFFEAA2E74029AC18AD1912A821
:102810003DEFFDAC08A909AA18AB19121D5985187E
:10282000828519837404121538EEF91238A17404E4
:102830001216F374041216F37F020213A812A8E210
:10284000F8A3E0F5838882A3A312A9B7121C57222C
:1028500074EC12103BE9FF8A0A8C088D09EBFE121A
:10286000A8E2F50CA3E0F50D7414121A88E0F50E39
:10287000A3E0F50F7416121A88E0F510A3E0F51125
:102880007418121A88E0F512A3E0F51378121217E3
:10289000167810121716780E1217167A10EFF91212
:1028A0001D9B74061216F3E960047901802F7812DB
:1028B0001217167810121716780E121716EEFBACB8
:1028C00008AD09AA0AEFF9E50C2411F582E4350DEB
:1028D000F58312A6B8123A9E74061216F37F0C0204
:1028E00013A8E975F01AA4F8A9F0746B28F582749E
:1028F0000839F583E02274F412103B74F61217DBEA
:10290000890A8A0BE975F01AA4F8A9F0746228F50F
:1029100008740839F509850882F583A3A3A3A3A346
:10292000A3A3A3A3E0FEA3E0FF74806A705774041E
:102930001217B3A90A121D5FE960647402121A88A3
:10294000E4F0A312ACC38E828F83A3A3A3A3A374CA
:102950000412153874041217BB74061217B3121D33
:102960003B74041216F3851882851983E0FCA3E0FA
:10297000FD7402121A8812A9B3850882850983A3FF
:10298000E0F9121D8F12ACAFE0F8A3E08882F58366
:10299000E58245836009AA0BA90A123A9E80047A4F
:1029A000007B00740A1216F37F040213A8850882C4
:1029B00085098312A9B722E0FAA3E0FB2274E8128A
:1029C000103B74FC1217DB8908900932E0F514758E
:1029D000F01AA4F8A9F0746228F510740839F511FA
:1029E0007C008A828B83A3A3A3A3A3E0A2E7E433A2
:1029F000FBAA08791012292F851082851183A3E57F
:102A000008F0E5102402F512E43511F513AA087454
:102A10004F2AF582E43408F583E08512828513831A
:102A2000F0851082851183E054804410F0E5102475
:102A300007F516E43511F517851682F58374A7F0AE
:102A4000A3743812ACB9E0FEA3E0FFE5102415F83A
:102A5000E43511F98882F583E0FCA3E0FDEE240D56
:102A6000F582E43FF583ECF0A3EDF0E5102413FCD0
:102A7000E43511FD8C82F583E0F50AA3E0F50B1235
:102A8000ACAFE50AF0A3E50BF0E5102417F50AE476
:102A90003511F50B850A82F583E0F50CA3E0F50D01
:102AA000EE2411F582E43FF583E50CF0A3E50DF08B
:102AB0008882898374ADF0A37438F08C828D83741E
:102AC00095F0A37429F0850A82850B83748FF0A397
:102AD0007438F074572AF582E43408F583E0FA85F7
:102AE0001082851183A3A3A3F0851282851383E04E
:102AF000F912036E7A00E0F91203228E828F83743A
:102B00000AF0A3E412ACC3A3F0A3F012241FE960FF
:102B100004780180027800EE2404F50AE43FF50B06
:102B2000E8C333F8850A82850B83E054FD48F075CD
:102B30000900AC18AD197A01A90812250FE96048FF
:102B4000851882851983121A71E8494A4B603985C4
:102B50001882851983780C121A197410780C1217C0
:102B600092E50C540FF509850A82850B83E0A2E1FA
:102B70005016851882851983780C121A198E828F47
:102B800083E50CF0A3E50DF085188285198312AC5E
:102B9000CE122545E9851882851983700812ACCEBE
:102BA000122551802A121A71E8494A4B6021850A80
:102BB00082850B83E0A2E1501685188285198378FF
:102BC0000C121A198E828F83E50CF0A3E50DF0AB81
:102BD000098E828F83E0FCA3E0FD8512828513833A
:102BE000E0FA7900121C458B0BA90BEE2402F50CC0
:102BF000E43FF50D850C82F583EAF0A3EBF0EA499A
:102C00007009900932E014F002ACA5EE2405FE50E4
:102C1000010FF5828F8374FFF0A3F0A3F0A3E412F9
:102C2000ACB9A3A3A3A3E0A2E6501DEEFCEFFD7B8D
:102C3000047A01A908122545E9700DEEFCEFFD7B31
:102C4000047A01A908122551E5162404F50AE43591
:102C500017F50B850A82F583E0F9850C82850D83D3
:102C600012ACEE8E828F83740412153812ACE174AC
:102C7000041216F3908A2E1215307A20A91412A687
:102C8000AC1216F3908A2E1215307A10A91412A6DF
:102C9000AC1216F37C00850A82850B83E0F9AA103A
:102CA000AB111228E774041216F37F100213A8EE7A
:102CB000240FF582E43FF58322F085168285178381
:102CC000A3A322F0851882851983F0A3F022E4F0F3
:102CD000A3F0A3F0A3F0AC18AD197B047A02A90805
:102CE00022850C82850D8312A9B7121C512212A9CC
:102CF000B7121C392274F712103BEAFEEBFF74097D
:102D0000121A8812B3278E828F83800C121744F018
:102D1000E9240109E43AFAA312AD2070EF02B01CD5
:102D2000ECFEEDFFEE24FF1CEF34FFFDEE4F2274AE
:102D3000ED12103B89088A098B0A7413121A88E075
:102D4000F50CA3E0F50DA3E0F50EECF8EDF9E824A1
:102D5000FF1CE934FFFDE8496037A908AA09AB0A5E
:102D6000E92401F508E43AF509850C10850D118573
:102D70000E12E50C2401F50CE4350DF50D12174487
:102D8000F8A910AA11AB121217446860BD7900802F
:102D90000279017F0B0213A874F612103B8C088D88
:102DA000097808121716E9FC7D00122FC57402126B
:102DB00016F302B0B374F012103BE9FE8A828B83E3
:102DC000E0F50CE4F50DF50EF50F74026E700512CA
:102DD000AE49804774036E701212AE4312167878B3
:102DE0000C79081218D112AE34803074046E70372A
:102DF00012AE43121678780C79081218D112AE343C
:102E00007808121678780C79081218D18A828B8388
:102E1000A3A3A3E0F508E4F50A741878081216785D
:102E2000780C79081218D1AA0CAB0DAC0EAD0F7F3F
:102E3000080213A88A828B83A3A3E0F508E4F509AE
:102E400074102212AE49780822A3E0F508E4F509CF
:102E5000F50AF50B740822C082C083122707806729
:102E600074F612103BEAFEEBFFEA4F6031EA2405EC
:102E7000FAE43FFB1227CD8B09A909EA49601F8AB2
:102E8000828B83E4F0A312B05DA3A312B059A3A375
:102E9000A3A374FFF0EA2405FAE439FB80047A0066
:102EA0007B0002B0B3C082C083EA4B700479058016
:102EB0001612AF3F60047904800DEA24FBFAEB346C
:102EC000FFFB1227D37900D083D0820216DB74F780
:102ED00012103B7C0012273D02B02074F712103B09
:102EE000E9FEECFFEA4B6026908AE5E0F8E9C3983A
:102EF000400712273179038043EA24FBF582EB3443
:102F0000FF12B1AF700512AF3F600712273179058C
:102F1000802AEEF074016F700DEAFCEBFD7AC17B44
:102F20000E12275B800BEAFCEBFD7AC17B0E1227A9
:102F30004F7A007B80EEF912276D790002B020EA0B
:102F400024FFF582EB34FFF583E0F42274F21210D3
:102F50003B750C00750D007E007F00A2AFE433F5D9
:102F60000AC2AF900EC18015EE4F700685080C8521
:102F7000090DE50824FBF582E50912B15D12B0C028
:102F8000E50845096022E50824FFF582E50912B14C
:102F90005DE06970D3EE4F7006AE08AF0980D37A5A
:102FA000007B8012276D800B7A007B80122773EEE6
:102FB0004F6015780C121716EEFCEFFD7AC17B0EF0
:102FC00012276174021216F3E50AA2E092AFEEFA3C
:102FD000EFFB7F060213A8C082C083EAFCA2AFE425
:102FE00033F8C2AF900EC18009EA24FBF582EB12E0
:102FF000B15D12B32AEA4B6015EA24FFF582EB12A9
:10300000B15DE06970E38A828B83E06C70DBE8A2DB
:10301000E092AF02AEC7A2E092AF8004AA82AB8377
:103020007F010213A874F712103BA2AFE433FEC273
:10303000AF12B157E4F0A312B05D800C12B0B8F932
:10304000E8FAE9FB8882F58312B1B170EF8A828BCE
:1030500083ECF0A3EDF0EE80BDEEF0A3EFF08A82FA
:103060008B832274F612103BEAFCEBFD7A007B00A6
:10307000A2AFE433FEC2AF8C828D8312B1B1602E59
:10308000E8FAE9FB12B0B8F98882F58312B0C08C77
:10309000828D83E508F0A3E509F088828983E4F056
:1030A000A3F0EA24FFF582EB12B15D74FFF0EEA20B
:1030B000E092AF7F020213A8E824FBF8E934FF2274
:1030C000E0F508A3E0F5092274F712103BA8A8C2A6
:1030D000AF8A828B83E0FEA3E0FF12B15712B05992
:1030E000ECF0A3EDF0E8A2E702B01874F512103B83
:1030F000A2AFE433F50AC2AFEC24FBF8ED34FFF9DC
:10310000E8FEE9FF8882F583E0F8A3E0F98A828B84
:103110008312B0C0EC65087003ED650970068A8201
:103120008B838012740B121A88E0FAA3E0CA24FB86
:10313000F582EA12B15DE8F0A3E9F08E828F83E4B4
:10314000F0A3F0EC24FF12B15A74FFF0E50AA2E0FC
:1031500092AF7F030213A8EC24FBF582ED34FFF558
:10316000832274F612103B8A088B09E9FE7A00A2CA
:10317000AFE433FBC2AF85088285098312B1B17019
:10318000058015EE601F1E12B0B88808F509888208
:1031900012B1AF70EEEE600D850882850983ECF008
:1031A000A3EDF07A01EBA2E092AFEAF902B0B3F539
:1031B00083E0F8A3E0F9E8492274F712103B908A03
:1031C000E5E0F8E9C3985027ACA8C2AFE929F8E4D4
:1031D00033F99017EEE028FDA3E0398D82F583E006
:1031E0004AF0A3E04BF0ECA2E792AF7900800279BD
:1031F0000302B02074F712103B908AE5E0F8E9C3AF
:10320000985021AEA8C2AFEAF4FCEBF4FDE9291214
:10321000B30EF583E05CF0A3E05DF0EEA2E792AFC1
:1032200079008002790302B020E9F874FF68700623
:10323000D2AF7900800279070216DBE9F874FF68E3
:103240007006C2AF7900800279070216DBC082C027
:10325000831227C1900EC1E4F0A3F0122875122842
:103260006F1227DF1227C7790002AEC7C082C08362
:1032700012279180FB74F612103B7508001227A9E3
:10328000121E79A808E82812B30E12B1AF700D050E
:1032900008908AE5E0F8E508C39840E7908AE5E001
:1032A000F8E508C3985064ACA8C2AFAE08EE2EFE95
:1032B000E433FF9017EEE02EF8A3E03FF98882F5A3
:1032C0008312B32A88828983E4F0A3F0ECA2E79208
:1032D000AFE508901B83F0F974692EF58274853F81
:1032E000F58312B31E123A9E901B8374FFF0A8A8B8
:1032F000C2AF9017EEE02EF9A3E03F8982F583E09C
:103300004AF0A3E04BF0E8A2E792AF02B0B3F8E4D2
:1033100033F99017EEE028FAA3E0398A8222E0F828
:10332000A3E0F583888222E0F9A3E0FAA3E0FB2280
:1033300074F012103B7410121A88780C121A198A41
:10334000828B83E50C12B3B1850C08850E0A850FBC
:103350000B741078081217928A828B83A3A3E50856
:10336000F07418780C1217928A828B83A3A3A3E5BA
:103370000CF0EA2404FA50010B02AE2F74F0121084
:103380003B7410121A88780C121A19850C088A825C
:103390008B83E50812B3B17410780C1217928A82ED
:1033A0008B83A3A3E50CF0EA2403FA50010B02AED1
:1033B0002FF0850D09E509A3F02274F712103BE9FF
:1033C000FDEA4B60187800800108E8C39C5012E8C1
:1033D000FEEA2EF582E43BF583E06D60EC79008037
:1033E00002790102B02074EC12103B74FE1217DB5C
:1033F000EAFEEBFF8C0A8D0B8C828D83A3A3A3A323
:10340000A3A3A3A3A3E0F508A3E0F509121EEB858F
:103410000882850983A3858208858309E0C2E4F0D8
:10342000851882851983E4F0041217AB880C890D86
:10343000780C1217167C007D00EEFAEFFB121F3F8E
:1034400074021216F3E9700302B572A818A919885C
:103450000C890D780C1217167CFE7D00EEFAEFFB3E
:10346000121F3F74021216F3E9700302B503750CC4
:1034700040750D78750E7D750F017416121A88E06F
:10348000F510A3E0F511E4F512F513740C781012A1
:103490001678780C7910120FCC9089CA780C121813
:1034A000BE908ABE780C1216B64005750C03800DCE
:1034B000908AC2780C1216B6500C750CFF750D0070
:1034C000750E00750F00851882851983E0F510E4EC
:1034D000F511F512F5137810790C121807602474A1
:1034E00001121A88E0A2E44005D2E412B57E8518E4
:1034F00082851983E50CF0F97CFE7D00EEFAEFFB86
:10350000121F15A818A919880C890D780C12171606
:103510007C017D00EEFAEFFB121F3F74021216F3DE
:10352000E960367900850882850983E0A2E65002C9
:103530007904A2E55004E9D2E4F98518828519835B
:10354000E069600B7C017D00EEFAEFFB121F158530
:103550000882850983E0D2E4F07401121A8874218C
:1035600012B57E7C007901AA0AAB0B1228B779014B
:103570008002790074021216F37F0C0213A8F0F98E
:103580007C007D00EEFAEFFB121F152274F2121080
:103590003B74F71217DBE9FEECFFEA2407F8E43B83
:1035A000880AF50B8882F583A3A3E0F8A3E08808D6
:1035B000F5098882F583E0C0E07404121A88D0E02F
:1035C000F08A828B83A3A3E0F8C4540F5403C0E0B5
:1035D0007405121A88D0E012B6C7C0E07406121A39
:1035E00088D0E0F08A828B83A3A3A3E0F8C4540FB1
:1035F0005403C0E07407121A88D0E012B6C7C0E0C6
:103600007408121A88D0E0F0908ABAAC18AD197418
:1036100004121657EFF50C750D007404780C12188F
:10362000E4AC0CAD0D850A82850B83A3A3A3A3A3F1
:10363000A3E0A2E45014EF601674FF6F601C7A00E0
:1036400074FFC39CF8740F9D801D74FF6F70087A1F
:1036500010780079008011EF70087A0078007910F6
:1036600080067A00ECF8EDF9851882851983E4F07C
:103670007401121A88EAF07402121A88E8F07403CE
:10368000121A88E9F0EE60047AFA801185088285C2
:103690000983A3E0333354FC543C2406FAA818A948
:1036A000198808890978081217167904EAFC7D0040
:1036B00074061217B3121F1B74021216F374091248
:1036C00016F37F060213A8F0E812B9752274F712F8
:1036D000103BE9700B8C828D83E0FC79001228B7D7
:1036E0007F010213A874E912103B74F71217DB89EB
:1036F000118A0A8B0B8A828B83E0F510A3A3E0F575
:1037000016851882851983E4F0A3F0A3F0A3F07561
:103710000970AC18AD197A0112250FE9601E8518E1
:1037200082851983121A71E8494A4B600F85188205
:10373000851983780C121A19E50CF5097A008001B5
:103740000A900932E0F8EAC3985049EA75F01AA4E1
:10375000F8A9F0746228F8740839F98882F583E0D2
:10376000547F642870DAA3A3E0651070D38882893F
:1037700083A3A3A3A3A3A3A3A3A3E0F8A3E08882A6
:10378000F583E0650970B9A3E0A2E4E433F50870BD
:103790000602B967750802900932E075F01AA4F8BC
:1037A000A9F0746228FE740839FF7C00850A8285BE
:1037B0000B83A3A3A3A3A3E0A2E7E433FBAA11799D
:1037C0002812292F8E828F83A3A3A3A3A3A3E4127D
:1037D000B984E51112B984A3E51012B984A3A3E555
:1037E00016F0EE2407F514E43FF515851482F583F1
:1037F00074BDF0A37428F0851482851583A3A3E01B
:10380000F512A3E0F513851282F583E509F0750A38
:10381000C8750B00AC18AD197A02A91112250FE971
:10382000700302B8E5851882851983780C121A197D
:10383000740C780C12179212B98BE4F08512828501
:103840001383A385820A85830B8518828519837863
:103850000C121A19E50C540FF8850A82850B83E0C7
:1038600054F012B99E121A197404780C121792129D
:10387000B98BE50F12B99F121A19E50CA2E0E433D7
:10388000F8A2E0E433C43333F8850A82850B83E081
:1038900054BF12B99E121A19E50C54026004D2F0FA
:1038A0008002C2F0A2F0E433F8A2E0E433C433F8BB
:1038B000850A82850B83E054DF12B99E121A1974AF
:1038C00004780C1219FBA80CA90DE849700678C8F9
:1038D0007900800DC3E894ADE9940D400478AC798B
:1038E0000D880A890B74026508706785128285133A
:1038F00083E0C0E07404121A88D0E0F0E510C454EC
:103900000F5403C0E07405121A88D0E0F0E51012DD
:10391000B971C0E07406121A88D0E0F0E516C454FC
:103920000F5403C0E07407121A88D0E0F0E51612B5
:10393000B971C0E07408121A88D0E0F0780A121742
:1039400016EEFCEFFD74061217B31228B1740212C2
:1039500016F37C00851482851583A3A3A3A3E0F945
:10396000EEFAEFFB1228E774091216F37F0F021329
:10397000A812B975225407F8747628F582E43488C1
:10398000F583E022F08E828F83A322851882851929
:1039900083E50CF0A3E50DF0A3E50EF0A32248F0BB
:1039A000851882851983780C2274F712103BE9750B
:1039B000F01AA4F8A9F0746228FE740839FF7C1A82
:1039C0007D007900EEFAEFFB1227198E828F83E0DB
:1039D000D2E7F0901B7EE4F0EEFAEFFB02BD9374A9
:1039E000F712103BE9FF744729F582E43408F583A8
:1039F000E0FB744F29F582E43408F583E0FDEAFC2E
:103A000080010C900932E0F8ECC398502112BE3CC2
:103A1000E0A2E75019A3E06F70E888828983E05440
:103A20007F6B70DEA3A3E06D70D8ECF9800279FFA4
:103A300002BD9374F212103B890B7900750A008065
:103A4000157837EE28C0E0AE08EC2EF582E43DF59F
:103A500083D0E0F0050AE9F508750900EC29FEE4D9
:103A60003DFF8A828B83A3A3A3A3A3A3E0F8E50A67
:103A7000C398507EE50BF50CE5082403F5085002C9
:103A80000509C3E50C9508E49509A2D265D0334039
:103A900061E50A60088E828F83742DF009AE0AEA10
:103AA0002EF582E43BF583A3A3A3A3A3A3A3E0FF86
:103AB000C4540FFE890C740129F9EEC3940A500412
:103AC000783080027837EE28C0E0E50CF508EC2568
:103AD00008F582E43DF583D0E0F0740F5FFE8908BD
:103AE000740129F9EEC3940A400302BA4178300206
:103AF000BA43E9C3950B50068E828F83E4F07F06AC
:103B00000213A874F612103BEAFF740A121A881204
:103B10001530750801750900E978081218E412BB20
:103B20002902BCF97F040213A8AA08EFF8E4C8F937
:103B3000EA28E439FB9008212274F612103BEAFFD0
:103B4000740A121A88121530750801750900E9788F
:103B5000081218E4AA08EFF8E4C8F9EA28E439FBE7
:103B600090082202BCF974F412103B8A09750A010C
:103B7000750B00E9780A1218E4AA0AA809C8F9EA3C
:103B800028FEE439FFFB90082212BBAE7017740CBC
:103B9000121A88121530EEFAEFFB90082212BBA819
:103BA00074041216F302BB24E0F912288D22E0F906
:103BB00012289FEA4B4C4D2274F612103BEAFF7517
:103BC0000801750900E978081218E412BB29E0F928
:103BD00012289902BD0174F612103BEAFF75080124
:103BE000750900E978081218E4AA08EFF8E4C8F9A2
:103BF000EA28E439FB90082280D474F012103B7458
:103C0000FC1217DB12BCE1700512BCC5800312BCAC
:103C1000B612BCD4121657EA14604D14602C14600E
:103C20000D14604414602314600424FB704A85184A
:103C300082851983121A718E828F83121A59790123
:103C400074041216F37F080213A88518828519835D
:103C5000780C121A199089F2780C12190A8E828F38
:103C600083780C121A0A80D6851882851983780CFD
:103C7000121A199089E280E0790080C474F612105B
:103C80003B74FC1217DB12BCE1700512BCC580034B
:103C900012BCB612BCD412165774076A7014851879
:103CA00082851983121A718E828F83121A597901B3
:103CB000800279008046E824ACF582E439F583E09F
:103CC000FAE824AD22E824FCF582E439F583E0FA31
:103CD000E824FD22F582E439F583AC18AD197404AB
:103CE00022ECFEEDFFE975F005A4F8A9F0740028B8
:103CF000F8748039F974026A2212BBA8740412168F
:103D0000F37F020213A874F212103B890A7E0B7F24
:103D100000E9C39402400DE975F00AA4A9F024015A
:103D2000FEE439FFEEFAEFFB1227CD8A088B09EA91
:103D30004B6012EEFCEFFD79001227198508828591
:103D40000983E50AF0AA08AB0902BAFE74F712105B
:103D50003BE98A08AE08A2E65009EA60047E0080CA
:103D6000027E01EEFA1204DB802974F712103BE99F
:103D700075F01AA4F8A9F0746228F582740839F570
:103D800083A3A3A3A3E0F9600312252180057A0091
:103D90001225457F010213A874F712103B7E0080A4
:103DA000087A00EEF91225270E900932E0F8EEC3EA
:103DB0009840EE90097AE0C2E1F080D774F71210D3
:103DC0003BEBFD8026ED75F01AA4FEAFF074622E79
:103DD000FE74083FFFE98E828F83A3A3A3A3F0EABA
:103DE0008E828F83A3A3A3A3A3F00DEDC39C40D524
:103DF00080A174F712103BE9FD75F01AA4F8A9F040
:103E0000746628F582740839F583E0FAEDFC8001C8
:103E10000C900932E0F8ECC398501C12BE3CA3A3EE
:103E2000A3A3E0FB60EA88828983A3A3E060E1EAC0
:103E30006B70DD79018002790002BD93EC75F01A98
:103E4000A4F8A9F0746228F8740839F98882F58317
:103E500022C008C009E9F508750900740378081242
:103E600018E4E5082410FAE5093404FBD009D00869
:103E70000216DB74F112103B8A0B8B0E8C088D0935
:103E800012253FA80BEA28FEE43BFFE50EF50C7572
:103E90000D007808121716AC0CAD0DEEFAEFFB1200
:103EA000285174021216F3E9702178081217167857
:103EB0000C1217167C007D00EEFAEFFB12286374DB
:103EC000041216F3E970047901800279007F070279
:103ED00013A874F712103BEAFB02BD8E74F31210A4
:103EE0003B8A0B8C088D097808121716EBF50875BC
:103EF0000900780812171612253FA80BEA28FAE4E1
:103F00003BFB7C007D0012285D74041216F37901DE
:103F10007F050213A874F712103BEAFB7A00122502
:103F20005102BD9374F712103BEAFCEBFD7B0402D7
:103F3000BD8E74F712103B74FC1217DB8518828556
:103F40001983EAF0A3EBF0A3ECF0A3EDF0AC18AD0D
:103F5000197B047A0012255174041216F302BD93E2
:103F6000E9F8740F58C39408400279FF0216DB7415
:103F7000EC12103BEAFEEBFF8A82F583E0547FF5FA
:103F80000AEA2407F508E43FF509740E650A700B88
:103F90007A007B007C007D0002C0DEA3A3A3E0F5D5
:103FA0000B7403650A600C7404650A60067401658D
:103FB0000A7004790080027980121E497403650A30
:103FC000700E90624BE0D2E0F09061BDE0D2E0F084
:103FD0007A03A90B121E438A108B11E4F512F51314
:103FE0007810120F6F740F650A700302C0D6851027
:103FF0000C85110D85120E85130FE50A1460262419
:10400000FE6027147065908AC67810121A19780C11
:104010007910120AA6780C120D2812C0E1120F5462
:10402000908AAE8063908A9680449061BDE0C2E041
:10403000F0908A967810121A19780C7910120AA644
:10404000908A827810121A19780C79101206A690AC
:104050008A7E7810121A19780C79101208C0780C20
:10406000120D2812C0E1120F548029908A7A78101C
:10407000121A19780C7910120AA6780C120D28124F
:10408000C0E1120F54908A867810121A19780C79B0
:10409000101208C0850C10850D11850E12850F13A6
:1040A000850882850983E0A2E0502B12C479E8FAE2
:1040B000E9FB8882F5837808121A197810790812BA
:1040C0000AA68A828B83A3A3A3A37808121A19785D
:1040D0001079081206A6AA10AB11AC12AD1302C2D9
:1040E00091E50D3395E0F50EF50F780C2274EC1286
:1040F000103B74FA1217DBE912C466F8E43FF98842
:1041000082F583A3E06C7003A3E06D600302C21428
:1041100088828983A3A3A3E0F8A3E0F9741A121A92
:1041200088E0687003A3E069600302C214EB7020AA
:10413000740C6C4D7004780480027802741E121A9C
:1041400088E0FAA3E0F5838A82E8F0A3E4F08060D7
:1041500074016B600302C214EEFAEFFB123A51EAEB
:10416000F8EBF9ECFAEDFB7402121A88121A597482
:104170001C121A88E0FAA3E0FB8E828F83E0547F42
:1041800014603714603414607C14602E24F56003CE
:1041900002C21474021217AB880C890D750E0078D8
:1041A0000C1217127C047D0012270D74031216F3F3
:1041B000790174061216F302C291908AD0E0F510CC
:1041C000A3E0F511E4F512F5137810120F6F7402E5
:1041D000121A88780C121A197810790C120AA6781B
:1041E00010120D28851882851983E510F0A3E511BA
:1041F000F0A818A919880C890D750E00780C1217F3
:10420000127C0280A17402121A887810121A199076
:104210008AA280BF7900809A74EC12103BE975F095
:104220001AA4F8A9F0746228FE740839FFEEFAEFB8
:10423000FB123A518A088B098C0A8D0B8E828F8370
:10424000E0547FF87403687024908AA27810121AE0
:104250001978087910120AA67808120D28AA08AB56
:10426000098E828F83A3E0F91226718020740F6873
:104270007015790112251BEA4B60128A828B83A389
:104280007808121A0A800AA3E0F91226777A007BCE
:10429000007F0C0213A874E812103B74F61217DBAF
:1042A00089098A828B83A3A3A3A3A3E0547FF51477
:1042B000744F29F582E43408F583E0F515F9123AD4
:1042C00057E9F508121E377900121E49900932E0AD
:1042D00012C466F516E43FF51712C4798518828575
:1042E0001983E8F0A3E9F0EE2417F582E43FF583A3
:1042F000744BF0A3743AF0EE2419F582E43FF58391
:104300007401F0851682851783A385820A85830B45
:104310007404F0A3740BF0E5162403F50CE43517D0
:10432000F50D850C82F583E4F0A304F074036514A5
:10433000702290624BE0D2E0F075080E850A82850B
:104340000B837402F0A37404F0850C82850D83E462
:10435000F0A3804B74046514700675080F02C4192D
:104360007A04A915120420E5085407F8747628F594
:1043700082E43488F583E042F2E51414602414608A
:104380002124F3600302C419850A82850B83740C0F
:10439000F0A3E4F0850C82850D837455F0A3E4F05E
:1043A00080777402121A88E4F0A3F0A3F0A3F074EB
:1043B00006121A88E4F0A3F0A3F0A3F07402121717
:1043C000BB7A01A90912251574061217BB7A02A936
:1043D000091225157402121A887810121A19908A77
:1043E00076780C121A197810790C12158E602A85BD
:1043F0001682851783E0D2E0F07402121A88121A2E
:104400007112C488121A597406121A88121A71127B
:10441000C488A3A3A3A3121A598E828F83A3E5098C
:10442000F08E828F83A3A3E515F08E828F83A3A3E2
:10443000A3E508F08E828F83E054804514F0A3A397
:10444000A3A3A3A3E4F0EE2413F582E43FF5837461
:1044500045F0A3743AF0900932E004F0740A1216A1
:10446000F37F100213A875F01AA4F8A9F07462285B
:10447000FE740839FFEE240722EE240FF582E43F94
:10448000F583E0F8A3E0F922851882851983E0FC22
:10449000A3E0F5838C8222C082C083906180E4F027
:1044A000E04409F0906189E0D2E5F0906182E0D2C9
:1044B000E0F0E0D2E1F0E0D2E2F09007827401F0A7
:1044C00002C79E74E812103B74F61217DB8A168B33
:1044D00017ECFEEDFFEA4B60188A828B83A3A3A33F
:1044E000A3A3A3A3A3E0F8740268600A740368603E
:1044F0000579E802C70B121F87E9F46005791E02EF
:10450000C70B851682851783A3A3A3A3A3A3A3A385
:10451000E0F514121F938A088B098C0A8D0B121F69
:10452000998A108B118C128D1385080C85090D85C5
:104530000A0E850B0F780C791012191D7402651480
:10454000751400703B8A0C8B0D8C0E8D0F74FE550C
:1045500014780C121792E50CA2E0401985080C851E
:10456000090D850A0E850B0FE514780C121792E5DC
:104570000CA2E050460514E514C39418503D80C5C4
:10458000850C08850D09850E0A850F0B75100375BE
:104590001100751200751300E514C333781012165C
:1045A0007878087910121930E5084509450A450B55
:1045B00060090514E514C3940C40C57418651470A3
:1045C00069851682851783A3A3A3A3A3A3A3A3E04E
:1045D0006402606FE514F508750900851682851779
:1045E00083A3A3A3A3A3A3A3A3E06402705A7406A6
:1045F000121A88EEF07407121A88EFF08516828579
:104600001783E0C0E07408121A88D0E0F0851682A3
:10461000851783A3E0C0E07409121A88D0E0F0790E
:104620000474061217BB74028026740C651470A4FF
:10463000851682851783A3A3A3A3A3A3A3A3E064E2
:10464000037091791A02C70B7908AC16AD17740381
:1046500078081218E42508FA74613509FB12C715A9
:1046600064027903AC18AD19703B7A6712C72875DC
:104670000C01750D00750E00750F00E514780C1215
:1046800016787808790C12191D780812170E74071D
:104690001217B312279D74041216F37903E9121747
:1046A000BB7A6780577A6412C728E514C333FA755A
:1046B0000C01750D00750E00750F00780C12167840
:1046C0007808790C12191D750C01750D00750E0016
:1046D000750F0074012A780C1216787808790C127C
:1046E000191D780812170E74071217B312279D743C
:1046F000041216F37903E91217BB7A647B6112C7BF
:1047000015FB7A01A914121F8D7900740A1216F391
:104710007F100213A8122083851682851783A3A316
:10472000A3A3A3A3A3A3E02212C7A58A088B098C85
:104730000A8D0B2274F712103BEA4B6021EA240821
:10474000FEE43BFF8E82F583E0F874026860057436
:104750000368700A121F87E9F974FF69700479E829
:10476000800D8E828F83E0FB7A00121F8D79007F8F
:10477000010213A8C082C083740169900783700B83
:104780007401F090618AE0D2E28008E4F090618ADE
:10479000E0C2E2F0800812C7A574031216F3D083BA
:1047A000D0820216DB7B611220897903AA18AB192B
:1047B00012271F22C082C083900783E06401700427
:1047C00079FE800279FF80D6C082C083900783E0A3
:1047D000600479018009906163E0F8744058F980C1
:1047E000BD74EC12103B74F41217DB8A828B83A326
:1047F000A3A3A3A3A3A3A3E064027040EC85188243
:10480000851983F07401121A88EDF08A828B83E097
:10481000C0E07402121A88D0E0F08A828B83A3E091
:10482000C0E07403121A88D0E0F0A818A919881201
:1048300089137E04751001121F93800C8A128B134A
:104840007E08751002121F998A0C8B0D8C0E8D0F2D
:104850007F00850C08850D09850E0A850F0BEF7802
:1048600008121792E508A2E05053E510F5F0EF8426
:10487000F50BEEF974041217BBE50B89F0A4FAA846
:10488000F0E428FB74613BFB12208974041217AB1F
:1048900088088909750A007808121712EEFC7D0055
:1048A000851282851383A982AA837B001227137441
:1048B000031216F3E964017004A90B800BE5102FB5
:1048C000FFC39418408C79FF740C1216F37F0C020E
:1048D00013A874EF12103BEBFE750C01750D0075FB
:1048E0000E00750F00E9C333780C121678750801B5
:1048F000F509F50AF50BE97808121678046A701DB7
:1049000074026E700C12C96B780C790812191D8034
:104910002012C95F7808790C12191D802C74026E60
:10492000701812C96B780812199D780C7908121941
:1049300030780C12170E7A83801612C95F780C1229
:10494000199D7808790C121930780812170E7A869A
:104950007B6112279D74041216F37F090213A812BB
:104960001F998A088B098C0A8D0B22121F938A0CBF
:104970008B0D8C0E8D0F22C082C08374FD1217DB4D
:104980007903AC18AD197A8302C796C082C08374CC
:10499000FD1217DB7903AC18AD197A8602C796743D
:1049A000F512103B74FB1217DBECFEEDFFE975F01E
:1049B0001AA4F8A9F0746228FA740839FBEA2407EB
:1049C000F8E43B8808F5098882F58312CE83EAF87B
:1049D000EB8A82F58312CCD6C0E07401121A88D01B
:1049E000E012CCE0C0E07402121A88D0E0F08882B5
:1049F0008B8312CCD5C0E07403121A88D0E012CA9F
:104A000049C0E07404121A88D0E0F0850882850954
:104A100083A3A3A3E0FC7D00AA18AB19121F21E910
:104A2000601B850882850983A3A3A3A3E08E828FE0
:104A300083F0A3E4F0A3F0A3F0790180027900747D
:104A4000051216F37F030213A8F0EA5407F87476F0
:104A500028F582E43488F583E02274E812103B8A5A
:104A6000088B098C0A8D0B740C7808121678F510D7
:104A7000751108F512F513F50CF50DF50EF50FE5AA
:104A800009450A450B701202CB3F740178081216D3
:104A900078908A6E780C1218BE908A667808121682
:104AA000B650E7908A6278081216B65011740178F1
:104AB00008121792908A66780C1218BE80E5850855
:104AC00014850915850A16850B177A0C8514088537
:104AD000150985160A85170B78087914120ED474F7
:104AE0000C780812175E850814850915850A168545
:104AF0000B17908A62781412160F500E74017814F6
:104B000012175E780C79101218D1740178101217F0
:104B10005E1AEA70B7908A5A7808121A19780C79D6
:104B200008120ED4740C780C12175E780C120F5405
:104B3000908A4A7808121A19780C7908120AA6AADB
:104B40000CAB0DAC0EAD0F7F100213A874EB12105E
:104B50003B74F91217DBE975F01AA4F8A9F0746236
:104B600028F8740839F9880AF50BE82407F508E4F1
:104B7000350BAE08FF8E82F583E0C0E07402121A96
:104B800088D0E012CE9712CCD6C0E07403121A88F7
:104B9000D0E012CCE0C0E07404121A88D0E012CE4B
:104BA0009712CCD5C0E07405121A88D0E012CA4919
:104BB000C0E07406121A88D0E0F0750C028F0FACBA
:104BC00018AD197902E91217B3121F33E9640270A4
:104BD00004D2008002C20074021217B3121EF7A2A0
:104BE00000400302CCCAEE2405F8E4350FF985181D
:104BF00082851983E0FB7401121A88E08882898318
:104C0000F0A3EB12CE97E0F50CA3E0F50DE4F50E62
:104C1000F50F908A3E7810121A19780C7910120E3E
:104C2000D4908A3A7810121A19780C7910120FCC95
:104C30008E828F83A3A3E0640170077401780C1245
:104C40001792AA0CAB0DAC0EAD0F1239978A0C8BD4
:104C50000D8C0E8D0F908A367810121A19780C79F7
:104C600010120AA6780C120D28E50C2401F8E43580
:104C70000DF9851882851983E8F0A3E9F07508001D
:104C8000780812171A750802780812171A74021297
:104C900017AB880889097808121716750821780853
:104CA00012171A7C007D007A007B04850A82850B2E
:104CB00083A3E0F912266B74051216F37A007B00C9
:104CC00074071216F37F0D0213A8150CE50C600390
:104CD00002CBBD80E7A3A3A3E0FAC4540F54032280
:104CE000F0EA5407FA74762AF582E43488F583E012
:104CF0002274F012103B74F71217DB890B90093203
:104D0000E075F01AA4F8A9F0746228F8740839F96B
:104D10008A828B83E0F50AA3A3E0F5088882898361
:104D2000A3A3A312CE97A3A3A3A3A3A37401F0E804
:104D30002411F582E439F58374CDF0A37439F0E8D9
:104D40002413F582E439F583748BF0A37439F0E809
:104D50002407FEE439FF7509007405121A8812CE83
:104D60008C1217BB7A01A90B12250FE9601C740580
:104D7000121A88121A71E8494A4B600E7405121A09
:104D800088780C121A19E50CF509750C00740512D7
:104D90001A8812CE8C1217BB7A02A90B12250FE9C2
:104DA000601A7405121A88780C121A19E50C540F3F
:104DB000F50C7402650C7004741E800274C88E8237
:104DC0008F83A3A3A3A3F08E828F83A3A3E50CF00C
:104DD000EE2403F582E43FF5837420F0E50C1460C3
:104DE000051460068007742180027423F08E828F80
:104DF000837423F0E5096001F012CE83E50AC45400
:104E00000F5403C0E07401121A88D0E0F0E50A12D2
:104E1000CA4BC0E07402121A88D0E0F0E508C4540E
:104E20000F5403C0E07403121A88D0E0F0E50812B2
:104E3000CA4BC0E07404121A88D0E0F0AA18AB196B
:104E4000121EEB8E828F83A3AE82AF83E0C2E0F0AE
:104E50007C017D00AA18AB19121F217C237D00AABA
:104E600018AB19121F21E96401700E8E828F83E046
:104E7000D2E0F0900932E004F074091216F37F08D2
:104E80000213A8E0851882851983F022E4F0A3F0CC
:104E9000A3F0A3F0740522F0888289832274F412AF
:104EA000103B8A088B098C0A8D0B780812170E129A
:104EB000D3561216F37F040213A874F612103BE9BE
:104EC000333354FCF890097AE0540348F074012A13
:104ED000C333547EF8A3E0548148F0EBA2E0E433FE
:104EE00033F890097AE054FD48F0740A121A8812D7
:104EF00015307A8012D3581216F37F020213A87469
:104F0000F712103BE9FEEBFF0A1224E5E9FAC3941D
:104F100000A2D265D0334016908A4E121530EFFBB6
:104F2000EEF912261D74041216F37901800279003D
:104F30007F010213A874F012103B8A088B09890ABA
:104F40008C0B8D0C7E007F00EA241312D1818882A5
:104F5000F583E5824583600DAA0B123A9E8A0E8B7B
:104F60000FAE0EAF0F850882850983A3A3A3A3E02C
:104F700060127401250AF9122539E970077A00A92F
:104F80000A122527EE4F604D8E828F83E0603F75B9
:104F90000800802EE50BF509780912171AAB08EB0B
:104FA00075F00AA4F8A9F0EE28F582EF39F583A38D
:104FB000AC82AD83AA0AA90C12268374011216F3DF
:104FC00005088E828F83E0F8E508C39840C6EEFAA4
:104FD000EFFB1227D37B00AA0AA90C122623E97043
:104FE000047901800279007F080213A874EE121080
:104FF0003B74FC1217DB8910EAFF8B11C394084045
:105000000302D171744F2AF582E43408F583E0FC81
:1050100090097BE0C313543FFB703F7A0080010A84
:10502000900932E0F8EAC398400302D175EA75F0BE
:105030001AA4F8A9F0746228F8740839F98882F57E
:1050400083E0547F651170D7A3E06F70D2888289A6
:1050500083A3A3E06C70C8EA800374FF2BFEEEC349
:105060009400A2D265D033500302D175EEF8339587
:10507000E0F9E875F01AA4F8AAF075F01AE9A42A84
:10508000F9746228F508740839F509EB600D900988
:105090007AE054036401700302D1618508828509B6
:1050A00083A3A3A3A3E0603F90097AE0A2E1403785
:1050B0007A01EEF9122527850882850983A3A3A327
:1050C000A3A3E0F86021F50CE4F50DF50EF50F90C3
:1050D0008A2E7808121A19780C7908120ED4780CD6
:1050E00012170E7B01805490097AE0D2E0F0E508B7
:1050F000241112D181F50BE8450B60658518828576
:10510000198374F4F0A37401F0A3E4F0A3F0AC18D5
:10511000AD19AA10EEF98882850B83123A9EE960D8
:1051200028851882851983121A71E8494A4B603123
:105130008518828519831215307B00EEFAEFF9127B
:10514000261D74041216F3802890097AE0C2E0F05C
:10515000A2E1E433FBEEFAEFF9122623E9701280A4
:1051600014EFFDAC10EEF9AA08AB09122629E9707C
:105170000479008002790174041216F37F0A021385
:10518000A8F582E43509F583E0F8A3E02274F5126E
:10519000103B8A0AEBFF74002AF8E43480F9E82413
:1051A00038F582E439F583E01313543FFE88828991
:1051B00083A3A3A3A3A3A3A3A3A3E06036EEFAA9AA
:1051C0000A1224C7E9700AEEFAA90A1224D3E96088
:1051D00022750801750900E50A78081218E490089C
:1051E0005FE0550860047A0180027A00EFFBA90AAB
:1051F00012267D79017F030213A874F012103BE997
:10520000FF8A098B08901B59E064066028E0640758
:10521000602374FF6F7015908A461215307A201241
:10522000D3581216F3900860E04408F0901B7EE01B
:10523000700302D353900845E0A2E5500F908A26F0
:1052400012153012D3561216F302D353900860E0B1
:1052500054F7F0F8A3E0F9E849700C7A207B00904D
:10526000081FE0F912289974FF6F70047E00800710
:10527000EFFEC394FE4013750A0774FE6F700F9023
:10528000097AE01313543FFE806E8F0A805074FF3A
:105290006F704BEE333354FCF890097AE0A2E0E4EF
:1052A000334812D36B74076E700478018002780063
:1052B000A3E054FE48F012241FE97022908A52C0E5
:1052C00082C0831227AF8A0C8B0D8C0E8D0FD0837A
:1052D000D082780C1216B65005900932E4F0E50839
:1052E00070168E0B800B7B00AA0BA90912263505C0
:1052F0000BE50AC3950B50EE8E0C8002050CE50AF7
:10530000C3950C4041E50CC39408503AA80C74476F
:1053100028F582E43408F583E0FB60E074086B60F4
:10532000DB74066B60D6743C6B60D174206B60CC10
:10533000AA0CA90912262FE9601912D365A3E0A2CD
:10534000E050B9C2E0F012D365900845E0D2E3F036
:1053500012252D02CFE77A407B0090081FE0F9125A
:10536000288D74042290097AE05403F0A3E054815C
:10537000F090097AE0C2E0F02274F712103B901B23
:1053800059E064076005E064067009EAFBE9FA7910
:105390000012263502CF30C082C08390071A12D681
:1053A00055701A90071CE0700A7401F07A1D7B0793
:1053B000121DFB90071A741DF0A37407F012D63566
:1053C00002D605C082C0838A828B8374FFF0A3E477
:1053D000F0A3F0EA12D5F13BF583E4F0A3F08A8262
:1053E0008B83A3A3A3A3A3A3A374FF12D7AB8A8227
:1053F0008B83A3A3A312D7AAEA240DF582E43BF57D
:10540000837442F002D60574F212103BEAFEEBFF01
:10541000740E121A8812D626F97410121A8812D62F
:1054200038C3EA9401EB9400A2D265D033401FE860
:1054300075F003A4F885F00875F003E9A42508F9D0
:10544000EC28F508ED39F5098A0A8B0B80088C08E1
:105450008D09880A890BEE2410F50CE43FF50DEE5A
:10546000FAEFFB12D5F7A3A3A3A312D5FD123A9E20
:105470008E828F83E508F0A3E509F012D62BE50AAA
:10548000F0A3E50BF0EEFAEFFB850C82850D83129D
:10549000D626C8240AF582E438F58312D5FD123ADF
:1054A0009E8A088B09AC08AD09D2F012D635121EBF
:1054B00013EEFAEFFB7F060213A874EC12103B7494
:1054C000FD1217DB8A0C8B0DE9FEEA2403F508E4D4
:1054D000350DF509850882850983121A71E8494A54
:1054E0004B6028121F4B8A108B118C128D1385086C
:1054F00082850983C082C08390072F78101217C35A
:10550000D083D08278101216B650C912D60C121A57
:1055100059E50C12D5F1350D12D61B601C850C8295
:10552000850D83A3A3A3A3A3A3A3121A4DEEF98809
:1055300082850983123A9EE9FE90072B02D5D6E5B3
:105540000A240AF508E4350BF509850882F583E09D
:10555000FF850C82850D83A3C3E09464A3E09400CF
:105560005008850882850983E4F0E50A2410F58255
:10557000E4350BF583E02402F50EA3E03400F50FCB
:10558000EEF9AC18AD19AA0AAB0B121E19A818A98E
:1055900019881089117810121716E50A12D5F135FD
:1055A0000BF583121534850A82850B83E0FCA3E09A
:1055B000FDAA0AAB0B850E82850F8312D5FD123A28
:1055C0009E74041216F3EF850882850983F0850A1C
:1055D00082850B83A3A3E0F50AA3E0F50BE50A455A
:1055E0000B600302D53F7C197D00AA0CAB0D02D6DF
:1055F00048240BF582E422850C82850D8312D62681
:10560000F583888222D083D0820216DB121F4BEAF8
:10561000F8EBF9ECFAEDFB90072F22F58312D62672
:10562000F509E8450922E0F8A3E022EE240BF58213
:10563000E43FF5832290071AE0FAA3E0FB22E0F5AD
:1056400008A3E0F509E50822121E0D74031216F3F3
:105650007F0C0213A812D626F9E8492274F0121022
:105660003BEAFEEBFF90073312D626F9E82401FA55
:10567000E439FB900733EAF0A3EBF0C3E89CE99D23
:10568000A2D265D0334070121F578A0C8B0D8C0E3E
:105690008D0F900735780C1217C3E50C450D450E9C
:1056A000450F700C750C01750D00750E00750F001F
:1056B00090073312D63E75F0E8A4C508A8F075F03F
:1056C00003A428F875F0E8E509A428F5093395E066
:1056D000F50AF50B7808790C120FCC8E828F83A314
:1056E000E508F0A3E509F0900733E4F0A3F0121FFA
:1056F00057900735121A417F080213A874EC121054
:105700003BEA2403E43BF90A0A0AFBA2F0EC4D5001
:1057100058700302D799750C40750D42750E0F75C0
:105720000F008C088D09E4F50AF50B780C79081246
:1057300011EE8A828B837810121A19780C79101264
:1057400019BD500E850C08850D09850E0A850F0BB5
:10575000800C85100885110985120A85130B8A8231
:105760008B837808121A0A80306027750C40750DFB
:1057700042750E0F750F008C088D09E4F50AF50BC4
:10578000780C79081211EE8A828B83780C121A0A2F
:1057900080078A82898312D7AA8A828B83740AF04F
:1057A000A3E4F0A3F0A3F002D650E4F0A3F0A3F03A
:1057B000A3F02274EA12103BE9FFEA2407F514E48F
:1057C0003BF515EA2404F512E43BF5138C828D8336
:1057D000E4F0A3F08C828D83A3A3F0E960767E00D1
:1057E000EEFAE5122AF582E43513F583E0F510E5CB
:1057F000142AF582E43515F583E0F8E510604EE8EB
:10580000604B8F08E4F509F50AF50B880CF50DF5EA
:105810000EF50F908A12780C1218BE7808790C12C7
:105820000ED485100CE4F50DF50EF50F908A127864
:105830000C1218BE7808790C120ED4741078081265
:105840001792EC2AF582E43DF583E508F00EEEC3ED
:105850009403408C7F0E0213A874F712103BEAFEEB
:10586000EBFF8A82F583A3A3A3A3A3E0547FF912DD
:1058700024BBE960208E828F83A3E0FA8E828F831F
:10588000E0F912036EA3A3A3E0FA8E828F83A3A391
:10589000E0F912036E7F010213A874EE12103B8A26
:1058A000088B09ECFEEDFF900932E0F91224DF8A43
:1058B0000C8B0DEE2404F50AE43FF50B850A82F506
:1058C00083E0543F8A828B83A3F08E828F83A3A3CD
:1058D000A3A3A3E0547FF88A828B83E0548048F02E
:1058E0008E828F83E08A828B83A3A3F085088285D2
:1058F0000983A3E4931313543FF50E6023FA7B004E
:105900001227CDE50C240FF582E4350DF583EAF07E
:10591000A3EBF0EA4B602DAC0E7D00790012271945
:10592000EEFAEFFB850A82850B83E0543FF9850888
:1059300082850983A3A3E493C0E0740193F583D027
:1059400082123A9E7F0A0213A874E812103B74F583
:105950001217DB8A148B15900845E0D2E6F07CD054
:105960007D0079007A627B08122719900932E4F0F1
:105970007E007510007F00751100900821E0701AFC
:10598000851482851583E004F0900821F085148247
:10599000851583E004F0900822F07402121A8874CE
:1059A000FFF0851882851983F0750B001227A990E6
:1059B0000932E0C39408400302DC63AA0B74472A4F
:1059C000F512E43408F513851282F583E0F50A70C8
:1059D0000CEE700302DC5712DCD302DC57EA240120
:1059E000F8E43400F9E89408E99400C365D0335032
:1059F00006A3E0F50F8003750F00744F2AF516E437
:105A00003408F517851682F583E0F50E74572AF5EC
:105A100082E43408F583E0F50D750801750900EAA4
:105A200078081218E4908029E05508601A743F55F0
:105A30000EF874092AF582E43480F583E0543F6857
:105A40007005750C018003750C007406650A7047BB
:105A50007480450EFEAA0DA90E12036E7A01A90EDE
:105A60001225217407121A88E4F0A3F0A3F0A3F022
:105A70007F0574071217BB7A01A90B12250FE96085
:105A80000D7407121A88780C121A19E50CFF900988
:105A900032E0F51002DC57AA0AA90B1224C7E970FC
:105AA00008A90A1224D9E96006EE600312DCD3E5E6
:105AB0000AC3943E400302DC57E50A12DCAD6009DC
:105AC00012DCA16004D2F08002C2F0850882850950
:105AD00083A3A882A983743F550BFB7406121A880E
:105AE000E0A2E0E4331313FA88828983E493540339
:105AF000700302DB86747F550AFC7405121A88E075
:105B000054804C12DCC6121A88E50DF07406121A85
:105B100088E50CF07405121A88E0547F4AF074048A
:105B2000121A88E054C04BFA7404121A88EAF088FA
:105B3000828983E493C4333354C0F8743F5A48F8DD
:105B40007404121A88E8F074C0586480700D7402EE
:105B5000121A8874FFF074FF02DC0A7402121A88A9
:105B6000E0F460F2740A650F60ECA2F0400302DC1E
:105B700057AA18AB19122587AC18AD19AA08AB099A
:105B800012258D02DC57740A650A6006740D650AD9
:105B9000707B7405121A88E0547F60437402121AF5
:105BA00088E50EF07403121A88E50DF07405121AD8
:105BB00088E0547F12DCAD601D12DCA16018740A0D
:105BC000650A7007AA18AB19122587AC18AD19AA77
:105BD00008AB0912258D7405121A88E05480F07400
:105BE00004121A88E054C0648070117402121A887A
:105BF00074FFF07404121A88E0543FF08516828511
:105C00001783E4F0851282851383F0804A740412AE
:105C10001A88E054C04BF0747F550AF87405121AC4
:105C200088E054804812DCC6121A88E50DF074052D
:105C3000121A88E0547F4AF07402121A8874FFF036
:105C4000A2F0500BAC18AD19AA08AB0912258D743F
:105C500019650A70020511050BE50BC39408500382
:105C600002D9ACEE600312DCD9900932E0701590D5
:105C70000821E014851482851583F0900822E4F051
:105C8000900821F012252D900845E0C2E6F0E511BC
:105C9000600579011228CF740B1216F37F100213DE
:105CA000A8A3A3E493F8740193F9E8492275F006D8
:105CB000A4F8A9F074B828F508744239F5098508E4
:105CC00082F583E49322F0851882851983E50EF02E
:105CD00074012212DCD97E0022900932E0FCAB1064
:105CE000EFFAEEF912253322E5A48518828519838F
:105CF000F0E5A5C0E07401121A88D0E0F0E5A6C076
:105D0000E07402121A88D0E0F07403121A88E4F0EA
:105D1000E8A2E792AF851882851983121A4D7404A0
:105D20001216F3D083D0820216DBC082C08374E0E7
:105D30001217DB9061A97414F09061AB743FF0A36B
:105D40007455F09061A87485F0907803E0F874952C
:105D5000686005743468700C906265740FF090612F
:105D60009674F8F09061AEE4F09061B27415F09022
:105D70006182E4F09061B57410F0A3740EF0A37426
:105D800003F09061FA7409F09061E574FFF0439AB2
:105D900001D2A843A90153B9FE43A90453B9FB900A
:105DA0006249E090078CF0A8A8C2AF75C30275A243
:105DB0000075A328E8A2E792AFE59E70FC43940328
:105DC000E594A2E250FA43940AD2BA9061897448E9
:105DD000F01221C1906199E0A2E050F878007900BA
:105DE0007A10E825E0F8E933F99061A7E0A2E0E451
:105DF00033FCE84CF8DAEBE849600A748068700319
:105E0000740369700478BE79BAE8F5BCE9F5BC9012
:105E1000079BE0F8A3E0F9E8496042790078007A4E
:105E2000089061A7E0A2E0E433FBE8334BF8DAF135
:105E3000E9FA851882851983E5822AF582E435839B
:105E4000F583E8F009E9C3942040D2AA18AB199071
:105E5000079BE0F8A3E0F5838882123A9E1221C7DF
:105E60009061897440F0E0D2E5F0906164E4F0A3C1
:105E7000F0A3F0A3F0A3F0A3F0742002DD20E5B4BA
:105E800054F34404F5B4E5BDF90216DBE5B454F36C
:105E90004404F5B4E5BDF9E5BCFAE9FB0216DBA95B
:105EA000A8C2AF75C301A8A3AAA2E9A2E792AFE86E
:105EB000FB0216DBC082C08374FC1217DBA8A8C2E9
:105EC000AF75C300E5A202DCE8C082C08374FC1297
:105ED00017DBA8A8C2AF75C31002DCE874F4121077
:105EE0003B74FC1217DB12E02B851882851983782E
:105EF00008121A19908916780812190A12DFAC6074
:105F000003121E55900797C082C08312E03DD083D4
:105F1000D08278081218BE851882851983780812F5
:105F200017C39007977808121A0AA8A8C2AF75C3BA
:105F300000851882851983E0F5A47401121A88E09F
:105F4000F5A57402121A88E0F5A6E8A2E702E04B74
:105F500074F412103B74FC1217DB12E01D121A19B4
:105F6000908916780812190A12DFAC6003121E55C8
:105F7000A2AFE433F8C2AFE5A7A2E45005D20053C4
:105F8000A7EF75C330851882851983E0F5A47401E5
:105F9000121A88E0F5A57402121A88E0F5A675A118
:105FA000EFA200500343A710E802E049E5084509C5
:105FB000450A450B2274F412103B74FC1217DB12D5
:105FC000E01D121A19908916780812190A12DFAC0E
:105FD0006003121E55A2AFE433FEC2AFE5A7A2E3F1
:105FE0005005D20053A7F775C32085188285198301
:105FF000E0F5A47401121A88E0F5A57402121A885B
:10600000E0F5A653A1F7A200500343A70885188224
:10601000851983121A4D121EDFEE02E04912E02BA1
:10602000C20085188285198378082285188285190F
:1060300083EAF0A3EBF0A3ECF0A3EDF02212204DE5
:106040008A088B098C0A8D0B22A2E092AF7404128D
:1060500016F37F040213A874F412103B74FC121799
:10606000DB851882851983E4F0A3F0A3F0A3F0A2E6
:10607000AF33FEC2AF75C300E5A2E5A485188285E3
:106080001983F0E5A5C0E07401121A88D0E0F0E5AC
:10609000A6C0E07402121A88D0E0F0900797780842
:1060A000121A1985188285198378081219439007E6
:1060B000937808121A19851882851983780812199D
:1060C000AD502C9007977808121A1990078E78080F
:1060D000121831701A12E15E12194312E167851825
:1060E0008285198378081219439007927401F0850C
:1060F0001882851983121A71900793121A59900702
:1061000097121A7190078E121A59EEA2E092AF857B
:106110001882851983121A4D02E04DC082C0839007
:10612000078D7480F043A70102DD23C082C0835332
:10613000A7FE90078DE0F902DD2374F412103BA254
:10614000AFE433FEC2AF900792E0700812E15E1236
:1061500019438002E4F0EEA2E092AF02E05212E1B5
:1061600067900797780822121FD58A088B098C0A36
:106170008D0B2274EA12103B74FC1217DB85188217
:10618000851983EAF0A3EBF012E4D9E0F50AF8747C
:106190003A28F582E43449F583E493F50874021251
:1061A0001A88E508F0A3E4F07402121A88E070037C
:1061B00002E4BB740D68704674021217B37953126F
:1061C00020A77402121A88E064FE7003A3E0F47042
:1061D0000302E4067402121A88E0F47003A3E0F4E8
:1061E000700302E40612E4EBA3A3E0700302E406EA
:1061F000851882851983E0FEA3E0FF02E3A57405FC
:10620000687015851882851983E0F812E500790019
:106210002421F8502D09802A740768703112E4EBAC
:10622000E0700F7402121A88E0241BF0A3E034001F
:10623000801B85188285198312E50075F021A4F86A
:10624000A9F07402121A88E028F0A3E039F0740271
:10625000121A8812E51B7035740C650A600302E49B
:10626000BB12E52E700302E4BBA2AFE433F50BC210
:10627000AF1237937402121A8812E51B7009E50BEE
:10628000A2E092AF02E4BBE50BA2E092AF851882D8
:10629000851983E0F50CA3E0F50D750E00780C125E
:1062A0001712AC087D00EEFAEFFB12E4D31216F3DE
:1062B000EE2409F510E43FF511EE2408F514E43F4F
:1062C000F5157405650A706F12E4C5EE2403F51226
:1062D000E43FF513851282F58312E4E11217127C74
:1062E000217D0012E4CF1216F3851282851383E517
:1062F00008F0A3E509F085108285118312E4E1120C
:106300001712851482851583E0FC7D00E5082421A1
:10631000FAE43509FB12E4D31216F38512828513D1
:1063200083E02421F8A3E03400F9851082851183ED
:10633000E8F0A3E9F0806E7407650A706890195759
:1063400012E50D6060901957E0F512A3E0F5139087
:106350001957E4F0A3F0880C890D12E4C58E828FE2
:1063600083A3A3E08510828511837012E508F0A352
:10637000E509F0780C1217127C1B7D00801AE508E5
:10638000F0A3E509F0780C121712851482851583A5
:10639000E075F021A4FCADF012E4CF1216F3AA12BE
:1063A000AB131227D390195A12E50D6012EEFAEFD3
:1063B000FBE0F5838882123A9EE9600302E4AD7443
:1063C0000D650A600302E46312E514F98882F5831F
:1063D000A3E0FA88828983E0F8740358C3940250DA
:1063E00025E81313543F540FF89019C0E068701655
:1063F00074C05A701112E548C8241BF582E438F5C0
:1064000083E064026007AA18AB1902E4B8EE241313
:10641000F8E43FF9E8241CFAE439FBE8241DF5828E
:10642000E439F583E0F9122F9B12E548C8241CF5E6
:1064300082E438F583E0F47003A3E0F4706312E5BE
:1064400014C82406F582E438F583E0C39402405171
:10645000EEFAEFFB123481E96061AA18AB1912372A
:10646000938058740C650A703812E4D9A3E0641A5A
:10647000602F8E828F83A3A3A312E50D6023E824EF
:106480000EF582E439F583E0A2E05015EE240CFA13
:10649000E43FFBEE240DF582E43FF583E0F9122F93
:1064A0009BEEFAEFFB901A1DE0F9122737740C658A
:1064B0000A700812E52E600312379374041216F363
:1064C0007F0E0213A8EE240BF508E43FF50922AA7B
:1064D00008AB0912270D74032212E548F583888260
:1064E00022E0F50CA3E0F50D780C2212E4EF2285F2
:1064F0001882851983E0F8A3E0F5838882A3A3229C
:10650000A3E0C82408F582E438F583E02212E54EC2
:10651000F9E8492212E4EF12E54E22E0FAA3E0FB8B
:1065200012272B8A0C8B0DAE0CAF0DEA4F2285186B
:1065300082851983E02403FAA3E03400FB8A82F504
:106540008312E54EF9E84922851882851983E0F81F
:10655000A3E02279000216DB80F974F612103BE901
:10656000FEEAFCEBFD901959E060518A828B83E0D2
:10657000F87900EEC3943250047E328008EEC39462
:106580006F40027E6E901959E06401701FEE24CEB8
:10659000F508E434FFF509E88508F0A4C8AAF085F9
:1065A00009F0A42AF97A3C7B00120DF8C3E99401A2
:1065B000400474FF8001E88C828D83F07F02021317
:1065C000A874F012103BEA4B6022750C40750D4226
:1065D000750E0F750F008A088B09E4F50AF50B7824
:1065E0000C79081211EEAA0CAB0D80047AFF7BFF28
:1065F0007F080213A874F012103BEA4B6022750C5E
:1066000040750D42750E0F750F008A088B09E4F571
:106610000AF50B780C79081211EEAA0CAB0D800468
:106620007AFF7BFF80CA74F012103B8A088B098CBA
:106630000A8D0B908A06780C121A197808790C12B8
:10664000135C50047900801C9089FA780C121A1996
:106650007808790C1212C1500479FF80077808126B
:106660000D28A908808A74E812103B74FE1217DB0B
:10667000851882851983ECF0A3EDF0EAFCEBFDEAC6
:10668000F8EBF97A647B00120DF888088909AE08E6
:10669000AF09E89443E99400400302E73F750C001A
:1066A000750D00750E7F750F438C088D09E4F50A92
:1066B000F50B7808120F6FAA08AB09AC0AAD0B12E4
:1066C0002FBF8A108B118C128D139089F6780812C7
:1066D0001A1978107908120AA69089D27808121A25
:1066E00019781079081206A6C3EE9414EF9400509E
:1066F0000F750800750900750A00750B0002E79D0B
:10670000EE24F6F508EF12E7CA120F6FAA08AB09DC
:10671000AC0AAD0B122FBF8A088B098C0A8D0B9027
:1067200089CE7814121A1978087914120AA6908959
:10673000AE7814121A19780879141206A6805EE849
:1067400024C4F508E912E7CA120F6F90893A1215AE
:106750003012E9231216F38A0C8B0D8C0E8D0F90DC
:10676000892A7810121A19780C7910120AA69089C1
:106770002612153012E9231216F38A108B118C128F
:106780008D1390891E7808121A1978107908120A48
:10679000A6750800750900750A7F750B43AA0CAB36
:1067A0000DAC0EAD0F12E7D6A3E9F0AA10AB11ACF9
:1067B00012AD1312E7D6E9F0AA08AB09AC0AAD0B8B
:1067C00012E7DBE9F0740202E91B34FFF509E4F596
:1067D0000AF50B78082212E7DBA322121CC38518E6
:1067E00082851983E0F8A3E0F58388822274E81299
:1067F000103B74FC1217DB851882851983E4F0A323
:1068000074C0F0A37479F0A37444F0750C00750D96
:10681000C0750E79F50F7A007B007C007D008C0836
:106820008D09740378081218E474A02508FE743AE0
:106830003509FF8E82F5837810121969741C121ABB
:10684000887808121A1978107908120681908A76C9
:106850007808121A197810790812135C500F908971
:106860000E7808121A1978107908120AA68E828FEB
:1068700083A3A3A3A378141219697420121A887829
:1068800008121A19781479081206818514088515DA
:106890000985160A85170B908A767814121A1978CA
:1068A00008791412135C500F90890E7814121A197B
:1068B00078087914120AA68518828519837814122B
:1068C0001A197810791412135C50247808790C1274
:1068D000135C501B8518828519837810121A0A855B
:1068E000080C85090D850A0E850B0FECFAEDFB0CE3
:1068F000EC70010DC394BFED9400500302E81EEA52
:1069000075F064A4FAA8F075F064EBA428FBEA24FF
:10691000E8FAEB3403FB740402E91B1216F37F1050
:106920000213A8AA08AB09AC0AAD0B122FCB740452
:106930002274F412103BECFEEDFFEAF8EBF97A64F6
:106940007B00120DF888088909E4F50AF50B780830
:10695000120F6FAA08AB09AC0AAD0B122FB3120DC0
:106960001EE50875F064A4F8AAF075F064E509A4C2
:106970002AF9C3E894E9E994035005903AA08034D9
:10698000C3E89420E9944E40059040908026E82486
:1069900018F8E934FCF97A647B00120DF88808894C
:1069A00009740378081218E474A02508F582743A73
:1069B0003509F583EEFCEFFDEEFAEFFB74081216D5
:1069C000357F040213A8C082C08390181012E9D446
:1069D000F002EAD5E4F0A3F0A3F0A32274F01210C1
:1069E0003B8908EAFEEBFF1228817410121A88789E
:1069F0000C121A19EA4B600D8A828B83A3A3780CC0
:106A0000121A0A806A7A0D7B001227CDEA4B605B6E
:106A10008A828B83A3A3A3A3A3A3A3A3E50812EA5B
:106A200074EEF0A3EFF08A828B83A3A3780C121A82
:106A30000A8A828B83E4F0A312EA74A3A3A312E967
:106A4000D5F090180E12EDB590180E6017E0FCA36B
:106A5000E08003E8FCE9FD8C828D8312EDB570F3D4
:106A60008C828D83EAF0A3EBF080047A007B007FB8
:106A7000080213A8F08A828B83A3A3A3A3A3A32253
:106A8000C082C08390180E80048C828D83E0FCA3AA
:106A9000E0FDEC4D60238C828D83A3A3A3A3A3A36D
:106AA000E06A7003A3E06B70E08C828D83A3A3A3E4
:106AB000A3A3A3A3A3E06970D0ECFAEDFB8016C0FA
:106AC00082C083EA4B600E8A828B83A3A3A3A3A315
:106AD000A3E4F0A3F0D083D0820216DB74F6121088
:106AE0003BAEA8C2AF740A121A8812153012287B66
:106AF00074041216F38B09A909EEA2E792AFEA49D2
:106B000060047900800279087F020213A874F212EF
:106B1000103BA2AFE433FEC2AF740E121A8878089D
:106B2000121A19780812170E12287B74041216F321
:106B3000EA4B60128A828B83A3A3A3A3A3A3A3A37C
:106B4000A37808121A0AEEA2E092AFEA4B60047929
:106B500000800279087F060213A874F412103BA289
:106B6000AFE433F508C2AF1228818A0A8B0BAF0B52
:106B7000EA4F6003122887E508A2E092AFE50A4FCA
:106B800060047900800279067F040213A874F2126F
:106B9000103B750800750900750A00750B00A2AF5F
:106BA000E433FEC2AF1228818A828B83E58245835B
:106BB0006007A3A37808121A19EEA2E092AFAA0800
:106BC000AB09AC0AAD0B808D74EB12103B74FC1258
:106BD00017DB851882851983EAF0A3EBF0A3ECF0AC
:106BE000A3EDF0A9A8C2AF85188285198378081291
:106BF0001A199018107808121943E9A2E792AF9079
:106C0000180E12EDB5700302EDA590180EE0FEA36C
:106C1000E0FF751000751100750A00750B00A2AF3A
:106C2000E433F514C2AFEE2402F508E43FF509742D
:106C300002121A8812EDB570207401121A88E070E1
:106C400018851882851983E0F8850882850983E014
:106C5000C3984005E0C39880398508828509837808
:106C60000C121A19851882851983780C1219AD50E7
:106C700018851882851983780C121A19850882855F
:106C80000983780C121846800A85088285098312C8
:106C9000E9D4F0EE2406F512E43FF513EE2404F5F2
:106CA0000EE43FF50F12EDAF7054850E82850F8311
:106CB00012EDB5704EEE2409F50CE43FF50D850C90
:106CC00082F583121A71E8494A4B604D851282851C
:106CD0001383E0FAA3E0FBEA4B603E8E828F83A32E
:106CE000A3A3A3A3A3A3A3E0F912276D850C828518
:106CF0000D83121A71850882850983121A5912EDC3
:106D0000AF700B850E82850F8312EDB5600B851277
:106D10008285138312EDB570258E828F83E0F8A3F0
:106D2000E0F9E5104511700590180E800685108277
:106D3000851183E8F0A3E9F08E0A8F0B80048E1092
:106D40008F118E828F83E0FEA3E0FFE514A2E09214
:106D5000AFE50A450B6047850A82850B83A3A31222
:106D6000EDB57033850A82850B83A3A3A3A312ED2F
:106D7000B57024850A82850B83A3A3A3A3A3A3E0F4
:106D8000FAA3E0FB850A82850B83A3A3A3A3A3A395
:106D9000A3A3E0F912276DAA0AAB0B1227D3EE4F7B
:106DA000600302EC1874041216F37F0D0213A88519
:106DB0000882850983E0F8A3E0F9E84922C082C08F
:106DC00083901810121A4D02EAD5C082C083E9C41C
:106DD000540F5403FD743F59C3943040047800802D
:106DE00010E95407FA74762AF582E43488F583E0D2
:106DF000F8E8F4FAED700DEC6005E842F38027EA5C
:106E000052F3802274016D700DEC6005E842F4804D
:106E100015EA52F4801074026D700BEC6005E842C4
:106E2000F58003EA52F5D083D0820216DB74F712A4
:106E3000103BEA2402F8E43BF98882F583E0FCA3E6
:106E4000E0FDEA2406FA50010BF5828B83E0A2E212
:106E50008C828D83E0501D54C7F08A828B83E0A220
:106E6000E450047A1880027A208882898312EEF630
:106E7000E04A8002D2E4F07F010213A8C082C083FE
:106E80008A828B83A3A3E0F8A3E0F98A828B83A391
:106E9000A3A3A3A3A3E0A2E288828983E0500454C1
:106EA000C78002C2E4F002EE2674F612103BEAFC40
:106EB000EBFD8A82F583A3A3A3A3A3A3E0A2E240F0
:106EC0000A8A828B8312EEF6E98021E9C394FAE5FF
:106ED000DB400575F0F98006F508E98508F0A4FAAD
:106EE000ABF012EEF2EAF012EEF2A3EBF07F020248
:106EF00013A88C828D83E0F8A3E0F5838882227446
:106F0000EE12103B890EEAFEEBFF8C0A8D0FECC3EC
:106F10009408500D7407C3950AC43354E0F50880F3
:106F2000037508E0EA2406F582E43FF583E01313D5
:106F300013541FF50C75090074044DF50DEA240275
:106F4000F510E43FF51174136960687414696066A4
:106F5000741669605E741769605C7410697003026E
:106F6000F05F741169700302F062742069700302AB
:106F7000F05F742369700302F06274036960127435
:106F80000469600D7405696008740669600302F1A4
:106F9000A1E50CA2E0400302F1A1E0D2E2F07C0105
:106FA0001228D5E50AC39408500302F11C75080C99
:106FB00002F11F750901750B038510828511837419
:106FC000CB12F1B5500478CD800278CF79708A82E7
:106FD0008B83E8F0A3E9F07413650E600674146502
:106FE0000E700553F1DF800343F12043F52043FF8A
:106FF000C0E50CA2E050077C01A90E1228D553CBA6
:10700000EF43CB0453CBF7E50CA2E053CBFC40039A
:1070100043CB09E509A2E0E50C500EA2E05005853E
:107020000DCC801175CC44800CA2E05005850DCEAE
:10703000800375CE4453CB1FE50842CBE509A2E09F
:10704000500575CDFF800375CFFFEEFAEFFB121EE2
:10705000C7E50CA2E0500302F105D2BB02F10575B1
:107060000901750B0485108285118374EB12F1B54B
:10707000500478ED800278EF79708A828B83E8F093
:10708000A3E9F07410650E60067411650E70055367
:10709000F1EF800343F11043F51043FFC0E50CA26C
:1070A000E050077C01A90E1228D553EBEF43EB0407
:1070B00053EBF7E50CA2E053EBFC400343EB09E58F
:1070C00009A2E0E50C500EA2E05005850DEC801100
:1070D00075EC44800CA2E05005850DEE800375EE42
:1070E0004453EB1FE50842EBE509A2E0500575EDBE
:1070F000FF800375EFFFEEFAEFFB121EC7E50CA24F
:10710000E04002D2BCE509A2E0850B0974036509E1
:10711000600302F1A5B3E433F902F19C750800A8FD
:107120000A740628F582E43486F583E0F5DB75DA27
:107130000043F10353F1BF74FE250EF874A028FA42
:10714000E43462FB851082851183EAF0A3EBF0E85A
:1071500028F8E433F974A628F8746239F98E828F1E
:1071600083E8F0A3E9F07430650F7004781C8002A6
:10717000782475E4008508E443E402E8C0E0851063
:107180008285118312EEF6D0E0F079FFEEFAEFFB84
:10719000121ED3EEFAEFFB121EC779047F0A021308
:1071A000A879FF80F77404650970EF5004790280B4
:1071B000EB790380E7F0A37470F0E509A2E0227494
:1071C000F012103B74EA1217DB851882851983EAE6
:1071D000F0A3EBF0A3ECF0A3EDF0C2007426121ABA
:1071E000887808121A19908A76780C121A19780879
:1071F000790C12158E700B7A007B007C807D3F022B
:10720000F5A08518828519837808121A19908A7654
:10721000780C121A197808790C12158E700302F284
:10722000A18518828519837808121A19EDC2E7F52D
:107230000B901D9D780C121A197808790C12158E76
:10724000701590195C7422F0A3E4F08518828519FA
:1072500083121A4D02F5A07426121A887808121AA1
:1072600019901D9D780C121A197808790C12158E38
:10727000701490195C7422F0A3E4F07AFF7BFF7C19
:107280007F7D7F02F5A07426121A887808121A19D9
:10729000901DA1780C121A197808790C12158E70AD
:1072A0000B7A007B007C007D0002F5A085188285AA
:1072B00019837808121A19908A76780C121A19789C
:1072C00008790C12135C400302F34C7426121A88DE
:1072D0007808121A197808120D287406121A88787C
:1072E00008121A0A7426121A887808121A197406D3
:1072F000121A88780C121A19780C120F547808791F
:107300000C120681901DA5780C121A197808790CB8
:107310001212C1500B90195C7421F0A3E4F080812B
:107320008518828519837808121A19E50BC2E7F5CA
:107330000B8518828519837808121A0A7406121AA6
:10734000887808121A19E508A2E09200851882854B
:1073500019837808121A19E50B5480443FF50BE5A0
:107360000AC2E7F50A740A121A887808121A0A85FE
:1073700018828519837808121A19E50A33E50B3348
:107380002482F5083395E0F509F50AF50B78081223
:107390000F547426121A88780C121A197808790C6E
:1073A000120AA67406121A887808121A0A740612AB
:1073B0001A88121A4D122FB3851882851983121A52
:1073C000418518828519837808121A197808120DD8
:1073D000287404121A88E508F0A3E509F0740A126B
:1073E0001A88121A4D122FBF7412121A88121A41DB
:1073F0007426121A887808121A197404121A88E06E
:10740000F50CA3E0F50D3395E0F50EF50F780C12B1
:107410000F547808790C1206817412121A88780CAD
:10742000121A197808790C120AA6C008C009C00AF5
:10743000C00B7406121A887808121A1985188285EA
:107440001983780C121A197808790C120681901D8C
:107450008D780C121A197808790C120AA6D00FD060
:107460000ED00DD00C780C79081206A6AA0CAB0D24
:10747000AC0EAD0F122FAD740E121A88121A418580
:107480001882851983E4F0A3F0A37480F0A3743FFD
:10749000F07404121A88E0FAA3E0FB122FA7EA4B5B
:1074A000702F02F53D740A121A88780C121A19749A
:1074B0000A121A887808121A19780C7908120AA682
:1074C000740A121A88780C121A0AEBC313FBEA1317
:1074D000FAEAA2E05027851882851983780C121ADF
:1074E00019740A121A887808121A19780C79081275
:1074F0000AA6851882851983780C121A0A74016A03
:107500004B70A27404121A88C3A3E09400A2D2653F
:10751000D0335029750800750900750A80750B3F36
:10752000851882851983780C121A197808790C123B
:1075300008C08518828519837808121A0A740E12F9
:107540001A887808121A197404121A88E0F9851832
:1075500082851983780C121A19E9A2E713F9E4134A
:10756000250EF50EE9350FF50F7808790C120AA6ED
:10757000740E121A887808121A0AA200740E50109B
:10758000121A887808121A19E50BB2E7F50B800871
:10759000121A887808121A19AA08AB09AC0AAD0B9E
:1075A00074161216F37F080213A8C082C0839008D5
:1075B00017E4F090081EF002F74A74F712103BE946
:1075C000FE900817E06003121E559008177401F032
:1075D000901B52E06008791D12221502F6BCEE9055
:1075E0000818F064027005121FF9804AE060076411
:1075F000016003121E5590081BE4F0901A4FE0F84A
:10760000A3E0C8240EF582E438F583E05440600519
:107610009007D780039007B9E090081912F711700E
:10762000129007A0E0600C900819E0C39403400397
:107630007402F01221DF90081EE0705A901A4FE099
:10764000F8A3E0F9E8497003121E5512F923E0F897
:10765000A3E0F98882F583E0542090081DF0888229
:107660008983A3A3E090081CF0901A4FE0FAA3E0EE
:10767000F5838A82A3A3A3A3E0FAE824FFF582E9B5
:1076800034FFF58374022AF075E1EE74012AF9AA39
:1076900082AB8312208FA2AFE433F8C2AF9008020E
:1076A000E0700E900804E0700890081712F77F80D1
:1076B0000B9008177402F0E8A2E092AF02F86C7425
:1076C000F612103B1220BFE9F97508017509009008
:1076D0000819E078081218E4E508145990081A12FD
:1076E000F7117005121FED8003121FE77F020213CE
:1076F000A8C082C0839061A4E0C2E0F0900804E4D6
:1077000012F71164027005121FFF80031221EB8033
:1077100039F0900818E022C082C083900818E07009
:1077200014123673E9F890081AE0C3984007791CE0
:107730001222158003121FF38010C082C0839008AC
:107740001E740112F711F91221D9D083D0820216CA
:10775000DBC082C083900802E07006900804E060FD
:1077600003121E55A2AFE433F8C2AF900817E064CD
:1077700002700512F77F8005E8A2E092AF80CB741B
:1077800083F0E8A2E092AF1221E522C082C083908C
:107790000818E0600764016003121E559008177412
:1077A00004F01221BB90081BE004F0F89007B8E049
:1077B000C398500779E112221580329007C4E0FA8D
:1077C000900819E079002401F8500109EAFCC3E8A7
:1077D0009CE99400A2D265D0335004E0048001EA11
:1077E000F01221DF9008177483F01221EB02F74AA0
:1077F00074F712103BA2AFE433FEC2AF900817E05B
:1078000064837027900802E0600312213D90081DF8
:10781000E0900817700F7485F0EEA2E092AF790047
:10782000122215800B7486F012200BEEA2E092AFAC
:10783000803A74F712103BE9FF8A08A2AFE433FEE6
:10784000C2AF900817E06486701D12F89690081C6D
:10785000E06F700CE5086004791B800679008002F7
:1078600079E91222158005EEA2E092AF7F010213A2
:10787000A874F712103BA2AFE433FEC2AF90081712
:10788000E06486700A12F89679E91222158005EEF6
:10789000A2E092AF80D67487F0122011EEA2E0929F
:1078A000AF2274F712103BE9FE90081EE4F0900836
:1078B00017F09007D9E06005900802E4F0741B6EA1
:1078C0006007900816E0C2E0F01221BB1220E3121C
:1078D00020EFEEF9123691809374F412103B901A57
:1078E0004FE0F8A3E0F9E8497003121E55121FB7E4
:1078F0008A088B098C0A8D0B12F923A3A3A378089D
:10790000121A0A1220478A08901A4FE0FAA3E0CA16
:107910002409F582E43AF583E508F0A3EBF07F044F
:107920000213A8901A4FE0F8A3E0F5838882A3A37E
:107930002274F212103B74FD1217DB8A088B098C3B
:107940000A8D0B851882851983E4F004121A88E4E5
:10795000F07402121A8812F9B1121A8874FFF074C6
:1079600001121A8874F0F07E007F007411121A88D8
:10797000E0F50C802BEEF8EFF9E875F003A4F8AA17
:10798000F075F003E9A42AF9E50828FCE50912F9E5
:10799000BE851882851983E0250CF00EEE70010F6C
:1079A000C3EE950AEF950BA2D265D03340C702FB18
:1079B00082E4F0851882851983E9F074022239FD8A
:1079C000AA18AB19121EE52274F712103BE9FE74D7
:1079D000FFC39EF91238C580007F010213A874F31B
:1079E00012103B8A088B098C0A8D0B890C7E007F54
:1079F000008025A90CEEFAEFFBEA75F003A4FAA8C3
:107A0000F075F003EBA428FBE5082AFAE5093BFB37
:107A10001238B30EEE70010FC3EE950AEF950B40CE
:107A2000D280007F050213A874EE12103B8A0A8BE5
:107A30000B8C828D83E9C4540FFB740F59FA12FA30
:107A4000F5EA600C7413121A88E06004D2F0800228
:107A5000C2F08E828F8312FAE6A2F0502D740F6B63
:107A60007006E8FEE9FF8007EE2403FE50010FEAEE
:107A7000C4FA74FFC39A79002401F8500109EA7B23
:107A80000024010A50010B12FB0B7412121A881207
:107A9000FB7C6042E8603812FAD9600FF8850CF080
:107AA000A4E8AAF0850DF0A42AF508ED600EF8858B
:107AB0000CF0A4E8AAF0850DF0A42AFDEC6017F8FC
:107AC000850CF0A4E8AAF0850DF0A42AFC800775C7
:107AD00008007D007C0002FB8C042401F50CE434DA
:107AE00000F50DE50822E0F508A3E0FD8E828F8306
:107AF000A3A3E0FC2212FB0575F003EBA4FCE82C29
:107B0000FEE439FF22E0F8A3E0F9228E828F83128F
:107B1000FB66E508F510890D88F0A4E51085F008EE
:107B2000850DF0A42508250EF508A312FB66ED8946
:107B30000D88F0A4EDADF0850DF0A42D250EFD8E81
:107B4000828F83A3A3E0FE8B0D8AF0A4EEAAF085BA
:107B50000DF0A42AFEEC890D88F0A4ECA8F0850DA8
:107B6000F0A4282EFC22E0F50E8B0D8AF0A4E50E81
:107B700085F010850DF0A42510F50E22E0F874FFB5
:107B8000682274031216F37F060213A8850A828501
:107B90000B83E508F0EDA3F0EC850A82850B83A347
:107BA000A3F07F0A0213A874F612103B8A828B831B
:107BB00012FC12E0FEE82EF8E43400940140027852
:107BC000FFE88A828B83F0A3AE82AF8312FC12A3FC
:107BD000E0F508E82508F8E434009401400278FF55
:107BE000E88E828F83F0EA2402F8E43BF9E8FEE9AC
:107BF0008882F58312FC12A3A3E0FCE82CF8E4349D
:107C0000009401400278FFE88E828983F07F0202AF
:107C100013A8E0F88C828D832274F412103B890A39
:107C2000EA2402F8E43BF98A828B83A3AC82AD8319
:107C3000E50A2401F508E43400F5098A828B8312F1
:107C4000FC618C828D8312FC6188828983E0FC85D3
:107C500008F0A4ECAEF08509F0A42EF07F04021326
:107C6000A8E0FE8508F0A4EE85F00B8509F0A425B8
:107C70000BF02274F712103B7E007F00800AA3AA4B
:107C800082AB830EEE70010FC3EE9CEF9D500A8A0B
:107C9000828B83E06970E780047A007B007F0102B9
:107CA00013A8C3EB9400A2D265D033500BC3E49A5F
:107CB000F8E49BF9E8FAE9FB0216DBC082C0839086
:107CC000071A12FE9AF990071AE0FAA3E0FB121EB7
:107CD00007D083D0820216DB74031216F37F0602EC
:107CE00013A812FDF085088285098312FE9E2EF8E6
:107CF000A3E03FF9851882851983E088828983F0A3
:107D000074012274F212103B74FD1217DB12FF6330
:107D1000123A9E8A0C8B0DC3EE950CEF950D5037E1
:107D2000851882851983E50AF07411121A88E0C05B
:107D3000E07401121A88D0E0F07412121A88E0C0C0
:107D4000E07402121A88D0E012FCE2121A8812FDC6
:107D500063121A8812FD5A02FCD8E088828983A334
:107D6000A3F022E088828983A3F074022274EC12CB
:107D7000103B74FD1217DB8A0A8B0BECFEEDFF1231
:107D8000FF6D123A9E8A088B09C3EE9508EF95099C
:107D900050547417121A88780C121A19850C108511
:107DA0000D11850E12850F1374107810121792851D
:107DB0001882851983E510F0850D09E509F5087429
:107DC00001121A88E508F07402121A88E50C12FDF7
:107DD000F0850A82850B8312FCEB121A8812FD6370
:107DE000121A8812FD5A74031216F37F0C0213A89C
:107DF000F0EE75F003A4FEA8F075F003EFA428FFE1
:107E00002274EC12103BEAFEEBFF8C088D098A828B
:107E1000F58312FF71123A9E8A0A8B0BA80AA90BEE
:107E2000C3E50898E50999505F7418121A88E0FABA
:107E3000A3E0FBEA4B6013E5082AF50CE5093BF5E6
:107E40000DC3E8950CE9950D5004880C890D850843
:107E50000A85090B7414121A887810121A19801DD9
:107E6000781012170EAC0AAD0BEEFAEFFB123A6F58
:107E700074041216F3050AE50A7002050BC3E50A3D
:107E8000950CE50B950D40D802FDEBC082C08390A8
:107E9000071A12FF90E9F002FCD112FE9E2212FF97
:107EA00094E02274F012103B74FD1217DB8A088BE9
:107EB00009ECFEEDFF12FF6D123A9E8A0A8B0BC38E
:107EC000EE950AEF950B40097A007B007C0002FFDB
:107ED00057EE75F003A4FEA8F075F003EFA428FF99
:107EE00085088285098312FE9A2EF8A3E03FF9885F
:107EF00082F583E0851882851983F088828983A3BF
:107F0000E0FA7401121A88EAF088828983A3A3E058
:107F1000FB7402121A88EBF0851882851983E0F54C
:107F200008E4F509F50AF50B741078081216788A3A
:107F30000CF50DF50EF50F7408780C12167878080C
:107F4000790C12191D8B0CE4F50D7808790C1219B7
:107F50001DAA08AB09AC0A7D0074031216F37F0852
:107F60000213A88A088B09ECFEEDFF890A8A828B2E
:107F700083E0FAA3E0FBEA2410F582E43BF583E01A
:107F8000F8A3E0C82408F582E438F58312FF9022B4
:107F900012FF9422E0F8A3E0F58388822274F012A5
:107FA000103B8A088B098C0A8D0B7410121A88E01A
:107FB000F8A3E0F9E8FAE9FB908A76780C121A192E
:107FC0007808790C12158E700E8A828B83E4F0A3E8
:107FD000F0FAFBFCFD8022EC33ED332482F833957C
:107FE000E0F98A828B83E8F0A3E9F0AA08AB09EDF7
:0E7FF0005480443FFDECC2E7FC7F080213A85A
:1080000074F712103B1238171237457901122F41BD
:10801000E9FE79FF12277FEEF9806574F712103BB5
:1080200074FF1217DB123811E9FE85188285198357
:10803000E4F0AA18AB1979561220AD7AB97B0E7903
:10804000E21220AD12811B6012901957E0FAA3E0F2
:10805000FB1227D3901957E4F0A3F0EEF9801C74BB
:10806000F712103BE9FE74E26E700B7CB97D0E12C4
:10807000296B790080031220A7800574011216F382
:108080007F010213A874F712103B8908EAFEEBFF88
:1080900074E269700BEAFCEBFD7AB97B0E12296B76
:1080A000EEFAEFFBA9081220AD80D5C082C0838A0A
:1080B000828B83A3A3A3A3A3A3A3A3E4F012374BB0
:1080C00002824F74F412103BEAFEEBFF8A82F583C2
:1080D000121A71901953121A5912811B600479FCFB
:1080E000801F8E828F83A3A3A3A3E0F8740368602C
:1080F0000D1282A8700E1282C9601C1282DF1282D9
:10810000B30282A38E828F83A3A3A3A3A3A3A3E01E
:1081100060EC12830070E7791A80E6901957E0F856
:10812000A3E0F9E84922C082C083EA2413F582E47F
:108130003BF583E4F012375102824F74EC12103B8E
:108140008A088B098C128D13EA241EF510E4350978
:10815000F511EA241CF582E43509F583E0FBEA24F5
:108160001BF582E43509F583E0FA851082851183D9
:10817000E0F91236BB8A0A8B0BAE0AAF0BEA4F70DE
:108180000302824885080C85090D750E00780C12D3
:1081900017127C117D00EA2423FAE43FFB12270D1D
:1081A00074031216F3EE2402F50AE43FF50BE5081A
:1081B000241FF582E43509F583E0F50CA3E0F50D05
:1081C000780C121712851082851183E0FC7D0085E2
:1081D0000A82850B83E0FAA3E0FB12270D740312D9
:1081E00016F3E508241350020509F50C85090D78EE
:1081F0000C1217127C0B7D00EE2418FAE43FFB12E0
:10820000270D74031216F3E512451360308E828F2A
:1082100083A3A3A3A3E0F96024850A82850B83E0EE
:10822000FAA3E0FBEA4B6015851282851383123AAC
:108230009EE96009EEFAEFFB122731800BEEFAEFB0
:10824000FB1236B579008002791A7F0C0213A879E7
:1082500000D083D0820216DB7900028080C082C009
:1082600083121F6380E9C082C083121F6980E2C04D
:1082700082C083121F6F80D974F712103B121F75D2
:1082800080D6C082C08374FF1217DBE9851882850F
:108290001983F0AA18AB1979E01220AD74011216F7
:1082A000F380AE7F040213A8EE2416F508E43FF530
:1082B00009E8228E828F83A3A3A3A3A3A3E4F0EEF5
:1082C000FAEFFB1238537900227A1B7B001227CD7C
:1082D0008B0BA90B901957EAF0A3EBF0EA49227C2B
:1082E0001B7D007900122719901957E0240BF8A381
:1082F000E03400F9850882850983E8F0A3E9F022DB
:1083000075F021A4FAABF01227CD8B0BA90B8508D1
:1083100082850983EAF0A3EBF0901957EAF0A3EB0A
:10832000F0EA4922C082C0839017DFE4F0A3F09006
:1083300017E174D1F0A3740EF0900ED17470F0A315
:108340007402F0901141F0A37480F0A3749CF0A328
:108350007406F09017E87402F0A3E4F09017E67446
:1083600002F0A3E4F002861E74F612103B7A017B41
:10837000001227CD8A088B09AE08AF09EA4F7003B7
:10838000121E5585A808C2AFEE24FEF8EF34FFF99F
:108390009017E1E8F0A3E9F0EEFAEFFB1227D39093
:1083A00017E37401F0E508A2E792AF7F020213A879
:1083B00074F212103B7C007D007E00EA2402FAE495
:1083C0003BFBA2AFE433FFC2AF9017E3E06008EAE3
:1083D0009411EB9400500A9017E1E0F8A3E0F980C3
:1083E000047843791188828983E0F508A3E0F509D0
:1083F000548060057E000284DAEEA2E0400302842D
:10840000C49017E612858D1285848C828D83E0F5E9
:108410000AA3E0F50B5480F50DE50A2508F508E5FB
:108420000B3509547FF509E50D4509F5098C828D59
:1084300083E508F0A3E509F0547FF509C3E5089A40
:10844000E5099B50030284DAECF8EDF9E849700382
:1084500002857688828983E0FCA3E0547FFDECC32B
:108460009AF508ED9BF509C3E5089404E509940025
:108470005003028509E82AF582E93BF583E508F017
:10848000A3E509F0EB4480FD88828983EAF0A3ED3F
:10849000F09017E612860F9017E4C0829017E6E07E
:1084A000FCA3E0FD758317D082C3E09CA3E09D5040
:1084B000089017E4ECF0A3EDF09017EAE02AF0A39F
:1084C000E03B8059E509547FFDC3E5089AED9B40E8
:1084D0000302844C7E01E8FCE9FD88828983E0F593
:1084E00008A3E0547FF509E82508F8E93509F9887B
:1084F00082F583E0F508A3E0F509E5084509600386
:108500000283E578007900806D9017EAE02CF0A3F3
:10851000E03D12858488828983A3E04480F090172F
:10852000ECC0829017EAE0FAA3E0FB758317D082D3
:10853000C3E09AA3E09B50089017ECEAF0A3EBF09D
:108540009017E3E060299017E1E0FAA3E0FBE86A06
:108550007002E96B701988828983E0FAA3E0547F86
:10856000FBE82AFAE93BFB9017E1EAF0A3EBF0E81D
:108570002402F8500109EFA2E092AFE8FAE9FB7F8C
:10858000060213A8F09017E812858DF022E024FF70
:10859000F0A3E034FF2274F712103BEA24FEFEEB56
:1085A00034FFFFC3EA94D1EB940E4009C3EA94E18F
:1085B000EB94174003121E558E828F83A3E05480E4
:1085C0007003121E55A2AFE433FAC2AF8E828F83BE
:1085D000A3E0547FF09017E1E0F8A3E0F9EE98EF04
:1085E0009950089017E1EEF0A3EFF08E828F83E0B0
:1085F000F8A3E0F99017EAC3E098F0A3E099F090AF
:1086000017E812860FEAA2E092AF7F010213A8E0FA
:108610002401F0A3E03400F022E0FAA3E0FBD083D1
:10862000D0820216DBC082C0839017EA80EBC08242
:10863000C0839007FD740BF09007FC74FFF0900767
:10864000FBF09007FE8018C082C0831220FB12212D
:1086500007800DC082C08312203B8004F0EBA3F0A2
:10866000D083D0820216DBC082C083906180E0F8A4
:10867000E96004D2F08002C2F0A2F0E43333FA746D
:10868000FD584A80DAC082C083EA90617280CDC012
:1086900082C083EA90617480C3C082C083EAFCEB2D
:1086A000FD79087A6A7B6112208380B474F7121016
:1086B0003BE9FE907803E0F87495686005743468CF
:1086C00070059049C080039049C4E493F874019305
:1086D000F988828983E493FAC39EA2D265D033409D
:1086E0000EA3E493FAEEC39AA2D265D0335002EA05
:1086F000FEA2AFE433FAC2AF88828983E4939E245A
:1087000002FCE82CF582E439F583E4939007FE122D
:1087100087A1600574346870119007FEE064FD90D5
:1087200007FF700474018001E4F0EAA2E092AF1246
:1087300020E3EE0287D9C082C083A2AFE433F9C23E
:10874000AF9007FEE0F89007FBE068604C900804EB
:10875000E07046900817E0A2E7403E9007FEE090E8
:1087600007FB1287A1600574346870259007FBE051
:10877000906190F09007FFE09061AC600A74F5F0B2
:10878000906191747480117455F090619174698056
:10879000079007FBE0906190F0E9A2E092AF0286BB
:1087A00060F0907803E0F87495682274F712103B3B
:1087B000E9FF74F529C394134003121E55A2AFE4D8
:1087C00033FEC2AFEF9007FDF0900817E070031280
:1087D00020EFEEA2E092AF8001F97F010213A8C062
:1087E00082C083900817E06003121E55A2AFE433E5
:1087F000F8C2AF9007FDE0F99007FCE069602690B1
:1088000007FDE09007FCF0E8A2E092AF1221C775E7
:10881000F0059007FCE0A424D490618FF012213D74
:108820001221B58005E8A2E092AF02866074F712CB
:10883000103BE9FE901B52E06003121E55900803A6
:10884000E06003121E55EE70079008037401802645
:1088500074036E70079008037403801A74016E60CD
:108860000874026E6003121E559008037402F090A3
:10887000617274FFF0A3F00287DAC082C0839008AF
:1088800003E4F09007BAE0906172F09007BBE090CB
:10889000617302865FC082C083122071028660C04D
:1088A00082C083122077E9FA900801E0540FF8742F
:1088B000BE28F582E43449F583E4932924B7F912FC
:1088C000210D02866074F712103BE9FE9049D7E44F
:1088D0009324A9F89049D6E493240AFCE9C398A20A
:1088E000D265D0335003E8800BECC39EA2D265D092
:1088F000335002ECFEE8FA3395E0FBEEF83395E0F6
:10890000F9E8C39AF8E99BF9E875F0FFA4F8ADF02F
:1089100075F0FFE9A42DF9EC3395E0FDECC39AFA6C
:10892000ED9BFB120DF0E80287D974F712103B1291
:10893000210D0287DA74F012103B74F81217DB85F0
:108940001882851983EAF0A3EBF0A3ECF0A3ED12F3
:108950008C01121A19908A76780C121A19780879F3
:108960000C12158E700B7A007B007C807D3F028B91
:10897000F78518828519837808121A19EDC2E7F570
:108980000B901D61780C121A197808790C1212C11B
:10899000504490195C7422F0A3E4128C01121A194D
:1089A000908A76780C121A197808790C12135C5098
:1089B0000E750800750900750A00750B00800C75AE
:1089C00008FF7509FF750A7F750B7FAA08AB09AC14
:1089D0000AAD0B028BF78518828519837808121A65
:1089E00019901D65780C121A197808790C120AA6CC
:1089F0008518828519837808121A0A8518828519C4
:108A0000837808121A19E50BC2E7F50B7808120DE6
:108A100028E508FA851882851983780C121A1990AE
:108A20008A767808121A19780C790812135C503972
:108A30008518828519837808121A19EAF50C33957E
:108A4000E0F50DF50EF50F780C120F547808790C3F
:108A5000120681908A76780C121A197808790C120D
:108A6000158E60010AEAF404FA8518828519837864
:108A70000C121A19EAF5083395E0F509F50AF50B19
:108A80007808120F54780C79081206817404121AAF
:108A900088780C121A0A7404121A88780C121A199F
:108AA000901D697808121A19780C790812135C5015
:108AB000277404121A88780C121A19901D69780804
:108AC000121A19780C79081206A67404121A8878FA
:108AD0000C121A0AD2008002C2007404121A88789A
:108AE00008121A19901D6D780C121A197808790C51
:108AF000120AA6901D71780C121A197808790C12B6
:108B000006A67404121A88780C121A197808790CBF
:108B1000120AA6901D75780C121A197808790C1291
:108B200006A67404121A88780C121A197808790C9F
:108B3000120AA6901D79780C121A197808790C126D
:108B400006A67404121A88780C121A197808790C7F
:108B5000120AA6901D7D780C121A197808790C1249
:108B600006A67404121A88780C121A197808790C5F
:108B7000120AA6901D81780C121A197808790C1225
:108B800006A67404121A88780C121A197808790C3F
:108B9000120AA6908A06780C121A197808790C1213
:108BA00006A68518828519837808121A0AA2005031
:108BB00025851882851983780C121A19901D8978D9
:108BC00008121A19780C7908120AA68518828519D4
:108BD00083780C121A0AEAF98518828519837808B5
:108BE000121A19AA08AB09AC0AAD0BE9A2E713F9EE
:108BF000E4132CFCE93DFD74081216F37F08021300
:108C0000A8F085188285198378082274F412103B25
:108C100074EE1217DB7E00122F2FE9F8A2E050024B
:108C20007E017A247B001228578A088B097A357BCB
:108C300000122857EA4B706A740265084509706291
:108C4000A818A91988088909780812171675080242
:108C500075090078081217167C007D007A247B00C5
:108C600012286374041216F3851882851983E0F8BC
:108C7000A3E0F9901D21E8F0A3E9F0A3E4F0A3F04C
:108C800075082175091D78081217167C047D007A75
:108C900035128D3C1216F37C027D007A247B001283
:108CA00028697A357B1979E2122F47EEF9122F29BC
:108CB00075084B750949750A8078081217127C10DF
:108CC0007D0074051217B312270D74031216F37486
:108CD000021217AB8808890978081217167C107DD4
:108CE000007A62128D3C1216F3E97025EEA2E05074
:108CF00020780812171675081075090078081217E1
:108D0000167C007D007A627B0012285D74041216C6
:108D1000F37C107D00790074021217B3122719EE4C
:108D2000F9122F05EEA2E050077A017900122F35D3
:108D3000790074121216F37F040213A87B00122824
:108D40005174022274F212103B890D750C009019B7
:108D5000507401F0801A12171678081217167C004A
:108D60007D00EEFAEFFB12286374041216F3050C73
:108D7000E50C75F006A4F8A9F0742C28F8744439B1
:108D8000F98882F583E493FA740193FBEA4B606CF3
:108D9000A3A3A3A3E493F50A740193F50B88828936
:108DA00083A3A3E493C0E0740193F583D08285820A
:108DB0000885830988828983E493C0E0740193F570
:108DC00083D082AE82AF83780A121716AC08AD0941
:108DD000EEFAEFFB128D3E1216F3E97091E50D7875
:108DE0000A7003028D5612171678081217167C00A7
:108DF0007D00EEFAEFFB12285D028D697F060213FB
:108E0000A874F612103B74FF1217DB128E52121761
:108E1000167C017D007A03128D3C1216F3E9702056
:108E200078081217167508017509007808121716C8
:108E30007C007D007A037B0012286374041216F311
:108E4000851882851983E0F974011216F37F0202F6
:108E500013A8851882851983E4F0A818A919880831
:108E6000890978082274F612103B74FF1217DBE9A7
:108E7000FEEAFF128E521217167508017509007866
:108E8000081217167C007D007A037B001228637499
:108E9000041216F3E9F9703E74FF6E700A851882A9
:108EA000851983E04F800C74FF6FF885188285194F
:108EB00083E058128E59121716750801750900784B
:108EC000081217167C007D007A037B0012285D745F
:108ED000041216F3E9F9028E4874F212103B8A0B61
:108EE000E975F01AA4F8A9F0746228F8740839F941
:108EF000129072FBEAFEEBFF8A82F583A3E0540F27
:108F0000F50C7402650C60587403650C605288821D
:108F10008983A3E0F5087A00F9122641850B0974CC
:108F200001650C70037509008E828F83E0FF7E005F
:108F3000E5086E6024750C01750D00EE780C1218B2
:108F4000E4E50C5F60137B00AA09EEF912260BE939
:108F500060077A01EEF91226410EEEC3940840D064
:108F60007F060213A874F012103B890A8A0B750859
:108F700001750900E978081218E4E508FD7C008015
:108F8000010C900932E0F8ECC398400302906BECBE
:108F900075F01AA4F8A9F0746228F8740839F988F1
:108FA00082F583E0547F642170D71290728A08F5AD
:108FB000098A82F583A3E0540FF50C8A8285098320
:108FC000E05D60BD7401650C7022750801750900D3
:108FD00088828983A3E078081218E490085FE0553E
:108FE00008600479008002790102906D7402650CBA
:108FF00060277403650C70897400650B706D7E00CA
:10900000750E01750F00EE780E1218E4E50EF87477
:1090100002650C7008880D8007740180DD750D00F5
:10902000850882850983E058603AEE650A603590CC
:10903000085FE058650D702C7402650C70067F00A7
:109040007A8080047F017A817B00EEF912260BE999
:10905000F50EEFFAEEF9122605E50E60077A01EE3D
:10906000F91226410EEEC39408409579017F08025B
:1090700013A8E8240FF582E439F583E0FAA3E0228F
:1090800074F712103BE9FFEAFE74026F7009EC54AA
:1090900001FAEEF9121E1F7F010213A874F01210DC
:1090A0003B74FC1217DBE9FE900932E075F01AA45C
:1090B000F8A9F0746228FA740839FBEA2407F8E486
:1090C0003BF9EA240FF582E43BF583E8F0A3E9F0ED
:1090D000EA2415F582E43BF583742BF0A3741EF0AB
:1090E00088088909851882851983E4F0A3F0A3F024
:1090F000A3F088828983A385820A85830BAC18AD8F
:10910000197A01EEF912250FE96036851882851962
:1091100083780C121A19850882850983E50CF0857D
:109120001882851983780C121A197410780C12178A
:1091300092E50C540FF8850A82850B83E054F048C1
:10914000F0850A82850B83E0540F6401603F850837
:1091500082850983E0FA7900750801750900E978CC
:10916000081218E4E508F8EA58601B908029E058D6
:10917000601490085FE05860047A0180027A00EE83
:10918000F9122605800709E9C3940840CB900932FB
:10919000E004F074041216F302906DF075E1E275CC
:1091A000E1FF02929DA9A8C2AF75C300AAA2A8A31D
:1091B000E9A2E792AFE8F9EAF87A007B02120DF033
:1091C000E8F90216DBC082C0839061A4E0A2E450FB
:1091D00003121E55759C019061E47401F075E1E283
:1091E00075E1FFA8A8C2AF759B007591EFE8A2E7F3
:1091F00092AFA8A8C2AF759B007591F7E8A2E7925D
:10920000AF02929DC082C08312923775E1B875E1BA
:109210000F75E1D075E1D075E1D075E1D08063C004
:1092200082C08312923775E11775E18175E110757F
:10923000E1D275E181804B121FE175E1BC22C08251
:10924000C08390081AE09061E2F075A1FDA2AFE43E
:1092500033FAC2AF75C300A8A2A9A390078CE0940B
:10926000125008E87005E97002780175C30388A2FE
:1092700089A3EAA2E092AF1292FE1221C175E1E148
:10928000801B75E11075E1D275E1D975E10175E1D9
:109290000975E1BA75E10175E1C575E1D2D083D0F8
:1092A000820216DBC082C08312923780DB74F71211
:1092B000103B1292FEA2AFE433F508C2AF75C300B3
:1092C000E5A2AFA4740F5FF8740F98FE9061E2F00E
:1092D0001221AF9008157401F075E1E175C300E546
:1092E000A2E5A46F600DEEC39402400774FF2E90B8
:1092F00061E2F0E508A2E092AF7F010213A890615D
:10930000A4E0D2E4F0E0D2E3F022C082C083906116
:10931000E4E070179061A4E0A2E4500FE0C2E4F032
:10932000E0A2E3500312201712220302929D74F46C
:1093300012103B9061A4E0A2E45003121E55121FCC
:10934000DBE9F50890079DE0FEC394155003121E5B
:109350005574EC25082EFE75F01484FF75F014A4E6
:10936000CE9EFE0F9061E47402F0EF9061E2F0EEA9
:10937000C394154003121E5575A1FDA2AFE433FA44
:10938000C2AF75C303EEF50A750B007409780A12B3
:1093900018E4F8A90B90078CE0C394125006E9700A
:1093A00003087900E8F5A2E9F5A3EAA2E092AF7517
:1093B000E1E275E1FFA8A8C2AF759B007591EFE8E7
:1093C000A2E792AF75E1BC75E1B875E1D29061A4F6
:1093D000E0D2E4F075E1E1121FDBE9C39508500A21
:1093E0009061E2E06F7003E014F07F040213A8C004
:1093F00082C0839061A4E0C2E402919BC082C083DA
:109400009061A4E0C2E3F012221B02929DC082C0D0
:10941000839061A4E0C2E4F09061E4E07005122260
:10942000038015E0640170051221FD800BE06402E9
:109430006003121E5512220F02929D74F712103B08
:10944000E9FEC3941340027E12EEF9122F837F01CE
:109450000213A874F012103B74FC1217DB8B0A7411
:109460000C6C4D600302953A7414121A88E064552E
:109470007002A3E0600302953AEB7003029536E9AF
:1094800075F01AA4F8A9F0746228FA740839FBEA96
:109490002407F508E43BF5097416121A88E0FEA3C8
:1094A000E0FF7402650A70488E828F83780C121A6E
:1094B00019780C120D13908A92780C1216B6407A15
:1094C000850882850983E50CF08A828B83A3AE82AE
:1094D000AF83FAAB0DAC0EAD0FE0F9122563129518
:1094E000467B017A808E828F83E0F912263B80468C
:1094F0007401650A7044850882850983E0F50CE4EF
:10950000F50DF50EF50F780C120F6F851882851981
:1095100083780C121A0AA818A919880C890D750EDF
:1095200000780C1217127C047D00EEFAEFFB122774
:109530000D74031216F37901800279007404121677
:10954000F37F080213A8850882850983E0F91229B0
:109550003B227A007B000216DB74F712103BE9FE17
:10956000EA75F01AA4F8A9F0746928F5827408392C
:10957000F58374016E7008ECA2E0500312954C0262
:10958000944E74F012103B74FC1217DBE9FE900944
:1095900032E075F01AA4F8A9F0746228F87408395A
:1095A000F990883AE82411FCE439FD740912165741
:1095B000E82407500109F5088909F58285098374B3
:1095C00012F0851882851983E4F0A3F0A3F0A3F0CC
:1095D000AC18AD197A01EEF912250FE9601485185F
:1095E00082851983780C121A19850882850983E50A
:1095F0000CF0851882851983E4F0A3F0A3F0A3F0A2
:10960000AA18AB19EEF912255DE960168518828556
:109610001983780C121A19850882850983E50CF0E4
:109620008023850882850983E0851882851983F067
:10963000A3E4F0A3F0A3F0851882851983121A4DD4
:10964000EEF9122563129546908A561215307A016A
:10965000900932E0F91224F174041216F3900932E1
:10966000E004F002953CC082C0839047B87C9D7DA9
:1096700007745E1216351220BFE99007B6F012206B
:10968000BFE99007AAF0D083D0820216DBE9F87414
:10969000C029F9C3941E4010742028C3940F5006AB
:1096A000743E28F98002792D0216DB74F312103B08
:1096B000EAFEEBFF129715700479F4805385A80B2E
:1096C000C2AFE9F508750900740278081218E4744D
:1096D000762508FA74453509FB8A82F583E493F808
:1096E000749D28F508E43407F509750A0078081216
:1096F00017128A828B83A3E493FC7D00EEFAEFFBC2
:1097000012270D74031216F3E50BA2E792AF79004E
:109710007F050213A81220A1E9F8742D682274F1C4
:1097200012103B8908EAFEEBFF744569700A900746
:10973000A2EAF0A3EB029881129715700579F40262
:109740009884E9F50A750B007402780A1218E4741B
:1097500076250AFA7445350BFBEA2402F8E43BF956
:109760008882F583E493F509EA2403FCE43BFDE5F4
:109770000970088C828D83E49360538C828D83E41E
:10978000936509700579FB02988474586508701A0E
:109790008E828F83E02471F50AA3E034FFF50BC3BA
:1097A000E50A9422E50B9464501F8E828F83E0F5C6
:1097B0000988828983E493F8E509C398400B8C8279
:1097C0008D83E493C39509500579E802988485A8B0
:1097D00009C2AF8E0C8F0D750E00780C1217128A0D
:1097E000828B83A3E493FC7D008A828B83E493F8CD
:1097F000749D28FAE43407FB12270D74031216F344
:10980000E509A2E792AFE50824B0601A24FE6030B3
:109810001460202473604E14603814603F24FD608F
:109820004E146055805C9007BAE0FAA3E0FB12206A
:10983000CB804F9007BEE0FAA3E0FB1220D180421C
:109840009007BDE07902600512219D80351221A9A3
:1098500080309007CDE0F91220E980267ACE7B0790
:109860001220D7801D9007CCE0F91220DD80138EE6
:10987000828F83E09007D980088E828F83E09007E3
:10988000DAF079007F070213A874F012103B74F627
:109890001217DB851882851983EAF0A3EBF0A3EC9D
:1098A000F0A3EDF08518828519837808121A1990B3
:1098B0008A12780C121A197808790C12135C50333A
:1098C0008518828519837808121A19908A76780C7F
:1098D000121A197808790C12158E90195C700A7496
:1098E00022129A8D7DFF029A837421129A8D7D7FB8
:1098F000029A8374041217AB880889097808121732
:10990000167402121A88121A4D122FB97402121606
:10991000F3851882851983121A4185188285198367
:109920007808121A19901D89780C121A197808797A
:109930000C12135C50328518828519837808121A2C
:10994000197401C31313250AF50AE4350BF50B85C9
:1099500018828519837808121A0A7404121A88E08A
:1099600024FFF0A3E034FFF085188285198378087E
:10997000121A1990890E780C121A197808790C129B
:1099800006A6C008C009C00AC00B851882851983C5
:10999000780C121A19908A067808121A19780C791C
:1099A000081206A6D00BD00AD009D0087808790C86
:1099B0001208C08518828519837808121A0A85183A
:1099C000828519837808121A198518828519837877
:1099D0000C121A197808790C120AA67406121A8841
:1099E0007808121A0A7404121A88E0F5083395E010
:1099F000F509F50AF50B7808120F54901D8D780CB7
:109A0000121A197808790C120AA6C008C009C00AEF
:109A1000C00B7406121A887808121A19901D9178D2
:109A20000C121A197808790C120AA6901D95780C58
:109A3000121A197808790C1206A67406121A887878
:109A40000C121A197808790C120AA6901D99780C34
:109A5000121A197808790C1206A6851882851983BE
:109A6000780C121A197808790C120AA6D00FD00EA9
:109A7000D00DD00C780C79081206A6AA0CAB0DAC50
:109A80000EAD0F740A1216F37F080213A8F0A3E4B8
:109A9000F07AFF7BFF7C7F22C082C083E9C4540F31
:109AA0005403F8740759FA7401BA00028004C333EE
:109AB000DAFCFAE87005900763801274016870059B
:109AC00090076480087402687006900765E04AF0A9
:109AD000029C4374F712103B90076EE4F09007630A
:109AE000F0900764F0900765F01225ED7E00129C5F
:109AF00000F96003121E910EEEC3940840F0900727
:109B000063E06005F452F352FD900764E06005F4F1
:109B100052F452FE900765E06005F452F552FF9052
:109B2000076FE4F0A3F0900771F07F010213A8C063
:109B300082C08390076FEAF0A3EBF0900772E060B9
:109B400016900771E0640170357A107B009007620F
:109B5000E0F91228998027900763E06003F452AB84
:109B6000900764E06003F4528D900765E06003F4B1
:109B700052AC7A107B00900762E0F912276D9007D3
:109B8000717401F0029C4374F612103B7D007C015D
:109B90007E00129C00F86056C4540F5403F50874FC
:109BA0000758F97401B900028004C333D9FCF9E8FD
:109BB000A2E65004E9FF80027F00E9FAEFF8E50829
:109BC0007004E580800874016508700DE5905AFA0C
:109BD000E86A7001E47017801174026508700FE57F
:109BE000A05AFAE86A7001E47004ECCD4DFDECC3B4
:109BF00033FC0EEEC394084099EDF97F020213A8DE
:109C0000EEF8746628F582E43407F583E022C0821A
:109C1000C083121EA3E9F890076EE0686025E0F4A7
:109C200058F9E8F0E9601C90076FE0FAA3E0FBEA5E
:109C30004B60107A0090076FE0F8A3E0F58388820C
:109C4000123A9ED083D0820216DBC082C083780095
:109C5000900763E055896006E0F4F5897801900784
:109C600064E0558A6006E0F4F58A7801900765E0C3
:109C7000558B6006E0F4F58B8005E8A2E050179064
:109C800089AA1215307A107B00900762E0F9122839
:109C90008D74041216F380AB79FF12277F53BEFB3D
:109CA000E59DA2E650FA0078F8790100E824FF1853
:109CB000E934FFF9E84970F375C600E59E70FC438E
:109CC000BE049062707408F012057E43FD8012217C
:109CD000257E10794A121E4FE960F81EEE70F47965
:109CE000001226EF121E6D7A007B0012284B122FF5
:109CF0003B122FA1122F2312278579FF1227797982
:109D0000021226EF12278B7A007B000216DB74EE1C
:109D100012103B74F81217DB90886EAC18AD1974F2
:109D2000081216577508B975090EF50AA818A91969
:109D3000880C890DF50EF510F51178101217167CA8
:109D4000087D007A017B0012285174021216F3E993
:109D500070467510B975110E781012171675100827
:109D600075110078101217167C007D007A017B00B7
:109D700012286374041216F3E9701D780C1217127E
:109D80007C087D00A908AA09AB0A122713740312E4
:109D900016F3E97003029E63751008781012171607
:109DA0007CB97D0E7AE87B07797F121E7F740212E0
:109DB00016F3780C1217127C087D00A908AA09ABCB
:109DC0000A12271374031216F3E96071780C121744
:109DD000127C087D00790C7A787B001227137403BB
:109DE0001216F3E9701D75080C75097878081217BA
:109DF000127C087D007AB97B0E12270D74031216AF
:109E0000F3803A7E001227258A08EEFA74B92AF503
:109E100082E4340EF583E508F00EEEF8129E76EB40
:109E2000F00EEEC3940640DD08129E767430F00802
:109E300074B928F582E4340EF58374F8F07508B926
:109E400075090E7808121716750808750900780844
:109E50001217167C007D007A017B0012285D7404C5
:109E60001216F37AB97B0E79E2122F4D740812168E
:109E7000F37F0A0213A874B92EF582E4340EF58339
:109E80002274F112103B8A828B83E0FEA3E0F50876
:109E90008A828B83A3A3E0FFEE33333354F8F87543
:109EA000F056A485F009E509FBF509E875F0ABA4C7
:109EB000AAF0E42AF50E74AB950EF50D74AA2BF5F5
:109EC0000B74552BF50A74FFC39509F8EEA2E74011
:109ED00026A2E6400EA2E54004E8FA800E7AABAB7B
:109EE0000A8008A2E54008AA0DAB0B7900803A7AF7
:109EF00000E8FBA9098032A2E64018A2E5400D7AED
:109F000000850E0CAB0D7455250C801CAA097B0036
:109F1000E88015A2E54008AA0A7B0074AB8006AA77
:109F20000B7B007455C39509F974FF65086073E5F0
:109F30000870087AFF79FF7BFF806774FFC395087C
:109F400060047E0180027E00F5F0A4F508E5F0F5DE
:109F5000097408780812198DE5082EFE74FFC39E57
:109F6000F87509002401F50850020509EAF50A858B
:109F700008F0A4E50AA8F08509F0A4282EFAEBF56C
:109F80000A8508F0A4E50AA8F08509F0A4282EFBAC
:109F9000E9F50A8508F0A4E50AA8F08509F0A428E7
:109FA0002EF974FF6F605CEF60047E0180027E001A
:109FB000F5F0A4F508E5F0F5097408780812198D94
:109FC000E5082E70087A007B00790080362401F5C0
:109FD00008E43400F509EAFE8508F0A4EEA8F0854F
:109FE00009F0A428FAEBFE8508F0A4EEA8F0850994
:109FF000F0A428FBE9FE8508F0A4EEA8F08509F09E
:10A00000A428F9EA8C828D83F0EBA3F0E98C828D91
:10A0100083A3A3F07F070213A874F712103BE9FE95
:10A020007A00900C49E06029E97007E0A2E650153B
:10A03000800F74016E600574026E7010E0A2E6403D
:10A0400004D2F08002C2F0A2F0E433FAE0F9120385
:10A05000227F010213A874F712103BE9FE900C490D
:10A06000E06016900C4AE0C2E0F0740F5EF8900CCD
:10A070004DE054F048F01226A780D6C082C08390ED
:10A080000C49E0600B900C4C7401F079031226959A
:10A09000D083D0820216DBC082C083900844E05493
:10A0A0000364037005790112269580E474F01210A0
:10A0B0003B7A027B0090081FE0F9122899900C4926
:10A0C000E0700302A1A6900C4AE0A2E0B3E433F8EA
:10A0D000A2E0E054FE48F0750C90750D01750E007D
:10A0E000750F00900C4DE0F8740F586030900C4ADA
:10A0F000E0A2E05010E8FE74FF28540FF874F05E00
:10A1000048900C4DF0900C4CE0600D900C4AE0A291
:10A11000E05057750C648055750CF4805B900C4BC7
:10A12000E07038901B59E06409600AE0640760053C
:10A13000E064067043900844E05403F874026860D9
:10A140001A7403686015900C4AE0A2E0401C740188
:10A1500068701F750C30750D75801D750C00750DC0
:10A1600000900C4AE0C2E0F0800E750CC8750D003E
:10A170008006750C88750D13900C4AE0A2E0E4335C
:10A18000F912268F850C08850D09E508450960162A
:10A19000780C12170E7A027B0090081FE0F9122843
:10A1A0008D74041216F37F080213A875E40075E39A
:10A1B0000075E20075E40575E540D2B90216DB745E
:10A1C000F012103BA9E2900774780C121A1974105F
:10A1D000780C121678E9A9E32400F508E439F509AA
:10A1E000E4F50AF50B780C79081218D17402780C92
:10A1F000121792AA0CAB0DAC0EAD0F7F080213A87C
:10A2000074E812103B750C00750D00750E00750F8B
:10A2100000AEA8C2AF12206B8A148B158C168D1756
:10A22000EEA2E792AF90077878141218317003020B
:10A23000A2D18A108B118C128D139007787810128E
:10A2400017C39089BA78101216B6400302A2D190B3
:10A2500007787814121A0A80109089BE78101218A4
:10A26000BE9089C2780C1218BE9089C6781012165A
:10A27000B640E675081975090078081217167403B8
:10A28000781012167890077CE0F508A3E0F509E451
:10A29000F50AF50B781079081218D1AA10AB11AC99
:10A2A00012AD1312127074021216F38A148B158CED
:10A2B000168D1790077CEAF0A3EBF0741078141257
:10A2C0001792780C79141218D190077E780C121915
:10A2D000437F100213A8C082C083121F5190077ED3
:10A2E000121A4DD083D0820216DB75864043C520FA
:10A2F00053F1FE53F5BF53F5F743F33C53F2C34319
:10A30000FD3853FDFB538FC3538FDF75C2FF53C519
:10A31000E043C5100216DBC082C083908A76121A11
:10A320004D122059908A0E121A4D121FAB75A1F7CB
:10A3300043A70875A1EF43A7108012C082C08353C2
:10A34000A7EF53A7F7121F9F8003121A4DD083D097
:10A35000820216DB74F012103B8A088B098C0A8D7E
:10A360000B12A4331219BD4003121E55AEA8C2AF82
:10A370009007847808121A0AAA08AB09AC0AAD0B38
:10A3800012206502A43B74F412103BAEA8C2AF12B7
:10A39000204D8A088B098C0A8D0BEEA2E792AF90B4
:10A3A000078478081216B650087A007B007C007D7E
:10A3B000007F040213A874F412103BAEA8C2AF12BF
:10A3C00020538A088B098C0A8D0BEEA2E792AF907E
:10A3D000078478081216B650087A007B007C007D4E
:10A3E0000080CE74F012103B8A088B098C0A8D0B0A
:10A3F00090078478081216B65003121E55A2AFE4D7
:10A4000033FEC2AF9007887808121A0AAA08AB096F
:10A41000AC0AAD0B12205F12A433121807700D7531
:10A42000A1EFEEA2E092AF1238658005EEA2E092B5
:10A43000AF800D12A4487808790C22EEA2E792AF03
:10A440007F080213A80216DB12204D8A0C8B0D8C9C
:10A450000E8D0F22C082C08312386502A34DC082C8
:10A46000C08312207D12387102A34DC082C0839038
:10A47000078402A34AC082C0837A1A7B00122FE9A4
:10A48000D083D0820216DB74F612103B122725EA25
:10A490009019AFF09019C07402F09019B37414F0D1
:10A4A0009019D7740FF0A3F0901D42E09019B6F008
:10A4B000901D41E09019B0F0901D40E09019B1F06E
:10A4C0009019B7E4F0A3F09019BA04F0901A17F0BD
:10A4D0009019BB7405F0A37401F090186BE090190B
:10A4E000BDF0901D3BE09019BEF0A3E4F0901D3E3E
:10A4F000E09019C1F0901D3FE09019C212A592A3FF
:10A50000E412A5927C087D0079007AC87B19122795
:10A51000199019D074FEF0A304F07C357D197AE40B
:10A520007B1912296B9019ECE4F0901A11740FF05A
:10A53000A37403F090193EE0901A15F090193DE0D5
:10A54000901A14F0901D44E0901A16F0901A1374AB
:10A5500001F075081875091A78081217167508029F
:10A5600075090078081217167C007D007A897B0037
:10A5700012286374041216F3E96007901A18E4F0C5
:10A58000A3F0901A1CE4F0901A1AF0A3F07F0202D4
:10A5900013A8F0A374FEF0A304F0220216DB74F6F5
:10A5A00012103BE9FEEAF8EBF9EE241F600424F0F8
:10A5B0007013EC5430600E122725EA5407790024FA
:10A5C00002F8500109E8FAE9FB80C274EC12103B72
:10A5D000750C00750D00750E00750F00AEA8C2AFAA
:10A5E00012206B8A088B098C0A8D0BEEA2E792AFC2
:10A5F000900EC37808121831700302A7068A108BD8
:10A60000118C128D13900EC378101217C39089BA53
:10A6100078101216B6400302A706900EC3780812EF
:10A620001A0A80109089BE78101218BE9089C278DC
:10A630000C1218BE9089C678101216B640E675083E
:10A640001975090078081217167403781012167815
:10A65000900EC7E0F508A3E0F509E4F50AF50B78DC
:10A660001079081218D1AA10AB11AC12AD13121246
:10A670007074021216F38A108B118C128D137410E1
:10A680007810121792780C79101218D1900EC7EA30
:10A69000F0A3EBF0A2AFE433FEC2AF900EC9780C8A
:10A6A000121943908A167808121A19900EC9780860
:10A6B0001219AD40417508E875090378081217169C
:10A6C000900EC9121A4D12127074021216F38A10EB
:10A6D0008B118A088B098C0A8D0B7410780812175D
:10A6E00092900ECD7808121943A810A911E4FAFB34
:10A6F000900EC9121A59EEA2E092AFAA0CAB0DACA3
:10A700000EAD0F1228A57F0C0213A8C082C0839043
:10A710000ECD121A4DD083D0820216DBC082C083C8
:10A72000900816E4F0900815F08004A2E092AFD0F3
:10A7300083D0820216DB74F712103BE9FF7003121C
:10A740001E55AEA8C2AF900816E04FF01221C1EE20
:10A75000A2E78003EEA2E092AF7F010213A874F794
:10A7600012103BE9FE7003121E55A8A8C2AF900854
:10A7700016E04EF0E880D974F712103BE9FE700342
:10A78000121E55A8A8C2AF74FF6EF9900816E059C2
:10A79000F0E8A2E792AF1221BB80BEC082C083A8BE
:10A7A000A8C2AF900816E4F090081512A841E8A2DC
:10A7B000E792AF12213D02A72F74F712103BA2AF10
:10A7C000E433FEC2AF900816E060031221C180841A
:10A7D00074F712103BA2AFE433FEC2AF900816E04C
:10A7E0007019900802E0A2E74011900804E0700B95
:10A7F000900817E0A2E740031221C702A754C082C5
:10A80000C083A2AFE433F8C2AF900815E0700674BD
:10A8100001F075E1E3E802A72BC082C083A2AFE498
:10A8200033F9C2AF900815E06013E412A841A8A85C
:10A83000C2AF759B0075E9FBE8A2E792AFE902A7FA
:10A840002BF075E1EF75E1ED75E1ED2274F7121073
:10A850003BEBF91229837F010213A874F712103B16
:10A86000900932E0F8E9C398504FE975F01AA4F85E
:10A87000A9F0746228F582740839F583E0547F6486
:10A8800020703690096AE0A2E350179089AA121549
:10A89000307A047B0090081FE0F912288D740412AE
:10A8A00016F3908A2E1215307A007B2090081FE054
:10A8B000F912288D74041216F3809B74F412103B65
:10A8C0008A828B83E0F508743F5508C394304003B7
:10A8D00002A967A3E0F50BE508C4540F5403F5097A
:10A8E000E5085407F8747628F582E43488F583E0A7
:10A8F000F50A900932E075F01AA4F8A9F0746228FC
:10A90000FE740839FFEE2407F8E43FF9EE240FF552
:10A9100082E43FF583E8F0A3E9F0AA0BA90812044A
:10A92000207403650B60067402650B700EE508A2C7
:10A93000E65004C2E68002D2E6F5088E828F83A339
:10A94000A3E508F07C7D7D29900932E0FBAA0AA9E5
:10A950000912259FE508A2E6B3E433FAA908120517
:10A9600033900932E004F07F040213A874F012104F
:10A970003B74F81217DB851882851983EAF0A3EB84
:10A98000F0A3ECF0A3EDF085188285198378081206
:10A990001A19EDC2E7F50B901D85780C121A19787B
:10A9A00008790C1212C18518828519835006121A73
:10A9B0004D02AA807808121A19908A76780C121A19
:10A9C000197808790C12135C851882851983780828
:10A9D000121A19400302AA6EEDC2E7F50B85188220
:10A9E0008519837808121A0A8518828519837808D0
:10A9F000121A197808120D287808120F54740412CC
:10AA00001A887808121A0A8518828519837808121C
:10AA10001A197404121A88780C121A197808790C09
:10AA2000120681908A76780C121A197808790C121D
:10AA3000158E60237404121A887808121A19908AE5
:10AA400006780C121A197808790C1206A6740412EA
:10AA50001A887808121A0A7404121A887808121AC6
:10AA600019AA08AB09AC0AE50BB2E7FD8012780819
:10AA7000120D287808120F54AA08AB09AC0AAD0BC6
:10AA800074081216F37F080213A8C082C0839007CF
:10AA9000397480F0D083D0820216DB74EE12103B42
:10AAA00089108A11EBFF7E0170077A007B0002ABF0
:10AAB0005BE9C39408500F7A008005EEC333FE0AA9
:10AAC000EAC3951040F5EE42F2E5111460081460F7
:10AAD0000B14600E80127C007D0880107C107D06B7
:10AAE000800A7C207D0480047C307D02750800751E
:10AAF0000900750A00750B007A008046900739E05E
:10AB0000F8E5104C48F5B6E5B4A2E750FA74FF6ECC
:10AB100052F2E5BAF50CA9BBE9F50DC39400A2D237
:10AB200065D0335006750C00750D00ED780C1219C8
:10AB30008DE50D3395E0F50EF50F7808790C1218B8
:10AB4000D10AEAC39F40B58B0CE4F50DF50EF50F65
:10AB50007808790C120FCCAA08AB097F0A0213A857
:10AB600074F712103B7B01121E3D7F010213A8C037
:10AB700082C083E990073902AA9375B60FE5B4A2A3
:10AB8000E750FAE9C395BB500479018002790002CD
:10AB900016DB74F412103B8908740F59F50A750B13
:10ABA00000740B780A1218E4EA2400F8EB3480F9F8
:10ABB000EA2400E9350BF985C70AA2AFE433F509A9
:10ABC000C2AFE508C4540FFAE5C754F84AF5C77494
:10ABD0000C121A88E0FAA3E0FB801C88828983E0CB
:10ABE0008C828D83F088828983A3A882A9838C823A
:10ABF0008D83A3AC82AD83EAFEEBFFEE24FF1AEF58
:10AC000034FFFBEE4F70D4850AC7E509A2E092AF8E
:10AC10007F040213A874F612103BED90073AF0EC93
:10AC2000A3F0A37462F0A37473F0A3E0541FF07454
:10AC30000A121A88E0F508A3E0F509E50833335451
:10AC4000FC90073FF0740678081219FBE50890079E
:10AC50003EF09007407412F0A37442F075D1FE7577
:10AC6000D601EA906271F0EBA3F0906270E0D2E15D
:10AC7000F0E0A2E740FB7F020213A8C082C083E994
:10AC8000C333906272F0906270E0D2E0F0D083D073
:10AC9000820216DBC082C08312ACD67020E8601D31
:10ACA000740268700E12ACC67003A3E069700E796E
:10ACB00001800C740368700512296580027900D048
:10ACC00083D0820216DB8A828B83E0F8A3E0F98CC2
:10ACD000828D83E068228A828B83A3A3A3A3A3A38C
:10ACE000A3A3E0F88C828D83A3A3A3A3A3A3A3A310
:10ACF000E06822C082C0838C828D83A3A3A3A3A318
:10AD0000A3A3A3E0F88A828B83A3A3A3A3A3A3A3F3
:10AD1000A3F0740368700512296B80128C828D83F6
:10AD2000E0F8A3E0F98A828B83E8F0A3E9F002ACB3
:10AD3000BF74F612103B750808EAFEEBFF8E82F531
:10AD400083A3AA82AB83ECF8EDF98882F583A3ACE8
:10AD500082AD838E828F83E0FE88828983E06E607D
:10AD600004790080081508E50870CE79017F020299
:10AD700013A874F512103B8C088D09750A00780829
:10AD80001217127C087D0012270D74031216F37F30
:10AD9000030213A8D083D0820216DBC082C0838056
:10ADA00019198C828D83E08A828B83F0A3AA82ABEF
:10ADB000838C828D83A3AC82AD83E970E480D5C09F
:10ADC00082C083801D198A828B83E08C828D83F000
:10ADD0008A828B83A3AA82AB838C828D83A3AC826D
:10ADE000AD83E970E080AD74F712103BEAFEEBFF33
:10ADF0008908E97003121E558E828F83E0F5D9A36E
:10AE0000AE82AF831508E50870EE7F010213A874C7
:10AE1000F712103BEAFEEBFF8908E97003121E559A
:10AE2000E5D98E828F83F0A3AE82AF831508E50843
:10AE300070EE80D6C082C083E9900762F0D083D0E4
:10AE4000820216DBC082C083121E37121E611236C8
:10AE50000D121E9780E774F612103BEAFEEBFF54CA
:10AE60008060188003122731900762E0F9122743AF
:10AE7000EA4B70F1EEFAEF64808035EA5420600608
:10AE8000EA6420FA8031EA54106028121EA9900763
:10AE900072E07017908A2E1215307A107B0090079E
:10AEA00062E0F912288D74041216F3EE6410FAEFC2
:10AEB000FB80047A007B007F020213A80216DBC02D
:10AEC00082C083122D49122D4F803FC082C08390D3
:10AED00018697402F0A37440F0A37488F0A3E4F03E
:10AEE000A3F090186C745FF0A37411F0A37450F089
:10AEF000A374A0F0A3E4F090187374A0F0A3E4F09E
:10AF0000901871F0A3F0901875F0D083D0820216DB
:10AF1000DBC082C083901D21121A71E8494A4B9010
:10AF200018766008E054F0F044018006E054F0F038
:10AF30004402F0E0540FF0A3E4F0901876E04420CF
:10AF4000F0A3748280C3C082C08374FF1217DB85B4
:10AF50001882851983E4F07A18FB1227CD9017EE3A
:10AF6000EAF0A3EBF07C187D00790012271912AFEC
:10AF7000AB12378112AFAB1233BB12AFAB121E67ED
:10AF800012AFAB12317512AFAB1231DB12AFAB1295
:10AF90002C0B12AFAB122A5BAA18AB19122419742E
:10AFA000011216F3D083D0820216DB851882851930
:10AFB00083E0F9740129F02274F412103B79011234
:10AFC000251B8A088B09AE08AF09EA4F70067A0084
:10AFD0007B00801E1227AF8A088B098C0A8D0B78A4
:10AFE00008120F6F8E828F83A37808121A0AEEFA66
:10AFF000EFFB7F040213A8C082C083900932E07582
:10B00000F01AA4F8A9F0747528F582740839F5834C
:10B010007471F0A37429F0900932E004F0D083D069
:10B02000820216DB74F612103BEAFEEBFF7A067B17
:10B03000001227CDEA4B60228E828F83E08A828BBA
:10B0400083F0A37416F0A3741812B05FEEF0A3EFB0
:10B0500012B05FA3A3E4F0123A337F020213A8F008
:10B060008A828B83A3A3A322C082C083901B52E059
:10B070006033E59E70FC439403E594A2E250FAE04D
:10B080006402700812211F1221318011E0640160F6
:10B0900003121E55E59DA2E64003121E55901B5259
:10B0A000E4F01221B5D083D0820216DB74F41210C2
:10B0B0003B8A088B098C0A8D0B9089B2780812168E
:10B0C000B6500C750896750951750A18750B0090E5
:10B0D00089B678081218BE901B4C7808121A0A7F9D
:10B0E000040213A874F612103B1227D98A088B09A0
:10B0F0007410C39508FA74099509FB7F020213A81E
:10B1000074F712103B8908EAFEEBFF122899EEFA59
:10B11000EFFBA9081227737F010213A8C082C08326
:10B12000851882851983E0F8A3E0F9E84960128A5E
:10B13000828B83ECF0A3E824FF18E934FFF9487010
:10B14000F2D083D0820216DB75C9000216DB43C938
:10B15000080216DBE5C9540F44A0F5C9E5C9540F30
:10B160004450F5C90216DBC3EB9400A2D265D0337C
:10B170004005EAF8EB8006C3E49AF8E49BF9E8FAA4
:10B18000E9FB0216DBC082C08390180DE4F0901832
:10B1900007F0A3F0D083D0820216DBC082C0839078
:10B1A0000773E0F9D083D0820216DB0216DB740746
:10B1B000F5D5743AF5D47407F5D37442F5D2021676
:01B1C000DBB3
:04000005000019CD11
:00000001FF
