:100000004343323678325231FFFFFFFF0301F7FFDF
:10001000FFFF0701FFFFFFFFFFFFFFFFA80000003A
:1000200030303031B05304002C00FFFF01F7FFFFE8
:080030000000000000000000C8
:1000A80000800020814C0400814D0400814D040033
:1000B800814D0400814D0400814D0400814D0400F0
:1000C800814D0400814D0400814D0400814D0400E0
:0C00D800814D0400814D04004D4D0400DA
:1000E80001280000000000000000000000010030AE
:1000F80000000000000000000003FF18640000007A
:1001080000000000000000007856341200000000D3
:10011800BAAB000000000001000000000000000071
:1001280000008001100080FFFDFF58003AFFBBF37C
:10013800FFFFFFFFFFFFFFFFFFFFFFFFFFFFFFFFC7
:10014800FFFFFFFFFFFFFFFFFFFFFFFFFFFFFFFFB7
:10015800FFFFFFC5FFFFFFFF00FFFFFF00C5C5FF53
:10016800000000FF00000000FFFFFFFFFFFFFFFF90
:10017800FFFFFFFFFFFFFFFF00000000000000007F
:100188000100000000000F0000000E003600000013
:1001980000000000C4180020040000000000000057
:1001A8000000000020000000B8010000300000003E
:1001B800300000000000000000000000E001000026
:1001C800040000000000000001000000FFFFFFFF26
:1001D800FF0000000100000008000000000000000F
:1001E800010000000002000000000000814D040032
:1001F80000000000080000004C0500001402000088
:10020800F3DD0000EBDD0000EFDD00000DED000088
:1002180039ED0000F5EC00002700000000020000A6
:10022800E4180020040000000000000000000000A6
:100238000C00000044020000180000001800000034
:100248000000000000000000540200000800000048
:1002580000000000100000004C05000074020000BF
:1002680005DF00001DDE00009DDE0000E9ED000056
:1002780041EE0000CDED0000280000006002000003
:100288001419002004000000000000000000000015
:1002980020000000A4020000180000001800000060
:1002A8000000000000000000B40200000800000088
:1002B80000000000080000004C050000D402000007
:1002C80097DF000059DF000085DF00006DED0000BA
:1002D800A9ED00005BED000029000000C00200004D
:1002E800F0180020040000000000000000000000DA
:1002F800240000000403000018000000180000009B
:1003080000000000000000001403000008000000C6
:10031800000000005005000034030000F3DF000077
:1003280001E0000019E000000FE00000A1EE00006D
:10033800D1EE00007DEE00002A0000001C03000042
:100348001C1900200400000000000000000000004C
:1003580014000000640300001C0000001C000000E2
:10036800000000000000000078030000000000000A
:100378000800000000000000010000005D6A0000A5
:1003880025E0000029E00000616A0000656A0000BD
:10039800516A00006F6A000024000000FFFFFFFFA1
:1003A80030190020040000000000000000000000D8
:1003B80028000000C40300002400000024000000FE
:1003C8000000000000000000E00300000000000042
:1003D800000000000000000008000000000000000D
:1003E8000A000000381900202173000001000000F5
:1003F800F0030000FFFFFFFF581900200400000071
:100408000000000000000000100000001C040000B4
:1004180018000000180000000000000000000000A4
:100428002C04000008000000000000000C00000080
:10043800FFFFFFFF6019002004000000000000001B
:10044800000000001C000000580400002400000008
:1004580024000000000000000000000074040000F8
:10046800000000000100000000000000080000007B
:1004780000000000FFFFFFFF6819002004000000D3
:100488000000000000000000380000009C0400008C
:100498002800000028000000000000000000000004
:1004A800BC0400000000000000000000FFFFFFFF88
:1004B800000000000800000000000000010000002B
:1004C800000000000600000034000000FFFFFFFFEE
:1004D800D019002004000000000000000000000007
:1004E80054000000F40400003C0000003C00000040
:1004F80000000000000000002805000000000000C7
:1005080000000000010000000000000000000000E2
:1005180000000000000000000100000000000000D2
:1005280008000000000000000100000000000000BA
:1005380000000000000200000000000000000300AE
:10054800B9E1000054050000540500000000000057
:10055800241900203DEB0000E9EB000091D80000D1
:10056800C1DD00000300000060050000000000007D
:100578000000000020000000010001000000000051
:1005880000000000000000000100000080050000DD
:10059800A1E300006DE40000EDC9000087CF000072
:1005A800ABD10000E3D6000047DC0000AFDD00005F
:1005B8009BDF0000980500000004000051EB0000DC
:1005C800EC18002011E4000013E400000000000013
:1005D80005000600080009001600020102020302D5
:1005E800000301030105020500060106040B1406B9
:1005F8001506170600070107020703070009040983
:1006080007000A000C000D000E000F00100011007A
:100618001200130014001B00000101010002010276
:10062800020400040104030404040504060400058C
:100638000206030604060506060607060806090656
:100648000A060B060C060D060E060F061006110606
:100658001206130604070009000B010B020B030B1B
:1006680053554E004D4F4E005455450057454400D4
:10067800544855004652490053415400464F4F00D4
:100688004A414E00464542004D41520041505200F9
:100698004D4159004A554E004A554C0041554700B6
:1006A800534550004F4354004E4F560044454300B5
:1006B80084060000880600008C06000090060000F2
:1006C80094060000980600009C060000A0060000A2
:1006D800A4060000A8060000AC060000B006000052
:1006E800B40600000097B92EE5725CCB5DCAE473CE
:1006F800B82F0196BA2D03945FC8E671E7705EC9FA
:100708000295BB2CE3745ACD0691BF28BE290790E9
:100718005BCCE27559CEE077BC2B05920493BD2AD9
:10072800E17658CF51C6E87FB4230D9A0C9BB522C9
:10073800E97E50C7EB7C52C50E99B720B6210F98B9
:1007480053C4EA7DB2250B9C57C0EE79EF7856C1A9
:100758000A9DB324089FB126ED7A54C355C2EC7B99
:10076800B027099EA2351B8C47D0FE69FF6846D189
:100778001A8DA334188FA136FD6A44D345D2FC6B79
:10078800A037198E41D6F86FA4331D8A1C8BA53269
:10079800F96E40D7FB6C42D51E89A730A6311F8859
:1007A80043D4FA6DF3644ADD1681AF38AE39178049
:1007B8004BDCF26549DEF067AC3B15821483AD3A39
:1007C800F16648DF1087A93EF5624CDB4DDAF46329
:1007D800A83F1186AA3D13844FD8F661F7604ED919
:1007E8001285AB3C510010000000005500100000BD
:1007F8000000670018000000006F001800000000EB
:100808000400420000000043002300000000000034
:100818000086227E6DB24620290B2170104080523E
:100828003F065B4F666D7D077F6F090D614843D3B7
:100838005F777C395E79713D76301E753815373FA4
:10084800736B336D783E3E2A766E5B39641F2308DE
:10085800025F7C585E7B716F74100C753014545CA9
:100868007367506D781C1C14766E5B4630700100FF
:10087800360001000600000000000000000F000024
:10088800000000000000000000000000000003005D
:10089800FFFF00000403FFFF0000FFFF0F00E80355
:1008A8000005401F0310000100000000FF3F0F007B
:1008B8000800050B00000000000000000300010F05
:1008C8000000000000000000000000000000000020
:1008D8000000000000000000000000000000000010
:1008E8000000000000000000000000000000000000
:1008F800AD000002000000000001363601010001D1
:1009080002010001030100010401060608040000B9
:100918000C0100340D01000F10040101140100FF47
:100928001608000020020000220100FF2301000138
:10093800240100FE2501000826020000280100010C
:10094800290100012A0200002C01000F2E020000DC
:100958003001000131010008320200FF34010007B4
:10096800350102FF3601000037010001380100019E
:10097800390100FF3A01000F3C0200FF3E01010F60
:100988003F0100014001041F41010001420100FF35
:1009980043010080440800004E0100084F01000F89
:1009A80050010001510100FF5201000053010000F5
:1009B80054010001580400005C04000060040000B9
:1009C80064040000680400006C0400007004000067
:1009D80074040000780400007C040000800100FF1B
:1009E80081010001820100018301020284010001EA
:1009F800133F01005B4101000000000000000000FF
:100A08000000000039470100574701009D460100DA
:100A180071470100A1470100A7470100754901007E
:100A2800000000006B490100814A0100B142010049
:100A3800AD470100CD47010059480100FD4A0100BA
:100A480037430100014D0100DD4C010000000000AA
:100A58007D4D01001D430100254C010029210400A2
:100A68004720040083210400352004005520040099
:100A7800EB220400EF220400172604005925040085
:100A880091260400392504004B250400E7260400BC
:100A9800EB26040001AA02000DAA02009817002004
:100AA8004817002048180000601800007818000057
:100AB800E800000090180000B018000000000000D6
:100AC8005054564F5349474E310000000000000073
:100AD800000000000000000000000000000000000E
:100AE80000000000000000000000000000000000FE
:100AF80000000000000000000000000000000000EE
:100B080000000000000000000000000000000000DD
:100B180000000000000000003C0010010305070968
:100B28000B0D0F00020406080A0C0DBFFB097074B8
:100B3800766F2E696E666F202020202020200B7093
:100B480074766F2E737769746368202020202000E4
:100B5800202020202020202020202020202020208D
:100B68000A323032362D30332D3330010000000088
:100B7800000000000000000000000000000000006D
:100B8800000000000000000000000000000000005D
:100B9800000000000000000000000000000000004D
:100BA800000000000000000000000000000000003D
:100BB800000000000000000000000000000000002D
:100BC800000000000000000000000000000000001D
:100BD800000000000000000000000000000000000D
:100BE80000000000000000000000000000000000FD
:100BF80000000000000000000000000000000000ED
:100C080000000000000000000000000000000000DC
:100C180000000000000000000000000000000000CC
:100C280000000000000000000000000000000000BC
:100C380000000000000000000000000000000000AC
:100C4800000000000000000000000000000000009C
:100C5800000000000000000000000000000000008C
:100C6800000000000000000000000000000000007C
:100C7800000000000000000000000000000000006C
:100C8800000000000000000000000000000000005C
:100C980000000000000000005054564F5349474ED2
:100CA800320000000257680002487A0002706600AD
:100CB80002506100036B6700026C78000370706D6E
:100CC800056D63706D300000056E63706D30000057
:100CD800057073697A65000003455252017300007C
:100CE80000000000000000000000000001200000DB
:100CF80045420000000100000220000045420000BB
:100D0800000100000320000045420000010000002F
:100D1800042000004542000000010000050000001A
:100D2800FD20020000000000060000000000000096
:100D3800000000000700000097AD030001900000CC
:100D4800080000006FDE0300000000000000000043
:100D580000000000000000000A0000000000000081
:100D6800000000000B20000079DC030010000000E8
:100D78000C020000F16A0300000000000D000000F2
:100D880000000000000000000E20000045420000A6
:100D9800100100000F200000454200001000000074
:100DA800000000000000000000000000110000002A
:100DB800439503000000000012000000C9940300DE
:100DC8001000000013000000C3EE030000800000C4
:100DD80000000000000000000000000015000000F6
:100DE800E5C803004100000016000000E5C8030044
:100DF8005000000017010000C3EE0300008000004F
:100E0800180100000D000400008000001900000017
:100E1800ED4C0200000000001A000000ED4C02003A
:100E2800000000001B000000F1EB030010000000B0
:100E38001C01000081B60300000100001D01000034
:100E480081B60300000100001E000000D9E0030085
:100E5800100300001F010000C96103000800000022
:100E6800200000006F0D03000000000021000000BA
:100E78000F030300000000002200000071CE0300F1
:100E88001000000023000000F16A030000000000C9
:100E9800000000000000000000000000000000004A
:100EA80000000000000000002601000035D3030008
:100EB8001000000027110000BD1C040010000000F5
:100EC80028090000EBCF0300000000002900000003
:100ED80077130400100000002A700000F3B003002C
:100EE800000300002B22000079DC03001000000042
:100EF8002C000000D5160400100000002D02000090
:100F0800D5160400100000002E010000958B030088
:100F1800000400002F00000079860300000800008C
:100F280030000000E9E1030010000000310100007A
:100F3800000000000000000032010000A7BE03000E
:100F48001000000033010000FDE80300430000002A
:100F58003400000000000000000000003500000020
:100F68000000000000000000360000000000000043
:100F7800000000003711000021B403001000000039
:100F880038320000571F040000000000390100003B
:100F980081B60300000100003A000000BD0A03000A
:100FA800000000003B00000085D80300130000008B
:100FB8003C00000000000000000000003D010000AF
:100FC8005591030000000000020405040304000416
:100FD8000C000C040D042A04040B02070A0011007B
:100FE800060000005054564F5349474E33BFFB0983
:100FF800003003262000000000FFFFFFFFFF000075
:10100800000000000000000000005054564F5349F3
:10101800474E34004F4144204E564D3100000000E9
:1010280000000000000000000000000000000000B8
:1010380000000000000000000000000000000000A8
:101048000000000000000000000000005054564F4F
:101058005349474E37000000000000000000000020
:101068000000000000000000000000000000000078
:101078000000000000000000000000000000000068
:101088000000000000000000000000000000000058
:101098000000000000000000000000000000000048
:1010A8000000000000000000000000000000000038
:1010B8000000000000000000000000000000000028
:1010C8000000000000000000000000000000000018
:1010D8000000000000000000000000000000000008
:1010E80000000000000000000000000000000000F8
:1010F80000000000000000000000000000000000E8
:1011080000000000000000000000000000000000D7
:1011180000000000000000000000000000000000C7
:1011280000000000000000005054564F5349474E3D
:101138003800000000000000000020119F9E0200FF
:1011480000000000010020119F9E02000000000026
:1011580002002011B2AF02000000000003002011BD
:101168009E9E02000000000004004211350B0000A2
:101178000000000005004211460B000000000000BE
:1011880006004211680B0000000000000700201153
:10119800730B00000000000010004211570B000004
:1011A80000000000110020112D7200200000000036
:1011B80000404211680B000000000000008042114E
:1011C8005D100000010000002000201150140020D4
:1011D800010000002100201151140020030000002C
:1011E8000000210306720020060000000000101114
:1011F800000000000700000000003033000000007D
:101208000700000010003033000000000700000055
:101218000140203300000000070000000240203396
:10122800000000000800000000002033000000005B
:101238000A0000000000E233000000000A0000007D
:1012480001001833000000000C000000550039337D
:10125800000000000C0000001C00423300000000E9
:1012680011000000040042330000000011000000DB
:10127800430023330000000011000000510010114A
:1012880000000000110000005500101100000000CF
:101298001100000067001811000000001100000094
:1012A8006F00181100000000120000005500210115
:1012B80000000000140000000E00422200000000A0
:1012C800190000000000F0815814002019000000E7
:1012D800010023816014002019000000020023018E
:1012E800587000201900000003002181141D0020FF
:1012F8001900000004002381641400201900000074
:1013080005002181161D002019000000060030810B
:101318002B72002019000000070021010272002032
:1013280019000000080021010072002019000000C7
:1013380009002181FE71002019000000FDFF2181B4
:101348005A580000000400000000210400000000BA
:10135800020400000000291500000000030400003A
:101368000000290400000000050400000000290412
:10137800000000000C040000000039040000000018
:101388000D04000000003904000000002A040000D9
:1013980000003904000000000207000000002904D2
:1013A8000000000002070000000218058FCA0200B2
:1013B800020700000003300532CD020002070000DA
:1013C800010322052C150000020700000203220574
:1013D8003015000002070000030318018ECA02003E
:1013E800020700000603181100000000040B0000AB
:1013F80000001B0528150000040B0000000129153A
:1014080000000000040B0000030129150000000083
:10141800040B00000601290400000000040B000072
:10142800000221051A630000040B000001022105D7
:1014380006660000040B0000020221051A63000082
:10144800040B000003022105AE660000040B000037
:10145800040221051A630000040B0000050221059F
:101468009EE70000040B00000003210400000000B8
:10147800040B0000000421051A630000040B00009F
:101488000104210506E80000040B000005052115EC
:1014980000000000040B00000805211500000000F2
:1014A800040B00000B05290400000000040B0000D9
:1014B8001005280400000000040B000000062105A8
:1014C8001A630000040B00000106210506660000EF
:1014D800040B0000020621051A630000040B00003B
:1014E80003062105AE660000040B00000406210572
:1014F8001A630000040B0000050621056EBE0000FB
:10150800050B000001002102000000000100040199
:10151800FEFF0000000000000000000000000000C6
:101528002100000001000000E80300000000C8429C
:10153800002474490A0000000200000004000000B2
:10154800080000001000000020000000400000001B
:1015580080000000000100000002000000040000FC
:1015680000080000001000000020000000400000FB
:10157800E8030000D0D1D2D3D4D5D6D7D8D9DADB76
:10158800DCDDDEDF5A6967426565416C6C69616E56
:10159800636530396A0078004BF803008BF8030064
:1015A8009BF803006C00F000A94D0400E74D04000F
:1015B800F74D04006B00F000B1F70300EFF70300EC
:1015C8009BF803006600F000B1F70300EFF7030093
:1015D8009BF803006700140043FA030071FA030044
:1015E80083FA03006900140001FB0300B1FB030048
:1015F80031FB0300EE28E803A9EF0300DBF2030048
:10160800CDF003002F006400D9FB03003FFC03006A
:1016180071FC030068000A0045F90300FDF90300A6
:101628007DF903006D00040081F50300CDF503008A
:1016380039F603006400010000000000000000000B
:1016480043F30300630001000000000000000000F5
:1016580043F30300620001000000000000000000E6
:1016680043F30300610001000000000000000000D7
:1016780043F30300700001000000000000000000B8
:1016880043F303002C3E0000E06D0020001600200C
:101698002C3E0000E26D00200C1600202C3E0000BD
:1016A800E46D0020181600202C3E0000E66D002096
:1016B800241600202C3E0000E86D00203016002083
:1016C8002C3E0000EA6D00203C1600202C3E000055
:1016D800EC6D0020481600202C3E0000EE6D002026
:1016E800541600202C3E0000F06D002060160020EB
:1016F800606D0020F7790300AC6A0020227C0300AB
:10170800000002400929FF00186C0020081700009B
:101718000020050000400000483E00003072002014
:1017280018170000703E0000906F00207C16002003
:10173800983E000000610020A4160020983E00009A
:1017480020610020A6160020983E0000406100207D
:10175800A8160020983E000060610020AA1600200C
:10176800983E000080610020AC16002000000000B8
:1017780045F50000F17800000101010000000000BB
:10178800FF0001000000000000000000BC3E000057
:10179800D4590020B0160020FF000000000000000F
:1017A80080A90300B0620020A0170000605200204A
:1017B800F016002000000840E8030000D43E0000B6
:1017C800D46A0020BC170000000001401FFF000081
:1017D800170000000010014021FF0100190000005F
:1017E8000020014023FF02001B00000000300140E0
:1017F80025FF03001D0000000000014020FF00003D
:101808001800000050540020D0170000000000000D
:101818009C540020DC17000000000000E854002061
:10182800E81700000000000034550020F4170000FD
:101838000000000080550020001800000100000092
:101848000208000000000000000000000001010084
:101858000000A220A81700200308000000000000D4
:101868000000000000016509000000000000000001
:10187800012C000000000000000000000001001E14
:101888000000000000000000022C00000000000022
:101898000000000000000000000000000000000040
:1018A8000000000000000000032C00000000000001
:1018B80000000000000000000000000001500000CF
:1018C800D0070000FD0004007F010400910204001D
:1018D8000210800058020000D90204009F0304008F
:1018E80043030400D50002020304030404050800AE
:1018F800FF06FF0600011A0231032F2005007E03B0
:101908002107316333520022079B6E93AC00230DED
:101918003D6257A634543554991200240A3D629BFF
:1019280057BD53DA112508AB6613536700260A3CE6
:10193800621753B36AA6002705196F332807B262E6
:10194800A79A012908B2621353A5002A0A2C621328
:10195800931A49C5002B0A2D629B511C32A3082CEF
:10196800079B5EA74A002D060C6A33022E079B5E72
:101978009756022F0834625FB633003008B36257B7
:10198800B92A003107B36297646B320A3462A762DE
:101998004E2A8F00330A34623362D4482605340A4B
:1019A80034621B5535624E00350A346233F44632D0
:1019B8002900360A3462A7F28A322900370A3462CB
:1019C8003372CC314700380A3462A7625251260577
:1019D800390A3462A7A24C3B29003A07AA6233E2CB
:1019E800083B08B35E672355023C07B3629BCA5C99
:1019F8003D081C6633321A013E08B36293CB540289
:101A08003F09B362D74C192600400C455E2BA35CF6
:101A1800492559430541093462A7A21C5306420AC5
:101A28003462B3E248518E0443093462A7A22E936C
:101A38000244093462B3A27324004509346233F4C2
:101A4800CA79044609346233F4CA3500470A346255
:101A5800A7A24E3329004809346213E59866004965
:101A680007B362B3626B4A09346237735546004B59
:101A7800093462135592A9334C08346293BB47006A
:101A88004D09346213C711CD004E09346213D7587B
:101A980067004F093462A7A2332900500A3462B3A1
:101AA800A21C29670051093C5EA7A25C6E14520A69
:101AB8003462B3A21C29CA00530A3462A762CAA8B6
:101AC8004C0A5408B362B362170055083462133DD8
:101AD800930256093462139D492A00570934621348
:101AE800CD71C400580A34621365922ACA00590B92
:101AF80035629375AA33CA28025A09346233726C64
:101B08008F005B07B3623362735C0A34629333CA33
:101B180028A31C5D07B362339B235E069372D7002C
:101B28005F060C5E3302600692721303610824623A
:101B380037A24C03620A346293F38A722400630763
:101B4800A36237B300640934625F8D28D300650847
:101B58002462A7D2C80A660934625B9533470067D6
:101B6800092C5EA762DA49016809346293F38A6630
:101B7800006908B3629791AC066A09BB5E9B61A9CC
:101B88002A006B09346293CB91A20C6C07B36223D1
:101B9800BB066D092562A35A2AA9026E072462B3FF
:101BA800A2196F082462A7A24C0A70092C5EB3E23E
:101BB80048390371082C5E3762DA0572082462938B
:101BC800929D017307A36237F202740A346297E3A5
:101BD800CC2926007507246213CD347607A36293B7
:101BE800AC0A770925629355525D00780824621380
:101BF800935431790A2C5E13651A3129007A082426
:101C080062336239027B0B3C62AB324A1AC58C04E0
:101C18007C053163737D0C3C62A351CC48659424E8
:101C2800007E07147297540200000004FFFF0401AD
:101C38000A346233F4CA790404020B3C5E33B34CB1
:101C4800ED980004030934623374370004040B343C
:101C580062A7E2CC31290004050B3462A762CAA846
:101C68004C0A040608B362B3626B040708B362B394
:101C7800626B0408093462DF96490104090C356275
:101C880027534CAA52C902040A0D356293628A236B
:101C9800552A5900040B09346233B34C3D040C0B2C
:101CA8003462135592329501040D06007E03040E2A
:101CB8000AB36293AC324500040F0ABB5E93BC467C
:101CC8004A0004100A3462A7A21C530604110B34FC
:101CD80062B3F28A72240004120B3462B3E24851F0
:101CE8008E04041309346233A46E0304140A3C5EA0
:101CF800A7FA6BC80004150A346233F4CA790404DD
:101D0800160C35629392AA56A5922A04170B3462D0
:101D1800A7628D64520004180A346213AD91A40CB2
:101D280004190C3C6213938A6A242903041A0B349D
:101D380062135592A99401041B093462ABFA250376
:101D4800041C0A346213C711CD00041D0A3462133F
:101D5800E5986600041E0A3462A7A2332900041F0E
:101D680009346233A4670004200B3462B3A21C292F
:101D7800670004210A3462A7A22E9302042209B341
:101D880062B362170004230A346213CDB447020415
:101D9800240B35629B57A5AA1D0104250AB362933B
:101DA8005499920A04260A3C5E93FAD7C80104277C
:101DB80009B36293AC240B04280D356293924A2A26
:101DC800A9A4D21804290E3D5E93924A2AA9A4D246
:101DD800D828042A0D3562B351463AC514150004B3
:101DE8002B0B356293F55449A519042C0AB36213D9
:101DF800A34A6A01042D0B3462B351DA7924000432
:101E08002E0D3562135335924A2AC904042F0B3418
:101E18006237A24C23CA00043009246237A24C035B
:101E280004310B3462A7F28A322900043209246291
:101E3800B3561C09043308A3623362090434092C1D
:101E48005EB7921C330435092462A7D2C80A043647
:101E58000A256293AA55A902043708A362B3E402CB
:101E6800043809246213D5483204390B34621393B9
:101E78008A6A2419043A09246213476A06043B084B
:101E88002462AB5A32043C0A256293D74AAA00045A
:101E98003D09246213C79401043E092462A7A24C99
:101EA8000A043F08246233A41904400A2C5EB3A232
:101EB8001C2903044108A36237B300044208A36243
:101EC800B3620504430A2C5E13652A4B0004440BD5
:101ED800BB5E23AB91464A00044509246213935420
:101EE800310446092C5E13CDA1030447092462136B
:101EF80065DA0104480B256293924A2A8D01044948
:101F08000C2D5E93924A2A8D8D02044A092462A3FD
:101F1800654A0A044B09246213971A29044C0924B8
:101F28006293571C09044D08A36223E502044E0A74
:101F3800246293925A2A01044F08A362B7D20A0472
:101F4800510B346293325669640504520B3C5E1798
:101F5800679629C70404530934625B0E5D03045471
:101F680008A362375216045509246237341A0A0442
:101F78005609B3629791AC06045709B36293B2ACA1
:101F88000604580ABB5E9B61A92A0004590A256207
:101F980027D348C902045A0A256293E248950504E2
:101FA8005B0A3462176796A901045C093462DB1C7A
:101FB800A919045D06007E03045E0B3C5E1393863C
:101FC800555902045F0AAB5E93AC91120004900865
:101FD80034623F761B0491082C623F760D04920A06
:101FE8003462B7E2CC25000493092462B7E28C007E
:101FF80004960E3D5E9392AA56A592AA51000497A4
:102008000B2D5E93AA55A91A05049A0D3D5E13532C
:10201800A953AC724601049B0B2D5E13D34CB186B9
:102028000104AE0C35629375AA33CA280204AF0BBB
:102038002D5E93539D51461104B00C35629375AAD9
:1020480086CC280204B10B2D5E93533564461104E7
:10205800B20BBC5E939A39A6360A04B30A2D5E13F6
:10206800A396350C04BA0A346293F38A660004BB5B
:102078000AB36213A34A560004D80B3462A7621E3F
:1020880033290004D9092462A7474A0A04E209BB94
:1020980062B357AC0604E308B362B3653504E80BD2
:1020A8003462A7E29832290004E9092462A7864C21
:1020B8000A04EE0B3C6233328ACEA40004EF0A34E1
:1020C8006233328A661A00008300020203040305A1
:1020D80004060C00FE07FE08FF0139028503AC2048
:1020E80005006A072107394367A80022079B56277E
:1020F8005901230B3542AF1AAA4C69A80A240D4D81
:102108003E37AF4AE59D54B5230025093D4247CEE9
:10211800DC3905260C3D422FA79872956454012797
:1021280005195767280ACB3E37C514EB9803290BC6
:10213800CB3E27C71CAB9822002A0A3D42B7AA7695
:102148005ECD082B0A2D4637A3386446112C071B91
:102158003E4F8D042D060D4E67082E0692426704E9
:102168002F0C3D421FE58C728D7246003009BC422F
:102178004F45CFA4003108BB422FC9AE01320A3DFA
:10218800426FE58C727B08330C3D42676894B386D6
:102198003A2D00340C3D423FCB54A6A1334A0035BA
:1021A8000C3D42E74623C38C745A00360C3D425717
:1021B800E68C46CA3A2D00370D3D4267689433CA0B
:1021C80019651401380B3D426F659D56D669013972
:1021D8000C3D426F659D4646394A003A07AA426758
:1021E800C4113B09333ECF466A24003C07AB46374F
:1021F800D5053D081D4A676838043E08AB46275791
:1022080025003F0A3D426FE536CA7404400C3D4242
:102218006F6535525223C305410A3D426F653D46FD
:10222800B603420C3D4267C42AA659C5A100430C17
:102238003D426F658D32CA28A705440D3D4267C4EB
:102248002AA698628A4301450C3D42E746198D94B7
:10225800514643460D3D42E746198D9451461901B2
:10226800470C3D426F658D328A3B2D0048093D423F
:1022780027DB63643B4908BB4267C5AE014A0C3D96
:102288004277679451466594004B0B3D4227CB54E7
:10229800EA14AB1C4C0E3D4227A38C32CA28A38CEF
:1022A80086004D093D4227AF95B43B4E0A3D422773
:1022B800EBA992DC3A4F093D426F65EFB400500D2F
:1022C8003D4267A4AC87CA28A38C00510A3D426FDF
:1022D8006557925105520B3D4267A4AC872AAB1C47
:1022E800530B3D426F650D37D46901540E3D42676B
:1022F800C88C32CA28A38C220055083D4227FB4EC1
:102308000B560A3D4227BB5399720457093D422791
:102318007B25D505580A3D4227EB5457B50E590C75
:102328003D4227EB5467945146115A0A3D4267686B
:1023380094BBD1105B08CB3E67C43E075C0D3D42A1
:1023480027C38C32CC30A30C035D08CB3E67F6392B
:10235800025E071D5637A73A5F060D3A6708600602
:102368009B562717610A2D426FC334741A01620CF9
:102378003D4227A38C46CAF65000630A2D426F657A
:102388008D725A00640B3D421F659486B6D308656A
:102398000A2D426FE5A1325C00660B3D4257567923
:1023A80067945106670B3D3A6F653B8D8CD2026886
:1023B8000B3D4227A38C46CAEE006908BB422F2377
:1023C800D91A6A0ACC3A3F63DD9649016B0C3D4243
:1023D80027A38CB24CB3CA016C07BB4247F61A6DEF
:1023E8000A2D4247B5545249156E082D422799DAED
:1023F8000E6F092D426F653B2D00700C3D3A67A4A6
:102408006C0F95514600710B3D3A6F683B8D8C32CD
:102418000A720B2D4227991A65941100730A2D42EE
:102428006F68B8E15000740C3D4237A33864461910
:10243800652875082D42273B950A76092D4227DB2A
:10244800A98E0077092D42275B49750178092D422D
:1024580027A7BAAA03790A3D3A27DBA96E23007A8F
:10246800082D4267E8F6107B09CB3E37C52AC73AE4
:102478007C06493FE7017D0ACB3E27C73AC52A02B9
:102488007E091D4A2FAA24130000000008046404D2
:10249800D0FFFF04001155422FC34C8D8D321A29ED
:1024A800A38C860004010F4D42AFC663A38C46CAB5
:1024B80028A32104020F4D3A676794D1AC628A19A8
:1024C80045050403105542BFA6C6461965945146F2
:1024D800190104040D3D426F658D46CA28A70504FD
:1024E800050C3D426F650D37D46901040609BB42EE
:1024F80067C5AE0104070ACB4227E515BB060408E9
:102508000D3D42776794514665940004090E3D429B
:102518004FA6986252954A1600040A0E3D4227C5F6
:1025280014531CA952C902040B0D3D42676794D18C
:10253800AC628A01040C0E5542BFA6B24CA54EB13E
:10254800CA01040D0E55422FC34C6573A5A9750029
:10255800040E0E554227A78DB33B8D8CD202040F73
:102568000B4D3A27FB1E33A30804100B3D426F6541
:102578003D46B60304110E3D4267A48C321A29EB7E
:10258800A10004120D3D4267A4AC87CA7A28000452
:10259800130E3D42E7461965945146190104140F7C
:1025A800453E57A698628A29A634760004150D3D43
:1025B80042E746198D9451464304160C3D4227259F
:1025C80055EDBC2A5504170D3D426FE58CD2863A6D
:1025D8002D0004180B3D42279B2B4DAD0304190D0C
:1025E800554227A78DB3B9D2D43A041A0C3D4227D5
:1025F800CB54EA14AB1C041B0D3D4277C514534C55
:1026080031451D041C0A3D4227AF95B43B041D0A01
:102618003D4227DB63643B041E0A3D426F65EFB40D
:1026280000041F083D42E7F61D04200E3D4267A442
:10263800AC87CA28A38C0004210D3D426F658D32FA
:10264800CA28A70504220F3D4267C88C32CA28A3AE
:102658008C220004230C3D4227BBD3C8282D00043C
:10266800240C3D4237AF4A2555ED0804250B3D4261
:1026780027EB5457B50E0426114D3A27A698628ABF
:1026880029A6988646190504270D3D4227DB69646B
:102698009451460104280F3D422725955452492557
:1026A80095C6000429114D3A272595545249259578
:1026B800C6461905042A0D3D4247A38C329A554C4B
:1026C8000B042B0C3D4227DB5325956600042C0B8D
:1026D800BC4227D72BCA9100042D0D3D426FE58CD3
:1026E800D2C848A705042E0F3D4227A64AA59154F3
:1026F80052492600042F0C3D426F689D464CA50E9A
:1027080004300B2D426FC334741A0104310C3D425E
:102718006F653452B6D30204320B2D4267A43C5481
:102728001E0A04330C2D42E746196594110004343F
:102738000C353E57A698624A630704350B2D426F45
:10274800E5A1325C0004360A2D4227553BAF06044A
:10275800370B2D426FE5A8725A0004380A2D42271C
:10276800CB95A60E04390D454227A78DB35C69EABF
:1027780000043A0AAC4227AA245319043B0B2D4201
:1027880077C51453D401043C0A2D4227AF95B40EE3
:10279800043D0A2D4227EB31B20E043E0A2D426F4A
:1027A800653B2D00043F082D42E7760704400D3DA8
:1027B8003A67A46C0F9551460004410B2D426F6592
:1027C8008D725A0004420C2D4267C88C32CA280206
:1027D80004430C3D3A27BBD3C8282D0004440F4DB1
:1027E8003A37A3BC2A9554B5338A0004450A2D42CA
:1027F80027A7BAAA0304460F3D3A27A698628A6912
:102808006894510004470B2D4227EB3432CA280440
:10281800480C2D422725955452690C04490F3D3A1E
:102828002725955452696C945100044A0B2D424750
:10283800A38C66B500044B0A2D4227EBA9D20C04E1
:102848004C0AAC4227E7154702044D0AAC4267A37D
:10285800B44702044E0C2D4227A66A24956402044C
:102868004F0AAC426FC4B4920C04500D45422FC3BA
:102878004CAE3C54860B04510C3D42AFA6561E2A62
:10288800C30504520F4D3A2FEF8C661553CC2827F9
:102898000004530E4542BFA6C646196594110004AC
:1028A800540AAC426FE495D10004550B2D426F6871
:1028B800B8E15000045609B3422F23590D045709B3
:1028C800B3422765590D04580BC43A3F635DCBA446
:1028D8000004590B2D424FA698546501045A0C2D3B
:1028E8004227C51447AA2C00045B0C3D422FEF8CED
:1028F8006615530C045C0CC442B7C6512599CA002E
:10290800045D0D45422FC34C65B9D2D401045E0E57
:10291800553A27A78DB33B8D8CD202045F0B3D3A05
:1029280027BBC7CC280204600C3D42AF6D259554E7
:10293800170004610A2D42AFAD92EA0204620D3D10
:10294800422F8F98D1AC625A0004630D3D422FA3E9
:102958003C6246B35A0004640D3D4227AE98E258E3
:1029680031C52804650B2D4227AE38568C02046603
:102978000D3D4237A798EA3152520504670C35429B
:1029880037A798EA31520104680D3D4227A698D22C
:10299800B8461A6904690B2D4227A698C61A690415
:1029A8006A0D4542E74E658AAB524915046B0B35F3
:1029B80042E74EE5AA5401046C0F4642E7D0AA1933
:1029C800874A2BAD1600046D0D3642E748CD3854C2
:1029D8005A2D00046E11653AAFCEE4CA19450D337D
:1029E8004A2BC305046F0F553AAFCEE4CA51C3B49E
:1029F800325C0004700E3D4227259554B533CA2831
:102A08000204710C2D42272555ED8C220004720C0E
:102A18003D426F653D46D6690104730B2D426FE553
:102A280031725A0004740D3D4227CB14AB9862CA28
:102A38001104750B2D4227CB2AA61C0104761055CC
:102A48004227B66196295631C594230004770D456F
:102A58004227B66196554C39020478104D3A2FA793
:102A680098621A69A49534CA0904790D3D3A2F1D54
:102A780069A49534CA09047A0C553E37AF4A7B5588
:102A88003B02047B0C453E37AF4A5BD58E00047C85
:102A98000C4D426F9319C5ECEA02047D0B3D426F61
:102AA8009355D2AA0B047E0E5542E7AA71AAADA48B
:102AB80092EA02047F0D4542E7AA71AA55525D00C9
:102AC800048010553A6F651B659451861B65940008
:102AD80004810D3D3E6F658D32DC28A30404820C11
:102AE800354637E5946495530404830A1E5E1F8EA9
:102AF800A1210004840816626F6601048508156226
:102B08006FC90004860815626F45010487081662BC
:102B18004FC701048811663A2FA39ACAA8E6AF8C5A
:102B28006A2AA302048911663A2FA38C66869ABF83
:102B380032CA686628048A0F653A27A78DB3BCD2C3
:102B48009CBA4609048B0F5D3A27A78DB3B9D2D436
:102B5800354A00048C0D45422FA3BC339A554C0BC3
:102B6800048D0C3D422FEF8C6615D302048E0E4562
:102B78004267A46CA5A1B2461901048F0E453A67B5
:102B8800A46CA5A1B24619010490114D421F6534E9
:102B980046461965945146190104910F3D421F6537
:102BA800344646196594110004920E3D426FA48C78
:102BB800F2881965940104930B2D426FA43C624678
:102BC8001904940D4D3EE746198D94DD15000495C2
:102BD8000B3D3EE7462365BB0204960E4E3A27F5A9
:102BE800E74CFDD230C30004970F3E3A27951B658A
:102BF8003453D230C30004980F553A6FE58C72866F
:102C080019E9B46B0004990C453A6FE51AEAB46BFC
:102C180000049A104E3A27A758658DEA58679C61B8
:102C280000049B0D3D3A27A652A758C38C02049C6A
:102C38000D3D422725ABD42926D500049D0B2D42F6
:102C480027256B26D500049E0C3D422F8ED4D4290F
:102C58005631049F0D45422FA3BC632A758A05048B
:102C6800A00E454247A6984AAD53AC620004A10A9B
:102C78002D4247A652A75804A212553A27A6986291
:102C88001A29A698628A1A651404A30F3D3A27A642
:102C980098468A296A94510004A4104542278D1445
:102CA800539C29A698628A0004A50C2D42278D14EE
:102CB800678A290204A611553A67A6986252954A6E
:102CC8002AA91AE50404A70E3D3A67A69854A56AEE
:102CD80094130004A80F4D3E6F681453A592AA766A
:102CE800860204A90C3D3E6F6514536B672804AA3D
:102CF80010553A6F658D32CA28A39C76860904ABB5
:102D08000D3D3A6F658D72DA19260004AC12553AFA
:102D180067C88C32CA28A38C32D228A30404AD0E0B
:102D28003D3AE72A33CA48A38C120004AE0D3D424F
:102D380027EB54679451461104AF0D3D3A27EB54E5
:102D4800679451461104B00D3D4227EB540D99513B
:102D5800461104B10D3D3A27EB540D995146110423
:102D6800B2114E3A27A71C5346199539E58C330CF6
:102D780004B30F3E3A27C794514665CE38C30004C2
:102D8800B412553A679529A698628A29A6915146A0
:102D98000104B50F453A679529A698621A19651472
:102DA80004B612553A27A698628A29C68D32D228C7
:102DB800A30004B70F453A27A69862DC28238D3272
:102DC8000A04B80E4542275B495523A698320A04DF
:102DD800B90C3542275BD58829A30004BA0C3D42BB
:102DE80027A38C46CAEE0004BB0ABC4227D72B9AFD
:102DF8000104BC0E4542575631C5B1328A5101040F
:102E0800BD0C354257C6B1328A510104BE10553A3D
:102E1800575631C5B1328A5167980004BF0E453AFA
:102E280057C6B1328A5167980004C009C34267C5C2
:102E38005E0304C110554227A78D53524955AB5222
:102E4800491504C20C454227A78D53B5F36A04C33C
:102E58000F4D3A27CB54EA14AB9C51540004C40CD0
:102E68003C3A27AA245399930204C510553A77C5CA
:102E780014534C3145AD6B940004C60D3D3A77C5EB
:102E88001453D4354A0004C70D553A27DB636477D9
:102E980046510104C80D3D3A27EB31B2CE282A002D
:102EA80004C90D553A27DB6364778D120004CA0CF8
:102EB8003D3A27EB31B2AE510204CB0E553A277B8F
:102EC800A79151D619250004CC0D453A27DB696432
:102ED8009475460904CD0F553A27AF91565249DBF0
:102EE800354A0004CE0C3D3A27AF95B4AE510204E2
:102EF800CF07C142E71004D00D4D4227A74DADAC16
:102F0800C7C83A04D10D454227A74D6D98864E2370
:102F180004D20C4D42AFA656D663643B04D30C3D95
:102F280042AFA6364C43A71104D40D3D426FA89872
:102F3800E248658A6904D50A2D426FA7B45A0B0482
:102F4800D60F4D4227A78DC746236594D11004D7C5
:102F58000D454227A74DAD3C54860B04D80D3D4284
:102F68006FE58CC6C83A2D0004D90B2D426FC331CA
:102F7800725A0004DA0E4D42AFA656CE688CACD316
:102F88000204DB0C3D42AFA6361C23A70504DC0F68
:102F98004D42AFC629A9A4AA55A9A40A04DD0B3D30
:102FA80042AFC6A9DA793504DE0E4D42AFA656CE39
:102FB800286AA8D30204DF0C3D42AFA6568E2AA782
:102FC8000504E00C3D4267E87A439D160004E10CD5
:102FD8003D3A67E87A439D160004E20D4D42676862
:102FE80098CD95A6D60104E30C3D42676898E54A5A
:102FF800530704E40C4D42AFC6D95C696A1D04E569
:103008000C3D42AFC659AE34750004E60B4D42AFD5
:10301800A656F64E0B04E70B3D42AFA656B6D302B2
:1030280004E80C3D426F653D46D6690104E90B2D65
:10303800426FE531725A0004EA0E4D42AFA656D6E9
:1030480063649D160004EB0C3D42AFA6561E23A7F1
:103058000504EC0F4D42AFC61B66984646394D0035
:1030680004ED0CBC422765B851DA230104EE0E4D7D
:10307800426768984DA532D2690104EF0E4D3A6750
:103088006898ED3432D2690104F00E4D42AFC6D9CA
:10309800542A239D160004F10E4D3AAFC6D94E238B
:1030A800239D160004F20F55422FCA8CB3A954462B
:1030B8003A2D0004F30F553A2FCA8CB39D46463A71
:1030C8002D0004F40E4D42AFC6D94E23A38C320A0C
:1030D80004F50D3D42AFC659A79151460104F60FBC
:1030E800453EE74619659451461A650004F70AB447
:1030F8003E67E85A470004F80D4D42AFC6D99E2AEC
:10310800A9340304F90C3D42AFC6594F9566000433
:10311800FA0F4D3A6FA48CF2CE28238D720604FB69
:103128000D3D3A6FA4BC33D228670004FC0E4D3A1B
:1031380027EB5457B5CE28270004FD0C3D3A27A7A6
:10314800BAAA33CA0904FE0C3D4227EB540DD5D662
:103158000104FF0B2D4227A76AA8760005000C3D45
:10316800421F659486B6D30805010ABC42BF1AD12E
:103178004C0305020D3D4237A32C535249550B050C
:10318800030D3D4237A38CB24C49550B05040E3D47
:103198004247C38CA28629A69C0005050C354247E8
:1031A800C38C72AC720205060C4C3A47A39C34CA15
:1031B800591705070C443A47A31C33CABA00050837
:1031C8000E3D42E78A29A6A4924A320105090C2D30
:1031D80042E78A29A6241300050A0F3D4227C51491
:1031E800535C2AA9241300050B0C2D4227C51497FC
:1031F8004A3201050C0C3D426F658DE2D669010526
:103208000D0B2D426F6814775A00050E0E3D42676C
:10321800C88C322A534C3901050F0C2D4267C88CD3
:1032280032AA130005100D3D426F680D6546392D11
:103238000005110B2D426FE824735A0005120B3E4E
:1032480042E78AFD6AA30805130B363EE78ABD727A
:10325800461105140C3E4247F5CFAA4BA6000515AA
:103268000B2E4247F55925990205160B3D4247AAF0
:10327800E4AAED0005170C353E472A55AA5A230043
:1032880005180D3D426FA898F22A534C0305190AF8
:103298002D426FB5561905051A0B3D426F655792B9
:1032A8005105051B0C3D3A6F683B8D8C320A051C95
:1032B8000A3D42277B25D505051D0A2D42275B4976
:1032C8007501051E0D3D42272599AA9D62950305A6
:1032D8001F0B2D42272599964C390520114E3A4748
:1032E800E594534E3275C99461460905210E363E60
:1032F80047E594934C49A60C030522114D3A27C57E
:1033080014531CA95249D528270005230E3D3A27F6
:10331800C51447AA548D720200000000190F04005A
:103328001B0F0400310F04001815AE15D5168015B3
:10333800A8161F15D316001540158D16141520163E
:103348000015A115C815DA16021581168F15D9169C
:10335800F115DB1640152E15A415A619FF0000005F
:103368001815AE15D5168015A8163F15D3160015D5
:1033780040158D16141520160015A115C815DA1656
:1033880012158116CF15D916F115DB1640152E1515
:10339800A415A619FF0000005054564F5349474E34
:1033A80039000000000000000000000000000000DC
:1033B8000000000000000000000000000000000005
:1033C80000000000000000000000000000000000F5
:1033D80000000000000000000000000000000000E5
:1033E80000000000000000000000000000000000D5
:1033F80000000000000000000000000000000000C5
:1034080000000000000000000000000000000000B4
:1034180000000000000000000000000000000000A4
:103428000000000000000000000000000000000094
:103438000000000000000000000000000000000084
:103448000000000000000000000000000000000074
:103458000000000000000000000000000000000064
:103468000000000000000000000000000000000054
:103478000000000000000000000000000000000044
:103488000000000000000000000000000000000034
:103498000000000000000000000000000000000024
:1034A8000000000000000000000000000000000014
:1034B8000000000000000000000000000000000004
:1034C80000000000000000000000000000000000F4
:1034D80000000000000000000000000000000000E4
:1034E80000000000000000000000000000000000D4
:1034F80000000000000000000000000000000000C4
:1035080000000000000000000000000000000000B3
:1035180000000000000000000000000000000000A3
:103528000000000000000000000000000000000093
:103538000000000000000000000000000000000083
:103548000000000000000000000000000000000073
:103558000000000000000000000000000000000063
:103568000000000000000000000000000000000053
:103578000000000000000000000000000000000043
:103588000000000000000000000000000000000033
:103598000000000000000000000000000000000023
:1035A8000000000000000000000000000000000013
:1035B8000000000000000000000000000000000003
:1035C80000000000000000000000000000000000F3
:1035D80000000000000000000000000000000000E3
:1035E80000000000000000000000000000000000D3
:1035F80000000000000000000000000000000000C3
:1036080000000000000000000000000000000000B2
:1036180000000000000000000000000000000000A2
:103628000000000000000000000000000000000092
:103638000000000000000000000000000000000082
:103648000000000000000000000000000000000072
:103658000000000000000000000000000000000062
:103668000000000000000000000000000000000052
:103678000000000000000000000000000000000042
:103688000000000000000000000000000000000032
:103698000000000000000000000000000000000022
:1036A8000000000000000000000000000000000012
:1036B8000000000000000000000000000000000002
:1036C80000000000000000000000000000000000F2
:1036D80000000000000000000000000000000000E2
:1036E80000000000000000000000000000000000D2
:1036F80000000000000000000000000000000000C2
:1037080000000000000000000000000000000000B1
:1037180000000000000000000000000000000000A1
:103728000000000000000000000000000000000091
:103738000000000000000000000000000000000081
:103748000000000000000000000000000000000071
:103758000000000000000000000000000000000061
:103768000000000000000000000000000000000051
:103778000000000000000000000000000000000041
:103788000000000000000000000000000000000031
:103798000000000000000000000000000000000021
:1037A8000000000000005054564F5349474E410056
:1037B8000000000000000000000000000000000001
:1037C800000000000100000000C20100030000002A
:1037D80000000000DB840100718901001F850100E1
:1037E800C9560000CD850100398A0100CD85010048
:1037F800998B0100CF850100C9560000CD850100D5
:10380800398A010033860100C95600000000000013
:10381800000000006D870100C9560000000000008C
:1038280000000000B9870100C95600006588010042
:10383800C956000069880100A98D0100858801002A
:10384800C956000000000000000000000000000051
:10385800000000000000000000000000C788010010
:10386800FD8E0100DD880100C9560000C7880100EF
:10387800FD8E0100DD880100C9560000698801003D
:10388800A98D01000D890100C95600001300000030
:1038980049F4010000000000776A010001000000FF
:1038A800776A01000200000093EA0100028000002C
:1038B80091EA010003000000B1EA010004000000E1
:1038C800F7EA0100048000004FEB0100050000004A
:1038D80051EB010006000000C9EB010030000000B8
:1038E80053F101003100000055EF010033000000E2
:1038F8000DF2010034000000B3F2010011000000D5
:1039080055F3010014000000B1F301001500000098
:1039180025EF0100FFFF0000000000008F000100FC
:103928004C1D0020870001004A1D0020350028009A
:10393800246B0020280001002F1D00202900010011
:10394800301D0020840004009470002086000100CF
:10395800AD0600202A000100311D00202B000100C7
:10396800321D00202C000100361D00202D0008000B
:10397800941800202E000100371D00202F000100A0
:10398800381D002030000100391D002032000100E0
:103998003C720020330001003D7200203400010019
:1039A8003A1D0020360001003E7200203800010058
:1039B8003B1D002039000100351D00208300020056
:1039C800241D0020630001004272002065000100F0
:1039D800331D00206D0001004372002071000800B3
:1039E8000070002066000100491D0020430001000E
:1039F800441D0020440002001A1D0020450001005B
:103A0800451D0020460002001C1D0020470008003C
:103A18000870002048000100461D00204B000100EE
:103A2800471D0020040001004B1D0020A1000100DB
:103A3800511D002037000100501D002088000100A2
:103A48004D1D00203C0001003C1D00203D000100F0
:103A58003D1D0020490002001E1D002067000100D6
:103A6800447200204D000200201D00204E0001007D
:103A7800481D00204F000200221D00203E000100CA
:103A8800421D0020510001003F7200205200010039
:103A98003F1D002053000100411D0020540001007B
:103AA80040720020000000000000000024190020DF
:103AB800FFFFFFFFFFFFFFFF0A0000007DBE0100C0
:103AC8000200000077B901000500000015BB0100E5
:103AD8000700000087BA01000C00000053B4010081
:103AE8000D00000071B60100FF000000000000009A
:103AF8008E0000008E0001008E0002008E00030080
:103B08008F0000018F0000028F0000038E00010467
:103B18008E0000058E0008048E000004890000064F
:103B2800500000007F0001003F0004003F00020039
:103B38003F0001007F000200000000007864632E4F
:103B480072756E74696D652E537461727475703A0E
:103B580020276D61785061737365732720657863DA
:103B68006565646564000000009A9EA0989D9D9715
:103B78008DA58EB0AA9C0000020402010101010972
:103B880002000000313117191A21241B1D1F313181
:103B980033310000313118191A22311C1E203131FD
:103BA8003431000003007100300160001100700022
:103BB800310220035004800007001000610000005B
:103BC80014006300730072006200430000001300D9
:103BD80006000000000004001200000000000000C1
:103BE800000004000400370037003C0244000000D5
:103BF80000000000000065000000350081000000A2
:103C080005000000830000006600000000000800B6
:103C180009000A000B000000010171010101010106
:103C280011010101310101010101800100011001AF
:103C380061013B00140063017301720162014301D9
:103C48000001130106013D013500040112010001C4
:103C580000010001000104010401330133013C01AA
:103C68004401320136000001000165010001350000
:103C78008101000105018201830100016601000143
:103C88000001080109010A010B0100000302710289
:103C98003001600211027002010202020202800277
:103CA8000002100261023A004100630273027202CC
:103CB80062024302000213023800000200020402FA
:103CC800120200020002000200020402040237008D
:103CD80037003C024402000239000002000265027B
:103CE80000023502810200020502820283020002FC
:103CF800660200020002080209020A020B02000022
:103D080001037103010301030103010301032203FA
:103D18000203010300031003000300030003000370
:103D28000003000300034203000324030603000307
:103D380000030403120325032303250323030403B9
:103D480004030003000300034403000300032303E8
:103D58000003650321003503810300030503000305
:103D680000030003000325032303080309030A03D0
:103D78000B03000000000500B100AB00A500B00077
:103D88001C003000380008002C0102000001201837
:103D98001A18182C34041E000C0E020B040B0A0708
:103DA8000800110F88B224008813000010000000DA
:103DB80000000001C003000080070000000F0000A1
:103DC800001E0000003C00000078000000F0000029
:103DD80000E0010000C003000080070000000F00A1
:103DE80000001E0000003C00000078000000F00009
:103DF8000000F000000000000000000000000000CB
:103E080000000000000000000000000000000000AA
:103E180000000000000000000000000000BE040ACE
:103E280000BE020885280400BD280400C328040039
:103E38009F2904008B2A0400E52A0400ED2A0400C7
:103E4800892B0400912B0400972B0400C72B040036
:103E5800E12B04002F2C0400472C0400BB2C040089
:103E6800F92C0400012D0400912F040025300400D2
:103E78009B300400CB300400DD3004001331040013
:103E88002B3104005132040095320400A1320400A1
:103E9800D93A0400F33A0400293804002B38040006
:103EA80029390400D13804006D390400B93A0400F6
:103EB8009D3A0400213E0400973E04008B41040013
:103EC800954104006D4304008D460400C54A040072
:103ED800CD4A0400CF4A0400D54A0400DD4A040054
:103EE8006D4B0400954B040001020003020001031E
:103EF8002200000000002115110E0D0C0B0B0A0A00
:103F08000909090909080808080808080707070728
:103F18000707070707070707070000003031323394
:103F28003435363738396162636465666768696A4B
:103F38006B6C6D6E6F707172737475767778797A51
:103F48000000000070B504466569E678802000F03E
:103F5800A5FA0A220321304600F0EAFA0146298030
:103F6800207A40F0040020726078BDE8704000F0CC
:103F7800A2BC2DE9F84F0446257805F07F050E2DE3
:103F880078D1207A6769010711D5DFF8582400092C
:103F9800117801238340194209D1DFF84C140144F8
:103FA800487A20B12046FFF7CDFF0020ABE0B7F8F4
:103FB80002A094F80390802000F070FA207A460856
:103FC80006F0010686F001060025B6024FF000084B
:103FD800400748BF7E5F387900F074FC00F080FC31
:103FE800DFF80824DFF8083400F09EFC00F072FDCA
:103FF800074600F08AF800F088F800F0CEFD834606
:1040080014E0301A00B200280BD5404200B208E094
:1040180000F07BF8217A8A0700B2F2D5B042B8BF27
:10402800002010FB008800F09DFE6D1C00F0B5FD1F
:10403800A0EB0B005045EBD30020002D63D0B8FB5C
:10404800F5F000F0CDFF00F0D9FF4FF06632DFF851
:10405800A43300F069FC04460D46384600F040FCE5
:1040680002460B462046294601F042F8BDE8F44FC7
:1040780000F030BDE678032D1CBF042D012D01D1C1
:10408800002000E0802000F009FA0F2D14BF012263
:1040980000220321304600F002FA0F2D03D1BDE8BB
:1040A800F24F00F00FBC01F047F9032D02460B4612
:1040B80004D101F053F901F03FF915E0F9D0042DCE
:1040C8000AD1CD48CD4900F02FFC01F047F901F0A5
:1040D80033F90022CA4B05E001F040F901F02CF950
:1040E8000022C84B01F004F800F0F4FC0146207AE5
:1040F800C20707D56469206801F04CF9616801F0CE
:10410800B5F901460846BDE8F28F0321484600F09C
:104118000CBAFEB504462C200899BB4D4443281917
:10412800022904D10C2A15D1FFF70CFF2CE000F16D
:1041380008067788974204BFB6889E420AD10B00CA
:1041480006D10C2A0CBF042102210A9801801BE029
:10415800012901D00020FEBDFFF70BFF0090285D6C
:10416800099E00F07F00012818BF02280ED00328FE
:104178001AD004280AD00E2820D00F28EAD1042209
:104188006946304601F0BBFA0120FEBD9F48008811
:1041980000F098FB009901F0FDF801F047FB00B230
:1041A8000190022201A9ECE799480099006801F002
:1041B800F1F801F03BFBADF80400F2E79548008800
:1041C80000F080FB009901F0E5F801F02FFBADF855
:1041D8000400E6E7F8B505462C214D438A4E7719C9
:1041E8003846FFF7C6FE715D01F07F0103290446DA
:1041F8000BD187480068214601F0CCF801F016FB86
:1042080001B2787801F07AFD15E0715D01F07F0068
:104218000F2805D1012000F0B2FA68B14460F2BD60
:1042280001F07F0178780E29214602D101F0DFFDE7
:1042380001E001F098FD0020F2BD00002DE9FE4FDD
:104248008046754F4D79754911F808A0504600F021
:10425800FDF8814600F003F9002000F01FF93A78D4
:1042680069492C2042438C186D49666961620120B6
:1042780005F07F0584F8280040F6043161814FF489
:104288008070032DA08106D140F202404FF0090949
:104298006081002138E0042D08BF4FF008091FD0C5
:1042A8000421504601F03EFF0C2010FB09F05D4947
:1042B80001F800A0012D1DD108445B4A426000218D
:1042C800009101916A460121404600F03DFA01AA99
:1042D8000221404600F038FA0098002102F01AF84E
:1042E8006CD0207A40F0010020720098306001996B
:1042F800716063E018BF022DE1D00E2D06D00F2D9E
:104308005CD10C2060815521A18157E094F82800E8
:1043180040F0020084F828004FF4A161A1816A46A8
:10432800666942480090012194F801B0584600F0AF
:10433800E7F99DF8000000210C2805DA0FF2F401D6
:104348003FA2085C115C49003071207A00F0FD0042
:10435800014321720098000A0090010614BF3C2016
:10436800322070714FF47A70717990FBF1F171809D
:104378006A460221584600F0C3F900281CBF00987D
:1043880000280AD0207A40F00800207200F00F00C0
:1043980000994A1E40EA02102072002000906946E7
:1043A800584600F084FA48B100993180009800B16D
:1043B8000420217A01F0FB010843207284F801806F
:1043C80084F802A084F803900021207800F080008F
:1043D80005432570A1711648E0613978491C397088
:1043E800BDE8F78F29720020C80A000038842A35F2
:1043F8007BA0453F66665A3F9A9999999999B93F22
:104408000000594000408F403457002006660000E5
:1044180034150000AE6600002A720020E06F00200C
:104428001B41000000160020308C11000132E6000C
:10443800DD410000B96436203010200B1708100049
:10444800000000000100010001000100A0F11701B7
:10445800082902D21738C0B27047FF2070470C48AD
:104468000178CA0700D5704710B541F00101017005
:104478000020084905E0C3B20C246343FF22CA5454
:10448800401C054B1C78C2B2A242F4D310BD0000F8
:104498002F72002000160020F6790300704713469B
:1044A80001222DE9FE430928044691461D4605D1FF
:1044B80002F005F802F032F880B234E05FEA090051
:1044C8000BD002F054F801A802F08CF801A920469C
:1044D80002F068F85FEA000801D1002023E0002715
:1044E8000024002609E06946404602F03AF818B967
:1044F800BDF80000641C3F18761CF0B24845F2D3A2
:10450800E0B20228A4BFE4B2B7FBF4F73DB1B9B2F8
:10451800404602F029F84FF47A71B0FBF1F74046B3
:1045280002F01CF8B8B2BDE8FE8300230122B8E708
:104538000023B6E770B504462C214C43DFF804533A
:104548002E19304602F058F82A5DDFF8FC1242F0C6
:1045580080022A55FF200870304670BDF8B5BB4C64
:104568002578A84211D2461CF6B2B64F09E02C2194
:1045780071437A18A2F12C0039442C2202F050F829
:10458800761CAE42F3DB6D1E2570F1BDF0B5B04B65
:10459800B04C1B5C245C024600E0491CAB4D2E78F5
:1045A800C8B2B04217D25FFA81FC2C25A54F15FB83
:1045B8000CFC07EB0C052878C0090CD068789042F1
:1045C80002BF2F7807F07F079F4204BFA878A04258
:1045D800E3D148B2F0BD4FF0FF30F0BDF0B503466F
:1045E800002400200EE0E4B266440E5507F00F07E1
:1045F8006C1C0A2FACBF37263026EDB2F6194E5583
:10460800401CC0B29E79B042E5B212DAEF1CBA4241
:104618000FDB10B12D264E55641C1D182F7AC7F3D9
:104628000316651C0A2EB4BF4FF0300C4FF0370C40
:10463800D9E7E0B290423CBF00204855E0B2F0BD57
:1046480010B500F001F811E0012303FA00F000F0C2
:10465800FF0000EB0120804C704710B5012303FADE
:1046680000F000F0FF0000EB01207C4C81B22078C4
:10467800BDE8104002F018B870B500F006F8774EA3
:1046880000F00AF800B90FE070BD0446012000FAF6
:1046980004F404F0FF047047307804EB0124A4B25A
:1046A8001546214602F030B830782A462146BDE842
:1046B800704001F0F9BF012202FA00F000F0FF009B
:1046C80000EB0120644B07E0012202FA00F000F041
:1046D800FF0000EB0120614B81B2187801F0E8BFC0
:1046E800012303FA01F101F0FF0101EB0221002887
:1046F80019BF59480078594A107889B202F004B8AD
:10470800574B00EB80001844022907BF90F8FC10B3
:10471800D0F8FD0090F8AC10D0F8AD0001290ED00B
:1047280002290AD0032907D0042908D0052904D072
:10473800062918BF0B2905D119E080B2FCE700F063
:10474800FF00F9E700207047454B00EB8000184454
:10475800022907BF90F8FC10D0F8FD0090F8AC10C3
:10476800D0F8AD00072900D101E0002070471060A3
:10477800012070470A78521C001D02F0E9BB70B591
:1047880010260228054603DB0C2110FB01F6361D16
:10479800304602F0E7FB040003D0314601F02CFF5D
:1047A8002570204670BD420602D5491E8941C90FB1
:1047B80001F040BD2C22234B5043184400790028B7
:1047C80018BFFFF7F0BF704738B500241F4D03E04E
:1047D8000021FFF7EFFF641C2978E0B28842F7D385
:1047E8002048027802F0FD02027031BD70B52C2617
:1047F80006E0D5B2134C75432C44521C20716171EC
:10480800D4B29C42F5D370BD70B52C220D4B044632
:10481800191D54430C5D00E0401C0C4D2E78C1B2AC
:10482800B1420CD251435D18297900291CBFA978DF
:104838000029F1D02979A142EED1012070BD0020D4
:1048480070BD000034570020261D00202A72002069
:10485800D86F0020E06F0020D3130020D41300206D
:10486800C80A000004720020C000103070477CB5F0
:10487800C0001030461814461D463146102002F07C
:10488800DAFB48B90095234600223146102002F091
:1048980037FC08B9012076BD002076BDC00080B580
:1048A80010304118102002F009FC012002BD0B460F
:1048B80004220021DBE702B56B4604220021FFF742
:1048C800EDFF02BD50B1B0FA80F18840C1F19D0101
:1048D800C905020672F1004241EB10207047200022
:1048E800C0F3C75181B1FF2906D0C110400721F09C
:1048F800E04101F16051704741020CBF40F4E00112
:104908006FF000410020704700F0004100020AD01B
:10491800B0FA80FC00FA0CF001F16051A1EB0C51E7
:1049280001EBD0214005704730B540F2FF7C1CEA0E
:1049380011541DBF1CEA1355644565453FE06419D1
:1049480081EA030C6FF35F530CF0004C43F48013BF
:10495800C90241F0004141EA505EC5021100A5FBC1
:10496800020200284FF00000EEFB01204FF000018A
:10497800E3FB052118BF42F001024018002149411C
:10498800E3FB0E01A4F580640D0302D292184041A6
:10499800494154F1010470DD450872F1004250F1BB
:1049A800000051EB0451A1F5801102D441EA0C0139
:1049B80030BD40F2FF7E4CEA0E51002030BD0CEABB
:1049C8001355644518BF654581EA030C0CF0004C8B
:1049D80041D050EA410E1CBF52EA430E02E0614644
:1049E800002030BD24422C441BD15FEA050EF6D0CE
:1049F800090302BF01460020AEF1140EB1FA81F599
:104A0800AEEB050401FA05FE0C35C5F1200100FAEC
:104A180005F5C8404EEA000E6FF35F5343F4801368
:104A28009CE733F00043B3FA83F504BFB2FA82FE81
:104A380075440B3D641BB5F1200E2FBF02FA0EF32F
:104A4800AB40C5F1200E22FA0EFE38BF43EA0E0332
:104A5800AA40641C7CE750EA410E14BF52EA430E98
:104A68006FF000014FF4001515EB430F8EBF194688
:104A780015EB410F9DE7B4D830BDD4F10104B4F172
:104A880020050FDAC4F12005520828BF42F00102C0
:104A980010FA05FE01FA05F57244E2BFE04028432A
:104AA800E1400FE0352C9ADCC5F1200452EA4002BF
:104AB80020FA05F218BF42F0010231FA05F0A140D0
:104AC8000A43002172F1004250F1000051EB0C0141
:104AD80030BD090001F000428B1AA3F16051B1F515
:104AE800801F0ADBB1F17F6F1FD242EAC102C10009
:104AF80071F1004142EB507070470B15C3F1090387
:104B0800212B10D2890241EA9051800201284941A3
:104B180041F0004121FA03F0C3F12003994071F1FB
:104B2800004150417047100070476FF0000013EBD0
:104B3800103F5CBF000E42EAC050704738B50446CB
:104B480002F04CFB002504E0615D225C62552154B3
:104B58006D1C401E8542F7DB31BD38B5020048BFE9
:104B6800524200230A2500F00EF8002AFBDCFFE77A
:104B7800002802D52D22CA545B1C0020C8540846C0
:104B8800BDE83240DAE70A2492FBF4F405FB14226C
:104B98003032CA545B1C2246704710B502F07CFBC9
:104BA8004FF47A71B0FBF1F402F073FB604310BD6F
:104BB80038B5044602F0D8F9054651480178220074
:104BC80008D10A0710D441F008010170022002F050
:104BD800CBFC09E0012C07D10A0705D501F0F70144
:104BE8000170022002F055FC2846BDE8324002F070
:104BF800C6B9E0B5684601F016FF0198B0F5803FE8
:104C080028BF4FF6FF7080B20EBD80B501281DD1B8
:104C18003B4801780A0702D54FF0FF3002BD394AF8
:104C2800106808B1880611D5012003F0F7F902F0E1
:104C38005BFBC00744BF012002F02BFC3249012076
:104C4800C1F834010021002002F0F5FC002002BD6B
:104C580080B503F00CFE08B104F0A7FC012005F0B4
:104C680028FB012002BD80B506F0EFFDBDE802403B
:104C7800002005F01EBB2549087820B100220A70E3
:104C8800081D07F0E1B8704710B502F02DFB10F0D1
:104C9800060F03D007F09CFD002010BD1B4C201D03
:104CA80007F0D4F82070201D07F0D7F8012010BDB8
:104CB80038B5174D124C2A68217878B941F030017F
:104CC80021701046002108F0DEF828684FF0FF3107
:104CD80008F049F8207800F0CF000FE041F010010B
:104CE80021704FF47A710B4B1D684843B0FBF5F106
:104CF800104608F038F8207800F0EF00207031BD39
:104D08002F7200205C7000205C1A0020846A00204A
:104D1800EC130020E803000038B504460D4601F006
:104D2800C7FC29462046BDE8344001F091BF010088
:104D38001FB502F0AEFA4FF47A71B1FBF0F44C43B0
:104D4800684602F0B7FA0020012102908DF80010A1
:104D580001946B4622460FF20D01974802F048FA7B
:104D68001FBD0000F8B502F097FA944D0646A868F2
:104D780086422CD0371A02F08CFA78434FF47A71B5
:104D8800B0FBF1F402F085FA298847434FF47A70B2
:104D98007A18B7FBF0F100FB11218AB2B2F57A7FDD
:104DA80005DB014692FBF1F1641C00FB112129800F
:104DB8006CB1E968AE606418B4F57A7F06D36B68A5
:104DC800B4FBF0F1CB186B6000FB1144EC60F1BD53
:104DD8007A49486070477948406870472DE9F04142
:104DE800774BB1FBF3F703FB17113C250446B1FBE6
:104DF800F5F53C2202FB151525704FF46163B1FBF4
:104E0800F3F203FB12113C25B1FBF5F16170A270BE
:104E1800BFB24FF4FA634FF4B77E40F26D1C6425BD
:104E28004FF4C87814E060460FE068B1642091FB45
:104E3800F0F005FB10100028F5D04A0801EB92703D
:104E48008008B1EB8001EED170463F1ABFB25B1CFF
:104E580099B2404691FBF0F008FB101060B1642253
:104E680091FBF2F205FB121242B14E0801EB967269
:104E78009208B1EB820201D1724600E06246974285
:104E8800D3DA0026267178B1642091FBF0F005FB97
:104E9800101050B14A0801EB92708008A1EB800114
:104EA800481E8041C00F00E00120E380002102E09D
:104EB80001202271D1B200F022F887421CDBE3887E
:104EC8002279414693FBF1F1521C08FB11313F1A3C
:104ED8000029BFB2ECD0642093FBF0F005FB103042
:104EE8000028E6D0590803EB91708008A3EB8003F3
:104EF800581E8041C00FDCE7E770BDE8F08102462C
:104F08001F20012908BF02F11C0005D00729A8BFEE
:104F1800491EC90748BF1E20C0B270472DE9F84393
:104F28000546AC7869782878EF7895F904603C22D2
:104F380012FB041412FB04044FF064084FF4C87900
:104F480004E00120F1B2FFF7DAFF3F18761E70B2D5
:104F5800EA88002823D400F035F80029F1D000F0C1
:104F680037F8EFD0510802EB91708008A2EB80026D
:104F7800501E8041C00FE5E740F26D100EE000F0D2
:104F880021F849B100F024F8F6D0510802EB9173EA
:104F98009B08B2EB8300EFD14FF4B770C719521ECC
:104FA80092B2B2F5FA6FEADABFB2054800FB0744DD
:104FB8002046BDE8F283000048670020B46E002058
:104FC80080510100494692FBF1F109FB112170471C
:104FD800642092FBF0F008FB102000287047014382
:104FE80050B1B0FA80F18840C91CC1F58461090547
:104FF80001EBD021400570470146704740F2FF7C25
:105008000B0D4DD0634566D230B421EA035141F40B
:10501800801103F2FD3C5FEA5C0C01D300184941A2
:10502800890041EA907180004FF440140023E202A5
:10503800D50AB1F5100107D46D081DD2091B6419F2
:1050480000184941491BF7D56D080AD20919641B94
:1050580000184941491BEFD56D08F7D301E0520804
:1050680017D0C01861419B1AAC4100184941801AF9
:10507800A941F4D452080AD0C01AA1419B186C4126
:1050880000184941801AA941E9D45208F4D15B1C9F
:105098006C4161084FEA330001EB0C5130BC70479A
:1050A80050EA0103FBD030B4B1FA81F311B9B0FA78
:1050B80080F41B190B3BB3F120042FBF00FA04F155
:1050C8009940C3F1200420FA04F438BF21439840E2
:1050D800D3F101039DE7634514BF50EA410CDEE7B5
:1050E80011F5801FDBD8D94309F04EBA7047015635
:1050F800F0B540F2FF7581EA030C0CF0004C15EA9C
:1051080011541DBF15EA1357AC42AF42E5E0BC414C
:10511800C1F31301C3F31303801A994143F48013B5
:1051280004D2641E0018494180185941C90241EA55
:105138005051B1FBF3F603FB1611A2FB0675D7EB32
:10514800C020A94102D2761E80185941C90241EAFD
:105158005051B1FBF3FE03FB1E11A2FB0E75D7EBFA
:10516800C020A94103D2AEF1010E8018594189022D
:1051780041EA9051760546EA8E2EB1FBF3F603FB21
:105188001611A2FB0675D7EB8020A94102D2761E24
:1051980080185941C90241EA50514EEA060EB1FB46
:1051A800F3F603FB1611A2FB0675D7EBC020A94145
:1051B80002D2761E80185941C90241EA5051B1FB0A
:1051C800F3F703FB1711A2FB0735D3EBC020A94166
:1051D80067F100070CBF004247F0010766F3D527C7
:1051E8004FEA1E31B80814F5806412DDBD0775F169
:1051F800004250EB0E5051EB045111F5801F5CBF7B
:1052080041EA0C01F0BD4CF07F6141F0E041002023
:10521800F0BDBD076D0840EA0E5041F48011D4F18D
:105228000104B4F120060ADAC4F120060200E040C5
:1052380001FA06F3E1401843B24015430EE0342C5E
:1052480013DCC6F1200445EA40056D0820FA06F291
:10525800154321FA06F0A1400D43002175F10042E3
:1052680050F1000051EB0C01F0BD00205FEA0C0189
:10527800F0BDCFB992185B41B3FA83F704BFB2FA15
:1052880082F6BF190B3FB7F120062FBF02FA06F3CB
:10529800BB40C7F1200622FA06F638BF3343BA40AE
:1052A8001CB1E419641E33E77F4231F00041B1FAC2
:1052B80081F404BFB0FA80F6A4190B3CB4F12006BF
:1052C8002FBF00FA06F1A140C4F1200620FA06F625
:1052D80038BF3143A0403C1B1AE7AC421ABF05EA6D
:1052E8001357AF4212E050EA41061CBF52EA430688
:1052F800BFE750EA4107304661461CBF41EA055105
:10530800F0BD52EA430C08BFC143F0BD00204FF482
:10531800001616EB410F98BF16EB430F08BF16EBAC
:10532800410F24BFC14305E016EB430F0CBF614694
:105338004CEA0551F0BD014110F0004160B148BF91
:105348004042B0FA80F29040D21CC2F5846241EA31
:10535800025202EBD021400570470157C1F30A53AE
:1053680040F21E42D31A0CDDCA0283F3070342EA55
:10537800505242F00042DA4002EBE17282EAE170F8
:1053880070476FEAE17203F2E13008B182F0004041
:1053980070470125FF2212EAD05C1DBF12EAD153E3
:1053A800944593422BE09C44D30780EA010243EAE8
:1053B800002043EA01211A40A1FB0030C04238BF57
:1053C80000187CF17F010BDBFE294ADA5B0842EA10
:1053D800C15153EA006373F1004C51EB1020704740
:1053E800D1F1080CDCF120012FDB5B0810FA01F188
:1053F8000B4320FA0CF073F100415041704794457B
:105408001CBF02EAD153934280EA010202F0004233
:105418001DD0400019D0490017D05BB9634514D09E
:105428000902B1FA81F39940BCEB030CC00140F0CA
:105438000040C1E70002B0FA80FC10FA0CF0B3EBB0
:105448000C0CC90141F00041B6E71000704740005C
:105458000AD0490008D010F1807F94BF11F1807FF5
:1054680002E042F0FF407047D043704790EA010FD6
:1054780040F16C8081F00041431A4FF000423EBF7A
:105488005340C01AC918D3095FEAD05C13EB400F28
:1054980034BFB3EB410F40E07CEBD1530CD342EA6D
:1054A800012122D8D1EB402009D3400A28BF5FEA66
:1054B800500140EBCC507047401A15D04002B0FA6A
:1054C80080F2521C9040400A4FEA3C23B3EB02633F
:1054D80084BF00EB730007E040F400001A16DB07F6
:1054E800C2F10102D04018437047182BFCDC31FA96
:1054F80003F202FA03F3591A38BF42F00102D2EB61
:1055080040203CBF0018ACF1010C5FEACC5CC2053E
:1055180072F100414CEB5020704713EB400F0FD253
:10552800C94209D0ACEBD153022B03DB4902172B3C
:10553800DDDD70479143401AC042D5D10020704745
:1055480013EB410FD0D36FF000007047421A3CBFF5
:10555800801A8918C0F3C752FF2A4FF0004C22D096
:10556800C1F3C7534BB3D21AD2F119032EDD4CEA5B
:1055780001214CFA03F321EA0303D1404CEA00224B
:105588006FF3160052180FD353EAC2534CEA520273
:1055980073EB0C0C50EB1220420012F1807F38BFE5
:1055A80070476FF31600704753EA026322EA0C0251
:1055B80073EB0C0C50EB12207047490212BF9A4251
:1055C80000EB5120EFE7D2F11703D2D57047016DF8
:1055D800F8B50D4688B00446287800F0BAF80028D7
:1055E8003ED1DFF83C220021131D53F8310018B1D9
:1055F800491C0829F9DB33E005A800230026002709
:1056080080E8C80002F83140121D42F8315028786D
:105618008DF80000A8684188ADF802108188ADF8BF
:105628000410807900F00F008DF80600A868C17991
:105638008DF80710A86881680291007B8DF80C002E
:10564800A8680169049105A928788DF814008DF8D7
:105658001C30CDF818D0204609F01CF8012000E0D5
:10566800002009B0F0BDDFF8BC11086070472DE9D3
:10567800F041DFF8B4512C6880460F4600F069F815
:10568800002630B90020BDE8F081206800B9264620
:1056980004462CB120794045F7D1A7600120F2E7F4
:1056A8000C2001F05FFC0028ECD00022026080F89A
:1056B800048087602968002914BF30602860EDE7FE
:1056C80010B559490A6800E0126852B103681179A7
:1056D8001C7DA142F8D191680029F5D0BDE81040A1
:1056E8000847012010BD01F03DBC10B50446104626
:1056F8000A460146204609F04FF8204610BD03E04F
:1057080011F8013B00F8013B13465A1E002BF7D154
:105718007047002818BF01F026BC704701700A0ABC
:105728000B0C090E42708370C170001D7047002277
:105738003B4B03EBC201496811B10978884203D099
:10574800521C082AF5DB02E013F8320070470020EB
:10575800704710B501460022314800EBC203586873
:1057680010B10478A14203D0521C082AF4DB00E0EF
:1057780010BD002010BDF0B58BB007460C4615468D
:105788001E462C21684609F03BF8397A8DF800103E
:10579800032906D1082239460DF1020001F0D8FB91
:1057A80003E011B13988ADF80210797A12988DF8B2
:1057B8000A107989ADF80C10810744BF01228DF8D1
:1057C8001C20C10644BF01228DF81D20010744BFDB
:1057D80001228DF81E20810644BF01228DF81F206A
:1057E800410644BF01228DF82020000644BF012154
:1057F8008DF821101398119B109A27788DF82200A4
:105808008DF81470ADF816500693ADF824600A921E
:105818002078FFF78CFF694608F040FF0BB0F0BD19
:105828000C680020787000207C700020C0F3C751FD
:10583800D1F19E0108DD020242F00042CA4002EBAB
:10584800E07282EAE07070477FEAE07080F0004022
:1058580070470100F8B50D2805462DD201F084FBEC
:10586800DFF8EC371A7800240146BAB100265FFA4F
:1058780086FC2820DFF8DC7710FB0CFC6744787C7A
:10588800000904D0761CF0B21028F0DB06E0521EA6
:105898003C461A70607C40F0F0006074084601F0E5
:1058A8006EFB4CB1280014BF04F11C000020A0615D
:1058B800E57504F10C00F2BDFFF79BF940F20131E8
:1058C800884206DB05F11006B0B201F0E5F80400E5
:1058D80001D10020F2BDB1B200F08EFE280014BF45
:1058E80004F110000020E060E5722046F2BD38B5F2
:1058F80004462079C0F30210022806D1E06820B1DE
:10590800A17A022908BF01F02EFB6079000910D0A6
:1059180001F02AFB05461C21204608F071FFDFF83C
:1059280030070178491C01702846BDE8324001F073
:1059380026BB2046BDE8324001F0C2B82DE9F04749
:105948000F46DFF81417B1F8D42105460026287948
:10595800C0F30219C40900F00F00C240D5F8008056
:10596800D00704D51CB92846FFF7C1FF33E001F082
:10597800FBFADFF8E8268246506800213B4602E041
:10598800014650F80C0C08B30768474502BF077971
:10599800C7F3021CCC4504BFFF09A742F0D1761C0F
:1059A8001F0013D0F7B2BB42EAD150F80C3C45F8BF
:1059B8000C3C5468A04208BF556009B141F80C5C22
:1059C800002140F80C1CFFF792FF00E00546504606
:1059D80001F0D5FA0DB1012000E00020BDE8F08704
:1059E80070B501F0C1FA0646DFF870064468002574
:1059F800456005E0204654F80C4CFFF778FF6D1C15
:105A0800002CF7D1304601F0BAFAE8B270BD2DE9A2
:105A1800F0430C468FB0200448BF84F4004000F1E6
:105A2800CB80E007DFF8346640F1BA807078002850
:105A380084F001091BD100F11808FFF7DAF80027F4
:105A480040F20111884213DAB078401CB070C0B23D
:105A58001F28A4BFB770FFF7C3FFB078052190FBDC
:105A6800F1F101EB8101401A03D000F0ADF895E0A7
:105A7800B770301D01F049F90400F8D0162106F17D
:105A8800080008F0BDFE21791625080910F0070066
:105A980003D0022852D014D359E0C809E57A0590FA
:105AA80004970397029701F00F01E068019006F14F
:105AB8000800A27A009216352389E28805F090F949
:105AC80044E0E179FF290CD02C20DFF894254143EC
:105AD80055181E2207A92846FEF780FD074605F13E
:105AE8001808E0680168069107AB217902790497E4
:105AF800001D03930290552306F10800D519CA0921
:105B0800059206AF3922009201970C2201F00F018D
:105B180005F066F91A35010018D198F81000010748
:105B280015D5FF210020009102900190A179E0791C
:105B3800D8F80C7055230C22B84708E0E288E068D2
:105B4800E57A01F00F0105F009F9163580B9DFF89B
:105B580014150020652D087002DB00F030F804E011
:105B6800307800F0C8F849F0010900F028F812E090
:105B7800607900F00F01022908DC411C61F3030081
:105B880060712146301D01F000F9002400F01CF876
:105B980000F015F814B12046FFF7A9FE48460BE0BF
:105BA800A00708D5002171700121307801F012F8A2
:105BB80084F0020000E000200FB0BDE8F0833078E8
:105BC8003222012100F070BD012070704FF47A720A
:105BD8003078022100F068BD4FF6F07300F00F0036
:105BE80003EA0213184340EA014070472DE9FE4FCB
:105BF8000C9DDFF874A48B46904699460027002632
:105C08001AE0F1B22C22DFF85804514308444378D3
:105C18005B4510D090F828100A060CD5446A54B198
:105C2800002002900195FE2000904B4642465946BE
:105C3800F0B2A0477F1C761C9AF80010F0B2884298
:105C4800DFD3DFF828040278FF2A08BF0770BDE811
:105C5800F78F2DE9FE4F8B46DFF810148146087840
:105C680090461E4648B10C99009100240194434681
:105C78005A464946FF20FFF7B9FFDFF8F4130E9D97
:105C8800086820B900F07DF901D5280030D0DDF88A
:105C980034A0DFF8C8735046FFF7DCFD040020D0BD
:105CA800424659464846FFF797FF2060524609F09A
:105CB8000F0040EAC5102071A4F806B0A4F80880C7
:105CC800A6720C99E06801F043F9102E0CBF03216D
:105CD80001212046FFF732FE18B92146381D00F091
:105CE800DEFF00F007F8387803B0BDE8F04F4CE16C
:105CF800BDE8F78F3878012100F06CBF03B583B099
:105D080000F00FF8292340F2024106E003B583B002
:105D180000F007F8212340F20541FFF79AFF05B08C
:105D280000BD0021022204AB0291019200930022DF
:105D3800704738B5044684B00D461046FEF7C2FDDC
:105D4800CC49096808F060FD03900421002003AAEB
:105D58000290019100923923002229462046FFF73C
:105D680078FF05B030BD7FB500F065F800F03CF86D
:105D7800FFF75CFD00F022F84FF480720BE07FB56E
:105D8800BD4E00F059F800F02FF8FFF74FFD00F076
:105D980015F840F2031240F604312046FFF759FF88
:105DA8007FBD7FB5B54E00F047F800F01DF8FFF74E
:105DB8003DFD00F003F84FF48372ECE7ADF80C00FA
:105DC800002503A800900226029501962923704712
:105DD8007FB500F030F800F007F8FFF727FD00F076
:105DE80013F840F20552D6E72946FFF7D3BA7FB534
:105DF800A14E00F021F8FFF7F7FFFFF717FD00F0BD
:105E080003F84FF4A162C6E7ADF80C00002503A81B
:105E18000090022602950196212370477FB5984E7F
:105E280000F00AF8FFF7E0FFFFF700FDFFF7C6FFF5
:105E380040F20B52AFE7934E044630880D46FEF70A
:105E480041BD03B583B00021012204AB0291019248
:105E580000934FF4A262282340F604315DE7000066
:105E6800FEB5894F054638680C461646FEF72AFDEA
:105E78002146FFF78FFA08F053FD0190162001F034
:105E880071F804001ED0022020700E2280A1601C30
:105E980001F05EF804F10F07042201A9384601F069
:105EA80057F8676000203871787107F8066FC4F8F2
:105EB8000B70022000901623224640F202712846F9
:105EC80000F067F8F7BD1FB50B0018BF01230121CB
:105ED8008DF80C300292019103AC0094102300223B
:105EE8000621FFF7B6FE1FBD2DE9FC478A465F492C
:105EF8000A9D064608789046994640B10195CDF826
:105F0800008055230C2231465046FFF76FFE584B50
:105F1800186810B900F035F831D40C20FFF79AFC56
:105F280004004E4F24D00AF1010249463046FFF7DB
:105F380053FE206006F00F062079A57100F080005E
:105F480006433920A07246F01006E068267184F8EE
:105F580007A084F808900C22414600F0F9FF0121BF
:105F68002046FFF7EBFC18B92146381D00F097FED4
:105F7800FFF7C0FE387802B0BDE8F04705E0BDE89D
:105F8800F38742494878010770473222012100F01F
:105F98008BBB2DE9F047074688461400994618BF81
:105FA800B9F1000F19D03249089E086810B9FFF7F7
:105FB800E8FF0ED45FEA161A08BF4FF0010A06F090
:105FC8000F06022E0CBF00204846FFF743FC0500D1
:105FD80005D116B1204600F0C6FF002035E00022AA
:105FE80041463846FFF7F8FD286007F00F07287983
:105FF80085F80B9000F08000074347F02007002049
:106008002F71A5F806802881AE72022E08BFEC60B9
:1060180008D0E8684A46214600F09AFF16B12046A3
:1060280000F0A1FF51462846FFF788FC0B4C18B931
:106038002946201D00F033FE2078FFF75CFE20780B
:106048003222012100F030FB0120BDE8F08700007A
:10605800271D0020E04D0020C80A0000F86B002032
:1060680034570020786F00202A720020261D002057
:106078005C70002038150000AE6600009EE7000046
:106088006EBE000006660000301500004E7000204D
:10609800000025000000000603300000000000009A
:1060A8000146012001F01F0100FA01F1002000293A
:1060B8001FBF874A13680B420120704700F03F0258
:1060C800282A0ADA012200F01F0012FA00F004D090
:1060D800804A09B11060704710617047F8B500F048
:1060E8004CF81EDA00F043F81BD07B490A681043CD
:1060F800086024F0605408F044FC00F04CF83000CC
:106108001CBF032E042E02D144F4C04408E0012E23
:1061180008BF44F4804403D0022E08BF44F400545E
:1061280049E0F1BDF8B500F028F81FDA00F01FF8D3
:106138001CD069490A6822EA0000086044F000544B
:1061480008F01FFC00F027F830001CBF032E042EB7
:1061580002D144F4C04408E0012E08BF44F480444E
:1061680003D0022E08BF44F4005424E0F1BD0121FD
:1061780000F01F0011FA00F07047850005F0FC05DB
:1061880005F1804505F501250E462F4600F03F0133
:106198003C6828297047002139706F1C220AA91C05
:1061A8003A70230C0B704FEA146C05F803CF24F4F3
:1061B800C04408F017BC08F0E4FB240A3C70BDE8B2
:1061C800F24008F00FBC70B500F02CF8254600F03E
:1061D8003F022E68282A24DA012200F01F0002FA62
:1061E80000F0C243E8B13C4B29B11968084326F0D6
:1061F8006056186004E01868024046F000561A60BD
:1062080008F0BFFB0021631C2970320AA11C1A7018
:10621800350C0D70360E04F8036FBDE8704008F0B9
:10622800E1BB70BD840004F0FC0404F1804404F573
:106238000124704700F03F02282A0DDA012200F0FD
:106248001F0012FA00F007D0224A136C03431364AC
:1062580009B110607047106170470000F8B50D462D
:1062680000F03F01282931DAFFF7DCFF1B4A2668D6
:10627800137800F03F00834228D31949194F08F0DA
:10628800B3FB3740032D15D8DFE805F002050B08EE
:1062980015490F430EE0154807430BE047F4E02784
:1062A80008E006F4E026B6F5C02F0CBF47F4A02797
:1062B80047F4C02708F065FB621C390AA51C117059
:1062C8003B0C2B703F0E04F8037F78E7F1BD00000C
:1062D800C020024090200240D020024025810300C7
:1062E800E12D0200FFFFF8E7000006180000051086
:1062F800F8B504460D4601260027344203D0294646
:10630800F8B2FFF7ABFF7F1C7600F8B22028F4DB69
:10631800F1BD0100884204D040EA010C1CEB0C0FCF
:1063280070474FEA400C1CF1807F98BF804270474D
:1063380070B508F026FB06467D484068FA246FF0E1
:10634800F90560B1B0F90C108C42C8BF0C46B0F921
:106358000E1000688D42B8BF0D460028F2D12946BC
:10636800204600F005F83046BDE8704008F03ABB1A
:10637800F0B46F4BB3F90040A0421ADA6D4D6E4C81
:106388002E782568A5F5407576B2821C7543D70529
:106398002D1105EBE735803D12F1F90F2ADA4FF49C
:1063A800803505F47F4525631880206A40F0040095
:1063B8002062B3F9020088421ADA5E4C5E4A2578F8
:1063C8001468A4F540746DB2881E6C43C605241188
:1063D80004EBE634803C10F1F90F15DA4FF4803401
:1063E80004F47F4454635980106A40F00800106236
:1063F800F0BC7047FA2AA8BF4FF47F45D1DA002DC8
:10640800CFD54E4A1540CEE7FA28A8BF4FF47F44AF
:10641800E6DA002CE4D549480440E3E72DE9F047E3
:106428004448454D01782A68414E454F4FF47F4313
:106438002B63FA2131802A6A22F004022A620022A0
:10644800007829686A636FF0F9007080296A21F082
:1064580008012962F86B7468D0F8001088470FFAB1
:1064680080FAE4B1B4F90E90D4F80080D145BCBFED
:10647800B4F90C108A450FDBD145B8BFB4F90C90BC
:106488002146301D08F03EFB002022692075234676
:10649800A46849465046A0475FEA0804E2D1FFF7DE
:1064A80047FF686A00F00C006862686A10F00C0F19
:1064B800F7D139680A6ABDE8F0473520104770B54A
:1064C80084B008F05EFA1F4D0446287808BB684679
:1064D80008F080FA1C490A78019201218DF8081009
:1064E8006B461A4A3521281D08F028FA1848194B16
:1064F800816C21F0040181640322816C21F0080180
:106508008164026009211A6816680220B0470120D8
:106518002870204608F066FA04B070BD00B50E4831
:1065280081B001680A68904700B201B000BD000060
:10653800CC1B00200C1300502850094000FF01001C
:10654800B0010010786C0020C781030025640000AA
:106558000050094084010010EC01001001680A682D
:10656800104702689368184702681369184770B59E
:1065780008F007FA18490546087860B90122174853
:106588000A7004783CB1164E304656F80C1B4A691E
:106598009047641EF8D12846BDE8704008F022BA3A
:1065A8000000000030B50C4C237881B000227BB18C
:1065B8000A4C2578A8420BD209B900BF0CA100EB00
:1065C80040029200064B98189B589A6990470246D9
:1065D800104601B030BD000055720020F679030066
:1065E8008C16000002A1D1E90023C0E900237047FE
:1065F8000000000001000000002208F0D1B864008B
:1066080062B38B0708D0521E11F8013B00F8013B1A
:1066180000F024808B07F6D1830740F0208000BF6C
:10662800103A07D330B4B1E83810103AA0E838105F
:10663800F9D230BC530724BFB1E80810A0E808100D
:1066480044BF51F8043B40F8043BD20724BF31F85B
:10665800022B20F8022B44BF0B7803707047121FDF
:1066680017D35B0009D151F8043B20F8023B1B0CFF
:10667800121F20F8023BF6D20BE051F8043B00F859
:10668800013B1B0A20F8023B1B0C121F00F8013BC0
:10669800F3D238BF121D521E24BF11F8013B00F877
:1066A800013BF8D87047E80300238EE001238CE013
:1066B80070B504460E4600F057FC054631462046A4
:1066C80000F0E5F804001AD0206806F0B2FA204677
:1066D80008F051FC754881688C4203D121698160BA
:1066E80005E001460869A042FBD1206908612046FF
:1066F80000F039FC284600F042FC002070BD284616
:1067080000F03DFC022070BDF8B505460E4600F0CD
:106718002BFC04463146284600F0B9F8002750B152
:10672800006806F097FA624A13684FF47A71B1FB71
:10673800F3F3B0FBF3F7204600F021FC3846F2BD36
:10674800F8B55A4E00F010FCF468054654B12769B4
:10675800204608F010FC204600F005FC3C00F6D16D
:106768000020F0602846BDE8F24000F008BC4F4A1F
:1067780010705160704710B50446A168207900F088
:1067880029FA207B00BB206806F053FA474A906834
:10679800844203D12069906005E008460169A1425E
:1067A800FBD1216901610020D168206111B9D46051
:1067B80004E0014608690028FBD10C61BDE81040DF
:1067C8005168107800F006BA10BD2DE9F8471E464A
:1067D800374B8046894618684FF47A71B1FBF0F060
:1067E800424389B0154600F0BFFB82464946404601
:1067F80000F04DF8082704000AD0206806F019FABE
:106808002068294606F024FA206806F006FA37E0E0
:10681800142000F0A7FB040032D008232422002112
:10682800684608F062FB002E14BF05950596012105
:10683800ADF81010069400236A4629461D4808F052
:106848005BFB2060C8B184F80480C4F80890267304
:10685800002020611548816811B9846004E0014670
:1068680008690028FBD10C612068294606F0F0F978
:10687800206806F0D2F9002702E0204600F073FBFA
:10688800504600F07CFB38460AB0BDE8F08720B5DA
:1068980002460648806800E0006928B103799342FF
:1068A80004BF85688D42F7D120BD0000A46E00208A
:1068B800E80300007F670000F8B541F2FC64DFF8E8
:1068C80010562E19307901281CD02846002105F5CC
:1068D800B85201E040F8041B9042FBD3E82129603C
:1068E800002041F21462DFF8EC753060C5F8E8204A
:1068F80005F1E801796000F006F8B8607D60FC6099
:1069080001203071F1BDF8B500260027051D15F0EE
:1069180003001CBF291D0D1A00F026FB0146DFF8F5
:10692800B425112D34BF546894682068002803D515
:1069380080F0004000271AE03B0014D03368D4F8F8
:1069480000C06344AB42336011D334461846ECB1FF
:10695800401B042811D3605145F000402060D368E3
:106968005D1BD56011E0A842F1D2012726460444F8
:1069780020680028DAD1002408E0D36820681B1AB0
:10698800D360256845F000452560241D1160084640
:10699800F3E038B5040019D0DFF8385500F0E4FA10
:1069A800286054F8041C002903D42969491C29616A
:1069B8000BE021F0004144F8041CEA688918E960FA
:1069C800211F6A68914238BF69607CE131BD2DE9B9
:1069D800F04100F0C9FADFF8FC2493680024002590
:1069E8000026002709E00E4601251C4604E011D5C3
:1069F80081F00041002547460B441968B046BE4265
:106A080038BFB8460029F2D1106000F0B8FA404605
:106A1800BDE8F081002DE6D0D4F800C08C44C4F85D
:106A280000C08E19E8E710B504464FF4B850DFF8F7
:106A3800A4142060CA686260FFF7C9FF09282CBF48
:106A480008380020A06010BD80B5FFF735FF4BF671
:106A5800BE2002BD084656E708469AE702B56846D2
:106A6800FFF7E1FF01BD01207047F0B5DFF868448A
:106A780025782E460F2E0BDA1823DFF860745E4354
:106A8800BB19586000201D70D960986018745A614D
:106A98006D1C2570681EF0BD38B504460025200021
:106AA80001D1002032BD04F10C0000F05BFA28B1DE
:106AB8000560FF220481827200F10C05284632BD70
:106AC80080B508B9052002BD10F8021CFF2901D0C5
:106AD800042002BD0C3800F046FA002002BD2DE962
:106AE800F0410C00064602D10520BDE8F0810020E7
:106AF800DFF8E85300E0401CDFF8DC231378C1B26C
:106B0800994217D2C7B218214F43EA5DB242F2D177
:106B180000F02AFA8046E8192146083000F0BFF84C
:106B28004FF40041304600F055F8404600F027FA8F
:106B38000020DAE70320D8E7F8B505460E4600F04E
:106B480013FA00240021DFF8942300E0491CDFF841
:106B580088733F78CBB2BB420FD2182717FB03F3D9
:106B6800D75CAF42F2D1D1188C6801E054F80C4CD4
:106B7800002C1CBF2178B142F8D100F000FA204661
:106B8800F2BD2DE9F84380464FF000090026DFF8F2
:106B98004C43DFF8445316E000F01CF812E01822CA
:106BA8005043215C41450DD1271807F1080000F03A
:106BB800ACF88146B86800284FF40041F0B2EBD138
:106BC80000F046F8761C2978F0B28842E7D34846A8
:106BD800BDE8F2832DE9F04781468A460326002561
:106BE800BD4C18E01821BD48694347183A784A4512
:106BF8000FD100F0B9F98046786901684AEA0101C5
:106C08000160F86808B106F00CF9404600F0B7F9E1
:106C180000266D1CEDB220788542E3DB3046BDE8E6
:106C2800F08770B504460025AB4E0DE01821AB483F
:106C3800694308444268A24204D1C0684FF0FF315A
:106C480006F091F86D1CEDB230788542EEDB70BD30
:106C58002DE9F04180460C4600279F4E04E0287835
:106C6800404510D07F1CFFB23078874215DA1822D1
:106C78009A497A438D18B8F1FF0FF0D106F012FB4C
:106C880069688142EED100F06FF969690A6822EA01
:106C980004040C60BDE8F04171E1BDE8F08138B54D
:106CA80005460C4600F060F96CB1002144F80C1C54
:106CB8002A6812B92C6006E00A4652F80C1C002912
:106CC800FAD142F80C4CBDE8324058E12DE9F843BE
:106CD80004460D46904600F047F981462068002793
:106CE800002628B100E07F1C50F80C0C0028FAD1CF
:106CF800474504D229462046FFF7D1FF01264846DA
:106D080000F03DF93046BDE8F28338B5044600F09E
:106D18002BF92168002541B10D46A5F10C0100238E
:106D28000A682260FF240B608C7200F028F928465C
:106D380032BDF8B507460E4600F016F900240025C6
:106D48000021664A00E0491C634B1B7899421BDA14
:106D580018234B4312F803E0BE45F4D1D1188C68D0
:106D680001E0254614467CB1237854F80C2CB34234
:106D7800F7D1002D0CBF8A6045F80C2C0021FF22AA
:106D880044F80C1C04F8022CF7E638B504460D4606
:106D980000F0EAF8216845F80C1C256093E770B507
:106DA80004460D46164600F0DFF8A5F10C012368ED
:106DB8000A689D420CBF226046F80C2C0022FF2373
:106DC8000A608B72BDE87040D9E0F8B5424C434A7E
:106DD80065780026002311E018275F4302EB070CB3
:106DE800D75D874204D10F0018BF01278CF81070B7
:106DF8009CF810703E4318BF01265B1C2778BB42E5
:106E0800EADB07F0BEFD0746300009D1012D284610
:106E18000FD100F03EFB022000F03BFB002508E00C
:106E2800280006D1012000F09FFB022000F09CFB07
:106E38000125384607F0D6FD65703046F2BD01469B
:106E48008868496808472DE9F84189B080460F46A7
:106E580016461D0008BF022035D02C68F4B90C2056
:106E6800FFF751FD040015D00823242200216846AD
:106E780008F03BF800200590ADF8100006940023B8
:106E88006A464146164808F037F820606760A660F1
:106E9800206808B9082016E02C600CE000F064F8BF
:106EA8000546206805F0EFFE10B1206805F0C1FE28
:106EB800284600F064F82068414605F0C9FE2068BD
:106EC80005F0ABFE00200AB0BDE8F081000000002C
:106ED800601D0020CC6D002061340020CC550020BE
:106EE800476E000070B505001CBF2C68002C01D04F
:106EF800206808B9022070BD00F036F80646206800
:106F080005F0C1FE10B1206805F093FE204608F098
:106F180032F8204600F027F800202860304600F0BC
:106F28002EF8002070BD20B10068002818BF05F0B9
:106F380080BE704710B513465A1E3BB110F8013B8E
:106F480011F8014BA342F6D0002010BD012010BD5E
:106F580003E011F8013B00F8013B13465A1E002BD1
:106F6800F7D17047CFE414E580B506F06AF9ADF8BB
:106F7800000007F006FDADF80200009802BD01B55B
:106F8800BDF8020007F02EFDBDF80000BDE8024084
:106F980006F060B980B5022100F002F880B202BDA7
:106FA800012901D100787047022904D1017840787D
:106FB80001EB00207047032907D1027843788078D5
:106FC80002EB032101EB0040704704290AD1027843
:106FD800437802EB03218278C07801EB024101EB90
:106FE800006070474FF0FE30704701700A0A0B0CC2
:106FF800090E42708370C170001D704710B540B112
:10700800002300E05B1CDCB2944204D2045D8C4295
:10701800F8D0002010BD012010BD80B508F0FAF8A6
:1070280080B202BD6C48006820B1816800291CBF8D
:10703800002008477047FEB5674E1D463368144662
:10704800002B1CBF1A69002A1AD001228DF80020D3
:1070580000F04CF800279A6A1AB1DDE90001904760
:107068000746A74201D10020FEBD224634682B46C0
:10707800DDE900012569A847012801D10A20FEBDE4
:107088000920FEBD13460A4601460020D3E71CB579
:10709800514B1B680022002B1CBF9B6A002B08D099
:1070A800012400F023F88DF80040DDE9000198473D
:1070B800024690B216BD01460020E8E7BCB5464C32
:1070C80024680025002C1CBF6469002C0CD0012703
:1070D80000F00CF88DF80070DDE90001A04718B148
:1070E8000A280CBF09250A252846B6BDADF80200B6
:1070F800ADF80410704713460A4601460020DDE744
:107108007FB5354C2468002C1CBFE469002C0FD0D7
:107118000126ADF80600ADF808108DF80460DDE929
:107128000101089D0095A047012818BF002000D143
:107138000A2004B070BD78B5274C246887B0002CAD
:107148001CBF246A002C16D00491ADF81600012645
:107158000F99BDF838000C9D03918DF81460002636
:10716800BDF8341002900191ADF81860DDE9050111
:107178000095A04700B10A2008B070BD80B5009303
:1071880013460A4601460020FFF7BAFF02BDFEB5C6
:10719800114E336800251446002B1CBF9A69002A3B
:1071A80018D001278DF80070FFF7A0FF9A6A1AB16E
:1071B800DDE90001904708B909250BE0A04218BF96
:1071C8000C2507D132689369DDE900019847012849
:1071D80008BF0A252846FEBDA434002000F101039B
:1071E80010F8011B11B110F8011BFBE7C01A70471A
:1071F800F0B51C0089B005460E46174605D1002398
:1072080007F094FE284609B0F0BD08232422002187
:10721800684607F06AFEA16806916B462278ADF8C9
:1072280010203A46606805903146284607F07EFEF1
:10723800284609B0F0BDF0B5140089B005460E46E1
:10724800274F05D13B46002207F056FE09B0F0BD96
:10725800082324220021684607F047FEA16806910A
:107268003B462278ADF810206A46606805903146A2
:10727800284607F041FE09B0F0BD00B581B0009086
:10728800684607F078FE01B000BD07F065BE05F05E
:1072980098BB14480068704705F0B1BB05F0DABC2C
:1072A80000B581B005F0EFFC401E8041C043C00F1F
:1072B80001B000BD0021816001704160704705F098
:1072C800C7BC05F0C3BC05F0A8BC05F0B2BC0549B5
:1072D800096800EB5100B0FBF1F006F025B800009A
:1072E800A4180020E8030000DFF8900880687047C1
:1072F800DFF88818084490F84A01704702460020D1
:10730800022904D1012A06D140F2EE207047012A51
:1073180008BF4FF47A707047DFF8601891F84101A0
:1073280020B1D1F86C01002818BF00477047F0B5AC
:10733800DFF8484894F84201002883B040F0908074
:107348000121DFF83C68DFF83C5884F84211307BB3
:1073580084F841017168C4F86C11A868C0F38140D1
:10736800A0B9306990B12F68FFF793FFC7F30662A1
:10737800642111FB02F2B2FBF0F200230FF6410187
:1073880004F19400FFF734FF07F06CFF6846FFF73D
:1073980091FF002001908DF80000002202926B46B8
:1073A8000FF25561DFF8E07704F10C00FFF720FFDA
:1073B8006846FFF77FFF002001908DF800000290DB
:1073C8006B460822DFF8C41704F15000FFF710FFDE
:1073D80000230FF2C552322104F1D80007F0AEFAAB
:1073E800002038600023DFF8A8272C2104F1F400DE
:1073F80007F0A4FAA968707BC1F3815128B1032969
:1074080003D1012084F8390109E0032918BF0229B2
:1074180005D0012902D107F03AFF11E081B9386897
:1074280040F04000386007F0ACFAA16841F0040170
:10743800A16094F84511491C84F8451107F0D2FA67
:10744800686840070CD407F09CFAA16841F0010174
:10745800A16094F84311491C84F8431107F0C2FA5B
:10746800002003B0F0BD30B581B0002408B115008C
:1074780004D16FF00204204601B030BD8160C260C3
:1074880003610146DFF8F40607F012FB204601B05D
:1074980030BD10B5044607F074FADFF8E0160A1993
:1074A80092F843315B1E82F84331DBB233B98A6804
:1074B800012303FA04F422EA04048C6007F092FA28
:1074C800002010BDF0B581B0054607F05AFA044611
:1074D800DFF8A816481990F84A21521E80F84A2168
:1074E800D2B232BBDFF8AC0600EB850210F82550AB
:1074F8005688280623D5DFF8A07639680A6A304608
:10750800904739688A6A3046904739680A6B30462E
:107518009047DFF8881601200860DFF884060168C4
:107528008907FCD505F03F05132DBCBF2846FFF79A
:10753800C9FF204607F056FA002001B0F0BD6806E2
:1075480006D501EB86010020D1F860219047E9E7D4
:10755800DFF844160B689A6930469047304607F0C2
:10756800F9FE0228FAD1DDE710B5044607F009FA5A
:10757800DFF808168A680123A3401A438A60214469
:1075880091F84321521C81F8432107F02BFA00207F
:1075980010BD2DE9F041064607F0F3F90446DFF87F
:1075A800DC55A81990F84A114A1C80F84A2139BBC1
:1075B800DFF8E08518F8260000F03F001328B8BF70
:1075C800FFF7E7FF08EB8600478818F82600010652
:1075D8001CD5DFF8C4552A68D169384688472A6817
:1075E800516A384688472A68D16A38468847DFF89A
:1075F800AC2501201060DFF8A80501688907FCD5D3
:10760800204607F0EFF90020BDE8F081400606D5D6
:1076180005EB87010120D1F860219047F0E7DFF8FA
:1076280078150B685A6938469047384607F0AFFE18
:107638000128FAD1E4E770B507F0A3F9DFF83C6553
:107648000546307A810748BF6FF0030415D4D6F891
:10765800340101280FD10421C6F83411022000F0AA
:10766800CEF9040009D107F002FEDFF838050168F9
:1076780007F0C0FE01E06FF004040120C6F83401F1
:10768800284607F0AFF9204670BD2DE9F0470027DE
:1076980000250128A94618BF6FF0010840F01081A5
:1076A800DFF8D844D4F8340101285DD10221C4F8A8
:1076B800341107F09EFF012000F0A1F95FEA0008ED
:1076C80057D194F85A0100B1012794F8590108B12B
:1076D80047F0020794F8580108B147F00407012061
:1076E80007F0D1FD01281CBF94F83801012833D1D7
:1076F80007F0C7FDDFF8B00401680125C1F3814038
:1077080058B9DFF87C0406693EB104F19400FFF72C
:10771800DCFD07F0EEFD0020B04794F83801D8B141
:10772800DFF88804D0F8841221F08001C0F88412B0
:107738008022C0F88C2207F024F994F84611491EDB
:1077480084F84611C9B219B9A16821F00801A160ED
:1077580007F048F984F83891207ADFF83C64C107CB
:107768000FD54FF0010915E06FF004084046BDE859
:10777800F0870120C4F8340107F044FF4046BDE813
:10778800F087316ADFF828048A6890478246BAF1A0
:10779800040FF6D0484607F0BEFDB9F1000F0AD134
:1077A800BAF1010F05D1326ADFF8040453680121E8
:1077B800984707F060FD31684A693846904794F861
:1077C800540120B13168CA6A4FF48060904794F838
:1077D800530120B13168CA6A4FF481609047DFF8DD
:1077E800BC13DFF8C893012008600022C9F8002004
:1077F8000320C4F83401384607F0C9FD0128FAD13E
:10780800DFF8A0733868042000F0F9F80646DFF8BE
:10781800A41301200860002D3A6843D007F033FD17
:1078280001283FD094F8380100283BD1DFF878735D
:107838003868C0F3814078B9DFF8440305695DB161
:1078480007F04AFD502007F0FBFE0120A84704F18D
:107858009400FFF738FD01E007F00CFF012084F8E1
:1078680038013868C0F3814018B9DFF81413086983
:1078780058B9207A810608D48020C9F88C02D9F832
:10788800841241F08001C9F8841207F07AF8A168DF
:1078980041F00801A16094F84611491C84F846118A
:1078A80007F0A0F807F0C8FE082000F0A8F8064383
:1078B8000120C4F8340107F0A5FE0EB14FF0FF38DF
:1078C8004046BDE8F08730B581B0044607F059F866
:1078D80005462146DFF8A40207F014F9284601B04E
:1078E800BDE8304007F07EB810B50024022802D069
:1078F800032805D008E007F03FFF0446204610BDE6
:1079080008F040F8204610BDFEE7F0B581B007F05A
:1079180038F89A49054691F83801012450B1A64E25
:10792800A6483768D7F80CC0002301223C21E0475D
:1079380000B90024284607F055F8204601B0F0BDEC
:1079480030B581B007F01DF8044607F0A2FE8B4D54
:10795800002085F8380107F014F895F84611491EFB
:1079680085F84611C9B219B9A96821F00801A960BA
:1079780007F038F8204607F035F881488468022077
:10798800A0470546102000F03AF8012D04BF032057
:10799800A04701B030BD000030B57B4C81B06568B0
:1079A800206820EA050105406A0621601DD50420EB
:1079B80007F069FC022818BF032804D0012814D155
:1079C80007F065FC11E007F062FC06F0DAFF6B498E
:1079D80091F84521521E81F84521D2B21AB98A6818
:1079E80022F004028A6006F0FDFF280648BF00F076
:1079F80021F8A56001B030BD70470020704730B550
:107A080005465E48046881B05CB1A068284205D08C
:107A18002269E36800212846984728B92468002C81
:107A2800F3D1002001B030BD4FF0FF3001B030BDC0
:107A38000020704730B581B006F0A3FF044607F078
:107A480040FC00B9FEE706F09CFF4C4D95F8461146
:107A5800491E85F84611C9B219B9A96821F008016B
:107A6800A96006F0BFFF002085F83801204606F01F
:107A7800B9FF434884680220A04705461020FFF755
:107A8800BEFF012D04BF0320A04701B030BD70B573
:107A9800012841D107F0F7FB01286DD0374D95F843
:107AA8003801002868D1404E3068C0F3814070B971
:107AB800334804695CB107F00FFC502007F0C0FDA3
:107AC8000120A04705F19400FFF7FDFB01E007F056
:107AD800D1FD012085F838013068C0F3814010B924
:107AE8002749086948B9287A810606D42648802299
:107AF8008260016841F08001016006F042FFA968D8
:107B080041F00801A96095F84611491C85F846110D
:107B180006F068FF002070BD70BB07F0B2FB22487A
:107B2800164D0068C0F3814050B9154804693CB14E
:107B380005F19400FFF7C9FB07F0DBFB0020A04725
:107B480095F83801C0B11048016821F08001016042
:107B58008021816006F015FF95F84611491E85F8C9
:107B68004611C9B219B9A96821F00801A96006F03F
:107B780039FF002085F83801002070BD5C1A00200C
:107B880074170000AC4F00509022084073FA0000B0
:107B9800E9F70000F83A0000B80100102820086052
:107BA800282008402C200940B44F00500C200840E1
:107BB800004003400C400940A401001000A00C4004
:107BC80000B581B007F0A2FB01B05DF804EB31E726
:107BD80010B504002000C0B20B38102801D307F0FC
:107BE80080FFDFF89808847310BDDFF89008DFF88D
:107BF80090180161DFF88C184161C17B51F00101D7
:107C0800C173C17B51F00201C173C17B51F0040102
:107C1800C173C17B11F0F701C173C17B51F0100131
:107C2800C173C17B51F02001C173C17B51F0400188
:107C3800C173C17B51F08001C17305218177052192
:107C4800C177DFF844180162DFF8401841627047D5
:107C5800F8B514001D00DFF838080768DFF8346845
:107C6800012030700020DFF83018087014F002008E
:107C780015F0E041002901D100283ED0DFF81C08AA
:107C880090F90010012902DB0178491E0170DFF824
:107C9800100890F90010012902DB0178491E0170D3
:107CA800DFF80028506800280BD014F0000015F009
:107CB8008071002901D1002803D0002100205268DA
:107CC800904714F0000015F08071002901D10028B8
:107CD8000ED0DFF8D40790F90010012902DB0178F3
:107CE800491E01700120DFF8C417087007F0C4FFAF
:107CF8000020387108F098F822E0E0030ED5DFF88C
:107D0800B0070078002804D0052008F00FFF08F01D
:107D1800B8FE0020387108F0B8F80CE0A00304D5CC
:107D28000020387108F026FD05E0600203D5002028
:107D3800387108F079F82000800601D509F09AF921
:107D4800DFF85C1791F90000002808D10020DFF85F
:107D5800641708700021002009F0CBFB0DE014F037
:107D6800020215F0E043002B01D1002A05D091F959
:107D78000000012801DA07F0B4FE00203070F1BDE0
:107D880080B509B2FFF764FF01BD2DE9F0478CB05B
:107D9800DFF8244702A82168643109688847DFF8BA
:107DA800085795F90000002806D0DFF8F00690F98A
:107DB8000000002840F02A81DFF800075FF080719A
:107DC800CDE90A0106F0DDFD0600DFF8F49699F822
:107DD8000000800702D50020079007E000217D20E1
:107DE80000F06DFA079000208DF81800002002902E
:107DF80000208DF80C00DFF8AC767869002803D0F5
:107E080099F8000079698847F868002802D0F8686E
:107E180080470890DFF8AC06007800281FD0786A01
:107E280000281CD0786A804700280CD0DFF8980614
:107E380001798DF824100179DFF8902611704079C6
:107E48008DF825000BE0DFF8800681798DF8241085
:107E58008179DFF878261170C0798DF82500002027
:107E6800059003208DF81800DFF810860020A8F888
:107E780002000020C8F8080098F80C0010F0F00084
:107E880088F80C0098F80C0050F0800088F80C0076
:107E980098F81B0050F0010088F81B0098F81B00A8
:107EA80050F0020088F81B0098F81B0010F0FB0047
:107EB80088F81B0098F81B0010F0F70088F81B00E2
:107EC80098F81B0010F0EF0088F81B0098F81B00CA
:107ED80050F0600088F81B0018F11C01F42009F02C
:107EE80062FBDFF8C8A59AF80000002817D199F8B6
:107EF8000000800613D520683C3000688047C8F829
:107F0800080098F80C0010F0F00050F0020088F813
:107F18000C00D8F80800029001208DF80C00DFF85A
:107F2800B095DDE90A01CDE90001DFF8A83502AA1C
:107F38004146DFF8A4050068246850342468A04747
:107F4800A9F80000B9F90000002810D578680028C1
:107F580003D0002100207A68904741F2883102203E
:107F680000F033FA300006F03DFD00204FE0DFF866
:107F78002C050178491C0170DFF824050178491C9B
:107F880001702878401C2870DFF85005C0F8008080
:107F98000021022000F019FA00208AF80000DFF81A
:107FA80040150878002801D0802200E00022DFF880
:107FB80034351C881D884FF67F7005402A432243BC
:107FC8001A800878B8F8181060F3C711A8F81810C4
:107FD800DFF81445E08CD881608D988114F1440550
:107FE80008222900D81CFEF7B3FFE08CA8F832005D
:107FF800608DA8F830000822290018F12800FEF743
:10800800A7FF300006F0EEFC012000E000200CB0D5
:10801800BDE8F08780B5FFF7B8FE02BD38B50400AB
:1080280006F0AFFC05000021022000F0CEF9220086
:10803800D2B25FF0FF31DFF8A0040068DFF87834CF
:108048001B6818331B689847280006F0CBFC31BD25
:1080580080B5C0B2FFF7BCFD012002BD70B50600B7
:10806800DFF85444DFF870542868216854310968EF
:108078008847DFF8741491F883103200D20FB2EBFE
:10808800D07F02D0C9B201290BD1310028682268FB
:10809800583212689047C0B2832801D007F021FDFA
:1080A8000EE007F045FE3100286822685832126851
:1080B8009047C0B2832801D007F013FD07F0DCFD1C
:1080C80070BD2DE9F84384B0070088467FF00109A8
:1080D8000020009006F055FC0400DFF8DC53DFF8C0
:1080E800F8636A46052130682B684C331B6898474B
:1080F80001A80CF02DFC0197CDF80C800FF2ED08CB
:10810800790849005FEA5800400081421BD1DFF836
:10811800DC0390F9001011F1020F0BD090F9001058
:1081280030682A68383212689047C0B2812801D076
:1081380007F0D7FC002201A930682B682C331B6894
:108148009847814625E0780840000FF2C1014908A8
:10815800490088421BD1DFF8980390F9001011F10B
:10816800020F0BD090F9001030682A683832126874
:108178009047C0B2812801D007F0B3FC002201A9C2
:1081880030682B682C331B689847814601E007F05C
:10819800A8FC484640B2002801D507F0A2FC7808A0
:1081A80040005FEA58085FEA4808404503D1CF48D5
:1081B80080F800900AE07F087F000FF25100400825
:1081C8004000874202D1CA4880F800900120009000
:1081D8006A46052130682B684C331B689847200095
:1081E80006F000FC05B0BDE8F083000010B5A94C0E
:1081F800012020707FF00100BC4908700CF087FF57
:108208000CF0B9FF0020207010BD000010B57FF001
:108218000100B7490870B7480068002806D09D4C8F
:10822800012020700CF06BFF0020207010BD10B5ED
:1082380000280BD0B04C206020680069002801D1CC
:1082480007F04FFC206840689B49086010BD70B576
:108258007FF00105A54C94F90000A84208D094F9D4
:1082680000109D480068944A126838321268904796
:108278009F4E96F90000A84208D096F9001096483B
:1082880000688D4A12683832126890477FF0010002
:108298003070207070BD10B5954C94F9000010F145
:1082A800020F0BD094F900108B480068824A1268BC
:1082B8003832126890477FF00100207010BD2DE918
:1082C800FC4105000C000026002769464F2009F0F4
:1082D8006AF9EF19DFF8108298F853000CF088FF5C
:1082E800042812D1BF1C780110FA86F1CC31E4B20F
:1082F800002C3AD04FF47A70804A127890FBF2F052
:10830800CC30411811F590712FE098F853000CF01B
:108318006FFF00281AD10837780010FA86F1E4B206
:10832800002C07D04FF47A70744A127890FBF2F060
:108338004118163101229DF900008240521E7048F2
:1083480000780830424312FA81F10EE00C37F80049
:1083580010FA86F1E4B2002C07D04FF47A70674A1D
:10836800127890FBF2F041189831132D01D3282090
:1083780000E00C20411889B2604800784143880029
:10838800BDE8F68170B50025574890F853000CF009
:108398002FFF042804D105F56C55A035CC3501E034
:1083A80005F63875FEF7E0FD0600FEF772FF554B3F
:1083B80000225549514C24786543B5FBF0F0FEF78F
:1083C80042FD3000FEF7DBFD70BD70B504000D0006
:1083D800FEF7CAFD0600FEF75CFFB5FBF0F02100D2
:1083E800C9B201290DD1002804D148480068FEF718
:1083F8009AFD24E0454B00220FF24D01FEF723FDC4
:108408001DE0E4B2022C0DD1002804D140480068D8
:10841800FEF789FD13E03E4B00220FF23901FEF70B
:1084280012FD0CE0002804D13A480068FEF77BFDF5
:1084380005E0384B00220FF22901FEF704FD300059
:10844800FEF79DFD70BD000080B54FF400600DF093
:108458007FFC01BD80B54FF480500DF079FC01BD63
:1084680080B50F480178491C017000225FF08073C5
:10847800002100200EF0D2F801BD0000005E0020AF
:1084880030700020246F0020286A0020146D00201E
:10849800887100205F720020697200206C720020D1
:1084A8006B720020FC3D00006D7200206A72002093
:1084B8008C720020677200206C710020200043003D
:1084C8006F7200206E7200202870002066720020F3
:1084D80016720020897D0000587100205C71002010
:1084E8005B720020346F002028620020571D002096
:1084F800581D002038710020687100207872002013
:10850800607200207C710020330801007071002027
:10851800747100207871002010B5DFF85C290446DA
:10852800547648F202010EF0BBFE48F201012046E3
:108538000EF0B6FE2046BDE8104048F204010EF0E9
:10854800AFBE3EB505460C466B46002203212046C9
:108558000FF034FD00281EBF02990888A84214D0E5
:10856800DFF81439587E2A0003D00D8000F031FF5F
:1085780005E000220A804FF40051FEF799F8DFF871
:10858800FC08016809B12046884737BDE0B50023DB
:10859800CDE9003302460846C0B1DFF8E418042AE2
:1085A8000B7013D8DFE802F00308060E0C0011F078
:1085B80033FD0EBD01220A70694600F009F80EBDB0
:1085C80001220A70694611F053FD0EBD02200EBD4E
:1085D80078B585B005000C4618BF002C08D000F00F
:1085E800ADFF064605F11000FEF7D4FC864201D027
:1085F80002200BE001A8009090232A4600210020C9
:1086080011F098FF214601A811F032FD06B070BDA7
:1086180070B5DFF8644800F0CE05E07A86B020B97E
:10862800607E0421FEF770F8C8B1607D002815D17E
:10863800E17A8A0612D4A07B58B1A80709D5C906E1
:1086480007D400F02EFC0121042000F01DF985F06C
:108658000205E07A05F03F050543E5727EE0E17A20
:10866800A07E05F03F0529430028E17267D101216A
:10867800A17604F10E03012200215520FEF77EFDAC
:10868800A07B01285BD1DFF8FC170878012818BF08
:10869800022844D1DFF8F067306808220021FEF78D
:1086A800ADFC00283BD111F0EBFE002837D1306833
:1086B80001AA694611F062FDDFF8D017064608786E
:1086C80000281EBF9DF81400FD28022827D0DFF8D7
:1086D800C00701888E4215DA142101A806F090F827
:1086E800FF208DF8140001AB142231460420FEF758
:1086F800E5FC0C20DFF89C1746438819002202602D
:10870800426042720020A07304F10E02012155203C
:10871800FEF7F1FC0321FF2012F0D0F818E0E17A0F
:10872800072020750D4345F01005E5720021002053
:1087380002F003FD90B1002000F05FFE03E0E07A54
:1087480030B9072121750021072000F09DF805E0C8
:10875800002020750421607EFEF73CFA06B070BD4B
:108768001CB501AC00948DF805000121DFF808471D
:10877800607E8DF80410032300220A21EFE2DFF85F
:10878800F816C873704780B5002000F036FEBDE8C3
:1087980004400321FF2012F091B8E0B5DFF8D816A5
:1087A800887B58B1C87A810608D40021CDE9001128
:1087B800FFF7E9FF684612F022FB07BDFFF7E3FF6A
:1087C8004FF4FA7003F003F807BD1CB5DFF8A846AC
:1087D80001E000F0C7FAA06B0028FAD113F06CFA98
:1087E800207D082804D0012808BF002117D0E07593
:1087F8000820207512F0EBF90A2003F0C0FADFF820
:10880800B00B00780221FDF753FF00214FF48040A0
:1088180014F055F8002000F005F80021082000F0B9
:1088280033F813BD8DF800006946522015F098BB47
:10883800DFF84436187D0021062800D0704710B5AF
:10884800D86A07E0027B540603D502F0BF02027320
:10885800012140690028F5D141B1BDE81040587E9A
:108868004FF47A724FF48041FDF71EBF10BD80B5FA
:10887800DFF80416887B20B10021002002F05DFC9F
:1088880000B1012002BD00007CB50D46DFF8E845C7
:10889800DFF8F015DFF81C2B0978DFF81C6B0346AE
:1088A8005B1E607E072B5FD8DFE813F03600C00040
:1088B80008005F006E008300D600FE00012918BF83
:1088C800022951D1322200F081FD45B101202075E5
:1088D80001E000F047FAA06B0028FAD173BD002030
:1088E8008DF80000022101208DF80500A1720021F9
:1088F800E07A217500F0FD00E072FFF795FFFFF7C1
:1089080042FF12F0C8FA002003F039FAA06B0028E1
:108918002AD000F027FAF9E7012918BF022923D144
:1089280085B10321002011F0C9FF042000F04BFDA0
:1089380000F0F0F8002060754FF48051607EFDF77C
:10894800B7FE73BD01218DF805100722A27200F051
:10895800A4FA002000F051FD0020E07241F28832B4
:10896800607E0221FDF7A0FEC0E001208DF8050021
:1089780025B100F0C7F8062003F001FA00F022FD47
:10898800E07A00F0FD008DE002208DF8050035B199
:1089980000F0B8F80321002011F090FF01E0082052
:1089A800A0720021217500F00FFDE07A00F0FB00B5
:1089B80078E003208DF80500A07A10B9012184F829
:1089C8002010207E0028BCD1E06A15F030FF002876
:1089D800B7D1607E4FF48041FDF796FE0028B0D1F4
:1089E80020630021616304F12C0000F050FD607EDB
:1089F8004FF48041FDF75CFE94F8200020B1A07A86
:108A08000B2804BF0021A172217D0020062984F8CB
:108A1800200002D100F0D7FC04E0E07D062804BF66
:108A28000021E175E07A00F0F7003BE0002013F048
:108A38005BFADFF8041B0120042208708DF805207A
:108A480025B100206081062003F099F900F0BAFCF6
:108A5800E07A00F0FE0025E000208DF8050075B1F1
:108A680000F058F8042003F08AF902F058FE0D20AF
:108A7800A07200212175C82200F0A7FC0FE0A07B9E
:108A880058B1E07A052140F020008DF80510E07219
:108A980000F040F80A2003F072F90220A072E07A90
:108AA80000F0EF00E07221E005208DF80500BDB16F
:108AB800E07D20750021E17542F2080013F0FFFE09
:108AC800E07A00F0DF00E0720D21607FA1720128DA
:108AD8000CBF0D20042003F052F9FFF7A9FE05E0B2
:108AE800E07A40F020000221E072A172E06B40B110
:108AF800A07A8DF8040001A900910323607E00F09C
:108B080079FC73BD0020A0728320B18C11800221F2
:108B1800FEF7F1BA0021082013F0D1BEDFF85803A0
:108B2800807B704700207047F8B5DFF88C48DFF885
:108B3800A47A2078DFF84053401C20709EB001AB27
:108B4800742200212120FEF719FB21788DF80410EA
:108B580001AA74212120FEF7CEFA287F3978002651
:108B6800884206D2002002F018FE012808BF04201F
:108B780000D00D2003F003F9E08A4FF6FE71884219
:108B880008BF0126A08C4FF6FF71884208BF012656
:108B980036D0300034D1BB48007800281FBF0128E8
:108BA800DFF8340A0178012903D10120FFF73AFEE2
:108BB80004E001214FF4005013F081FEDFF81C1A85
:108BC800DFF81C6A087818B1287F397888420ED2F5
:108BD800012002F0E2FD012809D100206877304623
:108BE800217E11F0FAFF0646287F401C07E001208D
:108BF80068773046217E11F0F6FF06460020287778
:108C080030461FB0F0BD1CB500218DF804109A4CF9
:108C180018B100F087F80022A0E0E07E00281CBF11
:108C28002068002806D0E17600F0DBF8322003F057
:108C380007F813BD0320FFF727FE13BD2DE9F04702
:108C48008D4E13F02EF8B063002413F031F8B56B95
:108C58000027284601E080697F1C0028FBD1002DF1
:108C68005FFA87F93AD0DFF878A934E0DFF84407EB
:108C780000884FF6FF7188421CBF2A88824224D19F
:108C8800DFF834172A89488B824203D14FF6FE73E6
:108C9800984201D12879C0B16879897C884218D175
:108CA800DFF84019A8790A78904212D00DE0D5F87B
:108CB8001880504614F0F6FF0128D7D105F10C01B1
:108CC800504615F008FE0028DAD1284600F04AF888
:108CD8007F1E641C4546E0B24845E8DB726C22B151
:108CE800B06BF9B2BDE8F0471047BDE8F0871CB596
:108CF800614CA06B58B10121A17500F04AF880B110
:108D080001208DF80400A06B00F02CF803E000218E
:108D1800A0758DF8041000F005F80122032100F079
:108D2800C8FB13BD01A800900123607E70471CB5E5
:108D3800514C03210122A1728DF8042008B10022B0
:108D48000AE0E07F0328B8BF401C03DBA06B00F0FB
:108D580009F80020E0770122FFF7E4FF032100F083
:108D6800A8FB13BD10B5444B9C6B214601E00A4695
:108D7800896961B18142FAD1A14207BFA0699863AC
:108D8800886990610846FEF7EEF8002010BD0220C1
:108D980010BD3EB50446032002F0F1FFA079DFF8CC
:108DA800485802F064FFE07AAB78019004F10C00B7
:108DB80021890091A278218811F0BEFF04000ED10C
:108DC800A878010703D501214FF4004005E0DFF83A
:108DD8001C18087818B90121082013F070FD2046E6
:108DE8003EBDDFF80C28DFF80C181060086004217D
:108DF8008420FEF780B910B51F490446C87E0028B4
:108E08001CBF4868002802D10020C8760868FFF710
:108E1800E8FFDFF8DC17086860B1DFF8DC170878CE
:108E2800012806BF002C01210021BDE81040642064
:108E380002F083B9002C19BF00210320002105206E
:108E4800BDE8104020E50C49487570473EB50A4D0D
:108E58000024697520B1687E00F01FF82C7401E0C9
:108E6800A877012401A800900123687E22460121E9
:108E780000F01FFB37BD0000A00600205070002046
:108E88003B7200204A1D0020CC7000202E1D0020BF
:108E980096AF0100706B0020707E4FF48051FDF793
:108EA80007BCE0B54FF6FC710F22ADF800108DF845
:108EB800082000230122B42168460EF023F807BDDC
:108EC8002DE9F043DFF83087DFF83077DFF83067D7
:108ED8000D4698F8001068078BB043F6982940F1C2
:108EE800AA80327D42B1012A00F09680042A16D069
:108EF800062A00F096809BE0F07A8206FBD44307AE
:108F080004D505223275002105200CE0820720D502
:108F1800327B0420D307307507D5B07B30B1FFF71B
:108F2800C0FF01210420FFF7AFFC81E0012918BF31
:108F380002297DD10120F076002106F1140001609C
:108F4800032131750120FFF756FF0120FFF708FCC8
:108F58006EE000076CD5B07B06210028317557D02C
:108F680015F072F9040053D000F028FA81072ED5C5
:108F7800207800F034FA18B304980188B52912DA79
:108F8800B42202804FF47A72707E4FF40051FDF7DC
:108F98008BFB396839B1DFF86C060278FF2A0CBF01
:108FA800FF202078884700F009FAC10758BF092038
:108FB8000BD503218DF80510092200F015FA06E0FB
:108FC80000F0FCF9C10702D40E2015F02BFB00F0CD
:108FD800F5F9C2072CD5DFF83036186818B9487883
:108FE800810725D414E0207815F055FB10B10E2028
:108FF80015F018FB0C2030764A46707E4021FDF7AC
:1090080053FB03218DF805100A2200F0EDF90FE05B
:109018000E2015F007FB0BE001210120FFF716FFDA
:1090280006E00020B07230753222707E00F0CEF972
:1090380085F00400B9E1280424D4EA0440F12B8126
:10904800012918BF02290DD1307D012800F01C81AB
:10905800032804BFB17D022904D10120B075002086
:10906800FFF765FE14E10A2909D1F07A2071F16B46
:1090780029B1A01C884702E00020FFF7C4FD204664
:10908800FDF71EFD707EFDF77CFD040000F0F98001
:10909800DFF8780521780078D32958D1E18948F29A
:1090A8000102891A4FD0491E02D0891E47D0E6E72F
:1090B8000028E4D0307D0128E1D111F0E1F9002841
:1090C80004BF60880028DAD1122106A805F098FBB1
:1090D800FFF7E2FE06A9204616F0A6FABDF824001E
:1090E800400A142804DD02210120FFF7AFFEC6E77D
:1090F800DFF81C05006801AA694611F03FF8DFF89F
:1091080014150A889042074612D29DF8140010B12F
:10911800FD218DF8141001AB142239460420FDF707
:10912800CDFF0C22DFF8F0145743CA190120507202
:109138000020F07301210120FFF7A6FB9FE72046DE
:1091480015F0D5F99BE7204615F0A5F897E7327D8D
:10915800914288D198F80020012902D003295BD0D8
:109168008DE7012A18BF022A89D1617841B1317C83
:10917800727C491C3174C9B28A4201D20021DAE7F3
:10918800717D012941F288372BD002D3032901D000
:1091980016D374E702AA0021AB2010F084F802A9C4
:1091A800042200918DF80420684611F0EBF8FFF7CF
:1091B80073FE3A46707E4FF48051FDF775FA5EE70C
:1091C800012000210422B0778DF800108DF80120CD
:1091D800684611F08FF8FFF75FFEDFF84004026879
:1091E800E8E70028A5D011F04BF998B9B07C60B930
:1091F800022100228DF80810ADF800200023022279
:10920800002168460DF0C6FAD1E7306C002800D07E
:10921800804734E701208CE7012A18BF022AF8D1D9
:10922800A17821B30129F4D1607820B90221B17560
:1092380040F6B832BEE713F0DCF94FF6FE79DFF8F6
:10924800E073484504BF3888484507D0ADF800901A
:10925800A7F800906946532014F082FE14F032FA01
:1092680011F010FC00203874FFF741FD07E7607823
:1092780000287FF401AFFFF7E1FC706C0028F5D1FE
:10928800F2E785F4004090E0717D0020FFF7DEFDF5
:1092980085F4805089E0280648BF85F08000F9D41D
:1092A800A80711D5012918BF02290AD1684600214B
:1092B800C0E9001111F0A3FD18B1707E0221FDF77D
:1092C80089FC85F0020070E0280548BF85F400603D
:1092D8006BD4680622D514F0B7FF040016D0307E90
:1092E800401E3076C0B298B1707E4FF48041FDF7D1
:1092F8000BFA30B9F06A15F09AFA10B9207815F01F
:10930800CAF9707E4A464021FDF7CEF9307E10B981
:109318000B2015F087F985F0400046E0A8043CD5FD
:10932800746A4FF0000900E024683CB3D4F8048064
:1093380098F800000028F7D0F128F5DA00F04FF887
:109348000028F1D00499088820B1401E08804FF009
:109358000109E9E703228DF80520002101AAB1726D
:109368008DF80410009200F043F80020B0723968BC
:109378000029D9D098F800008847D5E7B9F1000F3F
:1093880003D0707E00F025F804E0707E4FF40051A1
:10939800FDF78EF985F4005007E0680404D515F050
:1093A800C5F985F4804000E000200BB0BDE8F083EB
:1093B8004F720020241D002034630020B06A4168E9
:1093C80048787047002020753222607E0421FDF71E
:1093D8006BB94FF47A724FF40051FDF765B902ABDF
:1093E800002203210EF0EABD01A98DF804200091A6
:1093F8000323707E00220A215BE0814A937B83422B
:1094080001D1917E49B9010004BF0021D172907346
:109418000E3201215520FDF76EBE704710B5044687
:10942800206830B91820FDF79DFD206008B10021A3
:10943800416110BD38B50446226812B9FFF7EEFF46
:1094480023E099B109680D881046437A4C7AA34203
:1094580002BF43894C89A34204BF0388AB4203D0AF
:1094680040690028F1D101E0002032BD02F1140466
:1094780001E000F1140420680028FAD11820FDF753
:1094880071FD206010B100214161206832BD70B5C6
:109498000446216861B1254606E000F11406FDF78F
:1094A80062FD00212960354628680028F5D1206032
:1094B80070BD2DE9F84380460F4616465FEA03095A
:1094C8001CBF089D002D13D009F10200C0B2FDF7A2
:1094D800E3FA04000CD04A462946A01CFDF738FDE3
:1094E8002770667021464046BDE8F443FDF7F7BA99
:1094F800BDE8F1834249C8637047010012BF0121EA
:10950800002000213E4A91741064704701001CBF7E
:109518003B49486470473A4928B10022CA7301217F
:109528000120FFF7B1B900228A74487D421E4A75AE
:10953800012101208AE40000431D0020F8B54FF600
:10954800FF7506462F46102416F8010B082100F077
:1095580018F88021BAB27F0002F40042084218BF0E
:1095680082F400421AB187F4805787F0210749082E
:10957800F0D1641EE8D11021B8B200F002F86840BA
:10958800F2BD10B502460123491E002003FA01F17D
:1095980006E00A421CBF9CB2204309045B00490C48
:1095A8008CB2002CF5D180B210BD10B5144C00203F
:1095B800A07614F0B2FE607E0421FDF779F8607E93
:1095C8000421FDF745FB0020E072BDE81040FFF7DD
:1095D8001FB800004F1D0020417200204E1D0020C2
:1095E8000C180020311D0020E46E0020DE1700203A
:1095F80094700020041800204A1D0020507000209C
:10960800A0060020FC060020BC6B00202E1D0020B8
:10961800CC70002096AF0100706B002090180020DD
:109628004A6300202DE9F04F9FB00121FCF71BF899
:10963800DFF83029DFF83019DFF8305904920020BC
:109648000190009000234FF47A72DFF8E80B02F0E3
:10965800D3FB0499086008232422002116A805F0EA
:10966800C1FC00208DF8700016AA002105F12C001D
:1096780005F0D5FC05F12C00A86203F013FEA96AD9
:1096880005F11402FDF7F1F9687305F1180200F00D
:10969800C9FBDFF8081C087005F11C0200F0C2FBCA
:1096A800A8730020E873287414F06AFDDFF8300B03
:1096B80090F8260004281ABF082800200420DFF8A4
:1096C800246BDFF8248B7178DFF8204B01F0FB0165
:1096D800084300F0F7007070B8F83670307800F082
:1096E800FC00F9B240EA9110307016F009FA687C73
:1096F80000281FBF00216974607EFF2804D0012262
:109708000121012016F09CFADFF82C9B002089F833
:1097180000008DF8040001AB00F036FC78B901A810
:1097280000900123002201211020FDF7E9FC30B947
:109738009DF80410B8F82900014089F80010F807CE
:10974800DFF8901B02913AD400218DF805100DF135
:109758000503012203211020FDF76DFC78BB0DF1F4
:10976800050000900123002203211020FDF7C8FC0A
:1097780028BB9DF80500DFF8607B401C8DF80500CC
:109788009DF8050004280EDB002000F04FFB00F0D8
:10979800FBFF687B64222021FCF786FF388840F0B5
:1097A80002003880C3E100F041FB687B41F270722F
:1097B8002021FCF779FF388840F001003880DFF875
:1097C8001C1B087810B1012016F0C0F9002016F013
:1097D80085FD16F0EDFE0020288128804FF6FF79E0
:1097E80017F060F804228DF825200122DFF8F01A1E
:1097F80007918DF824208DF820208DF826208DF8EB
:1098080018208DF828208DF82A2000210746059178
:1098180003228DF829108DF82720ADF8229005A98C
:10982800687B04F04BFF16F0FAFE8DF8050016F081
:1098380016FFDFF8101D087808B900F0E7FE687B0E
:1098480034210DF02DFD687B00210DF029FD0FF26C
:10985800D052012101200DF0E5FD442105A804F0B6
:10986800CFFF01218DF852108DF853108DF82C1070
:109878008DF82D108DF82A108DF82B108DF82610E4
:109888008DF827108DF829108DF828108DF82E10D6
:109898008DF82F108DF824108DF8251005A9687BF8
:1098A80004F0F4FEDFF83C1A00200870FF220821BB
:1098B800DFF8340A04F070FFDFF8301ADFF8302AD6
:1098C800DFF8303A002008804FF0FF301060186051
:1098D800DFF8240AA0F80090002017F0CDFA607E87
:1098E800FF2834D0DFF8140ADFF8141ADFF814AAB6
:1098F8000160012018F0A3FADFF80C0A90F8009034
:109908004946504618F0B6FB4946504617F071FDD7
:10991800697BA86A002217F09FFDB4F8090008B90E
:10992800B8F86B00DFF8E419DFF8E4290880D4F808
:109938000D001060B4F80B0018B998F89C0100F0FD
:109948007F00DFF8D0190880012017F095FA0FB1D1
:1099580017F055FAB8F85800DFF8BC494FF47A7B8D
:109968000BFB00F020602346042205211020FDF7A0
:1099780062FB60B903A9039000910423002205212A
:109988001020FDF7BDFB10B10398206002E02346CC
:1099980001F060F916F0F9F8052014F0F1FB002148
:1099A800DFF87829C8B2105C002863D1491CCBB213
:1099B800082BF7DBDFF86849FBF7BAF92046FDF713
:1099C80084FCFDF766FC5946B1FBF0F1DFF8540959
:1099D80041432046FDF775FCA87B401C8DF800002C
:1099E800684618F0FEFB9DF80500012118F020FFDD
:1099F80019F011FA08F5CE70DFF80C2CC0781BFBB3
:109A080000FB0100C2F800B018BF01200299DFF87E
:109A1800182908700020107019F099FA00F0E9FB75
:109A28000023DFF80829DFF808090921FDF71BFDE5
:109A3800029930780A7800F0BF0040EA821030704E
:109A480004206F7BFDF728F804000AD00421FCF7F6
:109A5800D3FD942020700121E17038462146FDF79E
:109A68003EF8012000F025FC0020FBF7A1F800F0EB
:109A78003BFE5CE0A96A05F1200200F0D4F9E87326
:109A880005F1240200F0CEF9287493E719F0C3FA1F
:109A9800686990B1FDF768FA6C6900216961FDF7A2
:109AA8006EFA687B214600F045FC0446FDF75CFA37
:109AB80069690C436C61FDF762FAA96949B1002034
:109AC800A861DFF8D8271078FBF7A1FFA969084338
:109AD800A861E96939B10020E861A87B00F09CFD24
:109AE800E9690843E861296A39B100202862E87BFE
:109AF80000F0C0FD296A08432862696A39B100206C
:109B08006862287C00F0B6FD696A084368623078AC
:109B180081060CD56869E969AA690843296A10436E
:109B2800084307BF686A0028A86A03F07AF9A86A98
:109B3800DFF8349B4FF0FF3103F015F900280AD104
:109B4800F5E7012000F0B5FB204604F0CDFD10B983
:109B58002046FCF7B5FF687BDFF8F0ACFDF711F89D
:109B6800040000F03F812078D62806D119F084FA45
:109B7800E078002118F05CFEEAE7D328DFF8EC7AF9
:109B88002BD1E08934280FD119F076FADFF8E01AE2
:109B980000200880A9F800003870707800F0E30011
:109BA800707019F0A4FAD3E70028D1D1A07C082856
:109BB800CEDB287B062818BF0728C9D1A169DFF8A2
:109BC800240B14F088FE0028C2D0686940F40030E5
:109BD8006861A86A03F025F9BAE79AF8000008B1A5
:109BE80019F019FA2278687B7178623A032A43F6E9
:109BF800982A0ED9121F12D02C3A00F08980921E92
:109C080025D0313A00F0CF80521F7AD0521E75D03D
:109C18009AE7880698D5504619F08FFD94E7A07A00
:109C2800801DFCF739FF07008ED0A0793870218994
:109C38007980A07A3871A27AE168781DFDF788F9F1
:109C4800384618F05FF83846FCF73AFF7CE7E078CA
:109C58002873012810D101F0F30171703078C10622
:109C68000AD440F01000307000F0EEFA20B1DFF8AE
:109C7800EC1A012016F0B7FC95F90C10B9F8002081
:109C8800012000FA01F10A4206D11143A9F8001097
:109C98000020012119F0D1F919F029FA287B0128AF
:109CA8000DD0062810D0029A3178137801F0BF0140
:109CB80041EA83113170092818BF072804D0687B4E
:109CC8004021FBF729F83FE7707841070FD440F0AF
:109CD80004007070504619F0E1FE002038705046BC
:109CE800717841F02001717019F027FD03E041F20D
:109CF800883019F0D3FE15F048FF25E704F0EBFC97
:109D080022E700218DF80010694604F0E0FC1BE70B
:109D1800608AADF81600A08AADF81800A07B8DF80F
:109D28002300208AADF8240020798DF8220002282B
:109D38001CBF01280F2808D0032809D10822A11D1B
:109D48000DF11A00FDF704F902E0E088ADF81A00F9
:109D5800E08AADF82600207E8DF82800607E8DF818
:109D68002900E07E8DF82A00207F8DF82B00607F87
:109D78008DF82C00A07E8DF82D00206A0C9004F13F
:109D8800240001788DF834104188ADF8401001792D
:109D98008DF84210C188ADF8381080680F9005A87A
:109DA8000DF078FFD0E6207988B1012815D0052874
:109DB800F8D1E1780D29F5D0049800684FF47A714C
:109DC80002F04DF8DFF86C0402F03EF8BCE6012022
:109DD80000F06FFA00F088FCB6E6E07800287FF41F
:109DE800B0AEF7E717F0A8FE9AF8000000280ED0EA
:109DF800DFF8F02ADFF8EC341078197841B1002840
:109E080005D10120107019F006F919F0FBF83FE6AA
:109E1800002803D00020107019F0E0F836E60000A2
:109E280000000004A96A0020FCF71FBE80B58DF869
:109E380000006B46012203211020FDF73FF901BD08
:109E48004BA270B5D2E900568AB004A90024C1E932
:109E58000056ADF802408DF800406B4600F094F8CB
:109E6800002800F07D806B46012201211020FDF7BB
:109E780025F90DF1020202218320FDF703F990B9BB
:109E88000DF10203022200218320FDF777F9DFF8A4
:109E9800142BBDF802101088884204D002218320B8
:109EA800FDF729F9012402AA08212D20FDF7EAF877
:109EB80088B902AB082200212D20FDF75FF908229E
:109EC80002A904A819F0E8FF28B104AA08212D2046
:109ED800FDF711F9641CDFF8D05ADFF80414296083
:109EE8000020019001AA04218420FDF7CBF880B955
:109EF80001AB042200218420FDF740F9286801996C
:109F0800884206D0019001AA04218420FDF7F3F8C5
:109F1800641C200020D006A817A11022FCF780FBA3
:109F2800B14890F85A1006AD102908BF00F15B053A
:109F38006220FDF7C0F801462A466220FDF7DBF8EB
:109F48000020ADF802006320FDF7B5F801460DF1D9
:109F580002026320FDF7CFF8044901204874204627
:109F68000AB070BD64700020A9A20000C4130020CC
:109F7800FFFFFFFFFFFFFFFF01030507090B0D0FA1
:109F880000020406080A0C0D012201211020FDF729
:109F980052B870472DE9FE4F0020DFF8101ADFF89D
:109FA800102ADFF8109A46F2020349F8203041F8E7
:109FB8002020401CDFF8003A1C78C0B28442F2DA54
:109FC80000218DF80010684616F0EFFB002800F01D
:109FD8000581DFF8E409017801910024A0460026F4
:109FE8004FF0202ADFF8D409CC49855D8F5D7E4883
:109FF8007D4980198919407A3831002814BF0B78B7
:10A00800002303F0030CDDF804E09B0500F03F0299
:10A01800964514DB002818BFA84210D01B0E0ED19D
:10A02800BCF1020F08BF4FF4005006D0BCF1010F7D
:10A038000CBF4FF480404FF4C04049F822006A48F2
:10A048008019407E002814BF0A7C002202F0030118
:10A05800DDF804C0920500F03F039C4511DB0028A1
:10A0680018BFA8420DD0120E0BD1022908BF5046C6
:10A0780005D001290CBFDFF84809DFF8480949F87D
:10A088002300002D51D0019805F03F0B58454CDBBB
:10A09800012F18BF022F03D00E2F18BF0F2F02D188
:10A0A800DFF820093FE03946F0B219F09DFFA0B96A
:10A0B8003946F0B219F06AFF78B90A2F03D0062F93
:10A0C8000DD00D2F18D14FF48060DFF8541B895D37
:10A0D800022907D14FF400510AE0062FF3D14FF4BB
:10A0E8000060F2E701290CBF4FF480414FF4C041F2
:10A0F800084340F4000016E0384619F037FF20B155
:10A10800002C0CBF2C46A8460FE0DFF8140B805D2E
:10A11800022808BFDFF80C0B05D001280CBFDFF8B8
:10A12800080BDFF8080B49F82B00761C082EFFF601
:10A1380059AF9DF80000002818BF002C14D004F077
:10A148003F04B8F1000F0CBF04F1010808F03F0804
:10A15800DFF8DC0A40680462C0F82480DFF8D40A1B
:10A1680049F8280049F824A0204B597EFF2935D00A
:10A17800987DDFF8CC2BDFF8CC4BDFF8CC5B00F018
:10A188003F00107001F03F01DA7D02F03F022270BB
:10A198001B7EDFF8B84B03F03F0323702970DFF80C
:10A1A800B04BDFF8B05B2184E561247EDFF8A85B63
:10A1B80005EB8414FF2504F8380F6270A370E5706E
:10A1C800DFF8FC4B49F82240DFF8F82B49F820204B
:10A1D80049F82320DFF8F00B49F82100BDE8F78F94
:10A1E800346300204E700020C80A0000EC0F000005
:10A1F800704730B599B06846642104F001FB3549D1
:10A20800087801248DF8084090B100214FF40050DF
:10A2180012F055FBDFF8F043DFF8B05B21680391DB
:10A22800012200F00BF821680391022200F006F8E1
:10A2380019B030BD886A002029720020ADF81020BE
:10A248006946687B04F016BA7CB500200721002215
:10A258000023DFF87C5BEE5C0DF803605B1C082BC9
:10A26800F9DBDFF8705B0023EE5C9219401C0FE00D
:10A2780000206EBDC6B2032EF6D1E85CD2B24240D1
:10A28800C8B21DF80060B242F2D100220020491E77
:10A298005B1C202BEED301206EBD0000F86B002064
:10A2A800DFF8280B416941F400314161806A02F00E
:10A2B800B8BD80B5002819BF02218DF80010002212
:10A2C8008DF80020DFF8040B407B694604F0F2F9B2
:10A2D80001BD0000796F0020FC7100204C70002047
:10A2E80000F8FF072B72002058140020FE71002090
:10A2F8006014002064140020161D0020AC140020F7
:10A3080000840C243C110000B3AF0200027200204C
:10A3180058700020007200205C700020D86F002068
:10A328004867002080EE360041720020134C000080
:10A33800B86D00202DE9F843DFF89C7ADFF89C8A95
:10A348003878DFF8885AC0090E4611D0687B20217A
:10A35800FCF740FCB8F8001041F00401A8F8001020
:10A368000021387800F07F003870002018F065FE72
:10A37800700008D516F073F97249087808B900F02A
:10A3880045F986F08046B00305D5687B694604F038
:10A39800A6F986F40036B00703D515F0F6FB86F06B
:10A3A8000206700513D5297B06290ED1DFF8B40BF8
:10A3B80000780121FCF70EFC02F00AFA00211420B3
:10A3C80018F03BFEAA490120088086F480663046D2
:10A3D80018F0A8FE08B186F40066F0070ED5DFF87D
:10A3E800880B018840F2E9339942ACBFA1F57A7134
:10A3F8000021018086F0010619F0A8F97006DFF83F
:10A408006C4B25D5797801F0EF01797015F0B3FB25
:10A41800DFF85C0B7978C28EC908520A01F0010195
:10A4280002F001020A4081F00101C901FF2019F080
:10A438008DFBDFF8400B0068002804BF2178002955
:10A4480004D008B94FF47A7019F028FB86F040065A
:10A45800300606D500220021FE2019F077FB86F091
:10A468008006B00449D518F007FE787843F6982995
:10A4780081064CBF4A466422687B4FF40061FCF7B2
:10A4880013F9012015F062FB287B002812BF012870
:10A498000120FFF70EFF287B02281CBF0028012897
:10A4A80002D07878810602D5484619F046F9287B0B
:10A4B800062818BF072801D0207838B17878810697
:10A4C8004CBF41F288300A2019F0E8FA0024DFF87E
:10A4D800A87A0CE0E1B22C22DFF8A00A5143421816
:10A4E800136A1BB10022E1B2FF209847641C397837
:10A4F800E0B28842EED386F40056F00407D518F08F
:10A50800B0F90021012018F0F3F886F4805670079E
:10A5180029D516F084F8DFF8681ADFF8687A0A781F
:10A52800104218D001214FF4FA7018F086FD3878DF
:10A53800401CC1B2642907D10020387000F024F90A
:10A548000FE000BF926D002038706422687B042100
:10A55800FCF7AAF805E0387818B10021397016F030
:10A568007EF886F00406300707D50121012018F08F
:10A57800BFF816F074F886F00806F0050CD5002030
:10A5880019F05EFD30B9687B4FF496724FF4807114
:10A59800FCF78AF886F48076B00505D5DFF8E82957
:10A5A8000121117086F40076B00003D519F0B5FECC
:10A5B80086F00056F1060CD5A44A107808B118F0B8
:10A5C8002AFD687B4FF47A721021FCF76DF886F04B
:10A5D8001006B00614D5B8F800500021A8F80010ED
:10A5E800E80744BF0020FFF721FCA80748BF00F098
:10A5F800CBF8E80648BF00F08EF886F0200000E0AF
:10A608003046BDE8F283000060700020687B642259
:10A618004FF08041FCF748B870B50C468B490546A9
:10A62800087808B118F0F7FC200402D584F400403B
:10A6380070BDDFF89807817B8D4213D10025012674
:10A64800AE40F6B2344209D000220021E8B215F03B
:10A65800A5FE0121E8B219F0FCFB74406D1CE8B2BC
:10A668000828ECDB204670BD7E6F00202E7200208B
:10A678007C6F00202DE9F04281460C46200448BF3B
:10A6880084F400402CD4DFF84457E87B002818BF36
:10A698005FEA090123D081451CBF297C89451ED169
:10A6A8000026DFF8D47816E00120B040E1B201427C
:10A6B80010D0F3B22C20DFF8C4284343D018036A23
:10A6C80043B1E97B894514BF00200120C4F3072268
:10A6D800F1B29847761C3978F0B28842E4D300206A
:10A6E800BDE8F08218700020DFF88408DFF89C18B5
:10A6F800B0F86B00C87048F22222000A0871DFF82F
:10A708009008036862F30F030360887800F0F30091
:10A71800887012F0FBBB38B504F08AFFDFF87428A4
:10A72800DFF8743800211160187860B1012506241B
:10A73800E8B215F0F3F94FF4967019F08FFE641E25
:10A7480085F00105F4D1DFF85408016804F070FFC2
:10A75800DFF84C1801200860FEE700005D2D0200BC
:10A76800E0B500F00DF800F046F810B1002001F057
:10A7780085F8FCF78EFD00F047F8FFF7CCFF07BD22
:10A788000221FF2010F09AB83EB50122012100F005
:10A798002FF80122032100F02BF80422052100F0F4
:10A7A80027F80D22062100F023F80024E0B2FAF77A
:10A7B8005BF80546A9B21020FCF769FC0246A9B26D
:10A7C80000F016F8641CE0B20828EFDB0321FFF75D
:10A7D800D8FFFFF7D5FF00F00EF810B1002001F008
:10A7E8004DF8FCF756FD00F00FF8FFF794FF37BD62
:10A7F8001020FCF7CCBC68460021C0E900110121FB
:10A808008DF8051010F0FBBA4FF47A72B2FBF0F035
:10A818004FF4FA61484302F087BD38B505460C4647
:10A828000CF0E4FD1CB1C188DFF8A0251180047D7F
:10A838000CB1092C01DB002032BD204615F04CFF7D
:10A8480010B1601E2870012032BD00003372002054
:10A8580080884FF47A7110FB01F080B218F06DBF58
:10A8680070470146DFF86405008818F081BD8088CC
:10A8780018F09BBD1CB5044601216846FFF7CDFFC3
:10A88800B0B19DF80010DFF8E806014491F83810DF
:10A898009DF80000890819F0A7FB48B19DF8000051
:10A8A8000021F9F773FE207094F90000002801D503
:10A8B800FF2016BD9DF8000016BD3EB500F014F847
:10A8C800FF280DD000F013F8628821789DF9044024
:10A8D800DFF8A8062C2514FB05F5284419F0AFFE6F
:10A8E80037BD000034720020044601A8C2E723796E
:10A8F80003B101230120009070477CB50546FFF79E
:10A90800F4FFFF28044621D0287800280CBFFE2138
:10A918000121AB78FFF7ECFF2C269DF90400DFF846
:10A928005C5610FB06F60022A81919F088FEDFF81D
:10A938009C04008800281EBFDFF86816CA8A824275
:10A9480004D000220021204619F000F973BD3EB55D
:10A95800FFF7CAFFFF2824D09DF8040019F0A0FFD4
:10A9680001466278207840B95018FF2803DBFF2998
:10A9780017D0FE2107E0511805E08A4202DB81B1B9
:10A98800012100E0891AFFF7B2FF2C2562889DF9A2
:10A998000400DFF8E84510FB05F5C9B2601919F0A5
:10A9A8004EFE37BD241D002094700020D45A00208C
:10A9B8009B9F00005441002025810300E06F002088
:10A9C800004000200060002080B5084681680091A2
:10A9D80083798188008818F018FD02BD2DE9F04FB1
:10A9E800044687B0E07ADFF88C650025012813D08B
:10A9F800042811D0062818D0082800F091800A28C9
:10AA080000F0EA800B2818BF0D280DD012281CBFB3
:10AA18001428162808D0FAE060690378002100E0BD
:10AA2800491CCAB29A42FBD3F0E0676938788000C3
:10AA380000F101094846FCF795FA5FEA0008EAD0F8
:10AA48004946FBF7D9FD3878DFF85C15DFF85C2557
:10AA580088F800000291A946DC490092019115E0AE
:10AA6800BBF8040008B90298408C306028B14FF454
:10AA78007A714843306019F011F8334600F0EAF86B
:10AA88008AF8005009F101005FFA80F938788145A9
:10AA98003CDA0E22791C12FB09F201EB020B08F1D9
:10AAA800010000EB890ABBF80110AAF802108C21FA
:10AAB8009BF800008AF801008AF8001002980278D2
:10AAC8009106DFD4BBF80100002818BF5528D9D15A
:10AAD8000198407B4021FAF71FF90198407B8021BB
:10AAE800FAF71AF90098017801F00301017000994A
:10AAF800487800F081004870BBF806000028B2D002
:10AB08004FF6FF718842ABD10020AEE720680121E3
:10AB18000391434600F090F80CF081FE404658E05F
:10AB2800D4F8148098F80090C9EB091909F10109C3
:10AB38004846FCF717FA070069D04946FBF75CFD61
:10AB480098F8000038704FF47A7231684646B1FBC5
:10AB5800F2FA4FF6FF79A8462FE0701C08EB48017F
:10AB680008447A1CC8EB081302EB030BB0F8011079
:10AB7800ABF802108BF8015086218BF80010ABF867
:10AB88000590ABF807906B46D4F800C0B0F80120E8
:10AB9800BCF804109CF814000DF010FA48B18BF8BA
:10ABA80000509DF806108BF80410ABF805A0ABF820
:10ABB80007A008F101005FFA80F830788045CCDB07
:10ABC8002068012103913B4600F036F80CF07CFE2A
:10ABD8003846FCF7C8F91AE0636904A80021002286
:10ABE800002680E846008DF818100126DFF8C0031B
:10ABF80001784A1C0270206803960291019600951C
:10AC080004A98288007D0CF008FF00E00125606936
:10AC180008B1FCF7A8F9284607B0BDE8F08F000096
:10AC2800E86F002000240020004400200064002079
:10AC3800B417000000448000A27A01910292616872
:10AC4800C90801F0010181F001010091811D82888C
:10AC5800007D7047042205211020FCF72FBA2DE94A
:10AC6800F84F90B0002590464C1CAB46DFF8409357
:10AC78000FF2543A0C908DF8211057E000228DF80D
:10AC88002C2070881AF070FA32E05FFA8BF20E20EE
:10AC9800C84942438E18E7B23378BB4244D10621F3
:10ACA8000C98ADF8221008AB41680A788DF820207E
:10ACB8000DA800900DF122029DF82100414618F0E0
:10ACC80083FD0746FF2F2FD0BDF8221030461AF01B
:10ACD80030F948B39AE80C1009A981E80C1070788B
:10ACE8000028CBD001218DF82C107188ADF82410E4
:10ACF800012230798DF82D000DAB99F800000490F1
:10AD0800411C0792069300200292009289F80010D5
:10AD1800039001909DF82030BDF82220059709A9DD
:10AD2800E0B20CF0F6FB6D1C0BF1010BA2490A789E
:10AD38005FFA8BF09042A8D3E8B211B0BDE8F08F6B
:10AD48002C1D00202D1D00202A1D00202B1D002059
:10AD58007C16002000350C00B0160020F0B5034624
:10AD680087B0084604A900240025002681E8700061
:10AD7800ADF81040012591490C888D49ADF81A406D
:10AD88008DF8195002270C788DF81870651C0D7015
:10AD98000126401C039602940196009604A9C0B2AD
:10ADA8000CF03BFE040008D00B484178CA0604D4D6
:10ADB80041F01001417014F0D6FE204607B0F0BDF6
:10ADC800026000200002002001020020C4130020BD
:10ADD800F0120050680C00004E700020FC7100203A
:10ADE8002DE9F0478AB006468946149D90469A4652
:10ADF800232101A803F004FD01200027002D1CBF1A
:10AE08002C78002C0AD0232C08DA2246691C0DF174
:10AE18000500FCF79DF8601CC0B22746169C21006F
:10AE280013D0E119491C23290FDC3FB1232805DA87
:10AE380001AA2C211154401CC0B27F1C159901ABEA
:10AE480022461844FCF784F8E719139912988DF8EC
:10AE58000470F070A6F801A0716001229DF804004A
:10AE680070B11820B0726F211C203181A6F80F0034
:10AE7800422101A8C6F80BD003227174C6F812004B
:10AE88003270494642463046FFF768FF04000CD14D
:10AE9800179850B1B8F1060F18BFB8F1120F04D1C6
:10AEA800424649463046FFF7DAFE20460AB0BDE87A
:10AEB800F08770B50546424802780123AB4088B058
:10AEC8000E461A421FBF2A4A5219507A002801D04A
:10AED800012E44D03B48405D010740D40820FCF7D0
:10AEE80041F804003BD00821FBF786FB14F043FE31
:10AEF8000120207055212122A4F80110E270ADF83C
:10AF0800106004A9616002208DF81C000021ADF8D2
:10AF180014100122294801882548ADF81E108DF823
:10AF28001D202346017802914A1C027001200390DB
:10AF3800002101910091681C122205A9C0B20CF0F1
:10AF48006CFD10B114F00FFE06E0012E04DC0622A1
:10AF580029462046FFF783FE2046FCF704F808B090
:10AF680070BD00004F72002006720020261D0020D0
:10AF7800C80A00005C7000202A72002034570020A4
:10AF8800AE6D0020AD6D002070140020E46E00202E
:10AF980080700020340009404C7000202C200940AB
:10AFA8007C05204334630020FE0A00000472002060
:10AFB8002C72002088680020BF5F0300241D002039
:10AFC800946E0020A46D0020000000000000000026
:10AFD8000000000010B5DFF8BC49A07302204FF64E
:10AFE800FE712072218011F0FBFA13F087FC04F146
:10AFF80048001AF0EAF900F091F900F09DFEBDE86A
:10B00800104016E238B51AF0A4FEDFF88859E86B4C
:10B0180030B1E86B0468FBF7A6FF002CEC63F8D1AD
:10B0280031BD70B50D462904DFF8686916D4EA0702
:10B038001CD5012000F0A3FEDFF84C090078B17C94
:10B048000F230F2200F0070013F069FC85F00100C0
:10B0580070BD00F081F92046FBF732FDB07BFBF7AD
:10B0680090FD0400F5D185F4004070BDE90612D5C5
:10B07800307C13F0CEFCDFF814090178012907D1E0
:10B08800DFF80C09007864224FF40061FBF70CFB31
:10B0980085F0100070BD290702D585F0080070BD45
:10B0A800E90511D5DFF8F00890F82600082818BF40
:10B0B800042806D10F2011F076FD022100200FF0A0
:10B0C800FDFB85F4807070BD69070AD50321FF2058
:10B0D8000FF0F4FB04F0ACFADFF8C01801200860A8
:10B0E800FEE72946BDE8704010B50C4620060DD590
:10B0F80000F082FA00F0D2F80120FEF77EF9012173
:10B108000320FDF7C1FB84F0800010BDA00504D525
:10B1180000F0A2FA84F4007010BD200504D51BF0DD
:10B128002DFB84F4006010BD600504D51BF04AFBBC
:10B1380084F4806010BD002010BD2DE9FE4F8046CC
:10B1480089461BF0DFFBDFF84078DFF84C48B97818
:10B15800DFF84058A1730026287C38B90FF077FB38
:10B16800A07B01070BD58DF8006004E0080706D521
:10B1780001218DF800106946522012F0F1FE17F0F7
:10B18800E6FE00F05CF8824640B900F09EF8824680
:10B1980094F9180001218140A96305E011F04FFCE2
:10B1A80011F078FC1BF054FBBAF1010F4FF6FF7B4E
:10B1B80033D100F050F8FBF730FF00F07F06DFF8DE
:10B1C800E0070168A963FF2002210FF077FB4FF623
:10B1D800FE70E0826083A4F824B0002011F0FCFC2B
:10B1E800DFF8C40801784644643601290CD1B9F166
:10B1F800010F03D100201BF011FB05E06846002178
:10B20800C0E900111BF00AFB224674212120FBF73C
:10B2180072FF022100200FF051FB5046FFF7F2FEAB
:10B22800D84506D00120287400F0EFFAB0B200F03B
:10B2380007FDB87811F06AFE5046BDE8FE8F10B5DC
:10B248000FF02DFB0024800703D50020FEF7D5F86A
:10B258000124204610BD10B5DFF82C17DFF8480888
:10B268000A780078DFF82C4702F0F80210B90220BB
:10B278000A7011E0012808BF42F0010203D0022839
:10B2880002D142F002020A70DFF8A80812F00AFDA3
:10B2980010B1042103206174A07410BD80B5DFF8DB
:10B2A800F406017C05290CD100F0A2FA062000F072
:10B2B80066FD00F038FD00F0CFF9BDE8014000F070
:10B2C800EEBCBDE8014000F02EBD38B511F0B7FB6B
:10B2D80010BB11F0F9FBDFF86048D8B1DFF8B456BD
:10B2E80011F087F9288028B9DFF89C06017801F069
:10B2F800F80101700320A8740021DFF89C0680F88B
:10B30800261000F1390105F1400013F0F3FA00208E
:10B31800208032BD00212180012032BD00B585B0DA
:10B328001121684603F06CFA6A4611218120FBF767
:10B33800A9FE78B96B46112200218120FBF71EFF78
:10B3480040B99DF8000028B1DFF83C06017841F0CB
:10B358001001017005B000BD80B5DFF84C17037807
:10B368000978DFF83026012B0FD0022B23D01A2BB7
:10B3780004D0D32B06D0FD2B33D02FE0BDE80240FC
:10B388000BF0E6BFBDE802402CE0107C022828D173
:10B39800012918BF022924D1FDF7C0FB18B1FDF718
:10B3A800C3FBF0B166E210F07CFC00B10120BDE8FF
:10B3B8000240FDF728BC012918BF022911D1DFF886
:10B3C80068070078072818BF082804D1D17B11B96D
:10B3D8000121FDF759FABDE801405CE0BDE80240F3
:10B3E8003EE001BD10B5044686B0E0892138012849
:10B3F80013D947F6DF71401A012818D8204614F0EF
:10B40800DCF8040013D0207818B96088211D13F0E7
:10B4180077FD2046FBF7A7FD09E0207B38B9694690
:10B42800204614F0A9F86946204613F0CDFC06B072
:10B4380010BD10B5DFF85C45A07B48F201010BF0A8
:10B448002FFFA07B4FF400410BF02AFFA07B2121A6
:10B458000BF026FFA07BBDE8104022210BF020BF97
:10B46800DFF8441602780978042A04D0062A08D09E
:10B47800082A0AD07047012918BF02290AD11AF0F0
:10B488008FBC012906D11AF066BD012914BF022913
:10B498001AF075BD704738B5DFF8F854297CE87B99
:10B4A800032908D00A29DFF8E04431D1217801F0D6
:10B4B8000701012934D130BBA87B1021FBF78AFB97
:10B4C800012000F06AF940B90121082011F0F7F9CC
:10B4D800052000F054FC012016E0287C03280DD13B
:10B4E80000F0DDFBDFF840060178022906D10120D3
:10B4F800FDF783FF01210220FDF7C6F9BDE83240C0
:10B50800062000F03CBC0020BDE83240FDF70FBC2F
:10B51800042918BF0D2903D00E2918BF0C2961D1A1
:10B5280030BBDFF81028E87400211170012000F00A
:10B5380034F900281EBF287C0D280E280BD10121C4
:10B54800082011F0BCF9052000F019FCBDE83240D4
:10B5580042F210703BE1062000F011FCA0780107D0
:10B5680004D501214FF4004011F0A9F900F0DEBA2A
:10B57800A87CDFF8001801282DD1E87C401CC2B255
:10B58800042A22DA09884FF6FF72914217D1002166
:10B59800A974E87412F096F80FF074FAA07801070D
:10B5A80004D5DFF8C4050278012A24D1A87C032831
:10B5B80021D1BDE834400121082011F080B90122D1
:10B5C800042303216A736B74E2E7DFF8E4170A784F
:10B5D800012ADED1DBE70328DCD1012068730022D1
:10B5E8008A70D7E739B100F05AFBA87BBDE8344030
:10B5F8001021FBF7EFBA31BDF8B584B00024DFF8AD
:10B60800985301AF00E0641CDFF8A8170A78E0B28D
:10B6180090421FD2E6B200970C2300223146072041
:10B62800FBF76EFD00F052F8A0B90822002102A82D
:10B63800FBF7E4FC0028E6D0082205F1390102A84E
:10B64800FBF786FC0020019001AB0C223146072055
:10B65800FBF734FD05B0F0BD38B58AB004A81BF07F
:10B668006AFA04AA18218220FBF745FD0024DFF8B6
:10B67800285300E0641CDFF83C0701788C4219DA93
:10B6880001AA00920C230022A1B20720FBF738FD83
:10B6980000F01CF80028EDD00998019001AB0C22AD
:10B6A800A1B20720FBF70AFDDFF88C140020088000
:10B6B8000BB030BDFF22082102A81BF0ABFC099893
:10B6C8000190611E01AB0C2289B2EAE7082202A9A7
:10B6D80005F13900FBF72EBC10B5DFF8B042234660
:10B6E800012200213220FBF749FDDFF8CC36012288
:10B6F80000213320FBF742FDDFF89402217800781F
:10B70800012906D1BDE8104064224FF40061FAF720
:10B71800CBBFBDE810404FF40061FAF7C9BFF8B5D8
:10B7280084B001A800210022002380E80E00DFF881
:10B738008416DFF864620D78002401AF0EE00097EC
:10B748000C230022E1B20720FBF7DAFC082202A949
:10B7580006F13900FBF7EEFB30B9641CE0B2A842F1
:10B76800EDD30198B8B16C1EDFF85016087890B97F
:10B77800012201980A7000F2E240DFF844160190B5
:10B78800086001AB0C22E1B20720FBF797FCDFF859
:10B79800A8130020088005B0F0BD38B58AB0FFF7BF
:10B7A800BEFF04AB182200218220FBF7E7FC00242F
:10B7B80050B9684600F0F6F8102269460DF11100FC
:10B7C800FBF7B8FB00B9012420460BB030BD38B5F3
:10B7D800DFF8C0510446A87B0421FAF795FF30B979
:10B7E800A87B2246BDE838400421FAF75DBF31BD89
:10B7F80010B5DFF8A041A07B0421FAF759FFA07B20
:10B80800BDE810400421FBF723BA10B5DFF8B445B2
:10B8180000222270012122468520FBF733FC38B92B
:10B828002346BDE81040012200218520FBF7A6BC75
:10B8380010BD0121012808BF0321DFF888251170F8
:10B84800FFE701218520FBF756BC80B54FF6FF7056
:10B858001BF0F6FFBDE8044001214FF4005011F041
:10B868002EB880B500201BF0EBFF00214FF40050EC
:10B8780011F025F8BDE80140FCF7A7BF38B504462C
:10B88800FFF7D7FF41F2883528461BF0D9FF012181
:10B898004FF4005011F013F8012C16D13D48DFF891
:10B8A800284502210174032201214173827404F1A5
:10B8B8003901403013F01EF8022084F826000FF0FA
:10B8C800E1F8BDE83140FDF770BE2846BDE83240DA
:10B8D8007DE77FB504460D4628461AF0DCF9284670
:10B8E8001AF060F8DFF8E464306850B103218DF88D
:10B8F8000810082229466846FBF72AFB3168684683
:10B908008847002120461CF0B1FCDFF8BC04818C7C
:10B91800204611F07BFF00F077F97FBD2DE9F0415B
:10B92800804616460F461D463046FBF7B5F804001C
:10B938000ED0002E18BF002D03D032462946FBF743
:10B9480007FB277021464046BDE8F041FBF7C7B822
:10B95800BDE8F08111B5DFF87C44207B81B020B1CF
:10B968000021217313F01AFC0CE0E16911B101A860
:10B97800884707E08DF801006B46A07B0222012171
:10B98800FFF7CCFF002016BDE46E00203C720020BB
:10B998004F720020CC170020346300207C05204320
:10B9A80094700020002100220023002580E82E004A
:10B9B8007047F8B50546DFF81C04016A19B1284636
:10B9C800BDE8F4400847DFF814643468274609E006
:10B9D80020886988884202BFA0782979884215D0D2
:10B9E8002746A469002CF3D11C20FBF7BBFA0400FE
:10B9F80059D01C2102F004FF4FF6FE702081FF2170
:10BA0800E172306800280CBF3460BC61687AA071AC
:10BA1800297A61712879A07069882180287B20752E
:10BA2800297A012906D005F10D0104F10C0012F064
:10BA380061FF05E0FF22082104F10C001BF0EAFA7F
:10BA4800DFF89C03AA7A017891422CD26879012800
:10BA580002D0FDF763F830B3A87AA27A00218242B7
:10BA680003D2E87A102806DB06E0904204D1E87A8F
:10BA7800E27A904200D20121E87928B9DFF8480338
:10BA88002A88438B9A420AD129B128882081A97A29
:10BA9800A172E87AE072E87908B101212171A879E8
:10BAA80008B10121E170F1BD4A1D0020FEB5DFF8A3
:10BAB8002453DFF814630F00EF7322D111F002FE54
:10BAC80011F058FE040017D01C2102F099FE708B6B
:10BAD800208006F11C01A01C12F00CFFB08C6081C4
:10BAE800AA21DFF80003A1740078401C00EBD07095
:10BAF8004010207401206074287C10B9032000F0E5
:10BB08003EF9696A49B1F08AADF802008DF8007013
:10BB1800708BADF8040068468847A87B0023022292
:10BB28000221FFF7FBFEF7BDB4060020BDE8314057
:10BB3800B5E00000207000202272002010B50446F5
:10BB480010F04EFD0146A01C12F0C5FE012809D1D7
:10BB5800A048816A11B12046884718B9E07ABDE843
:10BB680010408BE610BD0000421D00201CB50446A5
:10BB7800A07A012814D100218DF80210207B30B959
:10BB8800ADF80010FCF7FFFD68460FF05FF9207B69
:10BB9800FFF774FE0DF10201522012F0E1F918E0EE
:10BBA80010F02BFD01462088E27A88420DD1012A47
:10BBB80007D087490B7803F00703022B05D1012032
:10BBC8002073207BFFF75AFE03E0237BA11CFFF7BD
:10BBD80080FE8048C16A09B12046884713BD012804
:10BBE80000D0704780B57B49C87C48B911F06AFD20
:10BBF800FCF794FF18B9BDE80240FDF798B839E69C
:10BC080001BD704710F0F5BC80B500F02AF808B9FE
:10BC1800FFF757BB01BDC289130400D57047E0B5D3
:10BC2800017B61B9132A0AD0017C019142F40042D8
:10BC38000092811C407C002384220BF08EF807BD03
:10BC480002006448807B1CBF0121FAF72DBD012149
:10BC5800FAF7C0BF80B500F004F808B9FFF731BBA8
:10BC680001BD5C4A907B4FF48071FAF74DBD58498D
:10BC78008A78930700D4704710B5574A1478A042C1
:10BC88000CD0087800F0F8000C2240F002008A700E
:10BC980008700C20BDE8104011F038B910BD1CB573
:10BCA80000201BF0CDFD10F09BFC044610F0A1FC19
:10BCB80047498A78002321460AF064FE00201BF0D9
:10BCC800BFFD4948017801290BD1684610F099FC5D
:10BCD80010F093FC4549464A0B781278694611F0F2
:10BCE80085FB13BD10B586B002A81CF0A3FD0400A7
:10BCF80017D09DF8080088B10F218DF814104FF661
:10BD0800FC72ADF80C2000211F2001910090234601
:10BD18009DF80820374803A90AF051FE2046FBF792
:10BD280022F906B010BD2B48807B4FF48071FAF7DA
:10BD380051BF0000BC06002030B500202549002274
:10BD4800C3B2401C01EB8304C5B2092D6261F7DB65
:10BD580030BD092803DA1F4A02EB80000CE00220FC
:10BD68007047092804DA1B4A02EB8000002103E02F
:10BD78000220704758630020416100207047154A2F
:10BD8800137C834204D010741021907BFAF722BFF1
:10BD9800704780B5FBF741F942F210710840BDE8E1
:10BDA80008400A180B48807B4FF48041FAF77CBCA6
:10BDB8004E720020C3E102003D720020397200205B
:10BDC800A87100203A72002034630020C46B002060
:10BDD800E46E0020CC170020311D002000710020E7
:10BDE800281D0020D6190300421D002040720020A3
:10BDF800411D0020381800202DE9F04389B0804605
:10BE0800894617461D46109C119E082324220021AE
:10BE1800684603F06AF80B4906964FF47A700A6888
:10BE2800B0FBF2F14D4305954F43ADF810406B461A
:10BE38003A464946404603F079F8404609B0BDE81D
:10BE4800F0830000E803000000F0E7BE80B500F0D2
:10BE58001AFF00B10120C0B202BD00F0EABE6422A0
:10BE6800514300F0F5BE010080B5DFF8E81A0A8CEE
:10BE78004FF6FE739A4203D1163112F022FD03E009
:10BE880002220272098C018001BDDFF8C80A408DC8
:10BE98004FF6FE71884201DB032000E00220704764
:10BEA80070B50B0000215478C4F381042500067A8C
:10BEB800EDB2B5421ED12500EDB2022D13D1008896
:10BEC800517994792402611889B2884209D1D078CD
:10BED8001179090208189BB280B2834201D101216D
:10BEE80008E0002106E0E4B2032C03D1511D12F052
:10BEF800F2FC01000800C0B270BD80B5017A0229C9
:10BF08000AD1DFF8501A098C0088814201D101203A
:10BF180000E00020C0B204E00100DFF83C0A12F0A3
:10BF2800BDFC02BD2DE9F84F06000C00170098462D
:10BF38005FF0000B3D7A5FF00009307D352805D0B1
:10BF48000A22390016F16400FBF702F8200602D530
:10BF58004FF6FF7A03E0DFF8FC09B0F826A014F0EA
:10BF68007F04B07D800602D50820307601E00020ED
:10BF78003076B07D400702D58020707601E0102031
:10BF88007076B07DC00602D50020B07604E0DFF8F8
:10BF9800C40990F83400B076B07DC00701D55BF0D5
:10BFA800200BB07D000701D55BF0100B7068411EB7
:10BFB800307D801E0B280DD2307D0C2807D15BF414
:10BFC800005B58465FF0020983465BF4007B5BF038
:10BFD800030B08E0307D0D2802DB5BF0010B02E06B
:10BFE800307D50EA0B0B706C002802D1F06C0028F1
:10BFF80006D05BF4007B5BF4005B5FF0020919E09C
:10C00800DFF8500990F85120012A03D13289B2F59E
:10C01800EE7F02DA5FEA0B7204D55BF4805B5FF0B7
:10C02800010907E090F85100022803D15BF4005B96
:10C038005FF00109DFF824090078002810D1DFF843
:10C048002009007800280BD096F85F00042807D153
:10C058004CF6FF7010EA0B0B5BF4005B5FF0020913
:10C068002000C0B25BEA803B2000C0B202280AD19F
:10C07800DFF8E028508D80B2000A0870481E518D04
:10C088000170411E0CE02000C0B2032808D1C81F6F
:10C098000090DFF8D018009812F02CFC0098411E90
:10C0A8005FFA89F9B9F1020F0FD12800C0B2002850
:10C0B80027D1E4B2002C24D0504680B2000A087080
:10C0C800481E80F800A0411E1BE02000C0B20028D6
:10C0D8000CD02800C0B2002808D05046424680B292
:10C0E80092B2904202D15BF0400B0AE0E4B2002C1D
:10C0F80007D0504680B2000A0870481E80F800A099
:10C10800411E2800C0B25BEA802B2800C0B202287A
:10C1180008D1388880B2000A0870481E3988017032
:10C12800411E09E02800C0B2032805D1CC1F390000
:10C13800200012F0DFFB611EEDB2002D07D0404653
:10C1480080B2000A0870481E80F80080411E0A98D4
:10C15800C0B2002802D05BF4807B22E00A00511EA6
:10C16800307D002809D0DFF8EC0790F8223090F8ED
:10C178002240641C80F8224012E0706C002809D02C
:10C18800DFF8D00790F8393090F83940641C80F80F
:10C19800394005E0DFF8BC07037D047D641C0475A5
:10C1A8001370584680B2000A0870481E80F800B024
:10C1B80031897268121A51FA82F131817060002057
:10C1C80070700020BDE8F28F2DE9FC4704000D00D7
:10C1D800160099460B9F5FF01A0A39002000C0B27A
:10C1E8001CF09FFB8046002838D00A98A8F8160053
:10C1F80088F81440DFF868070078002806D0200087
:10C20800C0B2012802D1152088F814000B22390089
:10C2180018F17800FAF79CFE0020C8F844000020C6
:10C22800C8F84C00002000904B469BB23200290011
:10C23800C9B24046FFF776FE82465046C0B2002893
:10C248000CD1E4B2E41F012C05D898F8190050F07D
:10C25800200088F8190040461CF0C4FE5046C0B2C1
:10C26800BDE8F68738B584B00400012194F8910040
:10C27800002801D051F00401C9B2E18204202075E0
:10C2880014F1840101A811F08CFDB4F88E306068B7
:10C29800401E60606068411E616094F890100170F3
:10C2A800207D401E616808702089801C2081002044
:10C2B80060640020E064002000909BB201AA032182
:10C2C8002000FFF72FFE05002800C0B2002802D189
:10C2D80020001CF087FE2800C0B205B030BD38B57C
:10C2E80004000D000520207095F84500E070A86B4B
:10C2F8006168486115F12401606812F0E2FAE88F7C
:10C308006168488195F84200616848740020616856
:10C318000876DFF8400690F852006168C87315F196
:10C3280018016068193000F045F8287C6168887346
:10C338006868017862689181401C6168898902781F
:10C3480051EA022162689181411C0878491C020067
:10C35800D2B2D20963681A7410F0070F01D0012213
:10C3680000E0002210F00700032303FB0020C0B206
:10C37800084401782172401CE060217A11F007011D
:10C38800227AC2F30212D20012EB41021044606119
:10C398006868298908446169884206D329896269DD
:10C3A8006868121A891A217403E00020207400209A
:10C3B800207231BD80B50B22FAF7CAFD01BD704766
:10C3C80080B5002004F091FF01BD80B5182109F067
:10C3D800C7FC01BD80B501780C2902DAFFF7F5FF2B
:10C3E80001E0FFF7ECFF01BD80B5192109F0B8FCA9
:10C3F80001BD38B50400DFF870552868002805D05D
:10C408002868FFF7F1FF280009F0BCFD200009F0BB
:10C41800B2FD2C6031BD30B589B004000B2100227B
:10C428000DF11905280002F0B7F92078032808D083
:10C4380005282ED0192804D01F282AD0202828D033
:10C448004FE000208DF8180014F1830103A812F0C2
:10C4580051FA03208DF81400DFF80405007800284D
:10C4680009D0DFF800150DF1020012F043FA03209D
:10C478008DF80A0007E0DFF8DC04408DADF8020013
:10C4880002208DF80A00DFF8CC04C08CADF8160045
:10C4980040E001208DF8180014F1830103A812F080
:10C4A80029FA03208DF81400DFF8B4040078002876
:10C4B80009D0DFF8B0140DF1020012F01BFA0320C6
:10C4C8008DF80A0007E0DFF88C04408DADF8020013
:10C4D80002208DF80A00DFF87C04C08CADF8160045
:10C4E80018E002208DF8180014F12E0103A812F0AC
:10C4F800E8F914F124010DF1020012F0E2F9DFF875
:10C508005404C08CADF8160014F118010DF119008F
:10C51800FFF750FF0B208DF8000060788DF80100C0
:10C5280068461DF00BF809B030BD3EB504006578CB
:10C538002800C0B200282DD1B4F88E00DFF81414FA
:10C54800C98C884200D0E82514F18401684611F0AE
:10C5580028FC6846FFF7D1FC002803D0002084F8A7
:10C5680091000FE094F89100002804D0DFF8FC0354
:10C578000078002801D0012000E00020C0B2002887
:10C5880000D1E8252800C0B2002803D12000FFF719
:10C5980069FE05002800C0B2002805D065701A2081
:10C5A8002070200009F03DFC37BD18B585B0042186
:10C5B8008DF8041041788DF80510B0F88E10ADF89C
:10C5C800101010F184010DF1060011F0EAFB0DF1D5
:10C5D8000600FFF792FC002815D04FF6FF74ADF85F
:10C5E80000406946532004F0FFFFDFF86803048425
:10C5F800417B0F2907D00F2141731DF0F3F81DF07F
:10C608003BF91DF0ADF901A81CF098FF06B010BD6C
:10C6180018B587B0040003208DF8040000208DF8B9
:10C62800050014F124010DF1060012F063F96068A9
:10C6380000788DF80E0014F118010DF10F00FFF7C6
:10C64800B9FE14F12400FFF758FC002809D04FF672
:10C65800FF74ADF800406946532004F0C5FFBD489B
:10C66800048401A81CF06AFF08B010BD78B591B029
:10C678000500002468684078400622D5B54EF08C45
:10C68800E98F88421DD1B5480078002802D000F013
:10C698003DF816E096F83000002812D015F1240075
:10C6A800FFF72BFC00280CD1012415F1180001908C
:10C6B80001200090F38C16F1160203210620FFF7E3
:10C6C80083FDE4B2002C1FD11821002202AC200007
:10C6D80002F062F808A80390290002A8FFF7FFFDFE
:10C6E8002C208DF8080002A809F09BFB9948807857
:10C6F800002803D09DF81800002805D005208DF8E3
:10C70800080002A81CF01AFF12B070BD00B585B071
:10C7180009208DF80000EE208DF8010068461CF015
:10C728000DFF05B000BD9249087070479048007829
:10C73800704770B5040002F024F905000020FFF7E7
:10C74800F2FFE4B2002C01D004F01CFF1DF04FFBF7
:10C75800804C94F9420009F039FD8048007809F0CE
:10C76800FDFCE08C09F015FD608D09F019FD14F150
:10C77800440009F01CFD00260CE07E493000C0B2E0
:10C7880051F82000002804D03000C0B251F8200031
:10C798008047761C3000C0B20728EEDB1DF0E0F8B9
:10C7A80009F0B0FA04F0A0FE1CF092F809F0D2F8F3
:10C7B800280002F017F914F12901522004F014FF9F
:10C7C80094F8430009F0AEFD1DF011FB002070BD88
:10C7D80080B509F011FB002808D01DF014FB0028D3
:10C7E80004D0022003F007FA002000E0E22002BD96
:10C7F80080B50100092009F049FB02BD1CB50320E2
:10C808008DF8020005208DF8010001208DF8040044
:10C8180000208DF8030030208DF800004FF4FA5006
:10C82800ADF806004B4C94F8530008F0E1FC0428DE
:10C8380008D105208DF8020008208DF80100142089
:10C848008DF8000094F825009DF80210884204D065
:10C858000DF102014F2004F0C7FE94F831009DF855
:10C868000110884204D00DF10101572004F0BCFEEC
:10C8780094F8530008F0BCFC032806D1C0208DF8BA
:10C8880000004FF4FA40ADF8060094F835009DF822
:10C898000010884203D069465A2004F0A5FE608E35
:10C8A800BDF80610884204D00DF10601582004F0A6
:10C8B8009BFE94F85300002810D102208DF8040044
:10C8C8000B208DF8030000208DF805007D202A49F3
:10C8D800C8810DF10501E72004F086FE01A9F720C3
:10C8E80004F082FE0DF10301E12004F07DFE13BD8A
:10C8F80080B50E208DF80000164991F881000028B7
:10C9080002D01B208DF8000091F942009DF900101B
:10C91800884203D06946E02004F066FE01BD80B578
:10C92800164817490160174941601749816017493E
:10C93800C16017490161174941611749174A0A60DF
:10C94800174A4A60886000200749088104F01AFEE7
:10C9580001BD0000286200203E6200205B720020BA
:10C96800846400206C620020B46F00205A7200209A
:10C978005C720020F86C00200C070020786D002005
:10C98800ABD1020065D40200CDD40200AD5701003E
:10C998007BD30200F1D20200946B0020F8690020DA
:10C9A8001C6E00200100C9B2022901D10120FFE755
:10C9B800C0B27047FEE7DFF898280146107D117570
:10C9C8007047DFF88C18D1E90023C0E900237047CD
:10C9D800DFF87C08C1690847DFF874180A6A10474D
:10C9E80067E16EE110B502F016F938B1DFF8BC481E
:10C9F800A06802F019F9A0614FF0FF3010BD38B5FA
:10CA0800FFF7EEFF0446DFF8A4088068002102F073
:10CA18000FF905462046FFF7E4FF284632BD70B5FA
:10CA2800FFF7DEFFDFF8BC680446B068002102F0BB
:10CA3800FFF805467069B169451BA94238BF002552
:10CA48002046FFF7CEFF284670BD70B5DFF8946822
:10CA580004460D46B068214602F0E8F83461756175
:10CA680070BD2DE9F8430D46DFF844180A680446FE
:10CA7800DFF870088758D7F804804FF0FF391AE0BC
:10CA88003E463F68B08A012815D1012C04BFF168E1
:10CA9800A94208D1306900281ABF4118F160B08254
:10CAA800F069B1698847B08A012804D1F068401B51
:10CAB800484598BF81464745E2D14846BDE8F283DC
:10CAC8002DE9F041FFF78CFFDFF818480746A0680A
:10CAD800012102F0ADF80121A1830022E2836569FA
:10CAE80022682168461B401AAA1A904203D20020E5
:10CAF800A08338462AE03846FFF773FF002706E090
:10CB08007D1929460120FFF7ACFFF61B0746BE42F8
:10CB1800F6D2FFF765FF8046E08B012804D129464D
:10CB28000020FFF79EFF0746A06917F1010F04D008
:10CB3800A069BE1BB04288BF30464119FFF785FF88
:10CB4800012000212084A18325604046BDE8F041F2
:10CB580047E770B504461D46A26000226869DFF801
:10CB68005067DFF880372061A1612146A869E0613C
:10CB7800A2823068184400F0B4F8288A18B1204618
:10CB8800BDE8704049E070BD38B50446FFF728FF9E
:10CB98000546204600F0B4F847E010B58260816190
:10CBA80000220261C36182820146DFF80447DFF890
:10CBB80034372068BDE81040184492E0A0E038B54A
:10CBC800DFF820570446288C012804BFA88B0028CA
:10CBD80017D1A868012102F02BF829686B69024671
:10CBE80028681B1A511A8B420BD3A0688118E16080
:10CBF8000123A3826C69A21A90420DD2BDE8344089
:10CC080023E7FFF7FCFEA1680818E0600120A08276
:10CC1800A98B012908BFE88331BD38B50446FFF761
:10CC2800DFFE05462046FFF7CAFF2846BDE832402A
:10CC3800D7E600218182DFF87416C0684A699042FD
:10CC480003D1DFF804190868E7E770470161704706
:10CC58008160704770B50446FFF7C2FE0646A08A99
:10CC6800002501280AD1FFF7CAFE0546E068A16839
:10CC7800451BA9423EBF2069A842002586F31188BA
:10CC8800284670BD7047808A7047704780B500F0AD
:10CC980001F8FCE738B50024DFF8B05804E068680C
:10CCA80050F824108847641C28688442F7DB31BD9B
:10CCB80000BFEFF31180202181F311887047000035
:10CCC80000BF80F31188704700E004E04060006016
:10CCD8007047000000BF426808604A601160416008
:10CCE800704738B504460D46FFF7E2FF2C606168CF
:10CCF8006960626815606560FFE7BDE83240DFE79C
:10CD08000168426811604168006841607047D0E777
:10CD1800D7E710B50446107EDFF82029207261811C
:10CD280000211068204402F03CF900212160012014
:10CD3800606010BDDFF804190A68104402F044B9B5
:10CD480038B50446FFF7E3FF0546207C022808D1E2
:10CD58002046FFF7D5FF002020742946A06800F080
:10CD68007EFC284695E070B50C468EB0054614F159
:10CD7800010F18BF002C0AD06B462246DFF8C018F6
:10CD880005A8FFF70AFF05A90391022202E0002186
:10CD9800039103228DF81020FFF7B9FF0646688932
:10CDA80088BB1CB900F06DF8002038E000F063F88B
:10CDB80000690290C0F818D000F024FCDFF87C0865
:10CDC80002686946A818FFF780FF9DF8100002283E
:10CDD80004BF0398FFF7F3FE00F053F8204600F075
:10CDE80039FAFFF794FF0446039818B1FFF7E6FEF7
:10CDF800002003900020029988612046FFF788FFF1
:10CE08009DF810000BE06889411E6981039818B1EC
:10CE1800FFF7D4FE0020039000F033F801200EB095
:10CE280070BDF8B5054600F026F8FFF770FF064616
:10CE3800DFF8080800682A5829188A4207D1287A92
:10CE4800C1074EBF01206889401C68810DE02F583A
:10CE58003A682A50516001203874F86808B1FFF721
:10CE6800E8FEB868314600F0FAFB00F00AF8204600
:10CE7800BDE8F240EEE1DFF85008048801210180A6
:10CE88007047304644E738B504460D46FFF73FFF84
:10CE98006581BDE832403BE702F07FB809E7EFF370
:10CEA8001180002108E70CE7B0FA80F0C0F11F00FC
:10CEB80070472DE9F8430446DFF86058A06AD5F8B2
:10CEC8001080EF68AE682861EC600022606AA86094
:10CED800A2830120216A616200212980FFF76BFD8E
:10CEE8008146FFF7DCFF2169E068A2689047FFF7F9
:10CEF800D5FF4846FFF75FFD01202880C5F8108060
:10CF0800EF60AE60BDE8F18338B5DFF84C482569BD
:10CF18006068FFF7C9FF616901EBC00100F084F8A0
:10CF2800606830B1FFF7C0FF616901EBC0018D4255
:10CF3800F4D331BD70B5DFF8E4472669FFF7AEFFDB
:10CF480005466068FFF7B0FF616901EBC0008642E3
:10CF580011D2DFF87407068801210180DFF8FC0789
:10CF68001CF09AFF002020802846FFF79CFF3046DF
:10CF7800BDE870406EE1002020802846D7E010B55B
:10CF8800002404E02146002002F087F8641CDFF842
:10CF9800D00701688C42F5DBDFF8C8170A68002063
:10CFA80000E0401C9042FCD34FF0FF3010BD03E07E
:10CFB800DFF8A41747E100000020002800D07047E0
:10CFC80080B5FFF76BFFDFF85427516821B1FFF7F1
:10CFD8006AFFFFF7AFFF02E01180FFF764FFDFF899
:10CFE800E816088801220A80BDE8024032E10028DC
:10CFF80000D0704738B5DFF86047606888B1FFF740
:10D008004EFFFFF74BFF25696068FFF74DFF616929
:10D0180001EBC0018D4204D200F006F860680028D8
:10D02800F3D10020208031BD086802680A60516091
:10D038000A688A4203D1616882699143616038E76E
:10D04800DFF814078068704710B50446DFF8E03849
:10D0580002F02BF8A06800B90024204610BD10B5D6
:10D06800044664602460A1601069E0605169216130
:10D07800906910F1010F08BF05206061012101FAD4
:10D0880000F0A0610020A083D1696162D069DFF857
:10D09800C826616920625069FFF7FEFEA062002081
:10D0A80010BD7047F8B50546FFF7F8FE0446A88B93
:10D0B80018B12046BDE8F240F5E60120DFF8986691
:10D0C800A883294637883080A86AFFF7FEFD716873
:10D0D800A869014371602046FFF7E5FE17B9BDE86E
:10D0E800F14027E7F1BD38B504460D46FFF7D6FEF7
:10D0F800616A0D436562FFF7D6FE2046BDE83240FF
:10D10800D0E770B50D46044615F1010F08BF052597
:10D11800FFF7C4FE06460120A840A06165612946C4
:10D12800DFF8F8255069FFF7B7FEA0623046BDE882
:10D138007040B8E6BDE5EFF311800021BCE5C0E51D
:10D1480000000000B0FA80F0C0F11F00704710B571
:10D15800DFF874450020208101E000F098FA60684B
:10D168000028FAD06068FFF7EDFFA169626901EB5A
:10D17800C000824209D2226960610068206100F122
:10D18800100102F1100001F059FD20890028E1D1B9
:10D1980010BD10B5DFF8C048208908B1FFF7D7FFE8
:10D1A80069E038B501F046FD00B3002407E02146E8
:10D1B800002001F0ABFF002100F041F9641CDFF80A
:10D1C800600801688C42F2DB0024DFF88C5806E026
:10D1D800286B50F82400002100F031F9641CDFF8B6
:10D1E8007C0801688C42F3D34FF0FF3032BD002039
:10D1F80010B594B0FFF79EFFDFF85C4801E000F03F
:10D2080046FA60680028FAD06068FFF79BFFA169BA
:10D2180001EBC0006061616908682061002020811D
:10D228000220FFF7C8FBFFF786FFFFF783FF01F037
:10D23800F0FC206900F1100104A801F0FFFC14B013
:10D2480010BDDFF88414088801220A8070470000A6
:10D25800081C0020002800D0704710B5FFF76AFFAF
:10D26800DFF864442089012801BFDFF8B01408887A
:10D278000028FFF76CFF00202080BDE810405AE727
:10D28800002800D0704710B5DFF83C4420890128F9
:10D2980001BFDFF8C41408880028FFF758FF0020F2
:10D2A800208010BDDFF8B00700697047681C0020B7
:10D2B800A0030000808F012800D0704710B5FFF749
:10D2C80039FFDFF894170446C868401EC86005D1C6
:10D2D8002046FFF734FF0020FFF77EFB2046BDE81D
:10D2E80010402CE7681C002070B5DFF86C07046953
:10D2F800058801210180FFF71DFF0646204600F042
:10D3080081F9032020752046FFF7D4FF3046FFF748
:10D3180016FF646024603CE038B50446FFF70AFF56
:10D328000546A068294694E1020000D1704730B54F
:10D338008DB06B46DFF82C1704A8FFF72EFC04A964
:10D348000391FFF7F7FE044600F0D6FB0069029050
:10D3580000F058F90398FFF732FC694601916A46D4
:10D368000092029881612046FFF7E9FE2846FFF700
:10D3780071FFFFF7DFFE04460398FFF71FFC00204C
:10D3880003902046FFF7DBFE0299002088610DB06C
:10D3980030BD2846BDE870405CE72DE9F0411746EE
:10D3A8000546B869A8600E46786A9846002803BF03
:10D3B800DFF8AC060168696268623C6A14B9DFF894
:10D3C800A806046801F03CFC421EF969D24321B367
:10D3D80038B14018401E1040241A0C192862144015
:10D3E80000E029624FF0FF30EC616862AE62386994
:10D3F800E86279692963B86A6863B88DA8870128E3
:10D4080004D1DFF85406C168491CC160414628466A
:10D4180000F015F880B1801C0EE010B10419641EEC
:10D428001440EC610246E969686A434600F0D8FE98
:10D4380000282862DAD10120BDE8F081000070B52B
:10D448000B460446DFF82426DFF8241601F0F4FB27
:10D45800206108B9012070BD012020750021A1615B
:10D46800A068DFF8F455002809D5DFF80806E16060
:10D4780021460268A8182064FFF733FC17E0A0686B
:10D4880001218140E160A168A86901F086FD20645E
:10D4980001202E882880FFF74DFE0546204600F023
:10D4A800D1F82846FFF74BFE3046FFF7D3FE0020A1
:10D4B80070BDF8B50029044642D1DFF89C753D8857
:10D4C80001203880FFF736FE0646207D012810D15E
:10D4D8002046FFF715FC206C0168814203D17A6869
:10D4E800E06882437A60A06978B1C06808B1FFF744
:10D4F80065FB207D022808D1A06968B1FFF700FC10
:10D50800A069C06808B1FFF759FB207D032803D143
:10D518002046FFF7F5FB02E02046FFF7CBFE30463A
:10D52800FFF70DFE2846FFF795FE606A10F1010F20
:10D5380005D0E269216ABDE8F84000F091BEF1BD6E
:10D548000129F2D1F1BD0000EC030000F403000052
:10D558002DE9F84F5C4EB6F800A004460120308053
:10D568000D46FFF7E7FDD4F80890A945804638D066
:10D57800002D06D5DFF8FC040168002706EB010B37
:10D5880004E0B0690127AF4000EBC50B207D0128FE
:10D598001CD12046FFF7B4FB206C0168814203D1FF
:10D5A8007268E068824372603069A04207D1C6F8A9
:10D5B80014B02146DBF80000FFF78CFB03E021469E
:10D5C8005846FFF782FB706838437060A560E760D3
:10D5D800C4F840B0002D44BF0020706101213181A2
:10D5E8004046FFF7ACFD5046FFF734FE4846BDE81D
:10D5F800F28F38B50446FFF79DFD0546204600F03A
:10D6080001F828E02DE9F0410446DFF84C54D4F83D
:10D6180040806E68E768FFF773FBD8F80010414553
:10D6280004BFBE436E602869A04204BF002169613F
:10D638000220207501212981BDE8F0813404000011
:10D6480049CD000038B50446FFF774FD0546294664
:10D65800204600F004F82846BDE832406FE52DE981
:10D66800F041DFF8F463776804468846E568206C83
:10D678002146FFF72AFB2F437760012020750121FF
:10D6880031814046FFF75BFDBDE8F04152E580B5CA
:10D69800DFF8E403DFF8E4230068904204D1FFF7E1
:10D6A8004AFDFFF7F7FA0CE050B9FFF744FD0020F8
:10D6B80001E00098401C009000980028F9D000E094
:10D6C8008047BDE8014035E5B01C0020FFF7F1BAFE
:10D6D800EFF311800021FFF7EFBA10B5FFF7F6FF5F
:10D6E800DFF89C134A698869D20800EBC202083A3D
:10D6F8000A6100244FF0FF320A6007E0214600204B
:10D7080001F0B9FA002100F07CF8641CDFF874031A
:10D7180001688C42F2DBFFF747BC0000941C002034
:10D72800F8B50446DFF86003DFF854730668F86953
:10D738000D4650F82510B1420AD17D48009029467F
:10D74800204601F0A0FAF86950F82510B14201D13D
:10D758000020F2BD2046F2BD941C002011CF00002D
:10D76800C4040000C8040000FEB51746DFF81C23F7
:10D7780005461E46DFF818031368089C008899427E
:10D7880009DBDFF8106337680191002502950097DF
:10D79800A623002213E0DFF8E822DFF8ECC2698252
:10D7A800D36953F82120DCF800309A420DD001915A
:10D7B8000022DFF8E4120B6800930292AF230146BF
:10D7C800204600F0E5FC0120FEBD084600F098F870
:10D7D800AF6070696860306A10F1010F08BFFF2000
:10D7E80028740021308B00B10121B08C08B141F0C0
:10D7F8000201E9602846214600F003F800B1801CC8
:10D80800FEBD38B50446217BB4F912008A070546E7
:10D8180002D5217C202907D2A16800F0C4F8B4F908
:10D8280012004042608209E0DFF85412486ADFF8CB
:10D83800D41240F82540284600F0B5F8217C284647
:10D8480000F0DFF8207BC10744BF284600F072F8DB
:10D858000020E06032BD012900D1704710B5B0F951
:10D868001240200048BF6442204600F049F8DFF823
:10D8780018020168204600F096F8DFF804124A6A98
:10D88800002042F8240010BD30B5DFF8F401DFF8BD
:10D898000C12C069DFF8082208600B68934210D0A8
:10D8A800002309E00F2B26BFDFF8DC41246852F87B
:10D8B800234040F823405B1CDFF8D0412568AB4289
:10D8C800F0D3DFF844324A681C68DFF8400222F4DB
:10D8D8007F4202EB042282184A602022DFF8A80265
:10D8E8008A760368CB6030BDF2E600002021EFF3B2
:10D8F800118081F31188704780F311887047000008
:10D9080010B51028DFF8A01204D300F02AF8C1F8E7
:10D9180080310AE00F2807D108690A6932F002024B
:10D9280000F002000A6100E0002000BF10BD000006
:10D93800A418002010B51028DFF86C1204D300F0EA
:10D9480010F8C1F800310AE00F2807D108690A6900
:10D9580052F0020200F002000A6100E0002000BF5D
:10D9680010BDA0F11002520901EB8201B0F11003C1
:10D97800012403F01F03D1F8000104FA03F318404F
:10D988007047000010280DD3A0F11002DFF818121C
:10D99800520901EB82031038012100F01F00814079
:10D9A800C3F880127047DFF8D820D36903EB8000F2
:10D9B80002688A4218BF0160704710B5DFF8C0409E
:10D9C80020691CF079FA0021216010BD70B502466B
:10D9D800DFF8AC0083695360446994602546287871
:10D9E800BE2803D001200023136070BD0020002949
:10D9F800F9D015F8016FBE2EFBD0691E5B1AE3182B
:10DA0800F2E7DFF8A4211028024402D382F8F013C9
:10DA18007047042828BF82F8141D704700000000D2
:10DA280030050000816042607047102804D3DFF899
:10DA380078111038C1F8000F704710B5DFF8403082
:10DA48005C6801222280DFF8D422126812B1BDE896
:10DA58001040104710BD0000B01C00204005000019
:10DA68003805000021D300003C050000F1D2000079
:10DA78009BD10000D0040000340500009DCC0000BC
:10DA8800341C0020E8010000F401000094010000AB
:10DA9800E6480000900100008C01000008ED00E05D
:10DAA800A80000002DE9F0410446FFF70FFE00F042
:10DAB80023F80122DFF8D002068802800020FEF752
:10DAC8007AFF8046DFF8E406DFF8C423416AD2F81B
:10DAD800040D00F0FF0051F82070FC60FFF7F8FD1E
:10DAE8007868B9688847FFF7F1FD4046FEF763FF9D
:10DAF80006EB0520BDE8F081DFF8880205880121E2
:10DB080001807047914C0400F80100000000FA05FC
:10DB180000F0FF00FFF76BBA000AFFF7B1BB7CB556
:10DB280004460D46E169164619B1206ABE2200F086
:10DB380033FE216B01912B46E06A00903246A16AC0
:10DB4800206AE4692018001F1CF0DAF976BDDFF8B6
:10DB58007C06006870471CF009BAFFF7AAB8FFF7FF
:10DB6800B0B8DFF86C16C20744BF01230B60820708
:10DB780044BF4FF480730B60400744BF4FF48032BA
:10DB88000A60704700000000EC01000010B5DFF8E3
:10DB98004426C30748BF1160840748BF5160400747
:10DBA80048BF916010BD000000E000E020B50246CB
:10DBB8000020D2E90A2347F690611CF0CFFA01252C
:10DBC800A94228BF4FF0FF3020BD38B50C4601F000
:10DBD8002FFD050018BF0125DFF86C060068811DC0
:10DBE800201AB0F1004F05D8081BB0F1004F38BF1C
:10DBF8008C4200D20C4621460120FFF7C7FFADB288
:10DC08001DB9BDE8314001F017BD31BD2DE9F84C13
:10DC180005460C46D5E90AABD5E90C67AAFB040111
:10DC28000BFB041136184F41340C002244EA07411B
:10DC38002846FFF7CAFFC5E90E67BDE8F18C80B535
:10DC4800DFF89815086800281EBFDFF88C154868AB
:10DC5800002804D0818811B1002100F097F800F065
:10DC68000BBCDFF87815086800281EBFDFF86815B8
:10DC78004868002806D0818821B1017B002908BFA7
:10DC880000F001B870472DE9F0410746FFF765FF3E
:10DC98008046DFF8B855DFF8B8450120E86101266D
:10DCA800FFF75FFFE16A0A6A142090473969B1F506
:10DCB800802F34BF0421090C0120FFF767FF226879
:10DCC8001368232100209847DFF8A025DFF8A03546
:10DCD80001211160186800B10326DFF8981508685B
:10DCE80008B146F00406DFF8B005016821F4E02128
:10DCF80041EA06410160012028604046BDE8F04144
:10DD08002DE710B5DFF88C154C680120FFF729FFC7
:10DD18006069A169BDE8104008470000F0010000F3
:10DD2800F8B50446DFF874050D4601680E6BB04778
:10DD3800D4E90A6732463B461CF010FA3DB1A6FB0F
:10DD4800002306FB013307FB0033C4E90C23F2BDB3
:10DD5800000010B5DFF8F404DFF844450021016045
:10DD68000122C2610121216001202268FFF7F9FE2A
:10DD7800DFF880150A68136A14209847206810BDD8
:10DD880000000000B01C0020941C002038B5044698
:10DD9800FFF7E3FE05462046FFF7DBFF2846FFF7BF
:10DDA800DEFE002032BD80B500F026FF08B14FF03E
:10DDB800FF3002BD00F029BFF8B5002101A8FFF728
:10DDC800F9FF0398009004E0BE2101700099491CF6
:10DDD800009100986845F7D305B000BD00F017BF63
:10DDE8007047FEF766BFFEF767BF00207047DFF891
:10DDF80048160A68012343600021C16000230244D9
:10DE08008360104601F0CDB8DFF82C160A6810447C
:10DE180001F0DAB8F8B50646DFF8D005046984B031
:10DE2800ACB1A5680788012101807068012808D174
:10DE380000217160F460B5603846FFF70BFA0020E6
:10DE480024E0F068A04204D13846FFF703FA012025
:10DE58001CE02046FFF7CDFB002102940391C4F893
:10DE680018D02A46DFF8D03518686946304400F0E3
:10DE780047F8F0688068A84203DAF0682946FFF797
:10DE880067FB3846FFF7E6F90020A06105B0F0BD52
:10DE980000E000E038B5DFF854250546106958B3AE
:10DEA80014880123138011BBA96882689142BCBF02
:10DEB800A968FFF74DFBDFF8802510682B58291853
:10DEC8008B4202D10120686011E02A5813682B5058
:10DED80059609068E8608168A960EFF31185202196
:10DEE80081F311882946FFF7BAFB85F3118820468C
:10DEF800BDE83240FFF7AEB931BD000001207047E0
:10DF080010B50346186800E00068984207D0846896
:10DF1800A4689442F8DABDE81040FEF7DBBEBDE81D
:10DF280010401846FEF7D1BE10B5DFF8103504468C
:10DF3800186800220121204401F071F80021616075
:10DF480010BDDFF8F8140A68104401F07DB800002D
:10DF580038B50446DFF8945460682A6990420BD0BB
:10DF6800DFF8D83418684FF0FF312044FEF7FBFE85
:10DF780028696060002032BD012032BD31B9DFF868
:10DF8800BC24416013681844FEF74BBF704701205A
:10DF98007047DFF8AC14C888002800D1704738B53E
:10DFA80000240BE02146002000F06EFF0546DFF854
:10DFB8009414A8680A6890476860641CDFF88804AD
:10DFC80001688C42EEDB4FF0FF3032BDDFF87C1485
:10DFD80040680A68104710B504460869DFF87014ED
:10DFE800A0600A689047606010BD10B5DFF864341F
:10DFF80040681C68A04710BD10B5DFF85C34406865
:10E008001C68A04710BDDFF85424406813681847FF
:10E01800DFF84C1440680A68104700000020704779
:10E02800704700F0BAB9F8B505461646EA69A96915
:10E038001C463046F8F7E4FA76602CB1EA69082302
:10E048002146304600F077F8079BF668AA686969A8
:10E05800E86800F0FFF8040001D10020F2BD00F0EC
:10E06800A8F86968216004F108076A685168616066
:10E078006A6851680C606A68546000F09FF8286804
:10E0880010F1010F18BF3860286908B1716839505C
:10E098003846F2BD2DE9F8430C00064691469846ED
:10E0A80024D0089D28000ED1A4F1080700F081F8BB
:10E0B8007A683968116000223B68796859607A602B
:10E0C8003A6000F07BF85FEA090008D018F1010F08
:10E0D80002D12046C84702E041462046C8472DB92C
:10E0E8007269F0683946BDE8F843B9E0BDE8F183E4
:10E0F800F8B505460E461746EA69A9691C4638462A
:10E10800F8F77EFA7F602CB1EA6908232146384681
:10E1180000F011F86969FC6808393046F8F76CFABC
:10E12800286810F1010F18BF3060286908B16168CC
:10E1380031503046F2BD2DE9F843CE683568914636
:10E148000A689846A9EB0807521B0446BA4288BFDA
:10E158003A46F8F755FAC4F80090E0196460E060B0
:10E16800454588BF45462A463146F8F749FA44F8F6
:10E178000780BDE8F183DFF8B8130A78012A04D1D3
:10E1880018B1C06810B1012000E00020C0B270478B
:10E198007FB50A9C099DDFF89C6302940195089C51
:10E1A80035680094A8477FBD00000000341C00209B
:10E1B800FEE7DFF88403006800F050BD0146DFF891
:10E1C8007803006800F04CBD00000000FC0100006E
:10E1D80004200940182009402C1C00208801000058
:10E1E8002DE9FF41044698460E4615464046FFF77E
:10E1F800C2FF074615B9DFF844030568002C12BFB3
:10E208002046DFF83C03006843462A46314600F0C2
:10E2180019FD050013D1012F03D04046FFF7ABFFCE
:10E2280068B9DFF820030168DFF81C030091029643
:10E2380001943423018800224046FFF7A9FF2846AD
:10E2480004B0BDE8F08100003020094000002443FC
:10E258008401001080B50093002300F00DF802BD82
:10E2680010B9DFF8DC02006800F0F3BC8002244338
:10E27800800100008401000070B51E46049B0D4615
:10E28800FFF7AEFF040003D03246294600F084FAB7
:10E29800204670BD2C1C0020002009408C01001075
:10E2A8002C20094066498888002800D0704738B576
:10E2B80001228A800024DFF8945204E0686850F84C
:10E2C80024108847641C28688442F7DBDFF8801232
:10E2D800DFF880520A689047002404E0686850F824
:10E2E80024108847641C28688442F7DB31BD5448F1
:10E2F800C0887047B00100102DE9F0470C46002790
:10E308008046002CC4BFA10000F07AFA4C4EDFF81A
:10E318004802C6F800800025D0F800900CE0DFF82D
:10E328003C120A6832F8150028B159F82510002067
:10E33800884748F825006D1CA542F0DB0120F080D5
:10E34800002500E06D1CDFF8180201688D421ADA1A
:10E3580001274FF0000A12E000200DE058F82A00CB
:10E3680010F1010F07D059F82A10884748F82A00F9
:10E3780010F1010FF0D1012007400AF1010AA2456E
:10E38800ECDB002FDED01FB9DFF8D80100F008F869
:10E3980000203060BDE8F08700BF4FF0FF307047C5
:10E3A80010B50446FFF705FF204600F05BFCDFF8D8
:10E3B800B8010168BDE810400847F8B50546FFF701
:10E3C800F8FEDFF8A811DFF8A8314A681E680124B2
:10E3D800B24206DA0F6847F822504A68521C4A606F
:10E3E80000E00024FFF7EAFE2046F2BDB01C002042
:10E3F80010B5044600F00AF82046DFF878110A68DC
:10E40800BDE8104010470000FEE7FEE770B504467F
:10E41800FFF7CFFEDFF854516E6806E0296801EB7C
:10E428008602761E52F8043C9847012E2046F5DAFB
:10E43800BDE8704000F018BC5C020000BC0200009F
:10E44800F81C002098030000800300008C030000E3
:10E458008803000084030000900300009403000078
:10E468009C03000080B5DFF81001016821B1DFF8D6
:10E478000C010068F8F7C0F84FF0FF3002BD10B586
:10E48800DFF8F4100446086870B134B101E000F018
:10E4980019F814F8010B0100F9D1DFF8E410088825
:10E4A80010B1BDE8104027E010BDDFF8D4000188A6
:10E4B800012906D1DFF8C0201068002818BF00F035
:10E4C8001BB8704738B50546DFF8AC00046894B14E
:10E4D800FFF76FFE29490A684B68D5544A68521CF1
:10E4E800A2424A6003D1002201234A600B81BDE8A1
:10E4F8003240FFF763BE31BD70B5FFF75AFE0446E0
:10E5080020481E4D06682889012806D11A496868DE
:10E5180009682A68091A1044B04769682868B0472A
:10E528000020686028812046BDE87040FFF746BE9D
:10E538007E44020048050000C8050000F41C0020C5
:10E548005805000044050000DA4A00006C05000088
:10E558005C05000074050000BC050000940500007F
:10E568007C050000443B0000CC0500000C1D002089
:10E57800D4050000D0050000C0050000001D0020E3
:10E58800364D0000C40500000FB581B01BF0FEFE3B
:10E598000949212205E00FB581B01BF0F7FE0649B5
:10E5A8002222425001B00FBD80B51BF0EFFE034997
:10E5B800084402BD00000000F8710020F871002036
:10E5C8002DE9F041102705460E469046082B38BF26
:10E5D800082398B2F8F760FA040010D0267000F00B
:10E5E80037F800F03BF840B9FEF75CFEF8F719FB86
:10E5F80000F03CF80028F7D0477800F042F8384699
:10E60800BDE8F0812DE9F8430546089810260F4625
:10E61800904699460C2838BF0C2080B2F8F73CFA8F
:10E62800040012D0277000F013F8C4F8089000F026
:10E6380015F840B9FEF736FEF8F7F3FA00F016F8C9
:10E648000028F7D0467800F01CF83046BDE8F28381
:10E6580000206070A570C4F80480704721460A48FD
:10E668000078F8F73CBA08490870704721782846BE
:10E67800F8F75FBB0A4608230421A1E7FFF7C2FFAA
:10E6880002BD2046F8F71CBA467200200A46082345
:10E69800142195E70A460823202191E70A46082312
:10E6A80022218DE70A4608234D2189E70A460823D7
:10E6B8002C2185E70A460823B02181E70A4608236A
:10E6C800B6217DE70B460C210091002270470A46CF
:10E6D8000823C12174E703230022CD2170E780B508
:10E6E800FFF7F0FFC421C9E738B5044601252078B3
:10E6F800801F46D0423848D018383ED0401E3CD003
:10E70800401E012841D9801E2FD0401E33D0401E04
:10E7180031D0801E2FD0801E032836D9001F2AD062
:10E72800401E28D0401E26D0401E24D0401E02285D
:10E738002BD9C01E21D0401E23D0401E25D0C01E7C
:10E7480023D0801E21D015381FD0401E17D0C01EE0
:10E75800012884BF3038062817D91B3815D0801EE9
:10E76800012812D9093810D012E0606908B1F8F709
:10E77800FAFBE06906E0E06804E0606902E0E06A4C
:10E7880000E0A06808B1F8F7EEFBFFF77AFF00E0B9
:10E798000025284632BD0A0062F30F2262F31F42A9
:10E7A800401810F0030308D0C91A1FD3DB0748BF6D
:10E7B80000F8012D28BF20F8022D130030B41446AC
:10E7C8001546103928BF20E93C00FAD8490728BF68
:10E7D80020E90C0048BF40F8042D890028BF20F824
:10E7E800022D48BF00F8012D30BC7047C91818BF6A
:10E7F80000F8012DCB0728BF00F8012D70470A004B
:10E80800002218F00BBCE8034FF0FF0C1CEAD053B1
:10E818001DBF1CEAD1526345624543E09B1A5FEA7B
:10E82800CC7280EA010C42EA01211CEA020C42EA9D
:10E838000020421A38BF01EB420253F17E034FEA2F
:10E848001121B2FBF1F001FB102260F3D63C4FEA34
:10E858000222B2FBF1F001FB102260F3CE1C4FEA5A
:10E868000222B2FBF1F006DDFF2B29DA5CEA500048
:10E8780040EBC3507047C3F1020301FB1022192B70
:10E8880040EA4C010CF0004C41F0807121DC21FA87
:10E8980003F0C3F120039940114371F1004250EB9A
:10E8A8000C00704763451ABF0CEAD152624512E06A
:10E8B80080EA010C00180CF0004C06D049181AD157
:10E8C8000CF0004C4CF0FF407047C94208BF6FEA9B
:10E8D800020C60467047634506D1B2EB0C02F5D0D6
:10E8E80001F00041484070474A0212BF08464840BC
:10E8F80000F0004070474AB90902B1FA81F291402C
:10E9080043B19B18C00140F0004092E7C90141F0B3
:10E91800004152420002B0FA80F39840D31A88E7C7
:10E92800C10DD1F19E0104D4000240F00040C8405E
:10E9380070476FEAE0707047FFF724B8F0B51C0025
:10E948008DB005460E46174604D10023FEF7E8FEB3
:10E958000DB0F0BD082330220021684600F086F98A
:10E96800206805906B46606808903A46207AADF8B2
:10E97800180031462846FEF7D3FE0DB0F0BD00F072
:10E98800A7B9FEF7B3BFFEF7BBBFFEF7D3BF10B5FD
:10E99800FEF7ACFF0446FEF7AFFF601E8041C00FD4
:10E9A80010BDFFF742B8F0B581B004460D461646D3
:10E9B800FEF79CFF0746324629462046FFF732F805
:10E9C800384601B0BDE8F040FEF796BFFFF719B82A
:10E9D800FEF7E9BF002101604FF0FF3201234260DA
:10E9E80003727047FEF788BFFF281FBF164A526898
:10E9F80052F820308B4218BF42F820107047FF2889
:10EA080003D0114A936843F8201070470E498A686A
:10EA180052F82000704710B5FF28044612D01BF0AA
:10EA2800B7FC09480168224651F8221020461BF01D
:10EA380031FD00212046FFF7D7FF2046BDE81040F2
:10EA48000021DCE710BD00006C16002010B504465C
:10EA5800FFF797FF002161602160BDE81040FFF7D4
:10EA6800C1BF30B581B00546FFF78BFF2C683CB1BC
:10EA780021682960216800291ABF00224A6069605C
:10EA8800FFF7B0FF204601B030BD70B504460D4613
:10EA98001646FFF776FF2E60716869607168002975
:10EAA80014BF0D6025607560BDE87040FFF79ABF20
:10EAB80030B581B004460D46FFF763FF0021296099
:10EAC80062686A606168002914BF0D60256065602E
:10EAD80001B0BDE83040FFF785BF30B581B00446CE
:10EAE8000D46FFF74EFF2168296000226A60216801
:10EAF800002914BF4D606560256001B0BDE8304055
:10EB0800FFF770BF30B581B004460D46FFF739FFF7
:10EB180029686A6800290CBF62604A6069682A68C7
:10EB280000290CBF22600A6001B0BDE83040FFF741
:10EB380059BF200000B589B009216846FFF7DCFB02
:10EB480009B000BDFFF707B830B581B005460C46DF
:10EB580001E0241A054444B12246294601201BF04D
:10EB68001DFD012801DB8442F3D201B030BD00B5A0
:10EB780081B0FEF787F8DFF82402C06801B05DF8BD
:10EB880004EBFEF78FBA00B581B0FFF7B0FB0128A0
:10EB980018BFFDF70FFF0FF21D00FFF70EFCFFF780
:10EBA80060F8FFF71BF9FEF702FA01B05DF804EB15
:10EBB800FEF71DBB00B581B0FEF7FAF9FEF741FB81
:10EBC80001B05DF804EB0320FDF7F5BE10B504466F
:10EBD8000320FDF7F0FE2046BDE81040FFF708BC13
:10EBE800DFF8AC11DFF8AC31DFF8AC01DFF8D02189
:10EBF8004A611B1A8B617047DFF80401006810B185
:10EC08004069C00F704701207047FEF7DFBEFEF76E
:10EC18006BBEFEF7D2BEDFF8E800006810B180696D
:10EC2800C00F704701207047FEF7C0BFFEF7EEBF68
:10EC3800FFF776B801207047FEF771BF1BF086B961
:10EC4800FEF785BF30B581B00468A568A84701B054
:10EC580030BD10B50368DC68A04710BDFFF7C1B828
:10EC6800FFF7C1B8FFF70BBCFFF71FBC09B9DFF806
:10EC78000012FFF760BA01EB410208B9DFF8E803B8
:10EC880000EBC20070472DE9F0418EB00446149F96
:10EC98000197002000900E469046DFF8C85102AA5E
:10ECA80021462846FFF724FA009702AB4246314630
:10ECB8002046FEF759FD40B1012100910346DFF8D7
:10ECC800AC2121462846FFF7E5F90EB0BDE8F081F2
:10ECD80000B581B00146012000900023DFF88C21A7
:10ECE800DFF88001FFF7D6F901B000BD0860002207
:10ECF800272088808A81DFF870018860084670477D
:10ED0800F81C002010B588B002AA019300230093D4
:10ED18000B460021DFF8AC01FFF785F9040008BFB6
:10ED2800002003D002A9FFF75BF8204608B010BD09
:10ED380010B582B00446002000904FF0FF332168E0
:10ED4800DFF880010022FFF7A5F90021216002B059
:10ED580010BD08600022292088808A814248886086
:10ED68000846704710B588B002AA019300230093A3
:10ED78000B4600213A48FFF756F9040008BF002067
:10ED880003D002A9FFF7D0F8204608B010BD000054
:10ED9800341C002000800020007C0020681C00201B
:10EDA80010B582B00446002000904FF0FF33216870
:10EDB8002A4A2B48FFF76EF90021216002B010BDE6
:10EDC800007C002008600022282088808A8126484C
:10EDD80088600846704709B9DFF87C13FFF7ABB9BC
:10EDE80010B588B002AA0193002300930B460021B6
:10EDF800DFF86803FFF717F9040008BF002003D005
:10EE080002A9FEF7F4FF204608B010BD10B588B07F
:10EE1800034601910024009402AA0021DFF83C0374
:10EE2800FFF701F9040008BF002003D002A9FEF78C
:10EE3800DEFF204608B010BD10B582B004460020A1
:10EE480000904FF0FF332168DFF81423DFF80C033C
:10EE5800FFF720F90021216002B010BD4BDF000050
:10EE6800E402000098010000B0F100005FD8000043
:10EE7800B8010000086000222A2088808A810FF2E9
:10EE8800283088600846704701EB410208B9DFF86E
:10EE9800D40200EB8200704710B58AB002AA019331
:10EEA800002300930B4600211248FFF7BCF804002A
:10EEB80008BF002003D002A9FFF78DF820460AB04A
:10EEC80010BD00002402000010B582B004460020E6
:10EED80000904FF0FF332168DFF88C220548FFF7D8
:10EEE800D9F80021216002B010BD09B9DFF87C1201
:10EEF800FFF721B94403000070B58CB005460193B3
:10EF08000E46002300930021134602AADFF8600290
:10EF1800FFF789F8040008BF002005D002AB32468D
:10EF28002946FDF716FE20460CB070BDF0B58BB033
:10EF3800002704460D4616460197009702AA214667
:10EF4800DFF82C02FFF7D4F802AB324629462046F8
:10EF5800FDF7FFFD0BB0F0BD00B581B00146012003
:10EF680000904FF0FF33DFF80C22DFF80402FFF7C0
:10EF780091F801B000BD10B582B0044600200090A1
:10EF88004FF0FF332168DFF8EC21DFF8E401FFF7E9
:10EF980081F80021216002B010BD08B100EBC1006A
:10EFA800704730B589B004460B4600250195009599
:10EFB80002AA2146DFF8C001FFF79AF802A9204605
:10EFC800FDF782FE09B030BD00B581B001460120D1
:10EFD80000904FF0FF330022DFF89C01FFF75AF84A
:10EFE80001B000BD09B9DFF89411FFF7A4B830B536
:10EFF8008BB0054601920B460024009402AA00211A
:10F00800DFF87C01FFF70FF8040008BF002004D0E8
:10F0180002AA2946FDF77DFE20460BB030BD70B52B
:10F028008CB004460D46134600260196009602AAA7
:10F038002146DFF84C01FFF75BF802AA2946204673
:10F04800FDF767FE0CB070BD00B581B00146012028
:10F0580000904FF0FF33DFF82C21DFF82401FFF791
:10F0680019F801B000BD0000CC18002010B582B01E
:10F078000446002000904FF0FF332168DFF8042198
:10F08800DFF8FC00FFF706F80021216002B010BD90
:10F0980009B9DFF8F410FFF74EB801EB410208B9DF
:10F0A800DFF8E80000EB02107047F0B58DB00446B9
:10F0B8000D461E46002300931346354F019602AABB
:10F0C80021463846FFF714F8334602AA2946204657
:10F0D800FDF7C5FF38B10121009103462D4A2146AD
:10F0E8003846FEF7D7FF0DB0F0BD00B581B0014638
:10F0F800012000900023274A2548FEF7CBFF01B0E6
:10F1080000BD000001B92449FFF715B84C2251434E
:10F1180000B9224808447047F0B591B004460D463E
:10F128001E460023009313461D4F019602AA21464E
:10F138003846FEF7DDFF334602AA29462046FEF789
:10F148002CF938B1012100910346164A2146384668
:10F15800FEF7A0FF11B0F0BDA40200008402000079
:10F1680011DE000024190020D5DF0000C4030000D0
:10F17800A403000091CB0000FC0300005804000029
:10F18800380400003DCD00009C04000070190020E8
:10F198007C040000ABD00000F4040000D819002063
:10F1A800D4040000BBD400007B756E6B6E6F776E65
:10F1B8002D696E7374616E63652D6E616D657D007A
:10F1C80030B5ADB00BA88421FFF71AFB04210BACB6
:10F1D80021A58DF81810009401951BF0D0FA06A906
:10F1E80068461BF00DFB05000DD01422184902A833
:10F1F8001BF008FC02A928461BF04AFB04462846D7
:10F208001BF03CFB1CB14FF0FF302DB030BD00208F
:10F218002DB030BD10B5FFF7B4FB0D4A91685368A7
:10F22800D468D160936084EA94041168516081EADB
:10F23800440383EA01135C40136906491460CB1840
:10F2480013611C19FFF7CEFB204610BD000000001B
:10F258006C6E0020C5870500FF000000000000005C
:10F268000001000030494FF00040086070472F4906
:10F278000020086070472E48016841F003010160D2
:10F28800704700F031BA2B490A6813681847F0B57F
:10F2980081B00326284C294D00961C2326687768E0
:10F2A8004FF0405200212846B847012000902846D8
:10F2B8002468656809234FF400720021A84701B04B
:10F2C800F0BD00B581B000F0E4F910B900F0E1F943
:10F2D80000B1012001B000BD19481A490068C00FEB
:10F2E80003D04FF44050086070474FF480520A60D2
:10F2F8007047134814490068C00F03D04FF44150B9
:10F30800086070474FF482520A6070470D494020E8
:10F31800086000F0AFB94FF0FF32002100F08DB85F
:10F328000A4801684A68104700A10C4034000940A7
:10F3380024220840E0010010A401001000A00C40A5
:10F34800AC4F0050A8A00C4028A10C40E8010010C8
:10F3580000F03CB830B51C4B1A685B6D0021C5073E
:10F3680004D5D40701D45B0700D50121830703D551
:10F37800540804F001042143400703D5920802F021
:10F388000102114309B1012030BD022030BD30B562
:10F398000D4B1A685B6D0121C50704D5D40702D44B
:10F3A8005B0758BF0021830703D5540804F0010404
:10F3B8002140400703D5920802F00102114009B12B
:10F3C800012030BD022030BD4021084010B54C4915
:10F3D8004C4C08604C48026842F00302026020204E
:10F3E80021688A699047494801682268906BBDE89E
:10F3F8001040004770B500200021454A02EB810209
:10F408001368DC0002D501228A401043491C2029D8
:10F41800F3D3404900224A6101243C4A136814602E
:10F42800012615683C4C166013682368034201D115
:10F438000E60FEE74E61106870BD2DE9F047374D4C
:10F44800324F304C364E814628688A46810744BF81
:10F458003448E860344800219046016027203A6823
:10F4680021688A699047316B3048014031634FF415
:10F478008060B16F21F48071B16721680A6B904791
:10F4880021680A6B4FF48160904721680A6B4FF43A
:10F49800C060904726491A4A01200860C2F800A0B7
:10F4A80030602868810707D418F1010F06BF4FF0B4
:10F4B8004040E860C5F80C803868F0698007FCD5E2
:10F4C8000720FFF747FF0228FAD1B9F1000F12D140
:10F4D800216A184D8A68284690470428F8D00128E0
:10F4E80004D1226A536803212846984706480168D0
:10F4F8008908890001602068816BBDE8F0470847EA
:10F508008C210840B8010010242208402C20094012
:10F518000010084018000940E0200240100009408F
:10F528000C200840FD0000400C400940FFFFFEFE93
:10F53800282008600040034030BF704730B581B0D4
:10F5480000F076F8FFF7ECFEF7F7CEFE054605F07B
:10F558000C000C2804D1AFF30080FFF7EDFF41E069
:10F56800680725D4FDF75BFA044601210120F7F767
:10F57800C5FE2949096801FB04F2904218D2F0201F
:10F58800B0FBF1F0254D211A05F10C00FDF760FBE9
:10F5980005F10C00FDF741FBAFF300800120F8F7FF
:10F5A80074F8AFF3008005F10C00FDF742FB1BE097
:10F5B800AFF30080280713D419491A480A689368DA
:10F5C80098470428F8D0E90600D408B9012000E0DB
:10F5D8000020FFF7BDFE144801210160006801E02A
:10F5E800FFF7AAFFAFF3008001B0BDE8304000F09C
:10F5F80023B810B50D4CFDF724FE2060FDF7D8FCAC
:10F60800606010BD10B5094C6068FDF7D6FC206835
:10F61800BDE81040FDF71EBEE80300005C1A00209C
:10F62800D8010010004003402C2009403870002009
:10F63800EFF3108072B67047EFF3108062B6704730
:10F648000138FDD17047704738B5DFF80801DFF899
:10F658000851048814F0010403D14FF001212960F6
:10F668000088DFF8F8201168884714B14FF08070DF
:10F67800286031BD10B5DFF8F82013685C680121F7
:10F688000120A047DFF8DC00DFF8DC1000688860A4
:10F6980010BD38B5DFF8C840E16B0A680120904713
:10F6A80001281FD02468DFF8AC00E5680023012298
:10F6B8003C21A847B8B1FFF7C7FFDFF8A800DFF87B
:10F6C800A83002689968DFF8A4001C68DA60A4EB27
:10F6D8009404521A4243120C1A6019688C4238BFBB
:10F6E8000C461C60012032BD38B5DFF88440226822
:10F6F800536800210120984721680A680120904733
:10F7080008B1FFF7A1FFDFF85C00DFF85C50006884
:10F718006860E06801688847286131BD70B5154C9C
:10F72800A268E5681B3800FB00F100FB01F681FBCD
:10F738000223C6FB05236568C0FB05232068120960
:10F7480042EA0372C117101841EB2311000C40EA7A
:10F75800014070BD00A00C4004A40C4080000010C3
:10F76800A401001030200940806E002040420F00A4
:10F77800E0010010446F002030B5C74D95F83901FD
:10F78800002481B0002802BFC449887B00280CD01F
:10F79800FFF7F7F895F83B11002906BF012285F815
:10F7A8003B210124FFF71EF914B1002001B030BD40
:10F7B8000220F7F7D9FE0D20F7F7EBFEB8490868E5
:10F7C80010B1012001B030BDB6484022026042604D
:10F7D8000120C861002185F83A11002001B030BD30
:10F7E80030B5B14981B000200860AB4C94F83A01BB
:10F7F800002800F0C38001280DD194F840011BF0C7
:10F8080007F90021A54A84F84011907B002800F0F0
:10F8180089800221B0E0022840F08A80A348056868
:10F828001BF027F9C4F814011BF028F9C4F81801D3
:10F838001BF029F9B5F5C062C4F82801C4F81021F5
:10F8480003D1002084F8300168E094F8301159B9E8
:10F85800D4F81811D4F81431C4F82011C4F81C31A4
:10F86800C4F82401C4F82C21D4F82C0100284CBF7A
:10F878006FF00101022100EB40000818D4F82011B4
:10F88800421000EB9270D4F81421C4F81C2101EB4B
:10F89800A0010029C4F8201115DCD4F8240103289C
:10F8A80005D11531D8BF0121C4F8201124E00B314E
:10F8B800D8BF0121521E48BF0022C4F82011C4F845
:10F8C8001C21032019E01E2919DDD4F8240138B9B8
:10F8D80015391E29C8BF1E21C4F8201103200CE0C9
:10F8E8000B391E29C8BF1E21521C3F2AC8BF3F2200
:10F8F800C4F82011C4F81C210020C4F82401D4F84D
:10F908001C011BF0C5F801201BF0E0F8D4F8200119
:10F918001BF0CDF8D4F824011BF0E7F8A5F2FF5549
:10F92800032D03D20620C4F83C0127E0042123E07C
:10F93800032823D15D480068D4F81011A0F5C060F1
:10F948000029C4F82C0148BF4942002848BF40425A
:10F958008142A8BF00200CDAD4F814011BF098F8F3
:10F96800D4F818011BF0A3F8D4F828011BF0BDF84F
:10F97800012084F830010621C4F83C1101B0BDE82B
:10F98800304000BFF0B581B0494C4A4D424F42F675
:10F998002A2608E0C7F83C0103212160002068609E
:10F9A80068688107FCD4D7F83C0106285CD8DFE8F2
:10F9B80000F004564C54353D19000F21E1602661D2
:10F9C8001BF0A2F80120286029688807FCD50121CE
:10F9D800E16197F8390100281DBF00212963012042
:10F9E8000320D7E700212960696029688807FCD4CB
:10F9F80069688807FCD400212B4A294B1160012033
:10FA080018600D20F7F75EFD0220F7F742FD002091
:10FA1800C7F83C0187F83B0101B0F0BD0520C7F8E5
:10FA28003C010021696068688107FCD4032087F8DD
:10FA38003A0100201BF080F80120686001B007F14E
:10FA48005000BDE8F040F7F73EBC0320C7F83C0182
:10FA58000021696068688107FCD40220E7E701207B
:10FA680087F83A010220E5E7FEE7134801688A07AC
:10FA7800FCD509490E48D1F83C21012A07BF2021AD
:10FA880081610122826100210160082205490A6022
:10FA98004A600121016070475C1A00207417000059
:10FAA80004800C4038500C403C500C4008400C403E
:10FAB80000400C4054600C4058600C4080B52D4903
:10FAC8000870FFF7B5FD2C4901200860FEE780B5F6
:10FAD8001BF093F8FEF7C7FDBDE802402748F9F789
:10FAE800A1BD0320EAE7F0B5254D264C2648274E50
:10FAF80060658FB02B681F68012201213046B84726
:10FB08002A685368012130469847FAF743FA1BF0F0
:10FB180041FAFAF76DFB08221D492046F7F718FA53
:10FB280004F108001BF042FAA16809B100208847D7
:10FB380018480460FAF784F920461BF02DF80823CA
:10FB48003C2200216846FFF7DDFA04F1AC0040F6DC
:10FB5800B831022207900891069200236A460E499E
:10FB680004F15C00FFF7D8FAFCF732FF00200FB071
:10FB7800F0BD0000277200207C05204364070020A8
:10FB8800D80100105C070020EBFA00000040034099
:10FB9800F0120050A4340020D7FA000080B50020ED
:10FBA8006E4908706E480078002803D100210020B3
:10FBB80001F09FFC01BD10B504002000C0B2002870
:10FBC80001D1FFF78EFF654801780C43047000F0FF
:10FBD8007EF810BD10B504002000C0B2002801D185
:10FBE800FFF77FFFFEF7CDFE5C490A7814430C70DF
:10FBF800FEF7F8FE10BD10B504002000C0B20028C2
:10FC080001D1FFF76EFFFEF7BCFE54490A7894F065
:10FC1800FF0414400C70FEF7E5FE00F037F850487A
:10FC28000078002803D10021002001F062FC10BDFB
:10FC380010B504002000C0B2002801D1FFF751FF21
:10FC4800FEF79FFE45490A7894F0FF0414400C70B3
:10FC5800FEF7C8FE10BD80B500204049087000F0CE
:10FC680067F800F0E1F83E480078002803D1002149
:10FC7800002001F03EFC01BD80B50020374909781D
:10FC8800002901D000F023F8C0B202BD10B5002051
:10FC9800FEF777FE040031480078002813D1314878
:10FCA8000078000609D430480078000605D42F48AB
:10FCB8000078002801D1012000E00020C0B200280F
:10FCC80001D000F035F82000FEF78CFE10BD70B5AD
:10FCD800FEF757FE264C2578217801290CD0012102
:10FCE8002170FEF77FFE1E480078002803D100210E
:10FCF800012001F0FEFB01E0FEF774FEF8F78AF937
:10FD08000600FEF73EFE3100C9B2012903D0257076
:10FD1800FEF768FE01E0FEF765FE1148007800284E
:10FD280003D10021002001F0E4FB3000C0B270BD17
:10FD380080B510480078002803D00020F8F76EF945
:10FD480002E00120F8F76AF90B4991F90000002850
:10FD580002D00878401E087001BD00006F720020B4
:10FD68005F720020707200207B7200207C7200207D
:10FD780067720020846400206D7200203EB5002068
:10FD8800DFF8C01A08700020DFF8BC1A08700020DD
:10FD9800DFF8B81A08600020DFF8B41A08700020ED
:10FDA800DFF8B01A0870DFF8B04ADFF8B05AE8890F
:10FDB800103080B218F099FE20602068002801D128
:10FDC800FFF78FFE2068009000208DF804009DF852
:10FDD800050010F0FC008DF805009DF8050010F0F6
:10FDE800F3008DF805009DF8050010F00F008DF860
:10FDF8000500E8891030ADF8060008226946206839
:10FE0800F7F7A6F8DFF8580A216801600021416079
:10FE1800F7F7EBFEDFF84C0A0078002803D1002141
:10FE2800002001F066FB37BD80B5DFF8200A0168C5
:10FE3800002901D018F068FEFEF7A3FDDFF8201AAC
:10FE480000220B681B681A710A6812680A60FEF7BC
:10FE5800C9FDDFF8FC190878002804D1DFF8F40997
:10FE68000078002810D0002008700020DFF8E4197E
:10FE7800087000F0B2FCDFF8EC090078002803D124
:10FE88000021002001F035FB01BD80B500F00EF81F
:10FE9800FEF777FDDFF8C81900220B681B681A7196
:10FEA8000A6812680A60FEF79DFD01BD2DE9F84F4A
:10FEB8005FF0000B05F0DDF8DFF8AC190860812071
:10FEC800DFF88C190870FF20DFF8A0190870DFF838
:10FED800A079002038800020DFF878190870DFF852
:10FEE8009459DFF8600900782870DFF86C09006819
:10FEF800007A841EDFF86409C089210089B288422B
:10FF080002D200F087FC39E2DFF86C89DFF850692B
:10FF1800042230683988084410F108014046F7F790
:10FF280017F83888001D3880B4F1030ADFF84C99B7
:10FF380098F8010098F8021009020818A9F80000BA
:10FF480098F80300DFF83819087098F80200C0F331
:10FF58000114DFF830190878002803D12000C0B256
:10FF6800022803D02000C0B2032802DB00F052FCB4
:10FF780004E20878002807D099F8000010F0070F6D
:10FF880002D100F047FCF9E199F8000010F00700F1
:10FF9800042807D1DFF8B0080078002802D100F063
:10FFA80039FCEBE1087800280DD0DFF8DC08007890
:10FFB800862808D199F8000010F00700022802D01E
:10FFC80000F028FCDAE1B9F80000C0F3013002289B
:10FFD80059DA99F8000010F0070002284BD1DFF831
:10FFE80068080078002846D1DFF8A00890F8830058
:08FFF800C0B2022802D100F0A2
:020000040001F9
:10000000DAFBBFE1012230683988084410F10801A9
:100010006846F6F7A1FF3888401C38800025FEF7B7
:10002000B4FC0400DFF868080078862821D1DFF8E6
:1000300068683068002801D1FFF757FD2900C9B270
:100040009DF9000006F04EFA3168487730688577F0
:100050009DF800003168C8772000FEF7C7FC99F8CA
:10006000001011F01001DFF82008007801F05EF8B0
:1000700002E02000FEF7BAFC00F09DFB82E1DFF811
:1000800010080078862802D1002001F07AF828783C
:1000900000281BD0DFF8B8070078002816D1287890
:1000A000012810D02878022804D199F8000010F017
:1000B000070F08D12878032808D199F8000010F01C
:1000C0000700032802D000F0A9FB5BE199F80000CB
:1000D000000702D500F0A2FB54E1B9F80000C0F31C
:1000E0000130022806DAB9F80000800502D500F0D8
:1000F00095FB47E198F80200C0F3810598F802608B
:10010000F6B2B6092800C0B2012803D03000C0B250
:10011000012802D100F082FB34E12000C0B20228A5
:100120001FDA99F8000010F00700012805D099F8AF
:10013000000010F00700032813D156EA0500C0B2F2
:10014000002802D100F06AFB1CE12800C0B20028A0
:1001500007D1DFF848070078002802D100F05EFBE5
:1001600010E1E4B2022C1DD1DFF834072900C9B236
:10017000445C3100C9B2405C041999F800004006A3
:1001800006D555EA0600C0B200281DD102241BE0A6
:100190003000C0B2002803D12800C0B2002813D01C
:1001A000A41C11E0DFF8FC062900C9B2445C310050
:1001B000C9B2405C04193000C0B2002804D099F8DC
:1001C0000000400600D5A41EB9F80000C0F30020CE
:1001D00010F00100DFF8D0160870514689B22200F5
:1001E000D2B2DFF8C4060078121A914202DA00F0A7
:1001F00015FBC7E02000C0B2BAEB000ADFF8A80682
:1002000000781AEB0000DFF8A4160880DFF844A697
:10021000DFF89806008850FA8BF0703080B218F042
:1002200068FCCAF80000DAF80000002802D100F0EB
:10023000F5FAA7E070210022DAF800B05846FEF780
:10024000AFFADFF86CB600208BF80000DFF800068C
:100250000078002806D199F8000010F02000DFF89F
:10026000FC150870DFF8F4050078002832D0DFF8BC
:100270003806007800282DD199F8000010F007000A
:1002800003280BD099F8000010F00700012821D1B5
:10029000DFF8000690F8820000281BD0DFF8140673
:1002A0000078002807D01BF0ABFFFE2803D1042004
:1002B0008BF800000EE018F004FC002803D00420A6
:1002C0008BF8000006E018F0C4FB002802D00420E0
:1002D0008BF80000DAF800007030DAF8001048609F
:1002E000DAF800004068DAF800104865DFF8BC056D
:1002F0000088DAF800100881DAF800000089DAF8DE
:100300000010A1F85800B9F80000DAF80010888150
:1003100098F80200C0F3011198F8010010F078007D
:1003200001439BF800000143DAF800000174FF204C
:10033000DAF800108873DFF870150878002801D00B
:10034000002002E0DFF840050078DAF8002082F8AB
:100350004500DAF8000080F82C60DAF8000080F838
:1003600036503A880878121A3A802000C0B2002825
:1003700002D100F01EF905E0E4B2DFF83C0504808C
:1003800000F002F8BDE8F18F2DE9F84785B0DFF8FD
:1003900028452088002801D1FFF7A7FBDFF8D854B3
:1003A0002288DFF8C40400682988084410F1080195
:1003B0006846F6F7D1FD2988208841182980E9464A
:1003C000DFF8BC44A078C0F30116DFF88854286831
:1003D00090F8108018F04008A078C0F3810738002A
:1003E000C0B200285DD000203100C9B2022903D17B
:1003F0004146C9B2002910D199F8001099F801209E
:10040000120252FA81F12A68A2F840102968B1F864
:1004100040102A68D18719F10209DFF8A0A42968E1
:10042000B1F84010BAF80E20914206D02968B1F810
:1004300040104FF6FF7291422BD13800C0B2032812
:100440000DD1494628682E300EF058FA19F10809E6
:100450001AF1030128682E300EF041FA19E099F8DC
:10046000000099F80110090251FA80F02968C88546
:1004700019F102092868C08DBAF80C10884205D01D
:100480002868C08D4FF6FF71884201D1012000E03D
:100490000020C0B2002804D11CF086FAFFF7C8FC87
:1004A00084E0A178C9B289090800C0B2002837D019
:1004B0003000C0B2022812D158EA07085FFA88F863
:1004C000B8F1000F1AD199F8000099F80120120232
:1004D00052FA80F02A68D08719F102090EE02868E4
:1004E000007C40060AD499F8000099F80120120215
:1004F00052FA80F02A68D08719F10209C9B203299B
:1005000005D14946286824300EF0F8F908E099F83A
:10051000000099F80110090251FA80F029688884D6
:10052000DFF87803007800281DD0F6B2022E1ADA20
:10053000DFF85003017811F00701012904D0007899
:1005400010F0070003280ED1FFB2002F0BD128684E
:10055000C08FDFF86813C989884204D01CF024FAE0
:10056000FFF766FC22E0C748017811F00701032974
:1005700009D0007810F00700012815D1C54890F87F
:100580008200002810D0286818F072FA00280BD1D9
:100590000020C7490870E078C0F30110A17811F07D
:1005A000780108432968087400F003F806B0BDE834
:1005B000F08770B5A74CB04DBC4E3288AA48006891
:1005C0002988084410F108012068406DF6F7C4FC42
:1005D00029883088411829802068406D3188084476
:1005E0002168486500F001F870BD7CB5A24C9E4EB4
:1005F000012230682188084410F108016846F6F7A6
:10060000ABFC2088401C2080002501223068218816
:10061000084410F108010DF10100F6F79DFC208857
:10062000401C2080012230682188084410F1080114
:100630009048F6F791FC2088401C20800422306806
:100640002188084410F1080101A8F6F785FC2088EC
:10065000001D2080042101A8F6F7A6FC0190019856
:100660001CF051FA7B4C2168886301981CF03FFA1A
:1006700021688887EA2019F0FDFB914A506800281C
:1006800003D0012120685268904702207249087007
:1006900088480078002806D01BF0BAFD002802D058
:1006A0000420834908702068017C81480078014358
:1006B000206801742900C9B29DF9000005F012FFFD
:1006C000216881F842009DF80000216881F844000B
:1006D000206880F8435020687030216848652068A1
:1006E00041682068B0F8582020680089121A01EB90
:1006F00002002168486020688089800513D5206841
:100700001CF082FA2068006E00280CD02068B0F837
:100710006400002807D1200018F0FAF900202060BA
:10072000FFF786FB29E0206890F85C00002813D0D2
:1007300020681CF0C5FA2068806C00280CD0206866
:10074000B0F84C00002807D1200018F0E1F9002093
:100750002060FFF76DFB10E04C490878002805D0B9
:10076000886C002802D02068896C8847206818F0BF
:10077000D4F90020206000F01EF873BD80B5EB2096
:1007800019F078FB00203549087041480078862828
:1007900002D1002000F0F5FCFEF7F7F83249002204
:1007A0000B681B681A710A6812680A60FEF71EF966
:1007B00000F001F801BD80B50020274908702748E6
:1007C0000078002801D100F00CF801BD80B50020B0
:1007D0002249087020480078002801D100F001F873
:1007E00001BD10B52D480078002801D1FFF752FA5D
:1007F00005F077FD254C2078002803D001203149F1
:100800000968884700F071FB2078002805D06069EE
:10081000002802D0102005F097FA10BD80B51B48C3
:100820000078002802D0FFF703FB01E0FFF7C3FFC9
:1008300001BD80B508480178832906D100210170E7
:10084000002006490870FFF7CCFF01BD717200203F
:10085000737200208071002070720020727200207C
:10086000887100200C070020307000205F7200208B
:10087000407100205E7200201E7200207472002001
:10088000847100201C720020767200208464002095
:100890007B72002028620020107100205B72002013
:1008A000283E0000243E0000777200201A720020CB
:1008B000757200206372002018720020346F0020CF
:1008C000FC3D00006071002038B5A04A517B0F2923
:1008D00027D09F490978002923D09E490B789E494B
:1008E000527B51F822104B434FF47A71B3FBF1F174
:1008F0009A4A13688B4201D2002201E01268521A10
:10090000974B1C688C4201D2002301E01B685B1AE4
:10091000944C25688D4201D2002108E02468611AB8
:1009200005E08E490A688E490B688E4909684FF4C4
:100930007A74624390420AD38B480178032904D029
:1009400003210170007800F02BF9002025E06343BB
:1009500098420AD384480178022904D00221017008
:10096000007800F01DF9012017E0614388420AD3A6
:100970007D480178012904D001210170007800F040
:100980000FF9012009E078490878002804D00020F8
:100990000870087800F004F9012032BD10B47349E2
:1009A0000868401C0D22B0FBF2F302FB1300086044
:1009B0006F4A704B1C68086852F82000241A1C60AB
:1009C0000020096842F8210010BC704720206A49C5
:1009D000086070473EB50020684908600020634900
:1009E000086000206349086000205F49087000200B
:1009F00063490860634C6448206064480D210160CD
:100A0000002106E000225A4B0D00EDB243F82520EC
:100A1000491C0A00D2B203689A42F3D34DF2F02087
:100A2000504908605A484E4908605A484B49086086
:100A300006205949086020204F490860574D286812
:100A4000002821D16846F6F739FC00208DF8000017
:100A5000002001906A4601210FF29D00F6F7EFFB9E
:100A600028602868F6F720FC00280DD124684FF490
:100A70007A704443F6F711FCB4FBF0F12868F6F7FE
:100A800022FC2868F6F723FC37BD10B53B490A68FD
:100A900012F1010F02D100220A6002E00A68521C22
:100AA0000A6034490A6882180A60304A304B146878
:100AB00053F824400019126843F822000868FFF731
:100AC00003FF10BD80B52D490968002901D101201F
:100AD00011E0284909680818FFF7F6FE002801D040
:100AE000012008E02648016811F1010F02D00168D9
:100AF000491C0160002002BD38B5FFF74FFF1D48BB
:100B00000068FFF7E1FE1F4804684FF47A70444321
:100B1000F6F7C3FBB4FBF0F4204D2868F6F7C4FBEE
:100B2000002806D121002868F6F7CDFB2868F6F7E3
:100B3000CEFB31BD10B50400FFF748FF1648006832
:100B400004190D4800684443200010BD28620020AD
:100B50005B72002078720020BC3D0000E471002030
:100B6000E0710020DC7100208B720020EC7100200D
:100B700094690020E8710020D0710020C471002029
:100B8000C8710020D4710020E0930400D8710020C7
:100B9000F8240100905F0100CC710020F07100206A
:100BA00070470E0080B50020DFF860180870002044
:100BB000DFF85C180870DFF8C8080078002803D157
:100BC0000021002000F099FC01BD2DE9F843814689
:100BD000DFF8B08898F88340DFF83058287800288C
:100BE00001D0FEF782FFDFF8A0683068002801D14D
:100BF000FEF77BFF01202870DFF8907887F80090DF
:100C00003878002809D0022831D006D304283BD0F8
:100C100033D306282ED04DD34DE00020DFF8341812
:100C200008703068807D400605D598F84E00DFF8E2
:100C30006018087004E098F82500DFF85418087070
:100C4000387800280DD198F80300002809D0DFF883
:100C500040080178032902DB0221017001E00178DC
:100C6000017000F072F8306800286CD025E01BF0AD
:100C70009CFE22E000F0DAF81FE00020DFF8D41735
:100C8000087000F0C7FB18E0306890F85D00DFF8EE
:100C9000C4170870306890F85E00DFF8F417087029
:100CA0000020DFF8F017087000F04FF830680028D7
:100CB00049D002E001E0FEF718FFDFF854070078A2
:100CC000002812D13068002801D1FEF70EFF3068ED
:100CD0004068007810F02000DFF8BC17087030681A
:100CE00040688078DFF8B41708703878032805D09A
:100CF0003878022802D03878062824D1FDF745FE3E
:100D000006003878022809D0DFF894170878002800
:100D10000CD1DFF890070078002807D183202870D5
:100D20003000FDF763FE00F098F80CE00220287018
:100D3000E4B2012C04D10878832801D1F7F726FB0F
:100D40003000FDF753FEBDE8F18338B500200020E8
:100D50008DF8000005F002FADFF84C47C0B201221E
:100D6000DFF82C1791F900108A40511E08402080AE
:100D7000DFF838572878002833D0A86B002830D007
:100D8000694642F21A00AA6B9047DFF884060078A1
:100D900000281CD0DFF8BC060078002817D19DF889
:100DA0000000002813D0E86D002810D0E86D8047BF
:100DB00000280CD02288DFF8F8160B780833DFF80B
:100DC000F41609784B43B0FBF3F082182280218897
:100DD0009DF80020DFF87C060078424312FA81F08B
:100DE0002080DFF8A8060078002802D11BF074FBF1
:100DF00001E01BF03AFBDFF890060068002814D0F1
:100E0000DFF89C06007800280BD1DFF89806007800
:100E1000002806D18320DFF8F415087000F01DF8D3
:100E200003E00220DFF8E415087031BD80B5DFF87B
:100E30005806016891F86110DFF86C261180DFF820
:100E40007816006890F8620008700878002801D1D0
:100E5000012008701BF0C3FD01BD80B5DFF82C0632
:100E60000178022902D11BF0B5FD0DE001780629B9
:100E700002D11BF005FE07E00078052802D100F042
:100E800013F801E000F001F801BD80B5DFF8FC05C2
:100E900001780029012902D9C91E012903D8007847
:100EA0001BF07DFDFFE701BD80B51BF0EEFD0028C6
:100EB00002D11C2000F07DF901BD80B50120DFF8D2
:100EC00050150870DFF8F4054068002804D0DFF8FA
:100ED000F0058189491C8181F02018F0CBFFDFF8F3
:100EE000AC050078FFF771FE01BD10B5DFF8B00565
:100EF0000078002804D1DFF8AC050078002801D084
:100F0000FEF7F3FDFDF741FDDFF800150A78022A30
:100F100028D101220A70DFF874452278022A05D010
:100F20002278032A02D02278062A01D183220A706D
:100F3000FDF75CFD2078002805D02078012802D03C
:100F40002078042802D1FFF700FFFFE7207802286D
:100F500005D02078032802D02078062804D1FFF796
:100F60007CFF01E0FDF742FD10BD70B5DFF81C45C8
:100F7000207800280DD0207801280AD02078042875
:100F800007D02078032804D02078052801D0FEF768
:100F9000ACFDDFF8785404202870DFF8B80401783D
:100FA000491C0170DFF8DC6496F824100078814257
:100FB00003D2E12000F0FDF829E0207804280AD1CE
:100FC000DFF8E8140878002805D0C86C002802D0A3
:100FD0000220C96C8847DFF8B8040178491C96F8EC
:100FE0003120914203DA0178491C017002E096F841
:100FF000311001702078032804D183202870FFF776
:1010000044FF04E02078052801D0FFF79EFE70BD64
:1010100080B5DFF878040078062815D1DFF8A4043D
:101020000178491C0170DFF880040188022906DB81
:101030000188491E018006201BF0B1FC08E000F089
:101040000BFA00F03EF803E000F006FA00F039F881
:1010500001BD80B5DFF8B403017883290DD1DFF835
:101060002C140978032903D10020FFF77EFF04E048
:10107000852101701D2000F09CF801BD80B5FFF7AF
:10108000A5FB01BD80B5DFF84004408842F2034172
:10109000401A07D0401E09D0401E0ED1E92000F0B2
:1010A00088F80DE0002000F084F809E00120FEF748
:1010B00095FD1B2000F07DF802E0E92000F079F8B2
:1010C00001BD70B5DFF8C0432068002801D1FEF7EC
:1010D0000CFDDFF8C46320684068007810F0200041
:1010E0003070FDF752FC0500DFF8201308788328E4
:1010F00018D13078002808D1852008702800FDF725
:1011000075FC002000F055F80FE0206890F86C00A6
:10111000002801D1FEF7E9FC2800FDF767FCFFF786
:10112000B1FF02E02800FDF761FC70BD38B5050095
:101130000C00FDF72AFCDFF8D4120A78862A1DD1AC
:10114000DFF88823D3895B1CD38187220A70FDF7DF
:101150004DFCDFF848030078EDB285420AD1E4B2D5
:10116000002C03D01B2000F024F809E0002000F040
:1011700020F805E0E92000F01CF801E0FDF736FC5E
:1011800031BD80B5DFF844038189491C8181FDF7B9
:10119000FCFBDFF878120A78862A07D187220A70CA
:1011A000FDF724FCE92000F004F801E0FDF71EFC47
:1011B00001BD10B50400DFF818030078002825D021
:1011C000DFF8C4020068007D00281FD00021200045
:1011D000C0B2002803D02000C0B21B2801D10121D9
:1011E0000AE02000C0B2E92806D1DFF8D00240882A
:1011F000B0F5105F00D10121C9B2002906D0DFF897
:10120000BC02C07BFFF796FCFFF73FFC0020DFF835
:10121000001208700020DFF8F41108702000C0B23E
:10122000002815D1DFF85C0290F8530088280AD016
:10123000DFF85802007805280AD1DFF84C02006870
:10124000807D400704D4F6F72BF8DFF88812086099
:10125000DFF858120878002810D0486C00280DD00C
:101260002000C0B2496C8847DFF8140200780028DB
:1012700003D10021002000F040F90CE0DFF8580213
:101280000078002801D1FEF705FD05F02AF82000BE
:10129000C0B217F0FEFCDFF8F0110868002806D095
:1012A0000868007D352804D0FEF7EAFC01E0FEF76F
:1012B000E7FC10BD80B5DFF8D4010078042801D028
:1012C000FEF713FC042051490870DFF8C8010178CB
:1012D000491C0170DFF8D411C86C002802D003202B
:1012E000C96C88470320DFF8C01108801BF0BDF8E7
:1012F00001BD7CB5DFF88C0190F88340DFF88801F0
:101300000068002801D1FEF7F0FBDFF8A051287833
:10131000002850D000F07EF8DFF8C0010068DFF848
:10132000C01109684031096888470600FDF72DFBA8
:101330000400DFF86C11087800282DD1DFF8640173
:101340000078002828D10020E96C88476946F420FD
:1013500000F02DF99DF9000076B2864203DB4D487E
:101360000078002811D08320284908700020F6F763
:1013700059FE2000FDF73AFBDFF868010078DFF83E
:1013800068110870FFF769FD37E02000FDF72EFBBC
:101390000020FFF78FFF30E002201C4A1070087811
:1013A000832801D1F6F7F2FF2000FDF71FFB042090
:1013B000E96C884721E0FDF7E8FA0500384908782C
:1013C00000280CD137480078002808D183200F4925
:1013D00008702800FDF70AFBFFF73FFD0DE0022033
:1013E0000A4A1070E4B2012C04D10878832801D194
:1013F000F6F7CCFF2800FDF7F9FA2148007800281D
:1014000003D10021002000F078F873BD7B7200202A
:101410008472002070B5254C2078002819D0E0692E
:10142000002816D0184D2868006D002806D000232B
:101430002A6802212868006DE669B0472868406D77
:10144000002806D000232A6808212868406DE46936
:10145000A04770BD8172002038B50B4C2068002871
:1014600001D1FEF742FB214D28681BF04CFB21689F
:10147000C86028681BF03BFB2168088231BD000072
:101480005F72002028620020107100207D72002011
:101490007E72002082720020807200208372002001
:1014A000707200207272002020720020846400207C
:1014B00060720020787200207F720020405E002061
:1014C000306E002086720020E85D0020586E0020FB
:1014D0008C7200209C7100205B72002058710020EB
:1014E0006C710020857200206272002064710020FF
:1014F0000020224908707047704770B504000D0045
:10150000FDF743FA0600E4B2002C12D001211C487A
:101510000078F5F75EFC3000FDF768FA2800C0B2ED
:1015200005F005F804F062FD002801D105F065F82A
:1015300021E004F065FC00281AD01BF0FBFB00281A
:1015400016D010480078002812D103F0B9FC0E4CD8
:10155000207800280CD1002109480078F5F739FCE3
:10156000002803D12800C0B204F0C1FF0020207081
:101570003000FDF73BFA70BD0000000058720020FB
:1015800059720020561D00207972002010B5DFF836
:101590007C428822DFF878122000F5F7DDFC04F0A9
:1015A000DDFD84F8220004F0D9FD207510BD70B572
:1015B0000C00C0B203F047FE0500C0B2FF2801D105
:1015C000F42014E0FDF7E1F9060092482900C9B2C1
:1015D00000EB81014A788D49EDB210F825000144F5
:1015E0002000F5F7B9FC3000FDF700FA002070BDCF
:1015F0002DE9F84304000D0029002000C0B203F0DB
:1016000034FEC02801D10020FCE02000C0B24528F3
:1016100009D1814C342229002000F5F79DFC7B483C
:1016200084600020EEE02000C0B203F00CFE060053
:10163000C0B2FF2801D1F420E4E02000C0B2E828C5
:1016400003D02000C0B2E72801D10020DAE0714FBA
:101650003000C0B207EB80008078002806D130004F
:10166000C0B207EB8000C078002852D03000C0B272
:1016700007EB800080783100C9B207EB8101C9789F
:10168000884201D1FB20BDE02000C0B2582807D11C
:1016900028888F3847F6734188423AD3E820B1E072
:1016A0002000C0B2602807D128880A3843F6F671B6
:1016B00088422ED3E820A5E02000C0B2E02808D15F
:1016C00095F9000004F0EDFD10F1010F21D1E820A3
:1016D00098E02000C0B2E82809D14C4890F85300A7
:1016E0002978884215D1FBF78DF800208AE0287808
:1016F0003100C9B207EB81018978884207D33000F5
:10170000C0B207EB8000C0782978884201D2E82077
:1017100078E0FDF73AF98046DFF8F0903000C0B28B
:1017200007EB800042782900F6B217F826004844FB
:10173000F5F712FC4046FDF759F92000C0B25028D9
:101740000ED0522822D0532815D0E0283ED0E128D0
:1017500028D0E2282FD0E8283DD0F52840D04CE012
:10176000B9F8260004F019FD2C480078002801D1B2
:101770001AF09EFC45E0B9F82A0004F015FD274850
:101780000078002801D11AF093FC3AE099F829007A
:10179000002803D00220FEF712FA02E00220FEF732
:1017A0002EFA2EE099F8430004F0C0FD012801D084
:1017B0001A2027E025E019F1440004F0FCFC17484A
:1017C0000078002801D11AF073FC1AE099F9420060
:1017D00004F000FD15E0FBF715F804F08FF810E0B9
:1017E000FBF78AF899F8810004F0B7FC99F88100BA
:1017F000002801D004F082F803E02000C0B203F01A
:1018000036FD0020BDE8F2830548704728620020BD
:101810007808000000090000606900206372002061
:10182000AC3D000070B504460D46FDF7AEF82968E2
:10183000002631B10A69A24208BF0E460968002994
:10184000F8D1FDF7D3F8304670BDDFF8101791F8E6
:1018500033000022030604D4582010FB02F288183B
:10186000704791F88B0001220306F5D591F8E3004B
:1018700002220306F0D591F83B0103220306EBD5C3
:1018800091F8930104220306E6D591F8EB010522B5
:101890000306E1D591F8430206220306DCD591F850
:1018A0009B0207220306D7D5002070472DE970431D
:1018B000064614461D46FDF768F86EB1D6E90A23C0
:1018C00022432B43C6E90A23D6E9088948EA0404DF
:1018D00049EA0505C6E90845BDE87043FDF786B845
:1018E00030B581B004460D4602F0E2FCA04231BFA3
:1018F000241A641E241A641CA40805F57A70A042F8
:1019000038BFB4F1405F06D2641B012C98BF01249C
:10191000204601B030BD002001B030BDF0B5DFF889
:101920003C3604460025D3F85003012981B024D168
:1019300000E00068002852D0C668377B07F00F0728
:10194000022F1AD00068002849D0C668377B07F0FC
:101950000F07022F11D00068002840D0C668377BDF
:1019600007F00F07022F08D00068002837D0C6689C
:10197000377B07F00F07022FDBD180B3012502B1BF
:101980001060C268167B06F00F06022E27D10129CF
:1019900004D10169CA68898D511813E0118840F695
:1019A000030291421CBF40F60406B14207BF016921
:1019B0004A6901690A69498B561893F8221319225A
:1019C00012FB0161406BFFF78BFF2060F5F765FCB0
:1019D0002168B1FBF0F0206001B02846F0BD002086
:1019E000206001B02846F0BDF0B581B00446FCF798
:1019F000CCFF0546002C1CBFA07A002833D0DFF8AE
:101A0000603594F909001E680122F70702FA00F117
:101A10000ED5DFF850351B681E0609D5DFF84835AE
:101A20005E68113002FA00F0C04306405E60186044
:101A30000020A072207220606060C4E90400DFF81A
:101A40001C35A06194F9090093F820638240324369
:101A500093F8220383F8202310B1401E83F8220359
:101A6000C8B200F062F9284601B0BDE8F040FCF7CA
:101A7000BDBF00002DE9F04700261124DFF8E8542F
:101A8000DFF8D8944FF00108F0B2032848DA09EBE8
:101A9000401000F53077B97A012941D197F9090052
:101AA000113008FA00F0C14329606A681043686089
:101AB00097F9090008FA00FAFCF767FF99F8941300
:101AC0004AEA010189F89413FCF790FF99F884031E
:101AD000022817D107F110001BF066F900F0FF0093
:101AE00001280FD1B86948B199F88413022909D1A6
:101AF0001BF05AF900F0FF00012803D10220B87250
:101B00000EE000BF99F8210397F9091004FA01F1DA
:101B1000084389F82103002109F582601BF0B2FA1D
:101B2000761C032EB0D3BDE8F08730B5042881B011
:101B300020D1DFF8284404F58D60F5F7B5FBC8B176
:101B4000F5F7ABFB054604F58D60F5F7ABFB4543B8
:101B5000B5F5967F0ED204F58D60F5F7BAFB05203A
:101B6000F5F706FD012084F89103042104F56E7059
:101B70001BF088FA002001B030BD70B50446FCF7B8
:101B800004FFDFF8D863054696F84C0320EA040406
:101B900086F84C430024D6F8280320B1B830F5F776
:101BA00083FB00B10124D6F82C0320B1B830F5F73F
:101BB0007BFB044319D196F84C03002808BF002C86
:101BC00013D1D6F8480380B190F828108A070CD5B5
:101BD000446A2846FCF70AFFD6F84803002202218F
:101BE000A0470020C6F8480370BD2846BDE87040F5
:101BF000FCF7FCBEF0B400290CBF01230023002A2F
:101C00000CBF01250025002839D02C0004BF90F816
:101C10004440002C33D000291CBF91F84440002CD4
:101C200012D0446B0E6C07690969A408A4EB9604F2
:101C30000026B94218BFFE68A41B04F18054B4F119
:101C4000805F88BF012301D8190018D0BAB1D168CC
:101C50000C7B04F00F04022C11D1516B046C12693F
:101C600000698908A1EB94010024904218BFD46850
:101C7000091B01F18051B1F1805F88BF012503EAA2
:101C80000500F0BC7047F0B581B01E466FF002074A
:101C90008DF80070054634682246FFF7ABFF10B19F
:101CA00001208DF800009DF90000B84201BFE968ED
:101CB000087B00F00F0002280CD100E024684CB132
:101CC000226821462846FFF795FF0028F6D002201B
:101CD0008DF800009DF90010B94204D1E86B10B1F5
:101CE00004218DF800109DF90070012F06D12946BE
:101CF0003046FCF7F6FE384601B0F0BD022F09D1A0
:101D00002268002A2946304608D0FCF7C2FE384631
:101D100001B0F0BD042F03D129463046FCF7CCFEBC
:101D2000384601B0F0BD0020704730B581B00446A0
:101D3000FCF72BFE0546894890F8941321EA040429
:101D400080F8944390F89423110704D4082100F5F7
:101D50006E701BF097F9284601B0BDE83040FCF7E3
:101D600045BE2DE9F04FDFF80CAC81B09AF8841332
:101D7000022905D101B0BDE8F04F1920FCF715BECE
:101D80009AF8840301281CBF9AF88403042800F001
:101D90008780FCF7FAFD00900024DAF85003002554
:101DA00018B3C1680A7B012502F00F02022A1CD178
:101DB0000A88192140F603039A421CBF40F6040624
:101DC000B24219BF0269136902695369528B406BB1
:101DD0009A189AF8223311FB0321FFF781FD06467A
:101DE000F5F75BFAB6FBF0F800E0A04600264FF0EE
:101DF000FF390027F8B203281EDA0AEB401101F57B
:101E00003072907AC0B1107A012602281DD0DAF81B
:101E100098030169408B9AF822330918192010FBA6
:101E200003115069FFF75CFD8346F5F736FABBFBFB
:101E3000F0F0484598BF81467F1C022FDAD9354221
:101E400005D044464C4507D905E0A146F7E70DB15A
:101E5000444601E006B14C46354317D064B12146F3
:101E6000012998BF01210AF58D60F5F72CFA0AF5D2
:101E70008D60F5F72CFA0DE00AF58D60F5F729FA7B
:101E800004210AF56E701BF0FDF803E00AF58D6081
:101E9000F5F71FFA009801B0BDE8F04FFCF7A6BDBA
:101EA00001B0BDE8F08F30B585B001460022039245
:101EB00001920492029240F602058C68487E62808C
:101EC00023885B1B09D041F21E055B1B05D041F640
:101ED000E6755B1B012B0FD91CE0238A4FF6FF32FE
:101EE00013402382002819BF4FF60F4003402D20D6
:101EF00060F3091323820DE0238B4FF6FF3213406A
:101F00002383002819BF4FF60F4003402D2060F3B4
:101F1000091323830020487602AD009504AB01AA83
:101F200003A9204601F0D7FE50B1039801884FF66F
:101F3000FF72914204D10299019801F03EFE03E044
:101F40000299019801F07FFEDFF8280AD0F8AC135F
:101F500009B10198884705B030BD0000D04100208C
:101F60004021084000000440081004402DE9F047DB
:101F700084B00025DFF8FC890395D8F850630295FA
:101F8000002E68D0D8F86403002804BFD8F8600396
:101F9000002840D1012585F0010903AA494602A87D
:101FA000FFF7BCFC040058D1DFF8CC094768002FCC
:101FB00018BF002C00F009830298002840F0058328
:101FC000D8F8641303980190CDF8009008F5567383
:101FD000D8F8600308F55472B847012800F0C881AA
:101FE000022840F0F282D8F86003D8F86013B0F904
:101FF00030400D69FCF7C9FC4FF0FF318C42019075
:102000004BD1D8F8600300283BD00069A84238D1F2
:10201000D8F8606397E0D8F860030028BBD0D8F800
:102020006003016930698142B5D196F83310CA0660
:10203000B1D5D8F864030028ADD10125D8F86003E4
:10204000C16848880028F9D0D8F86003C16848887A
:102050000128F3D09FE702213FE3002DA4D102988D
:102060000028A1D00146022938BF012108F58D6062
:10207000F5F729F908F58D60F5F729F904B0BDE801
:10208000F087D8F8640328B10069A84208BFD8F8DF
:10209000646358D0D8F8506355E0B8F93000002197
:1020A000A04202BFD8F810300093AB4246D0B8F936
:1020B00088000121A04202BFD8F868300093AB42EB
:1020C0003CD0B8F9E0000221A04202BFD8F8C030ED
:1020D0000093AB4232D0B8F938010321A04202BFCD
:1020E000D8F818310093AB4228D0B8F990010421F8
:1020F000A04202BFD8F870310093AB421ED0B8F9AD
:10210000E8010521A04202BFD8F8C8310093AB42D4
:1021100014D0B8F940020621A04202BFD8F82032FC
:102120000093AB420AD0B8F998020721A04202BF3F
:10213000D8F878220092AA4240F01881582010FB6B
:1021400001F108EB0106002E00F0108196F8330033
:10215000010640F10B81D8F8600386421CBFD8F815
:1021600064138E426AD0D8F850434FF0000A00E062
:102170002468002C00F0FA80B44211D02468002CAE
:1021800000F0F480B4420BD02468002C00F0EE8004
:10219000B44205D02468002C00F0E880B442E7D1B6
:1021A00020692768A84234D1FCF7EFFBD4E90A2361
:1021B00043F08051C4E90A210AF1010AD4E9082355
:1021C00043F08051C4E90821FCF710FCFCF7DDFB6B
:1021D000D4E90A2343F08071C4E90A21D4E9082331
:1021E00043F08071C4E90821FCF700FC98F84C1317
:1021F0003069C8F8480341F0010188F84C1308F52C
:1022000054702146FCF782FC214608F55670FCF715
:1022100053FC3C00C4D1BAF1000F1FBF98F88403EF
:10222000012898F88403042800F0A080DFF828191A
:1022300008F56E701AF026FF0198F1E1D8F86003F6
:1022400000224FF00053FFF731FBD8F8640300225F
:102250004FF00053FFF72AFBDFF800091AF0A4FD46
:10226000D8F86043FCF791FB5CB1D4E90A2343F052
:102270008071C4E90A21D4E9082343F08071C4E9DC
:102280000821FCF7B3FBD8F86443FCF77EFB5CB194
:10229000D4E90A2343F08071C4E90A21D4E9082370
:1022A00043F08071C4E90821FCF7A0FB98F84C13B7
:1022B0003069D8F85063C8F8480341F0010188F844
:1022C0004C13344600E02468002C4FD0B4420ED0AA
:1022D0002468002C4AD0B44209D02468002C45D090
:1022E000B44204D02468002C40D0B442EBD1002C7E
:1022F0003CD020692768A84236D1FCF746FB02464D
:10230000D4E90A0141F08053C4E90A03D4E9080181
:1023100041F08053C4E908031046FCF767FBFCF763
:1023200034FB0246D4E90A0141F08073C4E90A0390
:10233000D4E9080141F08073C4E908031046FCF7B2
:1023400055FB98F84C133069C8F8480341F0010177
:1023500088F84C1308F554702146FCF7D7FB21464A
:1023600008F55670FCF7A8FB3C00C2D1019857E174
:10237000039800B10646B6F930403569FCF705FB15
:102380004FF0FF318C42074614D1D8F8600328B1D2
:102390000069A84208BFD8F8606361D0D8F8640328
:1023A00028B10069A84208BFD8F8646358D0D8F8AB
:1023B000506355E0B8F930000021A04202BFD8F8C0
:1023C00010300093AB4246D0B8F988000121A042FA
:1023D00002BFD8F868300093AB423CD0B8F9E000B7
:1023E0000221A04202BFD8F8C0300093AB4232D0E5
:1023F000B8F938010321A04202BFD8F81831009380
:10240000AB4228D0B8F990010421A04202BFD8F80D
:1024100070310093AB421ED0B8F9E8010521A0420B
:1024200002BFD8F8C8310093AB4214D0B8F94002CB
:102430000621A04202BFD8F820320093AB420AD056
:10244000B8F998020721A04202BFD8F8782200927A
:10245000AA4240F0B880582010FB01F108EB0106B9
:10246000002E00F0B08096F83300010640F1AB80FA
:10247000D8F8600386421CBFD8F864138E4261D03E
:10248000D8F8504300E02468002C00F09C80B4424F
:1024900011D02468002C00F09680B4420BD0246840
:1024A000002C00F09080B44205D02468002C00F08D
:1024B0008A80B442E7D12069A84240F08480FCF7CA
:1024C00064FAD4E90A2343F08051C4E90A21D4E92B
:1024D000082343F08051C4E90821FCF787FAFCF790
:1024E00054FAD4E90A2343F08071C4E90A21D4E9FB
:1024F000082343F08071C4E90821FCF777FA98F8C3
:102500004C133069C8F8480341F0010188F84C13B6
:1025100008F554702146FCF7F9FA214608F5567083
:10252000FCF7CAFA98F8840301281CBF98F88403C2
:10253000042848D0DFF8201608F56E701AF0A2FDC6
:1025400038466DE0D8F8600300224FF00053FFF7E3
:10255000ADF9D8F8640300224FF00053FFF7A6F955
:10256000DFF8F8051AF020FCD8F86043FCF70DFA04
:102570005CB1D4E90A2343F08071C4E90A21D4E9AB
:10258000082343F08071C4E90821FCF72FFAD8F83A
:102590006443FCF7FAF95CB1D4E90A2343F0807193
:1025A000C4E90A21D4E9082343F08071C4E9082171
:1025B000FCF71CFA98F84C133069C8F8480341F04E
:1025C000010188F84C1338462AE0002D00F089807C
:1025D0003069D8F89813884218BF4FF480617CD1D5
:1025E000002C1CBF029800281FD0D8F860030028D8
:1025F00004BFD8F86403002817D1FCF7C6F90446D5
:1026000098F8940300F0F70088F8940398F894037E
:10261000010704D4082108F56E701AF033FD204636
:10262000FCF7E4F904B0BDE8F087FCF7AEF998F8E0
:10263000941341F0080188F89413FCF7D7F996F841
:102640003300C10608F5547004D5FCF70EFAC8F83B
:10265000640303E0FCF709FAC8F86003D6E9060151
:10266000DFF8A048C043A060E268D6E90601024353
:10267000E260D6E90623DB4323606768D6E90601FA
:102680000F436760DFF880787D68F4682B46180098
:1026900007D0387A010704D5D8F8980332460821C4
:1026A000984720461AF080FB208840F60201401A25
:1026B00008D041F21E01401A04D041F6E671401ADA
:1026C000012808D83DB1387AC10704D5D8F8980355
:1026D00022460121A8474FF0804108F56E701AF09C
:1026E000D1FC04B0BDE8F0872DE9F04FDFF884920B
:1026F000DFF8180881B0D9F860831AF0D6FB0646D7
:10270000DFF8EC090468076804F02004344018BFBF
:10271000B8F1000F07F4602716D0C9F86883FCF7FA
:1027200034F9D8E90A232343C8E90A23D8E908ABD6
:102730004BEA0405C8E908A5FCF758F94FF48041B5
:1027400009F56E701AF09EFC3E400DD099F82113E9
:1027500041EA564089F8210301B009F58260BDE8DD
:10276000F04F00211AF08EBC01B0BDE8F08F2DE9CA
:10277000F043DFF8009281B099F82103002400288B
:102780004CD099F821030026C1073DD599F82103C3
:102790001021B140084218BF0124FCF7F6F899F85F
:1027A00021131122B240914389F82113FCF71EF93D
:1027B000032E33DA09EB461101F53072907A68B3D3
:1027C00092F90980DFF82C1901EB8801002C0D68C3
:1027D0001668576804BF107A022803D1D2E90401B1
:1027E000C30009D41046FFF7FFF82CB10020009079
:1027F00000224FF0007303E0009500224FF00063C9
:1028000041463046B84709E099F82103012681077F
:10281000BCD499F8210302264107B7D499F82103C3
:1028200038B109F5826001B0BDE8F04300211AF02B
:1028300029BC01B0BDE8F0832DE9F0430FF23C1252
:1028400085B0D2E90034CDE900344FF480401AF06D
:10285000A5FA4FF00008F0B1DFF89C08D0F813108B
:102860000078C1F31501800841EAC0714148D0F8F1
:102870009833986802AA01F0C1FA3E48DFF888163A
:10288000D0F898034B6882681C0004D00C7AE107EA
:1028900044BF012198476E464FF0020937683868F7
:1028A000002855D03868D0E906011AF077FA3D685B
:1028B0000021CDE902010446FCF767F884467DB1AA
:1028C000D5E90A23DDE9020110431943C5E90A01EC
:1028D000D5E90823DDE9020110431943C5E90801E0
:1028E0006046FCF783F814F00A0F2AD03868DFF846
:1028F0000018DFF808388A68DFF8F447D0E90601E5
:1029000018408243A26038682368D0E906018B43EF
:1029100023603A68DFF8F0054368190007D0017AB0
:10292000C80604D5134CD4F8980310219847396889
:10293000DFF8CC07FCF7C0F80020386048F0020848
:1029400006E02CB138680B49C1F8680348F48048A8
:10295000361DB9F10109A1D15FEA08011CBFDFF8FA
:10296000A4071AF08FFBFFF785F8FFF7FFFA05B011
:10297000BDE8F083D0410020F81B00203045002046
:102980003445002030B5DFF8804781B0B4F96C03DE
:10299000B4F96E13884217D1FBF7F7FF054694F898
:1029A000940300F0F70084F8940394F8940301076B
:1029B00004D4082104F56E701AF064FB284601B0B7
:1029C000BDE83040FCF712B801B030BD0720FFF77A
:1029D000D4B82DE9F041074682B0D7F8A860884600
:1029E00014461D4606B1B047D7E9280120402940CA
:1029F00008BF002800F08E80DFF80C57B5F9306072
:102A00000024464502BF2A690092BA4203D195F8D4
:102A10003320160663D4B5F988600124464502BF09
:102A2000AA6E0092BA4203D195F88B20160656D4AE
:102A3000B5F9E0600224464502BFD5F8C0200092F7
:102A4000BA4203D195F8E320160648D4B5F93861A7
:102A50000324464502BFD5F818210092BA4203D19B
:102A600095F83B2116063AD4B5F990610424464501
:102A700002BFD5F870210092BA4203D195F8932194
:102A800016062CD4B5F9E8610524464502BFD5F8F1
:102A9000C8210092BA4203D195F8EB2116061ED444
:102AA000B5F940620624464502BFD5F820220092BF
:102AB000BA4203D195F84322160610D4B5F99862AC
:102AC0000724464502BFD5F878220092BA4203D1C6
:102AD00095F89B22160602D4C7E92C0110E058266F
:102AE00016FB04F4C7E92C012C44D4E9082322EA9C
:102AF000000023EA0101C4E90801D7F8A850A56045
:102B00000020C7F8A80002B007F15000BDE8F0416E
:102B10001AF02DBB02B0BDE8F081704700B581B05E
:102B20001AF0AEFADFF8E0250146D2F89803D2F8A1
:102B3000882301B05DF804EB1047DFF8CC050FF2F5
:102B4000D952D0F88813914208BFFFF70AB904217F
:102B500000F56E701AF096BA020000400100010400
:102B600030B581B04FF0FF301AF018F9DFF8985502
:102B70000FF2A5510446D5F88803884232D10022CD
:102B8000DFF8901505F57D70FBF711FF022085F841
:102B90008403D5F898138A6801F1380300E00246EF
:102BA000506890B198421EBF0246506800280CD071
:102BB00098421EBF02465068002806D098421FBFA8
:102BC0000246506800289842E9D1507B10F00F0F60
:102BD00002BF488F40F60901884203D0FEF74AFF42
:102BE000FFF7C4F9DFF8D00C044208D005F56E7089
:102BF00001B0BDE830404FF000511AF043BA01B0C7
:102C000030BD00B581B04FF0FF301AF0C7F8800733
:102C100008D501B05DF804EB4FF40061DFF8E4047F
:102C20001AF030BA01B000BD2DE9F041DFF8D874D8
:102C3000D7F85863002E00F0AB80F068082140F60A
:102C4000040240F6030301E04068491E68B1CCB2BB
:102C50005CB104889C4218BF9442F5D1316901F1FE
:102C600038021AC81AC21AC81AC2D6E90A4500227E
:102C7000C6E90A22B068D0B115F0E24310D024F0C2
:102C80000F0235F0E24308BF002A05D0B6F9301034
:102C90003069D6F808C0E04704F0000405F0E245CA
:102CA000B6F9301030692246B4682B46A047FBF7CE
:102CB0006CFE0446B7F86E03401CC0F30B00A7F887
:102CC0006E036FF00201002086F83300318607F5AD
:102CD0005670FBF7CAFE2046FBF788FEB7F96E0375
:102CE000B7F96C13884253D1D7F89823D7F82863E3
:102CF000D7F82C5392F8FC100024A046052001B10F
:102D00000720FEF73AFF2EB196F8FC0000B93468B0
:102D100086F8FC803DB195F8FC0008B9D5F8008034
:102D2000002085F8FC00444538BF4446E4B9B7F9B3
:102D30006C03B7F96E1388422AD1FBF726FE0446CE
:102D400097F8940300F0F70087F8940397F894033A
:102D5000010704D4082107F56E701AF093F9204694
:102D6000BDE8F041FBF742BE14F1010F10D0F4F7BB
:102D700094FAB4FBF0F1012998BF012107F2AC40AD
:102D8000F4F7A1FA07F2AC40BDE8F041F4F79FBABE
:102D9000BDE8F081DFF8702392F884130020022947
:102DA00004BFD2F86013002903D1D2F8641301B92B
:102DB0000120704770B5DFF8041B0446D248D0F8F4
:102DC0009C6308682568026B9047864231BF861B6A
:102DD000401E861B761C360BAE423CBFAD196E08FA
:102DE00040F6C410864288BF064604D8B6F5967FE2
:102DF00038BF4FF49676266070BD30B50D46A807F3
:102E000081B0C14C12D5FFF70FFFD4F8580340B181
:102E100045F0020104F56E7001B0BDE830401AF0D3
:102E200031B901B0BDE83040FEF79BBF680767D5F8
:102E3000012184F896130420F4F79AFBDFF87C0A4A
:102E400001680A6B9047C4F89C03D4F8500398B10A
:102E50000569D4F89803002818BFA8420AD095F84D
:102E60002800410704D56B6A0022042128469847B0
:102E700001206876C4F89853D4F898034168DFF8C5
:102E8000400A0A7802600220F4F772FB1020F4F77F
:102E900084FB012084F884031B49887810B90D2035
:102EA000F4F77BFBD4F8980341688868002804BFD6
:102EB000C868002806D0DFF8CC0CDFF8602C0021B1
:102EC000C16102600720DFF8581C08600021DFF8AC
:102ED000B40C4269416182698161426942F04022D9
:102EE00042F0020242610FF22900C4F888031A205E
:102EF000FBF74FFD01B0BDE830401920FBF749BD9D
:102F000001B030BD081004408817000020000E00FA
:102F10002DE9F0430446880085B040F1B680DFF823
:102F2000E881D8F89803416848688E68CF68010046
:102F300018BF80473000DFF84C5C01D138000ED05C
:102F4000E8690028FCD00021E961300018BFB047D3
:102F5000380018BFB847DFF8300C19F025FF002003
:102F6000E86140F60A09DFF8241C2960A8F870938C
:102F7000A8F8720398F87C1301F0F00188F87C132C
:102F8000C8F87403204698F87D1301F0F00141F071
:102F9000010188F87D13FEF786FFA668374640F6E4
:102FA000040140F6030200E00746786828B1038870
:102FB0004B451CBF93428B42F6D17B7B08F55C707E
:102FC000786003F0F0037B73D8F8500328B1C06831
:102FD0000088904218BF88421CD0208FD0B10021B9
:102FE0006187E16394F8450094F8441000F0F00024
:102FF00040F0010084F8450001F0F00184F844102D
:1030000004F13800C8F8740398F87D1301F0F0015A
:1030100088F87D136946304619F04DFF684619F06F
:10302000E4FFE8690028FCD00021C5F81C100FF26D
:10303000E90298F89103C8F8882330B1F4F769FCE5
:103040000028FBD0F4F780FC10E030490A681368D0
:1030500001209847012809D0787B00F0F00040F06B
:10306000010078730FF22900C8F888030021E96194
:103070002E6027484368190007D0007AC10704D59D
:10308000D8F8980332460121984705B0BDE8F0838F
:10309000DFF8FC2A114200D1704710B51B490A68BD
:1030A00013680120984701280DD1DFF8E80A0FF2D4
:1030B0006901C0F888130022DFF8C81ACA6100F558
:1030C0005C70086010BDF4F7E8F83221B1FBF0F154
:1030D0000129DFF8C04A98BF012104F58D60F4F79B
:1030E000F2F804F58D60BDE81040F4F7F0B8000088
:1030F0000C1004409430044085030021FDBFFFFF05
:103100002845002088450020D0410020E001001023
:1031100088170000392801002DE9F04F04460E46BB
:10312000700485B0DFF86C8A2CD5FBF72EFCD8F83C
:10313000687317B3D7E90A2302F00A0413F0E045D5
:1031400008BF002C19D1D7E90A45D7E90A23A243C1
:10315000AB43C7E90A23FBF749FCB86878B1002DF7
:1031600008BF002C0BD0B7F9301038692246BC6874
:103170002B46A04726F480462DE3FBF737FC26F4C8
:10318000804628E3B00040F18580DFF8600CD0F87D
:103190008C1041F08001C0F88C1098F8960328B18B
:1031A0000420F4F77AF9002088F89603FBF7EDFB8A
:1031B000DFF808174A6D1368054604209847D8F8C9
:1031C000B423014691421DD1207E00281CBFD8F8AF
:1031D0009C03002816D0D8F8600370B1C1680A8833
:1031E00040F603039A421FBFC068018840F60402FC
:1031F000914208BF04F1140001D004F11000FFF760
:10320000D9FD05E040F6C41020616061C8F8B41330
:103210002846FBF7EBFBD8F898138A6801F13803CE
:1032200000E00246506890B198421EBF02465068C6
:1032300000280CD098421EBF02465068002806D0D5
:1032400098421FBF0246506800289842E9D1507B3F
:1032500010F00F0F02BF488F40F6090290420FD1C5
:10326000256A00224FF000736FF480712046A84752
:10327000D8F8500310B1FEF774FD01E046F00206E5
:103280002046E46900224FF080630021A04726F029
:103290000056A0E2B00709D5FFF7C6FCD8F85803DE
:1032A000002840F0988226F0020694E2700540F172
:1032B000C380FBF76AFB0546FFF76CFDD8F8504367
:1032C000012840F0B380002C00F0B080042088F882
:1032D00084030022DFF8181B08F57D70FBF767FBFD
:1032E0002846FBF783FB08F2AC40F3F7F2FFDFF868
:1032F000CC0501680A6B9047C8F8A003012088F844
:1033000096030420F4F734F92069C8F8980390F87C
:1033100028104A0703D5436A002204219847D8F8A9
:103320009803DFF8605841688F68D1F80C904868BE
:10333000002F08BFB9F1000F04D00021E961DFF8C8
:10334000DC272A6008B119F059FD002F08BFB9F138
:10335000000F0ED0E8690028FCD00021E96107B118
:10336000B847B9F1000F18BFC847DFF81C0819F0BB
:103370001BFDD8F8980301214176FEF794FDD8F89B
:1033800098138F683A4640F60A0E40F6040340F65A
:10339000030C00E00246506830B1B0F80090F145EF
:1033A0001CBFE1459945F5D100205060507B00F0ED
:1033B000F00040F001005073E0680088604518BFDD
:1033C000984203D10020C8F8A00315E0088F98B1F7
:1033D00001F13800002141804160017B01F0F001E2
:1033E0000173417B01F0F00141F001014173506034
:1033F000507B00F0F00050736946384619F05BFDD1
:10340000684619F0F2FD0020E8612F60DFF8E4095A
:10341000436819000DD0007AC1070AD5D8F898037F
:103420003A460121984726F48066D4E12846FBF706
:10343000DDFA26F48066CEE1310564D598F896036E
:1034400028B10420F4F729F8002088F89603D8F86A
:10345000984304F1080104F138050B6800E00346C5
:10346000586890B1A8421EBF0346586800280CD087
:10347000A8421EBF03465868002806D0A8421FBFB6
:10348000034658680028A842E9D1587B10F00F0F76
:1034900002BF488E40F60902904207D12046246AB6
:1034A00000224FF000736FF48071A047D8F8A0039A
:1034B00098B1DFF808140868026B9047D8F8A01399
:1034C000814231BF401A401E401A401CD8F8981360
:1034D000000BC8600020C8F8A0030022DFF818190C
:1034E00008F57D70FBF763FA022188F88413D8F899
:1034F000580318B108F56E7019F0C4FDFEF731FCE1
:1035000026F4006667E1300740F15F81FBF73DFA82
:103510000190FFF73FFC002800F04F8198F89403DA
:10352000010700F14A8198F89403010600F14581F2
:10353000D8F850030024002520B3C1680A7B012578
:1035400002F00F02022A1DD10A88192140F6030356
:103550009A421CBF40F604039A4219BF02691369DC
:1035600002695369528B406B9A1898F8223311FB09
:103570000321FEF7B5F90746F3F78FFEB7FBF0F12D
:10358000009100E0009400274FF0FF394FEA040A51
:103590005FFA8AF002281FDC08F5307101EB401257
:1035A000907AC8B1107A0127022820D0D8F8980361
:1035B0000169408B98F822330918192010FB031178
:1035C0005069FEF78DF98346F3F767FEBBFBF0F019
:1035D000484598BF814600BF0AF1010ABAF1030FBE
:1035E000D6D33D4205D0009C4C4507D905E0A14605
:1035F000F7E70DB1009C01E007B14C463D4302D016
:10360000002C00F0DA8098F82103002840F0D580E3
:1036100000270125F8B202281FDC08F5307101EB04
:103620004011887AC8B191F909008D7205FA00F944
:10363000FBF7ABF9044698F8940320EA090088F8F0
:10364000940398F89413080704D4082108F56E70C1
:1036500019F018FD2046FBF7C9F97F1C032FD9D3B9
:10366000032088F8840308F2AC40F3F732FE019897
:10367000DFF81045FBF7BAF96069002161610022AB
:10368000E068E16008F57D70DFF8201CFBF78FF93A
:103690008A4801680A6B9047D8F89C13814231BF71
:1036A000401A401E401A401CD8F88C134FF0FF32CD
:1036B000A2EB10328A4234BF4FF0FF3001EB1030E2
:1036C000C8F88C0398F8900330B1D8F8A403D8F860
:1036D0008C13C00288422FD2DFF810070268D1078E
:1036E00025D5DFF8300C0068010620D540F609002A
:1036F000A8F870030021A8F8721398F87D0300F071
:10370000F00040F0010088F87D0398F87C0300F099
:10371000F00088F87C03C8F87413E16108F55C7167
:10372000216000BFB8F8720310F4406FFAD0002196
:1037300088F89053C8F88C1319F043FBDFF8E013B6
:10374000DFF8B046002008606368180007D0207AD0
:10375000810704D5D8F89803002202219847022057
:10376000F3F79BFE1020F3F7B1FE98F8950320B90C
:10377000D8F89803503019F0FAFCA07810B90D2051
:10378000F3F7A4FE98F8910328B1002188F891136B
:103790000520F3F782FEDFF8800BC8F888030021CC
:1037A00088F884130220B8F96E13B8F96C2391429B
:1037B00008BF0720FEF7E1F902E00198FBF716F9D0
:1037C000FEF7CFFA26F0080605E0700003D5FEF7F5
:1037D000C8FA26F0804626B1314608F56E7019F019
:1037E00051FC05B0BDE8F08F2DE9F54CDFF8A4A33E
:1037F000DAF8504381B09B4600250E4600E024686D
:10380000002C55D0B4420ED02468002C50D0B442C5
:1038100009D02468002C4BD0B44204D02468002C7A
:1038200046D0B442EBD1002C42D0206901992768E0
:10383000884237D1FBF7A9F8D4E90A2343F0805135
:10384000C4E90A21D4E9082343F08051C4E90821DE
:10385000FBF7CCF8BBF1000F18D0FBF796F8D4E9D2
:103860000A2343F08071C4E90A21D4E9082343F014
:103870008071C4E90821FBF7B9F89AF84C13306954
:10388000CAF8480341F001018AF84C1321460AF5B1
:103890005470FBF73BF921460AF55670FBF70CF91B
:1038A00015F101059DF80800002818BF3C46BAD163
:1038B000284603B0BDE8F08C020000408C010010E7
:1038C000D02108402DE9F04792460326BAF1000FB7
:1038D00084B081461D4614BF4FF080474FF000571B
:1038E0000C46FBF752F84FF0FF318C420190DFF8A5
:1038F000A48256D1D8F86003002846D00069484514
:1039000043D1D8F86043002C00F0018194F83300D3
:10391000010640F1FB808DF800500C9ED8F8600342
:1039200084421CBFD8F864138C4240F0D880D8F889
:103930006053FBF72AF884464DB1D5E90A013943B3
:10394000C5E90A01D5E908233B43C5E908236046D8
:10395000FBF74CF8D8F86453FBF717F884464DB1E1
:10396000D5E90A013943C5E90A01D5E908233B43F2
:10397000C5E908236046FBF739F8BAF1000F14BF18
:10398000DFF8900BDFF8900B67E0D8F8640328B1FC
:103990000069484508BFD8F86443B4D0D8F850430C
:1039A000B1E7B8F930100020A14202BFD8F81030BA
:1039B00000934B4505D1582111FB00F008EB0004A2
:1039C000A1E7B8F988100120A14202BFD8F86830F9
:1039D00000934B45EFD0B8F9E0100220A14202BF9E
:1039E000D8F8C03000934B45E5D0B8F93811032022
:1039F000A14202BFD8F8183100934B45DBD0B8F98B
:103A000090110420A14202BFD8F8703100934B45B9
:103A1000D1D0B8F9E8110520A14202BFD8F8C831C9
:103A200000934B45C7D0B8F940120620A14202BF0F
:103A3000D8F8203200934B45BDD0B8F99812072032
:103A4000A14202BFD8F8782200924A455FD158219E
:103A500011FB00F008EB000455E719F0A5F996B347
:103A6000D8F86053FAF791FF02465DB1D5E90A0133
:103A700041F08073C5E90A03D5E9080141F080737C
:103A8000C5E908031046FAF7B1FFD8F86453FAF70E
:103A90007CFF02465DB1D5E90A0141F08073C5E9BA
:103AA0000A03D5E9080141F08073C5E9080310460F
:103AB000FAF79CFF98F84C132069C8F8480341F0C6
:103AC000010188F84C139DF80000E8B10246D8F8CF
:103AD000501333464846FFF787FE832617E03346E8
:103AE0002A4621464846FFF77FFE78B198F88403BE
:103AF00001281CBF98F88403042805D0DFF8981B20
:103B000008F56E7019F0BEFA832600E004260198CD
:103B1000FAF76CFF304604B0BDE8F08751000706A5
:103B20000000046010B50C461A4991F88423022A5B
:103B30000BD119F039F904B1206000F0FF00012821
:103B400001D1812010BD022010BD012010BDF0B5B3
:103B500081B004460D461646FAF717FF07460D4892
:103B6000D0F898138C4218BF032404D1314628465C
:103B7000FFF7D8FF04463846FAF738FF204601B071
:103B8000F0BD0000001004400100070601010E0412
:103B900004000020D041002030B5144681B0054615
:103BA000502340F2FF3219F02AF924B1014655F8AA
:103BB0002110890A216001B030BD002942D00A0ECF
:103BC000202A08BF10221AD0212A08BF202216D08E
:103BD000A02A08BF302212D00AB940220FE0102AD2
:103BE00008BF50220BD0112A08BF602207D0402AFC
:103BF00008BF702203D0502A0CBF80229022890176
:103C0000090A42EA012141F00F0100E0001D0268AB
:103C100012F1010F18BF8A421CBF50F8042F12F195
:103C2000010F0ED08A421CBF50F8042F12F1010F71
:103C300007D08A421EBF50F8042F12F1010F8A42AA
:103C4000E4D101607047002944D00A0E202A08BF41
:103C500010221AD0212A08BF202216D0A02A08BF7D
:103C6000302212D00AB940220FE0102A08BF502299
:103C70000BD0112A08BF602207D0402A08BF70224B
:103C800003D0502A0CBF802290228901090A42EAFF
:103C9000012141F00F0100E0001D026812F1010F47
:103CA00018BF8A421CBF50F8042F12F1010F0ED02A
:103CB0008A421CBF50F8042F12F1010F07D08A422C
:103CC0001EBF50F8042F12F1010F8A42E4D14FF0C9
:103CD000FF31016070472DE9F04381B01E46089D19
:103CE000DFF8703B1B685B0E13F00108038840F699
:103CF000020765D0BB4207D0B3F5C15F10D043F6D1
:103D00000607BB4218D022E000F112030B604169A4
:103D1000116082693260C1692960C77B047C22E03E
:103D200000F112030B6041691160426A3260816ADE
:103D30002960C77B047C16E000F11A030B600027A2
:103D4000C1691160026A3260416A29600AE000F1CB
:103D50001A030B60C1691160826A3260C16A29600E
:103D600090F82470047E306804F0070488B10523BD
:103D70004FF6FF7240F2037119F041F88146B9F134
:103D8000050F06DA2146384619F050F8316841F837
:103D90002900286830B305234FF6FF7240F2037103
:103DA00019F02DF80646052E1CDAFF21384619F0C9
:103DB0003DF8296841F82600404601B0BDE8F0838F
:103DC000BB4218BFB3F5C15F04D100F112030B6011
:103DD000406903E000F11A030B60C0691060002025
:103DE00030602860404601B0BDE8F08340210840C3
:103DF000032C010088170000392801002DE9F0414B
:103E000086B015460C46002202920492039201925B
:103E100001A9009103AB04AA02A9FFF75CFF832666
:103E2000E20F30D130B3039800281CBF019800285E
:103E30001AD00298048040F22B28039F414638464E
:103E4000FFF7AAFEFF281CBF48EA842147F820108C
:103E500001990498FFF7F7FE152028803046039952
:103E6000696006B0BDE8F081029801884FF6FF72E4
:103E7000914249D002980480102129806C803046FC
:103E800006B0BDE8F08100283ED0039800281CBF92
:103E9000019800281CD002984FF6FF710180002283
:103EA000019F2B213846FFF777FEFF2804D0A4029C
:103EB00044F02B0447F8204001990498FFF77DFE59
:103EC0001520288030460199696006B0BDE8F08170
:103ED000049F00222B213846FFF75EFEFF2804D006
:103EE000A10241F02B0147F82010FF280CD00299C5
:103EF0004FF6FF70088014222A80C4F315046C600A
:103F0000304606B0BDE8F0810326304606B0BDE875
:103F1000F0812DE9F04391B014460022DFF8388B90
:103F200008920D46019207920692002DD8F80810CB
:103F300018BF002C1E4600F00C812A78D140CB0718
:103F400040F1078107460021204618F0ACFF7D6054
:103F5000BC60DFF8005AD5F8AC0388B106A900911F
:103F600007AB01AA08A92046FFF7B5FE0198502328
:103F70004FF6FF720B2118F042FFFF2800F0E98096
:103F8000FAF703FD814695F89503022880F2DE805A
:103F9000002840F08680F3F7CEF9DFF8C00ADFF89A
:103FA000C04A016841F002010160DFF8B80AC8F8B0
:103FB000000002A819F02EF86078DFF8AC1A04901F
:103FC00002AA05F56E7019F02DF802AADFF89C1A06
:103FD00005F5826019F026F802A8FAF7FFFC2078B0
:103FE000B24A039002AB192105F57D70FAF7AAFCDD
:103FF00002ABDFF87C2A1A2105F24C40FAF7A2FC4A
:1040000000230022DFF86C1A05F58D60F3F7F4F851
:1040100000230022DFF8601A05F2AC40F3F7ECF859
:10402000DFF8580A0168C1F3814038B10023DFF896
:10403000C42A042105F59E60F3F719FAA078012837
:1040400004BF0D20F3F7A9FA05F55670FAF702FD43
:1040500005F55470FAF7FEFC002085F88403C5F8D6
:104060008C030021072085F8901385F8911385F8BB
:104070002003C5F89C1300200521C5F8A003C5F84E
:10408000A41385F89403A449C5F88813636818003D
:1040900007D0207A410704D5D5F8980300220421DF
:1040A000984795F8950305EB8002401CC2F82873E9
:1040B00085F8950334464846FAF798FC3CB90FF268
:1040C000C06191E87C5109A880E87C5109AC206866
:1040D00038604FF4FA71F960A069B8620120218A52
:1040E00079837876E1693963606828B138610021A5
:1040F00060687861397605E040F6C410386178610F
:1041000001203876DFF8F00938627862F861E068FB
:1041100000B13862606900B17862A06800B1F861EE
:10412000C82107F13800F2F76BFA002107F15000BF
:1041300018F0DCFF00230022DFF8E41A07F1B800D2
:10414000F3F75AF8384611B0BDE8F0834846FAF75D
:104150004DFC002011B0BDE8F083F0B5DFF8F44766
:1041600094F89513002981B000F09E80B4F96C1387
:10417000B4F96E23914205461BD004F55471FDF746
:1041800051FB68B9D4F8600328B10069A84208BFA0
:10419000D4F8600304D004F556712846FDF742FBBD
:1041A00038B1B0F930100A224FF0E043284600F051
:1041B000B5F9FAF7EAFB0646D4F82803854207BFAB
:1041C0000021C4F828130020C4F82C0394F89503A8
:1041D000401E84F89503C0B2002850D1C4F898530B
:1041E00094F88403022820D1FAF7CFFB074694F80D
:1041F000940300F0F70084F8940394F89403010703
:1042000004D4082104F56E7018F03CFF3846FAF724
:10421000EDFB3046FAF7EAFB4FF0FF3105F15000B5
:1042200018F09AFFFAF7B1FB064604F56E7018F025
:1042300023FF04F57D70FAF7A6FB04F5826018F001
:104240001BFF04F24C40FAF79EFB04F58D60F3F778
:1042500020F804F2AC40F3F71CF8D4F8B01311B115
:1042600004F20450884704F59E60F3F730FBDFF852
:10427000F0078178012904BF0D20F3F727F9D4F85E
:104280009803A84204BF0021C4F898133046FAF7F7
:10429000ADFB05F1500018F05DFF05F1B80001B06D
:1042A000BDE8F040F2F7F5BF01B0F0BD612B0100B1
:1042B0002DE9F04DFAF769FBDFF8984694F884137E
:1042C00002291CBF94F88413042907D1DFF8042ABB
:1042D0001468FAF78BFB2046BDE8F08DFAF786FBF1
:1042E000DFF8F409DFF88C8A01680A6B904710F553
:1042F000003641F1000AD4F88013A8FB067B0020A9
:1043000008FB0ABB3C184BEB01052C462046BDE8D8
:10431000F08D000000000440FB2D01000021016031
:104320004FF0FF3301718360C160017441618161AD
:104330000177417770472DE9F04F83B081460F46F2
:1043400015469B46FAF721FB01906FF00106DFF856
:104350000486D8F82803814508BFD8F82C0330B16B
:10436000B830F2F7A1FF10B16FF00206AAE0FDF736
:104370006CFA040000F0C680DDE90C6A08F2AC407B
:10438000F2F7A7FFB8F86C03401CC0F30B00A8F8C5
:104390006C03E760002084F83200C4F808B02021E4
:1043A000B8F86C23DFF8D0092286C4F810903040AA
:1043B0000AEA0101C4E90601002284F83320C4E9B5
:1043C0000822EE6826642A7C84F844202B68636304
:1043D0002A7984F83820AB68E3636A69A264AB6920
:1043E000E3642A7F84F850206B7F84F851302A7C64
:1043F00022B9EA6812B1012384F844302A79002AEC
:1044000002BF3A7B02F00F02022A04D1012284F893
:104410003820BB686363082301E017465B1E7A6897
:10442000002A18BF002BF8D13A8802F47C42B2F57A
:10443000305F0AD194F8332042F0100284F8332020
:1044400040F00800C4E9060103E040F00202C4E9BC
:104450000621D8F84803484507D198F84C03C1070E
:1044600044BF00F0FE0088F84C03DFF8B809066886
:104470006FF002050EB92E461DE0D8F8642308F54A
:104480005670009008F55473D8F860132046B04772
:104490000646AE420FD0B8F96C03B4F9301088422A
:1044A00006D0B8F86C03411EC1F30B01A8F86C13D9
:1044B00016F1020F0FD1B8F86C03411EC1F30B01C6
:1044C000A8F86C13C8F8489398F84C0340F004001F
:1044D00088F84C0316E0B4F9306094F8330040F0EB
:1044E000800084F83300002189F8FC10D8F85003CC
:1044F000A0421FBFE168087B00F00F00022808BF40
:10450000FDF72FFC0198FAF771FA304603B0BDE8C9
:10451000F08F00000100020401000104F0B506461E
:104520000F46380081B014461D4603D500200021F7
:1045300001B0F0BD18F0A2FDDFF81824B2F9303058
:104540000021BB4202BF13690093B34203D192F82A
:1045500033301B0660D4B2F988300121BB4202BF60
:10456000936E0093B34203D192F88B301B0653D461
:10457000B2F9E0300221BB4202BFD2F8C030009352
:10458000B34203D192F8E3301B0645D4B2F9383177
:104590000321BB4202BFD2F818310093B34203D1CA
:1045A00092F83B311B0637D4B2F990310421BB425B
:1045B00002BFD2F870310093B34203D192F8933125
:1045C0001B0629D4B2F9E8310521BB4202BFD2F85B
:1045D000C8310093B34203D192F8EB311B061BD4D0
:1045E000B2F940320621BB4202BFD2F8203200931A
:1045F000B34203D192F843321B060DD4B2F998327C
:104600000721BB4202BFD2F878720097B7420BD1A4
:1046100092F89B723B0607D5582313FB01F15718FC
:1046200097F833100A0605D418F030FD0220002157
:1046300001B0F0BDD7E9082344F00A0445F0E04595
:1046400022402B4008BF002A0ED018F01FFDD7E9EA
:10465000080120402940C6E92C01D7E908238243FC
:104660008B43C7E9082312E0BA68DFF8BC178A4217
:1046700003D0BA68C6F8A820B960C6E9284518F082
:1046800005FD4FF0FF3106F1500018F065FDD6E949
:104690002C0101B0F0BD00000200004070B50646DC
:1046A000FAF773F90446DFF884574FF0FF30C5F886
:1046B0008C0306F1B800F2F70CFEB5F96E03B5F9FC
:1046C0006C13884210D195F8840302281CBF95F81A
:1046D0004C03002808D02046FAF788F90720FDF798
:1046E0004CFAFAF752F90446B5F96E03B5F96C13B2
:1046F000884219D105F2AC40F2F7EBFDFAF745F923
:10470000064695F8940300F0F70085F8940395F8B1
:104710009403010704D4082105F56E7018F0B2FC6B
:104720003046FAF763F902E0012086F8FC002046E3
:10473000BDE87040FAF75AB900B581B0930803F0AC
:1047400001030093530803F0010302F00102FFF795
:10475000B9F801B000BD00B581B0930803F00103C2
:10476000009302F001020123FFF7ACF801B000BD95
:10477000F0B500BF02A191E8FC5080E8FC50F0BD0C
:10478000FFFFFFFF0000000000000000000000002D
:104790003A013A01000000000000000000000000A3
:1047A0000022FFF7D4B90022FFF7D1B900B581B0DC
:1047B0006A46DFF87C16FFF7CAF9812803BF009824
:1047C000000200166FF07F0001B000BD70B50E460C
:1047D0001546FAF7DAF88324052E36D8DFE806F016
:1047E000030F15351F28DFF84426D2F8601321B1D6
:1047F000D2F860130A8E2A8028E0802426E0DFF8B1
:104800002C1691F820232A8020E0DFF8201691F85A
:104810008423022A0CBF01210021297016E0DFF851
:104820000C16D1F828232A60D1F82C1369600DE00A
:10483000DFF8F825D2F8281301B1C9682960D2F849
:104840002C1301B1C968696000E00324FAF7CEF8BF
:10485000204670BD9412005070B4DFF8D035B3F923
:104860003040002281B08C4202BF1E690096864211
:1048700003D193F833502C0660D4B3F98840012259
:104880008C4202BF9E6E0096864203D193F88B50F5
:104890002C0653D4B3F9E04002228C4202BFD3F875
:1048A000C0600096864203D193F8E3502C0645D4AD
:1048B000B3F9384103228C4202BFD3F81861009645
:1048C000864203D193F83B512C0637D4B3F990417B
:1048D00004228C4202BFD3F870610096864203D155
:1048E00093F893512C0629D4B3F9E84105228C4260
:1048F00002BFD3F8C8610096864203D193F8EB510A
:104900002C061BD4B3F9404206228C4202BFD3F8D6
:1049100020620096864203D193F843522C060DD4B0
:10492000B3F9984207228C4202BFD3F87812009163
:1049300081420BD193F89B02010607D5582010FB4A
:1049400002F29818C06801B070BC704701B070BC2A
:1049500000207047D041002010B504460C21F1F72B
:104960004FFE4FF0FF32227110BD002101704170E7
:10497000704700002DE9F04B0E4682B096F9048096
:10498000346883461746FAF700F8DFF8A02492F857
:10499000201300906FF001094FF0000C5FF001034D
:1049A00003FA0CFE11EA0E0F50D04FF0FF35A84568
:1049B00018BFE0454AD15FFA8CF0032846DA02EBD3
:1049C000401505F53075A87A00283FD121EA0E0080
:1049D00082F82003AB7285F809C00A2192F82203FD
:1049E000401C82F82203C5F800B02B720023424815
:1049F0006860298295F90900401DA874B068686153
:104A00007FB13B7878785B0143EA800395F9090030
:104A1000401D43EA00234FF6FC710B40DFF81404FD
:104A20000343AB6104B16C60D2F8980310B92968F4
:104A3000C2F89813FDF795F995F909900098F9F7E0
:104A4000D5FF484602B0BDE8F08B00BF0CF1010C69
:104A5000BCF1030FA4D3F1E7CC21084000200940AA
:104A600088170000110000E01D2B01006F270100D6
:104A7000E92601003B2B010085290100B44F0050BD
:104A8000F0B581B006460F468024F9F77EFFFFB2ED
:104A9000032F054627DADFF8943303EB471101F5BE
:104AA0003077B87AF8B13968B1421CD193F88403F1
:104AB000022812D197F90910D3F89803491D090665
:104AC000090C41F08161002241F00101FFF73FF83C
:104AD00004463846FCF788FF05E03846FCF784FFBB
:104AE000FDF73FF981242846F9F780FF204601B001
:104AF000F0BD00002B1B01001B2B01002DE9F04134
:104B000007460D4616468324F9F73FFF092D8046D8
:104B100000F27F80DFE805F005081114171D4254EC
:104B20006A6F3068386075E038696030386101213B
:104B300078697976603078616CE03068788369E014
:104B40003168B98566E03068DFF8E012C1F8A40387
:104B500060E0306848B9F9F718FFB44991F8942338
:104B600042F0800281F8942315E0012851D1F9F731
:104B70000CFF0646AD4890F8941301F07F0180F8D1
:104B8000941390F894130A0704D4082100F56E706A
:104B900018F078FA3046F9F729FF3BE0A34991F87D
:104BA0008403002804BFD1F85003002811D13168D4
:104BB0001920F9F70FFF31681A20F9F70BFF29E0E8
:104BC0009A4F97F88403002804BFD7F850030028B1
:104BD00001D000241EE0316807F56E7018F058FA15
:104BE000316807F5826018F053FA13E030788F4986
:104BF00081F820030EE09048436819000AD0007A3B
:104C0000810607D58948D0F8980332462021984775
:104C100000E003244046F9F7E9FE2046BDE8F081B4
:104C2000CD2901002DE9F04F0F4681B03C68DFF837
:104C3000FCB180460025A4088048844228BF032593
:104C4000F9F7A3FE8246DBF82C030026804508BF57
:104C5000012686F001000BEB8001B8F1000FD1F8BE
:104C6000289304D008F1B800F2F71EFB10BBB9F18D
:104C7000000F04D009F1B800F2F716FBD0B906EB2B
:104C800046000BEB80003968C0F830133A7A80F8A0
:104C90003823F2F702FBB4FBF0F1012998BF0121A0
:104CA00008F1B800F2F70FFB08F1B800F2F70FFBBC
:104CB000832507E09BF84C03CBF8488340F00200C3
:104CC0008BF84C035046F9F791FE284601B0BDE839
:104CD000F08F0000043004408C01001030B5044611
:104CE00083B0A0686A46FFF789F88328054604D197
:104CF000002269462046FEF72AFF284603B030BD51
:104D000030B585B00FF23C12002301AD1468049356
:104D1000039302930193009502AB806803AA04A950
:104D2000FEF7D9FF049909884FF6FF7291421BD113
:104D3000E8B1029800281CBF0198002802D06A46FA
:104D40002B2102E003986A462B21FEF725FFFF285E
:104D50000DD00098A40DC0F3150040EA845444F02F
:104D60000044204605B030BDA40D41EA84542046DD
:104D700005B030BD00093D00FFEFFF9FF0B400BF5C
:104D800031A26FF07F054CB21368AC4282B012D1F1
:104D900041788DF800108DF8041083788DF800307C
:104DA0008DF80530C2788DF800208DF80620017945
:104DB0008DF8001030E000220446214D01E0521C25
:104DC000641D94F900607F2E1EBFD4F80170C7F3F4
:104DD0001507AF4202D04FB2B742F0DA1AB902B0AB
:104DE000F0BC1846704702EB8202811811F8040CDF
:104DF0008DF800008DF8040011F8033C8DF80030A8
:104E00008DF8053011F8022C8DF800208DF8062061
:104E100011F8011C8DF800108DF80710019802B0F0
:104E2000F0BC7047F81B0020D3290100D0410020BE
:104E300001000304010004068817000041420F002E
:104E4000FFFF3F00FFFF3F00FFFF3F0080B5F9F786
:104E50009CFDDFF858231178002313708A070FD5C3
:104E6000F9F7C4FDDFF848030078002803D10021DA
:104E70000120FCF742FBF9F788FDF9F7B7FD01BD0A
:104E80004907FAD5F9F7B2FD00210020FCF735FB00
:104E9000F5E780B5F9F779FDDFF810130A7852F0DD
:104EA00002020A70F9F7A2FD0021DFF8080300787A
:104EB000F1F794FE01BD012800D0022800207047C0
:104EC000F8B5DFF8F40200683C3000688047DFF88E
:104ED000EC42DFF8EC120968401A21788900B0FB37
:104EE000F1F20023DFF8DC52286800218B4251DC0C
:104EF00001DB82424ED22868B3490968884249D210
:104F000028680021861A71EB030720780021A0FB96
:104F1000062300FB073301FB0633AC48016809692F
:104F20000068408B081864300021141A73EB0105E7
:104F3000012000218D420CDB01DC844209D3F2F711
:104F4000ACF9020000232000290015F0E9F8040064
:104F50000D00012000218D422EDB01DC84422BD389
:104F6000F2F706F806009A4F3868F2F79DF9002824
:104F700002D03868F2F7ADF93000F2F704F82100FA
:104F80003868F2F7A0F93868F2F7A1F900209149E2
:104F9000087014E08C4D286800218B4208DC01DB8E
:104FA000824205D228680021861A71EB0307ACE71C
:104FB00001208849087002E0012086490870F1BD8F
:104FC00080B50023844A07218448F2F750FA01BDD6
:104FD0007FB57D4800210160006879490860794CFF
:104FE0005FF470002060002070490870002079494B
:104FF0000870F1F7BDFF0500754E306800280AD033
:105000003068F2F751F9002802D03068F2F761F900
:105010003068F2F736F96846F2F750F900208DF85B
:105020000000002001906A4601216D48F2F707F95F
:1050300030603068002801D1FAF757FD3068F2F788
:1050400046F92800F1F79FFF0F2014F04FFE20686B
:1050500017F062FD7FBD80B5FFF7BAFF01BD38B51F
:105060000400F9F792FC050057480460200017F08F
:1050700083FD2800F9F7BAFC31BD38B5F9F785FC96
:1050800004004D4800683C30006880474C4909687E
:10509000401A4A4909788900B0FBF1F52000F9F778
:1050A000A5FC280032BD38B504004748006884429A
:1050B00001D3FAF71AFDF9F768FC050041480460CE
:1050C000200017F029FD2800F9F790FC31BD10B43D
:1050D0003B49444AD3680868181A384B1B789B0030
:1050E00090FBF3F34048414C647B50F82440B3FB01
:1050F000F4F004FB1030D2680A6010BC704780B531
:10510000FFF7E5FF02BD80B514F0AEFCF9F73DFCFA
:10511000F9F76CFC01BD10B5274800683C30006809
:1051200080472649284A146808788000444330485C
:1051300009788900B0FBF1F01168884201D2FAF7D2
:10514000D4FC1F480168611801600068041921003F
:105150002848F2F7BAFF14F0E8FCF9F716FCF9F763
:1051600045FC10BD80B518490868002806D00868BD
:1051700017F002FD1348006817F0CEFC01BD80B5A2
:105180000A48017851F004010170002109480078B3
:10519000F1F724FD01BD80B5F9F7F7FB0A4909686D
:1051A000084A1160F9F722FC01BD00007A72002064
:1051B0005F720020597200206C710020787200200C
:1051C00090710020947100208C7100205871002093
:1051D0009871002079720020B74E0100446E0020C3
:1051E000934E0100246F0020BC3D00002862002087
:1051F000FFF6C2FFF58100000100C9B28139032921
:1052000001D204201EE00100C9B2012907D001002B
:10521000C9B2032903D00100C9B2802901D10120FC
:1052200010E00100C9B2022901D102200AE0010008
:10523000C9B28439022902D3C0B2882801D103201F
:1052400000E0002070470100C9B24039252902D290
:105250004038C0B208E00100C9B2E039192902D2D1
:105260004530C0B200E0FF207047C2207047704751
:105270002DE9F8430D000026002D00D1E82604009A
:10528000002C00D1E8263000C0B2002802D0300047
:10529000C0B270E06068401E60603F2061680870C6
:1052A000E06C002806D06068401E606000206168E5
:1052B000087005E06068401E6060802061680870CA
:1052C0002089801C20810220A4F8480000270AE0E1
:1052D000208918EB00002081B4F8480018EB000882
:1052E000A4F848807F1C3800C0B202283FDA38009A
:1052F000C0B215F83000FF2839D03800C0B215F818
:1053000030002A28EED13800C0B205EBC00040685A
:105310000028E7D0DFF8E0953800C0B205EBC00008
:105320004068D9F81810884780466068414689B2BD
:105330004942084460603800C0B205EBC000007903
:1053400040071AD5DFF8880600788DF800006B4614
:1053500022003800C0B205EBC00041686068D9F88F
:105360001CC0E0470028B3D1EB20C0B203E0606866
:1053700060643000C0B2BDE8F28300232200380030
:10538000C0B205EBC00041686068D9F81CC0E047B6
:1053900000289DD1EB20C0B2EDE730B58BB0040002
:1053A000002500F039FD002802D0FC20C0B262E0E8
:1053B000112221006846F1F7CFFD607C8DF81100C5
:1053C000A07C8DF81200E07C8DF81300DFF88005DA
:1053D00090F853008DF81400607D8DF81500A07DC5
:1053E000002801D0012000E000208DF81600E07DAB
:1053F0008DF81700207E8DF8180094F824008DF8A1
:10540000240094F825008DF82500E08CADF82600E6
:105410000B2214F119010DF11900F1F79DFD607CCB
:1054200000280ED18120F1F7A1FD04000A94002C80
:1054300005D08121FF222000F9F7B2F911E01A25E9
:105440000FE000200A909DF81500002809D09DF873
:10545000150024214843F1F789FD0A90002800D166
:105460001A252800C0B2002803D16946072000F0A1
:1054700011FD2800C0B20BB030BD38B5040094F85F
:105480002C00032803D194F83600032804D0E82028
:10549000DFF8441748703BE00822DFF88C1614F15F
:1054A00024000EF0FDFC002804D0EA20DFF82817C5
:1054B00048702DE014F124014A20FCF799F8606847
:1054C00001784278120252FA81F1ADF80010851C81
:1054D00069465020FCF78CF828786978090251FA5F
:1054E00080F0ADF80000AD1C69464B20FCF780F859
:1054F000681C01784078000250FA81F0ADF8000095
:1055000069465320FCF774F80020DFF8CC16487089
:105510002A202070200000F088FC31BD80B5DFF823
:105520003404FF210176C27E012A1AD10022C276FC
:10553000DFF8A806C07A00281ED0DFF8140490F81F
:1055400043208DF8002090F852208DF8012090F82B
:1055500053008DF802008DF803106846F7F74CF9F8
:105560000AE0DFF8EC0390F82C10407B814203D076
:10557000FAF775FBFFF703FE01BDF8B5DFF86046EB
:105580002088002813D10121DFF84C06C08F81400C
:10559000491CDFF85006007841434FF470704143D6
:1055A0004FF47A70B1FBF0F0DFF83C1608802088E9
:1055B000DFF834160988884221D2DFF83006006807
:1055C000DFF82C160968403109688847DFF824168F
:1055D0000A780300DBB29A4200D208702088401C8F
:1055E0002080F1F75AFEDFF810360022DFF80C16A3
:1055F0004FF47A74B4FBF0F0F1F729FC30E0DFF8F7
:10560000F45595F9000040B200F04EFFDFF8C815E0
:105610008A6991F84430D05491F84400082291F8F6
:105620004430082693FBF6F30B4491F844600827B6
:1056300096FBF7F631444979012690FBF2F702FB1D
:10564000170016FA00F031EA00005871002020809F
:10565000002028700421DFF84C060078F1F7BEFA2C
:10566000F1BDF8B50500DFF8EC42607F002800F0DE
:105670009C80DFF8DC62E88FF18C884240F09580F6
:1056800015F12400F6F73DFC002800F08E80002084
:10569000607796F82900002802D00220FAF79EFAD7
:1056A000DFF85C0590F82B00002802D00120FAF703
:1056B00095FA287CC00605D51020FAF78FFA8020CD
:1056C00000F042FB2020FAF79AFADFF88C7217F10B
:1056D000100014F0A4FA6868007869684978090233
:1056E00051FA80F0010089B2091211F00F016176C0
:1056F000010089B2090B11F00101A17610F00F0130
:10570000A177C0F3031086F82C0096F84F000F28FD
:105710000CD0A07F96F84F10884207D26868C078F6
:10572000002803D196F84F00707301E0A07F7073DA
:10573000002087F83000707B0F282FD0717B280065
:1057400014F0A9FAE07E02280FD1380014F067FAAD
:105750004FF47071707B8140DFF87802727B30F813
:105760001200091A380014F02DFA2A8996F82C1024
:10577000022014F049F896F82C00717B884209D079
:10578000200014F04CFADFF82405A06061692000C5
:1057900014F018FA102000F0D7FA06E0E07E022894
:1057A00003D114F06DF814F09FF8F1BD78B585B011
:1057B0000400DFF8245495F84400822803D1002027
:1057C00085F8440004E095F84400401C85F8440046
:1057D00095F84400082190FBF1F0284490F82C0043
:1057E00095F84410082291FBF2F1294495F84420E1
:1057F000082392FBF3F22A4492F82C20D2B25208EA
:1058000081F82C20C0B2C00709D495F84400401C90
:1058100085F8440095F844008128D9DBFFE795F826
:105820004400812859DA15F14401E120FBF7E0FE3C
:1058300002208DF810004FF6FF73ADF80830A878FD
:10584000002816D1F1F729FDDFF8AC330022DFF88C
:10585000AC134FF47A76B6FBF0F0F1F7F8FA0028C3
:1058600047D01A2068702A202070200000F0DDFA4E
:105870003FE0A878022803D1200017F039FD38E076
:10588000A878012802D10820802101E00720832187
:1058900015F1490201920022009202AAC9B2C0B2D7
:1058A000F6F796FC0100C9B2DB290FD00100C9B29E
:1058B000E5290BD00100C9B2F32907D00100C9B214
:1058C000DF2903D00100C9B2E82912D168702A206B
:1058D0002070200000F0A9FA0BE0A878002803D17E
:1058E000DFF81403F1F702FB2A202070200000F0FB
:1058F0009CFA06B070BD00008464002038B514F036
:1059000080FAF9F742F8040000F016FC104D95F902
:10591000420000F05FFCDFF8A003007800F022FCFA
:10592000E88C00F03AFC688D00F03EFC15F1440074
:1059300000F041FC2000F9F759F895F8430000F019
:10594000F5FC15F129015220FBF752FE31BD000094
:1059500028620020986C00202C690020DFF85C038E
:10596000DFF85C130160DFF85C134160DFF8581367
:105970008160DFF85813C160DFF854130161DFF86C
:1059800054134161DFF8501381610021C161DFF8D8
:105990004C130162002141620FF23D0181620FF25E
:1059A0004501C162DFF83803DFF838130160DFF822
:1059B00038134160DFF834138160DFF83413C160BD
:1059C000DFF8301301610020DFF8EC120870704737
:1059D000617200201C07002080B5E920FBF7E9FB7D
:1059E00001BD000080B5FAF74BF901BD38B50400E0
:1059F0000025DFF8BC02007800283BD094F88C002A
:105A0000002818D125202075DFF8EC020068807D81
:105A1000400604D5DFF8900290F84E0003E0DFF86E
:105A2000880290F8250084F85E0094F85E00801CDF
:105A300084F85E0010E015202075DFF8BC020068D5
:105A4000807D400603D5984890F84E0002E09648C5
:105A500090F8250084F85E00042084F85F000020A0
:105A600084F85D000A2214F1840114F16400F1F756
:105A700073FA01E001202075B4F89200E08294F8F6
:105A80009400E07694F89500207794F820000F2891
:105A90000ED0B4F89C00002801D1012200E00022C1
:105AA0000023D2B214F12001200017F079FD050087
:105AB0002800C0B2002802D02800C0B233E094F819
:105AC0003000FF2802D1E06C002805D014F130012D
:105AD0002000FFF7CDFB05002800C0B2002802D04F
:105AE0002800C0B21FE000200090B4F88E3014F1FE
:105AF000840294F890102000F6F718FA05002800A8
:105B0000C0B200280DD16B48C0892189884205D2D6
:105B1000E5206070200000F009F802E0200013F09A
:105B200065FA2800C0B232BD3E62002010B5040004
:105B3000207D012808D0207D152805D0207D25282E
:105B400002D0207D352818D1207E000715D4564874
:105B500090F8820000280BD060781B2808D1012023
:105B6000FAF73CF84FF4806000F0F6F8002060701F
:105B70006178200000F0F8F82DE0207E400607D57F
:105B80005E490868002802D060780968884722E0EA
:105B9000207D012802D0207D152805D1207E000718
:105BA00002D53120207011E060781B2802D123201B
:105BB00020700BE06078002804D15148217D405CC2
:105BC000207003E04F48217D405C20702100354863
:105BD0000078F0F788FF10BDB8650020046F002042
:105BE000107200207872002012720020587100207C
:105BF0006C710020577200200C7100207B55010051
:105C0000586A00201FB5417E09064AD5017D012949
:105C100005D0017D032902D0017D042941D13A49F3
:105C2000097A11F00A0F3CD041684978C1F381012B
:105C30008DF808109DF8081002290ED141684979A5
:105C40004268927951EA0221ADF800104168CC789F
:105C50004068007954EA002408E09DF80810032900
:105C600004D14068411D684608F048FE210089B211
:105C7000684616F037FA0100C9B21E2902D0C0B238
:105C8000002807D116F0BCFAFE280AD1002016F031
:105C9000A1FA06E016F0B4FAFF2802D1012016F0AE
:105CA00099FA1FBD59720020286200201D5501007D
:105CB000846400200C0700205B720020F86900203B
:105CC000C7C30000F1C30000FBC300009F900200A7
:105CD0001FC4000081900200A7910200C9C3000008
:105CE0001C6E0020F914010033C50000B3C500008C
:105CF00075C6000019C60000107100201C7100203C
:105D00008C3B00009C3B0000B46F00201CB5AE4CE7
:105D10002068002802D0200000F038F90020A0728E
:105D200002E0684600F032F9A8480078F0F72DFF4D
:105D300000900028F5D1A6480078002803D1002162
:105D40000020FBF7DAFB13BD80B50100C9B29F4804
:105D50000078F0F743FF01BD80B5010089B29B4890
:105D60000078F0F73BFF01BD10B586B00C009949F3
:105D70000278895C8DF800109DF800100B2903D182
:105D80004470F6F74CFB39E09DF80010002935D03F
:105D90009DF800100C2926D12100C9B21A2902D180
:105DA0000020019025E0019090F891108DF80210EC
:105DB000C1680291018AADF80C10817DC90601D538
:105DC000002104E0844991F83420817E511A8DF835
:105DD0000E10417F8DF80F10817F8DF81010C07F5D
:105DE0008DF8110005E09DF80010112901D1F0F7A0
:105DF0006BFE8DF80140684613F0A4FB06B010BDA1
:105E00007149887A002802D0887A022801D10120BD
:105E100000E00020C0B270476B48807A032801D1AF
:105E2000012000E00020C0B2704738B5664C6B49D5
:105E3000A27A51F82220037813F07F0303700378CD
:105E400002EB43035B781D00EDB251F825100029E9
:105E500000D0A372017812F8113061491A00D2B251
:105E6000121151F82220002A02D1F6F7B7FA10E0F9
:105E70001900C9B211F00F0152F82110002906D003
:105E8000DBB213F00F0352F82310884701E0F9F753
:105E90002CFE31BD2DE9FC4105000F000026DFF886
:105EA00044812800C0B238F81000F0F7F9FD040072
:105EB000002C1BD02800C0B238F810100022A046D9
:105EC0004046F8F76DFC2570002060704648EDB242
:105ED000425D3900201DF1F73FF821003B48007872
:105EE000F0F701FE002808D01A2606E08DF80050D1
:105EF0001A216846FFF738FF1A263000C0B2BDE805
:105F0000F6812DE9F84305000E0036482900C9B294
:105F100030F81180002758FA87F080B2F0F7C0FD02
:105F20000400002C1FD0414689B20022A1464846F9
:105F3000F8F736FC2570002060701FFA88F804EB33
:105F400008006060FFB227812748EDB2425D310052
:105F500014F17800F1F700F821001C480078F0F700
:105F6000C2FD002006E08DF800501A216846FFF7B8
:105F7000FBFE1A20BDE8F2831449087070471249ED
:105F80004A68824201D100204860704738B5040059
:105F9000002C01D1F9F7A9FDF8F7F7FC05002068FE
:105FA00000280CD020680C3807494A6823689A42B8
:105FB00001D100224A6000212160F0F7D8FF2800BB
:105FC000F8F714FD31BD0000B46F002059720020B5
:105FD0005F720020A03D000028620020DC1B002032
:105FE000946B00207C3D0000943D0000E0B56A46C3
:105FF0000221DFF88C060068DFF888361B6844331E
:106000001B6898479DF800000EBD80B5DFF8781634
:1060100008680069002807D0DFF8700690F8530080
:1060200080B209680969884701BD70B58AB0DFF898
:1060300050462068002810D1DFF84856286800280C
:1060400001D1F9F752FDDFF84866300029682031A8
:1060500009688847DFF83C06F061FFF7D6FFDFF8F4
:106060002C0690F9420000F01CF910F1010F0CD041
:106070000100C90F002903D1DFF81C16488204E093
:106080004FF6FF70DFF810164882DFF80C5600203C
:10609000688000206860687B10F0F00050F001001C
:1060A0006873287B50F080002873F6F743FB0028C4
:1060B00007D11020DFF8E41508701420DFF8E01590
:1060C0000870206800280ED1DFF8C4352A00DFF8F8
:1060D000D4050168DFF8D005DFF8A8552D682D68D4
:1060E000A847206022E00020F1F79CFFDFF89465CC
:1060F00002A8316864310968884700200590DFF8FC
:10610000AC158868002802D088688047089008206D
:106110000021CDE90001002302AA2900206834688B
:1061200050342468A047DFF8880505600AB070BDC8
:1061300080B5FFF77AFF01BD0020DFF87815087001
:10614000FF20DFF8741508705FF0FF30DFF86C1582
:106150000860DFF86C1508607047704780B516F06E
:10616000C1FC02BD30B40100C9B2002901D08022B7
:1061700000E00022DFF84C351C881D884FF67F7147
:106180000D402A4322431A80DFF83C15C0B20A8B27
:1061900060F3C7120A8330BC7047DFF82815C88146
:1061A000DFF8241548867047DFF818158881DFF876
:1061B00018150886704710B5040008222100DFF882
:1061C0000C05F0F7C9FE08222100DFF80405F0F7FE
:1061D000C3FE10BD80B540B200F063F810F1010FAE
:1061E00001D1E82002E000F07CF8002002BD30B4CC
:1061F0000200DFF8E0341868002824D0186800781E
:10620000121A18680078081A0C00E4B2FF2C18D093
:106210000C001D682D78E4B2AC4212D3C9B21C68E0
:1062200024781D686D7855FA84F4A14209DA19685A
:106230004968D2B289561A685268C0B21056814273
:1062400001D0012000E0002030BC704770B4020093
:10625000DFF880341868002821D091F90040100040
:106260001D682D78C0B2A84219D31000C0B21D68B5
:106270002D781E68767856FA85F5A8420FDA1868E8
:106280000078121A186840681500EDB2405764B2E1
:10629000A04204DA18684068D2B28056087070BC18
:1062A000704701B56946DFF810040078FFF7CEFFAC
:1062B000DFF8240400689DF90010DFF8C823126895
:1062C0006032126890478102890ADFF810249142F7
:1062D00004D0DFF8E8130860086801E05FF0FF30E1
:1062E00002BD10B5F8F751FBDFF8D443DFF8CC233B
:1062F00011682368994216D0DFF8E4130978002961
:1063000011D1DFF8E013097809060CD4DFF8D813AF
:106310000978002907D111682160F8F767FB206828
:10632000F1F7A0FE01E0F8F761FB10BD10B5040025
:106330002000C0B2812801DBF9F7D7FBF8F725FB75
:10634000DFF870130C70DFF8A4130978002909D165
:10635000DFF890130978002913D1F8F747FB00F014
:1063600014F811E0DFF87C130978090609D4DFF886
:1063700078130978002904D1F8F738FB00F005F804
:1063800002E0F8F733FB012010BD38B5DFF85C03FD
:106390000078002807D1DFF84C030078002801D0EE
:1063A000F9F7A3FB0BE0DFF83C030078000604D408
:1063B000DFF834030078002801D0F9F796FBF8F7EE
:1063C000E4FADFF8F442DFF8EC52297822789142BF
:1063D00004D1DFF81C13097849071CD5F8F706FB30
:1063E000F9F7AAFC2878F1F737FE012810D12178B7
:1063F0002878FFF7FCFE002808D028782070DFF806
:106400008C0290F94200FFF7E5FE01E02878207049
:10641000F9F736FC02E0F8F7E9FA012032BD70B571
:106420000500B44C2078002801D0F9F75EFB974EA8
:10643000F08CB14908802800C0B2002802D10120A8
:10644000207022E02800C0B2032804D1F1F7D1FB6C
:106450000320207019E02800C0B2052808D02800C9
:10646000C0B2012804D0EDB2022D01D0F9F73DFBF6
:1064700002202070F1F7BDFB4FF6FF70F084F08C26
:106480009049C881F08C9049488670BD0020994998
:1064900008707E4898490988C184C18C894AD18195
:1064A000C08C89494886704710B47FF059017FF04D
:1064B000130203000C005BB264B2A34201DA0800CD
:1064C00006E01100030049B25BB2994200DA100005
:1064D00040B25A30FF214843462190FBF1F0C0B250
:1064E00010BC704780B540B2FFF7DEFF02BDFEB5BD
:1064F0000400824D2878002818D1624E604F6A4609
:1065000002213868336844331B6898479DF80000BF
:1065100000280BD0E4B2002C01D1F1F79CFE012041
:106520002870386831681C3109688847F7BD38B56C
:106530000400724D2878012810D1FFF757FD00287C
:106540000AD02878012809D100202870E4B2002C54
:1065500004D1FEF707FE01E000F001F831BD70B58F
:106560008AB00020474D02A829686431096888472D
:10657000634C28683C3000688047A060207B10F0A6
:10658000F00050F00200207300206080A0680290AC
:1065900001208DF80C0000200590F8F7F6F90600B0
:1065A00002205649087041498868002802D088684E
:1065B0008047089002200021CDE900010FF2650319
:1065C00002AA21002E4800682D6850352D68A84782
:1065D00005003000F8F70AFA2DB2002D05D541F27A
:1065E00088310320F1F7F5FE05E046480178491CA3
:1065F00001702F4804600AB070BD10B53F4C207880
:10660000022805D140480078002801D0F9F76DFA3A
:106610003D480078002802D120780228FCD010BD27
:1066200000000000F8B514001D00374E0120307046
:10663000324F3878022801D0F9F757FA2000800746
:106640000FD414F0000015F08071002909D1002842
:1066500007D114F0000015F08051002901D1002865
:1066600008D028480178491E017000203870FEF7D4
:1066700079FD01E0F9F739FA00203070F1BD000032
:10668000587100206C710020687100202862002081
:10669000B86C002054F10080585E00207872002011
:1066A000607200204C710020505B0020FC3D000017
:1066B0005C7100206472002062720020487100202A
:1066C00044710020346F0020005E0020376F0020EE
:1066D000285E00205471002050710020FFFF3F0011
:1066E000727200207B7200207C7200208464002083
:1066F0006F7200207172002014720020561D00205D
:106700003C0700206B7200205F720020F0B587B05C
:10671000044604A800250026002780E8E0008DF844
:1067200019501E26087A8DF818005B1C0988DFF8BE
:10673000200CADF810104168257801F8015C039633
:106740004E1E4578DFF80C1C02950930019000962A
:1067500004A80EF060FF010002D12178491C2170CD
:1067600007B0F0BDF8B5DFF8E85B069C6E681F4621
:1067700003E014F801CB06F801CBBC46ACF10107ED
:106780005FFA8CFCBCF1000FF3D1079C04B14024EC
:106790006C70FFF7BBFF00246C70F2BD10B500F009
:1067A000ADF80223014604F10800BDE81040ADE752
:1067B0002DE9FF41DFF8987B80460D467C68DFF8C5
:1067C000180C1646414608F08AF838B90F214FF6E2
:1067D000FD728DF80810ADF8002007E002218DF859
:1067E0000810DFF8F82B1188ADF80010414620465C
:1067F00008F084F80A23057046700022694607F104
:106800000800FFF783FF04B0BDE8F0817FB5DFF833
:10681000404B6568ADF8000002268DF808602870CE
:10682000A970000A6870EA700423012200F0AAF837
:1068300004B070BD2DE9F047099E9846B4460CEBB4
:106840000803DFF80CABDAF804505B000C469B1D24
:10685000D9B25129A8BF102042DA01464FF6FD7087
:106860000F7A4FF6FF790F2F18BF022F03D10F8831
:106870004F4508BF08804C4508BF04462C70681D72
:10688000240A6C70AA70120AEA70B8F1000F85F839
:1068900004800DD0089A002432F8145000F8015BEF
:1068A00032F81450641C2D0A444500F8015BF3DBF8
:1068B00000F8016B6EB10A9A002432F8145000F807
:1068C000015B32F81460641C360A644500F8016B01
:1068D000F3DB0AF10800BDE8F047DBB2062215E75A
:1068E000BDE8F08710B500F009F89A70014604F190
:1068F0000800BDE810400323042207E7DFF8504AF0
:1069000063681970090A597070472DE9F0411546FE
:10691000DFF83C6A2C7880467068102CA8BF1024E1
:106920000170C71C090A417084702022102138466A
:10693000F7F736FF2246691C3846F0F70DFB414653
:1069400006F10800BDE8F04113231422DEE67FB50E
:10695000DFF8FC4963680F254FF6FD768DF8085087
:10696000ADF800601870000A5870002914BF40206C
:10697000002060700223152200F004F800216170ED
:1069800004B070BD694604F10800BFE63EB54FF69D
:10699000FD75ADF800501446DFF8B4596A680F234E
:1069A0008DF808301070000A5070901C07F0A6FF98
:1069B000686884720B23132200F001F83EBD69461B
:1069C00005F10800A2E62DE9F84FDFF884490D7AB9
:1069D0009C4663680F2D04BF4FF6FC750D80DDF8F3
:1069E0002880012648F21F05A84503D1002502266C
:1069F00003F8015B994603F8012B054600278A46F8
:106A00009346CDF800C01846009A237802EBC301E4
:106A100007F074FF2178491C217008367F1CC9B229
:106A2000594503D0F9B20A29EEDB04E089F8007079
:106A30000020207017E00A2189F8001020785845BE
:106A400011D2B8F11F0F02D1F5F7A7F90BE048F208
:106A50001F01884507D1DFF8880900780A224FF422
:106A60008041EFF725FEF3B242465146284601B079
:106A7000BDE8F04F4AE62DE9FC470FF670110646D7
:106A8000D1E90023CDE90023F0894FF6FE790024F7
:106A90004D4600280CBF08210221B369DFF8B07809
:106AA00013F80180DFF834A9DFF82C2940B91C461F
:106AB0002146104607F013FF88B1BAF8005009E0EC
:106AC0001878597800EB0125BAF80000ADB285427C
:106AD00005D114464D451CBF002C786806D1307B8B
:106AE00088BB78684D4518BF002C0BD0B8F1000F5B
:106AF00014BFB8F1010F00220BD0317B8022012995
:106B000007D120E0F189812200290CBF4FF6FF75E3
:106B10006C4600F8012B1CB1214607F0EFFE02E0A5
:106B2000694607F0EBFE05702D0A4570102078705D
:106B30000B23F28942F40042B11C06F11100FFF769
:106B4000E5FD00207870BDE8F38710B500F03EF851
:106B5000117801F01F01D9705178197194785C7126
:106B6000D17899711479DC715179197294795C72C8
:106B7000D17999721489DC721189090A1973917A91
:106B80005973D47A9C73117BD973811CBDE8104072
:106B9000102348F2020217E010B500F017F8116850
:106BA0000C0901F00F0141EA0411D97011680A0BB8
:106BB000090A01F00F0141EA02111971811CBDE8B7
:106BC0001040052348F2030211309FE5DFF88037BB
:106BD0005B6800241C705970090A9970704770B581
:106BE000DFF86C375C680D000AD14AB1D379157BA8
:106BF000EB185B000C33DEB2512E02DB102070BDAF
:106C000004232170DEB281690D786570042E8169DC
:106C10004D78A5703FDD191FE170157825715188F9
:106C2000617155882D0AA5719188E17195882D0AA9
:106C30002572917901F00F016172D179A1720B3443
:106C4000D17989B100210CE0956835F8116004F81C
:106C5000016B956835F81160360A491C04F8016B20
:106C6000C9B2D579A942EFDB167B04F8016B117B21
:106C700099B10021157BA9420FDA166936F8115037
:106C800004F8015B166936F811502D0A491C04F806
:106C9000015BC9B2EEE70021E170811CBDE87040E4
:106CA000DBB248F204028FE72DE9F341DFF8A0469A
:106CB0000427D4F804C048F20601054690468842ED
:106CC0000CBF10260026099A08988CF800308CF822
:106CD00001008CF80320000A8CF80200100005D097
:106CE0000A99171D0CF10400F0F736F96670FBB233
:106CF0002A46414600F01FF800216170BDE8F68188
:106D000071B5DFF84C0640680C46002181B01D7853
:106D100001704270591C120A82702D1D1E78C670B7
:106D2000001D1A78F0F718F9EBB248F2110221466B
:106D300000F001F876BD01A8E8E411B5DFF81046CF
:106D4000636881B004981A70587048F21502000AFE
:106D50009870032310206070FFF7EDFF0021617031
:106D600016BD31B5DFF8E845646804982270637099
:106D700000251B0AA3700246E570042300F001F809
:106D800032BD6846C2E42DE9FE4F0C9CDDF8388028
:106D9000DFF8BC9508EB0406824676001D46D9F85C
:106DA000040001900F36F3B29346512BA8BF102078
:106DB0003DDA0F46009705F020FC009989B2814228
:106DC00018BF022033D1019807703F0A01994F7014
:106DD00005F00AFC01460198801C07F08FFD002297
:106DE00080F800B045702D0A8570C470001D0D99A3
:106DF0008DF8304001E000F01CF89DF830309A42E8
:106E0000F9DB00F8018B00220F998DF8388001E042
:106E100000F00FF89DF838309A42F9DB5146F3B292
:106E200009F1080003B0BDE8F04F20226EE4BDE890
:106E3000FE8F31F8123000F8013B31F81240240A7D
:106E400000F8014B521C70472DE9F047099EDFF80E
:106E5000005589468046317A68680C279A4603298E
:106E600008BF152702D0012908BF0E27089C11462C
:106E700007F044FD80F800A04470240A8470317A41
:106E8000C170001D317A032905D10A9C314607F0F3
:106E900035FD047006E0012904D131880170328883
:106EA000120A4270102068703B464246494605F17E
:106EB0000800FFF72BFC00216970BDE8F087F8B5EA
:106EC000DFF88C740446786815461E46F0F791F892
:106ED00021460570467007F1080001B0BDE8F0409A
:106EE0000623302212E470B5DFF86464044670684B
:106EF000154607F003FD70680572214606F108008B
:106F0000BDE8704009233522FFF700BC3EB5DFF82D
:106F100040540446686801704270207A022818BF05
:106F20000F2816D120884FF6FF7188421FBF4FF6F9
:106F3000FC7290424FF6FD7188420AD102228DF810
:106F4000082005F05AFBADF8000002233622FFF7B7
:106F500036FD02233622214605F10800FFF7D6FB55
:106F60003EBDF8B5DFF8E8530446686816461F468C
:106F700007F0C4FC686800210172012E04BF4021A3
:106F80000172012F03D1017A41F080010172214683
:106F900005F1080001B0BDE8F04009233422FFF7F5
:106FA000B5BB2DE9F041DFF8A8638046706817464D
:106FB0001C46F0F71EF80525062F077002DA062595
:106FC00044700DE0FE2F18BFFF2F01BF0699062564
:106FD0004170FF2F04D1079981700825090AC170FB
:106FE0002B46414606F10800BDE8F0413822FFF784
:106FF0008DBB2DE9F14FDDF82C9088464E460C21D3
:1070000011FB06F6361DF0B215461C4600F0ACF832
:107010005FEA000A08BF10203AD00A980AF1010777
:107020004FF0000B3D707C70B87087F803903D1DE9
:107030000C9C1BE004F10C01284607F05FFCA078D3
:107040002872A0796872617940EA01106872FF20A5
:10705000A8724FF6FE702189814207BF0020E872B6
:107060000122EA72A4690C350BF1010B5FFA8BF077
:107070004845DFD300F0D2F848F23002FFF781FE36
:1070800005465046EFF773FF04F10D006060284697
:10709000BDE8F28F2DE9F14F82B010000E9DDFF8B0
:1070A000B06288469A4648F2310907D07468227067
:1070B00001234A4602A8FFF729FB53E00D9C27460F
:1070C000162010FB07F73F1DF8B200F04DF80090B6
:1070D00008B9102046E000990C984A1C019211460C
:1070E000002281F801A00A708870CC7001F1040BB5
:1070F000924623E0A91C584607F000FC05F10A015E
:107100000BF1080007F0FAFB698A017000F1060B29
:107110006A8A120A42700AF1010A297D81706A7D29
:1071200041EA82018170AA7D41EA02118170E97D04
:10713000C1702A7E0271697E41711A355FFA8AF048
:10714000A042D7D301987060FBB24A46414602A8DC
:10715000FFF7DCFA04460098EFF709FF06F10D008F
:1071600070602046BDE8FE8F401CEFF7FFBE2DE9A2
:10717000F14781B08846DDF82CA015211AFB01F0FB
:10718000001DC0B214461D46FFF7EEFF5FEA00097E
:1071900008BF102040D00A9809F1010704263C706E
:1071A0007D70B87087F803A0381D0C9C002522E084
:1071B000A18900F8011B0E36A289120A00F8012BE2
:1071C00017E0214607F09AFB217A0170628942702C
:1071D0006189090A8170217DC170001D217D03290B
:1071E000E6D104F10C0107F089FBA17D00F8011B39
:1071F000153618346D1CE9B25145E2D300F00EF893
:1072000048F23302FFF797FD05464846EFF7AFFE19
:1072100004F10D0060602846BDE8F6874C4C4146FD
:107220006760F3B270472DE9F14FDDF8308008F167
:107230000A095FFA89F00D4692469B46FFF794FFD4
:10724000040008BF10202DD00B9F0A9E601C5946D9
:1072500000F801ABEFF7CDFE0670360A4670877076
:1072600080F804803F0A5FEA0801C77004D00D99D6
:107270004246401DEFF770FE29460E98344D621CC1
:107280006A6068705FFA89F348F23802FFF779FDA7
:1072900006462046EFF76BFE05F10D006860002101
:1072A00069703046BDE8F28FF8B54E4C2768054648
:1072B0000E46384607E00179A94204BFC388B342AD
:1072C00010D0074600680028F5D10820EFF74EFEE1
:1072D00050B10571C680002202602168002914BFE8
:1072E000386020600020F2BD1020F2BDF8B50646DF
:1072F0003C480468002727E0F089E188814207D0F4
:107300004FF6FF7291421ED1010401D413281AD105
:10731000B07C2030EFF7C4FB050014D020223146AA
:10732000EFF71AFEB07C38B105F12001A961B27CFB
:10733000B169A869EFF710FED3202870294620799B
:10734000EFF7D1FB01272468002CD5D13846F2BDD8
:10735000301800201418002038B588B002218DF8AC
:107360000A100024C188ADF80210417D8DF80C1080
:107370008188ADF80E10417E8DF81010818C4A1E68
:107380008DF81220816A4A1C0692816A0A788DF86B
:107390001120418AADF81410818DADF81C1068469B
:1073A000FFF7A4FF104900E0641CE2B231F832306C
:1073B0004FF6FF75AB4209D0BDF80E50AB42F3D18A
:1073C00001EBC20168464A68904703E010B968467D
:1073D000F4F725FC09B030BD18700020CC17002050
:1073E000DA1700209070002094380000FFFFFFFFA4
:1073F000FFFFFFFFDFF80C0B8068704770B500F0EF
:1074000020F808B9102070BD002101608480C5807B
:107410008660DFF8F01A4A6812B9486004E00A464C
:1074200011680029FBD11060002070BD70B500F01C
:1074300008F808B9102070BD00F040F8DFF8601BB4
:1074400031E004460D4616460C20EEF750B9F8B56B
:1074500005460E4617461820EEF749F9040001D1FB
:107460001020F2BD18220021EEF743F90020206021
:10747000A060257126746761DFF8280B016811B9D7
:10748000046004E0014608680028FBD10C6000207D
:10749000F2BD70B5FFF7D5FF08B9102070BD00F040
:1074A0000DF8DFF81C1B0A6812B9086004E00A46F0
:1074B00011680029FBD11060002070BD002101601F
:1074C000047145718660704738B50C46154600F06A
:1074D0006BFD18B18460C560002032BD012032BD53
:1074E0001FB501248DF800400AB9062B01DB0329E2
:1074F00001D101200FE001AB1222002100F062FD5A
:1075000020B1002201A9684600F02EFF9DF800007E
:10751000012818BF002004B010BD2DE9F04F87B03E
:1075200005468A46164699460EF088F9040008BFBB
:10753000022032D0ADF818603146284600F089FDAF
:1075400080465FEA4860DFF8BC6906D4B06820B1C5
:10755000407E012808BF48F04008109F0822002103
:1075600004A8EEF7C6F82FB10499012060F30101D9
:10757000049103E00498800880000490A06858B14A
:107580004088049ABDF8181000904B4602F00302A0
:107590002846FFF7A5FF08B9012079E013980100FC
:1075A00005D0049AADF8140042F004020492119838
:1075B0000028049814BF40F0080020F00800049050
:1075C00012980028049814BF40F0100020F010001A
:1075D00004908DF81790032114988DF816000498E4
:1075E000C0F3800000B10521DDF854B00BEB0107BA
:1075F000B8B2EEF77CF8050048D0049800F003001C
:1076000028706B1C049989088A0002F00402104358
:1076100028700499C908CA0002F0080210432870B3
:10762000049909090A0102F0100210432870049815
:10763000C0F3800038B1BDF814001870BDF8141004
:10764000090A59709B1CDDF85C9016999DF816008C
:107650001870981C9DF817205A705A46EEF753F888
:1076600071780391CDF80880B9F1000F019650466A
:10767000BDF818200095BBB2214602D0EEF77FF886
:1076800001E00DF0C8FF00F087F800E0102420466C
:1076900001F07FBB05462046EEF73FB82DE9F84FD5
:1076A00088B0824689460024002590461E4615E093
:1076B00012884146504600F089FE0DE0731C03EB32
:1076C000C002E41C907840B95168641C0029A4B23F
:1076D000EED0D07800F02DFE24186D1C3178E8B281
:1076E0008842EBD300F09AF9050050D0AB46002752
:1076F0002FE001A800905B46BCF8002041465046B0
:1077000000F078FEBDF80400834421E0711CFAB259
:1077100001EBC20CBCF800000BF8010BBCF8003008
:107720001B0A0BF8013B9CF802100BF8011B9CF89C
:10773000020068B99CF803000BF8010BDCF8041098
:107740000029D6D09CF803005A4600F0FCFC834682
:107750007F1C3178F8B28842D8D3A4B205940123B3
:107760009DF85040079306950494002603969DF8D3
:107770004C309DF848400293019450464246494699
:1077800000960123FFF7C9FE00F006F800E0102480
:10779000204609B0BDE8F08F04462846EDF7BDBF8E
:1077A0002DE9F8431C4688B02778054607EB4707C4
:1077B00000F089F85FEA000930D000210AE001EB0F
:1077C0004102A21800F079F8538800F8013B528872
:1077D00000F06FF822789142F1DB012A02BF607855
:1077E0000028012728460123079331469DF8485079
:1077F0009DF844300495029300269DF84050CDF842
:107800001890424605970396019500960423FFF7CA
:1078100084FE05464846EDF780FF00E01025284627
:1078200009B0BDE8F0832DE9F8431C4688B02778FD
:107830000546BF0000F047F85FEA000937D0002195
:107840000EE004EB810200F038F8937800F8013B79
:10785000B2F8033000F8013BB2F8032000F029F839
:1078600022789142EDDB012A02BF607800280127CF
:10787000139B2846424631461D0018BF01259DF83E
:1078800048300493079500269DF840309DF84450F9
:107890000193CDF81890059703960295009607235B
:1078A000FFF73BFE05464846EDF737FF00E01025A1
:1078B000B5E7120A00F8012B7047491C537800F80D
:1078C000013BC9B270470E4690463846EDF70FBFF0
:1078D0002DE9F04788B08046894692461D4600242F
:1078E00000261BE0A41C18E0F2B2691CC2EB0212D5
:1078F0001144241D087880B948780028F2D108790D
:10790000641DA0F120010F2981BF18390229A8396F
:10791000022902D800F0ADFC2418761C2978F0B2B8
:107920008842E1D300F07AF8070072D000264EE0DA
:10793000BCF8091000F8011BBCF80920FFF7B9FFDB
:1079400044E0F3B2691CC3EB031301EB030C9CF896
:10795000002000F8012B9CF8011000F8011BBCF876
:10796000022000F8012BBCF802301B0A00F8013B92
:107970009CF8001051BB9CF801100029D8D19CF84C
:10798000041000F8011BBCF8052000F8012BBCF81E
:107990000510090A00F8011BBCF8072000F8012BAC
:1079A000BCF80710090A00F8011B9CF80430A3F189
:1079B00020020F2A81BF183A022AA83A022A05D8C3
:1079C0000246DCF80B10184600F0BDFB761C2A7846
:1079D000F1B29142B5D3139D52464946404605B196
:1079E00001259DF8483004930795A4B29DF84030D6
:1079F0009DF8445005940193002406970394029542
:107A000000940923FFF789FD04463846EDF785FE0B
:107A100000E01024204608B0BDE8F087A0B2EDF7E2
:107A200066BE2DE9F04788B000F03EF803E000F0B4
:107A300030F80419E41C3178E8B28842F7D3FFF734
:107A4000EDFF050023D0002701E000F034F8327884
:107A5000F9B29142F9D3139E4A464146504606B1C7
:107A600001269DF8483004930796A4B29DF8403053
:107A70009DF84460059401930024069503940296B2
:107A800000940A23FFF749FDFFF786FE00E010246B
:107A9000C0E7EAB2701CC2EBC20210446D1CD0F801
:107AA0000310807800F045BC8246884691461E4609
:107AB000002400257047FAB2711CC2EBC2028B1879
:107AC000C21C198801707F1C1988090A41709978B5
:107AD00081709878D3F8031035E378B589B01C78B5
:107AE0008DF8204001245B788DF82130079408AB95
:107AF000069302259DF84440BDF840300595049456
:107B000003939DF83C409DF838500294002601955F
:107B100000960B23FFF701FD0AB070BD2DE9F04779
:107B20001D4688B0AE78761C8246F6B289469046ED
:107B30003046EDF7DCFD0027040029D0297800F855
:107B4000011B002104E02A44491CD27800F8012BD3
:107B5000CAB2AB789A42F6D395F801E0DDF840C09E
:107B6000119D129BBEF1110F50464946424603D16A
:107B700000F011F8122305E0BEF1130F05D100F05B
:107B80000AF81423FFF7C9FC0746FFF784FD00E05D
:107B9000102738463FE704930127002303930093FF
:107BA0000797069405960295CDF804C070472DE915
:107BB000F8431F4688B07C7804EB440400F067F873
:107BC0005FEA000817D0397800F8011B002107E0B0
:107BD00001EB4102BA1800F03BF8127900F8012BD2
:107BE0007A789142F4DB00F03DF80D23FFF795FC25
:107BF00000F003F800E0102511E605464046EDF7D9
:107C00008CBD2DE9F8431F4688B07C78A40000F0B5
:107C10003EF85FEA000819D0397800F8011B00210E
:107C200009E007EB810200F013F8137900F8013B3B
:107C3000527900F8012B7A789142F2DB00F012F8C9
:107C40001623FFF76AFCFFF7D8FF00E01025E6E5F2
:107C5000491C538800F8013BC9B253881B0A00F83D
:107C6000013B704701230793CDF8188028460594FF
:107C700031469DF848509DF8443004950293002603
:107C80009DF8405003964A46019500967047054678
:107C9000641C0E4691462046EDF729BDF0B5064618
:107CA0008DB0B08C0024022840F3D380954D05960A
:107CB000AE600A940894ADF8244006A8B16A00F0BA
:107CC0002DF90890B28C121AB06A8218ADF82420EF
:107CD000307D0DF0B3FD10B9A86002200FE180687F
:107CE00060B140889DF818209DF81F30009002F088
:107CF0000302B188307DFFF7F3FB10B9AC600320BD
:107D0000FDE0B188307D00F0A4F90146B3886868D1
:107D100000E0006800283AD08288934224BFC788D8
:107D20009F42F6D39DF8182012F0070F04BF9DF86C
:107D30001F200B2A2BD04A0629D5717E39BB059905
:107D4000487D002804BF488800281DD1307D0022CE
:107D5000194600F084F901208DF8110004AB9DF85C
:107D60001F00BDF81C108DF8100002919DF81E0038
:107D700006990390C9080120019000F0C5F8B18868
:107D8000307D012200F06BF9AC600520B7E0069968
:107D900011F0030F61D1C1F3800008B1842772E0B4
:107DA0009DF81F00172856DADFF8C07657F8301014
:107DB000002950D0307D8DF82C00BDF82400ADF89E
:107DC0002E0008980C900BA888470A9028B3391DFC
:107DD0009DF81F0051F8301019B105A888470A987E
:107DE00010B10A98EDF799FC9DF81F00002818BF04
:107DF00002283CD0032818BF052838D0062818BF11
:107E0000082834D00C2818BF112830D013281CBFE4
:107E100015280B282BD0002735E00599487D002830
:107E200004BF4888002813D19DF81F008DF810006A
:107E300080218DF8111004AB9DF81E00BDF81C10B8
:107E400003900291012006990190C90800F05CF8A6
:107E5000AC60012053E0822715E000281CBF816838
:107E6000002909D005A88847FF28074602D100202D
:107E7000A86044E0012806D10698C0F380000028DD
:107E800014BF832781270599487D002804BF4888AF
:107E9000002823D10699C1F3001018B1380008BF9B
:107EA000AC601FD09DF81F00BDF81C208DF810009D
:107EB000C9089DF81E00039001F001010120019006
:107EC000029281F0010105988DF811700091811DD9
:107ED0008288007D04ABFFF700FE012400213A00F8
:107EE000A96001D100200AE0842F04D1002C0CBF2E
:107EF0000620072003E0002C14BF092008200DB045
:107F0000F0BD0000C017002001F00101059881F0CC
:107F100001010091811D8288007DDEE538B50D46A6
:107F2000044608220021EDF7E4FB2978206861F37C
:107F30000100206020F004002978890801F0010187
:107F400040EA8100206029780A074CBF40F0080011
:107F500020F00800206015F8011B2068090920F0B6
:107F6000100001F0010140EA011020602068C0F318
:107F7000800028B12878697800EB0122A280AD1C2E
:107F80002878A071A81C6978E17132BD01460448C7
:107F9000006800281CBF02798A42F9D170470000AE
:107FA0006C700020707000200146DFF8C404006887
:107FB00020B102798A4218BFFF2AF8D17047000029
:107FC00074700020F8B50C4615461E46FFF7ECFF0E
:107FD000B0B14269002100E0491C037C99420FDAEC
:107FE0000C234B43D75AA74202BFD718BF88AF42D2
:107FF000F2D1D01890E80E0086E80E000120F2BD04
:108000000020F2BD80B5FFF7CFFF00B1806802BD50
:1080100080B5FFF7C9FF00B1C06802BD70B50A4660
:10802000DFF85014096891B10B798342FAD100232B
:1080300000E05B1C4D79DCB2AC42F3D28C68DDB25F
:1080400034F825609642F4D104EB850070BD002021
:1080500070BD80B5FFF7E2FF00B1807802BD10B5BA
:108060001446FFF7DBFF38B18178002C14BF41F0D4
:10807000400101F0BF01817010BDF8B500F036F885
:1080800090B3069A0023214603E0E7783F0724D403
:108090005B1C4479A34227DA876807EB83042788AF
:1080A0008F42F5D1A77892F800C06745F0D3112D23
:1080B00007D1012EE9D03700EAD1E7787F07E7D56D
:1080C0000BE0132D10D1370002D1E778FF07F6E758
:1080D000012EDDD1E778BF07DAD507982168016066
:1080E000807810700120F2BD0020F2BD0C461546CC
:1080F0001E464BE7F8B50D4616461C46FFF754FFE3
:10810000F8B1002100E0491C027C914219DA436970
:108110000C224A431A441788AF42F4D19388278827
:10812000BB42F0D3D379DF09B74201D05B06EAD571
:1081300092E86200069880E8620080882080012032
:10814000F2BD0020F2BD03460029104600D1704761
:1081500010B5082B59D0092B5BD00A2B61D00B2B03
:108160006BD0102B18BF182B4FD0192B51D01A2BB6
:1081700057D01B2B61D01C2B64D01D2B64D01E2B21
:1081800064D01F2B64D0202B3FD0212B41D0222B39
:1081900047D0232B51D0242B54D0252B54D0262B21
:1081A00054D0272B54D0282B2FD0292B31D02A2B39
:1081B00037D02B2B41D02C2B44D02D2B44D02E2B21
:1081C00044D02F2B44D0302B1FD0312B18BF382B4D
:1081D0001FD0392B31D03A2B3AD0412B18BF422B2C
:1081E00038D0432B18BF442B37D0E02B1CBFE12BDA
:1081F000E22B22D0E82B18BFE92B0AD0EA2B1CD0A7
:10820000F02B25D0F12B2FD010BD097800F8011BE1
:1082100010BD0A8800F8012B0B881B0A00F8013BEF
:1082200010BD0A6800F8012B0B681B0A00F8013B1F
:108230000C68240C00F8014B10BD0968BDE8104023
:10824000EDF770BA052210E006220EE007220CE0DE
:1082500008220AE00A78521C07E00A784B7802EB01
:10826000032292B2921C00E01022BDE81040EDF70C
:108270004ABA082849D0092849D00A2849D00B28E9
:1082800049D0102818BF18283FD019283FD01A28E5
:108290003FD01B283FD0202837D0212837D0222894
:1082A00037D0232837D0242837D0252837D0262880
:1082B00037D0272837D0282827D0292827D02A2880
:1082C00027D02B2827D02C2827D02D2827D02E2880
:1082D00027D02F2827D0302817D0312818BF38288A
:1082E00015D0392817D03A281DD0E0281CBFE12826
:1082F000E22810D0E82818BFE92808D0EA280AD0D8
:10830000F02810D0F12810D011E001207047022091
:1083100070470320704704207047052070470620EF
:1083200070470720704708207047102070470020D2
:10833000704780B5442818BF43280CD10878497885
:1083400000EB0120821C92B283B29A422CBF801CA7
:108350004FF6FF7006E0422813BF41280878401C02
:10836000FFF787FF80B202BDF8B50E460546B1683B
:10837000144609B90120F2BDB079FFF7DAFF0746CC
:10838000B1683A462846EDF7BEF904B127800020CF
:10839000F2BDF8B584B01F4604460D46164601AB43
:1083A000FFF710FE08B901200EE00A9A039820B1E9
:1083B00001A93846FFF7D8FF06E000923B46324657
:1083C0002946204600F016F805B0F0BD7CB50C46F5
:1083D0000021ADF804101546FFF714FE060006D084
:1083E00001A800900023002229462046B047BDF88E
:1083F000040076BDF8B5069C0D4616461F46FFF7ED
:1084000001FE84460CB100202080BCF1000F06D094
:1084100000943B46012231462846E047F2BDC12088
:10842000F2BD70B514461D46E27993071AD522466F
:1084300000F040F8060016D1DFF88C0B02681AB184
:1084400029462046904758B1D5F80310A079FFF788
:1084500070FF0246D5F80310A068EDF754F902E06A
:10846000872600E08826304670BD0000DC3700001B
:1084700070700020747000207CB514460646E079C8
:1084800082071D4614D52246304600F013F801003D
:108490000FD13046FFF7B6FD060007D00020009050
:1084A0002B46A18820880222B04776BDC12076BD28
:1084B000882076BD38B515460C46E9798A060AD576
:1084C000FFF7A6FD030006D02946204601B0BDE80F
:1084D000304002221847002032BD70B5054668883A
:1084E0006C68C10701D5002070BD401C80B2EDF75B
:1084F000FEF898B169884908017000210AE02278E5
:10850000637802EB0325CEB200EB4602A41CA2F86E
:108510000150491C0378CAB29A42F0D370BD2DE9CC
:10852000F04706460025D6F804807788A94600243F
:1085300002E08044041981447068718801448845D0
:1085400013D26D1C98F80200E41C002808F10308FF
:10855000F2D118F8010B4146FFF7EBFE641C10FA4C
:1085600084F18F42E5DA00202EE0EC0000F0F7F80D
:108570005FEA000827D0766888F8005008EB040905
:1085800000241CE008EBC000471C3178707801EB38
:1085900000223A80B078B870F61C78B916F8010B52
:1085A000F8703146FFF7C5FE8246524631464846CE
:1085B000EDF7A9F8C7F804905644D144641CE0B222
:1085C000E9B28842DED34046BDE8F087F5E0F8B571
:1085D0000446002661886568022908DB0322B1FB96
:1085E000F2F202EB4202881A01D00020F2BD491CCF
:1085F00088B2EDF77CF8D8B16188012912D12A78C8
:108600004270012613E0F1B201EB410115F8012B94
:10861000431C761C5A542F786A7807EB0223871C78
:10862000AD1C7B52616862880A449542EBD30670A8
:10863000F2BD2DE9F84F06464FF0000877687588BF
:10864000C146002401E07F1DA41C706871880144AC
:108650008F421DD23878E41C002808F10108F2D1BD
:10866000F8780837641DA0F120010F2981BF18395F
:108670000229A8390229E8D8FFF7FBFD10FA84F196
:108680008D42A2BF3F1804198144DEDA002064E065
:1086900037460E2606FB08F400F061F85FEA000991
:1086A0005AD07D6889F8008009EB040A002717E09A
:1086B00008784A7800EB022323818D1C0FE01BF819
:1086C000010B0AF80300D3180846411E0028F6D112
:1086D000C4F80AA0E078FFF7CCFD2D1882447F1C77
:1086E000F8B25FFA88F1884236D270434844441C9D
:1086F0000E2200212046ECF7FCFF28782070691C30
:108700000A784B78891C02EB03220028A4F8012088
:10871000CED111F8010BE0700A78487802EB002303
:10872000881CA3800178427801EB0223E380851C3A
:10873000E078A0F120010F2981BF18390229A8395A
:108740000229CCD85146FFF7F4FD0122AB46014681
:10875000ADF800200023B7E74846BDE8F28F641C5F
:10876000E4B2A1441FFA89F0ECF7C1BF70B54468C8
:1087700040880322B0FBF2F505EB4501401A01D019
:10878000002070BDE8B200F002FAA0B1057000212F
:108790000EE001EB410214F8013B8518491C6B7097
:1087A000C9B22678637806EB0325861CA41CB55253
:1087B00002789142EDDB70BD00BF2DE9F04706461F
:1087C000002571687488A846002703E009EB0001C2
:1087D000C719804470687288024491420DD288782B
:1087E00001F103094946FFF7A4FDFF1C6D1C10FAB7
:1087F00087F18C42EADA002032E0C5EBC5077F1C26
:10880000FFB2B8441FFA88F0ECF771FF5FEA000886
:1088100025D0716888F80050474400241BE0C0EB65
:10882000C0004044461C0A78487802EB002333809D
:1088300001F103098878B0704946FFF77AFD824656
:10884000524649463846ECF75EFFC6F8037009EB1E
:108850000A015744641CE0B2EAB29042DFD34046BA
:10886000BDE8F08710B52FE010B544680320ECF7A1
:108870003EFF30B12178627801EB02230380A178BA
:10888000817010BDF8B500F069F801D00020F2BD8C
:108890006D1EAD052D0E05EB450000F066F888B1A4
:1088A00000F056F80CE02378667803EB062701EB1E
:1088B0004102831C491C9F520244A6781671E41C95
:1088C000A942F0DBF2BD10B544680220ECF70FFFBF
:1088D00018B1217801706278427010BD38B54188B6
:1088E00044684D1EEDB2E81CECF701FF68B114F8C6
:1088F000011B01708570002104E014F8013B024463
:10890000491CD370CAB2AA42F7DB32BD70B500F081
:1089100025F801D0002070BD6D1EAD052D0EA800FC
:1089200000F023F898B100F013F80EE02278637895
:1089300002EB0326821C22F8216000EB8102A3785F
:108940001371491CE6785671241DA942EEDB70BDF7
:1089500014F8011B01704570002170474468458878
:1089600005F1FF0010F0030F7047801CECF7BFBE4D
:108970002DE9F843054686B06F693878C00000F0ED
:1089800008F95FEA000808BF002052D0387888F85C
:108990000000002405E0862000E08F20641CB070F9
:1089A000E4B23878844238DA08F10101781C01EB2E
:1089B000C40630F8141031807A1C2868818832F897
:1089C0001420007D03ABFFF7FDFA0128E3D19DF8E9
:1089D0001300410605D46968C209C1F3C0018A4287
:1089E000D9D1C207D9D52968C00601F106090BD52E
:1089F000087DFFF70DFB030006D0012203A94846BE
:108A000098470100CAD100E000200021B17005990B
:108A100071609DF81210F170C0E700F0BDF900F030
:108A2000AFF843468288007DFEF738FEFFF7E6F890
:108A3000012007B0BDE8F0832DE9F84F044684B06B
:108A4000E07A666902284FF0000907D1307800F01B
:108A50009EF85FEA000A18BFC8462DD1002071E0D9
:108A60008620687039886980D94623E0B8789DF8F7
:108A70000A10884240F081800398D4F800C0002892
:108A80006CD0BCF80410032904BF388800285CD1DE
:108A9000D7F8031002226846EEF75EFA2068007DE0
:108AA00005F0B4FB05F0D4FB2068017DBDF80000A3
:108AB000EFF74BFD08F1010831785FFA88F0884242
:108AC00023D25FFA88F2701CC2EBC20287182068BA
:108AD0003A888188007D5FFA89F303EB43030AEB50
:108AE000030501ABFFF76EFA002809F1010BB7D0BF
:108AF0009DF80B006168C009C1F3C0018842B5D080
:108B000086206870D946398869808AF800909AF87A
:108B1000000028B900218AF8011001208AF800001D
:108B20002068A17A029101220192811D636800F000
:108B300027F853468288007DFEF732FE5046ECF758
:108B4000ECFD012005B0BDE8F08F9CF814003B4619
:108B500001AA0CF10601FFF764FC08E0D7F8033026
:108B60009CF8140001AA0CF10601FFF785FC010036
:108B7000A0D068703888688076E78D216970F9E741
:108B8000DB0803F0010383F001030093704700EB5F
:108B90004000401CECF7ABBD2DE9F04F054687B017
:108BA000D5F8149099F80000FFF7F1FF4FF0000A94
:108BB000D046060008BF00204DD000241DE02868E4
:108BC00081883A88007DFFF701FC0FE09DF81600D0
:108BD000B978814240D19DF817108A073ED58906A1
:108BE0003ED406990029EAD0FFF7A3FBADF80C00AC
:108BF000641CBDF80C008244E4B299F800108C4269
:108C000013DA09F10100C4EBC402871828688188CF
:108C10003A88007D04ABFFF7D5F90028D6D186202D
:108C200070704FF001083988718086F800803178C3
:108C3000002940F0A4804446C4EBC404E4B20AEB2B
:108C4000040080B2ECF753FD5FEA000A0AD1304617
:108C5000ECF763FD00209CE08D20E1E78820DFE752
:108C60007E20DDE7CDF804900AEB04000027814662
:108C700004E0BDF80C007F1C8144FFB2019801782C
:108C80008F4271DA0199C7EBC7004A1C14180AEB2E
:108C9000000B286881882288007D04ABFFF792F9D9
:108CA000002861D02088ABF80000CBF8039006982C
:108CB00060B103AA04A94846FFF756FB2868811D46
:108CC000007D234604AAFFF7ACFB10E0286803A947
:108CD00000914B4681882288007DFFF78BFB286836
:108CE000D4F80330811D007D04AAFFF7C5FB010005
:108CF000BFD008EB4801721CB31C505408F10108A6
:108D0000208858524FF0000B1EE00AF1030128683A
:108D10000B59811D007D6A46FFF7AEFB12E0DDF8BE
:108D20000890B9F1000FF0D00AF1030001599DF845
:108D30000600FFF7FEFA02460AF103000159484611
:108D4000ECF7E1FC0BF1010B1FFA8BF0B8420BD2F0
:108D500028688188007DCBEBCB046B463AF8042071
:108D6000FFF730F90028DAD186F8008050463178D4
:108D700019B90022727001213170ECF7CEFC00F0BD
:108D80000BF800F0A5F8FEF70BFD3046ECF7C5FC3C
:108D9000012007B0BDE8F08F2868A97A029101226E
:108DA0000192811D6B6870472DE9F84304468AB033
:108DB00067693888002503E0BDF80C006D1C401C75
:108DC000ADF80C00E8B2B97888420CD2206804AA49
:108DD000009203AB81886268007DC2F3C002FFF796
:108DE00089F90028E8D1E17A0C295FFA85F9E8B21F
:108DF00028D100EB4000FFF7B8FD06004FF0010856
:108E000051D0E8B2C8B13988ADF80E10002700F093
:108E100069F868B107EB4700BDF8201032187F1CD5
:108E20005180321D9DF82210115400F040F8EEDB05
:108E300000F058F808B14FF0000800F03FF8FEF7D6
:108E4000B6FE2DE015292ED18000FFF78EFD06001D
:108E50004FF0010827D0E8B2F0B13988ADF80E1014
:108E6000002700F03FF890B106EB8700BDF8201016
:108E70004180321D9DF8221002F827107F1C9DF8BA
:108E8000231001F00701417100F011F8E9DB00F057
:108E900029F808B14FF0000800F010F8FEF7B1FE15
:108EA0003046ECF73AFC01200BB0BDE8F083BDF88A
:108EB0000E00401C4F45ADF80E00704786F800804C
:108EC00075702068A17A029101220192811D636868
:108ED000DB0803F0010383F001030093334682882B
:108EE000007D7047206807A900910DF10E036168AD
:108EF000C1F3C0028188007DFFF7FCB82DE9F8417D
:108F0000064685B0776938780024A04606E008F167
:108F100001005FFA80F89DF80C00401C8DF80C00F1
:108F20007878804503DA00F03FF80028EFD108F1A7
:108F30000300ECF7DCFB050008BF002031D0B8F1DE
:108F4000000F12D0387807E09DF81200E919641C70
:108F5000C8709DF80C00401CE7B247458DF80C0026
:108F600003DA00F021F80028EED100F01DF8401ED1
:108F70008041C00F28700122F17A6970AC703068AE
:108F8000B17A02910192811D7368FFF7F9FD2B46BA
:108F90008288007DFEF7C2FDFEF7FEFB601E804169
:108FA000C00F06B0BDE8F081306804A9019103AAA2
:108FB00000927168F27AC1F3C0038188007DFFF7E7
:108FC0005CB802480078704768700020C017002025
:108FD0002DE9F04186B00400E57ADFF8F40A007864
:108FE000002801D1BA201CE1012600270C21002213
:108FF000E8464046F5F7D4FB01208DF80500207EB9
:1090000040070AD59DF8020050F040008DF802009C
:10901000207E000701D456F00206207EC00601D54E
:1090200056F04006207E000715D59DF8020050F04E
:10903000C0008DF80200207E800606D59DF8030052
:1090400050F001008DF8030005E09DF8030050F09A
:1090500002008DF80300208B10F4C070B0F5C07FC3
:1090600001D156F00806207A00280AD103F0C5FA8B
:10907000ADF800009DF8020050F004008DF80200E9
:1090800048E0207A0F280BD19DF8020050F008002C
:109090008DF802002088ADF8000056F0040639E093
:1090A000207A022807D19DF802008DF8020020885E
:1090B000ADF800002EE0207A032808D19DF80200C8
:1090C0008DF802006946200000F070F922E0207A55
:1090D00001281FD1DFF8400B90F8680000280CD061
:1090E0009DF8020050F008008DF802002088ADF8CD
:1090F000000056F48056FF250BE09DF8020050F06A
:109100000C008DF802004FF6FD70ADF8000056F02F
:1091100004062788207EC00711D59DF8020010F0B4
:109120000C0F0CD120880CF0C3FF002801D1BB200C
:1091300077E09DF8020050F020008DF80200207EBC
:10914000C0070BD59DF8020010F00C00042805D1D3
:109150009DF8020050F020008DF80200608A8DF822
:109160000400684600F0B0FE9DF81400002856D1B7
:109170000398C682E07E03994876207F039988761B
:10918000207A012805D1DFF8900A90F86800039949
:109190000877A07E03990885208B03994885E07F96
:1091A000039981F82C00208B10F4C070B0F5C07FBB
:1091B00005D10398417D94F8200014F0ADFBA07A0E
:1091C000039981F83A00039880F83B500398878709
:1091D000E0890399C887208A0399A1F84000A07EFE
:1091E000039981F84A00A07F039981F84B00607FC2
:1091F000039981F84900628A61690398406CEDF730
:10920000ABFE207E400607D5DFF8081B0868002863
:1092100002D0684609688847684600F0A2FE9DF8BB
:10922000140006B0BDE8F08110B54178012901D1E4
:10923000092400E00824D4F16C040078002804D04C
:1092400005200DF0CCFE241A0D3CDFF8CC19087B6C
:10925000002804D0087B0DF0C2FE241A0E3C20002A
:10926000C0B210BD13B511001A00DFF8AC4A236874
:10927000002B0CD001AB00930123D2B2C0B2246802
:10928000A047002801D0002002E0B22000E0B62074
:1092900016BD38B5DFF8845A2C68002C05D0DBB237
:1092A00089B2C0B22C68A04700E0B62032BD38B504
:1092B00003000C001500B520DBB2A22B0ED0A32BAF
:1092C00002D0AB2B15D01CE0DFF8542A116800291E
:1092D00003D0106880472880002012E0DFF8442A7D
:1092E0001168002904D02900200080B2126890473C
:1092F00007E0DFF8340A0168280005F0FFFA0020D3
:10930000FFE7C0B232BD80B51100B522C0B2AB28B4
:1093100006D1DFF8140A006805F0F0FA0022FFE732
:109320001000C0B202BD70B504000E000125DFF8C8
:10933000E808C08A210089B2884206D103F054F9B6
:109340000100300005F0DAFA2DE003F05AF92100AF
:1093500089B2884203D1300003F057F923E031008D
:10936000200080B214F026FC0500DFF8C009007868
:10937000002818D1EFF7DAFB002814D12800C0B27A
:10938000002810D12000DFF8A819098880B288428F
:1093900009D1A4B2002C06D00822DFF898193000B9
:1093A000EDF7DAFD01252800C0B270BD70B50400EC
:1093B0000D00012603F018F90100200005F08FFAD6
:1093C000012804D1DFF85008C08A288004E0290071
:1093D000200014F003FC06003000C0B270BD10B5D0
:1093E00004000E20EDF7C2FD00281BD094F83810C1
:1093F000017094F83910417094F83A10817094F823
:109400003B10C170E18F8180B4F84010C18094F8A6
:109410004210017294F84A1001736188418194F8F6
:109420004910417310BD10B50C00B320DFF80829B6
:10943000D17A00290FD192F8411001290BD1A07DDA
:109440000DF03AFCA082A08A4FF6FF71884201D04D
:10945000002000E0A120C0B210BD1CB50C00217F8F
:10946000052906D114F1080180B2FFF75CFF00283E
:109470002BD0694614F108000CF03EFEBDF8000048
:109480004FF6FF7188421ED02078012816D1DFF8F0
:10949000301ABDF800200C20424301EB0200001DF1
:1094A000A1690268914207D3BDF80010A182A169A9
:1094B000491C0160002009E0A22007E0BDF800007F
:1094C000A082002002E0A12000E0C820C0B216BDAA
:1094D0001CB50400DFF86018C87A002829D191F87B
:1094E0004100012825D13A236A460121002004F0D9
:1094F000EFFB00281AD1012020749DF80000A07510
:10950000002060823A20A082DFF8B8090168A161DA
:109510000168491C0160006801280AD14FF40071FC
:10952000DFF8800A0078EDF759FB02E04FF6FF7094
:10953000A08213BD1FB50C0001A980B2FFF7F3FE96
:10954000002834D0694601A80CF0D6FDBDF8000013
:109550004FF6FF7188422AD00C21DFF86429BDF84C
:109560000000484310440023237406236382BDF89F
:109570000030A3820368A36103685B1C036000687A
:109580004FF47A73B0FBF3F403FB140000280ED100
:10959000BDF8000001FB00F102EB010001210172A6
:1095A0004FF40061DFF8FC090078EDF717FB1FBDF1
:1095B00038B505000C004FF6FF70A082A06910F1CD
:1095C000010F43D0207C012807D1002060822100B8
:1095D000280080B2FFF727FF39E0207C002812D155
:1095E000062060822100280080B2FFF736FF0100CC
:1095F000C9B200292BD0042060822100280080B24B
:109600000CF0A2FE23E0207C022812D1062060820A
:109610002100280080B2FFF720FF0100C9B2002915
:1096200015D0042060822100280080B20CF08CFE4E
:109630000DE0207C032807D104206082210028004F
:1096400080B20CF081FE02E0A12000E0A320C0B2B5
:1096500032BD70B504004FF6FF752069858221691F
:109660002088FFF767FF206910F108012088FFF7C5
:109670005AFE00F009FF002810D00020216948821E
:10968000682021698882022021690874DFF88C092A
:109690000168226991610168491C01602069808A22
:1096A000A8421FD1DFF8806631682069083005F0D4
:1096B00016F900280BD102F097FF0100306805F081
:1096C0000EF9002803D100F0DFFE00280AD021693E
:1096D00020880CF0CDFE002801D020698582002072
:1096E000216908742069808AA84208D12069FFF79F
:1096F000EFFE2069808AA84201D1A120207570BDAB
:1097000038B504002C20EDF731FC206120690028D9
:1097100047D02C21002225692800F5F741F82000C8
:10972000FFF797FF2069808A4FF6FF71884232D099
:109730002069007C012803D10E202169087714E0FC
:10974000A068002803D00D20216908770DE000F003
:109750009BFE002802D1A078C00703D50D20216907
:10976000087702E0052021690877A078C0B210F0E0
:109770000300012803D105202169487004E0DFF8C7
:10978000B805007B21694870206940780DF027FCFE
:109790002169487707E02069EDF7E9FB00202061A7
:1097A00001E01020207531BD80B50822FF21EDF7C2
:1097B00029FC02BD2DE9F04188B004000D002C20E9
:1097C000EDF7D4FB0600002E00F0058102F015FF36
:1097D000698B80B2814202D10220307001E0012009
:1097E00030702869697B494208447060687BB070BA
:1097F000002086F82600002086F8270030000DF0B3
:10980000CEF8287810F00300012802D105207070EE
:1098100003E0DFF80404007B707070780DF0DFFB6C
:1098200070772869317F08442861297D307F091AC3
:10983000707F091A2975287DF0703100200080B2F0
:10984000FFF7B6FE07003078022806D102F0CCFE02
:10985000010016F1080005F051F83800C0B20028E8
:1098600040F0B5800024DFF8C4542878012802D0E5
:10987000287802281CD196F82600012803D096F8F3
:109880002700012814D1F078B1780818317F4018EA
:10989000001DEDF76BFB0400002C09D0F078B178C7
:1098A0000818317F4218121D71682000EDF754FB33
:1098B00030000DF0D1F807002878012803D028786F
:1098C000022840F07F803800C0B200287AD0002CF7
:1098D00078D000E02F0096F82600012803D096F8F3
:1098E000270001286ED13D00F078B1780818317F4B
:1098F0004218121D21007068EDF72EFB96F8260025
:10990000002807D0002070826820B082002086F8EE
:1099100026000BE096F82700002807D00020708270
:1099200040F20310B082002086F8270030000DF0CE
:1099300093F807003800C0B20028CCD114210022CF
:109940000DF10C084046F4F72BFF01208DF81D00A7
:10995000708A00281BD1B08A682818D17068C07B33
:109960000528B7D170682A30FFF71EFF0028B1D054
:109970000821FF2201AD2800F4F712FF01AA0021FF
:10998000AB20FFF7C0FCFC208DF81C000AE0708AB9
:10999000002807D1B08A40F20311884202D1FF208B
:1099A0008DF81C000022694605A800F0EBFB9DF82D
:1099B0000010002906D003AB1422010089B2042054
:1099C000EDF780FB002C02D02000EDF7D0FA30003C
:1099D000EDF7CDFA00E010273800C0B208B0BDE8BE
:1099E000F08110B50400E06890F83800C0B210F0C3
:1099F0000300012819D12069007C002815D1E068F6
:109A0000406C0078052810D1E068406C4078010077
:109A1000C9B2012902D0C0B2062803D102202169AF
:109A2000087402E00320216908740020216908708D
:109A3000E06890F8480021698870E06890F842007A
:109A40002169C870E06800692169486002F0CCFDB6
:109A500001002069083004F051FF20690CF0FCFF80
:109A6000207510BD01207047DFF8BC07DFF8BC1778
:109A70000860DFF8BC07DFF8BC170860DFF8B8073C
:109A8000DFF8B8170860DFF8B807DFF8B817086024
:109A9000704738B504002068857802F0AEFD216873
:109AA000098880B2814210D0A8060ED52068DFF860
:109AB0007C170968884720680069002805D120685C
:109AC000807810F0DF002168887031BD0000000050
:109AD000531D002030B4C16891F8382012F0030300
:109AE000C16809690A704D1C1900C9B2002903D068
:109AF0001900C9B2022955D112F00C042100C9B2D3
:109B0000002907D02100C9B2082903D02100C9B219
:109B100004290AD11900C9B2022901D1D10604D4FD
:109B2000C16891F83B1029706D1C2100C9B20C2945
:109B300009D1C168898F2970691CC568AD8FADB224
:109B40002D0A0D704D1CDBB2022B01D1D10629D498
:109B5000C168C98F2970691CC368DB8F9BB21B0A5F
:109B60000B70491CC368B3F840300B70491CC368C4
:109B7000B3F840309BB21B0A0B704D1C2100C9B2D8
:109B800000290AD02100C9B2082906D02100C9B293
:109B90000C2902D0E4B2042C04D1C16891F83A1027
:109BA00029706D1CC16891F8391011F0030F06D1AE
:109BB000910704D4C16891F82A10090605D5C16837
:109BC00091F849102970691C0BE0DFF82C170B780D
:109BD000C46884F849300B782B700B785B1C0B70D1
:109BE000691C130616D5C36893F839300B70491CED
:109BF000C36893F8393013F0030F0BD0C36893F8A0
:109C00004B300B70491C920704D5C06890F84C008B
:109C10000870481C30BC70473463002010B40168E1
:109C20008A7812F00303012101711900C9B20029D9
:109C300003D01900C9B202293AD112F00C04210054
:109C4000C9B2002907D02100C9B2082903D02100D8
:109C5000C9B2042908D11900C9B2022901D1D1061B
:109C600002D40179491C01712100C9B20C2902D129
:109C70000179891C0171DBB2022B01D1D10617D405
:109C80000179891C01710179891C01712100C9B216
:109C900000290AD02100C9B2082906D02100C9B282
:109CA0000C2902D0E4B2042C02D10179491C0171C3
:109CB00011060FD50179491C01710168C97811F0AD
:109CC000030F07D00179491C0171910702D5017971
:109CD000491C01710179491C017110BC704780B5A4
:109CE0000169002902D00069EDF741F901BD10B505
:109CF000040000202168C86000202168086100205D
:109D0000216808752000FFF789FF2000FFF7C1FEDA
:109D100010BD0000BC700020BC6B0020D070002083
:109D2000C06B0020D4700020CC7000204A1D0020A1
:109D30000A720020107000203463002018B585B02E
:109D40004189ADF80010416849788DF802104168EA
:109D5000891C01919DF80210042906D14168123135
:109D6000029140681A3003901BE09DF8021001290F
:109D700003D09DF8021006290AD14168897C8DF82C
:109D8000031041681331029140681B30039008E0D2
:109D9000002102914168123103914068807E8DF864
:109DA00010000124029800280BD0029813F0DEFE68
:109DB000012806D102F018FC0100029804F08FFD82
:109DC0000400E4B2012C03D1684614F04BF9FFE71C
:109DD00006B010BD80B54189ADF8001040684078EC
:109DE0008DF80200684614F061F901BDE0B54189C3
:109DF000ADF80010416849788DF802104168897803
:109E00008DF808109DF80210002902D1407A002830
:109E100002D0684614F05DF907BD80B54168097845
:109E2000052904D0092905D0102906D008E0FFF73C
:109E300085FF05E0FFF7CEFF02E0FFF7D7FFFFE762
:109E400001BD10B588B0040001A96089FFF76BFA65
:109E500003AA694601A800F095F99DF800000028C2
:109E600013D09DF81C00FD2803D09DF81C0000288D
:109E70000BD1DFF828060078002806D1607A002888
:109E800003D160680078062817D0607A002803D1D3
:109E900060680078072810D0207B002808D160680F
:109EA0000078052804D04FF49A7014F089F904E082
:109EB0002000DFF8EC150968884708B010BD0000E5
:109EC000FC6A0020A87100201FB50400019401A8BD
:109ED000FFF70DFF207D002842D150208DF80000B3
:109EE00021799DF8080041188DF8011060798DF8EE
:109EF00002002069002809D09DF801102069027F26
:109F00002069407F821851188DF80110684600F0D2
:109F100034FD00281FD02188418001214176A1789D
:109F200080F83810E17880F83910217980F84210F3
:109F300001699DF80820114441649DF8081080F8DB
:109F400048102169002904D0416C2269127F114414
:109F50004164E06004E02000FFF7C1FE102020759E
:109F60001FBD10B50400207D002817D12000FFF789
:109F7000B1FD2069002804D02000DFF8B81209687C
:109F80008847207D002804D1E06800F0C4FC2075DB
:109F900004E0E068ECF7EBFF0020E0602000FFF752
:109FA0009EFE10BDDA17002038B504000D0002F047
:109FB00024FB698B80B2814207D0200080B20CF074
:109FC00077F8002801D1012006E02900200080B2A6
:109FD000DFF870221268904732BD10B50400002CE3
:109FE0000FD100242000DFF8BC14098880B2884219
:109FF00012D21022210089B20520EDF7CCF8641CA2
:10A00000F0E7217811F07F011022C9B289B2052052
:10A01000EDF7C1F80020207010BD0000AC710020E9
:10A0200038B588B04FF6FF7000208DF80000082189
:10A03000002201AC2000F4F7B3FB03AA694601A893
:10A0400000F0A0F804009DF80000002801D10120D4
:10A0500010E01421002203AD2800F4F7A1FBFF203B
:10A060008DF81C0003AB1422210089B20420EDF707
:10A0700029F8002009B030BD2DE9F84386B004006E
:10A080000D004FF6FF773800380000208DF80000F3
:10A09000DFF814040078002806D1DFF810040078F7
:10A0A000002801D1012024E0002C01D0002D01D195
:10A0B00002201EE001AA6946280000F063F80600AD
:10A0C000300080B2B84201D1B22012E09DF8000009
:10A0D000002811D09DF8140000280DD19DF817100C
:10A0E00011F07F012300102289B20520ECF7EAFF6E
:10A0F000002007B0BDE8F083002700E07F1CDFF8F8
:10A10000A4833800B8F8001080B2884233D223000C
:10A110001022390089B20520ECF791FF0928EDD112
:10A120003C000822290003A8ECF716FF002002904B
:10A130000020019000208DF8140054F080048DF868
:10A14000174001AB1422310089B20420ECF7BAFFAA
:10A150000C2100220C24DFF85853300080B26043F9
:10A1600005EB00094846F4F71BFBB6B2664305EB66
:10A17000060001214172B8F80000BFB28742B7D390
:10A18000B220B6E738B58CB00D0014004FF6FF7161
:10A19000ADF81010002D01D0002802D1BDF810003C
:10A1A0003EE000212970039009A907A8091A89B285
:10A1B00002910820019007A800901423002204A90E
:10A1C0000420ECF7BCFFC0B2002817D00821002201
:10A1D00005AD2800F4F7E4FA05A8039009A907A83B
:10A1E000091A89B202910820019007A8009014234F
:10A1F000002204A90420ECF7A2FF01E0012028704E
:10A20000BDF81000DFF8B4120988884206D2002C8D
:10A2100004D0142207A92000ECF79EFEBDF8100020
:10A220000DB030BD0000000001970100A8700020B3
:10A23000E3990100AC700020659A0100B070002025
:10A24000B5970100B470002038B586B004000C2129
:10A2500000226D462800F4F7A3FA2088ADF800002C
:10A2600009208DF8040001208DF80500207A0128CE
:10A2700016D121208DF80200DFF82C02007800288A
:10A2800011D1EEF753FC00280DD108226168DFF8E8
:10A290002402ECF761FE2088DFF81C12088002E03F
:10A2A00001208DF802006846FFF70EFE9DF81400AD
:10A2B00000280AD10398406C072101706168401C96
:10A2C00004F01CFB6846FFF74CFE77480078002836
:10A2D0000CD1EEF72BFC002808D108210022754C88
:10A2E0002000F4F75DFA0020734908809DF81400FF
:10A2F00007B030BD000000004D72002038B586B0B8
:10A30000040000208DF814000C2100226D46280066
:10A31000F4F746FA6078012802D06078042803D167
:10A3200002208DF8040009E06078022803D10A2099
:10A330008DF8040002E0B3208DF814009DF814009D
:10A3400000281FD12078ADF8000021208DF80200F0
:10A3500001208DF805006846FFF7B6FD9DF8140052
:10A3600000280FD10398406C08210170617841707A
:10A370006178022903D16168801C04F0BFFA684645
:10A38000FFF7EFFD9DF8140007B030BD38B596B06B
:10A3900004002079042807D143480078002803D01E
:10A3A00000F072F8002801D0C22064E001AA002168
:10A3B000AB20FEF77CFF216801A813F0EBFB00281F
:10A3C00001D1C22057E011AA69462068FFF7DAFEE2
:10A3D0009DF8000000284DD09DF85400012849D177
:10A3E0000DAB102200214FF48170ECF7CBFE03205F
:10A3F0008DF8010009AB0DAA08210DF1010000F054
:10A4000063F800208DF820000C21002203AD280005
:10A41000F4F7C6F90020ADF80C0041208DF80E00CD
:10A4200001208DF811001A208DF8100003A8FFF705
:10A430004BFD9DF8200000281CD10698456C0F208C
:10A4400028702079687002F0CFF80822010001A876
:10A45000ECF782FD01A9A81C04F050FA102209A90A
:10A4600015F10A00ECF778FD03A8FFF77AFD9DF8D7
:10A47000200000E0C22017B030BD80B5FFF7F4FA2D
:10A480000F480749086001BD80B50822FF210D482B
:10A490000068ECF7B7FD02BD000000004472002028
:10A4A000B870002002E901004A1D0020341D002080
:10A4B000706B0020107000200A72002096AF01001F
:10A4C0001B9E0100CC700020F0B589B014001D0067
:10A4D000002209E01300DBB2E35C93F0360301AE27
:10A4E0001700FFB2F355521C1300DBB2102BF1DB47
:10A4F00000950B009BB20200012101A800F01EF89C
:10A500001022290005A8ECF727FD002009E0010032
:10A51000C9B2615C91F05C0101AA0300DBB2D154C5
:10A52000401C0100C9B21029F1DB0095802305AA67
:10A53000012101A800F002F809B0F0BD2DE9F84FA3
:10A5400088B082460C0091461D00129E280080B201
:10A55000082190FBF1F1080080B2102290FBF2F785
:10A5600089B2102091FBF0F800FB1818102100228E
:10A57000B3465846F4F714F9E4B2002C20D0102268
:10A5800031006846ECF7E8FC102251463000ECF749
:10A59000E3FC3100684600F002F900210BE00800FE
:10A5A000C0B2325C0800C0B21AF800004240080095
:10A5B000C0B23254491C0800C0B21028EFDB80350D
:10A5C0004C463800471E80B200281DD010223100B2
:10A5D0006846ECF7C1FC102221003000ECF7BCFC0F
:10A5E0003100684600F0DBF800210800C0B21028F6
:10A5F000E7DA0800C0B2325C207842400800C0B2FE
:10A600003254641C491CF0E74046C0B200282DD1EA
:10A61000102231006846ECF79FFC0E210022340026
:10A620002000F4F7BDF880203070280080B2000AC6
:10A63000B073F5731022310004A8ECF78DFC3100E3
:10A64000684600F0ACF800210800C0B2102880F283
:10A65000A3800800C0B2325C04A80B00DBB2C05C6F
:10A6600042400800C0B23254491CEDE74046C0B237
:10A670000E285BDB102231006846ECF76DFC1021E0
:10A68000002237003800F4F78BF84246D2B221009E
:10A690003000ECF761FC80205FFA88F806F80800CB
:10A6A0001022310004A8ECF757FC3100684600F096
:10A6B00076F800210BE00800C0B2325C04A80B0061
:10A6C000DBB2C05C42400800C0B23254491C0800F2
:10A6D000C0B21028EFDB102231006846ECF73CFCDA
:10A6E0000E21002234002000F4F75AF8280080B22E
:10A6F000000AB073F5731022310004A8ECF72CFCAB
:10A700003100684600F04BF800210800C0B2102864
:10A7100042DA0800C0B2325C04A80B00DBB2C05CB5
:10A7200042400800C0B23254491CEEE7102231000A
:10A730006846ECF711FC0E21002237003800F4F7D0
:10A740002FF84246D2B221003000ECF705FC802001
:10A750005FFA88F806F80800280080B2000AB07393
:10A76000F5731022310004A8ECF7F6FB31006846BF
:10A7700000F015F800210BE00800C0B2325C04A81C
:10A780000B00DBB2C05C42400800C0B23254491C2E
:10A790000800C0B21028EFDB09B0BDE8F08F38B573
:10A7A00088B00D000D4C1022010004A82368383336
:10A7B0001B689847684621682C310968884704A8B7
:10A7C00000900195029510200390694604480068A6
:10A7D000226830321268904709B030BDC0130020A3
:10A7E000B434002038B584B000F05DF80024C00710
:10A7F00048BF0124434A01215520ECF747FC20B90A
:10A8000020001CBF0020EEF7FCFD3F49E22003F0D2
:10A810009DFB204600F01FF868460021002200231F
:10A82000002580E82E006A4610216220ECF72EFCFD
:10A8300030B9200004D06A4610216220ECF75FFC9A
:10A8400020460BF094FF1CB10121002000F03AF8E3
:10A85000002005B030BD2DE9F0412C4B012204460B
:10A8600000251A7017E033463A4600214046ECF7BF
:10A8700089FC0EE04E684F88804632463946ECF738
:10A8800005FC30B92000EED0324639464046ECF7A0
:10A8900036FC6D1CEDB21E4901EBC501088800288D
:10A8A000E8D1BDE8F08180B500208DF800006A464F
:10A8B00001210320ECF7EAFB08B900F01DF89DF830
:10A8C000000002BD38B5054600208DF800000C469A
:10A8D00000F012F801000ED19DF80000FF2D0EBF10
:10A8E000044384F0FF0404408DF800406A460121CF
:10A8F0000320ECF704FC32BD6B460122002103204B
:10A90000ECF740BCAE0600209418002043720020F3
:10A9100024390000704738B50400DFF83C0690F891
:10A92000261008290CD090F82610042908D0217888
:10A9300011F00301012919D121690978062915D1DE
:10A9400061884FF6FE72914210D06188C08A8142C0
:10A9500002D1207F002804D0200001F0F5FA050084
:10A9600005E0200001F08BFB050000E0C22520007F
:10A97000ECF7FDFA2800C0B232BDF8B50500287822
:10A98000697851FA80F080B2ECF7F0FA0400002CFC
:10A9900016D026002978002237003800F3F700FF90
:10A9A0004FF6FE70708001F028FEB08028782044B9
:10A9B00030616878307501F02EFE7075A8783076B9
:10A9C0002000F2BDF0B587B006000D00DFF8884525
:10A9D00094F82600042803D094F82600082801D112
:10A9E000C2201BE0A66284F82E501C2100226F4674
:10A9F0003800F3F7D5FE00968DF8055001208DF84C
:10AA0000040000208DF80700022084F826000020B2
:10AA1000DFF848150870684603F00CFB07B0F0BD7E
:10AA200030B587B00400DFF838552868002829D1F0
:10AA30000820ECF79BFA28602868002820D02068BE
:10AA40002968086020792968087160792968487147
:10AA5000A079296888711C2100226D462800F3F72F
:10AA60009FFE2068009020798DF8050060798DF8B0
:10AA7000040000208DF80700684603F0DBFA02E0CE
:10AA8000102000E00120C0B207B030BD10B5DFF8E3
:10AA9000D0442068002804D02068ECF768FA002031
:10AAA000206001F00DF902F0CDFD10BD2DE9F0435D
:10AAB00087B006000C001700984611980025C0B218
:10AAC000002817D05FF00109129D01E05FF0000936
:10AAD0004846C0B200280DD0280080B24FF6F87169
:10AAE000884203DA280080B20028EFD1ECF799FA07
:10AAF0000500EDE70E9A1000C0B20F2804D10F999F
:10AB00000800C0B20F2801D0C12061E01098DFF822
:10AB10004894C9F8287089F82E8089F82C2089F883
:10AB20002D1089F82F004FF6FF703100020089B216
:10AB300091420DD1DFF82C140A88824204D1ECF73F
:10AB400070FAA9F8240005E00888A9F8240001E0BB
:10AB5000A9F82460002C09D0200003F0A7F80128F0
:10AB600004D1210019F1390003F0C8FE19F13904AC
:10AB7000200003F09BF8002803D12100E22003F01D
:10AB8000E5F9A9F816500020A9F81A00002089F864
:10AB900038000F2089F82C000F2089F82D0005209F
:10ABA00089F826001C2100226C462000F3F7F8FDEE
:10ABB00000208DF80400D9F82800009099F82E00A4
:10ABC0008DF8050000208DF80700684603F032FA82
:10ABD00007B0BDE8F0830120DFF87C1381F8260080
:10ABE000704780B50122C9B200F007F802BD80B5F8
:10ABF0000022C9B200F001F802BD2DE9FC410500B8
:10AC00000E009046DFF850733200D2B2B98C2800A3
:10AC100001F012F80400002C01D1CA208EE0208936
:10AC20004FF6FE71884201D1C32087E001F0E5FCB8
:10AC3000218980B2814201D1C2207FE0B88C218875
:10AC4000884201D02088B884B88C02F030FEE07AC7
:10AC5000401C87F83800290017F1390003F04EFE38
:10AC600002208DF80100684602F039F90500002D38
:10AC70005DD0286906210170401CB97B0170401C21
:10AC80000120A87701F0B0FC68620120A87640207E
:10AC9000E8822089688085F818802800FFF73BFE4D
:10ACA00005002800C0B2002842D10020092087F802
:10ACB000260020897883387E3100C9B2884200D0CE
:10ACC0003E7617F11A014B2003F04EF917F12401DB
:10ACD000502003F049F917F11801E12003F044F97D
:10ACE00017F11601532003F03FF90121082001F06C
:10ACF000EAFD00214FF4005001F0E5FDDFF8684265
:10AD00004FF480612078EBF7D7FCDFF86002007821
:10AD1000012802D14FF4DC6203E0082001F090FD2D
:10AD200082004FF480612078EBF7C2FC00E0102530
:10AD30000020DFF83C1208702800C0B2BDE8F681A0
:10AD40002DE9F24187B0070015001E00824C94F8EF
:10AD50002600042803D094F82600082801D1C22038
:10AD60004EE0BDF838004FF6FE71884201D1C32095
:10AD700046E01C210022E8464046F3F711FD03207F
:10AD800084F8260007A9502003F0EEF80EA94B2006
:10AD900003F0EAF8BDF81C00A0842576BDF8380061
:10ADA0006083A673390014F1390003F0A7FD16F093
:10ADB000CE0656F080068DF81A6002208DF8160037
:10ADC000BDF83800ADF80E00BDF81C00ADF8180055
:10ADD0008DF80B5000208DF808000F2084F82D000E
:10ADE00014F12D01542003F0BFF80F2084F82C003B
:10ADF00014F12C01472003F0B7F8684603F0CBF8B4
:10AE000008B0BDE8F0811FB5002441798DF8081025
:10AE100001798DF80A10574909788DF80B100168EF
:10AE2000002904D0006812F0A1FE00280ED10020F5
:10AE30008DF8090001F0D8FB01904FF6FD70ADF8D8
:10AE40000000684601F02EFF0400FFE72000C0B2BA
:10AE500004B010BD1FB5040000203F4991F8262022
:10AE6000082A03D091F82610042915D14FF6FD7059
:10AE7000ADF8000001F0B8FB019000208DF809004A
:10AE800060788DF8080020788DF80A0000208DF891
:10AE90000B00684601F006FFC0B204B010BD10B54B
:10AEA000012003F03EF8040003F08FF912F040FE99
:10AEB00013F0B0FB00F004FF2B48007800F06CF8B2
:10AEC0002000C0B210BD38B51400002200250200D9
:10AED000D2B2802A0CD0872A1BD08B2A29D0982A5C
:10AEE0000FD09C2A11D09D2A21D09E2A04D022E086
:10AEF0001948808C20802BE0174890F8260020709D
:10AF000026E01548807C207022E002F067FC20706B
:10AF10001EE0C125080080B202F091FC002805D097
:10AF20001C2201002000ECF717F8002510E0C925CD
:10AF30000EE0C9250CE00100C9B28139582901D3BE
:10AF4000C92505E00449C0B2084410F8810C2070FE
:10AF50002800C0B232BD0000346300203F720020E0
:10AF6000F4700020241D00204F7200204172002048
:10AF7000D91700203E1D0020E0B500908DF8041088
:10AF800000208DF8050000208DF806006846FFF7C8
:10AF900047FDC0B20EBD030080B5DFF8601B08702E
:10AFA0000020DFF85C1B81F8260007F063FF13F038
:10AFB00009F90020DFF84C1B086002F087FB07F05E
:10AFC0005CFF0020DFF8401B086001BD38B50400BD
:10AFD0000D0000220421002013F0AEFA0300002B24
:10AFE00001D100201EE01889208007E0188904E0C4
:10AFF000208819898842F9D22088208000220421E3
:10B00000180013F099FA03000028F1D128002188D4
:10B0100080B2884203D22088451B258001E00020B1
:10B020002080012032BD38B50024ECF739F9050045
:10B03000ECF733F945434FF47A70B5FBF0F1DFF8E4
:10B04000CC2A106800280BD01068814206D25FF02D
:10B05000FF301468041B1068041901E014680C1B0D
:10B06000200032BD2DE9F04391B00E00300405D52B
:10B0700000F0D4FE96F40046300025E1B00405D57A
:10B0800000F0EFFE96F4005630001DE1F00714D5F5
:10B09000DFF86C1A91F82C000F280AD191F82600DD
:10B0A000002806D091F82600012802D0002000F0E8
:10B0B0000EF996F00106300006E1B00640F1BC80C2
:10B0C0000120ADF8000000200020DFF8307A2021B8
:10B0D0003878EBF71DFBDFF8348AD8F80010084306
:10B0E000002801D1012503E0FFF79DFF05006D0851
:10B0F000002D66D000220421002013F01DFA040068
:10B100003DE0FF208DF804008DF805005FF0FF3072
:10B110008DF8060004AA2068C17F2068006A01F04B
:10B1200011F901281FD1608A50F08000ADF83E006F
:10B13000A07B8DF84000A07A000708D5BDF83E003E
:10B1400050F48070ADF83E00207B8DF842006069BD
:10B15000002803D06069007BADF82000002201A91F
:10B1600004A813F060FB06206073207B13F007F93E
:10B1700004E0A07B0028C4D1012060734C46002C61
:10B180001FD000220421200013F0D6F98146208927
:10B19000A84203D32089401B208101E000202081A8
:10B1A00020890028EAD1A07B0128E2D1A07A4007BB
:10B1B000DFD406206073B7212068407B00F011F9CE
:10B1C000DCE713F004F800220121002013F0B4F9A9
:10B1D000002803D020213878EBF700FD290089B240
:10B1E0006846FFF7F3FE00281FD0BDF800000028D6
:10B1F00007D120213878EBF7F1FC0020C8F80000D7
:10B2000016E0BDF80000420020213878EBF750FA34
:10B21000ECF746F80400ECF740F844434FF47A703A
:10B22000B4FBF0F0C8F8000002E00020C8F800000D
:10B2300096F02006300047E0B00724D5DFF8D008AC
:10B24000007800280CD1DFF8B808418B012013F0FA
:10B2500051FC0121DFF8A4080078EBF72DFA0EE08D
:10B2600002A801F0D2F901F0CCF9DFF8BC190B7893
:10B27000DFF8B8190A7802A980B202F0BBF896F09C
:10B280000206300020E0B00505D502F0E8F996F49A
:10B290000076300018E0300707D50120DFF890195C
:10B2A000087096F0080630000EE070050BD5EDF73B
:10B2B00090FA0121DFF84808808C13F00DFC96F419
:10B2C0008066300000E0002011B0BDE8F08310B5CA
:10B2D00086B0182100226C462000F3F761FA0220A4
:10B2E0008DF80800DFF81808418BADF80010808C4D
:10B2F000ADF80A0000208DF81400684602F0DCFE6C
:10B3000006B010BD18B58DB00C00002C15D06A46E3
:10B310000100C9B2200001F015F89DF806000028D0
:10B320000BD09DF81C309DF80120210000200BF06F
:10B3300049FE002801D0A42000E000200EB010BD7E
:10B3400038B5040001204FF6FE752800A07A4006AB
:10B350000BD52068008801F0EEFD002802D04FF6E2
:10B36000FF7004E02068008801E001F04AF9010064
:10B3700089B2A94214D02168088080B201F0DBFDB7
:10B38000002803D000202168C88102E00120216844
:10B39000C881DFF8A018206802F0A1FE050000E0D7
:10B3A000CD252800C0B2002809D1DFF808090078AF
:10B3B00000280DD10121202001F085FA08E02900A4
:10B3C000C9B22068407B00F00CF8002800D00024AF
:10B3D000002C03D00121200012F022FF2800C0B26F
:10B3E00032BD38B504000D001420EBF759FB0028DE
:10B3F0000DD00C2101708470457000218173010013
:10B40000DFF8F8060078EBF76EFB00200FE0200075
:10B41000C0B213F0ADF8002808D006214173007BBC
:10B420000CF0B6FF2000C0B212F0A9FF102032BD10
:10B4300001000020896A0978032907D0042905D072
:10B44000072903D00A2901D00C2900D10120C0B25C
:10B4500070477FB50500A87813F08AF80400002C27
:10B4600051D000266878E0736878F1280ED06878AB
:10B47000CD280BD068781A2808D06878E92805D03C
:10B480006878E12802D068781D280CD100212000BE
:10B4900012F0C6FE002806D062896978208907F07C
:10B4A0004CFD20810126F6B2002E24D168788DF85B
:10B4B00008000194A87B8DF80900207C002803D1A6
:10B4C00001A813F01DF902E001A801F0D4FC9DF8D9
:10B4D0000800E92803D09DF8080000280AD10120BF
:10B4E00000909DF80830EA7B206841892068008838
:10B4F00001F0A6F8FFE7607B022801D10620607307
:10B50000A87812F03CFF12F062FEDFF8A80700787E
:10B5100000280AD100208DF800006946522002F070
:10B5200023FD0121202001F0CEF97FBD38B50400B4
:10B53000002500206079002819D055F008056189A0
:10B54000FF2013F059FB002807D055F0040555F0F3
:10B550002005607950F001006071607910F00300FF
:10B56000012858D155F0010555F0100553E0607FD2
:10B57000002823D094F82100002803D094F821005B
:10B58000FF2810D1DFF878056189C28A914204D181
:10B5900055F0020555F020053DE090F826000428FE
:10B5A00039D1012037E0626A94F8211094F8200024
:10B5B0000CF036FE00282ED101202CE0608901F02D
:10B5C000BAFC022801D155F001056089DFF8301579
:10B5D000C98A884201D155F002052800C0B200286E
:10B5E00007D0A078002802D155F0200501E055F0E1
:10B5F0004005608901F09FFC012801D155F001054B
:10B60000A078002807D0A06A007801F058FC012833
:10B6100001D015F0FE052800C0B232BD38B50400D7
:10B620000125A078022800DB00252079022800DB14
:10B63000002560894FF6F87188420ED060894FF678
:10B64000F971884209D060894FF6FA71884204D0B6
:10B6500060894FF6FB71884200D1002501F052FC51
:10B66000E178C0B2814200D000252800C0B232BDCE
:10B67000F0B58FB005004FF6FE7000200020DFF817
:10B6800034060078002812D12889002804D001212E
:10B69000102001F018F903E00021302001F013F927
:10B6A00000208DF800006946522002F05DFC02AADD
:10B6B0002989C9B2686800F045FE002804D002A8B4
:10B6C000FFF7ACFF002803D1D32012F079FD26E16B
:10B6D0009DF83900002803D0D32012F071FD1EE13F
:10B6E000A88CADF83400E88DADF816009DF80E007A
:10B6F00000280DD09DF824309DF8092069680120AC
:10B700000BF060FC002803D0CF2012F059FD06E1B9
:10B7100002A8FFF70BFF06009DF80E0000281CD1C1
:10B72000DFF8DC03C07A002817D03000C0B210F078
:10B730002200222811D03000C0B210F0420042286E
:10B7400007D10C980078062807D00C9800780728B5
:10B7500003D0CF2012F034FDE1E0700615D502A829
:10B76000FFF766FE002810D1BDF81200DFF8901335
:10B77000C98A884205D10C980178BDF8140001F0FF
:10B78000EEFCD32012F01CFDC9E070060DD50C981C
:10B790000078032803D10C9840780D2805D002A822
:10B7A00001F0BDFC012800F0BA80DFF85473B5F851
:10B7B0004000B98C884208D100200090002395F801
:10B7C0004220E98FA88C00F03BFF9DF80E00002876
:10B7D00021D0E98FA88C02F089F80400002C48D011
:10B7E00068689DF809100844407BE1780200D2B2F5
:10B7F000914202D0E07000206060042168689DF8EA
:10B8000009201044401CEBF7CFFB61688842C0F070
:10B810008680401C606097F82600042803D097F8C3
:10B82000260009287BD1B0064DD595F842008DF849
:10B83000040095F843008DF8050095F844008DF854
:10B8400006009DF81A0001280DD1BDF81400A98C3E
:10B85000884208D1BDF8120001F06DFB022802D128
:10B8600000208DF81A00AA6B01A902A812F0DBFFD4
:10B8700054E09DF83900002810D00420EBF710F9AF
:10B880000100002909D06420087001204870A88CAC
:10B8900048809A480078EBF726F940E097F86C006A
:10B8A0000128B8D10C980078062801D17006B2D4CE
:10B8B000BDF816004FF6FF71884203D0290002A898
:10B8C00000F02FF82BE0700628D50C98007804289B
:10B8D00008D19DF82400022804D102A9002001F01B
:10B8E0002FFA1BE00C980078072807D19DF8240058
:10B8F000042803D102A801F095F90FE00C98007814
:10B90000032804D1002102A801F08AFC06E00C986B
:10B9100000780C2802D102A801F09CFDFFE70FB0CF
:10B92000F0BD38B504000D00DFF8E0050078002810
:10B9300007D060897249C98A884202D10CF025FA81
:10B9400018E00021C9B260890CF06EFD00280CD00F
:10B95000807910F0180F08D0E88D0090AB8C627FD2
:10B960006189A0890CF02EFE04E000226189A08983
:10B970000CF037FA31BD3EB50500614C94F8260055
:10B98000032807D094F82600012803D094F8260055
:10B99000092877D16878002853D10021022007F0C8
:10B9A000CBFA6888E082A91C532002F0DDFA94F8F3
:10B9B0002600092802D0A08C01F079FF01208DF823
:10B9C00000006946422002F0CFFA042084F82600E5
:10B9D00001A94A2002F0BAFA01A914F11C0002F0F0
:10B9E0008DFFDFF82C0501780B2902D106210170AB
:10B9F00003E00021A08C13F06FF8E18A032007F028
:10BA00009BFA618B042007F097FAA07B000703D50F
:10BA100001208DF8000002E000208DF8000069464A
:10BA2000522002F0A1FAA07B000705D501214FF4B6
:10BA3000004000F048FF23E00121012000F043FF17
:10BA40001EE0697889B241F2030007F075FADFF869
:10BA5000C00401780B2901D10A2101700020DFF810
:10BA6000B41408704FF48041DFF8AC040078EAF7B2
:10BA700023FE6978A08C13F02FF8002084F82600AC
:10BA800000F01EF937BD80B51F4A1168002903D1A7
:10BA90001B4991F8261000E00221C9B2052902D005
:10BAA000062908D00FE0DFF874241168002901D0BE
:10BAB0001168884720E0DFF868241168002901D068
:10BAC0001168884718E01168002903D01168897946
:10BAD000012903D1407812F0F6FF0DE01168897951
:10BAE000022902D101F06EFD06E0DFF8382411686A
:10BAF000002901D01168884701BD00004F72002065
:10BB00003463002000710020F470002004710020D4
:10BB10004972002038B58CB00500287C0F28C0F28F
:10BB200081806C6801AA297C686900F009F99DF898
:10BB3000040000280AD1287C0B2807DB207A022881
:10BB400004D1207B00F0FF00FF2800D06AE09DF8C0
:10BB50000600002803D09DF80600022862D1DFF815
:10BB6000C81391F8260002280CD091F82600062868
:10BB700008D0DFF8BC231068002844D01068807912
:10BB8000012840D1DFF8A8030068002807D1002071
:10BB900000900023627C6189208800F051FD20889C
:10BBA000ADF818006089ADF81A00A07B8DF81C0074
:10BBB000A08980B2C00B8DF81D009DF808008DF89B
:10BBC0001E009DF80A008DF81F009DF805008DF8F5
:10BBD00021009DF806008DF82000607C8DF8220081
:10BBE0009DF809008DF823009DF816008DF82400BB
:10BBF00008220DF10B010DF12500EBF7ADF906A8B8
:10BC000012F066FF0EE091F82600082803D091F8A4
:10BC10002600042806D19DF806200DF10B0160894D
:10BC200000F0BDF80DB030BD40720020411D002075
:10BC30005272002005B301002DE9FC4105000E0001
:10BC400017006846BB49D1E90023C0E900235FF033
:10BC500000082900684602F042FE002801D15FF08A
:10BC60000108B248046800E0A469002C1AD04046DC
:10BC7000C0B200280CD0290014F10C0002F02FFEF5
:10BC80000028F1D0A0783900C9B28842ECD109E08F
:10BC90002088310089B28842E6D1A0783900C9B243
:10BCA0008842E1D12000BDE8F681A04800687047D5
:10BCB000000000004172002000209C49086070478D
:10BCC00038B59A4D286803E08469EBF750F92000F5
:10BCD0000028F9D10020286031BD70B5040015009E
:10BCE00020780870481C617801700178A27851EAC8
:10BCF00002110170401CE17801700178227951EA4B
:10BD0000820101700178627951EAC2010170017803
:10BD1000A27951EAC2110170461C0822E11D3000CF
:10BD2000EBF71AF90836032214F10F013000EBF794
:10BD300013F9F01CEDB20F2D01DBA17C017070BD79
:10BD400038B5140001782170401C017811F00F0102
:10BD500061700178C9B20909A170401C017811F025
:10BD60000301E1700178C1F3800121710178C1F311
:10BD7000C30161710178C9B2C909A171451C0822CA
:10BD80002900E01DEBF7E8F808350322290014F13B
:10BD90000F00EBF7E1F8E81C0078A07431BD3EB568
:10BDA0000400634B1868002808D0186880790228BE
:10BDB00004D1200080B201F0E5FB2EE05A4DA88CA2
:10BDC00023009BB2984228D1D2B2012A05D015F1A6
:10BDD000390002F084FD00281FD14FF400714E4855
:10BDE0000078EAF795FC002817D1A86A009095F82A
:10BDF0002E008DF8040001208DF8050002208DF83A
:10BE000006006846FEF70CFE002804D1200080B230
:10BE100001F0B8FB01E0FEF739FE37BD10B53E4832
:10BE20000078EAF7B2FE0400002C19D0002100E0EF
:10BE3000491C414A0800C0B212F83000FF280CD05B
:10BE40000800C0B212F8300023789842F0D12000E8
:10BE5000C9B202EBC101496888472000EAF734FE05
:10BE600010BD10B512F015FC0400002C05D0200008
:10BE7000FFF7FEFB2000EAF727FE10BD38B50400EF
:10BE8000607812F03DFE6078E12808D06078F128F3
:10BE900005D060781A2802D0607819280BD1274D78
:10BEA0002878002802D10020FFF711FA287890F0B6
:10BEB0000100287002E00020204908702048007826
:10BEC000002809D16078EB2802D06078E92803D1F6
:10BED0000021302000F0F7FC134801210091637825
:10BEE0000022818C408B00F0ABFB12F070F931BD69
:10BEF000C0B2002803D100201249087002E00120DE
:10BF00001049087070470F48007870473C72002055
:10BF1000DC1700203F7200204F720020F8700020D4
:10BF2000FC700020C47000203463002000710020E9
:10BF3000F4700020B83A0000C03A000053720020AC
:10BF40004172002051720020F0B587B00500002436
:10BF500000204FF6FE76370012F04BF9002801D092
:10BF600011208AE0287F002818D0DFF85C0B0178C8
:10BF70000078400150EA810028776988FF2012F09C
:10BF80003BFE00280AD001244FF6FF77E88A50F0E4
:10BF90000400E882287F50F001002877688800F0CC
:10BFA000CAFF002801D000206876A87E002803D1AF
:10BFB000DFF8180B0078A8762878000604D52878D2
:10BFC00010F00300287009E0E87E002806D1DFF8B1
:10BFD0000C0C0178E9760178491C0170287E012853
:10BFE00009D1DFF8F80BC07A002804D1287800289E
:10BFF00001D1002028762878012807D12869007807
:10C00000022803D1E88A50F04000E882A87D40066B
:10C0100001D4E4B2002C04A9280000F0BEF804000A
:10C02000380080B2B04200D16F88002C22D028782E
:10C030008DF814000695688DADF8160005A80390DC
:10C0400095F82C000290E88A0190687D00909DF898
:10C050001030DFF8880BC28A390089B2200000F066
:10C0600044F805002800C0B2102804D12000EAF7E7
:10C070007EFF00E010252800C0B207B0F0BD10B56B
:10C080008EB0040001A83421F2F7BEFBA088ADF801
:10C0900010006088ADF80E00207D8DF8200020692A
:10C0A0000B90207F8DF80900208DADF81400207EC4
:10C0B0008DF80A00607E8DF80800608DADF83200C2
:10C0C00094F82C008DF83400FF208DF800008DF8D6
:10C0D00001005FF0FF308DF802000022694601A8E0
:10C0E00012F0A1FB00200EB010BD2DE9F84F88B072
:10C0F00006000F00904699465FF0100A2420EAF7E8
:10C1000035FF01900198002842D0149C139DDDF862
:10C1100048B08DF80090ADF802805FF0000824214F
:10C120000022DDF804904846F2F73AFBDFF8AC0A4B
:10C13000808C01994881BDF80200ADF81C000220F6
:10C1400001990873022001990872019807809DF8EF
:10C1500000000199C877019880F80DB00198066237
:10C16000ADF80E508DF810B01598D0E90023CDE948
:10C1700005238DF81E404146C9B201A812F050F8BF
:10C18000012802D15FF0000A02E00198EAF7EFFE11
:10C190005046C0B209B0BDE8F08FF8B505000C00FC
:10C1A00008206870687F002802D0687808306870BE
:10C1B000A87F002802D0687808306870287F00289F
:10C1C00002D06878401C6870A879002806D068788A
:10C1D000297AC9B24900891C08186870287E00288D
:10C1E00001D00E2600E00026DFF82C0A0078012896
:10C1F0000BD12878012808D0DFF8240A007800281D
:10C2000003D0012085F8340002E0002085F83400D6
:10C21000297D6878411871182170287E002807D080
:10C22000DFF8B809007B0AF0DAFE217840182070A8
:10C230002078752801DB002403E02078EAF796FED9
:10C240000400002C54D0280000F054F8207080B274
:10C25000000A60706888A070688880B2000AE07088
:10C26000A8882071A88880B2000A6071A87EA07199
:10C27000E87EE0710827687F002806D0296A380028
:10C28000C0B2204402F03AFB0837A87F002806D04D
:10C29000696A3800C0B2204402F030FB0837A87940
:10C2A000002815D0287A3900C9B260547F1C687AFA
:10C2B0003900C9B260547F1C287A4200E96838000E
:10C2C000C0B22044EAF748FE287A400050FA87F7C7
:10C2D000287F002804D0287F3900C9B260547F1C11
:10C2E0002A7D296968782044F6B23044EAF734FEA2
:10C2F0002000F2BD10B5040000F004FE2178C0B2A9
:10C3000051EA8001607E800110F0C0000143207F6F
:10C31000002801D0012000E0002051EA0021207E09
:10C3200051EA4021607F51EAC021A07F51EA0031EB
:10C33000A07951EA802194F8340051EA4031080094
:10C3400080B210BD2DE9F04106000F001400012558
:10C3500034210022A0464046F2F722FA3800C0B24B
:10C36000082801DA002094E02770307871780902FB
:10C3700051FA80F0210080B200F08DF8002800D042
:10C380000025B078F1780902081860813079717958
:10C3900009020818A081B079A074F079E07408202F
:10C3A0006070E079002805D0607830446061607882
:10C3B00008306070207A002805D060783044A06191
:10C3C000607808306070002084F8200000206062EF
:10C3D0006079002805D06078305C60716078401C1E
:10C3E0006070607F002834D000206078411C61704C
:10C3F000C0B2305C84F820006078411C6170C0B22B
:10C40000305C84F8210094F8210094F820108842D0
:10C410001DD2DFF88808007894F82010884201D2F5
:10C420000C2701E094F82070DFF874883800C0B25F
:10C430004200607806EB00014046EAF78DFDC4F843
:10C4400024806078FFB279000818607001E0002055
:10C45000607720786178884201D2002019E0607806
:10C460003044A06221786078091A2177A0790028E9
:10C470000DD0207F0E382077A06A0E30A062DFF842
:10C480009C07007B0AF0ABFD217F081A207728006B
:10C49000C0B2BDE8F08110F003028A70C0F38302DD
:10C4A000CA70C0F381120A71020092B2521212F0E5
:10C4B00001028A71020092B2121212F001024A7154
:10C4C000020092B2921212F001024A77020092B276
:10C4D000D21212F00102CA71020092B2121312F0CB
:10C4E00001020A72020092B2521312F0010281F8A4
:10C4F000312080B2800BC0B27047020000209179D9
:10C50000002909D0DFF81417C97A00290ED19178D3
:10C5100000290BD1012009E0DFF80037D97A002982
:10C5200004D05189DA8A914200D00120C0B270470C
:10C53000F8B506000D00140030787178090251FA40
:10C5400080F0210080B2FFF7A6FFB078F1780902F1
:10C55000081860813079717909020818A081B079D2
:10C56000A074F079E07408206070E079002805D0AC
:10C57000607830446061607808306070207A00280C
:10C5800005D060783044A0616078083060706079D0
:10C59000002805D06078305C60716078401C607065
:10C5A0002000FFF7AAFF07003800C0B2002818D10A
:10C5B000A079002806D160783044A06260782D1AF6
:10C5C00025770EE0607830440E30A062DFF84C062C
:10C5D000007B0AF004FD61786D1AB5F10E01081AAE
:10C5E00020773800C0B2F2BD10B5DFF894492100C1
:10C5F000E22001F0ABFC200010BDDFF82006C08A6D
:10C600007047DFF81806408B704780B501004A205C
:10C6100001F09CFC01BD10B5DFF8840904780178B5
:10C62000491C01702000C0B211F0A2FF002800D008
:10C6300000242000C0B20028EED02000C0B210BDFF
:10C640002DE9F04706008A4691469846089D002449
:10C650000027514689B2300080B201F047F9002826
:10C660000CD12900C9B2002908D14A46D2B251469C
:10C6700089B2300080B201F077FA7FE000282CD038
:10C680002900C9B2002908D04146C9B2002903D106
:10C6900000210170012727E026E04146C9B20029A8
:10C6A00013D181785FFA89F919EB010189B2490840
:10C6B00081708178002901D10121817041780029A0
:10C6C00003D1DFF8E01809784170DFF8DC18097849
:10C6D0008078814208D2012706E02800C0B20128F4
:10C6E00002D14046C0B20028EDB2012D2BD1404608
:10C6F000C0B2002803D04046C0B2EB2804D10020CD
:10C70000DFF8A81808701EE04046C0B2E1281AD031
:10C710004046C0B2F12816D04046C0B21A2812D006
:10C720005FFA88F8B8F1190F0DD0DFF880080178AA
:10C73000491C01700178DFF82C291278914202D34C
:10C74000012400210170FFB2002F03D12000C0B2EC
:10C75000002813D0E4B2002C10D03000DFF8BC1455
:10C76000498B80B2884209D1310089B2012012F090
:10C77000C1F901214FF4005000F0A5F8BDE8F087A1
:10C7800010B4DFF8E4281278002A4BD1C20707D58D
:10C79000DFF884291160136A934201D100231362E8
:10C7A000020708D5DFF870295160136A141DA342EF
:10C7B00001D100231362C20609D5DFF85C2991601C
:10C7C000136A12F10804A34201D100231362820606
:10C7D00009D5DFF84429D160136A12F10C04A34291
:10C7E00001D100231362820709D5DFF82C2991615A
:10C7F000136A12F11804A34201D100231362420705
:10C8000009D5DFF81429D161136A12F11C04A3427F
:10C8100001D100231362C20404D54FF47A72DFF809
:10C82000F8385A61400409D5DFF8EC080161016A63
:10C8300010F11002914201D10021016210BC704739
:10C84000C10703D5DFF8D008006830E0010703D541
:10C85000DFF8C40840682AE0C10603D5DFF8B8084D
:10C86000806824E0810603D5DFF8AC08C0681EE0CC
:10C87000C10403D5DFF8A008406918E0810703D59B
:10C88000DFF89408806912E0410703D5DFF88808D3
:10C89000C0690CE0410403D5DFF87C08006906E0BC
:10C8A00010F4204F01D0002001E05FF0FF3070470E
:10C8B000002804D0DFF86018096A09680160DFF811
:10C8C0005808808C704738B50022DFF89C27127812
:10C8D000012A02D14CF6C0721040C9B2002905D01D
:10C8E000DFF834188A8C1043888405E0DFF82818B4
:10C8F0008A8C32EA00008884DFF81C48A08C00048F
:10C9000006D501208DF800006946522001F02CFB6D
:10C9100000F02BF8002807D120620121DFF88809F8
:10C920000078E9F7C9FE1FE0216A002904D00168F8
:10C93000226A1268914217D02062206A006801289A
:10C9400006D10121DFF860090078EAF747F90BE02A
:10C95000DFF8545901212878E9F7AEFE206A026811
:10C9600001212878E9F7A6FE31BD81B00020DFF86B
:10C97000A827918C890464D4918C090405D5918CE5
:10C98000490401D512F110005BE0918C002958D0C8
:10C990005FF0FF3000906846DFF8CC160978002978
:10C9A0004BD192F82410C90704D511680368994245
:10C9B00000D2100092F82410090704D551680368CA
:10C9C000994200D2101D92F82410C90605D591682D
:10C9D0000368994201D212F1080092F824108906E6
:10C9E00005D5D1680368994201D212F10C00918CEF
:10C9F000490405D511690368994201D212F110006A
:10CA0000918CC90405D551690368994201D212F18C
:10CA1000140092F82410890705D59169036899429A
:10CA200001D212F1180092F82410490705D5D169F6
:10CA30000368994201D212F11C006946884200D174
:10CA4000002001B0704710B50024644A74212120F1
:10CA5000EAF71CFB0A2801D154F0010411F023FA73
:10CA60000A2801D154F00204DFF80C1908680028E4
:10CA700005D0086880470A2801D154F0080412F054
:10CA80006BF90A2801D154F0100409F072FB0A284E
:10CA900001D154F020042000C0B210BD80B506F0D2
:10CAA000ECF94E4A74212120EAF729FB11F020FA13
:10CAB000DFF82C190868002801D00868804712F0B8
:10CAC0006DF909F0B7FB01BD471D0020BE5F0300F3
:10CAD00038B50024414D2A0074212120EAF7D6FA06
:10CAE000002856D12B00742200212120EAF74AFBAE
:10CAF00000284ED1E88A4FF6FE71884249D00124C1
:10CB000095F82600082803D095F8260004283DD182
:10CB100001208DF800006946422001F025FA15F148
:10CB20002F01432001F020FA15F12C01472001F0DC
:10CB30001BFA15F11C014A2001F016FA15F11A0131
:10CB40004B2001F011FA15F12401502001F00CFAEC
:10CB500015F11601532001F007FA15F12D015420AB
:10CB600001F002FA15F11801E12001F0FDF9A87BAE
:10CB7000000703D501208DF8000002E000208DF8A9
:10CB800000006946522001F0EFF902E006F075F965
:10CB9000002411F055F9DFF84C180868002801D07E
:10CBA0000868804712F032F92000C0B232BD10B5DB
:10CBB0000400E00704D5094A74212120EAF79FFA0E
:10CBC000200701D511F052F9600706D5DFF81818D3
:10CBD0000868002801D00868804710BD3463002031
:10CBE00078B585B004000D4880F87240DFF8FC5736
:10CBF000DFF8FC676A4631782800FFF7A1F88DF866
:10CC00001240327829006846FFF767F8290045206E
:10CC100001F0AAF906B070BD421D00203463002067
:10CC20003F72002070B50600DFF87C564FF480613B
:10CC30002878E9F741FD0920DFF8701681F8260011
:10CC40000020DFF8C4180870FFF7CEFC01007069FF
:10CC500001F045FE012820D11020E9F721FF040052
:10CC6000002C1AD002202070B06A4078B16A89780E
:10CC7000090208186080B06AC0786070B1694A2003
:10CC800001F072F9B079002803D10520DFF8F0181F
:10CC9000087021002878E9F726FF70BD7EFE0200AB
:10CCA000486D002038B5050002208DF80100684667
:10CCB00000F015F90400002C3FD020690421017018
:10CCC00000214170297A012903D1417851F02001D6
:10CCD0004170697A012903D1417851F040014170D6
:10CCE000A97A012904D1417851F08001417001E015
:10CCF0000120A076687A012806D16868002801D052
:10CD00000120607768682062E87A012801D101205B
:10CD1000E082288800F00FF9002803D0E08A50F064
:10CD20000400E0820120A077FFF75EFC60622888A3
:10CD300060802000FDF7EFFD00E01020C0B232BDA2
:10CD4000F8B584B005000E0000240E2100226F46C5
:10CD50003800F1F725FDB06A407810F01F0F04D0BD
:10CD6000D32011F02DFA002057E0810602D50121D1
:10CD70008DF80C10010602D501218DF80B1040062C
:10CD800002D501208DF80A009DF80A00012804D17F
:10CD9000F079002805D0746903E0307A002800D0CB
:10CDA000B469002C04D021000DF1020001F0A6FDB1
:10CDB000B089ADF800009DF80A00012828D1DFF8FD
:10CDC00000180878002802D00878012804D1DFF87C
:10CDD000BC080078002818D00878002815D0FFF784
:10CDE00010FCB18980B281420FD1708900F0A3F8A4
:10CDF00000280AD1002C0BD0FFF7F6FB01000DF143
:10CE0000020001F06CFD002802D12800C0B204E04D
:10CE1000684611F06BFE2800C0B205B0F0BD7FB5CA
:10CE200004000D000E2100226E463000F1F7B8FC20
:10CE30006889ADF80000A86A4078810602D5012112
:10CE40008DF80B10010602D501218DF80A1040065D
:10CE500005D569690DF1020001F050FD04E0A969F2
:10CE60000DF1020001F04AFD20798DF80C006846B2
:10CE700011F038FE7FBD18B58DB004002068807AAF
:10CE8000C0071AD5206841894FF6FE70014020681E
:10CE900041816A4620680068C17F20680068006A96
:10CEA000FFF746FB002808D10A980078042804D12F
:10CEB00069462000FFF7B3FFFFE70EB010BD010089
:10CEC00000200A00D2B2042A06D00A00D2B20A2AEE
:10CED00002D0C9B2032900D10120C0B2704710B5F9
:10CEE0003821017001218170FDF747FD0400002CFD
:10CEF00006D0012020700120A077FFF775FB60624B
:10CF0000200010BDDFF8A403807C7047DFF8AC1769
:10CF100008707047DFF8A81701220A70020703D5CE
:10CF20000A7852F002020A70800703D5087850F0A0
:10CF300004000870704702000020002192B24FF6F2
:10CF4000F873D21A032A0BD9121F05D0521E05D02E
:10CF5000921E07D1012105E0042103E0022101E036
:10CF60000821FFE7DFF8582712780A4201D0022093
:10CF700003E0C9B2002900D00120C0B27047000010
:10CF80001870002080B50178002906D14168002979
:10CF900003D04068FCF723FA00E0002002BD000047
:10CFA00048720020D7190300281D00204A72002073
:10CFB00010B4002100E0491C0A00D2B2032A12DAA0
:10CFC000DFF800270B00DBB202EB83035B88040071
:10CFD000A4B2A342EFD1DFF8F0060078C9B202F89C
:10CFE0002100C5203BE0002100E0491C0A00D2B22C
:10CFF000032A17DADFF8CC260B00DBB202EB83033F
:10D000005B884FF6FE74A342EFD10B00DBB202EB5C
:10D0100083035880DFF8B0060078C9B202F8210017
:10D0200000201CE0002200E0521C1100C9B20329BC
:10D0300014DADFF890361100C9B213F82110002974
:10D04000F2D11100C9B203EB81014880DFF8780604
:10D050000078D2B203F82200002000E0C72010BC04
:10D0600070470000301D0020417200207FB5040091
:10D070000D001226200080B2002801D1002049E0D6
:10D0800020008A49C98A80B288420AD1FFF7ACFAE7
:10D090000100280001F023FC002801D1012600E056
:10D0A000002600208DF80000ADF80240684610F020
:10D0B000EDFD00280CD001A810F058FD012807D183
:10D0C000012601A9280001F00AFC002800D0002652
:10D0D0002900200080B200F014FC0100C9B20A2926
:10D0E00001D101260BE0C0B2A02808D12900200000
:10D0F00080B200F0F7FC200080B200F098FD300014
:10D10000C0B2012804D10021200080B200F006F84E
:10D110003000C0B204B070BD246B0020704710B561
:10D120000400207A00280AD0A169A089FFF79EFF99
:10D13000012804D1A089FFF73BFF01200EE0E07930
:10D1400000280AD061696089FFF790FF012804D1A7
:10D150006089FFF72DFF012000E0002010BD7CB5A5
:10D1600004000D00012605208DF801006846FFF738
:10D17000B6FE00280ED0016903220A7013224A70FD
:10D180008C70220092B2120ACA700D714480FDF7B1
:10D19000C2FB06003000C0B276BD2DE9FE4306009A
:10D1A0000F0090461D005FF0010904208DF801007A
:10D1B0006846FFF794FE0400002C2DD0EDB2002D40
:10D1C00008D00120A077A780207850F08000207040
:10D1D0000020E07620690321017080F801808770CB
:10D1E000BFB23F0AC770300080B2FFF7A4FE00282C
:10D1F0000BD101A9300080B210F0DCFC002804D073
:10D200000120607701A8206201E00020607766803D
:10D210002000FDF780FB81464846C0B2BDE8FE8392
:10D2200070B504000D000126A06A4178A06A8078DC
:10D23000A26AD27812021218207F042804D0D320C8
:10D2400010F0BEFF00202DE00800C0B20028022828
:10D250000AD9C01E07280AD90838012806D9801E15
:10D2600003D0401E03D003E003E002E001E000E051
:10D27000002592B2C9B2608911F07CFC6089FFF789
:10D280005AFE00280DD0A07C02280ADBA08907499D
:10D29000C98A884205D0F6B2012E02D12800C0B258
:10D2A00000E0002070BD00004F72002034630020B9
:10D2B0002DE9FE4305000F0090461E005FF00109B6
:10D2C0000A208DF801003800C0B2002808D19DF86E
:10D2D00001003100C9B2490051FA80F08DF8010017
:10D2E0006846FFF7FCFD0400002C40D020690921AE
:10D2F0000170401C0670017851EA4711017010F16D
:10D3000001094146484601F0F9FA19F10801FFB256
:10D31000002F17D100220A980EE01300DBB230F87C
:10D3200013300B70491C1300DBB230F813309BB282
:10D330001B0A0B70491C521C13003700DBB2FFB2F2
:10D34000BB42EAD30120A077FFF74EF9606201A942
:10D35000280080B210F02EFC002803D00120607756
:10D3600001A8206265802000FDF7D5FA8146484675
:10D37000C0B2BDE8FE830000C86B00202DE9F04775
:10D3800005000E0017009946DFF88484D8F80000E5
:10D39000002822D04846C0B240000E3080B2E9F7E3
:10D3A0007FFB0400002C18D0DDF820A0D4202070D2
:10D3B000658026713900601D01F0A0FA84F80D9097
:10D3C0005FFA89F95FEA4902514614F10E00E9F764
:10D3D000C3FD2000D8F800108847BDE8F0870000A2
:10D3E000CC6B0020D06B0020D46B0020F46E0020AA
:10D3F000541D00202DE9F84305000E0090461F0043
:10D400005FF0010903208DF801006846FFF767FD12
:10D410000400002C1AD020690B210170401C80F8F8
:10D420000080401C07700120A077FFF7DDF86062E4
:10D4300001206077266265800120A0760020DFF859
:10D44000401508702000FDF766FA81464846C0B2D4
:10D45000BDE8F28370B5806A401C0578401C0478F2
:10D46000294A147001215120E9F749FE0120DFF813
:10D4700010150870EDB2002D1BD1DFF80C150878DF
:10D48000002808D1DFF8FC04097850F821104FF487
:10D490007A70414307E0DFF8EC04097850F8211076
:10D4A0004EF660204143DFF8E4040078B1FBF0F56C
:10D4B0000AE0DFF8D004016A4EF660204143DFF84D
:10D4C000CC040078B1FBF0F500214FF48040FFF769
:10D4D000FAF90E4E02213078E9F7EEF8E0070AD5A6
:10D4E00029004FF48040FFF74BF901214FF48040B1
:10D4F000FFF7E9F906E0A00704D52A0002213078F9
:10D50000E9F7D8F870BD00003F7200204F7200208C
:10D5100070B401000022002327E01800C0B205FB10
:10D5200000F504EB0500008B82181DE01C25DFF8D8
:10D5300060441800C0B26843205A4FF6FE76B042ED
:10D5400012D01800C0B268432044008B00280BD0D2
:10D550000800C0B20028E0D01800C0B205FB00F5FA
:10D5600004EB0500002404835B1C1800DFF8B445BD
:10D570002478C0B2A042D9D3100080B270BC7047EA
:10D58000DC17002038B504000021DFF8A05528681A
:10D5900000E04068002805D0028823009BB29A4230
:10D5A000F7D10121C9B2002908D10820E9F7DEFC32
:10D5B000002803D0048029684160286031BD000044
:10D5C0004A1D00207CB50025DFF86065306801E069
:10D5D0006D1C40680028FBD12800C0B24000E9F76C
:10D5E000C5FC0400002C2AD00021306806E0028827
:10D5F0000B00DBB224F81320491C40680028F6D148
:10D60000DFF82C05B0F86E10C28A91420AD100945E
:10D610002B00DBB210F139020021B0F86E00FFF7E9
:10D62000ADFE09E000942B00DBB210F139020021BD
:10D63000B0F86E00FFF73CFE2000E9F798FCFDF71C
:10D6400025FA73BD10B5DFF8E444206804E04168B2
:10D650002160E9F78CFC20680028F8D110BD38B5AE
:10D66000DFF87C04848CDFF8C05429888184290089
:10D67000502000F079FC2988200080B200F0A6FA42
:10D680002A880121002000F003F831BD3D1D002053
:10D69000F8B504000D001600DFF80C763868002895
:10D6A0000BD00620E9F7FCF9002806D0D52101703F
:10D6B0008470C570868039688847F1BD521D00208E
:10D6C00047720020A86F00206F1C030010B50024D3
:10D6D0000AE0DFF8BC122200D2B21C20424301EB68
:10D6E000020000F0D3F8641C2000DFF83814097839
:10D6F000C0B28842EDD300200EE0DFF804164FF6EA
:10D70000FE720300DBB201EB83035A8000220300A8
:10D71000DBB201F82320401C0100C9B20329ECDB75
:10D7200010BD70B4002200E0521C1300DFF8F44377
:10D730002478DBB2A3421ED21C23DFF8C8451500B3
:10D74000EDB25D43655B0600B6B2B542ECD11500A3
:10D75000EDB25D4325446D890E00B6B2B54205D0E9
:10D760000D004FF6FF76ADB2B542DDD1D2B25A43CD
:10D7700004EB020000E0002070BC704770B54FF66B
:10D78000FF714FF6FE70FFF7CCFF002825D1002473
:10D790001CE01C257E4E2100C9B269433144897CBE
:10D7A000002906D02100C9B269433144497C0029CF
:10D7B0000BD12000C0B26843305A0AF036FF200077
:10D7C000C0B205FB00F506EB0500641C2100DFF884
:10D7D00038251278C9B29142DBD370BD10B4002055
:10D7E00000220BE06A4B1400E4B21C214C43195B8D
:10D7F0004FF6FE73994200D0401C521C1100DFF816
:10D8000008351B78C9B29942ECD380B210BC70477E
:10D810008470002038B504000D00290089B2200072
:10D8200080B2FFF77EFF07E000F030F8290089B2F0
:10D83000200080B2FFF775FF0028F5D131BD70B42C
:10D840000022002101E0521C491C0B00DFF8D442E9
:10D850002478DBB2A34216D21C23DFF8A8440D00C3
:10D86000EDB25D43655B4FF6FE76B542ECD0150038
:10D87000EDB20600ADB2B6B2B542E4D1C9B2594379
:10D8800004EB010000E0002070BC704738B50400D4
:10D89000002C0BD01C21002225002800F0F780FF6F
:10D8A0004FF6FE7020804FF6FF70608131BD38B5B5
:10D8B0000400002512E01C2035492A00D2B2424360
:10D8C0000A44528923009BB29A4206D02A00D2B25F
:10D8D00000FB02F00844FFF7D9FF6D1C2800DFF8B9
:10D8E00028140978C0B28842E5D331BD80B589B229
:10D8F00080B2FFF716FF002801D0103000E00020B2
:10D9000002BD2DE9F84304000D0000265FF0000978
:10D9100026E01C27DFF878804846C0B278434044B0
:10D92000801C10F023F9002818D04846C0B2784374
:10D9300038F80000210089B2884201D156F00A0669
:10D9400029004846C0B207FB00F708EB0700801C1F
:10D9500000F0C5FF002801D056F0A00619F101091A
:10D960004846DFF8A4130978C0B2884203D23000D9
:10D97000C0B20028CDD03000C0B2BDE8F2830000B4
:10D98000497200203C150000411D0020401D002070
:10D99000A86300202DE9F84F04000D0016005FF089
:10D9A000000A0021012701224FF6FE79C8460BE04C
:10D9B000E9F737FBC0B25FFA8AFA90FBFAF10AFB8B
:10D9C00011015FF0000A00223800C0B2002800F008
:10D9D0008480002306E01800C0B20CFB00FC3EF877
:10D9E0000C805B1C1800DFF83CC19CF800C0C0B282
:10D9F00060455AD25FF01C0CDFF808E31800C0B293
:10DA00000CFB00F03EF800004845EAD01800C0B218
:10DA10000CFB00F03EF80000A3461FFA8BFB5845B4
:10DA2000DFD01800C0B20CFB00F03EF80000AB469F
:10DA30001FFA8BFB5845D4D01800C0B20CFB00F085
:10DA40003EF80000B3461FFA8BFB5845C9D01800BA
:10DA5000C0B20CFB00F07044407C0028C1D018001C
:10DA6000C0B20CFB00F07044407C0828B9DA180002
:10DA7000C0B20CFB00F07044407C0728ABD0100013
:10DA8000C0B2012802D11AF1010AAAE71AF1010A6B
:10DA900050468B46C0B25FFA8BFB5845A1D3DBB230
:10DAA0000CFB03F33EF8030018E05046C0B2002818
:10DAB0000AD00800C0B2002806D15046C0B20128E2
:10DAC0007FF476AF01217CE7404680B2484501D122
:10DAD000002779E7404680B200E04846BDE8F28F73
:10DAE000346300202DE9F04104000D00002600E021
:10DAF000761C30000B490978C0B2884210D21C272E
:10DB0000DFF8008229003000C0B278434044801C16
:10DB100000F0E5FE0028EBD0F6B27E4328F8064080
:10DB2000BDE8F0815FF502000C720020C07000209B
:10DB300034630020010007200A00D2B20D2A01DB65
:10DB400001200FE00A00D2B2072A01DB032009E01E
:10DB50000A00D2B2032A01DB052003E0C9B2002982
:10DB600000D10020C0B270472DE9F04106000F003F
:10DB70001500FFF703FE0400002C25D01C21002215
:10DB8000A0464046F0F70CFE268067812800C0B210
:10DB9000002801D0A57401E00120A074DFF86C0119
:10DBA00090F86C00012805D12800C0B2FFF7C2FF31
:10DBB000607401E007206074DFF840010078401CC9
:10DBC000022190FBF1F02074BDE8F08170B50400F3
:10DBD0000E00002523E02A00D2B242430A445289B3
:10DBE00033009BB29A4219D02A00D2B200FB02F055
:10DBF0000844FFF74BFE11E01C20DFF808112A0053
:10DC0000D2B242430A44528923009BB29A42E2D1E3
:10DC10002A00D2B200FB02F0084446816D1C2800A5
:10DC2000DFF8E4100978C0B28842E5D370BDF8B5DA
:10DC3000040000252AE01C26DFF8C8702800C0B2C6
:10DC40007043385A210089B288420DD020004FF627
:10DC5000FF7180B2884218D12800C0B27043385A90
:10DC60004FF6FE71884210D02800C0B2704338448D
:10DC7000801C0FF07BFF002807D12800C0B206FBF4
:10DC800000F607EB0600FFF701FE6D1C2800DFF829
:10DC900078100978C0B28842CDD3F1BD80B54FF677
:10DCA000FF70FFF7C4FF01BD887000203EB504007F
:10DCB000082100226D462800F0F772FD6946200019
:10DCC00000F00DFE012801D1002000E001203EBD42
:10DCD00010B51C0023009BB23A2B03D023009BB24B
:10DCE0003B2B09D113000A0092B2010089B2200037
:10DCF00080B2E9F747FA00E00A2010BDD619030008
:10DD0000A86F0020A86300205FF5020034630020A4
:10DD100002460020117801B10120517809B140F08C
:10DD20000200917809B140F00400D17809B140F0C7
:10DD30000800117909B140F04000517909B140F073
:10DD40008000704703B49DF800100020012908BF2F
:10DD500001209DF80110012908BF40F004009DF842
:10DD60000210012908BF40F008009DF803100129A6
:10DD700008BF40F010009DF80410012908BF40F0D2
:10DD800020009DF80510012908BF40F040009DF8D3
:10DD90000610012908BF40F080009DF807100129F6
:10DDA00008BF40F4807002B070470A7A02720B7AA2
:10DDB000022B1CBF0822E9F7CFB80A8802807047FF
:10DDC0007CB50D46F7F742F8A806DFF8D042DFF839
:10DDD000D06210D4290430D437E09DF80000162812
:10DDE00004BF01A8F8F7D2F89DF8000016281CBF60
:10DDF000201DF8F7CBF8301DE8F78BFF00280190C5
:10DE0000E8D0F0F7C2FD317B4A1E3273F0F7EEFD29
:10DE10000198017801988DF80010606001994878A8
:10DE20000028DAD10846F8F700F8DDE760600198CD
:10DE3000F7F7FBFF201DF8F7A9F8DFF86802007874
:10DE4000E8F7A3FE00280190F0D1E80602D52E21C4
:10DE500000F04DF8E80702D5252100F048F8A807A2
:10DE600002D5262100F043F8680702D5272100F0EB
:10DE70003EF8280702D5292100F039F8680603D5B5
:10DE800000212D2200F02CF8280603D50021302295
:10DE900000F026F8E80503D50021352200F020F82F
:10DEA000280503D50021372200F01AF8E80403D52D
:10DEB0000021382200F014F8206878B1F0F765FDF1
:10DEC0002168019100222260F0F790FD01986060C6
:10DED0000198F7F7AAFF201DF8F758F8002076BD43
:10DEE0008DF801108DF800206846F7F79EBF8DF879
:10DEF00000106846F7F799BF38B5EEF714FD11F03A
:10DF0000E1FA0024684D55F8240000B18047641CF4
:10DF1000072CF8DBF7F722FDEB20FEF7F7FF0120D7
:10DF200032BD1CB5010018BF01210846EEF705FC03
:10DF300000218DF80010044669465620F3F758FB7F
:10DF40005A49E220F3F754FB204616BD80B5E2287B
:10DF50000A4605D15549104600F0D0FC002002BD0C
:10DF6000BDE80440F3F723BB38B5E22804460D466C
:10DF700008D14E4800F0C2FC29462046BDE8344096
:10DF8000F3F736BB5228F7D1494A29781078014374
:10DF9000F2D1012032BD38B5044688B0002020728D
:10DFA000202100F0FAF800F040F8E07A8DF80B003C
:10DFB0000022217B8DF80C108DF80D2004F10E014C
:10DFC0000A220DF10E00E8F7C7FFA57E06210DF12C
:10DFD0001A00E8F715FBE80744BF01218DF81A1075
:10DFE000A80744BF01218DF81B10680744BF012119
:10DFF0008DF81C10280744BF01218DF81D106806FC
:10E0000044BF01218DF81E10280644BF01218DF860
:10E010001F100021ADF80C10208BADF818006846D9
:10E0200011F090FA002009B030BD0B22214668465D
:10E03000E8F792BF10B504468AB00020A0712821ED
:10E0400000F0ABF80B2204F10B010DF11900E8F719
:10E0500083FF20681749086068462168E8F7C9FF10
:10E0600020798DF81100002160798DF81200E07997
:10E070008DF81500207A8DF81600607A8DF817005B
:10E08000A07A8DF818008DF814108DF813106846DA
:10E09000F7F783F900200AB010BD0000B46F00202C
:10E0A000046F002059720020F86C00204C410020C1
:10E0B000431D00209870002010B5044686B0002053
:10E0C000207500F069F80A22FFF7B0FF6089ADF80B
:10E0D0000A00684611F03DFA002006B010BD30B5C8
:10E0E0008FB004460D463C2100F057F80A22FFF796
:10E0F0009DFF6089ADF80A00207B8DF80C00607BE5
:10E100008DF80D000DF10E00E18900F049F8207C3A
:10E110008DF81600607C8DF81700A07C8DF8370014
:10E12000E07C8DF83800E07FADF82800E8F71EFFAE
:10E13000099080B1E27F216AE8F70EFF28000AD03B
:10E14000BDF828000999C0B2A84720B10998E8F79E
:10E150000EFF1A2008E068460BF041F804460998C3
:10E1600008B1E8F704FF20460FB030BD80B50DF0D0
:10E170009FFF002002BD0DF0B5BF0EF00EB880B5B8
:10E180000EF028F8002002BD01B56946E020F3F743
:10E190002FFA02BD0020207218216846F0F734BB28
:10E1A000CA0744BF012303704A0744BF01234370D9
:10E1B000CA0644BF0123C3708A0644BF012303710A
:10E1C000C90544BF0122C2717047E0B510208DF827
:10E1D00002000DF102015A20FFF7C6FE4FF4FA715A
:10E1E000ADF80410552001A9FFF7BEFE03208DF8FD
:10E1F00001000DF101015920FFF7B6FE00208DF856
:10E2000000006946E020F3F7F3F907BDDFF8541684
:10E21000CA7A110701D501207047FF280DD00100EF
:10E2200010D0F1280EDADFF84016096851B14A68BB
:10E2300013788342F9D1517821B1DFF83026107577
:10E240000020704702207047DFF82006007D7047ED
:10E2500010B5DFF81406DFF818260168DFF80C3671
:10E2600011601B7DFF2B02D10AE008681060116865
:10E2700099B1486804789C42F7D110BD08681060D5
:10E28000116851B14B6818780028F7D0F128F5DAF9
:10E2900058780028F2D0184610BD002010BD30B5C7
:10E2A00085B00021009101F08CF9040037D0FFF710
:10E2B000CFFFDFF8B8556188287800F0C5FA0090E4
:10E2C00050B3017B812927DB207810BB6188ADF832
:10E2D000061004228DF80420211D02A80FF038FC3E
:10E2E00001A80FF06AFD78B9DFF88815DFF88845D6
:10E2F000087000F029F8284600F09EF900F0F6F8C2
:10E300000C2000F093F90AE061886A46012000F0D1
:10E310001FF80099FF2008732046E8F728FE05B093
:10E3200030BD10B5DFF84C25DFF84C4500201070EB
:10E3300000F00AF8DFF84405EBF7ADF800F0D6F886
:10E34000BDE810400B2071E140212078E8F7B4B916
:10E350002DE9F24FDFF81885DFF81065DFF804B516
:10E360000746D8F80000012500288AB0924600F040
:10E37000AE80D8F800004468BBF808004FF6FF7381
:10E3800098424FF000090DD0207806F120020121BB
:10E39000F9F77FF8BBF80810ADF8101001228DF8DE
:10E3A000182008E003208DF8180027B1BDF82800D8
:10E3B00004A90FF0FFFB2846002510E0012000F023
:10E3C00089F80869B368F27900F08BF8B2282AD08E
:10E3D000002804BF4FF00109002F2BD06D1CA1684D
:10E3E0000B7BEAB29A42E9D30546B22D1CD0B9F1B3
:10E3F000000F00D0FFB1002506E0002804BF4FF059
:10E400000109002F16D06D1CA168CB79EAB29A429F
:10E4100009D2002000F05EF888683369327B00F092
:10E4200060F8B228E9D10546B9F1000F25D017B13F
:10E43000FF2001E000258020DAF8001008734FF675
:10E44000FF70BBF8083083421BD0BDF82810ADF830
:10E450001C10022231788DF824208DF82510002020
:10E46000012203900290019206F11801009100220E
:10E47000207807A911F0B5F803E0DAF80010FF20C2
:10E480000873B22D05D0307DFF2820D1D8F80010B8
:10E4900016E0DFF8E013DFF8E04300220A70FFF730
:10E4A00053FF304600F0C8F800F020F80C2000F0D0
:10E4B000BDF80CE04868007810B1F128FFF659AFBC
:10E4C0000868C8F80000D8F800100029F2D10BB095
:10E4D000BDE8F08F0390029704AB3278019200936D
:10E4E0007047E9B230F81110207879E020784FF4C5
:10E4F0008041E8F7E1B8F8B586B004460020009006
:10E500000025FFF7A5FEDFF86803DFF86063016808
:10E510004A685078C1072CD5A2695078917800EBF1
:10E5200001230227ADF804308DF80C70BDF80410FB
:10E53000107900F089F90090F0B1304600F07CF8D5
:10E54000A0693146001D01F030FA0098008804A946
:10E550000FF030FB002812BF012500980661BDF8BE
:10E5600004106A462846FFF7F3FE0098017BFF2956
:10E5700002D1304600F060F807B0F0BD70B5044637
:10E58000BF4EA0688168C0793346182200F069FA4E
:10E590000025012808BF0225A0680169007B3346D9
:10E5A000182200F05EFA012808BF45F00105A068B6
:10E5B000B44E8168C0793346302200F052FA012807
:10E5C00008BF45F00105A0680169007B3346302291
:10E5D00000F047FA012808BF45F00205284670BD43
:10E5E00073B505460999BDF8040014461E4600F0AF
:10E5F00006F930B901AB01223146204600F031FA6C
:10E6000008B9B12076BD089800281EBF9E4804684E
:10E61000002C09D001A80090079A069901232846EA
:10E62000A04708B9B22076BD002076BD8D4988721A
:10E6300001210620EAF72CB910B50446A06818B1EC
:10E64000E8F795FC0020A060206918B1E8F78FFC7E
:10E650000020206110BD8D490860704770B504002E
:10E660000D46844E14D0307808B900210FE0824A5C
:10E6700010784021E8F74CF83178491E00F2E73075
:10E680004FF47A72C1EB0111B0FBF2F04118217026
:10E690000DB13078287070BD7D490860704718B59D
:10E6A0008BB004464FF6FF700221FF22ADF8200028
:10E6B0008DF828108DF82920FAF783FC00210791A6
:10E6C000059103910022012106920490029101928A
:10E6D00001230093032208A92046F8F71EFF040037
:10E6E00007D16548007842F210724FF48041E7F795
:10E6F000DFFF20460CB010BD38B55F4C0546FFF774
:10E70000F5FE29465D48EAF799FE60B129680A7A64
:10E7100002720B880380497A41722A6851894181CB
:10E720000022027302614FF480412078BDE834403A
:10E73000E8F754BA7FB5684600210022002380E83C
:10E740000E004E4C534D24682868534E38B920466D
:10E7500000F071F82860B0B98CB90B200FE0007B95
:10E76000FF2805D001060ED420F0800004280ADB23
:10E77000306838B9204600F05EF8286018B9FFF715
:10E7800055FF7FBD286045483B4C0178012908BFF3
:10E7900040F6B83204D00120FEF752F800EB4002F8
:10E7A00020784FF48041E7F783FF3D490A782868D5
:10E7B000082A1AD00188ADF80010027A8DF80820D6
:10E7C000017B491C017329680A7B0888130605D55B
:10E7D000002300220021F8F719F80AE04A7A0146DE
:10E7E00000236846F8F77EF803E0017B41F0400122
:10E7F00001732868406900F01EF830607FBD20B5C5
:10E8000061B100211E4ACBB232F81330834210D0DE
:10E81000491CCDB2182DF6DB012020BD194ACBB220
:10E8200032F81330834204D0491CCDB2302DF6DBD0
:10E83000F2E7002020BD00E0406920B1017B21F01B
:10E8400080010429F8DA704720B502460B480068B9
:10E8500000E0406928B103888B4204BF457A9542A5
:10E86000F7D120BDA0060020C4060020E806002045
:10E87000C8060020B8060020B9060020CC060020FB
:10E88000D805000008060000BC6B00205070002076
:10E8900054700020D0060020D406002041720020D1
:10E8A000B4060020027A0B7A9A420CD15AB1022A9D
:10E8B00005D100880988884205D101207047032AC4
:10E8C00008BF00F00CB8002070470A7A0272032AD1
:10E8D00004BF0822E8F740BB0B880380704710B5DF
:10E8E000082210F8013B11F8014BA34202D1521E3D
:10E8F000F7D101E0002010BD012010BD0822E8F78B
:10E900002BBB010080B5DFF8A01A00200860DFF8FB
:10E910009C1ADFF8180BFFF7F1FF08F09DFBBDE82C
:10E920000140FBF7F7BF2DE9F84185B00E461446CC
:10E930009846012818BF022829D1310018BF032E9C
:10E9400030D1FBF7A1FDDFF8E87ADFF8E85A0028BC
:10E9500018BF032E13D0E8F764FB049000210120B8
:10E9600003900291CDF804800094DFF8CC0A6B7B11
:10E970003A680088DFF8C41AFCF798F806E002202D
:10E98000EDF701FA697B3868FCF71CF838B1DFF85D
:10E99000B00A00784FF47A720121E7F789FE06B0D9
:10E9A000BDE8F081012E08BF0128F0D10A20EDF763
:10E9B000EAF9DFF8900A00784FF48061E7F77CFE0F
:10E9C00069465020FFF7C2FADFF8640BBDF800106B
:10E9D00081840021808C10F07FF8E0E738B5044690
:10E9E0000D46D1212846E8F7ABF8A0B90220E8F798
:10E9F00057F8010007D1BDE83440DFF8440A007839
:10EA00001021E8F7EBB8D12008704C702846BDE81B
:10EA10003440E8F768B8447031BD38B50546DFF8D2
:10EA2000140B046808E06168087820B14A6811781E
:10EA30002846FFF7D3FF2468002CF4D1DFF8F80A4A
:10EA4000005F10F1010F03D0C1B22846FFF7C6FFE7
:10EA5000FDF7D3FDDFF8E41A0880BDE83140FDF78B
:10EA6000C3BDF0B5002400E0641C84420EDA00252A
:10EA700000E06D1CEEB29642F6D2EFB231F81460AF
:10EA800033F81770BE42F4D10120F0BD0020F0BD74
:10EA900070471CB500F024F807D102B0BDE8104063
:10EAA000DFF89C2A89B2F8F750B848F202030DE06B
:10EAB0001CB500F015F807D102B0BDE81040DFF832
:10EAC000842A89B2F8F768B848F20303027C0093FD
:10EAD00001928BB2811C407C8022F8F742F913BD71
:10EAE00081690A78497802EB0121DFF8502A1488FD
:10EAF0008BB2A34270477CB50546002000900024ED
:10EB0000A96908784A78897800EB022000260A0073
:10EB100014BFFF2982260ED0DFF8202A138880B286
:10EB2000984207D1684606F08FFE0446009810B957
:10EB3000832600E08026009A31462846F8F74FF8F1
:10EB4000002C1EBF00980028E8F711FA73BD70472B
:10EB50002DE9FF4104460025A069DFF8EC89017822
:10EB6000407801EB0027FDF748FD0026B9B281424D
:10EB700007D106F089FE451E0121404606F08EFEB3
:10EB800000E08026207CEDB2BFB20390CDF8088073
:10EB9000019500973346617CA21C48F20500F8F706
:10EBA00083F8BDE8FF81F0B5002308E00C784D78CC
:10EBB00004EB0526DFB222F81760891C5B1CDCB26F
:10EBC0008442F3D30846F0BD2DE9F84F804684B067
:10EBD000D8F818703878797800EB0124B878F9788B
:10EBE00000EB012292B20192A0B2FEF7A4F9002636
:10EBF000002501284FF0000909D0A0B2FEF79BF9CB
:10EC0000B0B9DFF838190A88A0B2904210D098F84D
:10EC100010000390A4B2029501950094802398F807
:10EC2000111008F1020248F20600F8F73DF8CDE0B5
:10EC30003C7907F1050A5CB16000E8F797F9060036
:10EC400006D0324651462046FFF7ADFF824600E02F
:10EC500000241AF8017B57B17800E8F787F905001E
:10EC600005D02A4651463846FFF79DFF00E00027B1
:10EC7000DFF8C0180968CDF80880AB46B2460097A7
:10EC80000D4626E0002131610EE00020B0600098C2
:10EC90000028F7D006F1140101EB44003061594619
:10ECA000009A5200E8F758F96868426810783146CF
:10ECB000E7F719FF3878DFF890185FFA89F209F161
:10ECC00001098854B8F1000F1CBF3846E8F74FF926
:10ECD0002D68002D47D0686801780029F8D0AA7BFC
:10ECE000D307F5D5AA682AB10120904707464FF00F
:10ECF000010802E087684FF00008002FE8D078880C
:10ED0000019988421EBF08464FF6FF718842D9D14B
:10ED1000BB68FA7951462046FFF7A3FE40B9009838
:10ED20003B693A7B5946C0B2FFF79BFE0028C9D029
:10ED30000098201840001430C0B2E7F7B1FE06007A
:10ED4000B8D0D2203070002C02994888708034717D
:10ED50000098307399D006F11400B06062005146FB
:10ED6000E8F7FAF893E70299DFF8D0275FFA89F01D
:10ED700058B1087CDFF8D037039002935FFA89F02E
:10ED800001900023128800920BE0087B78B9DFF82D
:10ED9000B837087C128802930026039001960092EF
:10EDA00000238A1C497C48F20600F7F77DFFBAF180
:10EDB000000F1CBF5046E8F7DAF8BBF1000F05D092
:10EDC000584605B0BDE8F04FE8F7D1B800F0D5BB24
:10EDD00070B58CB0032204468DF82C200D4609A88E
:10EDE000FFF78CFDFDF700FC014609A8FFF777FD52
:10EDF00020B1297D032918BF012901D084206BE0AF
:10EE0000287A002818BFFF2806D0032906D1A87D3C
:10EE1000002818BFFF2801D182205DE035A0DFF86F
:10EE20002C67D0E9002307A9301DC1E9002308227F
:10EE3000E8F784F828BBDFF8F8166088CA8A9042A1
:10EE40001FD03078FF281CBF297A814207D07088F4
:10EE50004FF6FF7188421CBF6A89904211D1002091
:10EE60008DF80C000822311D04A8E8F775F803A8F6
:10EE70000EF045FFBDF80E006188884218BF8D2056
:10EE80002AD1E08921281CD18C218DF8081000F0AE
:10EE900035F8FAF7E7F908BB8DF80800ECF747FFFB
:10EEA000287D03281AD1694605F10C00FAF77EFA8D
:10EEB000A0B900230022002105F10C00F7F778FC2F
:10EEC0000CE000F01BF8FAF7E4F920B98DF808001F
:10EED000ECF72DFF02E088208DF80800207C0190DF
:10EEE00002A900910123E28942F4004200F0DCF91A
:10EEF0000CB070BDFFFFFFFFFFFFFFFFAB7D698917
:10EF0000287A05F10C027047F8B50023ADF802002D
:10EF10008DF8003001A80EF01BFE68460EF04DFF84
:10EF200005B000BD8169DFF818360A78497802EB30
:10EF3000012219890A4000D17047E0B5017C009296
:10EF40000191811CDFF8F4251388407C0022F7F73B
:10EF5000F4FE07BD2DE9F14F92B081690B7805935E
:10EF600004AA00219C20FBF7AEFF4FF00009DFF858
:10EF7000E01508780191CA46002818BF01280BD176
:10EF80000421002009F0B2FB9DF810105FFA80FA0E
:10EF900051448DF8101002E001228DF810200598E0
:10EFA0009DF81010884280F2BA800E1AF6B2022E36
:10EFB000C8BF02261A2010FB06F0E7F7D7FF5FEA6A
:10EFC000000900F0AD80059F4FF000084C464FF05F
:10EFD000FF0B58E0FF22082104F10A00EFF7E0FBE5
:10EFE00042E0012020750099087D401E43E0009812
:10EFF000017D491C21762879022806DC0221217531
:10F000002879012806D0012005E001202075297902
:10F01000032900D10020012130E009F0E8FB05467A
:10F020007F1C75B30099DFF808050A88228000F17B
:10F030003901A01CFFF762FC288860820221E1757B
:10F0400084F818B00022A97A61768DF8182006A8F5
:10F050002988ADF81A100EF019FE0128BAD107A9B7
:10F0600004F10A00FFF74AFC28790028BFD129885B
:10F070000029B6D12075207600210220A175607587
:10F080001A3408F101085FFA88F1DFF8C80400902B
:10F09000B1423FDAF8B25045BFDB05988245B4BFB4
:10F0A000A0EB0A07002735E0012161750020A0755B
:10F0B0000099087D401E20E00AAAF9B28720FBF7DC
:10F0C00002FFBDF83200DFF8901420807F1CA01CE6
:10F0D000FFF714FC0DF12A0104F10A00FFF70EFC02
:10F0E000BDF82800608201990878002818BF01281F
:10F0F000DAD102206075A075FF2020760220E0752D
:10F100009DF83A006076608A00B1012020751A34BB
:10F1100008F101085FFA88F0B042CDDB00E000267C
:10F12000002005999DF810300390C9B20091CDF8E8
:10F130000890019600221298811C407CF7F7AAFFE4
:10F14000B9F1000F1CBF4846E7F711FF13B0BDE847
:10F15000F08F3EB504460421A5692846E7F724FF51
:10F160000090012228798DF80400012069798DF83A
:10F1700005208DF806200223DFF8E0231070DFF869
:10F18000E003037262880280DFF8D803DFF8D82337
:10F1900001706846617C1170FBF742FC08B1FBF717
:10F1A00075FC37BD38B584B0FCF77FFD0446FCF72D
:10F1B0007CFD002501E080696D1C0028FBD1DFF893
:10F1C000A4030078E9B2814238BF00210BD3291A89
:10F1D000CAB2062AA8BF0521002201E0A469521C78
:10F1E000D3B28342FAD30090C9B2DFF87C03019115
:10F1F000002203920294EBB20078DFF86413F7F771
:10F20000F8FE05B0BDE83040FBF740BC2DE9F847FB
:10F21000064685B0B069077804AA0021A320FAF752
:10F2200046F8BDF810000024874205DAC51BADB2D0
:10F23000032D16DD032516E00025A04600200390CF
:10F24000EDB20294019500974246BDF81030707CF3
:10F25000DBB2B11CF7F78BFF14B12046E7F787FE4E
:10F260001FE0002DE9D018206843E7F77FFE040077
:10F2700013D04FF00008A146C2465FFA8AF0A842B8
:10F28000DCDA57FA8AF14A4689B2A220FAF70FF877
:10F2900009F118090AF1010AEFE74FF0B508002556
:10F2A000CCE706B0BDE8F087A11C04F11100F7F728
:10F2B00059BA30B5044685B0A56928460EF056FC0B
:10F2C00038B1FDF791F901462846FFF708FB012800
:10F2D00002D10021039100E003959549A08B4A8B50
:10F2E000904204BF207B00282AD12D7A15F04001DE
:10F2F00018BF01218DF8101015F0800118BF0121F1
:10F300008DF8111000229DF811008DF812200028B0
:10F3100004BF0398002804D101214FF40050FDF7E9
:10F32000D2FA03A8FBF76FFD00F00CF848F23402A4
:10F33000FFF7BAFF290603D4039808B9E9F727FABB
:10F3400005B030BD8DF8080002A9002001900091A1
:10F350000123704778B5044687B0A06901784078EA
:10F3600001EB002575490E88AAB2B2420ED102AB5C
:10F37000112200218120E7F705FF38B9009002AB88
:10F38000607CAAB2A11CF7F7BBFC0AE0207C0190CC
:10F3900048F211010091ABB2607C8422A11CF7F706
:10F3A000E0FC08B070BD00008C70002020700020D0
:10F3B00070B5044688B0A0690178427801EB022557
:10F3C0005E490E88ABB2B3421ED181781029A8BF26
:10F3D00010218DF80C10C11C9DF80C200DF10D00B2
:10F3E000E7F7BAFD03AA11218120E7F788FE544907
:10F3F0009DF80C000A78002814BF42F0100202F0B9
:10F40000EF020A70002000E084208DF8080002A9B5
:10F4100002A8457085700323207C0190009148F27A
:10F420001402FFF741FF08B070BD00000C18002067
:10F4300004180020A0060020241D002008700020D1
:10F44000DA1700204F720020484A1178002900D1B5
:10F45000704718B5364C94F8261089B0082918BFA3
:10F46000042962D1694600F0EBFAFDF7BDF80DF111
:10F470000201FFF734FA28B1FDF7BFF8BDF800101C
:10F48000814252D0FEF70AFCBDF800000DF10201E6
:10F49000FDF7ECFD012848D007A8FDF7B6F80DF1FF
:10F4A000020107A8FFF71BFA58B1FDF7AAF8BDF84B
:10F4B0000010814205D061834B2004F11A01FEF750
:10F4C00053FDBDF80000002108F0D4FEA18CBDF86A
:10F4D0000000FEF79FF90020BDF800108DF80C0029
:10F4E000ADF80E1003A80EF0D1FB60B107A8002103
:10F4F000C0E9001104A9FFF7F2F920B100F038F8D3
:10F5000003A80EF05AFC00F033F803A80EF0F7FB46
:10F5100000281EBFBDF80E00BDF80010884204D0C0
:10F52000ADF80E1003A80EF048FC0AB010BD0000A4
:10F53000346300209C060020181D0020CC170020FA
:10F54000E46E002080700020F8680020241800205D
:10F550004A1D0020586300206D630020D81700204A
:10F560009C6F00203872002037720020417200200A
:10F570000DF1020104A80EF0EBBA05B0BDE8F08F62
:10F5800038B585690C4629462046FFF7B7F9287A31
:10F59000207205F1090000F046F86381C51C8178EE
:10F5A0002175032907D1294604F10C00FFF7A6F9BC
:10F5B000287AA07531BD2978687801EB0022A281F4
:10F5C00031BDF8B507460026B87C0C28A4BFB86941
:10F5D000C67A344660000E30E7F7C8FC050020D03C
:10F5E000B969087828704F1CD8B93946281DFFF72B
:10F5F00085F907F1080000F016F800216B802973E7
:10F600007EB182782A7305F10E01C3786B73001DF9
:10F6100002784378801C02EB0326641E21F8026BFB
:10F62000F6D12846F2BD0178427801EB02237047FB
:10F6300030B500F05AF8B8BB9378087963F302004C
:10F64000087100F0F700937803F00803184308717D
:10F6500000F0EF00937803F0100318430871D3789B
:10F66000487900F0070003F0F80318434871D37895
:10F6700063F302004871107988715379CB719079E6
:10F680000872D3794B72107A887202F10A00537AA9
:10F69000CB720278437802EB03248C8182788A73E0
:10F6A000C378CB730079087430BD30B500F01DF815
:10F6B000D0B94B68907823F0F003000943EA0013B7
:10F6C0004B60907860F303034B6023F47043D07871
:10F6D000000943EA00334B6023F47063D47804F0EC
:10F6E0000F0443EA04234B6030BD826912F8010B1A
:10F6F00008701378547803EB04254D800878704720
:10F7000038B5FFF7F2FF20B9D01CBDE83440091D21
:10F710004BE131BDF8B5856915F8016BAF78B81DBF
:10F72000E7F724FC04000BD026702878697827714D
:10F7300000EB01226280E91C3A46601DE7F70CFCF1
:10F740002046F2BD826913780B7080694278807818
:10F7500002EB00234B8070472DE9F047866916F8CD
:10F7600001AB0027B846BAF1000FC14605D196F8A3
:10F770000090777896F80280F61C1A2000F036F890
:10F78000040032D084F800A0A770251D84F80190F1
:10F7900084F80380002725E0002028803146A81C3B
:10F7A000FFF7ACF80836314605F10A00FFF7A6F876
:10F7B00006F10800FFF737FF6B82861D817801F0A4
:10F7C00003022A757F1CC1F381026A75C1F302111D
:10F7D000A975C17801F00301E975017929764279AB
:10F7E0006A761A35F8B24045D6DBC0E010FB08F067
:10F7F000001DE7F7BBBB2DE9F843866916F8019BAE
:10F8000000250027B9F1000FB84604D13778757884
:10F8100096F80280F61C4FEA0810FFF7E9FF040093
:10F8200029D084F800906770A57084F80380271DA4
:10F8300000251DE031463846FFF760F830787178D2
:10F8400000EB01223A816D1C307AB872717A01F0B6
:10F850000F01F972707A00093873B07A00F00F0066
:10F860007873B07A0009B873F07AF8730C361037F1
:10F87000E8B24045DEDB2046BDE8F2832DE9F041E9
:10F88000856915F8018B002600270024B8F1000FC8
:10F8900003D12E786F78AC78ED1CE000FFF7A8FF5D
:10F8A000F8B180F80080011D46708770C470002296
:10F8B00014E02B786E7803EB06270F80EB1CAE78F4
:10F8C00006F007054D71521CC6F3C2058D715E78B6
:10F8D0001D7805EB06274F809D1C0831D3B2A3424B
:10F8E000E7DBBDE8F0812DE9F047866916F801AB4A
:10F8F0000027BAF1000FB946B84605D1377896F817
:10F90000019096F80280F61C1820FFF76FFF0400A4
:10F910002DD084F800A06770251D84F8029084F82B
:10F920000380002720E03078717800EB0122AA8163
:10F93000B61C17E031462846FEF7E0FF307A287201
:10F9400006F10900FFF76FFE6B81C61C81782975EF
:10F950000329E8D1314605F10C00FEF7CFFF307ADC
:10F96000A875093618357F1CF8B24045E2DB204601
:10F97000BDE8F08770B586693078002400B9F47866
:10F98000A01DE7F7F3FA05000DD0307828707178E4
:10F99000B0782C7101EB00226A8024B12246311D1F
:10F9A000681DE7F7D9FA284670BDF8B50D4610F87E
:10F9B000011B29700278437802EB0321698010F85B
:10F9C000022F417802EB0123AB80061D81780909E3
:10F9D000A971C178E9710C0011D06000E7F7C6FA8F
:10F9E000A860E0B1002107E03378777803EB0723C4
:10F9F00020F81230B61C491CCAB2A242F4DB16F839
:10FA0000010B2873040019D06000E7F7AFFA2861F2
:10FA100038B9A86818B1E7F7AAFA0020A860012051
:10FA2000F2BD002107E03378757803EB052720F855
:10FA30001270B61C491CCAB2A242F4DB0020F2BD0F
:10FA400038B5806942780C46017801EB02232380A7
:10FA5000851C2946A01CFEF751FF287AA07231BDF3
:10FA60002DE9F047876917F8018B00240026B8F1CB
:10FA7000000FB246B14610D104213846E7F794FA98
:10FA80000646381D0178427801EB022A10F8021F61
:10FA90004278847801EB0229C71C04F11000E7F7D3
:10FAA00065FA05000ED085F800806E60A5F808A004
:10FAB000A5F80A902C732CB12246394605F10D00A9
:10FAC000E7F74AFA2846BDE8F08738B585690C465D
:10FAD00004212846E7F768FA206028792071062873
:10FAE00002DA6879607131BDFE2818BFFF280AD19B
:10FAF00068792179A071A81DFF2904D10278407886
:10FB000002EB0021218131BD4A484B4990F8350074
:10FB1000087100281CBF0021E6F7E4BA7047464987
:10FB200048707047444A12790021002A00D170477A
:10FB300010B5930903F00103040008BF194604D06F
:10FB4000012814BF022883F00101BDE810401046CF
:10FB5000E6F7B8BA384A117941B11378D17803F091
:10FB6000FE0360F303011370D17012E07047324955
:10FB7000087918B101228A700320EBE770472F48FB
:10FB8000017801F00301032904BF0120FFF7E2BF60
:10FB9000704770B52A4D28780221E6F78DFD264A78
:10FBA0001079002844D0107800F0FE0300F0010026
:10FBB00080F001000343137013F0010014BF6424AC
:10FBC00041F28834D17811F00F0F0CD018B14B1ED0
:10FBD00063F30301D170917811B1B0B9C8241AE070
:10FBE0004FF4FA7417E0517889B9164E3178092923
:10FBF0001CBF072906290ED11049097801F003011D
:10FC0000022918BF032902D008B1642403E003F0DD
:10FC1000FE0300241370107800F00100FFF782FF4C
:10FC200034B128782246BDE870400221E6F740BD95
:10FC300070BD0000C80A0000487000204E7000200F
:10FC4000D1130020D01300202DE9F8430024002810
:10FC500088B00746904600F0D180082880F2CE8018
:10FC60000E4600F00DF90025300006D0012F3AD0E5
:10FC700001220121012000F0D0F8781E062865D865
:10FC8000DFE800F031393C2E045D5D0000F0F8F84B
:10FC900010F074F810F07AF808B9012556E00FF268
:10FCA00034670F233A460021042010F0A9F80325F9
:10FCB00098B9DFF8E8950F234A460021042010F098
:10FCC00082F8022548B93946484610F0CFF8042595
:10FCD00000B90025002010F0B4F810F06AF835E003
:10FCE00000F0D6F931E000F045FA022805462DD1A2
:10FCF00000F050FA29E000F03DFA26E0684600F0F6
:10FD000078F9050022D10A20E7F730F904460820E7
:10FD1000207001274FF000095FFA89F2E1191DF800
:10FD2000020010F0BFF809F10109E1195FFA89F248
:10FD30002020FF1C022A8870FFB2EDDD06E0062FAE
:10FD40000CBF0120002000F075F905466EB12800B7
:10FD500002D00A22012105E0B8F1000F4AD00122A9
:10FD60000121022000F059F844E08DF810500126DE
:10FD700004B10226B046C8EBC80808F1010087B2FA
:10FD80003846E7F7F3F8050034D03946E6F738FC93
:10FD90002E704FF48040A5F80100202104A8E970DE
:10FDA000686034B144F2010042212881A972C5F88B
:10FDB0000B4002208DF81C000021ADF81410012228
:10FDC000DFF8DC040188DFF8DC04ADF81E108DF8E4
:10FDD0001D202B46017802914A1C0270002101204F
:10FDE000019100910390192205A9F7F71AFE284600
:10FDF000E7F7BDF814B12046E7F7B9F809B0BDE858
:10FE0000F08380B50120FFF78DFE462004F02AFB29
:10FE1000BDE802400020FFF785BE2DE9F0410D4608
:10FE2000DFF88414044690460878474630B300262D
:10FE300012E00120FFF776FE28000CBF4FF42F7070
:10FE40004FF4967004F00EFB0020FFF76BFE4FF4AA
:10FE5000967004F007FB761CF0B2A042E9D32800AC
:10FE600014BF4FF47A604FF4FA6004F0FBFA5FEAD3
:10FE70000800DCD07F1EF8B20028D8D1BDE8F081A0
:10FE800038B5DFF828442078FF2828D0DFF8201480
:10FE9000DFF820540AF002FBDFF81C040078294642
:10FEA0000AF0FCFADFF81404007829460AF0F6FAA2
:10FEB000DFF80C04DFF80C1400780AF0EFFA207871
:10FEC00000F07BF80120EFF7BFFB207800F08AF804
:10FED0004FF40C70EFF7B8FBAB2000F01FF831BD0A
:10FEE0001CB5DFF8C8432078FF2816D0FFF7C8FFFD
:10FEF000B92000F013F82078EEF791FDDFF8B80391
:10FF00000078EEF78CFDDFF8B4030078EEF787FD9C
:10FF1000DFF8AC030078EEF782FD13BD8DF800002A
:10FF2000012168464CE02DE9F24F80460026DFF8BB
:10FF30009093DFF888A3DFF8805326E018F806B026
:10FF40000027082400F038F84FEA0B619AF8000007
:10FF5000C90F0AF01DFB287800F044F80420EFF7E1
:10FF600073FB99F800000AF092FA4FEA4B0B7F00FE
:10FF700008B147F001070420EFF766FB641EE1D1EA
:10FF800000F01AF808F80670761C9DF8000086420A
:10FF9000D4DBBDE8F18F80B5DFF81C03007800F0FA
:10FFA0000CF80120EFF750FBDFF800030078BDE804
:10FFB000044000210AF0ECBA287800210AF0E8BADF
:10FFC00038B504460D46FFF7E6FF280003D0294662
:10FFD0002046FFF7A8FF00F003F8BDE8324004E038
:10FFE000B248007801210AF0D3BA4FF42F70EFF72E
:10FFF0002BBB1CB504466846002101609F228DF88A
:020000040002F8
:1000000000200421FFF7DCFF44B19DF801002070BF
:100010009DF8022062709DF80300A0709DF8010019
:1000200000281CBF9DF80200002801D0002016BD4A
:10003000022016BD1CB504460021ADF800102000BA
:1000400014BF042006208DF8000001216846FFF748
:10005000B7FF210008D101208DF8000002218DF8A2
:1000600001106846FFF7ACFF05208DF80000022163
:100070006846FFF7A5FF9DF80100400800F0010069
:1000800080F00100844201D1002016BD032016BD7E
:1000900078B585B00FF02AFF68460FF05BFF694620
:1000A00001200FF035FF040008BF012028D001A96E
:1000B0000FF018FF002500260AE00398B6FBF0F0C9
:1000C00000F00300032808BFFFF79BFE0398861982
:1000D0000298864208D2039A314620460FF0FDFE70
:1000E00080B20028E9D00325042304AA0021204679
:1000F0000FF034FF00B1022520460FF0EBFE28463A
:1001000006B070BD38B58CB001F0A7FF6E496F4DD9
:100110004B6B0024AB4228BF002029D228182F2285
:100120006946C01A0FF05DFE002804BF9DF800006C
:1001300050281CD19DF82600502802BFDDF80D0084
:10014000D5F80D10884212D1DDF81100D5F8111044
:10015000884202BFBDF80900B5F80910884206D1EF
:10016000BDF80B00B5F80B10884208BF01242046EB
:100170000DB030BD10B50FF009FE0124012806D1E5
:10018000FFF7C0FF022400B100240FF012FE20464A
:1001900010BD00002DE9F84F90B001F05EFF8146E0
:1001A000494F7D6A7E6BE81B019000240FF0EEFD45
:1001B0000128B24668D1FFF7A5FF10B10FF0F9FD95
:1001C00062E00FF03EFE18B10FF0F3FD032062E095
:1001D000AE1B761C35032D0E300B4FEA1938B6EBEB
:1001E00000361CBF6D1CEDB2C34607E006F00306E7
:1001F000032E08BFFFF705FE0BF1010B5FFA8BF62C
:1002000055FA88F0864206DA5FFA8BF00FF019FE95
:10021000FF28EBD12EE0019A514648460FF000FE30
:1002200040BB02A82A493822E6F7FEF92C220AF13F
:10023000080104A8E6F7E8F90F98019B0094002252
:100240004FF40051C0B20FF0B3FEFE2104908DF8C0
:100250001910FF220B998DF8182005208DF81A002F
:10026000CF1B0897CDF83490342202A900200FF05C
:10027000D7FD00B103240FF09CFD032C0AD8DFE862
:1002800004F003050702A1E7002004E0012002E0DA
:10029000042000E0062011B0BDE8F08F8C6700203C
:1002A000241D00202C7200204C7000202A1D0020EC
:1002B00001620020006200202B1D00202C1D002068
:1002C0002D1D00200220002000000000EC0F000087
:1002D0001C1000004F4144204E564D203132333423
:1002E000353600002DE9F84F002814BF01260026FE
:1002F000DFF8988298F8C01101F0010186F0010240
:1003000011422ED10024DFF888924FF0010B0746EE
:1003100008EB0400457A0DB30BFA04F290F838109C
:1003200099F80000D2B2104001F00301824618BFD4
:10033000DA46680648BF8AF0010AA6B1B8F8291063
:1003400011420BD005F01F0538680BFA05F5BAF11C
:10035000000F0CBF20EA050505433D60641C082C16
:10036000D6DBBDE8F18F2846E5F7BCFE51462846AE
:10037000E5F7A8FEF2E78549B1F8290028B1844BDA
:10038000012201211020E6F79DBE7047012202FAEA
:1003900000F07F4A1378002914BF184323EA0000B5
:1003A000107070472DE9F84F8146784848440C4654
:1003B000457A002D90463DD090F83860B108484607
:1003C00003F0E0FD002835D07148017801220027B4
:1003D00002FA09F212EA010018BF01208DF80000AC
:1003E000802CACBF4FF0010ABA468DF80170B108FD
:1003F000484604F07F0B03F0FBFD002450B10DF1E3
:1004000001036A46B108484604F001FB040011D01C
:100410004FF0010ABBF1020F04D19DF8000080B932
:1004200001270EE006DCBAF1000F04BF9DF80000C2
:10043000584501D1002053E05F46390002D0012128
:1004400000E0394648460FF096FE00B900273946CD
:100450004846FFF79BFF84B1B8F1000F04D039463E
:10046000204604F04FFA3AE0236A002B37D09DF87B
:1004700001103A460220984731E0B108484603F09F
:1004800089FD08B3002100E0491C424A1378C8B234
:10049000984222D2CCB22C223F48544320440378C5
:1004A00003F07F03B3EB960F04BF42784A45EBD1CC
:1004B000036A93B1B8F1000F18BF47F00207BAB250
:1004C000C9B20220984708E0680602D57F1EBF41E6
:1004D000FF0F39462846E5F7F5FDFFF74CFF0120F1
:1004E000BDE8F28F2DE9F84F2C4D04460127A740B7
:1004F0002878FFB238428846914632D0234B1A19E9
:10050000507A30B192F838008008461EB641F60F96
:1005100000E00026224A12F804B05946204603F0B3
:1005200039FD82465946204603F062FD002E08BF81
:10053000BAF1000F00D1A0B12879384214D0E87880
:10054000384205D0B9F1000F07D10122022101E0A4
:10055000012241462046FFF725FF0121204603F0F6
:100560007CFC0020BDE8F28FB8F1000FF9D0B9F1A2
:10057000000F04D1012202212046FFF713FF0121C1
:10058000204603F06AFC0120ECE70000C80A0000E6
:10059000297200202A72002034570020946E002017
:1005A000D86F00204A490123CA6800F01F0003FAEF
:1005B00000F01043C860704738B5454C00202070EB
:1005C000E060002502F015FB6019007908B1FFF723
:1005D000E9FF6D1C082DF7DBE06820B13D490A6892
:1005E00022EA0000086000202061607031BD38B54B
:1005F000374C394DA070216140B1607801280FD18E
:1006000028784FF08041E6F757F809E0E06810B12C
:100610000421E5F771FE28784FF08041E6F7DEFA15
:100620000120607031BDF0B52C48294D03680021D0
:10063000012200240127E0B22844007960B100F0D3
:100640001F0607FA06F640064CBF304600201E4043
:10065000864204BFD0B20143641C5200E0B20828B5
:10066000E9DBC8B2F0BD80B5FFF7DDFF18490B78B4
:1006700098420BD030EA030308701CBF0A69002AB5
:1006800004D01846BDE808400021104701BD80B5E0
:100690001148007819224FF08041E6F709F8BDE8CB
:1006A00004400121192002F0CCBC38B504460D46A7
:1006B0000520E6F7F5F950B1D62101700571C47037
:1006C0000146BDE8344004480078E6F70CBA31BD75
:1006D000906D0020D0200240D1130020C0200240A5
:1006E000F0B5DFF840375C681E7801460020002234
:1006F000142700E0521CD5B2B54204D27D43635D9D
:100700008B42F7D16019F0BD2DE9FE4F8B46DFF823
:1007100014174B68019319464FF01409034619FB4F
:1007200003F35600CF180025F6B296B35FEA0B012B
:1007300014BFD7F80880D7F8108000248DF8000087
:10074000154616E00198E1B219FB01F108445FEA91
:100750000B0107BF017BD0F810A0C179D0F808A029
:100760008D4205D132465146404603F099FB78B19F
:10077000641C9DF80010E0B28842E3D33046E6F7EF
:10078000F5FB05000AD032464146E6F7E5FB00E0FE
:100790005546BBF1000F06D0BD6005E0BBF1000F70
:1007A00004D1002038733D61BDE8F78F0020F87157
:1007B000F2E72DE9F14F82B00024DFF86C06DFF894
:1007C0006C9600900027A046002509EB050000F17B
:1007D0003801427A002A1ABF0B784FEA930C4FF087
:1007E000000C407E00281ABF0E7CB60800260023AD
:1007F0004FF0010E0EFA05FE002818BF002E0CD097
:100800003346DFF82CA600F07F060AF805600E7C60
:1008100006F0030B009E06F805B0002A18BFBCF1D5
:10082000000F0BD002F07F06DFF804A60AF805607F
:100830000978009E01F0030171556346DFF8F41555
:100840004B556E1CB9F8D4A15FFA8AF111EA0E0F6C
:1008500006D0D9B2614502D10023002204E0002273
:10086000D9B2052900D194B9002808BF002A00D1C7
:100870000DB908F10108D8B2052802D13CB93446B7
:1008800005E003F063FB10B1F8B200B96F1C354608
:10089000082D9ADB029929B10CB10C7002E0FAB272
:1008A00002B10F705FFA88F0BDE8FE8F2DE9F84FB6
:1008B000DFF87805017892B0502901BFDFF878059C
:1008C0000D900079502818BF002040F08E82002142
:1008D0008DF802108DF809100DF10200FFF769FF85
:1008E000040008BF01249DF80210DFF85025DFF84E
:1008F000343511701C70142044432046E6F736FB53
:10090000DFF8201548602146E5F77AFE00218DF8D2
:100910000B1007910027DFF81405DFF81025C01928
:100920000024417A0691D219069802F13801002874
:100930001ABF08784FEA9008A046DFF8F004C01903
:10094000427E0592002A1ABF097C89080021049181
:10095000DFF8E014CA5D04980192C0B203F0D4FA43
:1009600010B90498202801D1059404940121B940BC
:10097000C9B20C91404603F0C7FA38B9B8F1200F5C
:1009800004D00D980C9A0188114205D00199884530
:1009900008BF0194A046069405980699084301D122
:1009A000002F05D10198052807D19DF809000028DE
:1009B00040F0D78101218DF809101420DFF864542C
:1009C000079E696846438819DFF874141422E5F716
:1009D0002BFE07996868491CC9B2079130440390FF
:1009E000781C039908704FF6FE76ADF80040A346D8
:1009F0008DF803408DF808400025A146DFB901219C
:100A000002259DF80200ADF82040ADF83840ADF861
:100A10002210ADF83A10A94618B11421ADF82410EF
:100A20000325DFF82004417EFF2904D01920ADF80A
:100A30003C004FF00309019850B3042806DCDFF8AE
:100A40000814087840F00400087003E00E2818BF6E
:100A50000F28F4D0DFF8F41301980A78904217DADF
:100A600001460C204143DFF8E823535AADF800302B
:100A70001A040DD5C3F30E00ADF80000DFF8D4035F
:100A8000001D425822B147F080006946C0B290472D
:100A9000BDF800000006000F10F0010A06D0BDF8F6
:100AA00000104FF6EF700140ADF80010BDF80000E7
:100AB000BDF80010000B00F001008DF80A004EF6A2
:100AC000FF700140ADF8001001993A291AD1F8B22F
:100AD0000FF0E7FF0328A24614D8DFE800F0020673
:100AE00009114FF0010B02260CE04FF0010A09E05A
:100AF00001218DF803108DF808108B46032601E0C4
:100B000001240626BDF80000410512D508AA0A20D6
:100B10002B4622F813000EA94A4621F812004FF680
:100B2000FF30BDF8001001406D1C09F10109ADF85E
:100B30000010BDF80000D0B10021C74812E0BDF898
:100B40000020D30708D5CAB230F8122008AB5FFAEC
:100B500085FC23F81C206D1CBDF800205208ADF860
:100B60000020491CBD4B1B78CAB29A42E7D30198BA
:100B7000C0B203F0FFF950B103989DF8022001784C
:100B8000914204D11FB108A9142000F031F9059851
:100B90000028069879D0002800F08780B0490C9B87
:100BA0000A781A4267D10199002970D14FF0010BE0
:100BB0000124049858B94146F8B203F0EBF930B17A
:100BC0004FF6FE714FF0010B8E4208BF02260198CE
:100BD000C1B2F8B203F00CFA38B19DF8080080F009
:100BE000010A01208DF803008346BAF1000F03D0FB
:100BF00008A90C2000F0FCF8059838B1049828B931
:100C000008A80721EAB220F812106D1C9DF80A10FE
:100C100051EA0B0003D008A9062000F0E9F85FEACA
:100C20000B000EA905D006224B4621F8132009F12E
:100C300001099DF8030050B108A80822EBB220F882
:100C400013206D1C4FF6FE72964208BF0326002C3F
:100C50005FD0122000F0D1F80598002859D00498F0
:100C6000002856D17E4AD2195379012B29DCBBF1D9
:100C7000000F4ED13AE0019820B14146F8B203F09E
:100C800089F920B14FF0010B93E7002891D05FEA7A
:100C9000080007D14FF6FE718E424FF0010B88D14C
:100CA000022686E70598002883D004980028F8D10A
:100CB00001244FF6FE718E424FF0000B00D1062644
:100CC00079E79C1E09F101004A46042C38BF08232D
:100CD0001CD39C1F062C38BF052317D30AD1082329
:100CE00021F81230BBF1000F814612D1062000F02E
:100CF00084F80EE0A3F10D04032C38BF4FF44073C9
:100D000004D3203B0E2B04D24FF4A06321F8123001
:100D1000814603990020C87103998860039908737C
:100D20000399086103988680E8B207994C1E48B180
:100D30000398C57108A903988160EAB20121E0B265
:100D4000FFF7E2FC5FFA89F058B1039880F80C9045
:100D50000EA9039801615FFA89F20021E0B2FFF762
:100D6000D3FC7F1C082FFFF6D6AD2E4E3D4F3478B6
:100D70003D4DDFF8F8902001E6F7F8F8B06021016A
:100D8000E5F73EFC9DF80B404FF0010A29E0706842
:100D9000142101FB0AF10144A1F1140898F807009D
:100DA00098F80C100918002917DDB06898F8002091
:100DB00000EB0A11012401F8102DC1F8088099F800
:100DC0000000E4F709FC98F800002946E4F753FC1A
:100DD00098F8000039460EF0C3FB0AF101005FFAF3
:100DE00080FA30785045D2DA204613B0BDE8F08F53
:100DF000EAB221F812006D1C70474A4621F8120031
:100E000009F10109704780B519481A4A0178FF2095
:100E1000F6F71DFBBDE80840174A1849FF20F6F712
:100E200053BB00006C6F0020E86F0020C80A000070
:100E3000E06F0020D86F00209C0C0000287200207A
:100E400014150000EC0F00004E70002056700200D8
:100E5000F00C0000E80C0000D00F000057700200FA
:100E6000946E00200C140020E5A90000D11300208E
:100E7000B3AF02003C110000D1A9000039350200D7
:100E8000DFF8B01508707047C1694A78952A00D01C
:100E9000704710B5DFF8A015CA681378022B02BF9F
:100EA000807A0B78984202D1002414700C7010BD27
:100EB000F0B516468BB000F068F83178012906D1FC
:100EC000B18900F8011BB289120A00F8012B012632
:100ED000DFF864154A78049200F0A4F808AF00F037
:100EE000A8F801239AE0F8B516468EB0044630788B
:100EF0008DF820000D4608A8B1884170B288120A0A
:100F00008270F188C170F288120A02710DF1250019
:100F1000B16800F055F8F16800F052F80746307CEF
:100F200007F8010B3178CA0705D506F111013846DB
:100F3000FDF7E4FC08373078810706D5708B07F899
:100F4000010B718B090A07F8011B012300F008F857
:100F500000F00DF80323FFE700F02DF80FB0F0BD0F
:100F6000DFF8D404417804914A1C4270704708A805
:100F7000002107933F1A01200391029101910090F3
:100F800008AEBFB2069605977047044630788DF8D4
:100F900020000D4608A8B1884170B288120A8DF869
:100FA0002220F1888DF82310F188090A01710DF1D2
:100FB0002500B16804E0192229462046F6F7ADBAAB
:100FC00001700A0A0B0C090E42708370C170001D7B
:100FD0007047F0B58BB0044610788DF820000D46B0
:100FE00008A891884170012693881B0A8DF8223049
:100FF00008AFD1888DF82310D188090A01710DF14D
:1010000025009168FFF7DCFFDFF82C144A780A709E
:1010100000F008F8049200F00CF80623FFF7CBFF6D
:101020000BB0F0BD531C4B7008A9401A80B205905C
:101030007047002003900290019007960697009653
:10104000704700002DE9F04FDFF8EC23DFF8EC43A8
:10105000D3686569D4F81090A3B01F78012F40F0D1
:1010600066818DF8041000279DF8042008910392F2
:10107000029010E002202070039FDFF8BC2350682C
:101080000168491C0160DFF8B8030368994280F0E9
:101090007C817F1C7FB20398874280F2A781DFF8B2
:1010A00098138B684E68DFF89C1309786288A088D3
:1010B0000F29E2D8DFE801F00909090915202934D0
:1010C00041474E585F656B82D7E702980FF28C3329
:1010D000C25D585C82422FD1DFF86803491C017061
:1010E000CBE730680628C8D10298C15D618005222F
:1010F000DFF850030270C0E70299C85D42EA00229F
:1011000062800621DFF83C03E9E73268122AB4D195
:101110000298C15D19800722DFF828331A70ACE706
:1011200002991888CA5DC74940EA02201880082041
:1011300008701A88022AA0D0A0E03068521E90429F
:101140009BD10921DEE70299C85DA0800A22BD4932
:101150000A7092E7029AD15D40EA0120A0800B203C
:10116000B8490025087088E70298B64A10F8079039
:101170000C21117081E70298C15D49EA01290D2215
:10118000B6E70299C85D49EA00490E22DFE7029AF4
:10119000D15DAC4A49EA01690F23A94913700A6875
:1011A0003168511A494569D3002806D100212170C0
:1011B000E1803821A448EDF727FB5EE70028FCD149
:1011C0002078DFF8848218B1012800F0B58054E758
:1011D0009EA206A9D2E90030C1E900309DA204A870
:1011E000D2E90062C0E90062E088382807D202999B
:1011F000CA5D08F80020401CE0806D1C3DE7082215
:10120000404602F04DFE98BB98F80C0003282FD101
:10121000B8F80E004FF6F771884204BF98F8120034
:10122000072825D10EF0B2FD002800F0808034227E
:1012300009A900200EF0D5FD082204A909A802F092
:101240002FFE002871D1D8F818600F98360B06EBE6
:101250001030801C4FEA003ACAF57F2AC4F808A073
:10126000C4F80CA0761C4FEA1A3A4FF0000B14E0B9
:101270000020E08038214046EDF7C6FAC4F810900F
:1012800065619620B6E05FFA8AF00EF0DAFDFF287D
:101290004BD00AF1010A0BF1010B5FFA8BF0F1B2AE
:1012A0008842F0D301200EF0CCFD00283DD12C2245
:1012B000414616A8E5F750FE082204A916A8E5F74E
:1012C0004BFEE168219100222292342316AA0021CC
:1012D00001200EF095FD40BBA06800033823424674
:1012E0000021000E0EF08CFDF8B9A06802999DF85F
:1012F00004303830A060CA19C0F30B01DB1B0003B7
:101300009BB2000E0EF07CFD78B90398A168C71B54
:1013100079184948A1607D19406801687F1E7F18CF
:1013200007600120039F2070A7E60EF042FDC4F87D
:101330001090656195205DE0089845190EF026FD36
:10134000002821D0A668E268D8F81830DDF820C05F
:10135000300BB44403EB020EF445C6F30B0118D274
:10136000029A9DF804303A44C0B20EF049FD0028BC
:10137000DBD1A1680898039A41182F48A160521E3A
:10138000406801685118016076E6D1680220087053
:101390002CE09E1B9619029AB3B23A44C0B20EF0EA
:1013A0002FFD0028C1D1A0683018A0603423224846
:1013B000406801687618761E066009AAE768002171
:1013C00001200EF000FD9DF835000B9E3F03FC2828
:1013D000ABD00121009100220F9B4FF48051380EB9
:1013E0000EF0E6FDB0423FF445AE9EE7C4F8109023
:1013F0006561002023B0BDE8F08F30B500220E4BB0
:1014000002E0A4689C60521C8A4212DA0C24544305
:1014100004442588192DF6D1A588012D06D0052D67
:10142000EFD0062D04BFA468DC60ECE7A4685C6024
:10143000E9E730BD35720020D46E0020E866002058
:10144000A81400209C140020B066002043433236CC
:10145000783252314F4144204E564D311EF1EE0B41
:101460001CB5DFF8144C2064E17319200FF2F1026F
:101470001921F5F7C3FF0021019100910023642297
:101480000FF6E91104F16400EAF7BAFC606400F0B9
:1014900040F80FF6E51104F18800EAF7B1FCA0640A
:1014A00000F037F80FF6E11104F1AC00EAF7A8FC00
:1014B000E06400F02EF80FF6F51104F1D000EAF721
:1014C0009FFC206500F025F80FF6ED1104F1F40003
:1014D000EAF796FC606500F01CF80FF6E91104F5D8
:1014E0008C70EAF78DFCA06500230020019000902D
:1014F00041F288320FF6D91104F59E70EAF780FCAC
:10150000E06500F090FC00F06FFCBDE813400EF0C9
:1015100035BC002300200190009064227047F8B58C
:101520000D4616463C21DFF8502B0446B6FBF1F77A
:10153000D7822846EAF78EFC012804BF2846EAF73E
:1015400090FC3C2101FB17664FF47A70464331460C
:101550002046EAF788FC2846BDE8F240EAF778BC66
:101560002DE9F04F89B00546F5F744FF0024007DD2
:1015700000F069FC01282FD1D5F800E0DFF8606B9E
:101580009EF814003178884202BF696801F00300B8
:10159000012808D1C1F38000002840F0C782C1F3C0
:1015A000C00008B98124C2E2DFF8387BE87A796AA2
:1015B000D7F82CA07A6BBB6BD7F830C0DFF8288B3C
:1015C00058B102286CD0052800F0EA80072800F006
:1015D000D581092800F05D8260E0298A891E0829EA
:1015E00001D98024A3E2DFF8040B0178002955D04B
:1015F0009CF80000002851D1E968087891F8018032
:1016000011F802CF91F8019011F802AF0CEB092C00
:1016100091F801900AEB092911F802AF91F801B095
:101620000AEB0B2A91F802B0C9780AEB0B4A0AEBD5
:10163000016A9EF81510E9B188B111881FFA8CF281
:101640008A42CFD1012804DD19881FFA89F28A4223
:1016500023D1022803DDB86A01688A451DD000F055
:10166000C7FCC0B2642290FBF2F2642101FB1200BD
:10167000804512DB796B8DF800406A460888ADF82A
:101680000400B86B0188B86AADF8061001680291D1
:101690002868811D3078FFF70BFC48E2012446E200
:1016A000288A0D2818BF01289BD19CF8000001282A
:1016B000F5D0EE6816F8010B8DF80400002860D113
:1016C0003478707804EB0020B41CADF8080026785C
:1016D000607806EB0020ADF80A0014F8026F60781D
:1016E00006EB0026A07806EB0046E07806EB0066E5
:1016F000201D0396047890F801E004EB0E2984780D
:10170000C07809EB044404EB00600490BDF80A4083
:101710001888844202BFBDF8080012889042C3D1E5
:10172000CAF8006000220498B8610A603A73012088
:101730008CF8000038462A68911D0C22E4F764FFFB
:10174000082202A907F5B070E5F706FCF86B0288DD
:10175000B86D414600F0D3FB2868C188ADF8001091
:101760000022ADF802206946F87BECF79FFF07F1F5
:10177000F4042046EAF76EFB012804BF2046EAF78E
:1017800070FB0320E5F7F2FB40B136210170002128
:101790009DF804204270817000F0C6FBFF24C6E172
:1017A0009CF800000128FAD1D5F80CE01EF8019B46
:1017B0008DF800900EF1010B9DF80000002807F154
:1017C000D00970D1288A0E28FFF60BAF9EF800C012
:1017D0009BF800000CEB0020ADF804000EF10200B5
:1017E00090F800E090F801B00EEB0B2EADF806E09B
:1017F00010F802BF90F801C00BEB0C2E90F802B06D
:1018000090F803C00EEB0B4E0EEB0C6ECDF808E01B
:1018100000F1040E9EF800B09EF801C00BEB0C2006
:101820009EF802B09EF803C000EB0B4000EB0C608A
:1018300003909EF804008DF810000EF1050005904D
:101840001B88BDF80600984202BFBDF8040012884C
:10185000904202BF0298DAF80020904227D1039804
:10186000096888429BD14846EAF7FBFAB98A3C747A
:101870004FF6F7700140B98205989DF81010FFF7F8
:10188000E1FB5FEA0009386B55D10078022807D1E7
:1018900000F051F98DF8184006AA2968891D55E015
:1018A000F86B028842E0972854D1288A0B287FF4ED
:1018B00098AE9EF800109BF8000001EB00229EF805
:1018C00002109EF8030002EB014202EB00620EF1EF
:1018D000040001920178427801EB02238178C278FA
:1018E00003EB014303EB0263029310F8041F4078FB
:1018F00001EB002202980199ADF80C20401A0FD09C
:101900003C744846EAF7A6FA012804BF4846EAF7BD
:10191000A8FA029A0198121A786C07F16401ACE0F7
:10192000F86BBDF80C20028002F59672B86D414646
:1019300000F0E5FAFBE00470002000F084FA00F00B
:10194000FAF88DF8189006AA2868811D3078FFF7FC
:1019500040FBECE095285DD18CF80040002000F0C1
:1019600072FA3C744846EAF775FA012804BF484603
:10197000EAF777FA952000F0EBF9D8E01188DFF864
:101980007067ADF800101888DAF8001034702E8AED
:10199000102E3FD1ED682E7895F801E01B8806EBFC
:1019A0000E2E15F8026F95F8018006EB082815F841
:1019B000026F95F8019095F803A006EB0929AE781F
:1019C00009EB064606EB0A692E1D357896F801A04C
:1019D00096F802B005EB0A2596F803A005EB0B4537
:1019E00005EB0A6506F1040A9AF800B09AF801605E
:1019F0000BEB06269AF802B09AF803A006EB0B460A
:101A00001FFA88FB06EB0A669B4502BF12881FFA85
:101A10008EF393427FF4E5AD9CF80020022A04D0B7
:101A2000032A0CD116F1010F29D04FF6FF72934211
:101A30001FBFBDF8003093421FFA8EFE9E4576D13F
:101A40001FFA88F393421EBF90421FFA88F2824227
:101A50006DD119F1010F1CBF11F1010F894566D13C
:101A6000B86C16F1010F07F1880109D00022B542C8
:101A700038BF721B04238CF80030FFF750FD56E08E
:101A800003228CF800204FF46162FFF748FD7C745C
:101A90004DE0288A0D2818BF0128BBD19CF8000012
:101AA000012844D0EE6816F8010B00283FD13078A9
:101AB00096F801E01B8800EB0E2006F1020E9EF85E
:101AC00000609EF801801EF8029F9EF803B006EBAE
:101AD00008269EF8018009EB08289EF8029008EB82
:101AE00009481EF8049F08EB0B689EF801B009EB4B
:101AF0000B299EF802B09EF803E009EB0B49B6B241
:101B000009EB0E699E4202BF128880B290427FF4B8
:101B100068ADCAF80080C7F818900C6001218CF8F5
:101B200000102A68901D00F02CF900E08324204664
:101B300009B0BDE8F08F082201A907A8E5F70CBAA3
:101B40002DE9F841DFF89C45207DC10785B04EF6B0
:101B5000602816D5E08A38B9206B017801290BD1AD
:101B6000204600F00EF907E0401EE0824246606C1D
:101B700004F1640100F0C3F9A18A4FF6FE70014040
:101B8000A18204F5B076207DDFF8545581072BD56E
:101B9000E08A04F18807D8B9206B0078042807D0C0
:101BA00003281CD1607C401C6074C0B2022803DD95
:101BB000002000F0CDF812E0002000F0A0F800F0C6
:101BC00099F8A06C4FF461623946FFF7A8FC06E073
:101BD000401EE0824246A06C394600F090F9A18A8E
:101BE0004FF6FD700140A182207DC10613D5226B06
:101BF000107858B90320E5F7B9F938B136210170EA
:101C0000012200234270837000F08EF9A18A4FF602
:101C1000EF700140A182207D010716D5207C401C79
:101C20002074C0B20B2808DB952000F068F800F0A3
:101C300061F8952000F08CF802E0204600F0A1F851
:101C4000A18A4FF6F7700140A182207D410721D57E
:101C5000226B1078C8B90021606B8DF800106A46BD
:101C60000188A06BADF804100188A06AADF80610D9
:101C70000168287802912146FFF71AF9606D42F257
:101C8000107204F1F40100F03AF9A18A4FF6FB70EA
:101C90000140A182207D810607D5204600F071F821
:101CA000A18A4FF6DF700140A182207D41061DD53B
:101CB0004FF6FF71ADF80010ADF8021001204FF49F
:101CC0008271ADF80410A0748DF8060004F1600173
:101CD000029100228DF80C2004926946E07BECF71B
:101CE000E9FCA18A4FF6BF700140A182002006B036
:101CF000BDE8F08128786A462146FFF76AB98DF879
:101D000000000822314601A8E5F726B938B5DFF80A
:101D10006843A27C012A19D10178A9B9017999B146
:101D20000222227204F59E754188218042796272F6
:101D30002846EAF78FF8012804D12846EAF791F8F7
:101D4000002060730021A174012032BD002032BD4B
:101D500010B50446DFF88C03026B00211170806916
:101D6000A62814BF382801240320E5F7FFF838B16E
:101D700036210170447001228270BDE81040D3E02A
:101D800010BD18B587B0044602208DF80000DFF8BA
:101D9000E802416B0A88816BADF804200A88C16AA9
:101DA000ADF806200A68416A02920A68039209683F
:101DB0008269531A202B34BF511A20218DF810103C
:101DC00041F28832C16B0B88ADF81A3000F1D001B6
:101DD000006D00F094F8DFF8080300786A462146A9
:101DE000FFF781F808B010BD10B500F001F9A24C62
:101DF0000121A173E169B0FBF1F201FB12000A18A5
:101E0000E06C04F1AC0100F07AF80120607341F25B
:101E10008832E06D04F59E7100F071F8DFF8D012A1
:101E20000020087010BD10B5934C206AFF220421D9
:101E3000ECF7B6FCA06B41F23421018045F27862E8
:101E4000616B0A8010BD80B5DFF89422117829B942
:101E500010700FF21111E3F70EFC01E0884201D17E
:101E6000012002BD002002BD00000000DFF8740266
:101E7000818A41F0010103E07F48818A41F002013B
:101E80008182006CEAF7D1BF10B5964CA08A40F071
:101E90000400A082A07B38B1E169E06CE9F7E3FFC0
:101EA00004F1AC00E9F7D4FF24E000008D48818AFA
:101EB00041F00801E4E700008A48818A41F01001FE
:101EC000DEE700008748818A41F02001D8E7000062
:101ED00010B5694CA08A40F04000A082607B40B100
:101EE000E06D41F28831E9F7BEFF04F59E70E9F735
:101EF000AFFF00BF206CBDE81040EAF796BF70B599
:101F000004460D4616462846E9F7A4FF012804BFFB
:101F10002846E9F7A6FF31462046E9F7A4FF284600
:101F2000BDE87040E9F794BF10B50446A17811B13F
:101F3000012906D010E0607870B901214FF4FA60F1
:101F400008E0607818B9012000F05EF804E0002194
:101F50004FF0FF3000F032F82046BDE81040E5F7C2
:101F600006B8000038B505462020E4F799FD0400C6
:101F70001CD034202070D5E90123C4E9012329684D
:101F80008888A081891D04F10E000C22E4F73CFB37
:101F90002868017DA1766869E17AE0610B2904BFB8
:101FA0002046FEF771FF2046E4F78EFD686918B100
:101FB000E4F7DDFF00206861002032BD78B599B0FC
:101FC00004460D4668466421ECF71EFC0221454894
:101FD000C07BADF8101001268DF858608DF859506F
:101FE0008DF8086003946946ECF748FB1AB070BDA1
:101FF00010B5EDF713F90446EDF710F90006000CE3
:1020000050FA84F080B210BD80B501289AB01ED17C
:102010000DF0BCFE01281ED134230DAA00210DF0C5
:10202000D2FE34220DA96846E4F796FFFE208DF813
:10203000100034236A46002101200DF0E1FE0DF06E
:10204000B8FEEDF7F9FA2B4901200860FEE70428F5
:1020500008BF0EF045FE1BB000BD2749486A411A73
:10206000080B090B090318BF401CC0B2401C000339
:10207000C0F58010704700009014002030B5002398
:10208000184A05E0A468D46301E0A46894635B1C6B
:102090008B4224DA0C245C4304442588192DF6D1A4
:1020A000A588092DF3D8DFE805F0080B0E0511050A
:1020B00014170706EBE7E5E7E7E7A4681462E6E72D
:1020C000A4685462E3E7A4689462E0E7A468D46279
:1020D000DDE7A4681463DAE7A4685463D7E730BD8A
:1020E0003672002090140020A815002035720020C0
:1020F000D46E00207C052043000000007FB5002343
:102100000293044602AA0121E2F7FEFAE8B102981E
:1021100000F007000528A8BF00200299C1F3C10103
:102120000329A8BF002100220192DFF87833029A28
:102130000FF2D4350FF2BC360093C2F340136A5C41
:1021400056F82000082102F08BF80020029002AA25
:1021500002212046E2F7D8FA60B10298DFF848136E
:10216000029A0870B2F5807F14BF01200020DFF8CA
:102170003C1308707FBD10B50446607900F07F0005
:1021800001F0CBFE48B161782078E3F7ABFFE1784E
:10219000A078BDE81040E3F7A5BF10BDF8B50E4626
:1021A000C34905460878E2F7C9F90746307900F0D7
:1021B0003F0078703978707960F3060139703278B1
:1021C000BA706C78A40807D02046E4F7CFFE786197
:1021D00050B12146E4F714FA6A6830793146BDE817
:1021E000F84000F03F001047F1BD2DE9F14FB14834
:1021F000417841F04001417084B002F012F84FF490
:10220000B071AD48ECF700FBA949AC4A0020834609
:10221000087000211078002568B90498049A0078A5
:10222000A64B401C107018700498049A0078A44BB8
:10223000401C10701870FF208DF802008DF800000F
:1022400000268DF80810E2F791FD99480378082BD5
:1022500080F203819B48845D54B95FEA0B0006D08D
:102260009DF80820E9B2E2F7C5FA4FF0000BF0E064
:10227000701C0828BABF9448875D0027934894498A
:1022800010F80680934811F80690B0F82920012331
:10229000B340D0B218420CD08E4AF1B2114408F0CB
:1022A0003F004B7A03F03F03984208BF4FF0010A0A
:1022B00001D04FF0000A062C18D149464046E3F7FA
:1022C00011FF01214046E2F772FA0020029002AAB3
:1022D0000121F0B2E2F718FA48F0800B052500B1B1
:1022E000029D734801788DF80810B2E02146F0B2E3
:1022F00001F048FE18B9204601F091FE60B1BBF133
:10230000000F09D06A4803789DF80820E9B25846C2
:10231000E2F770FA4FF0000B3E2CE6DA0C2212FBCB
:1023200004F26D48104403900399087800281EBFFA
:102330006A498858002814BF012100216648431CBF
:102340009B5C13F0030F29D09DF805208DF80080C9
:1023500064F306028DF80520FF229DF805008DF834
:10236000019000F0BFF806F03F0040EA83108DF8BE
:1023700004000006800F022804D18DF802208DF899
:10238000022066E09DF80200FF2818BF0A2FF6D051
:1023900000295ED06846FFF7EEFE56E0FF270A2CC4
:1023A00018BF0D2C3AD19DF8051011F07F0F22D0E7
:1023B0009DF805208DF8028002F07F020C214A432F
:1023C00000EB02088DF8039098F8000000281CBF6D
:1023D000D8F80400002808D00A2C04BF6846FFF78C
:1023E000CAFE69464046FFF7D9FE9DF8050000F099
:1023F00080008DF805009DF804008009022807D1AF
:102400009DF804008DF8027000F03F008DF8040084
:1024100000202E492B4B885598551AE09DF8042032
:102420008DF8008066F305028DF804208DF8019088
:102430008DF802709DF8052064F306028DF80520E2
:102440009DF8050000F04EF819B103986946FFF7B2
:10245000A5FE761C082EFFF6F6AE58469DF808201D
:10246000C3B223B1124C2378E9B2E2F7C3F91C4995
:10247000087808B101F02BFF0D49087840B90F48E2
:10248000049B01784A1E1A7000210D4A11700170D8
:10249000E2F79EF90748417801F0BF01417005B0AD
:1024A000BDE8F08F9D4102007214002073140020DB
:1024B0002A7200204E70002034570020D3130020D1
:1024C000D4130020D86F0020D96F0020E06F0020C7
:1024D000E86F0020C80A0000E80C0000EC0C0000C7
:1024E0002872002000F07F0040EACA108DF8050035
:1024F0007047000080250000004B0000009600009F
:1025000000E1000000C20100000102002DE9F042DC
:102510000D46DFF808180446087808B100F07FFD82
:10252000DFF8FC67317A8C425CD2DFF8F80700EB09
:10253000040999F848008008202804D12046BDE805
:10254000F0420EF0E4BB00284CD1375DB80606D44B
:102550002A4601212046FDF7C5FF002842D199F8FF
:102560001990B9F1000F3DD03519B80622D5DFF822
:10257000B8174878012202FA04F4204209D0287BD7
:10258000C0F34102511E894100F0FE0040EAD170C3
:102590002873287BC0F34101032904DA4108491C50
:1025A00061F3420028730021287B00F007002873A4
:1025B000002014E001212046E8F77FFC17F0060F09
:1025C00010D0287B00F0F80040F003002873BF090A
:1025D00007F001014846E3F745FE00210120BDE870
:1025E000F04289E0BDE8F0822DE9F041DFF83017D4
:1025F0000E5C720780467DD40F1897F80CC0CCF3A0
:102600004100002876D0DFF820476378012101FAE5
:1026100008F100205FFA81FECCF3410213EA0E0FAD
:1026200014BF0CF0010100214FEADC0311B1152B9E
:1026300005DB03E0052B01DA022A00DD012000257D
:10264000084206D0032A19D04CF00600387304253E
:1026500016E0022A05DDE37813EA0E0F18BF032502
:102660000ED1002846D0012A05DDA07810EA0E0F11
:1026700002D0022504E01AB1012501E0002839D07A
:1026800009B900203873B30704D500220021404661
:10269000FDF728FF28002DD045F010070024DFF8B3
:1026A0008C660EE048784246904208D191F8283076
:1026B000D80604D50B6A13B1E1B2F8B29847641C8E
:1026C000E4B231788C4207D22C23DFF864266343CE
:1026D000D1180878C009E5D1012D05D100220121CA
:1026E0004046FDF7FFFE28B929464046BDE8F041C7
:1026F000E8F7E3BBBDE8F0812DE9F84F4FF00008A3
:10270000C146C2460025DFF818468DF801008DF855
:10271000001041E0142801DA700730D500223A7326
:102720000021E8B2E8F7C9FB29E0CA081F2A08DA45
:102730009DF8000028B101F00701521C41EAC201D6
:102740003973387BC1071AD55FEA090004D1FDF758
:102750006AFF82464FF001091AEA0B0F0FD1397B4D
:10276000C80801F0FE013973B107D3D57207D1D47F
:102770000020387300220021E8B2FDF7B3FEE8B272
:10278000FFF732FF387BC0F3410020B116F0060F8F
:1027900008BF08F101086D1C217AE8B2884214D202
:1027A0002718265C397BC1F341000028F3D09DF83F
:1027B00001000028E3D0012000FA05FBB007B4D5E2
:1027C00001F0070141F00801BAE75FFA88F078B13B
:1027D000DFF8604520780821E3F79AFF40B92078B8
:1027E00064220821E3F764FF0021C82000F029FCDF
:1027F0005FFA88F0BDE8F28F38B5DFF824450D4662
:10280000A17A024609B9002032BDDFF82805007818
:102810000A420AD064220421E3F74AFF01206072D1
:1028200029460020FFF772FE04E00421E3F744FF8D
:1028300000206072012032BDF8B504460D46FFF756
:10284000DBFF060018BF0126DFF8D47408E0012082
:10285000B040044203D02946F0B2FFF757FE761C81
:10286000397AF0B28842F2D3F1BD2DE9F041FDF79B
:10287000DAFE80460027DFF8C044DFF8C054DFF8F6
:10288000A0641CE0C80618D5217821EA0202227053
:1028900013E0E85DF15D02000FD00122BA40CB07E2
:1028A000F0D512EA080118BF0121420648BF81F0A5
:1028B000010181F00101E3F7D5FC7F1CFFB2307A02
:1028C0008742E6DBBDE8F0810846FDF7E0BEDFF8B1
:1028D00058340D2206211020E4F7F4BB70B50246EF
:1028E000DFF83C04DFF84054845C002041B110392B
:1028F0000BD043F6F176891B0BD0491E11D070BD69
:10290000E10710D4E00602D509E0E1070BD402206C
:1029100070BD2978012303FA02F2114203D001208D
:1029200070BDA818407970BDF8B505460520E4F7DC
:102930001DFB04001CD001220FF22441E4F70CFB24
:10294000661C0027F9B2601CC1EBC1017F1C415A13
:102950002846FFF7C3FF06F8010BF8B20428F1DBA5
:10296000022100910523224607212846E3F715FBA3
:10297000F1BDF8B50546DFF8B003002490F804E097
:102980000126AE40F343002946EA0E0700EB050C92
:1029900044D1032A46DAFF2A03EA0E042AD1DFF8DB
:1029A0008413B1F833203240224302718478B1F8A5
:1029B0002F201C40324014438470B1F83120C47879
:1029C0001C4032401443C470B1F82D2044781C40A0
:1029D000324014434470B1F82B2004782340164051
:1029E0003343037005EB85028818D0F84D118CF83D
:1029F00005103FE0110007D10771C17882781940B6
:102A00001340C170837035E0022A0471F5D1C1789A
:102A1000827831431643C17086702BE0102914D19F
:102A2000032A01DB8720F2BD012A06DC07718178C9
:102A3000C47819401C408170C470022AC17819BF43
:102A40000B40C3700E43C67014E044F20107B94254
:102A500012D111000CBF04210021B14C675D07F0B9
:102A6000FB0739436155012A017807BF0E43067001
:102A70000B400370012405E044F20200814208BFCC
:102A80008CF80520FFF723FF1CB10021284600F039
:102A900011F82846FFF748FFA648007847F2305261
:102AA0002021E3F705FEA648018841F010010180CE
:102AB0000020F2BDF8B5024616469A48304490F818
:102AC0004840437EC4F3850523B12DB1100008BFF3
:102AD000202D01D00020F2BD934F012000FA02F218
:102AE0003879D2B212EA000C04F00304604618BF31
:102AF00001204FF0000E8DF800E08DF800005FEA35
:102B0000000E08D097F800E012EA0E0EF44604D04A
:102B10004FF0010C01E04FF0000C9DF800E00EF0CA
:102B2000FD0E4EEA4C0E8DF800E050B197F800E033
:102B300002EA0E0EBEF1010C6CEB0C0C4FEADC7CD1
:102B400001E04FF0000C9DF800E00EF0FB0E4EEAA5
:102B50008C0E8DF800E0202D0CBF082500259DF877
:102B600000E00EF0F70E45EA0E058DF80050032C3C
:102B700018BF022C05D15D064CBF23F0400343F083
:102B80004003002C14BF032C04249DF800504FEA8E
:102B9000931C05F0BF050CF0010C45EA8C1505F0FF
:102BA000CF058DF80050D0B9B878104201BFFD783C
:102BB00015427D7812EA050000D001209DF8002022
:102BC00042EA40128DF800209DF80000420902F010
:102BD000010282F0010240EA02108DF8000057481D
:102BE00083559DF800204E4B9A5501B10C70012081
:102BF000F2BD2DE9FC4101A8E4F718FA4A4C23463E
:102C00000D2206211020E4F71AFA002638B90094A4
:102C10000D23002206211020E4F776FA00B30D21DF
:102C20002046E3F7EDFC3F48B0F82F10A170B0F854
:102C30003120E270B0F82D106170B0F833202271AD
:102C4000B0F82B102170002101EB810202446518BD
:102C5000D2F84D316B71491C0829F5DBFFF737FEBF
:102C600000242F4FDFF8D4800DF10501E0B2FFF70B
:102C700021FF90B318F804008DF80400611C3D5D3D
:102C8000E80709D41CB1280758BF397207D5B87AAC
:102C900010B90122A240BA722807397200D4761CFA
:102CA0009DF8040000F03F00282813DA9DF8051075
:102CB0009DF80400E3F73AFAAD0905F001059DF827
:102CC000040085F00101E3F7CDFA9DF80400FDF75B
:102CD00069FC02E0002008F80400641C082CC3DB37
:102CE000F6B2002E14BF082000201649164B0A78B1
:102CF000164C02F0F7021043087001201449154ADF
:102D000008701268187821781043084303D01248DD
:102D100001680A430260BDE8F381000033720020BD
:102D2000A46D0020C80A0000946E00202A720020C2
:102D300034570020D1130020906D0020946D0020A6
:102D4000FC7100204E7000206334002026720020A9
:102D5000926D00209C6D0020F46F0020FDF7A5BC53
:102D600004000030000000001000300000000001EE
:102D70004020000000000240200000000000026827
:102D8000531C03601170704770B50AF079F904465E
:102D9000314801780A070BD5FF2221460020FFF7B2
:102DA00093FD2E48007819224FF48051E3F780FC00
:102DB00000262B4D0BE02B48310600EB11535968D0
:102DC000214003D01A7ADB6800209847761C2978C6
:102DD000F0B28842EFD370BD014623480AF052B9E1
:102DE000014622480278530703D5012000FA01F179
:102DF000F3E77047002900D17047F0B5184C2578EB
:102E00000C2D08DA174F07EB05166D1C307071603A
:102E10003272F3602570606801436160F0BD38B5BF
:102E200084B0EBF7B2FD114D0446287841070ED46B
:102E300068460AF0EFF80021029103916A460C49B6
:102E400009480AF0EFF8287840F00400287020467E
:102E5000EBF7CCFD05B030BD4E700020D113002043
:102E6000F06F0020805F00204C6800202F7200204F
:102E7000892D02001A200AF039BE70B54B4CE4F7D8
:102E8000D0F8207004F12C050220A0740F21484ACC
:102E900021712970697004F1660610784549E07166
:102EA0000A784548627000220178A1700120012152
:102EB000E172B07105212173607322813F498878E6
:102EC0003F49A0730A783F48228201783E4AE17464
:102ED000002110782176207504F11C0100224FF6A4
:102EE000FE70C1E90022E0826083A08404F1390011
:102EF0003649FBF703FD002068750F21317003226E
:102F00003348727004F16E030178324A31711078DF
:102F10003149F07001200A787271B07002220021EC
:102F20008920E4F72FF908B1002030810020F9F75B
:102F300057FE0020708170BD704780B5E12918BF31
:102F4000F12907D112F0300F04D0E4F76AF800F04D
:102F50000700801C02BD21490878002800D0704776
:102F600080B500214FF6FF70F9F7ADFC4FF0FF314F
:102F70000120F9F705FC4FF4DC710820F9F700FC9B
:102F80004FF47A711020F9F7FBFB64212020F9F748
:102F9000F7FB4FF47A714FF48050F9F7F1FBBDE87D
:102FA00008400F4A28213520E4F7A9B834630020EF
:102FB000391D0020381D0020371D0020E46E002040
:102FC000321D0020351D0020361D002094180020E1
:102FD0003D7200203C7200203A1D0020417200200A
:102FE000246B002010B5114C201D0DF02BFF211D6E
:102FF00000200DF007FF206041F288310DF02BFF1B
:1030000001462068BDE810400DF022BF10B5074C06
:10301000206818B10DF0F3FE0020206010BD0348B9
:103020000068002818BF0DF0E7BE7047C46E00208E
:10303000C04A0146507800281CBF0220F9F743BC63
:10304000704738B5044611B1BA4900208880200085
:1030500008BF64244FF40061B74D2878E3F758FBAC
:10306000A04209D200F083F928782246BDE8384012
:103070004FF40061E3F71CBB31BD00210020E0E705
:10308000F8B5AC48AD4F00218180C1800020E1F748
:1030900093FDE1F7F4FDAA480078002600250628F4
:1030A00042F2107401DB0A280CD1387881060CD565
:1030B000787800F00105400758BF49F6404485F094
:1030C000010602E006280DD0012601212046FFF767
:1030D000B8FF15B1E1F7C0FD00B10EB1E8F706FE8B
:1030E000FCF757FD3878797800F0DF00387001F090
:1030F000FE017970F1BD92480178052907D9891F31
:1031000001290DD9891F09D0891E07D00AE08B4BF0
:103110005878410706D44FF4E17004E0962002E0AD
:10312000012000E064208349488070472DE9F04782
:1031300004462005814E7F4F40F1E280814AB988E4
:103140001078491C00B10021B980B888798888427C
:10315000C0F0D0807C4A1088002840F0CB80707886
:10316000317800F0DF0001F07F01707041F0200144
:1031700031700120E1F720FD71490878062801DB54
:103180000A2803D1E1F773FD012400E000246A4D11
:1031900000F0EDF8E1F77CFD48B9787838B134B942
:1031A00028780A224FF40061E3F782FABEE028781B
:1031B000DFF89891DFF898A14FF40051E3F74CFD48
:1031C00028780221E1F7ACFD0020FCF7ABFC002CD5
:1031D0004FF0000858D05F495F4A01200870012174
:1031E0001078E3F739FDE1F7F3FAE1F7BFFDE1F716
:1031F000F6FD0446B8680022A04203D204F178012B
:10320000B96001227178387801F0FE0111437170C4
:103210000346DAF80010D9B14EF66026B1FBF6F19C
:1032200089B201B901213D2900DA08B90B460AE04B
:103230004AB10A28B4BF012105210818C1B2B52935
:10324000A8BFB4200346D9B24EF6602000FB01F8B7
:103250003B700020FFF7ECFE4046E1F72DFDE1F763
:1032600085FDE1F7BCFD041B08D028782021E3F799
:10327000B5FC00F075F80021B98038E028784FF4EB
:103280000061E3F7ABFC32E0DAF80000B0B1287877
:103290004021E3F73DFA5FEA000807D1DAF80020A1
:1032A00028784021E3F704FADAF800802B488045BB
:1032B00004D9317841F0800131708046E1F788FA15
:1032C0000120FFF7B5FE4046E1F7F6FCE1F74EFDC1
:1032D0000020FFF7ADFE3078C00902D00121322076
:1032E00018E028782021E3F779FC00F039F8FFF79F
:1032F000C4FE03E000210020FFF7A3FE012016E03A
:1033000031788A060DD5C80909D001F07F013170E6
:1033100032200121FFF795FE6420B88006E0FFF718
:10332000AFFE1CB101210020FFF78BFE0020BDE89D
:10333000F0870000786F0020D11300204E7000202D
:10334000D01300202B72002006720020FC71002098
:103350005C700020DC170020DA170020002E93029A
:10336000B9F8000040F00400A9F800007047287880
:103370004FF40061E1F7D4BC38B504460D46012195
:1033800000F03FF850B1012D09D1002201219DF834
:103390000000FDF707F80CB100F036F831BD280049
:1033A00002D100220021F2E7022DF7D100220221F2
:1033B000EDE71CB5040022D000F022F8F8B19DF82A
:1033C0000010DFF89C060144487AC0B191F838003B
:1033D000800814D19DF8000000220121FCF7E2FFD3
:1033E0009DF90000DFF87C3664214C4301218140C7
:1033F00018782246C9B2E3F75BF900F005F813BD6F
:1034000000216846E7F70DBA9DF80000002100F0A2
:1034100024BDF8B507460D4614461E46380018BFB1
:10342000012F10D1012C0DD1DFF83C160A78521C67
:10343000D3B243F69820072BA8BF41F288300A7018
:1034400000F07FF974E0FFF7DBFF08B90120F2BD5F
:1034500040F605318F4208BF012D04D19DF80000D0
:10346000002868D066E09DF80000DFF8F4150A181F
:1034700092F838108908062F0DD1022C1CBF507A03
:10348000002853D09DF8000000F07CFD00284DD0AE
:10349000002D4DD04EE0072F18D1507E002845D08A
:1034A00092F84800800841D1280018BF102D07D09D
:1034B00044F201018D421CBF44F20200854239D121
:1034C000302E18BF202E33D08720F2BDDFF89C1598
:1034D000095C142F09D1DFF89825107828B19DF8E0
:1034E0000000002818BF05291ED019B3012C16BFF3
:1034F000002C01200220002100E0491CDFF8743577
:103500001C78CAB2A24215D2CDB22C23DFF86825AE
:103510005D432A449DF8003054789C42EDD192F8E6
:103520002810014204D101E0022C01D08120F2BD1B
:103530000020F2BD8620F2BD2DE9FF4780460C46F3
:1035400016461F46002103A8E7F76BF900286DD047
:103550009DF80C2021460C9C002A04BF40F6053340
:10356000984513D1012952D1022E18BF8F2007D1BF
:103570003878812803DB00F07F00082801DB8720F2
:10358000AFE000220021FCF75FFBA1E00125B8F1CC
:10359000120FDFF8E8A408D104B12580012EF4D180
:1035A00000F0C7F818BF012027E0B8F1060F19D1C5
:1035B000DFF8AC04104490F838108908022E1CBFC4
:1035C000407A002803D0104600F0DCFC002800F010
:1035D000998004B12580012E7AD100F0AAF818BF95
:1035E00001200AE0B8F1070F11D104B12580012EA6
:1035F00005D19DF80C00FFF771F9387068E0022ED4
:1036000066D13A789DF80C00FFF7B3F960E0DFF877
:103610005C04835CB8F1140F07D1DFF854542878A8
:1036200018B1002A18BF052B64D0002B58D04FF0DA
:103630000009DFF840548A4614E0022E10D19CF8AD
:103640002800810754D50294019702200090534628
:10365000DCF824C0424600215FFA89F0E047B8BB9D
:1036600009F1010929785FFA89F0884238D25FFAB6
:1036700089F22C23DFF800045A4300EB020C9DF87A
:103680000C009CF801108142EAD1012E18BF002ED7
:10369000D3D19CF82800C107CFD54246002564B19C
:1036A0005FEA0A0118BFBAF11C0F04D0BAF1550F36
:1036B00002D1042500E0012525800294019700969F
:1036C0005346DCF8248000215FFA89F0C04708B136
:1036D000002006E0012E08BFBAF11C0F04D138709B
:1036E000012004B0BDE8F087002CF9D02580F8E770
:1036F0008820F6E7022E05D127B12AB1184600F03E
:1037000039FC08B98120ECE7394611F8010B002893
:10371000DED00246002000F076FEDFF86413087861
:103720000028D5D00122DFF85C13002000F06BFEEA
:10373000CEE79DF90C009AF80010854015EA0100CB
:10374000704780B5DFF8401308800121FFF779FC4E
:10375000BDE8014038B5DFF83413087808B1FFF749
:103760005EFCDFF82C23DFF82C43DFF81C53537882
:1037700020782988A9B143F0200353704FF47A725E
:103780000121E2F795FF20784021E2F7C1FFE8B17F
:103790002A8890421AD22078BDE838404021E2F7CA
:1037A00087BF03F0DF0353704021E2F7B1FFB0F5AC
:1037B0007A7F05D920784FF47A724021E2F778FFBA
:1037C0002078BDE834400121E2F776BF31BD00002A
:1037D0002DE9FE4FB04A1C7810444FF0060990F8CE
:1037E00005B0270018BF012706290CBF4FF00108BC
:1037F0004FF000080C9D0B212846FF26E2F700FF42
:10380000ABF10C02032A4FF0FF0A4FF4407053D87B
:10381000DFE802F0021F1F3C042C20D8DFE804F090
:103820001503060609000026022788E00026002767
:1038300085E00020287085F801A00121A9704FF0D3
:10384000080905270426E97079E003274FF00809E5
:1038500030E081466CB3012C02D0042C0BD06CE01C
:10386000BBF10D0F0CBF022705270120287019217D
:103870000526697063E0BBF10D0F0CBF012704271B
:1038800001202870042685F801A058E0814684B103
:10389000012C02D0042C03D04FE04B270B2601E073
:1038A0004B2709260120287085F801A00021A97066
:1038B00045E04727022642E0B8F1000F03D1012C72
:1038C00018BF002C40D1BBF1010F05DC0026BBF175
:1038D000010F09D1022707E0ABF120000E2803D227
:1038E0004FF4A06906262F70B8F1000F01D1012C0A
:1038F00023D1ABF10200042816D2BBF1040FB4BFF0
:103900000227062706264FF00809BBF1020F16BF53
:10391000BBF1040F0020012028701920687085F881
:1039200002A085F803A00AE0ABF10600062804D245
:103930000527B9460326A87001E0FF2E04D00198A0
:10394000A0F80090029807703046BDE8FE8F70B571
:10395000FF24049D0C380FD040F2F636801B35D082
:10396000C01E3DD0C01F012844D91E3842D040F2AD
:10397000DA66801B46D070E055296ED11068286049
:10398000002B01D1107908B95F2070BD5079B0F1DA
:10399000250110D00C39082915D9103911D0891EEC
:1039A00007D00D3909D0891F09D0491E08BF2F241F
:1039B00053E03E2451E01D244FE035244DE0052422
:1039C0004BE0032449E000F1380446E0002944D1EB
:1039D000105E0DF049FA3149EAF71AFF3E243BE048
:1039E00000293AD11088E0F771FF2C49EAF710FF5F
:1039F0001D2431E0002930D111682948E1F7CEFCBF
:103A0000602429E04FF48070091A0CD0C91E0ED032
:103A1000C91E0ED040F2FF30091A0ED0C91E10D0B8
:103A2000C91E15D019E0505E642105240DE0505EDA
:103A300008E0505E0A212F2407E010886421052445
:103A400003E010884FF47A71032490FBF1F001E059
:103A5000505E03240DF008FA2860E0B270BD00004B
:103A6000C80A0000D21300202E720020D86F002058
:103A7000287200202A72002034570020297200206A
:103A8000731400207214002006720020337200208C
:103A90004E700020D1130020946E00200000C84218
:103AA000002474490246DFF8C80300784021E2F799
:103AB000FFBD38B5DFF8BC43257805F0030545EABE
:103AC00080052570491C607861F3460005F0FD050E
:103AD000607045EA4305DFF8983325708021187837
:103AE000BDE83840E2F7E4BD38B5491C0446154648
:103AF000C9B2E0F74FFD002808D4C1B22B464FF4FD
:103B000096722046FFF7D5FF012032BD002032BD5E
:103B1000DFF8640370B508440C4690F83860407ACA
:103B20001546A8B1B108204600F02CFA20B9B1081A
:103B3000204600F05DFA58B1DFF840030278012119
:103B4000A140114018BF01212A462046E2F7BFF9E3
:103B5000012070BD2DE9FE4F0446C948C94D0078CB
:103B6000C34E88461746062818BF07280FD0FF2CDB
:103B700009D1307847F230522021E2F799FD2988A7
:103B800041F008012980C04A107800280BD0DFF8E6
:103B9000FCA29AF8011030788A0605D541F28832E5
:103BA0004021E2F785FD4DE129884FF6F77211407B
:103BB000298004BF2021E2F77FFDFF2C0CBF0025E8
:103BC0002546FE2CA6BF072101910194FE2CA94E8B
:103BD00030788DF8008008BF850832D0FF2C1ED1C8
:103BE00000F0030040EA850000F0FD0000F02CF931
:103BF000019A95420CBF0120002001F0FE01014313
:103C000071700DF043F9E6F723FB40B9E1F7E7F8EF
:103C100040F61161884202D39D4A0020107087B996
:103C20009DF80080019C2F4605E00022F9B2404635
:103C3000FFF76EFF7F1CF8B28442F6DA8DF8008041
:103C400001942C46DFF84C9200E0641C0199E0B22C
:103C50008142C0F2BB80072800F3B8808E490A5C1D
:103C6000002A18BF082AF0D0062A1CBF3C2A202AA6
:103C7000EBD08A49737811F80080C3F3450000BB8C
:103C800000252C27DFF808C200E06D1C9CF800100E
:103C9000E8B2884280F08980784309EB000191F80E
:103CA00000E00EF07F0E964501BF09F1010E1EF8EF
:103CB00000005FFA84FE7045E7D189784145E4D180
:103CC00000E0451E6DB2002D6FD42C20684309EB37
:103CD0000008C3F3450020B13078810701D4C20742
:103CE0001FD498F8040048B13178880706D4012120
:103CF000E8B2E0F763FD98F805708FBB307840F0CC
:103D000001003070D8F818305BB14FF4FA700290AF
:103D100002AA9DF80010E8B29847002838D002980F
:103D200050BBD8F81C20002722B19DF80010E8B243
:103D30009047074698F8040040B1681CC0B2E0F70D
:103D400067FD18B90021E8B2E0F738FD002F6FD009
:103D50003878002869D09DF800804FF0000B5DE0B6
:103D60006420474301233A46E9B2E0B2FFF7A1FEDF
:103D7000002107F5FA7063E002460023E9B2E0B2E1
:103D8000FFF797FE029800F5FA70002180B257E025
:103D9000327802F0FE0232702946520802F0010227
:103DA000E0B2FFF7A1FE00284CD1317801F0030109
:103DB000317001F0FE01707800F081007070317098
:103DC000C1077FF542AF00F0FE007070307800F060
:103DD000030000F039F89AF8010040F008008AF872
:103DE0000100E0F7F5FC244890F83610C80647BFFC
:103DF00000214FF4FA600021C82021E05FFA8BF126
:103E00000C22381D51434218CDF800805FFA8BF325
:103E1000E9B2E0B2E2F76CF80BF1010B39785FFA26
:103E20008BF08842EAD38DF800803846E3F79FF89C
:103E300000222946E0B2FFF757FE0028B5D001E086
:103E4000FFF7FFF8BDE8F78F307000F0FE007178E3
:103E500001F081017170307070470A460849097895
:103E6000072918BF062902D10146002050E67047F5
:103E7000D113002004720020C80A0000297200201B
:103E8000D0130020FC710020261D00204E70002061
:103E90002A72002034570020D86F0020E06F0020E5
:103EA0000300002013F0030F09D0521E22BF13F8A5
:103EB000010B11F801CBB0EB0C00F3D0704711F0FF
:103EC000030F14D1121F22BF53F8040B51F804CB77
:103ED0006045F7D0121D0AD200BA9CFA8CFCB0EBF8
:103EE0000C0038BF6FF0000088BF01207047521EE1
:103EF00022BF13F8010B11F801CBB0EB0C00F6D088
:103F0000521C08BF104670470A281CBF06280D28FF
:103F100001D10120704700207047172818BF1828CA
:103F200010D01F2818BF1C280CD01D2818BF262809
:103F300008D0272818BF282804D032281CBF2E28D4
:103F4000332801D10120704700207047152818BF81
:103F500016280BD01B2818BF1E2807D0222818BFF0
:103F60002A2803D03B2818BF2C2801D101207047F4
:103F70000020704780B5052802D0FFF7E7FF00B1A9
:103F8000012002BD80B50A0002D000F003F800B1A4
:103F9000012002BD70B50D4604460C2D18BF212D21
:103FA0001ED0232D18BF082D1AD0352D18BF372D40
:103FB00016D00D480178A94207D32E460C200B4B92
:103FC000464398190189C8040AD42946204600F0BE
:103FD0000FF828B93A2D05D120460CF062FD08B93A
:103FE000012070BD002070BD56700200E80C00007A
:103FF00080B5192918BF1A290DD0142918BF3629E0
:1040000009D0282918BF382905D03A2905D10CF044
:1040100048FD022801D1012002BD002002BD202858
:1040200018BF03280CD0042818BF292808D030282E
:1040300018BF2B2804D02E281CBF3C282F2801D1C4
:1040400001207047002070472DE9F043AA4E87B049
:10405000347A012C814612DD0121A84831720078A2
:10406000072818BF06280AD1651EE9B239B1082011
:10407000E2F77CFF5FEA000803D100203BE001206B
:1040800039E00821E2F7BCFA9D480570012188F863
:1040900000100E2208F101014123C1F803000A803B
:1040A0008B7002208DF818000122964801889648EE
:1040B000ADF81A108DF819200027017802914A1CDA
:1040C0000270012003900090ADF8107001974346F4
:1040D0008E480078142204A9F3F7A3FC20B1FBF763
:1040E00046FDB9F1000F01D0012700E034724046CF
:1040F000E2F73DFF384607B0BDE8F083F8B5054666
:1041000001291CBF0229042903D0F1BD5F700221DF
:104110002172284600F06BF90028F6D0012269468A
:10412000284600F068F9744C94F909000028F0D48E
:104130002278207A724BD60708D59DF800706678F1
:10414000B74208BF0128E1D00128E2DD9DF80060F8
:104150001E54401CC1B28129207213DA910704D584
:104160009DF80020A1788A42D3D1411EE07818B191
:104170008142CED3014601E0080003D062680AB153
:10418000581C904701202072C3E713460A465A493B
:104190004872C1E90023012008727047F8B5491E32
:1041A0000129044601D9C91E3AD10027544E524D67
:1041B00002E00020FFF748FF204600F018F9F0B1B8
:1041C00001226946204600F016F9E87A20B19DF8F0
:1041D0000010AA7A9142ECD0297A9DF800207254FE
:1041E000491C2972C9B2802907DB10B90120FFF7E9
:1041F0002BFF012028720027DEE70127DCE7FEF70E
:104200003CFF6FB1E87A40F6B8324FF4007118B94C
:104210004FF496724FF480713D480078E2F748FA07
:10422000F1BD10B5344C216951B92C20E2F79EFE46
:10423000206110B90120207210BD2C21EAF7E4FAA8
:1042400001202072206950B1001D0CF0A9FE2069E8
:10425000304B012101704FF41652C261836210BDD0
:10426000F8B5254F0C46396900292FD0069E01F17B
:104270001C0544EAC204EE6044EA43143E7BB442A7
:1042800004BF7E69B04221D078613C732860012B65
:1042900007BF0120687100236B71012A1CBF022A2D
:1042A0000022AA71079888B11B48026832B11B48E6
:1042B000036833B100210420984702E0002000F099
:1042C0005EF8BDE8F2400A2000F0CCB8F1BD10B5B0
:1042D000094C206900281CBF007800280AD00E492C
:1042E000086838B900F01CF82169BDE810400020CA
:1042F00000F045B810BD000068140020D013002065
:10430000A0610020241D00202C72002028720020B3
:10431000D11300209D410200606F0020646F0020D7
:1043200070474048016800291CBF0878002805D064
:104330008A6A1AB13C4B186804211047704710B5BF
:1043400041680A6852F8404F0DF000F9600615D533
:104350003449096800291CBF087800280ED0886AF3
:1043600000281EBF30490868002807D02F48007871
:10437000BDE810404FF00051E2F730BC10BD38B539
:1043800002220A71012300220B764A71091D264C74
:104390000CF07AFE002201002060626026D02448E2
:1043A000006858B1027A530702D502698A4203D0E5
:1043B00000680028F6D101E0C0686060E8F776FF89
:1043C00022681C49A06010680C30EAF7F0FA2568F2
:1043D00028460DF06CF868680DF080F828460CF05F
:1043E00061FF2068BDE832400DF098BA31BD0E483B
:1043F00000680DF0AFBA80B50B48006800230DF0DF
:10440000C0FA80B202BD1CB5002000906B46064C7D
:1044100020680DF0C8FA08B1002016BD009880B2DF
:1044200016BD000078140020606F0020D11300201A
:104430005C1A00203F43020080B5E0F7D5FD002262
:10444000064BE0F775FA0022054BE0F771FA0DF024
:10445000B1FABDE80240401EEBF7F6B80000484054
:104460000000D03F10B5044603E04FF47A70FFF728
:10447000E3FF2046441E80B20028F6D110BD018023
:104480001CB5CAB94279130016D0037C8B4234BFE5
:10449000CC1A5C1AA4B26243FF2392FBF3F293B2EC
:1044A00053B10B0016BFFF29012300230024009401
:1044B00092B200F0C8F813BD02B0BDE8104001226E
:1044C00012E038B504460D4600F09DF80DB1617C50
:1044D00005E0A07C002182075CBF207C6074204640
:1044E000BDE838400022CBE72DE9F8430646914667
:1044F0007269B47C8DF8001031746409B07C00F0EE
:10450000FE00B07404F0010492F9021084F001047A
:104510004FF0FF0800291CBF9DF8000000280ED0B6
:10452000081800B2B0F5807FA8BF8DF8008006DAC9
:10453000002846BF00218DF800108DF8000050784B
:104540009DF80010884226BF107881428DF8000047
:1045500054B19DF8001006F108000DF049FA06F17B
:1045600008000DF03FFA05E0B3681BB16A46002170
:10457000304698479DF8000000270025022802DAFF
:104580008DF8005004E0FE2803DB8DF80080012741
:104590000125B07C010707D534B1B17885F001025F
:1045A00006F108000DF041FAB07CC10648BF87F063
:1045B00001075CB1B0783946E1F740FE15B1B07C37
:1045C000010703D506F108000DF006FADFF80447ED
:1045D000317C25787078FBF7D9FEB9F1000F02D055
:1045E000C822042108E02078854207BF4FF4FA6210
:1045F00001214FF4FA720221F07C00F00F00E0F785
:104600003FF8BDE8F18370B5054601216E69E87C8D
:10461000746800F00F00E0F752F8E87C022100F027
:104620000F00E0F74CF86CB12046E2F7A0FC002048
:1046300070606422E87CBDE87040042100F00F0047
:10464000E0F70FB870BD2DE9F843044608980D4611
:104650009146984648B18DF800506946204600F0D2
:1046600051F89DF8000000B16074267CB54203D17A
:104670002046FFF7C8FF43E06769786860B91020FB
:10468000E2F774FC08B9002518E00021002200239D
:104690008C4680E80E1078604FF47A7132464A43B7
:1046A00042600570B542827B39BF751B02F0FE0285
:1046B000AD1B42F001028273EDB24D43642000FB5A
:1046C00009F2142192FBF1F080B200281ABF4FF6D4
:1046D000FF7290420120616949688A7B888102F0FB
:1046E000FD0242EA48028A73B5FBF0F000B90120EE
:1046F00088601422E07C012100F00F00DFF7A4FFA6
:10470000BDE8F1834069406858B1807B820708D5D5
:104710000878FE2808BFFF2002D0012801D1002020
:10472000087070472DE9FC418846164643462C2107
:10473000DFF898254B43D4180228656904F108076F
:1047400008D1E878820704D406F001012046FFF77B
:10475000B8FEA7E0012822D00028FAD1700714D5AE
:10476000B97A480611D5397A787A01EB002292B2EB
:104770000092F87AC0F3011001280CBF012100213A
:1047800060786B460422E0F78DF8E069002805D0D8
:10479000607806F001020021FFF7DCF982E0B00743
:1047A00047D50123DFF83015E0560A7883401A42D6
:1047B0001FD0F97A01F03F008909491C40EA8110B5
:1047C0000106890F0329F8720BD100F03F00F8723F
:1047D0002046E97841F00201E97001F0010100F0A2
:1047E0006FF8F87A6422022100F00F00DFF72CFF47
:1047F0001BE0E978480706D5C90801F00101204609
:10480000FFF75FFE09E0880707D501F0FE0201F01F
:10481000010181F001011143E970F87A00F03F00D5
:10482000F872E87800F0FD00E870E87800F0FB002E
:10483000E870F00736D561694868002832D0818970
:1048400009B1491E8181818919B900788DF800006C
:1048500015E0817BCA0703D5426881688A1802E0A7
:10486000436882689A1A4FF47A714260B2FBF1F1A0
:104870008DF800109DF800200078824207D169462B
:104880002046FFF73FFF2046FFF7BDFE04E014225D
:1048900001214046DFF7D8FE9DF800100122204696
:1048A000FFF722FEBDE8F3812C21DFF820244843E6
:1048B00011184869406808B100787047087C704753
:1048C00070B5054600262C7C59B9FF2C08BF002482
:1048D00009D02146C1F1FF011429ACBF1434FF24D3
:1048E00007E014B9FF24012603E0142CB4BF002410
:1048F000143C6C74FFF787FE3246E1B22846BDE8EF
:104900007040BDE510B5827C436994071BD5D20980
:1049100016D0DA7842F00402DA7001B1082102F010
:10492000F7020A43DA704FF49672C37C03F03F0338
:10493000C3740221BDE8104003F00F00DFF784BE0E
:10494000BDE81040BDE5BDE810400021B8E7F8B56E
:1049500005462C20DFF87463454306F108014F1922
:10496000082A02D0142A03D03AE0180002D037E017
:10497000552B35D10698010030D0079C02281AD15A
:10498000082A03D1002B2BD1217807E00C2A08BF7D
:10499000552B25D12068E0F74DFF0146B87A8207F4
:1049A00003D5387A08B9797218E00122C9B27019B2
:1049B000FFF79AFD12E0012812D1552B05D1387A64
:1049C000DFF784FF0090042204E04BB9387A8DF8B9
:1049D0000000012269462046E0F795FE0120F2BD65
:1049E0000020F2BD7FB52C21B84A48431044002472
:1049F000012500F1100602940195009620234078CD
:104A000000220821E1F729F9002004B070BDF0B5BB
:104A1000002500E06D1CAE4E3778ECB2BC421BD2D4
:104A20005FFA85FC2C26A94C16FB0CFC6444277805
:104A300007F07F078F4204BF66788642EAD11D7077
:104A400060694068002814BF0078207C010018BF0E
:104A5000012111702046F0BD0020F0BD00000000D3
:104A60002DE9FE4F06460D46904699460820E2F78E
:104A70007DFA040000F028818DF800508DF8016067
:104A80000821E1F7BDFDDFF848A2904A9AF800003E
:104A900003462C214B43D1184E69DFF74FFD0546E5
:104AA0009DF800708D4800BF95A110F807B06F7099
:104AB0001422287800F07F00287085F802B09DF855
:104AC000010000F07F00287005F11800E1F7ACFD4F
:104AD000EE606C6101228248C15DE9709AF80000C5
:104AE000E97C9DF9006060F30301E97402FA06F6BF
:104AF0009DF80100F6B219281ABF1A2801200020DB
:104B0000A97C784A01F0DF0141EA4011A9741378C9
:104B1000334205D0127916EA020002D0012000E0EB
:104B2000002001F0FD0141EA4001A974FF27880738
:104B30002F7405D5674A1378334204BF00222A74C4
:104B400001F0BE0141EA88114FEA9B1001F0EF012C
:104B500000F001006F7441EA0011A9740020B8F15F
:104B6000000F0BF03F0B01901AD0E87CC0F301104E
:104B700001280CBF012100219DF8000001AB042297
:104B8000DFF779FE28B1019828740199090A697440
:104B900006E0E87C6422042100F00F00DFF761FDED
:104BA000A87C810705D54B480278324204BF00201B
:104BB000287400212170677001915FEA89711BD50B
:104BC000E87CC0F30110012816D09DF8000001AA6E
:104BD0000121DFF799FD78B10198000A2070019951
:104BE000090C617020786178884202D3002020701F
:104BF00067700198000EA0700020019001AA9DF836
:104C000000000221DFF780FD00281CBF019800286A
:104C100009D068710199C80505D5A87C81075CBFDA
:104C200040F08200A8749DF8010019280CBF0124EF
:104C30000024A87C810636D4E9785846E1F752FA78
:104C400000264FF000084FF00F09200008BF4FF07A
:104C5000030904D0A87CC1064CBF282630269DF845
:104C60000000CDF8048001AA0121DFF74DFD20B13D
:104C70000198C1B2894528BF8046A87C00F0F700A2
:104C800040EAC400A87433465FFA88F205F10801CF
:104C900058460CF0D7FE002816D4042803DC9AF9F5
:104CA0000010114A11549AF80000401C8AF80000C4
:104CB000297841F080012970A87C810604D4297CE0
:104CC00000222846FFF710FCBDE8F78F345700207C
:104CD0002A72002029720020906D0020E06F0020D1
:104CE000E86F0020946E0020F815002010B54C7974
:104CF0000146E20904F07F00BDE810400223AFE660
:104D000000000000E5490200254702004F4902006B
:104D10000300000010B5DFF85436DFF85446198858
:104D200020784143FF22DFF84C06E9F739FDDFF830
:104D300048060FF28D010FF25D02416082600FF2B2
:104D4000ED210FF25952C16002610FF295510FF23D
:104D5000BD524161826100220FF2E951C1610270CE
:104D600010BD70B50021DFF80C260E2600E0491CAE
:104D7000DFF8FC452578CBB2AB4206D27343D45C56
:104D8000FF2CF4D10170D01870BDFF2101700020FC
:104D900070BD000010B500200021DFF8D82508E024
:104DA0000E234B43D45CFF2C02D013445B79C01814
:104DB000491CDFF8BC351C78A142F1DB80B210BD84
:104DC0002DE9F04F0D4685B00746287A9346984660
:104DD000012818BF032808D1002F18BFFF2F04D0C7
:104DE000032808BFBBF1000F01D1002099E00A227F
:104DF00001A8E2F7B1F88DF80EB000F0DFF928460F
:104E000000F007FA0646287A0024012806BF4FF072
:104E1000010AA346A2464FF6FE7086424ED08DF898
:104E200001800020DDF83890DFF84855DFF84C8528
:104E300000E0401CDFF838150A7890423ADA0E2379
:104E40004343EC1821788F4204BF62789245F0D139
:104E500061888E4204BF22799345EAD19DF80160B2
:104E600025464FF0000A074611E0DFF800050288EA
:104E70002346B9B20220E2F725F939F81A00D8F82A
:104E80000010ADF8100091B101A888470FE0B245BD
:104E900045DA39F81A10284600F04FF838B939F8D1
:104EA0001A10284600F07AF80028DED100250AF111
:104EB000010AECE76846FFF754FF040030D0277082
:104EC00084F801A0668084F804B0DFF8B4049DF88B
:104ED000011006788E4288BF0E46002709E039F897
:104EE0001700D8F80010ADF8100009B101A88847E4
:104EF0007F1CB742F3DB667172004946A01DE2F7E2
:104F00002BF89DF80010DFF8642412880E2041432E
:104F10006B189DF800100220E2F7D4F800E02C4650
:104F2000204605B0BDE8F08F80B5DFF84014098851
:104F3000FF22E9F735FC012002BD10B568B100225F
:104F400000E0521C4479D3B2A34206D200EB4303E3
:104F5000DC888C42F5D1012010BD002010BD30B599
:104F600000281CBF4279002A16D0831D00240DE0C2
:104F700045796D1E4571EDB23DB90DE000EB44057C
:104F8000ED888D42F4D023F8025B641C9442F5DB7B
:104F9000407908B1012030BD002030BD10B568B1A6
:104FA000DFF8DC3342791C78A24207D200EB4202E0
:104FB000D1804179491C4171012010BD002010BDF4
:104FC000F8B50D460446287A1646012808BF2A88F7
:104FD00003D0284600F0BCF802464FF6FE7082422D
:104FE00021D0002305E0012804BF4888824218D060
:104FF0005B1CDFF87C0301788B4214DA0E20DFF8AB
:105000007473584339180878A042F1D12F7A487840
:10501000012FE8D0002801BF488882420F79B742AB
:10502000E6D10846F2BD0020F2BD000070B504468E
:10503000207A012808BF258803D0204600F088F890
:1050400005464FF6FE70854220D0002617E0002866
:1050500004BF4888A84211D10846FFF765FF0DE05C
:105060000E21DFF81003227A71430144012A4878A7
:10507000EDD1012804BF4888A842EDD0761C00F08D
:1050800006F8EDDB2846BDE8704043E070BDDFF870
:10509000E00201788E4270472DE9F04105468846CE
:1050A00000270026B34C0BE00E214843225CAA42A5
:1050B00005D141462044FFF740FF00B17F1C761C1C
:1050C00000F009F9F0D3B8B2BDE8F0812DE9F0475E
:1050D00081468A46904600260025A64C01E0761CB3
:1050E0006D1CA3490A78E8B2904211D20E235843AE
:1050F000215C4945F4D1271851463846FFF71DFF7A
:105100000028EDD0F0B24045E9D33846BDE8F0873D
:105110000020FBE71FB54FF6FE72904217D094496E
:105120000B7800220CE00E21924C51430C44617824
:10513000012904D0002904BF6188814207D0521C94
:105140009A42F0DB03D100F032F808F061FD1FBD98
:10515000F8B504218DF80010027A022A02D100F07D
:105160007AF804E000F051F8684608F0C8FD6EE0F7
:1051700038B584B00422ADF80C008DF800200C4640
:10518000684608F0F4FD050005D00320207201A94F
:105190002046F9F7B3FB284605B030BDF8B500F05E
:1051A00006F808F0E4FDBDF8020005B000BD0422D9
:1051B000ADF80C008DF80020684670471FB56E4CA6
:1051C000207808BB04218DF800106E48C18AADF824
:1051D0000210F7F709FA00F018F8684608F0EDFD3C
:1051E000F7F70FFABDF8021088421CBF4FF6FE72A7
:1051F000904207D0ADF8020001A8F7F706FA68461A
:1052000008F0DBFD012020701FBD014601A808F059
:105210009FBCF8B504218DF80010017A022903D152
:1052200000F019F898B907E0032909D1FFF7EDFF5D
:10523000684608F064FD50B9684608F0BEFD06E017
:10524000012914BF4FF6FE700088ADF80C00BDF8C0
:105250000C0005B000BD0188ADF80210684608F0EA
:1052600015BDF0B50146002000220023414C4FF04F
:105270000E0C00E05B1C3E4E3778DDB2BD420AD218
:105280001CFB05F5665DFF2EF4D01646721CF6B2C7
:105290008E42EFD16019F0BD0000000070B53349B7
:1052A0000D882846E1F762FE040012D0FF2229464D
:1052B000E9F776FA002606E023462A46F1B20220F4
:1052C000E1F7BDFE761C00F006F8F5D32046E1F7C5
:1052D0004EFE002070BD26490A78F0B29042704719
:1052E0001FB5FF220E21684601F098FE002407E05A
:1052F0001E4802886B46E1B20220E1F7E3FE641C1F
:105300001B490A78E0B29042F2D31FBDF8B50025E0
:105310000026184C10E00E277743E0190090002279
:1053200012480388B1B20220E1F7EEFE18B9E05D41
:10533000FF2818BF6D1C761CFFF7A9FEEBDBA8B297
:10534000F2BD000070B500240A4D084E08E00E239F
:10535000634332882B44A1B20220E1F7B3FE641C00
:10536000034801788C42F2DB70BD0000A20B010003
:10537000BF5F030088680020B86B002054700020D5
:105380003A68030034630020F8B505460F46164618
:105390001420E1F7EBFD040019D0DFF84C15486844
:1053A00020604C603220207301226560A760627328
:1053B000A2732661287850B1F12808DA4868DFF82E
:1053C0002C1508606068F9F7D9F8616848702046C4
:1053D000F2BD10B50446207800F024FA08B102208E
:1053E00010BD002200212046FFF7CEFF08B9102093
:1053F00010BD002010BD38B5DFF8EC345A68BAB1E2
:10540000546825781168854204D15960104609E036
:105410000A46194651B14C6825780B688542F7D188
:1054200013600846E1F7A3FD002032BD022032BD23
:10543000012032BD2DE9F04105460E46174698463B
:1054400000F0FCF9040011D00620E1F729FB01006F
:105450000CD0FD20087081F801808D708F80CE7097
:1054600060680078BDE8F041E1F73DBBBDE8F08140
:10547000F8B505460E46174600F0E0F9040013D0D3
:105480000820E1F70DFB01000ED00798069AFE23D5
:105490000B7048708D70CA700E71CF806068007894
:1054A000BDE8F440E1F71FBBF1BD2DE9F74F07461A
:1054B000DFF83404446838780E9EDDF83CA000F034
:1054C0000C000C2898464FF0FE090BD1B888FE213D
:1054D00009F0ACFBFE28814603D000F0AFF90500CF
:1054E0000BD196E0B878FF2802D1002CF9D08CE0DF
:1054F00000F0A4F9050000F08980287800F092F906
:1055000004460E9607E000F099F90500E9D02878E6
:1055100000F088F90446A2684FF6FE763AB1297881
:105520000220904730B10688E1F721FD02E0A8682B
:1055300000B1468839892878B14207D010B90029CE
:1055400050D103E04FF6FF7291424BD197F802B071
:10555000B87038690090387D3030C0B2E1F7A0FAF9
:1055600006003DD01A203070B9887180F888B0806C
:10557000B01D019900F0BEF9F878F0732978317503
:10558000387B707598F80010B17598F80100F075C7
:1055900098F8021031769DF8340070760E99F1611A
:1055A0009DF8300086F82000798BB185788970826B
:1055B000BDF808103182387DB08486F82EA0B08CFA
:1055C00040B106F13001B162B28C0099B06AE1F7E6
:1055D000C3FC00E0B062686800783146E1F783FA06
:1055E00087F802B0387800F00C000C2807D1B88892
:1055F000494609F01BFBFE28814684D109E0B878B2
:105600000E9EFF2805D124681CB16568002D7FF42B
:1056100078AFBDE8F78F2DE9F8430C008AB09146CA
:10562000984635D00646307A149D8DF8020028073A
:105630000FD5317A02292BD1F6F7DFFF01463088EA
:10564000884206D00322012102F04EFF08B1CD208E
:10565000C1E0307A022818BF0F2814D13088F7F73C
:105660006AFC60B10F203072307A8DF80C00307A0D
:1056700003280FD1314601A8F9F740F90DE0307A3F
:105680000F28F1D104E003281CBF01280028EBD02B
:105690000220A0E03088ADF80400A807924F04D59E
:1056A0004FF6FF71ADF814101BE00020ADF81400A8
:1056B000786800E0006878B14168A142FAD1826858
:1056C000100009D021780220904750B10188ADF830
:1056D0001410E1F74CFC04E0A06810B14088ADF86C
:1056E00014000020ADF81C00E80607D59DF80C005A
:1056F0000F281EBF01280420ADF81C00280605D580
:10570000BDF81C0040F01000ADF81C00680609D57B
:10571000BDF81C1041F00101ADF81C1001218DF8FD
:10572000011002E000208DF80100680705D5BDF8E2
:105730001C1041F04001ADF81C1000218DF8001044
:10574000A80647BF04218DF81F1038788DF81F0078
:10575000139D2B781598129A8DF81E3021788DF8AC
:105760000E10737A8DF820008DF80F30ADF812907E
:10577000ADF816800692207800F054F800281FBF7C
:105780000169002901A88847684600F071F8404582
:1057900007D25748016811B101A8884704E00226E2
:1057A00003E001A8F3F714FC06469DF80C0002285C
:1057B0000BD1F6F722FFBDF80410814205D12978FC
:1057C000207833464A46FFF735FE300002D128786C
:1057D000401C287030460BB0BDE8F083F8B584B0AB
:1057E00004460D4616460E990F9A20881F4602F071
:1057F0002FFC010010D19DF834009DF8301003906B
:1058000002913B460B980A99019000913246294635
:105810002046FFF700FF03E005280CBF0220102000
:1058200005B0F0BD01463048406800E0006800283F
:105830001EBF426813788B42F8D1704780B5FFF7DE
:10584000F1FF00B1406802BD38B504460D46284658
:10585000FFF7E8FF002140B1826822B1294601200C
:105860009047012101E0406880682060084632BD11
:1058700010B5017801290CBF08240024401CF3F75F
:10588000D3FC041BE0B210BD17484168002001E0C2
:105890000968401C0029FBD1C0B2704770B50246B0
:1058A00011484068002413460AE045682D780E0030
:1058B00001D02E0003D0641C02F8015BE4B2006842
:1058C0000028F2D109E0195C5A5D8A423CBF1A54A3
:1058D00059556D1CA542F6DB3046A04202DA461C43
:1058E0003546F7E770BD000098060020C40600208A
:1058F000E070002010B50446087A20720A7A032A64
:1059000003D12046F8F7FAFF01E008882080002143
:10591000618110BD10B50C46FFF784FF20B932201D
:1059200020700121617010BD00F10C012046BDE81E
:1059300010400222E1F710BB10B50C46FFF772FFD2
:1059400008B9022010BD022221460C30E1F704FB09
:10595000002010BD1FB500F00DF8684608F02DFAC4
:10596000BDF80C1001280CBF0020C820FFE72180E3
:1059700004B010BD0223ADF802008DF800301446CB
:1059800001A808F0E5B81FB50C4602228DF80020EA
:10599000014601A808F0DCF8684608F0B0F9BDF847
:1059A0000C1001280CBF0020C820E0E718B585B016
:1059B0006946FFF7E8FF04000CD10220BDF8001093
:1059C0008DF80400ADF8101001A808F021F90128A5
:1059D00018BF0124204606B010BD2DE9FE43DFF8B4
:1059E000B066716A04464FF006084FF6FE7989B931
:1059F0001220E1F7BBFA0028706256D000214FF662
:105A0000FF73851C08FB01F2491C20F80290AB5281
:105A10000229F7DD002C48D101AB00F01FF9002866
:105A20003CD1BDF80400002838D0042836D200F05C
:105A30006EFB04460027706A08FB07F508FB07F1B8
:105A40004319891C062289B24C20E1F79BFBF8B967
:105A5000706A415B494518BF002C19D0801C009426
:105A60001823415B00F023F8206900F2E93020613F
:105A70000C23716A8A1C515B0A465A432346B05074
:105A8000B21860695060182200F010FC00F042FB70
:105A90007F1C022FCFDD0CB100F040FBDFF8F435A6
:105AA000082200217120E1F76DFBBDE8F783002299
:105AB0000620E1F729BB70B500220A60DFF8D03577
:105AC0005A6A7AB1002306259CB26C43165B864263
:105AD00004D05B1C9CB2032CF6D303E010190860C1
:105AE000002070BDC82070BD38B50C460022226071
:105AF0006946FFF748FFC82528B9BDF800002146D0
:105B0000FFF7D9FF0546284632BDF8B50C461546C5
:105B10006946FFF738FFB0B9DFF87405406A90B105
:105B2000002106238AB25A43BDF80070865ABE424D
:105B300004D0491C8AB2032AF4D304E01044206044
:105B400029800020F2BDC820F2BDB0B5DFF84025A5
:105B5000526A72B1002306259CB26C43145B8442E6
:105B600004D05B1C9FB2032FF6D302E00B80002011
:105B7000B0BDC820B0BD2DE9FE4F05460DF10201B4
:105B80002888FFF7E2FF074600F0C1FA04000CD0B6
:105B90001821E0F735FD688822461821E1F7AFFAB1
:105BA0004FF6FF70688000F0B9FA4FF6FE7BA5F85B
:105BB00000B00020002F28714DD1DFF8D444BDF88B
:105BC00002A0606A4FF0060808FB0AF768B300F00D
:105BD0002EFB5FEA000928D000F03FF8002616FBF4
:105BE00008F0801C80B2564509EB000506D1606ABA
:105BF000C11906222846E1F7AFF90DE008FB06F1CE
:105C0000891C01AB062289B24C20E1F7BBFA0622BF
:105C100001A92846E1F7A0F9761C022EDFDD4A46ED
:105C200000F0C7FA4846E1F7A2F900F016F890B97B
:105C3000606A48B1C15B594506D1BDF8000028B182
:105C4000411EADF8001001E000F0EBFA6A460221B7
:105C50004C20E1F754FABDE8F78F6B460222002191
:105C60004C20E1F78FBA70B500210160DFF82024E5
:105C7000516A91B100234FF6FE7606245C430D5B1A
:105C8000B54203D05B1C032BF7DB06E02144016027
:105C90000020516A2144087170BDC82070BD1CB538
:105CA00000F003FA040004BF0098FFF764FF2046E9
:105CB00016BD10B588B00446F6F79FFC21898142D5
:105CC00024D1606801900021ADF80810606802F0EE
:105CD00035FD00281CBF017900290AD0042908DC01
:105CE000407900F00800401E8041C00F8DF80A0086
:105CF00008E0F6F782FC2188814228D10022019237
:105D00008DF80A2001A8F5F77EF820E0ADF80C1018
:105D100006AA6068049000F02AF80022694606A8E6
:105D2000F4F730FADFF844070178012904BF9DF841
:105D30000000002805D100218DF8141003A8F4F705
:105D400083FA01208DF8140003A8F4F77DFA08B057
:105D500010BD01AA6946F4F715BA80B5FFF73DFEFC
:105D6000FFE700F011FEBDE80140F4F786BB00211B
:105D7000AB20F3F79CBA18B585B0002204468DF825
:105D80000420214602A8F8F7B9FDF4F77DFB48B9D5
:105D900001A807F0B4FF012804D06A46214600207C
:105DA000FFF7D8FD06B010BD70B504468EB004F103
:105DB000160000F037FDDFF8FC1A0878012818BF3C
:105DC000022828D100208DF812000DF112011022B6
:105DD000012009AB03910292019000930022142349
:105DE00004A90420E1F7ABF948B1DFF8CC0A006858
:105DF00009AAFFF7AFFF0328ADF810000BD2082265
:105E000004F116010BA8E1F7A7F8BDF8101009ABD3
:105E1000142200F0D4FB04F11600FFF7ACFF207948
:105E2000012818BF062841D10021A21DCBB2D05CA9
:105E300018B9491CCAB2102AF7DBC9B21029DFF819
:105E40007C5A15D195F8410020BB05AA622100F0CB
:105E500029FC002105A800F081FE002000F095FE3D
:105E600005A8002100220023002480E81E0011E084
:105E70006179DFF84C6AA01D00F070FE95F84100D2
:105E800000281CBF3178012904D1607900F07DFE23
:105E900000203070DFF894180A78052A5DD1DFF809
:105EA000900800788021E0F799FE56E004282BD175
:105EB000DFF8105A287801284FD109AA694604F161
:105EC0001600F4F75FF901469DF80000002844D061
:105ED000012200238DF834208DF835300A93099380
:105EE0008DF83630142209AB00F069FBA21D00F0DA
:105EF000FFFC10B9A21D00F000FD00202870032156
:105F00000120E2F7A7FF28E0032826D1694604F123
:105F10001600FFF738FD68B16A4604F116014FF626
:105F2000FE70FFF717FD00230022002104F1160088
:105F3000F0F73EFC00F018F9019838B901A8FFF716
:105F400092FE18B90199BDF800000880A11D04F166
:105F5000160000F069F800F030F90EB070BD1FB502
:105F60000446608870B96946201DF3F71FFA0128BE
:105F700008D1F6F742FBADF80800211D01916846F3
:105F8000FFF797FE1FBD80B5007900F0FEFDBDE86C
:105F90000140E5F7CCBEF8B584B00446150001F029
:105FA0000F0618BF002C24D06B461022002140F2AF
:105FB0000110E1F7E7F83746C7F110020DEB0701D2
:105FC0002846E0F7C9FF7F42EB193246694603F1E4
:105FD0001000E0F7C1FF0020295C225C51402954E9
:105FE0002A18215C137A4B402918401C08280B7290
:105FF000F2DB05B0F0BD70B5DFF8CC381D6888B0B5
:10600000044655F83C6F102204A96846B047DFF8F3
:10601000BC080068694604F03FFC01991022204644
:10602000E0F79AFF08B070BD7FB50E4601AA02A93D
:10603000FFF76BFD050028D10299BDF804004880E8
:1060400000F065F8040020D00298009418234188DD
:10605000FFF72DFD102231462046E0F77DFF00209E
:1060600060612061234602984188182200F01EF9E1
:1060700000F050F800F052F8029949880C20414392
:1060800003480022425001444A60284604B070BDD3
:10609000FC6A0020007000201CB500F005F801002B
:1060A00004BF00990C7116BD0C466946FFF71CBD74
:1060B0001FB5044601AAFFF75AFEF6F795FA014606
:1060C00001A8F8F70CFC90B101A9204607F072FD79
:1060D00078B103A901A8FFF707FD18B90398007963
:1060E00040B104E0694601A8FFF74DFC08B9012062
:1060F00000E0002004B010BD1CB5FFF7D5FF010083
:1061000006BF009949884FF6FF71218016BD1820FF
:10611000E0F72CBF18212046E0F772BA2046E0F7DE
:1061200026BF3EB515460C466A46FFF713FC08B17C
:1061300001203EBD00F018F8019838B901A8FFF71A
:1061400092FD78B90199BDF80000088029462046E3
:10615000FFF76AFF01212046FFF79EFF00F02DF8B0
:1061600000203EBD11203EBDBDF8000001A9FFF793
:10617000A2BC38B500F05BF8040016D01421E0F79B
:106180003FFA224614214C20E0F780FF09280546FB
:1061900001D100F00DF8FFF7C1FFDFF83427082127
:1061A0007120E0F773FF054300E00A25284632BD61
:1061B000224614214C20E0F7A2BF2DE9FC4100212A
:1061C000ADF8001000F033F85FEA000827D0DFF8E0
:1061D0000457686A00B300270626686A06FB07F4BE
:1061E000011917FB06F0801C80B206224044E0F73C
:1061F000B3FE686A015B4FF6FE72914201D000F077
:1062000010F87F1C032FE8DB022269464046E0F7C6
:10621000A3FE4246FFF7CDFF4046E0F7A8FEBDE8EB
:10622000F381BDF80000401CADF800007047142059
:10623000E0F79CBE3EB50020ADF80000062101A8A5
:10624000E8F7E2FAFFF7F3FF04001BD0DFF884164B
:10625000486AA8B10025062015FB00F0801C80B21A
:10626000062201A92044E0F777FE6D1CA8B202289F
:10627000F1D9022269462046E0F76EFEFFF798FF4B
:10628000FFF74CFFFFF743FF04000CD01821E0F7A5
:10629000B7F90025234600F007F86D1CA8B20228C4
:1062A000F8D9FFF73BFF37BD1822A9B20620E0F767
:1062B00009BFF8B588B0054601A80021C0E9001162
:1062C00003A81421E8F7A0FAFF268DF81C60002728
:1062D00003AB1422B9B20420E0F7B1FE58BB0C2185
:1062E000DFF8F40579434418290006D000F064F97A
:1062F00000202060606060721DE003A800901423FD
:106300000022B9B20420E0F7FFFE082201A905A887
:10631000E0F714FE38B903980B3003902060012099
:1063200004996160607200F047F9142103A8E8F74E
:106330006BFA8DF81C607F1C032FC9DB15B10020A0
:10634000F3F74BFE09B0F0BD2DE9F04188B00C46E3
:10635000002106468DF8001004F1080007F006FC45
:10636000A12520B904F108013046F2F7DCFF03AAA9
:1063700000F028F9DFF83C750146387840F2031642
:106380004FF6FF78012818BF022810D19DF80000B1
:1063900068B901A80021C0E9001103AAFFF7DAFCDF
:1063A0000146414556D001208DF8000005E09DF8DA
:1063B0000000002818BF41454CD09DF81C20002546
:1063C00004F12600C2B1012A06D0022A18BFFD2A14
:1063D00021D0FF2A06D045E0397801292CD00229A6
:1063E00003D129E03978012901D0022901D1012105
:1063F00001706582A68235E005216182DFF8DC2428
:106400009DF81F1001F07F01A182117801B10121D7
:106410000170417026E00C20DFF8BC244143501885
:10642000A16950F8042F914212D3491C01603878B9
:10643000012818BF022804D14FF481716582A1821E
:1064400010E0082205A904F11E00E0F785FD09E02F
:10645000A22507E0387828B9E2F768FB10B9608216
:10646000A6820025284608B0BDE8F081491D00201D
:106470002DE9F8438AB00022ADF81A000C468DF8D9
:10648000182004F1080007F071FBA125002800F096
:10649000868001AA00F096F84FF6FF72904280467F
:1064A00040F2031676D045460C214D43DFF8D891D3
:1064B0009DF8000009EB050778B39DF8140098B12A
:1064C000012806D0022816D0FD2818BFFF2807D0C3
:1064D00046E0DFF8E0130878012818BF022811D041
:1064E000A682002060823BE09DF8170000F07F004C
:1064F000A082052133E0DFF8BC030078012818BF33
:10650000022803D14FF48170A08227E0082203A95A
:1065100004F11E00E0F720FD22E0082204F108014A
:1065200003A8E0F719FDFF2101228DF814108DF862
:106530001520E0F776FD00F00F0000218DF8160021
:106540000191029101AB1422414600F038F80C2170
:106550003846E0F755F801207872A6820021618262
:10656000002020740A223968A1610A213868401C81
:106570003860B0FBF2F201FB120070B909F10801BA
:106580000120DFF85C2348554FF480611078E0F774
:1065900025FB02E0A68200206082002507E006A815
:1065A00007F074FB012804BF06A807F031FB28465A
:1065B0000BB0BDE8F083000003AB1422B9B2042095
:1065C000E0F780BD694604F10800F3F7DBBD70B564
:1065D0008EB00546684600210022002380E80E00A8
:1065E000F4F761F90024000648BF0124002606E004
:1065F00000F052F810B90CB100F048F8761CB94818
:1066000001788E42F4DBFF22082101A800F006FD8C
:10661000761E00F041F810B90CB100F037F81821DF
:1066200008A8E8F7F1F808AA18218220E0F72EFD63
:10663000002808BF012D04D108AA18218220E0F704
:106640005EFD112103A8E8F7DFF803AA11213A2023
:10665000E0F71CFD002808BF012D04D103AA112179
:106660003A20E0F74CFD03AA11213B20E0F70EFD94
:10667000002808BF012D04D103AA11213B20E0F717
:106680003EFD0EB070BD0000706B00206B460C220A
:10669000B1B20720E0F716BD6B460C22B1B207205D
:1066A000E0F7CDBC1CB5044608462100134628D1AE
:1066B0003A2818BF3B2802D1102201211CE040F2E9
:1066C0000312904202D11022874909E068280CD1B8
:1066D00078480078012818BF022824D11022834965
:1066E0001846E0F739FC002016BDB0F5817F18BFD1
:1066F000622818D11022002102B0BDE81040E0F756
:1067000041BD052C05D10093014610230022052030
:1067100006E0062C07D10093014610230022062034
:10672000E0F7F2FC16BD0A2016BD0000DC170020C1
:10673000DA17002038B586B0044618216846E8F715
:1067400063F800256B461822A9B20620E0F777FC13
:10675000002808BF012C05D16B461822A9B20620DB
:10676000E0F7B0FC6D1C032DECDB07B030BD10B5BD
:106770000446FFF72CFF2046FFF7DCFF2046BDE86C
:10678000104096E57CB5FFF7C2FC04001DD0002543
:106790000C21504869434618327A012A0FD10094DF
:1067A00018230022A9B2FFF783F940B930682061AD
:1067B000234671686161FFF777FD002030726D1C20
:1067C000032DE5DBFFF7A6FC26E073BD7CB5FFF7E4
:1067D0002EFD04001FD000250C213F4869434618B8
:1067E000327A012A13D1009414230022A9B2042082
:1067F000E0F78AFC58B93068206023467168616010
:106800001422A9B20420E0F75DFC002030726D1C58
:10681000032DE1DB00E073BD2046BDE87640E0F7E4
:10682000A6BB00003EB500BF36A10400D1E900239D
:10683000CDE9002308BF6C4622460021AB20F2F7C9
:1068400062FD234D21462846F8F758F82A460821CC
:106850007120E0F754FC37BD18B58BB0182105A89E
:10686000E7F7D2FF05AA18218220E0F748FC1121A2
:106870006846E7F7C9FF6A4611213A20E0F73FFC76
:106880006A4611213B20E0F73AFC0C49094A0020F6
:1068900081F841001078012818BF022807D1124C56
:1068A000224600F025F810B9224600F026F80CB078
:1068B00010BD00004A1D0020CC7000203463002071
:1068C000BD060020BE060020C0130020B834002002
:1068D00000700020FC6A0020706B00203B720020DA
:1068E000DA170020C3E102008C1500007C150000BF
:1068F00010214FF48170E0F7C9BB10214FF4817073
:10690000E0F7FDBBFFFFFFFFFFFFFFFF80B500F0DB
:1069100003F8BDE801401CE01848194B4022022151
:106920004270017080211A78012A08BF8821817085
:10693000A0220021C17001718271827250214171C7
:1069400000210289C17142F43052C1720281017387
:10695000704710B50120F5F773FF0A4C002814BFEB
:1069600001200220216860F30301216040F622002B
:10697000216860F30F11216010BD0000E46E00205B
:1069800041720020807000200FF29D30DFF8641605
:1069900008600FF21530DFF860160860704770B5B8
:1069A00004006068A17800EB0105287810F007006A
:1069B00060702878C0F3C10020742878C0F34016B6
:1069C0000421681CE0F7F0FAA06105202077F6B2F8
:1069D000012E0AD1207F05EB000114F10800F7F722
:1069E0008DFF207F0830207706E00821002214F177
:1069F00008063000E7F7D4FE207C012805D1207F6F
:106A0000285CA075207F401C207770BD70B5040005
:106A1000207F0D2801D1012500E000256068A178C4
:106A200008446178227C51EAC20151EA45110170A3
:106A3000401CA169E0F7DDFA0600EDB2012D05D199
:106A400014F108013000F7F759FF0836207C0128BF
:106A500001D1A07D307070BD30B591B00400606888
:106A6000A17800EB01052078002803D12000FFF772
:106A7000CDFF03E029786078014329700DAB2A78B7
:106A8000A16914F1080000F000F9A0788DF8040065
:106A9000207F8DF80500E0788DF8060060788DF88D
:106AA0000700608A00280CD1A08A40F201118842B8
:106AB00007D105AA94F8281014F11E00FFF76BFA0D
:106AC00004E005AAA18A608AFFF7ECFD05A80490FE
:106AD000FF208DF80000207C022803D100208DF8D3
:106AE000000005E0207C032802D102208DF8000080
:106AF0009DF80000FF2807D009AB05AA08216846C9
:106B0000F3F7E2FC09A8049063680DAA01A92078B4
:106B100000F0BFF90400287810F0F8002870102168
:106B2000002209AD2800E7F73BFE1021002205AD49
:106B30002800E7F735FE2000C0B211B030BD10B517
:106B400004002300112200213A20E0F71BFB00285B
:106B500003D1DFF8A8040068606110BD18B585B0E6
:106B60008DF80010102201000DF10100E0F7F4F99A
:106B70006A4611213B20E0F7C2FA112100226C463F
:106B80002000E7F70DFE06B010BD70B586B0050019
:106B90001120E0F7EBF90400002C4AD02300112269
:106BA00000213B20E0F7EEFA002839D12078EDB241
:106BB000A84235D11120E0F7D9F90500002D2FD0DA
:106BC0002B00112200213A20E0F7DCFA00281ED128
:106BD000220011213A20E0F792FA0120DFF8201478
:106BE00081F84100DFF814643068DFF81814884237
:106BF00001D300203060112221006846E0F7ACF993
:106C0000306805906A4618218220E0F778FA112151
:106C100000222E003000E7F7C3FD2800E0F7A7F9B7
:106C20001121002225002800E7F7BAFD2000E0F737
:106C30009EF906B070BD7CB50D001400069950EAAF
:106C4000C50050EA44100870481C1900E0F7D1F95B
:106C50000600E4B2002C06D0F5F7C6FC01003000B7
:106C6000F7F74CFE0836EDB2012D0DD13A236A46F6
:106C700001210020F7F72CF8002803D19DF800002F
:106C8000307001E00020307073BD70B50C0015004D
:106C90001E0001003000F7F731FE16F10800210058
:106CA000E0F7A7F9057070BD022110F0030011FA9A
:106CB00000F010F01C0070477CB504004FF6FF7622
:106CC00035003A230DF1010201210020F7F700F809
:106CD000002824D120009DF80110C0B2884201D1C3
:106CE0003A251DE03B236A4601210020F6F7F0FF1C
:106CF000002815D19DF80000E4B284420DD19DF822
:106D000001009DF80010884205D29DF80000FFF7B1
:106D10003CFF3A2504E03B2502E0350000E0350069
:106D2000280080B276BD0000F8B58EB004000D00DA
:106D300016000E208DF805008DF804608DF80630E1
:106D4000AF48007B8DF8070001208DF80800200077
:106D5000C0B2002834D13A2305AA11210020F6F749
:106D6000B7FF002829D10DF115000490A34F3B680F
:106D7000581C38603000C0B2284400900122012124
:106D80009DF80700FFF757FFF5F72EFC01000AA852
:106D9000F7F7B4FD9C480188491C01809B490968AC
:106DA0000088814202D33868012846D14FF400712F
:106DB00097480078DFF712FF3FE0002004903CE0A6
:106DC0003000C0B22844407BFFF776FF010089B253
:106DD0003A290ED13A2305AA11210020F6F778FFAF
:106DE000002803D10DF11500049016E00020049056
:106DF00013E080B23B280ED13B2305AA11210020CD
:106E0000F6F766FF002803D10DF11500049004E0A9
:106E10000020049001E0002004903000C0B2295C02
:106E20009DF8070001433000C0B229543000C0B2C1
:106E30002844411D0AA8F7F761FD04223000C0B2C2
:106E40002844411C0CA8E0F787F83000C0B2285C49
:106E50008DF834000498002801D1A12017E02B0000
:106E60000AAA01A92000C0B200F013F80400300003
:106E7000C0B2285C10F0F800F6B2A855102100222C
:106E80000DF115052800E7F78BFC2000C0B20FB00C
:106E9000F0BD2DE9F44F98B00C000025E168029197
:106EA000267861788E19E178042903DAA1788E19A1
:106EB000002700E0A77898468DF80000E0F758F822
:106EC0000190E07800F08BF881463000C0B2404479
:106ED0003900C9B200EB010ADFF838B1102202997B
:106EE00014A8DBF8003038331B6898479DF8001071
:106EF00000292ED1E178042959DB002857D10BA8AD
:106F0000DBF8001010310968884714A80B90CDF801
:106F10003080F6B2119620784044617808440D9094
:106F200020784044617808440E90FFB21297189878
:106F30000F900D208DF84C00CDF840A08DF84D90AD
:106F40000BA935480068DBF800201432126890471E
:106F50002DE0E17804292ADB002828D102A8DBF8FB
:106F6000001010310968884714A80290CDF80C80F1
:106F7000F6B208962078404461780844049020785E
:106F80004044617808440590FFB20997189806902C
:106F90000D208DF82800CDF81CA08DF8299002A9AD
:106FA0001D480068DBF8002018321268904700285E
:106FB00000D005000198DFF7E6FF2800C0B219B045
:106FC000BDE8F08F38B50B4D2C68002C05D0DBB236
:106FD000D2B2C0B22C68A04700E0012032BD80B51B
:106FE000054A1168002903D0C0B21168884700E043
:106FF000002002BDB0710020B4710020A8710020F3
:107000003463002001000080227200207815000007
:10701000DA170020C0130020B034002062F30F22E2
:1070200062F31F4200B500BF130096469446103924
:1070300028BFA0E80C50FAD85FEA417C28BF0CC0FA
:1070400048BF40F8042BC90728BF20F8022B48BFCF
:1070500000F8012B00BD3E0D80B5FDF75BFE0FF281
:107060009D10DFF8701B08600FF2DD10DFF8681B61
:1070700008600FF29520DFF8641B08600FF2C12052
:10708000DFF85C1B086001BD80B50021DFF8542BE0
:107090001170DFF8541B0870DFF8501BDFF8500B3D
:1070A000F7F72CFCDFF84C0B0078DFF84C1B08706E
:1070B000DFF8480BDFF8481B086000F0E2FB01BD79
:1070C00038B584B00D00280438D5DFF81C0B0078E3
:1070D000DFF75BFD0400002C2CD0A07F002805D139
:1070E000608C132802D1608800F058FD94F83110AC
:1070F000A01C00F0E6FC002819D12078012810D14E
:10710000607E039060690290E07C0190207E009098
:1071100014F11003A289A11C14F11C00FEF7C5F99B
:1071200005E02078022802D12000F2F78AFE200034
:10713000DFF7CAFC95F4004528002BE0A80707D527
:107140000120DFF8C01A087095F00205280021E040
:10715000DFF8B40A0078012807D1680705D500F0E8
:10716000ACFB95F00405280014E0280711D500F0C9
:1071700047FC002809D10020DFF8901A0860082198
:10718000DFF8640A0078DFF797FA95F00805280021
:1071900000E0002005B030BD38B505006868007D0E
:1071A0001030C0B280B2DFF77BFC0400002C23D08B
:1071B000022020700020607028886081A8782073E9
:1071C0006868007D207214F11000606068680078C3
:1071D000800602D50120607201E0002060726868BC
:1071E000027D686801696068DFF7B6FE2100DFF89C
:1071F000F8090078DFF777FC31BD000038B50D00E5
:1072000011001A00D2B2C0B2FDF7DAFE0400002C61
:1072100017D0290089B22000FDF78FFE002810D07A
:10722000290089B22000FDF79AFE002807D1658861
:107230002000FDF779FE280080B2FDF76BFF0020EB
:1072400000E0B42032BD00002DE9FE4306000D0031
:107250005FF0B30800275FF0000901E019F10109B0
:107260004846DFF8AC190978C0B2884248D248468F
:10727000C0B280B2FDF7F5FF0400002CEED06079BB
:10728000C71930003900C9B280B289B28842E5D24C
:1072900018210022A8464046E7F782FAF61B6079DB
:1072A0008619F6B204EB4600C0886881F5F79CF9B0
:1072B00001002800F7F722FB6078012804D10120A3
:1072C00028756088A88115E069466088FDF750FF41
:1072D00000280FD09DF8080028759DF808000328A5
:1072E00005D1694615F10C00F7F708FB02E0BDF87F
:1072F0000000A881207828722079A8755FF0000826
:107300004046C0B2BDE8FE8380B5827A120715D52B
:10731000827A92070ED5427B062A0BD00A00D2B29F
:10732000E92A07D00A00D2B2CD2A03D00A00D2B28D
:10733000F02A03D1C9B200F0E5F900E0002002BD57
:107340002DE9F94F85B00F00914600245FF0000A47
:10735000F988F878FDF7A0FE8046404680B2002804
:1073600000F09780397D4046C0B206F01FFA040055
:10737000002C00F08E80149EDDF84CB00022F988BD
:10738000F878FDF7A3FE0500F8786071F888E080D2
:10739000B87D6081002020723A7D3969E068DFF7AE
:1073A000DBFDA4F812B026755FF0000BCDF810904D
:1073B000119E55E0688889F807006888FDF7EEFEA1
:1073C000A9F8020013E05846C0B204EBC00010F167
:1073D0001609002089F8000068780128EAD15FF0DA
:1073E000010A012089F800006888A9F802002879BC
:1073F00089F804003878400605D599F8060050F061
:10740000020089F806005046C0B200281ED1DFF8FD
:107410000408B9F80210C28A914217D199F80410F1
:10742000B97000210391129902913100C9B2019102
:1074300000210091049B828C0599380006F0B5FD6F
:1074400099F8060050F0050089F806001BF10102CA
:10745000D2B2F988F878FDF739FE05001BF1010B6F
:10746000002D06D05846C0B2414680B289B288424B
:10747000A9D3109D9DF81890200006F0B6F900944D
:107480003300DBB22A00D2B24946C9B2380000F05C
:1074900021F8404680B2002801D0002C17D1F8789E
:1074A0008DF80300B87D8DF80400F888ADF806006B
:1074B0001FFA88F8B8F1000F03D1B9208DF8080041
:1074C00002E010208DF80800684606F066FD07B05F
:1074D000BDE8F08F2DE9F84F8CB082468946904682
:1074E0001C00169806F026F90600169806F03FF9DB
:1074F00005003000C0B2002801D10020FFE00027C5
:10750000CDF800A08DF806908DF805808DF8044028
:1075100073E098F8060050F0080088F806006BE069
:10752000B8F80200ADF808008DF80AA00098007DB8
:107530008DF80C0001208DF80D0002A8F2F7C4FCB4
:107540009DF81C00002848D10598407D88F805006A
:107550000598A0F816909DF805000599487698F8CA
:107560000000002805D0DFF8AC0690F86800059907
:10757000087716984089059908851698408A0599D4
:1075800048851698007D059981F82C001698407959
:10759000059981F83A0098F80400059981F83B00B4
:1075A0000098C0880599C887009800890599A1F8B6
:1075B00040000098407D059981F849000098808836
:1075C000059988870098027D009801690598406CAC
:1075D000DFF7C2FC02A8F2F7C4FC98F8060050F0EE
:1075E000010088F806009DF81C00002891D1E4B243
:1075F000002C00D06D1E761E7F1C38001699097C69
:10760000C0B2884277D23000C0B2002873D016983A
:107610003900C9B200EBC10010F1160898F8060055
:10762000C007E9D4002400212000C0B2002805D002
:107630002800C0B2002802D0012100E00121C9B217
:107640000029D9D05FF0000A5FF008099DF8040016
:10765000002801D05AF0200A0C2100220DF1080B5D
:107660005846E7F79DF898F8000000281ED0DFF88C
:10767000A40590F8680001280BD15AF0080A59F4C3
:107680008059B8F80200ADF80800FF2088F804001F
:107690004AE75AF00C0A59F00409B8F802000099B8
:1076A00088804FF6FF70ADF808003DE79DF80600B2
:1076B000002803D05AF0400A59F002094FF6FE7B29
:1076C000B8F8020058457FF42BAF04208DF8200055
:1076D00098F80700ADF82C0008A806F048FB0098C1
:1076E000A0F804B0ADF808B000230022002109A8DA
:1076F000EFF75EF818E70021169800F05EF80DB07D
:10770000BDE8F08FF0B589B006000F000020307B97
:1077100006F0C0F80500002D01D100204BE074698F
:107720003800C0B2002805D10422317B280006F0C1
:10773000CEF813E00822317B280006F0C8F80028B4
:107740000CD0002C0AD0FFB201976989C9B2009110
:10775000037942880178A078FDF78AFE002C29D0B1
:10776000A088ADF80E00E088ADF81000207A8DF802
:107770001C00E8680690607B8DF81D003068006A88
:1077800000783168096A4978090251FA80F0C0F33B
:1077900081121000C0B2002800D104220095237885
:1077A00013F02003D2B2217811F0400102A8FFF7B4
:1077B00091FE00E0002009B0F0BD7FB50123012457
:1077C000002219E0002416E01500EDB200EBC5051B
:1077D0002D7FED07F6D51500EDB200EBC5052D7F29
:1077E00015F00C0FEED01500EDB200EBC5052D7FA6
:1077F0006D0700D50023521C1500067CEDB2B54282
:10780000E2D3027A002A17D1E4B2012C02D0C9B225
:10781000012911D10121017241798DF803104189AB
:107820008DF80410C088ADF806008DF80830684661
:1078300006F0B3FB012000E0002004B070BD80B56D
:107840000121FFF7BAFF01BD80B50200100080B230
:1078500000280BD00020DFF8AC13087092B2022190
:10786000DFF884030078DEF723FF09E00120DFF86A
:10787000941308700221DFF870030078DEF71CFF14
:1078800001BDF8B50624DFF8905329786143002242
:10789000DFF8886337003800E6F782FF002006E053
:1078A0004FF6FE710200D2B26243B152401C010099
:1078B0002A78C9B29142F3D3F1BD70B500210025F9
:1078C0002BE0012128E04FF6FE720623DFF84C433F
:1078D0002800C0B25843205A90421DD02800C0B2A0
:1078E000584320442E00F6B25E432644B688761EE6
:1078F00086802800C0B25843204480880028E0D108
:107900002800C0B2584322522800C0B203FB00F343
:1079100004EB0300002282706D1C2800BE4A12781E
:10792000C0B29042CFD3C9B2002906D04FF4FA7248
:107930000421AD480078DEF7BBFE70BD70B50500D0
:10794000B54C2078002859D0A87C002856D06889EA
:10795000F5F7F1FA022802D0687900284ED000200D
:1079600000E0401C01002278C9B2914213D20621E6
:10797000AA4AAB890600F6B24E43965BB342F0D1F9
:10798000EB7C0600F6B201FB06F1114489788B42CC
:10799000E7D1002033E0002000E0401C0100227805
:1079A000C9B2914228D206219C4A0300DBB24B4364
:1079B000D35A4FF6FE76B342EFD1AB890400E4B25E
:1079C0004C4313530300DBB24B431344EC7C9C70D9
:1079D000C0B2484310440C218180834C042120789C
:1079E000DEF796FE002805D14FF4FA7204212078C4
:1079F000DEF75EFE012002E0002000E0012070BD05
:107A00002DE9F8430027DFF81882D8F80040002558
:107A100001268048807B000734D4DFF741FC060054
:107A2000DFF73BFC46434FF47A70B6FBF0F1774A40
:107A30001068081A7B4B1E88B04201D201203EE03C
:107A40001E88B0FBF6F6DFF8E0C19CF800E0B14616
:107A50001FFA8EFE1FFA89F9CE4502D29CF800600B
:107A6000FFE7B3F800C0B0FBFCF30CFB13039BB2C1
:107A7000CB1A136006E06068C8F800002000DFF74A
:107A800076FA4C46002C18D03000E178C0B288421B
:107A900003D2E078801BE07001E00020E070E07825
:107AA000002806D1D4F80490002DE4D06068686006
:107AB000E4E77F1C25006468E4E7380080B2BDE895
:107AC000F28310B5564A1268037A022B01D00020C7
:107AD00018E0008800E05268002A0ED013880400E5
:107AE000A4B2A342F7D193780C00E4B2A342F2D13E
:107AF0004D480078D070012004E0C9B280B200F097
:107B000002F8002010BDF8B506000F000021444D1A
:107B10002C682868002808D0491C01E0491C6468CA
:107B2000002C02D060680028F8D14048008889B253
:107B3000814232D20820DFF719FA00282DD00680C2
:107B4000877039490978C17000214160296800298E
:107B500001D0606010E028602E48807B00070BD4C5
:107B6000DFF79EFB0400DFF798FB44434FF47A7085
:107B7000B4FBF0F0254908602648807B00070CD54F
:107B8000194C08212078DEF7C3FD002805D12548CF
:107B9000028808212078DEF78DFDF1BDF8B50500DB
:107BA0001F4E3068002404E041683160DFF7DFF9E0
:107BB000380000280DD001882A0092B2914205D1E8
:107BC0004768002CF0D041686160EFE7040040682E
:107BD000EFE7F1BDD0700020D4700020D8700020F5
:107BE000DC7000204D7200204C72002008700020D4
:107BF00020700020461D00204E72002000700020E2
:107C0000CC700020531D002041720020F070002035
:107C1000BF5F030034630020291D0020186400208A
:107C2000EC700020201D0020481D0020221D002097
:107C30002DE9FF4106000F001500F80709D54FF6A2
:107C4000FC76B80702D557F010074AE057F008074E
:107C500047E03900C9B2300080B200F0A0FCDFF884
:107C60002C43E18A80B2884201D100208AE03A00A8
:107C7000D2B20221300080B200F036FC002801D1DF
:107C800000207FE03B00DBB202224FF6FE713000A5
:107C900080B200F0E5F8002801D0C72072E017F0AC
:107CA000DF0778061DD4002002A9300080B205F05D
:107CB00081FF002802D057F0200712E0A18C30008D
:107CC00080B2F5F72EFD040000280AD0A01C05F0B4
:107CD0004DFF002805D0A11C02A8F6F70FFE57F0B3
:107CE0002007DFF8784194F80080DFF8A002012136
:107CF0000091C38A00222178C08A00F0D6FA217848
:107D0000491C2170C0B200283AD1B80601D50E2016
:107D100000E006208DF8050001A8F5F7E0F8040062
:107D2000002C2BD00120A077F4F75EFC6062206964
:107D30000121017017F07801417080F80280C6704F
:107D4000B6B2360A067100214171B90603D502A9FF
:107D5000801DF6F7D3FD4FF6FC7060802800C0B29E
:107D6000002807D02800DFF8CC120978C0B288427A
:107D700000D2A5762000F2F7CEFD02E0102000E050
:107D8000C720C0B204B0BDE8F08110B5DFF8C8402C
:107D90004FF480512078DEF7BBFC002804D001208E
:107DA000DFF8941208701BE0DFF8900200780128D9
:107DB00007D1DFF88C02027801210020FFF738FF9D
:107DC00006E0DFF87C02027803210020FFF730FF95
:107DD000DFF8700202884FF480512078DEF768FCEB
:107DE00010BDF8B507000C000125DFF8606238000F
:107DF000F18A80B2884208D00023D2B2210089B231
:107E0000380080B2F5F7C9F905000021380080B2CA
:107E100000F0C5FBF18A80B2884219D10021200010
:107E200080B200F001FB00280DD0817911F0180F0D
:107E300009D04FF6FE71009143880022F18A008834
:107E400000F0C0FB04E00121200080B206F06CFECF
:107E50002800C0B2F2BD00004F7200204B7200201B
:107E60002DE9F8430C0016001F0001004FF6FC72CC
:107E700089B2914201D10020DAE0002180B200F005
:107E80008EFB8046414D4046E98A80B2884203D14C
:107E9000780601D40020CBE03900C9B2404680B258
:107EA00000F0C2FA002827D100214FF6FE7000F042
:107EB000BBFA002820D117F0180F3DD0002000E0B9
:107EC000401CDFF8BC1402000B78D2B29A4209D2EF
:107ED000DFF8A8240300DBB202EBC302927912F0B0
:107EE000180FEDD102000978D2B28A4222D2DFF80F
:107EF0008C14C0B201EBC000A0F80080210089B250
:107F00004FF6FE72914200D044808771F90703D585
:107F1000817951F0040181713100C9B2012910D178
:107F200001214171817911F0180F07D04649097874
:107F3000017114E002207BE0022079E0297D0171CB
:107F40000DE0417901290AD0817911F0180F03D091
:107F50003D490978017101E0E97C01714671F6B291
:107F6000012E64D1A98C200080B2F5F7BFFC002857
:107F70005DD1002600E0761C3000DFF80814097897
:107F8000C0B2884253D2002103E000BF3463002016
:107F9000491CDFF8EC2308001378C0B2984212D2D3
:107FA000DFF8D8030B00DBB200EBC3004388DFF837
:107FB000D873B4465FFA8CFC1C2000FB0CFC37F82D
:107FC0000C008342E4D11078C9B28142D3D11C2184
:107FD00000221C27DFF8B0833000C0B2784308EBE2
:107FE00000094846E6F7DCFB3000C0B2784328F8C9
:107FF00000403000C0B278434044A98C4181300039
:10800000C0B278434044AA2181743000C0B27843A2
:10801000404401214174F6B27E4308EB0600DFF8CC
:1080200050120978491C022291FBF2F101740020E0
:10803000BDE8F283BE5F0300507200203E72002054
:108040003A1D00200EE8000026550300346300208E
:108050002DE9F04107000C0015002000DFF82C137B
:108060000978C0B2884201D3052080E0380080B290
:1080700000F081F80600DFF85883300098F800100F
:10808000C0B2884225D14FF6FE7000F074F80600A9
:10809000300098F80010C0B288421AD10026DFF8EC
:1080A0003423117801200EE00300DBB212F83330E4
:1080B0008C465FFA8CFC634504D20100C9B212F809
:1080C00031100600401C030098F800C0DBB2634585
:1080D000EAD3DFF800834FF6FE703100C9B208EB37
:1080E000C10148803000C0B208EBC00040680028E1
:1080F0000CD03000C0B208EBC0004068DEF737FF9C
:1081000000203100C9B208EBC10148602000C0B2B4
:1081100000281BD02000C0B24000DEF727FF31004E
:10812000C9B208EBC10148603000C0B208EBC00022
:10813000406800281DD02000C0B242002900300055
:10814000C0B208EBC0004068DEF706FF3000C0B2E6
:1081500008EBC00047803000C0B208EBC00044709C
:10816000DFF874020078F6B208F836000020BDE8A7
:10817000F0810120FBE738B5002400E0641CDFF843
:10818000501222000B78D2B29A420AD2DFF844226F
:108190002300DBB202EBC302528803009BB29A4277
:1081A000ECD122000B78D2B29A4235D14FF6FE7252
:1081B000130080B298422FD1002400E0641C2000FC
:1081C0000B78C0B2984207D2DFF808022300DBB276
:1081D00010F833000028F1D120000978C0B288429D
:1081E0001AD2DFF8F0512000C0B205EBC000428087
:1081F0002000C0B205EBC000406800280CD0200071
:10820000C0B205EBC0004068DEF7B1FE00202100DF
:10821000C9B205EBC10148602000C0B232BD000008
:10822000F8B504000D0016002000DFF86011097891
:10823000C0B2884201D3002018E0002700E07F1C74
:1082400038002100C0B2C9B2884208D2F4F7D5F98B
:108250003900C9B236F8111080B28142EFD1FFB2B5
:10826000EDB2AF4201D1012000E00020F2BD0000DC
:10827000D619030010B50C00002180B200F08FF970
:108280002100C9B280B200F0CFF800280BD04FF621
:10829000FE710180418000210171002141710021A6
:1082A0008171002000E0042010BD2DE9F843050095
:1082B0000E0017009846089C3100C9B2280080B211
:1082C00000F08CF8DFF8A493010099F80020C9B2FF
:1082D00091421CD20A21DFF898233B000500EDB241
:1082E0004D431544ED79DBB2AB420ED2E4B2002C23
:1082F00009D00300DBB24B431344DF71C0B24843E3
:108300001044A0F80480002036E0032034E000216F
:108310004FF6FE7000F062F8010099F80020C9B233
:10832000914201D1022027E0E4B2002C23D00A219F
:10833000DFF83C230300DBB24B4313445D800300B2
:10834000DBB24B431344A3F804800300DBB24B437E
:108350001344DF710300DBB24B431344FF249C71D1
:108360000300DBB24B43D654C0B248431044DFF89D
:10837000B410C97C01720020BDE8F283945800203B
:1083800082EB02005FF50200A86300207EFE02007F
:1083900010B4002100E0491C0A00DFF8D8321B7835
:1083A000D2B29A4212D2DFF8D0220B00DBB2D35CF9
:1083B0000400E4B2A342EED100200B00DBB2D054A3
:1083C0000020DFF81423C9B242F8210010BC704726
:1083D00083EB0200586500203B1D002070B4002292
:1083E00000E0521C1300DFF884422478DBB2A34281
:1083F00014D20A23DFF878421500EDB25D4325441C
:108400006D880600B6B2B542EBD11500EDB203FBA4
:1084100005F3E35C0C00E4B2A342E2D11000C0B269
:1084200070BC70473463002070B511F04001002526
:1084300000E06D1CDFF8A4422A002378D2B29A42F1
:108440001CD2DFF89C222B00DBB232F8333006005E
:10845000B6B2B342EDD103009BB24FF6FE76B34203
:108460000CD02B00DBB202EBC302927912F0400277
:108470000B00DBB213F040039A42DAD12A002378D2
:10848000D2B29A4223D14FF6FE7280B290421ED1F0
:10849000002500E06D1C28002278C0B2904208D26E
:1084A000DFF83C022A00D2B200EBC20000790028BB
:1084B000F0D128002278C0B2904208D2C9B2DFF8C9
:1084C00020022A00D2B230F83200FFF7D3FE280093
:1084D0002178C0B2884205D2DFF80402EDB200EB89
:1084E000C50000E0002070BD2DE9F04104000D0042
:1084F00016004FF6FE77B8462800C0B201280AD110
:10850000DFF8E0010178200080B200F0B7F8002821
:1085100001D0002041E00021200080B200F03FF8AF
:108520003100C9B280B2FFF77FFF2900C9B201292B
:1085300009D0002805D04079EDB2A84201D1002031
:108540002BE0012029E0002807D041792A00D2B28F
:10855000914202D1B0F8028007E0EDB2012D04D1C2
:10856000700602D4A04600E0A046404680B2B84261
:1085700012D0DFF870010178404680B200F07EF83A
:10858000002801D0002008E020001FFA88F880B2FF
:108590008045E9D1B846E8E70120BDE8F08180B523
:1085A00049060DD5010089B2FF2006F025FB002801
:1085B00003D0DFF83401C08A03E04FF6FE7000E01C
:1085C00080B202BDF8B505000E001F00D2B2002A2D
:1085D00008D000230B22310089B2280080B2F4F7C2
:1085E000DCFD21E00021300080B2FFF71DFF040018
:1085F000002C19D0A079C00716D506982A0092B28F
:10860000390089B280B2F5F7C5F9010089B24FF699
:10861000FE72914208D0608000230C22290089B2AA
:10862000300080B2F4F7B9FDF1BD10B4DFF8B0202E
:10863000002111E09379DB070CD453880400A4B225
:10864000A34207D15379012B04D1032353714FF671
:10865000FE735380491C08320B00DFF880402478F9
:10866000DBB2A342E6D310BC704700005EF5020007
:10867000606600206E1C0300846F002070B50D0042
:10868000194EB18C80B2F5F731F90400002C21D0DD
:10869000A078F5F74FFA01006078002803D00800B1
:1086A000C0B2002801D1002015E0707B012806D15E
:1086B00060780A00D2B2904202D3617800E061781B
:1086C0000800C0B2002805D0EDB2C9B28D4201D376
:1086D000012000E0002070BD4C6B002082EB020006
:1086E00094580020D719030034630020F0B400220E
:1086F000002317E02424DFF840511E00F6B2664341
:108700002E4436790700FFB2BE420AD30E001F0086
:10871000FFB204FB07F42C442479F6B2A64200D33E
:10872000521C5B1C1C00DFF80C512D78E4B2AC42EB
:10873000E0D3D2B2100080B2F0BC704780B5002107
:1087400000F001F802BD2DE9FF4104000D002800F2
:1087500080B24FF6F871884201DB002C43D000262E
:1087600000E0761C3000DFF8CC100978C0B28842F7
:1087700039D22427DFF850813000C0B2784340441A
:108780000079FF28EDD0002C13D1280080B24FF6DD
:10879000FF718842E5D028003100C9B2794338F82A
:1087A000011080B28842DCD1F6B27E4308EB0600AD
:1087B0001AE001208DF800003000C0B27843404438
:1087C0004088ADF80C00684605F0D1FA0028C8D002
:1087D00001A92000F6F783F80028C2D0F6B27E4344
:1087E00008EB060000E0002004B0BDE8F08110B402
:1087F000002101E0401E491C0A00DFF838301B78D8
:10880000D2B29A4212D22422DFF8BC300C00E4B279
:1088100054431C442479052CEDDA0400A4B2002C46
:10882000E8D1C9B2514303EB010000E0002010BCC5
:108830007047000033CD0200EC4A00207FB50400F1
:1088400002210120FFF752FF20702078002837D046
:108850002078C000DEF78AFB0400002C2ED0250013
:108860000026300019490978C0B2884229D2242054
:1088700015493200D2B242430A441279012A06D085
:108880003200D2B242430A441279022A14D10122A0
:108890008DF800203200D2B200FB02F0084440887C
:1088A000ADF80C00684605F062FA002804D001A972
:1088B0002800F6F723F80500761CD2E7002000E038
:1088C0000024200004B070BDEC4A002033CD02002B
:1088D00080B500F0E0FA01BD1CB506E02000DEF72F
:1088E00018FA019001A8EDF751FBDFF8484B20681A
:1088F0000028F3D16068002807D0201DDEF709FAB0
:1089000000906846EDF742FBF4E70020206000206D
:1089100060600020A0720020E07200202073DFF869
:10892000180BDFF8CC1B886013BD2DE9F041050062
:10893000DFF8080B2900C9B2465C00272800C0B246
:108940000D280CD13800C0B250FA86F0801CFB28EC
:1089500002DBE7F7CAF80BE0DFF8984B08E03800D5
:10896000C0B250FA86F0801C80B2DEF799F804009D
:10897000002C38D03800C0B250FA86F1891C002291
:10898000A0464046E5F70CFF6C21002214F10C08CC
:108990004046E5F705FF1021FF2214F1300840465C
:1089A000E5F7FEFE10210F2214F120084046E5F7FE
:1089B000F7FE3000C0B220446060FFB2278128007B
:1089C000C0B2801E092809D26068401E6060681E1F
:1089D000616808702089401C2081761EF6B2A4F8D8
:1089E0004060200012E00220DEF75AF800280CD088
:1089F000DFF8041BEDB2495D01701A2141700100DE
:108A0000DFF8F80A0078DEF76EF80020BDE8F081A4
:108A100010F10802C9070BD54FF47A71DFF8E03A7C
:108A20001B7891FBF3F1022391FBF3F18A180B32CF
:108A300080B2132801DB142000E00620821892B2D5
:108A4000500080B2704780B589B280B2FFF7E0FF76
:108A500002BD80B5DFF8AC0A007A800705D500F0CA
:108A600096FE002801D0012000E00020C0B202BD27
:108A700070B505000026DFF8BC09046801E054F871
:108A80000C4C002C1AD0607E0006F8D595F82C000E
:108A9000022806D1A88CB4F864108842EFD10126D0
:108AA0000CE095F82C000328E9D115F1240114F10C
:108AB0006400F5F714FF0028E1D001263000C0B2B1
:108AC00070BDDFF8400A007A80070FD5DFF864092F
:108AD000807A002808D1DFF8301A0868002805D00D
:108AE0000868407E000601D5012000E00020C0B2E9
:108AF000704780B5DFF83C19097BDFF8102A9278BF
:108B0000914203D280B2DDF7CBFF00E0002002BD2E
:108B100080B5EDF73BFA002002BD11B581B0019898
:108B2000007B10F00700C0B2002804D001282ED02E
:108B3000032830D090E0DFF8D849607B0F280ED0B2
:108B4000EDF76AF900280AD101988089C0F3013055
:108B5000022804DA0198DFF8BC190968884794F8FC
:108B6000430001990874152001990870DFF8C44882
:108B70000199201DDEF797F8E5F707FF217B491CD7
:108B80002173E5F733FF2020EDF7DEF813BD162043
:108B900001990870EAE701988089C0F30130022842
:108BA00008D1019840680078072803D13220019944
:108BB0000870DBE701980089002849D001984068D7
:108BC000411C019A516000780199C873019890F88E
:108BD0002000002807D00198C07B002803D001980E
:108BE000C07B0A2820DB019890F8200000282BD1B8
:108BF0000198C07B00280FD00198C07B0A280BDAAF
:108C000001980089DFF81019019AD27B114411F8FC
:108C1000011C89B2884207D00198C07B082813D173
:108C20000198008908280FD101980089401E0199F8
:108C300008810198C07B0B30019908700198C07BB6
:108C4000401C0199C873B4E701A8EDF79FF99DE7AF
:108C500001A8EDF79BF999E701A8EDF797F995E7DA
:108C600080B5DFF8B8180868002802D00868804787
:108C700000E0002002BD80B5EDF7CEF8002801D05D
:108C8000202000E0012002BD417E51F0010141762B
:108C900070472DE9FC4106000024DFF8845828784D
:108CA000002819D0A86B002816D0A86D002813D072
:108CB000694642F21A00AA6B9047A86D80470028C7
:108CC00009D09DF80000002805D03000C0B2E1288E
:108CD00001D1012400E000240020E8F795FDC07BCD
:108CE000022802D05FF0010801E05FF00508DFF81C
:108CF00018783868002800F0CC803000C0B2002816
:108D000006D10020396848703868ECF70FFFA8E0FA
:108D10003000C0B21B2810D13868007D05280CD067
:108D2000DFF8EC0790F88200002806D100203968AF
:108D300048703868ECF7FAFE93E03000C0B2E928DA
:108D400002D0E4B2002C4ED0F12001F093F8386844
:108D5000807E002824D03868807D400707D438689A
:108D6000807E401E39688876E8F7A7F891E0386879
:108D7000007E10F07F00396808763868007D03288F
:108D800005D13868407E50F0040039684876F020FC
:108D900001F070F83868DFF88C170968884760E0E0
:108DA00000F0F7FC002818D03868807D400714D404
:108DB000DFF85C0790F834103A68917690F822104A
:108DC0003A685268917090F82210491C80F822107D
:108DD0004046C0B2E7F7F9FE5BE038684670386895
:108DE000ECF7A4FE3DE03000C0B2E1281CD100F059
:108DF000D0FC002818D03868807D400714D4DFF8F4
:108E0000100790F834103A68917690F822103A687A
:108E10005268917090F82210491C80F82210404648
:108E2000C0B2E7F7D2FE34E03000C0B21C2813D144
:108E3000DFF8F4160868002813D0386809688847F6
:108E400000203860DFF8E4060078002803D1002114
:108E50000020E8F752FB1CE0386846703868ECF7F1
:108E600065FE3868807D00060ED52878002805D17B
:108E7000DFF89C0690F84300EDF758FADFF890060B
:108E800090F94200EDF7A6F9002038601020ECF7C9
:108E90005BFFBDE8F3812DE9F84300275FF010097F
:108EA000E5F773FD8046DFF860562868002803D098
:108EB0004046E5F79BFD97E0DFF8740600688047C1
:108EC00050EA0909DFF86C65346802E0270054F8BD
:108ED0000C4C002C0FD0617E4846C0B20140484681
:108EE000C0B28142F2D13A0021003000DDF75BFFD1
:108EF000200000F0A5FA002C03D14046E5F776FDEE
:108F000072E02C602868407E000603D5B07A401ECF
:108F1000B07202E0F07A401EF0724046E5F766FD5E
:108F20002868C18A28680089FFF78DFD30810020FC
:108F3000E8F76AFC04002868807D000609D52868E7
:108F4000C07EEDF7F3F9286890F91C0040B2EDF708
:108F500041F92868C08AC00531D53089002822D05F
:108F6000286890F8600000281DD0286890F86000FC
:108F7000318990FBF1F0296881F861002868008947
:108F8000132806DB2820DFF8AC15097890FBF1F0F8
:108F900005E00C20DFF89C15097890FBF1F02968BA
:108FA00081F8620007E00120296881F86100012052
:108FB000296881F862000620E7F707FE14E0E07BED
:108FC00001280BD12868007EC0B2400810F00100D3
:108FD00090F00100C0B2E7F7F8FD05E0E07B022861
:108FE00002D10520E7F7F1FDBDE8F18338B50400B3
:108FF0002000ECF7C4FF207E000706D4207D012866
:1090000003D1DFF80805027802E0DFF800054278B6
:10901000DFF82054D2B221002800DDF75BFE0028E3
:1090200028D02000ECF7EEFD2000DFF80C150968D1
:109030008847A07D400717D4E5F7A7FCE97A491CCB
:10904000E972E5F7D3FCDFF8D8140878002805D0DA
:109050004869002802D04869804710E0E08AC005CE
:109060000DD4FFF718FF0AE02000DFF8D0140968DC
:10907000884704E0F12060702000ECF757FD31BD17
:1090800080B5DFF89C140878002805D048690028CE
:1090900002D04869804701E0FFF7FDFE01BD10B531
:1090A00004000021DFF85C04027A920708D494F8E7
:1090B000922012F00402D2B2920892F0010200E073
:1090C0000122D2B2002A00D1E821007A10F0600F0C
:1090D00008D194F8920010F00200C0B2400890F05D
:1090E000010000E00120C0B2002800D1E821DFF833
:1090F0001C04C0892289904200D2E82194F8900093
:10910000002804D194F88C00002800D1F521080033
:10911000C0B200283ED1D4F8A000002806D0DFF865
:1091200000040078002801D118212BE0DFF8F003BB
:109130000078002826D094F88C00002803D094F8FA
:109140008C00032805D1D4F8A00050F00A00C4F820
:10915000A00094F8A000000607D02A2084F8300070
:1091600094F8A00000F0FF006063D4F8A00010F4B1
:109170007F0F07D0042084F82000D4F8A00010F45A
:109180007F0060620800C0B2002803D12000ECF725
:109190002DFC01000800C0B2002803D0C9B2200095
:1091A000ECF7E2FD10BD10B50400DFF8640390F8A1
:1091B0008200002807D0207C400704D5E18F14F1FD
:1091C000240008F0C3FCA07B042802DA12202070DF
:1091D00001E00D202070200000F0B4F910BD7CB536
:1091E0000500287D012809D195F9170040B2EDF757
:1091F00058F810F1010F01D1E820ADE0E87B00281C
:1092000005D18C48C07AC149097888420AD3E87BE5
:10921000012840F0A0808748807ABC4909788842BC
:1092200080F09980A88B00902B6A95F8352095F8EE
:109230003410288D00F091F80400002C00F0898093
:1092400000202070002060702A8D696A6068DDF758
:1092500083FE0B2215F12C0114F17800DDF77CFE62
:10926000290014F18400F4F7A0FD6889A4F88E00A9
:10927000287B84F89000687B84F89100684615F19B
:109280000E010822DDF7C0F9DDE90001F4F75AFD0F
:10929000A4F89200A87D84F89400E87D84F89500F5
:1092A00095F8380084F86000A88BA4F89C00B4F806
:1092B0009C00002806D0B4F89C20A969D4F8980036
:1092C000DDF74AFEA87F84F89E00286AC4F8A00053
:1092D000B4F89C0000281DD0D4F89800002819D0BC
:1092E0006068401E6060F820616808706068401E19
:1092F00060600020616808706068B4F89C104942A2
:10930000084460602089B4F89C10891C08182081EA
:109310006068E064B4F89200C00511D595F8370094
:10932000052814DB94F8920010F0050F0FD1704E51
:10933000300000F074FC95F83710300000F054FC59
:1093400021006E480078DDF7CEFB002004E0E82025
:1093500002E01A2000E0F12076BD2DE9F8438046B6
:109360001C000027BC26002C17D06D4D2878002843
:109370003AD0A869002837D0002004F0FF00A9697E
:109380008847814614F47F042000A969884710EBC0
:10939000090919F1040919EB0606089D280080B295
:1093A000002800D02D1D15EB0800301850FA87F06A
:1093B000801C80B2DDF774FB0400002C36D058FA14
:1093C00087F02081300080B22044290089B208440F
:1093D0006060280080B2002808D0300080B22044AD
:1093E000801CC4F8980004E0002020E00020C4F8AD
:1093F00098006C21002214F10C073800E5F7D0F931
:1094000016EB080815EB0808A4F840801021FF228D
:1094100014F130052800E5F7C3F910210F2214F1EB
:1094200020052800E5F7BCF9200000E00020BDE899
:10943000F2830000046F0020D1880200703B00001E
:109440007FB5050000240020687E00064ED5287DEB
:10945000012802D0287D032848D12A48007A10F03C
:109460000A0F43D068684078C0F381008DF8080087
:109470009DF8080002280ED16868407969688979EA
:1094800050EA0120ADF800006868C6786868007985
:1094900056EA002608E09DF80800032804D1686811
:1094A000411D6846F5F72AFA2548006801E055F89D
:1094B0000C0C002813D0417E0906F8D5017D012946
:1094C00002D0017D0329F2D14268310089B2684699
:1094D000E2F7EAFC0028EAD0002CE8D12C00002CAE
:1094E00004D1310089B2684602F057FE7FBD00000A
:1094F000146F0020505C00209C3B0000597200203B
:1095000078720020B46F0020107100200C0700203A
:1095100028620020D81B0020803B0000287100201A
:1095200084640020187100202C7100205F720020DC
:10953000247100206072002020710020147100202E
:10954000046F00202DE9F14781B00578A2A14E5D9E
:10955000ADF800600027002E54D00D2D4FF6FF7996
:1095600011D169465320E8F722F8BDF800004FF604
:10957000FE7188421FBF484501990889002800F004
:10958000E1800C46AEE0052D4FF0240807D101988C
:109590008178012936D0027CB01824300BE0072DE9
:1095A0000CD10199887800280FBF06F11B008A7D35
:1095B00018FB02F29019ADF8000007E00C2D05D160
:1095C00001984168C88AC10548BF0127BDF800005D
:1095D000DDF766FA040019D10C2D13D10199486802
:1095E00000280FD0E5F7D1F982460198001DECF76D
:1095F000CDFCBDF80000DDF753FA0400504602D15F
:10960000E5F7F4F9C1E0E5F7F1F901E0072D1BD02A
:10961000019932462046DDF79FFC052D12D1616885
:10962000242204F11800DDF797FC04F118006060B3
:10963000227C61692430DDF78FFC606800F1240131
:1096400061614FE0072D4DD1019801782170019A99
:109650005078607001998878A0700199CA78E2709A
:1096600001994A798B7902EB0322CB7902EB034211
:109670000B7A02EB0362626098B91B2020721B22F6
:109680000198816904F11000DDF766FC04F1100017
:10969000E06001998869DDF76AFC01990020886122
:1096A00020E00198807D207200281EBF0199896901
:1096B00000290AD018FB00F8424604F11000DDF73B
:1096C0004BFC04F11000E06002E00021E160217237
:1096D0000198806930B1DDF74AFC0199002088616A
:1096E000019988753848016819B1204688470028D3
:1096F00043D10D2D2AD1019840684178007800F0BF
:109700000302022A1EDA314A937CC0F38300984296
:1097100001BF11F0C00F019890F82C10022911D14F
:1097200094F8430004F1420100F035F80198C18D2E
:1097300049451CD141688879022818DB204604F08D
:1097400081FF10B301A8ECF721FC1EE00C2D0ED117
:10975000019841781A291CBF6068002807D0807DD5
:10976000C10704D5207C04F10F0100F014F827B9DB
:10977000174800782146DDF7B6F90C2D05D101997F
:10978000486810B1081DECF701FCBDE8F387002024
:109790007047002070470F4A1278A2B10B78322828
:1097A000B8BF322002DB6F28A8BF6E20012A04D187
:1097B000323858433C2290FBF2F398B2B0F5807FE8
:1097C000A8BFFF230B7070479C70002034630020FB
:1097D0004F7200204572002000161000001815106E
:1097E000020002241454000010000000224800214E
:1097F000016100214161FF2101760021C176002134
:10980000017700214177704770B505000E001A4CB2
:109810000021100080B2FFF716F920613000C0B2BD
:109820000F2802D10020606116E030001349497B07
:10983000C0B2884208D1607E401C10FA06F63C2077
:109840004643A03E666107E0607E401C10FA06F6C3
:109850003C204643103E66612576EDB2012D08D1CD
:1098600006492269086982182261626908698218BA
:10987000626170BD00000000986C0020286200202A
:1098800010B5DFF8D00090F82900002802D002209F
:10989000E6F7A4F92020E6F7B2F9DFF8BC4014F1AE
:1098A000100000F0BCF9200000F0B9F9EBF790FBD4
:1098B00010BD80B5E5F769F8284909680CE04A7ED3
:1098C000920707D54A7E52F001024A760A7E12F0CC
:1098D000FD020A7651F80C1C0029F0D1E5F786F854
:1098E0001020ECF731FA01BD18B585B000201C49F5
:1098F00008701C4C0020E076012020760020607764
:10990000FFF7D7FF0820ECF71FFA207F002802D0CE
:10991000002020771BE009208DF80000E0208DF862
:1099200001000C48C18CADF8021090F843108DF87E
:10993000041090F853108DF8061090F852008DF82E
:10994000050000208DF80F006846FFF7FBFD06B00C
:1099500010BD0000286200202C690020046F002048
:109960005A720020986C00200020DFF8E013086095
:109970000020DFF8DC1308605FF47000DFF8D41318
:109980000860DFF8D41308600020DFF8D013086007
:10999000704738B5DFF8C44300202060DFF8AC53CF
:1099A0002868002810D028684068DFF8A8130968E4
:1099B000884209DAEBF761FB29684968814201DADC
:1099C0002968486028682060DFF884130868002848
:1099D0000AD02068002805D00868406822685268CC
:1099E000904201DA08682060206800280BD02068C7
:1099F0004068DFF860130968884204DA206840682C
:109A0000EBF751FB03E0EBF7C6FB0020206031BD14
:109A100038B5DFF8484300202060DFF8305328686D
:109A2000002810D028684068DFF8281309688842A9
:109A300009DAEBF722FB29684968814201DA2968D3
:109A4000486028682060DFF80813086800280AD0FA
:109A50002068002805D00868406822685268904253
:109A600001DA0868206031BD2DE9F041DFF8EC42F1
:109A7000206800283ED0DFF8DC5228682168496859
:109A8000884201DAE6F731F8206800280ED0EBF7BB
:109A9000F4FA21684968884208D2FFF77AFF29E082
:109AA000300000F0DFF83800C0B2C047206800285E
:109AB00020D020684068002801D5E6F716F826680F
:109AC000377BD6F80880EBF7D8FA216849688842D6
:109AD000E6D22068002809D02068406829688842BA
:109AE00004DA20684068EBF7DEFA03E0EBF753FB9B
:109AF00000202060BDE8F08138B505000C0011E0C1
:109B000060682818606095480068844204D16068E5
:109B1000002801D5002060606068002801D5E5F7C5
:109B2000E4FF2468002CEBD131BD38B588480468C7
:109B3000884D8648016828684042FFF7DDFF08E04D
:109B400060682968884203DB61682868091A6160D7
:109B50002468002CF4D1804829680268914204D01E
:109B6000006828602868EBF77AFAFFF712FF31BD2A
:109B700070B504000D0000202060794800780028AE
:109B800003D100210120E7F7B8FCE4F7FEFE060050
:109B90002900200000F034F82900286801E00100C5
:109BA0000068002803D0626843689A42F7DA0C60C4
:109BB00020602868A04201D1FFF7EBFE3000E4F7F7
:109BC00015FF70BD38B504000D00EBF756FAA8423A
:109BD00004D3604800684519656000E065605C4931
:109BE0002000FFF7C5FF31BD38B504000D00EBF7CD
:109BF00044FA4519656055492000FFF7B9FF31BDAA
:109C00000A00096801E00A000968002905D08142BC
:109C1000F9D108681060012000E00020704738B5D5
:109C200004004F480078002803D100210120E7F705
:109C300064FCE4F7AAFE050044492000FFF7E0FFBA
:109C4000002803D142492000FFF7DAFF43480068AB
:109C5000844203D1DEF723FBFFF79BFE2800E4F7E5
:109C6000C5FE31BD38B50400E4F78FFE0500374965
:109C70002000FFF7C5FF002803D135492000FFF77A
:109C8000BFFF36480068844201D1FFF7C1FE2800BB
:109C9000E4F7ACFE31BD70B505000E003048007829
:109CA000002803D100210120E7F727FCE4F76DFE2F
:109CB0000400EBF770FA2800EBF721FA05002548BD
:109CC0002849F6B251F8261001600168224A116055
:109CD0000068EBF7C4F91D4801682800FFF70CFF86
:109CE000FFF757FE2000E4F781FE70BD70B5060057
:109CF000E4F74BFE0400174D1A48F6B250F8260060
:109D00002860286814490860174800683C300068DB
:109D10008047164A11788900B0FBF1F1144B18689E
:109D200000280BD12868884208D22868B1FBF0F1DE
:109D30002868414310788000414319602868EBF798
:109D40008EF92000E4F752FE70BD00003071002053
:109D500034710020F01B0020F41B0020387100201B
:109D60005F720020BC3D00006C7100207872002002
:109D70009071002080B5ECF7DBF9ECF7DDF93348A2
:109D800090F84300DDF728FF00210120E7F7B5FB3D
:109D900002F07EFEE5F706FFEBF71AF92C480021EA
:109DA0000160002141600021018100214181294899
:109DB0000021018000214180002181800021C1809B
:109DC0000021018100214181002181810021C18187
:109DD0000021018200202049087000201F490870DE
:109DE000E6F7F8FDEBF7ECF801BD80B5E5F7CAFF43
:109DF000E6F7D8FE01BD80B5ECF748FBEBF72BF991
:109E000001BD80B5FFF7F1FFECF792F901BD10B588
:109E10000124E4F7BAFD12490978002910D111494B
:109E2000097800290CD110490978002908D10F4977
:109E30000978002904D10E49097811F0FD0F00D0EE
:109E40000024E4F7D3FD2000C0B210BD286200203A
:109E5000C06F0020306E0020657200206672002006
:109E600070720020727200207B7200207C720020D1
:109E70006F7200201CB504002000C0B2EA380A2826
:109E80000CD269462000C0B2E7F791FB0098401C55
:109E9000009069462000C0B2E7F7AAFB13BD01019C
:109EA00010B5EFF31484002C1CBF002181F314883B
:109EB0008047002C1CBF022181F3148810BD0000D4
:109EC00000B5EFF3038212F0FF0F0DD06A46A2F146
:109ED000200282F309886FF0020E10604FF080714B
:109EE000D1610849916170475DF804EB694681F3DF
:109EF000098880F308884FF00200EFF3148180F3A3
:109F000014887047E99E020040F8043D40F8042D93
:109F100040F8041D019940F8041D009940F8041D03
:109F20000B4940F8041D81EA0101A1F1010140F84B
:109F3000041D40F8041D40F8041D40F8041D40F8BD
:109F4000041D40F8041D40F8041D40F8041D70472E
:109F5000659F02002DE9F04FC0F800D0D1F800D085
:109F6000BDE8F08F0498804700980199029ADDF8C7
:109F70000CE0104738B54F484F4C056815F1010FFC
:109F800008BF002507F06CFE4C4900200860206CDB
:109F9000816C88474A4A106820B14A4908682846B7
:109FA00000F02AF8484900200860484948480A68F3
:109FB0006FF31B4202430A6046490868C0F3013050
:109FC000012806D10A684448024042F400330B607D
:109FD0000A600120414DE861142021680A6A904717
:109FE0003F48404A016841F4E021016001212960B5
:109FF00010680028FCD131BD2DE9F04180463A4877
:10A0000041688A0705D40168384A090C41F0F0011B
:10A0100011703749374D096800290FD42B68364A2B
:10A0200083F0C0031370C90E01F00C01334B41F0F3
:10A03000C00119704FF40031C2F853104FF00122E3
:10A040002F49304B304F314C0A601E888668396882
:10A050000A683046904706F04070B0F1807F03D127
:10A06000217841F00201217031463A685368404638
:10A0700098476869264A010B01F03F011170C1053C
:10A0800002D54022E27402E0224A40211170800988
:10A0900000F03800204940F46050088030463A68AB
:10A0A00093689847022007F0E3FD1C4901200860EF
:10A0B000BDE8F0811C130050B00100108404604220
:10A0C00080012843800520438C210840482003401C
:10A0D0000000390128000940EFFFFCFC0000244388
:10A0E000002009400C006842AC4F00505662084006
:10A0F0000C130050F813005031A00C4042A20C4049
:10A1000004A40C4000A00C40F001001009620840BB
:10A110000EB00C402C6208406AB00C4094046042BF
:10A1200013F0004C03D55B42524263F100039CEAFA
:10A13000210C00F0178010B5644603D34942404219
:10A1400061F1000100F00EF8640004D3494240427E
:10A1500061F10001244203D55B42524263F10003E6
:10A1600010BD0000BBBBE1B1B2F5803F80F07E8046
:10A17000022A1ED98C46B1FBF2F102FB11C31B046B
:10A1800043EA1043B3FBF2FC02FB1C3380B240EA0B
:10A190000343B3FBF2F002FB103240EA0C40002311
:10A1A0007047022A05D98446B0FBF2F002FB10C2C8
:10A1B00070474AB105D100F0010249085FEA30005A
:10A1C000704700220023704707F06EBD0B000200AD
:10A1D000002100207047904271EB030CF6D3B3F5D9
:10A1E000803F2FD2F0B5B3FA83F7B1FA81F4A7F12B
:10A1F0000F0E3D1B5340CEF1200602FA0EF2F34142
:10A200005340B5F10F0746D80F3C2C444140C4F1F0
:10A210002006A040F1414140B1FBF3F603FB1611CB
:10A22000A2FB0645001BA94102D2761E80185941A7
:10A2300080EA010221FA0EF362FA0EF200215A407E
:10A240003046F0BD30B4B1FBF3FC03FB1C11A2FBA4
:10A250000C45001BA94103D2ACF1010C80185941F7
:10A2600030BC02460B46604600217047B2F1807F49
:10A2700065D3F0B5B2FA82F7B1FA81F4C7F10F06EF
:10A280003D1B22FA06F307F1110EF24120355A4028
:10A29000B5F10F07B8D94140C4F12006A040F14103
:10A2A0004140B1FBF3FC03FB1C11A2FB0C45001B5E
:10A2B000A94103D2BCF1010C801859410F2F12D3D0
:10A2C0000F3FC90341EA5041B1FBF3F603FB1611FE
:10A2D000A2FB0645D4EBC030A94102D2761E8018FD
:10A2E000594146EACC3C07B34140C7F12006B8408B
:10A2F000F1414140B1FBF3F603FB1611A2FB064509
:10A30000001BA94102D2761E8018594180EA010241
:10A3100021FA0EF3C7F1200462FA0EF20CFA07F0EC
:10A320005A402CFA04F13043F0BD80EA010221FAD0
:10A330000EF3002162FA0EF260465A40F0BD8C46E0
:10A34000B1FBF2F102FB11C31B0243EA1063B3FB42
:10A35000F2FC02FB1C331B024CEA002043EA1063B0
:10A36000B3FBF2FC02FB1C331B024CEA002043EA65
:10A370001063B3FBF2FC02FB1C331B024CEA00200F
:10A3800043EA1063B3FBF2FC02FB1C324CEA0020F0
:10A390000023704700207047FF2806D0724901EB68
:10A3A0008001087800F0FB000870704770B56D48B8
:10A3B0006E4E0468046000257CB17168B4FA84F0C4
:10A3C000C0F11F000122824051F82010944300295F
:10A3D0000EBF1543C0B28847EEE715B12846F8F71F
:10A3E000FBFC70BD2DE9F841A3B0E4F7CEFA604D57
:10A3F0002978002411B1E4F7F9FA45E00121297028
:10A40000E4F7F4FADCF797FF0820DDF7C6F86846B2
:10A41000E4F7E4FA4FF0FF3001906B46554A102103
:10A42000281DE4F78FFA5448544905780F78DFF86F
:10A430003C812E4613E0D8F8000050F826100A0A96
:10A4400003A8120240F826208A0707D40120B04052
:10A45000044301F00101F0B200F09AF8761CB74213
:10A46000E9D2474804607F1C7F1B03A94548BA0016
:10A4700001EB850100EB8500DCF7C6F84248026875
:10A48000202161F30D22026024B0BDE8F081014675
:10A490003E480068C84000F0010070472DE9F041D7
:10A4A00005468846FF2808BF4FF0FF3036D0354FAD
:10A4B00007EB80074FEA580438684FEA182604F083
:10A4C0000104360284F00104000618BF3E600ED17C
:10A4D000E4F75BFA7A1C310A07F1020C1170330CB5
:10A4E0008CF80030360E07F8036FE4F77FFA24B1DA
:10A4F00008F00101284600F04BF8E4F746FA012184
:10A5000001FA05F51E49002C19BF0A6815430B68AE
:10A5100023EA05050D60E4F769FA0020BDE8F08143
:10A5200038B5FF280C4610D00F4D05EB8005E4F739
:10A530002CFA2978240C01F0F80104F007040C43EC
:10A540002C70BDE83240E4F751BA31BDFF2808D085
:10A550000C4A02EB8002106800F0FF00884218BF2E
:10A5600011707047E0200240021008406C16002075
:10A57000D86B0020ADA30200237C030025810300DB
:10A58000D02002400010084000300940C0200240A6
:10A59000FF2806D000F1804000F5083001F00101ED
:10A5A0000170704780B5002802D407F07EFB02BD21
:10A5B000002002BD2DE9F04182B0E4F7E6F9DFF8B2
:10A5C0001C74804678780024012823D1DFF81054C9
:10A5D00028680321C007A9601CD5DFF8086431682A
:10A5E0004A68022090470090012031684A689047ED
:10A5F0000190694607F1280007F09FFBDFF8E81398
:10A600000C600322AA600220DCF747FF0720DCF77A
:10A610005DFF7C707D683DB30EE0686AA96AEB69F6
:10A620000E1A082E88BF0826324669461844DBF702
:10A63000EBFF686A36186E62686AA96A884207D2B8
:10A64000694607F1280007F049FB10F1010FE4D13A
:10A65000686AA96A884207D32946381DE4F756FA82
:10A660000020012485F83200787868BB786818B13A
:10A67000806800F051F827E007F1280007F055FB4B
:10A6800010BB012078700720DCF787FF0220DCF781
:10A690006FFF4FF0FF313120E4F79CF9DFF8400302
:10A6A000DFF84033032181604268DFF8401342F055
:10A6B0000302426000221E68D6F800C00020E04776
:10A6C000DFF82413012008604046E4F78FF904B353
:10A6D000A86804680021E162A16909B102220A7038
:10A6E00094F83010022906D104F1340002F03FFD45
:10A6F00002B0BDE8F08101290BD1E16AA26922B163
:10A70000E368984702B0BDE8F081A36AE269246972
:10A71000A04702B0BDE8F0810268406892F83010AE
:10A7200052690078042914BF0121002170B5144634
:10A730000E46DFF8A8220121054651700720DCF7FC
:10A740002CFF0220DCF714FF29463120E4F742F900
:10A75000DFF89C020321416026B1016841F003014A
:10A76000016003E002689208920002602146DFF86F
:10A7700074321C68256800220020A847DFF86812A0
:10A780000120086070BDF0B581B0E4F7FEF8DFF895
:10A790004C520446287888BB0023DFF85822312128
:10A7A00005F10C00E4F7CEF80823042205F1480176
:10A7B00005F1280007F088FA012068700720DCF70F
:10A7C000ECFE0220DCF7D4FE4FF0FF313120E4F73D
:10A7D00001F9DFF81C02DFF80C3203214160026846
:10A7E000DFF8081242F00302026000221E68376898
:10A7F0000020B8477C49012008602870204601B03D
:10A80000BDE8F040E4F7F2B8F0B5054681B02E6837
:10A810006F680C46E4F7B9F896F8311011B96F4A31
:10A82000117821B9E4F7E2F8002001B0F0BD012170
:10A83000002286F8311086F83220E4F7D7F804B900
:10A840006D4C2178012904BF6068002801D1A068FF
:10A85000B0B186F83010E068684A30626168F16033
:10A86000A0683061B560B868A0F58071914228BFDA
:10A870005E487061002106F1340002F037FC284682
:10A8800001B0F0BD10B5046804F1340002F062FCC0
:10A89000002184F8311010BD00BF10B481B0002930
:10A8A00003681CBF4A68002A04D00C78042C01D12C
:10A8B0008A6822B901B010BC6FF002007047002214
:10A8C0005A6299614A68DA618968996201B010BC7C
:10A8D000FFE72DE9F04105464FF0FF342E683F4F6A
:10A8E000F462E4F752F8804696F83000042804BF7A
:10A8F0007878012806D13A4803218160426892089D
:10A900009200426070693949884205D0786818B968
:10A910007878012817D108E096F83000042812D181
:10A92000786880B1787801280DD12F482C4B002110
:10A93000016003229A600220DCF7AFFD0720DCF7FC
:10A94000C5FD0020787096F8320080BB96F8300084
:10A950000428314603D1381DE4F7C3F802E0381D5E
:10A96000E4F7AAF8012086F832004046E4F73EF802
:10A970000020FFF71FFE2D6895F8300004281CD139
:10A98000686AA96A88421FD20120E4F75DFE144874
:10A99000006810F0030FF7D00020FFF70BFE686A85
:10A9A000A96A8842F0D3EC6A2046BDE8F0814046AF
:10A9B000E4F71CF82046BDE8F081022808D1296A96
:10A9C00005F1340002F0C8FBEC6A2046BDE8F081D6
:10A9D000012808BF00242046BDE8F081F064002073
:10A9E00008800240CC010010A802504280A9030058
:10A9F0000C800240B5A50200B81D030001FFFF0056
:10AA000002230370416082600020704704230370BA
:10AA10004160826000207047F0B5564981B005461C
:10AA20000C6855490A684BF2F5204443240A02F4A5
:10AA30004022B2F5802F11D1504801688A030DD40D
:10AA40004F4EF06801688847E4F76CFE3168CA68C9
:10AA500090472709C010474304EBE7342DB9494814
:10AA6000006820F07F402418640847480460240CE4
:10AA700044600121816001B0F0BD44480068C0F32A
:10AA80000720704742480068C0F38440704741483F
:10AA90000068C0F38120704770B53F4C82B080B22F
:10AAA0000090082325683D486E684FF47F423021AE
:10AAB000B04702B070BD70B5374C82B080B2009024
:10AAC0001223256835486E684FF4F8020421B04718
:10AAD00002B070BD70B5304C82B080B200901123CE
:10AAE00025682E486E684FF400320421B04702B04A
:10AAF00070BD70B5284C82B080B200900A232568E2
:10AB000026486E684FF440622021B04702B070BD05
:10AB1000F0B581B00226204C204D00960723266810
:10AB200077684FF4C07200212846B8472468284649
:10AB3000E56807234FF4C0720021A84701B0F0BDBB
:10AB4000F0B5002818BF022881B011D1124C134D66
:10AB500080B200900423266877687022002128467E
:10AB6000B84724682846E568702370220021A8476A
:10AB700001B0F0BD08400C40B44F00508C130050A1
:10AB8000E0010010102009407C600C4030A00C4017
:10AB900004A00C4020A00C40A401001000A00C4018
:10ABA00078B5D54C89B005462564082324220021B8
:10ABB0006846E4F71BFA00218DF8181004F6CC461D
:10ABC0006A463046E4F72FFAA66408233C220021A7
:10ABD000201DE4F79BFA4FF440606062052104F108
:10ABE000CC00E161206265610023221D0FF2190192
:10ABF00004F17C00E4F794FA04F17C0060640AB08C
:10AC000070BDBD48007870472DE9F841BA4D286CF9
:10AC100091B010B1002180F84510296C01F1480075
:10AC2000DDF709FBE3F7B1FE06460720DCF7B5FCCC
:10AC3000E4F7CAFA18B100BFB7A0E3F7B5FBFFF716
:10AC4000A2FD0CA807F0A8F804208DF830000CA98C
:10AC5000002007F0AAF86865A84C206801688847BA
:10AC6000226852F80C1F08A88847226804208DF833
:10AC7000200008A952F8043F00209847E8642068A3
:10AC800050F81C1F8847226852F8281F04A88847DC
:10AC9000226804208DF8100004A952F8203F0020FB
:10ACA00098472865E86C10B9A3A0E3F77DFB286DF1
:10ACB00018B900BFA5A0E3F777FB686D18B900BF0E
:10ACC000A7A0E3F771FBF3F717F92C6CA9A705F61A
:10ACD000E84824B9D7E90012CDE900120EE000F0EF
:10ACE00015F9082269462046DCF728F90128F1D039
:10ACF000D7E90023CDE90023296C01BB0820DCF74C
:10AD000035F904004FD00027DCF78BF9F9B27F1C2E
:10AD10006054F9B2000A60547F1CF8B20628F3DBD5
:10AD2000302121547F1CFFB2F820E0550822214633
:10AD30004046DCF711F92046DCF719F903E0082258
:10AD40004046DCF709F96A4608210120DCF79EF944
:10AD5000002818BF092822D1EFF7A5FD800713D4DA
:10AD600000F0D4F8FF22082102A8FCF757F902AB43
:10AD7000082200210120DCF705FA80B90822694683
:10AD800002A8DCF7DBF828B1424608210120DCF7F5
:10AD9000B6F904E0082202A94046DCF7DDF8414696
:10ADA000E220F3F7E1F8EFF71DFD2020DCF7DEF8F5
:10ADB0000028A86552D0A96C686C05F15C02DBF72D
:10ADC00058FEEBF7D9F8A96D05F15C00086005F1B4
:10ADD000600200F097F8F0F7DFF8A96D05F1600068
:10ADE000486005F1640200F08DF8FCF74DF9A96D9B
:10ADF00005F16400886005F1680200F083F806F050
:10AE0000E5FFA96D05F16800C86005F16C0200F06E
:10AE100079F8E0F7E3F8A96D05F16C00086105F138
:10AE2000700200F06FF807F099FBA96D05F1700052
:10AE3000486105F1740200F065F8DDF771FBA96D5A
:10AE400005F17400886105F1780200F05BF8287064
:10AE500007F08CFDA96D05F17800C861F8F77BF863
:10AE6000FEF7C3FF3046E3F7C1FDFEF783FFF3F7BC
:10AE70007DF90120F3F755F8F3F7A7F92048017899
:10AE8000012904BF4FF40040F1F71DFD95F80000C3
:10AE90003AA44FF48041DBF76EFCA86C4FF0FF3111
:10AEA000E1F765FF0026A96DF2B251F8223018686B
:10AEB00018B9761CF1B20829F5D3F0B20828ECD203
:10AEC000DCF756F8A96DF6B251F826100F6800228B
:10AED0000A60DCF758F854F82620394600209047DD
:10AEE0000746DCF745F8A96D51F826100A683A4381
:10AEF0000A60DCF748F8D0E764340020C013002073
:10AF000041720020A96C686CDBF7B3BDFF220821F9
:10AF10006846FCF783B8000052616E646F6D5F7322
:10AF20006565644175746F6D617469632829206675
:10AF300061696C656400000041455343434D206FD7
:10AF400070656E206661696C65640000414553451B
:10AF50004342206F70656E206661696C6564000015
:10AF600054524E47206F70656E206661696C65644F
:10AF700000000000FFFFFFFFFFFFFFFFC1DD01003A
:10AF800065B00100C1700200DF2403002BB0000097
:10AF900093250300C98E0000012A030080B5DCF769
:10AFA000CAF9FFF71FFAF4F79BFFBDE801400AF06A
:10AFB000B9BA03520FF251010FF259320FF2AD3309
:10AFC0000160426083600FF205410FF29D42C16053
:10AFD00002610FF2D9510FF23D52416182610FF2CD
:10AFE00041610FF2E142C161026200210FF2A162F0
:10AFF0008162C162FFE7416202630FF289210FF2B1
:10B00000DD224163826370472DE9F04FDFF8884A03
:10B0100006462078607003288DB040F03081002013
:10B020002070002161700823182207A8E3F7D7FEDB
:10B03000002107A8DFF85C5AE3F7ECFE28642E2114
:10B040002846E3F7E1FBFF220A2105F10C00FBF79C
:10B05000E5FF04F04BFF3146002004F059FFE863A0
:10B06000064605F1300104F03DFFA86B696BB1FBAA
:10B07000F0F2D3B2032BA8BF02222A70B0F5005F12
:10B080002A78E27003D1B1EB423F00D316B9012018
:10B090002070F5E00021FF266971EE70E8802E71C6
:10B0A000AE7000274FF00C0805E0EF7002E0FE28BC
:10B0B00008BFAF707F1CE178F8B2884263D218FBFA
:10B0C00000F0284400F1160904236A460021F8B272
:10B0D00000F079FC009889F800000099090A89F8C5
:10B0E00001100098C0F3854003281EBF0098000E91
:10B0F00096283ED10098000C00F0030089F8030068
:10B1000099F80000FF281CBFFE287E282ED001A839
:10B1100000F0CEFA4FF4005A53464FF08852002107
:10B12000F8B200F050FC4FF08852AAF1040A1FFA5E
:10B130008AF01044016811F1010F03D11FFA8AF35C
:10B14000042BF2D24FF0010B012201F0FF03FF2B81
:10B1500018BF9346521C090AD3B2042BF5DD0160D7
:10B16000019800F0BEFA5AFA8BF000E01020A9F81E
:10B17000060099F800007C2818BF782895D0702820
:10B1800095D12F7196E7E8780027FF2818BF01278F
:10B1900017D12879FF2818BFE8700FD1A878FF28A9
:10B1A00012D0401C90FBF1F201FB120188B205F1B4
:10B1B0001C0308FB00F2985A10B1E970022700E066
:10B1C000AE70E878FF280CD10021E970284600F025
:10B1D0001DFC6178084360707E220021284600F043
:10B1E00020FDA878FF2813D1E878E178401C90FB77
:10B1F000F1F201FB1200A8702846A97800F006FCC5
:10B20000617808436070FE22A978284600F009FDA5
:10B21000E87805F11C0118FB00F86870012F31F87F
:10B220000810E980A77002D0022F22D027E0182949
:10B2300025D3C91F002302AA89B200F034FC9DF86F
:10B240001300410715D5002001900322009202ABA4
:10B25000E888E978C21FBDF81600121A92B2284693
:10B2600000F0F4FC58B9BDF8142042B100F0E8F841
:10B2700005E0012068710021284600F072FD607829
:10B2800090E10000F8B5DFF80C48606C18B1804719
:10B2900008B90B20F2BD00F063F80546002606E071
:10B2A000204600F0B3FB797808437870761CF87874
:10B2B000F1B28142F4D3401E7E78A0700021A08BB1
:10B2C000E0806170E1707E2200F07BFAA178FE22BE
:10B2D00000F077FA00F0F2F83046F2BD7CB5DFF806
:10B2E000B447E57804236A460021284600F06BFB4A
:10B2F0000098002600F0FF00FF281CBF7E287C2855
:10B3000005D10C2045436019868BC6F500563046A2
:10B3100076BD00002DE9F041DFF878470546606C06
:10B3200018B1804708B90B2018E000F019F83E78F2
:10B33000804676B9B4F90600C0F5005000B2A842C4
:10B3400000DB2DB90021204600F00BFD7E7800E0E7
:10B350000426206C4146E2F7A1FD3046BDE8F081AD
:10B36000206CDFF83477E2F759BD0000F3B587B001
:10B3700011461C0018BF002902D1042009B0F0BDFD
:10B3800000F063F8060006D1DFF80857686C20B1BA
:10B39000804710B90B263046F0E7286CE2F73EFDF7
:10B3A000074600F057F8C1B209B90D2608E0C0B24F
:10B3B0000A2804D1012300F03FF8060000D001263E
:10B3C000286C3946E2F76AFDE5E70000F3B587B07F
:10B3D00011461C0018BF002902D1042009B0F0BD9D
:10B3E00000F033F8070006D1DFF8A856686C20B1EA
:10B3F000804710B90B27F8B2F0E7286CE2F70EFD92
:10B40000064600F027F80746C0B268B9022300F0EC
:10B4100013F807000BD1BDF8142042B100F010F86A
:10B42000DFF87406477802E00A2818BF0127286C65
:10B430003146E2F733FDDEE7224602A92846C2E1A3
:10B440009DF81810284600F0B6BB032302AA89B263
:10B4500007A850E10321002000910190EA88E978D3
:10B4600002AB284600F0F2BB73B588B000F042F89A
:10B47000060006D1DFF81C46606C28B1804718B979
:10B480000B26F0B20AB070BD206CE2F7C7FC00F0EA
:10B4900036F80646C0B270B9BDF814209DF81810F1
:10B4A000204600F088FB00F02BF80A2806BFDFF8E2
:10B4B000E8054678012600F001F8E2E7206C29460D
:10B4C000E2F7ECBC73B588B000F014F808B10020C6
:10B4D0000EE0DFF8C045206CE2F7A0FC00F00FF8AA
:10B4E000002814BF0026BDF81660FFF7E7FF3046BE
:10B4F0000AB070BD032302AA002108A8FBE005469C
:10B500000321002000910190E288E17802AB2046FF
:10B5100000F09CBB2DE9F34F8BB04FF6FF701A9EE5
:10B52000169C30809B46002C1CBF1FFA8BF0002815
:10B530000DD0199D002D1CBFDDF85C805FEA08006E
:10B5400005D0DDF8609042F20101894501DB04205D
:10B5500028E0032306AA1FFA8BF10BA800F0CBF812
:10B5600001001FD100F057F8824602A9122002956F
:10B57000ADF80C80ADF80E900494ADF814B00191C4
:10B580000090FA88F97806AB384600F05FFB044675
:10B59000C0B210B9BDF81C0030805146386CE2F7DB
:10B5A0007DFCE0B20DB0BDE8F08F00002DE9F34363
:10B5B00087B01546109C1E46002C1ABFB0B200285A
:10B5C000042025D0032302AAB1B207A800F093F803
:10B5D00001001DD100F01FF88046032100200091DA
:10B5E0000190FA88F97802AB384600F02FFB8146CB
:10B5F000C0B238B900902346B2B2A9B202A800F096
:10B60000A8FA8146386C4146E2F748FC5FFA89F0B7
:10B6100009B0BDE8F083DFF8007A386CE2F7FEBBD2
:10B62000F3B585B011461C001CBF88B2002802D1BA
:10B63000042007B0F0BD03236A4689B205A800F0D4
:10B640005AF8050006D1DFF84C64706C20B18047D1
:10B6500010B90B252846ECE7306CE2F7DFFB074614
:10B66000002322466946304600F0ADF805000AD1B5
:10B67000BDF80C203AB19DF81010304600F09BFA4E
:10B68000DFF814044578306C3946E2F707FCE1E74F
:10B6900010B501460024080008D0C91D89B2DFF8A2
:10B6A000F40300F060F8FF2808BF0124204610BD15
:10B6B00070B5DFF86849DFF8685921688A6806467E
:10B6C0002846904700F0030030600021226853684C
:10B6D0002846984721688A68284690470028F9D16B
:10B6E00070BD10B5DFF8342913685C680146DFF8D7
:10B6F0003009A04710BD30B5B1F5805F01DB0520F2
:10B7000030BD0378402B01DB092030BD448840F276
:10B71000FF339C4201DD072030BD84889C4201DD5F
:10B72000082030BDDFF870331C78032C01D10320D2
:10B7300030BDD181002191810378448881881B0329
:10B7400003F47C33C4F309042343C1F3090545EA38
:10B750000335156091804188D18096210078107260
:10B760009172002030BDF8B504460F46E6780423F8
:10B770006A460021304600F026F90098FF2500F0C7
:10B78000FF00782801D1FF20F2BDFF2818BF7E28D6
:10B7900002D17C2200F014F831460C20414360189D
:10B7A000E67042F20101828BE280808B3818884279
:10B7B000B8BFE57802DB782200F002F82846F2BD37
:10B7C000314620462DE22DE9F84F0F468AB0FE891A
:10B7D000B14CF61D054691469846B1B2FFF7C3FF3E
:10B7E000FF284FF0000A0DD1B1B2284600F0B9FA97
:10B7F000B6B2B0424FF0010A04DA6078002800D1F6
:10B800000520D0E0607808BBB8F1000F05D0B8F192
:10B81000020F1BD1BAF1000F18D0387A8DF81C0036
:10B820000021F888ADF81A0005ABB888ADF818000B
:10B83000019103200090EA88E978284600F006FA92
:10B840009DF824003874BDF82000B8810423E988ED
:10B85000ADF802100021EA788DF8002002AA9DF8C8
:10B86000000000F0B0F8029800F0FF007E2805D13B
:10B870009DF800107C22284600F0D3F9029800F0D1
:10B88000FF007C2818BF01207BD1F88900F1070A4E
:10B89000BDF802001FFA8AF1081842F20102904234
:10B8A00080F28480FA88387A120A02F0030242EAAF
:10B8B00080028DF80C2003AEF8887070BA88920868
:10B8C000B270FA89B888920902F03F0242EA801207
:10B8D000F270F88982003271B7F80EB0BDF802003C
:10B8E0009DF80020BDF802805844ADF80400D04413
:10B8F0000C204243AF180C2923DC5A464946201D30
:10B90000DAF782FE201D052203A95844DAF77CFEEF
:10B910000BF10501002289B2201D00F087FB00F029
:10B9200047F80722201D03A95844DAF76DFEBDF839
:10B9300002109DF800001FFA8AF3221D00F049F85A
:10B9400020E000225946484600F070FB02460521DF
:10B9500003A800F06BFB00F02BF85B46BDF802106B
:10B960009DF800004A4600F034F860700723BDF8E7
:10B9700004109DF8000003AA00F02BF8014660783F
:10B9800008430FD1E9885144E980A7F81C80607012
:10B99000607830B1BDF804209DF80010284600F012
:10B9A0000AF9607860700BB0BDE8F08F0520F9E708
:10B9B000327942EA90128100327141F002017171D4
:10B9C0009620B071704701EB40313248C06B04F0F3
:10B9D000C5BA2DE9F8432F4F0446786C0D469046C2
:10B9E0009946002618B1804708B90B260BE00420C1
:10B9F00000904B46F86B424605EB443104F0B5FA33
:10BA0000002848BF01263046BDE8F2832DE9FC41FD
:10BA1000204F0646786C8846002418B1804708B944
:10BA20000B2434E04546BA6BF86B690304F055FA11
:10BA3000002848BF01242AD40C2010FB05F57619F4
:10BA4000F07DFE28B4BF401C0120F075FF27009751
:10BA50000423F07DDFF8CC1541EA002100916A460D
:10BA600000214046FFF7B5FF010002D10321B77561
:10BA700071760023084A507000F010F8012300F09E
:10BA80000DF8022300F00AF81020B0833776204624
:10BA9000BDE8F68100670020801400204FF0FF32DF
:10BAA000FF214046A8E07CB505460E4614463BB152
:10BAB0004FF08851072231446846DAF7A5FD03E0CC
:10BAC00007236A46FFF77FFFA68125749DF80000D3
:10BAD000800820729DF800209DF80100217A120252
:10BAE00002F440720243E28009039DF803209DF8AE
:10BAF0000200930943EA8003A38092019DF8043079
:10BB000002F47C6242EA9302E28101F47C319DF806
:10BB10000500800840EA831060729DF8050000F07F
:10BB20000300E0729DF80600A072E088C0F30900EF
:10BB30000143A088C0F3090040EA01302060A17AE7
:10BB4000E07A962914BF40F0010040F00400E07252
:10BB500073BD2DE9FC4707460E460A9CF989BD894D
:10BB60000094924699466D1A3B7C7A7AA8B200F00E
:10BB700063FA8046E0B9711952468BB2B8899E18B3
:10BB8000B0420EDB48462CB14FF088511944DAF729
:10BB90003BFD0DE013460246387C89B2FFF713FFE8
:10BBA00006E0F889904234BF4FF005084FF00608D0
:10BBB0004046BDE8F68770B505460C46561DB1B245
:10BBC000204600F018FA00F0FD02B1B2204600F065
:10BBD0001AFA20460C2148430544687E58B10221D8
:10BBE000204600F008FA00F0FC020221204600F096
:10BBF0000AFA0020687670BD7CB50FF2B0452E6859
:10BC0000009692B28DF80210ADF800201C46641C1C
:10BC1000A40404236A46210CFFF7DBFE0A4A507095
:10BC200073BD70B504460D4616460021284600F047
:10BC3000EAF9054A507830B97C2E08BFE5700C202F
:10BC400045436019867570BD801400202DE9F84FBA
:10BC500086B01F7ADE889DF940A0119C3F0307F44F
:10BC60007C37C6F3090637439E88C6F3090646EAC1
:10BC70000739002580461F468B462BE09DF80C2097
:10BC8000904204BFBDF80A00814242D1002C5AD034
:10BC90000AF0F000102856D100200090A368A28975
:10BCA000002101A8FFF755FF38B9A068E388A288F2
:10BCB00021681844F8F7F4F870B300259DF80F00D8
:10BCC000410739D40021404600F04BF898F803B002
:10BCD000B8F8062090B217283FD3D61F002301AA38
:10BCE000B1B25846FFF7DFFE9DF80F0000F00300E9
:10BCF0000228E3D10AF00F02387AF988032A19D80A
:10BD0000DFE802F003130204B8E7BFE701988145BA
:10BD1000BCD02800D2D0B9E7142201A93846DAF7FE
:10BD200083FC002007B0BDE8F08F9DF80C1088421E
:10BD3000EFD1ABE70420F5E7BDF81220B1B28A429B
:10BD400005D2B21AC6E73846142201A9E7E7B2B213
:10BD500059464046FFF72FFFB4E70020B8810A207C
:10BD6000E0E72DE9F04F0546AB48406C95B08A46B8
:10BD700010B18047002813D068788DF804000120A6
:10BD8000E873042395F802B09DF8040003AA00218B
:10BD9000FFF719FE0398C0F3014018B16879002835
:10BDA00000F0BF809DF80400F822062100F02BF976
:10BDB0009DF804704FF00C0919FB07F705F1180105
:10BDC000F820C855039A02F0FF02702A04D09DF8AB
:10BDD0000410702200F00DF9042303AA0021584634
:10BDE000FFF7F1FD039800F0FF00FE2802D0FE22CD
:10BDF00000F0FEF8FE220621584600F004F95946EC
:10BE000019FB01F10791FE20079929440691069933
:10BE1000087605F11C00C25B834F6A8200207870AF
:10BE200005F11C0095F80180AA78414619FB01F143
:10BE300019FB02F9465ACDF814908DF805200599A2
:10BE400030F8019004A8FFF733FC14E04FF088505D
:10BE5000C9F100010844A1B24942084400F500526A
:10BE6000BDF80810A3B24046FFF7ADFDA1441FFA8C
:10BE700089F9BDF80660B1B27878172953DB00283C
:10BE80004CD1F61F002308AAB1B24046FFF70BFEC3
:10BE9000BDF82E00C41DB1B200F1100291421DD3B5
:10BEA0009DF82A10962919D1311AADF806109DF87F
:10BEB0002B1001F003010229DBD1BDF80610ADF80B
:10BEC00008100022009201469DF82920BDF80800C4
:10BED000434600F0B1F80028B8D0761EB6B2172E4F
:10BEE0001CDBA6F120001728ACBF2024A6F1160405
:10BEF000361BB6B2A3B20DAA31464046FFF763FD2A
:10BF000000E0641EA0B20028E9D00DA8A1B2084448
:10BF100010F8012C962AF4D1A619ACE70498FFF783
:10BF2000E0FB002061E00028F8D1C9F500514FF096
:10BF3000885089B2A9F1100342189DF805009BB200
:10BF40001021FFF746FD7978084378700498FFF7D1
:10BF5000C8FB059905F11C00012320F80190AE8271
:10BF6000A5F81090B5F91220697B9DF80500FFF740
:10BF700043FEB5F91420A97B9DF805000223FFF7C5
:10BF80003BFE5FEA0A0008BF4FF0100A288AC0F59E
:10BF900000505045ACBF7C22782200F029F89DF873
:10BFA00004102846FFF732FD7870FC22062158461F
:10BFB00000F029F80699FC2008769DF80400A87086
:10BFC00085F801B085F803B005F11C000799425AC5
:10BFD000EA80FE229DF8041000F00BF80020687142
:10BFE000B5F90600C0F5005000B215B0BDE8F08FFD
:10BFF0005946284615E680B501236A46FFF7E3FC5B
:10C000009DF8000002BD04B501236A46FFF7E1FC7C
:10C01000054B587001BD000000670020D8010010DA
:10C0200000400340FF000F968014002013460A468C
:10C030000146184609F078BA2DE9F84789B0054657
:10C04000129F8800904699468DF800000C1D4FF015
:10C05000000A1CE0334601AAA9B24846FFF7B3FC28
:10C060000DE0A6B2202EC8BF20263800F2D04FF037
:10C070008851ABB23246194401A8DAF7C5FA324604
:10C0800001A9504609F050FA8246A41B7519A0B2C6
:10C090000028E6D1524601216846FFF7C7FF404518
:10C0A0000CBF002002200AB0BDE8F087FFFFFF961A
:10C0B00080B5DFF85003018B51F001010183018B42
:10C0C00051F004010183018B51F010010183018BB8
:10C0D00051F0400101830120DFF82C13087000F0BB
:10C0E00074F901BD7CB504000D00002C05D0207A48
:10C0F000022804D0207A032801D0E8204CE029004F
:10C1000089B2200000F0B1F8FF2801D01E2043E0E2
:10C11000207A00F08CF806003000C0B2052802D169
:10C12000207A022806D03000C0B2052804D1207A37
:10C13000032801D11A202FE0207A022816D1208866
:10C140008DF800006846218889B2090A417085701F
:10C15000ADB22D0AC57004226946AC483300DBB28B
:10C1600000EB83000830DAF7F7FE09E0082221002F
:10C17000A7483300DBB200EBC3000830DAF7ECFE6F
:10C18000217A3000C0B200F0C7F8227A01213000D5
:10C19000C0B200F0D5F8002076BD10B50400002C28
:10C1A00005D0207A022804D0207A032801D0E82084
:10C1B0000FE089B2200000F058F80100C9B2FF2951
:10C1C00001D1E82005E0227A0021C0B200F0B8F8E1
:10C1D000002010BDC0B2012808D101208D4908708F
:10C1E0008848018B51F02001018308E00020894933
:10C1F000087084490A8B4FF6DF7002400A8370474B
:10C2000084480078012801D1FE2000E0FF2070471B
:10C2100080480078002801D0012007E07E4800789F
:10C22000FF2801D0012000E00020C0B2704710B507
:10C2300004002000C0B200F0B6F80100E4B2022C05
:10C2400001D1052200E00522002000E0401C03008F
:10C250001400DBB2E4B2A34205D20B00C340DB07FB
:10C26000F4D4C0B200E0C0B210BD2DE9FF4104001B
:10C27000207A022810D120888DF800006846228894
:10C2800092B2120A4270817089B2090A8DF80310C5
:10C290006D460426052702E02500082605275FF0E5
:10C2A000000801E018F1010840463900C0B2C9B2E7
:10C2B00088422DD2217A4046C0B200F067F80028AB
:10C2C000F0D0207A02280CD13200D2B24F48414639
:10C2D000C9B200EB810010F1080101A8DAF73CFEB9
:10C2E0000BE03200D2B24A484146C9B200EBC1006D
:10C2F00010F1080101A8DAF72FFE3200D2B201A92D
:10C300002800DAF71BFE0128CCD14046C0B200E07D
:10C31000FF2004B0BDE8F08138B504000D0028000E
:10C32000C0B200F049F8012111FA04F40443EDB25F
:10C33000022D02D13548446001E03548446031BDEA
:10C3400070B504000D0016003000C0B200F02BF8EC
:10C35000EDB2012D0CD1012111FA04F40443F6B21F
:10C36000022E02D1294804600FE0294804600CE045
:10C37000012111FA04F430EA0404F6B2022E02D1CB
:10C380002248046001E02248046070BD10B504003A
:10C390000800C0B200F007F8E040C00701D5012056
:10C3A00000E0002010BDC0B2022802D1174800688A
:10C3B00001E0174800687047C0B2022802D1134854
:10C3C000406801E01248406870471CB542F2020024
:10C3D000ADF800000B4C022214F118010DF102001F
:10C3E000DAF7BAFD012214F11A0101A8DAF7B4FD57
:10C3F00069460A4800680A4A12682432126890475F
:10C4000013BD0000005E002063720020146D002048
:10C41000286A00205D7200205E72002058710020A2
:10C420006C710020DFF8DC050021C181DFF8D81530
:10C4300091F83120027491F824104174817C11F03C
:10C44000DF018174817C11F0E00151F00101817400
:10C45000817C11F03F0181740021C174DFF8AC15BB
:10C460000978017500214175704780B5FFF7DAFF43
:10C4700001BD80B5FCF7F4FB002803D11C20E4F7D4
:10C4800098FE28E0DFF87C150022CA81DFF87825C5
:10C4900092F831300B7492F824204A748A7C52F05E
:10C4A00020028A748A7C12F0E00252F002028A743E
:10C4B0008A7C12F03F028A740022CA74DFF84C258D
:10C4C00012780A7500224A75DFF84C25127800FBB5
:10C4D00002F08000C86101BD80B5FFF7CAFF01BD51
:10C4E0002DE9F84306000F0014001D00DFF8308529
:10C4F000012088F800000020DFF8281508700020CF
:10C50000DFF824150870DFF82495D9F8000000281A
:10C5100001D1E3F7EAFADFF818C5DCF800000028DB
:10C520000AD022002B00DFF80C054188D9F8000062
:10C530000C30DCF800C0E04714F0000015F0E241D8
:10C54000002901D100281BD0DFF8EC040178491E36
:10C550000170DFF8E0044068002804D0DFF8DC0454
:10C56000C189491CC181D9F8000040680078800663
:10C5700003D5E920E4F71DFEC7E0E4F76AFDC4E057
:10C58000200740F1B080DFF8B0442078401E2070D2
:10C59000DFF87054688842F20141884204D068880C
:10C5A00042F2054188423DD1DFF888044068002806
:10C5B00004D0DFF88804C189491CC18139003000EA
:10C5C00009B2DFF84C2412684832126890470028FC
:10C5D00028D0008842F60141884223D0DFF85C046D
:10C5E0004189491C4181688842F20541884203D152
:10C5F0001C20E4F7DEFD02E0E120E4F7DAFD94F927
:10C600000000002804D100210020E4F776FF05E0B7
:10C6100094F90000012801DAE3F767FA002088F8AE
:10C62000000086E0DFF80C044188B1F5105F16D1F8
:10C630004069DFF80C140860E4F7EAFCDFF8040452
:10C640000078002861D0DFF80004016811F1010FC3
:10C6500002D00168491C01600021018155E0418838
:10C6600042F60602914232D14068002804D0DFF839
:10C67000CC03C189491CC181DFF8C80300780028B8
:10C6800043D0DFF8C8030078022805D1DFF8AC03F7
:10C69000C188491CC18004E0DFF8A0038188491CDF
:10C6A0008180DFF8A403416811F1010F02D04168D5
:10C6B000491C41600189491C0181418902899142DB
:10C6C00001D201894181E920E4F773FD1DE0406852
:10C6D000002804D0DFF86403C189491CC1811D20F2
:10C6E000E4F767FD11E0DFF84C034068002804D050
:10C6F000DFF84803C189491CC181DFF83C03017898
:10C70000491E01701D20E4F754FDDFF82C1391F948
:10C710000000002804D100210020E4F7EEFE05E02F
:10C7200091F90000012801DAE3F7DFF9002088F829
:10C730000000BDE8F18380B509B2FFF7D1FE01BD6D
:10C740002DE9F0478AB08146DFF8C47202A8396843
:10C75000643109688847DFF8D4422068002801D195
:10C76000E3F7C3F90120DFF8C0120870DFF8B00268
:10C770000078002803D100210120E4F7BEFE2068E4
:10C78000B0F808A0206846683178C9B2490911F0AC
:10C790000101504680B2DBF796FD0790DFF890521A
:10C7A0002869002803D020680C3029698847A868C8
:10C7B000002802D0A86880470890DFF88802007837
:10C7C000002835D0286A00282DD0286A8047002804
:10C7D0000CD0DFF87C0201788DF824100178DFF8A6
:10C7E0006C22117040788DF825000BE0DFF86002B4
:10C7F00081788DF824108178DFF850221170C0788C
:10C800008DF82500DFF844020078022805D1DFF812
:10C810002C024188491C41800AE0DFF8200201888F
:10C82000491C018004E0DFF814020188491C0180E2
:10C83000E3F751FADFF8FC8188F80FA0DFF8140263
:10C840000078002811D02068007D00280DD01FFA44
:10C850008AFA5046E4F76EF9E4F734F9C0B20028DA
:10C8600003D1E120E4F7A5FC96E0C8F810600020B1
:10C87000A8F80200E2F789F806000020A8F80200F4
:10C88000002005904846C0B2012804D1DFF8C80155
:10C89000DFF87011C8614846C0B2012804D05FFAC1
:10C8A00089F9B9F1000F40D1DFF85801002141802A
:10C8B000C0F80480417B11F0F00151F00201417396
:10C8C000017B11F0F0010173C17D11F0F00151F015
:10C8D0000401C1750021C8F8041098F80D1011F07A
:10C8E000F00151F0010188F80D10216849680978BC
:10C8F00089060FD5DFF86411C8F804102268526861
:10C9000092788A7398F80D1011F0F00151F002013D
:10C9100088F80D10DFF848C1CCF804009CF80D0031
:10C9200010F0F0008CF80D0000E0C446DFF8349100
:10C9300008200021CDE90001DFF82C3102AA614670
:10C94000DFF8280100683F6850373F68B847A9F80A
:10C950000000B9F90000002812D52868002806D088
:10C9600000220023002120680C302C68A04741F2EF
:10C9700088310120DBF72DFD3000E2F737F80BE0BE
:10C98000DFF8B4000178491C0170DFF8E400C0F85A
:10C9900000803000E2F72AF80AB0BDE8F08780B5E1
:10C9A000C0B2FFF7CDFE01BD70471A48026831489A
:10C9B000006831490978411817480078800000FB69
:10C9C00001211C488160017B11F0F00151F002014E
:10C9D0000173704780B50220FFF7E1FF01BD1549E3
:10C9E0000D4802780D4800784243244800784243BD
:10C9F00090008860087B10F0F00050F0030008738E
:10CA000070470000C85D0020286200207E72002070
:10CA10006C710020907100207872002060720020FC
:10CA20005F7200206972002068720020107100207F
:10CA3000FC3D0000405E00206B720020306E002044
:10CA4000647100206E720020C06F002065720020AB
:10CA5000287000208C720020801A0600E85D0020FB
:10CA60004C0700202472002037C7020058710020B4
:10CA70005C710020F01B0020551D00207F720020FB
:10CA800080B50620FFF78BFF01BD01207047AB008A
:10CA900070B588B0514C206800281CD000250FE0EC
:10CAA000C9B2CA000300D3406A460E00F6B256FA75
:10CAB00085F69355491C0A00D2B2042AF0DB2D1DDD
:10CAC0002800C0B2202803DAE2F7A8FB0021F2E731
:10CAD0006846216888474248018B51F00401018370
:10CAE00008B070BD80B5E2F799FBC0B202BD3D4908
:10CAF0000968401A3C4909788900B0FBF1F201FB52
:10CB0000120080B2704737490968401A36490978DF
:10CB10008900B0FBF1F0704710B53449097800295D
:10CB200003D001203249087025E02F492D4A1268B0
:10CB30000B789C0004FB00242E4A09788900B2FB84
:10CB4000F1F1814201D2E2F7D0FF2B4800683C307E
:10CB500000688047211AB1F54871002907D5021BEA
:10CB600026498A18002A02D5040014F548742100C9
:10CB70002348DBF7AAFA10BD38B504001B4800783B
:10CB8000002803D001201A49087025E0164D1948E5
:10CB900029788900B0FBF1F0A04201D2E2F7A5FFAD
:10CBA000104801682878800000FB041412480068CF
:10CBB0003C3000688047211AB1F54871002907D53B
:10CBC000021B0E498A18002A02D5040014F5487485
:10CBD00021000C48DBF779FA31BD00003C710020E0
:10CBE000005E00209071002078720020561D002009
:10CBF00079720020FFF6C2FF6C71002000F7C2FFBF
:10CC000015820000F581000070B5040000250026A3
:10CC1000002C01D1E2F769FFA08980054FD561683A
:10CC20004878C0B2C009C0B2002848D121660020AF
:10CC30000878C0B2C0094A78520012F0FE0252FAD7
:10CC400080F07E281AD00878C0B2C0094A78520015
:10CC500012F0FE0252FA80F07F2815D0087810F00A
:10CC60007F000200D2B2921C9619C0B20844811C07
:10CC70003000228980B29042D9D30AE0012084F8A2
:10CC80005C00B61C012504E0002084F85C00B61CA2
:10CC90000125EDB2002D0FD02089310089B28842E4
:10CCA0000AD3A4F864606068310089B20844606007
:10CCB0002089861B268102E00020A4F8640070BD54
:10CCC00010B504000020002C01D1E2F70EFF6268CD
:10CCD00000215078C0B2C009C0B2002828D0A26498
:10CCE00000205078C0F3C3000F280DD01078030047
:10CCF000DBB29B1C5918C0B21044821C0800238967
:10CD000080B29842ECD300E0891C20890A0092B2DC
:10CD1000904203D20020A4F84C0009E0A4F84C1083
:10CD200060680A0092B2104460602089411A218133
:10CD300010BD00151148007800281BD1104800785C
:10CD4000002817D10F480078002813D10E4800782A
:10CD500000280FD10D48007800280BD10C4800782E
:10CD6000002807D10B480078002803D10A48007832
:10CD7000002801D0002000E00120704770720020E0
:10CD8000727200207B7200207C7200206F72002083
:10CD900067720020687200206972002095490A6855
:10CDA0001040C2430A607047934A11680029FCD1C1
:10CDB0000023D3611060D0690028FCD0D161506895
:10CDC00070478E48016821F0020141F4087101604A
:10CDD00003218B48016041F23002C26001234360AD
:10CDE0005021C16043604FF4CA61C16043604FF499
:10CDF0008651C160436083490B607047704770B4CF
:10CE00000446002000E0401C98420BDA256815F12A
:10CE1000010F07D054F8046B16408E42F3D170BC5A
:10CE2000C0B2704770BCFF20704700001E281DD89C
:10CE3000DFE800F0101C131C1619161C1C1C191C12
:10CE4000161C1C191C1C1C1C1C1C1C1C1C1C1C1C2B
:10CE50001C1C190040F2025209E04FF4817206E0F6
:10CE60004FF2011203E041F2011200E00022FF291B
:10CE700009D14FF6FF30024042F0C00240F2037089
:10CE800040EA02407047080008BF42F0300205D077
:10CE9000C8074CBF42F0100242F0200240F203707B
:10CEA00040EA024070470020704757490A68104026
:10CEB000C2430A607047028840F602039A4218BFD4
:10CEC000B2F5C15F04D043F607039A4202D004E0F2
:10CED000C07B03E090F8240000E000204B4AD2F829
:10CEE00088320B6010F07F0FD2F808C0C1F80CC078
:10CEF0000BD113684B605FEA006C54BFD2681269B3
:10CF000008748A6000204874704753684B60022898
:10CF10001ED0042828D0052832D0062836D00A286A
:10CF200040D00C2844D00F284ED01E2852D0822842
:10CF300014D084281ED0852822D086282CD08A2878
:10CF400030D08C283AD08F283ED09E2842D047E05F
:10CF5000526908748A6000204874704792690874A6
:10CF60008A60002048747047126A08748A60002042
:10CF700048747047D26908748A600020487470470A
:10CF8000526A08748A60002048747047D26A087434
:10CF90008A60002048747047926A08748A60002092
:10CFA00048747047126B08748A6000204874704798
:10CFB000926B08748A60002048747047526B087442
:10CFC0008A60002048747047D26B08748A60002021
:10CFD00048747047126C08748A6000204874704767
:10CFE000FF20087400204874704701461422084846
:10CFF000D9F70ABB10100440001004400000046080
:10D00000546004400041044008100440C410005023
:10D0100080020021002101604160C1604FF0FF31BA
:10D020008160704770B514008AB005460E4604D181
:10D030000022E0F70DF80AB070BD1B49A0680A682D
:10D04000904204D310F1010F18BF002012D1082321
:10D05000282200216846E2F71FF8206804906A46FB
:10D06000606805903146E0680790A0680690284601
:10D07000DFF7EEFF0AB070BDE2F73BB8DFF79CBF09
:10D08000DFF7E2BFE0F733B8E0F710B8DFF799BF9A
:10D09000054A1368994202D311F1010F01D1E0F75B
:10D0A00034B8704700000000CC04000070B51400D4
:10D0B0008AB005460E4605D10022E1F7B4FF2846A6
:10D0C0000AB070BD0823242200216846E1F78EFFD4
:10D0D0002078012804BF01218DF818106A463146D6
:10D0E0002846E1F7A0FF28460AB070BD30B589B0E8
:10D0F00004460D460823242200216846E1F776FF06
:10D1000001218DF818106A4629462046E1F78BFF69
:10D11000204609B030BD10B58AB004460823242249
:10D1200000216846E1F762FF01218DF818102046C2
:10D13000034A6946E1F75FFF0AB010BD0000000036
:10D14000A418002000B581B000906846E1F792FF76
:10D1500001B000BDE1F77CBF00B581B0DFF707FE8D
:10D1600000280CBF4FF0FF30002001B000BDDFF7FA
:10D170005CBE080538B504000D0007202070687DEE
:10D18000A070E87DE070287E20711122291D601DAD
:10D19000D9F7E2FEA078002802D18120A07501E035
:10D1A0000020A075E86AA06131BD7CB50400C34DC4
:10D1B00000206870607D062801DBE8206870A07D93
:10D1C0000F2802DB607D032801D1012000E0002050
:10D1D000C0B2002801D1E8206870607D032804D126
:10D1E000B748007A10F0010000E00120C0B200282A
:10D1F00001D1E820687094F82800002801D0E820C8
:10D20000687021002800FFF7B5FF1122211D15F1DC
:10D210002C00D9F7A1FE94F82800002806D094F835
:10D22000290085F84800608DE88704E0002085F833
:10D230004800A07DE887607E85F84000A07E85F8E4
:10D240004100E07E85F84200207F85F8430082207F
:10D2500085F844009B4E96F8430085F8450096F803
:10D26000520085F8460096F8530085F84700964826
:10D270006862042085F828000B2214F11D0115F1C5
:10D280004900D9F769FE687800282BD1607800281A
:10D2900028D1207E8DF80000A878002801D0EA204F
:10D2A000687014F11701E720E4F7A2F995F8480037
:10D2B000002804D0207EDFF779FB8DF800009DF870
:10D2C000000096F85310884203D06946E820E4F73E
:10D2D0008FF9A878E9F7A3F8272020700420E2F757
:10D2E0007DFC01E02A2020702000E8F79EFD73BD40
:10D2F00070B5724A92F844100823012092F8444015
:10D30000082594FBF5F4144492F84450082695FB44
:10D31000F6F515446D7991FBF3F603FB161110FA3F
:10D3200001F135EA010161719178032906D165485F
:10D3300090F835104FF47070414319E092F848109E
:10D34000012906D1D18F10FA01F14FF470704143D9
:10D350000EE092F84810022903D1D18F3C204143BE
:10D3600006E0D18F10FA01F1491C4FF4707041436F
:10D3700012F11C00FCF738FC70BD2DE9F8418FB0AC
:10D3800005004E4EB078022805D0B078012802D0B2
:10D39000B07805285CD196F8480000285FD10020BD
:10D3A0007070182100226C462000E1F7F9F906A8F8
:10D3B000019029006846DEF796FFB07D96F8401090
:10D3C000884227D20124B76996F8168002E0B8F1A6
:10D3D000010824374046C0B200280BD07889BDF838
:10D3E00022108842F3D106A93800F1F75BFA002831
:10D3F000EDD00024E4B2002C0CD0242206A9B3699D
:10D40000B47D2420444303EB0400D9F7A5FDB07D8F
:10D41000401CB0752B488078002807D09DF810007C
:10D42000002803D196F84000002802D16846FCF796
:10D4300089F896F84000002811D0B07D96F8401089
:10D4400088420CD12A2028702800E8F7EEFC06E07C
:10D45000E82070702A2028702800E8F7E6FC10B059
:10D46000BDE8F08110B5154C14F11C00FCF7D7FB9A
:10D47000E9F70CF80420E2F7DFFBA078032802D1DB
:10D480006078002815D014F14501E120E4F7B0F8E8
:10D4900014F14601E720E4F7ABF894F84700094996
:10D4A00091F85310884204D014F14701E820E4F7C2
:10D4B0009FF82000FCF746F810BD0000B86500207A
:10D4C000B46F002028620020495D010000B587B0DC
:10D4D00001006846FFF74EFEFC208DF8010068460B
:10D4E000FCF730F807B000BDC9B2002942D1B0F84E
:10D4F000401002890B32914201DA00204FE041686E
:10D50000491E416089498A8F92B2120A43681A7093
:10D510004268521E42608A8F43681A704268521EE7
:10D520004260002243681A7091F83E2043681A70E6
:10D530000F2243685B1E436091F83A3052EA0312AF
:10D5400043681A704268521E42604A7B91F82C1060
:10D5500052EA011241680A704168491E4160212166
:10D56000426811704168491E4160052140680170A0
:10D57000072014E0B0F840100289921D914201DAB0
:10D5800000200CE04168491E416021214268117071
:10D590004168491E416000214068017002207047C7
:10D5A0002DE9F04705005FF00008002D01D15FF084
:10D5B000E8080E00002E01D15FF0E8084046C0B236
:10D5C000002802D04046C0B2ADE0D2B2002A0ED050
:10D5D0006868401E6860F820696808706868401EC6
:10D5E00068600020696808702889801C28815FF0C5
:10D5F00000091F0046E04846C0B206EBC00021000B
:10D60000C9B20844007921280AD13900C9B22800DA
:10D61000FFF76AFF010089B2002949D010EB0A0A1E
:10D62000641C2000C0B2042809DA4846C0B206EBE8
:10D63000C0002100C9B208440079FF28DBD1686826
:10D64000401E6860504680B2000A10F0030050F09F
:10D650008800696808706868401E6860686880F8BB
:10D6600000A028891AF1020A1AEB000AA5F808A0FE
:10D6700006E06868614208446860288924182C81A3
:10D6800019F101094846C0B2022848DA4846C0B23A
:10D6900016F8300010F00F000F2840D04846C0B2F6
:10D6A00016F83000012806D15FF0000A0024B8E720
:10D6B0001A20C0B237E04846C0B216F8300004283D
:10D6C000DED10020DFF868A09AF800000028D7D04B
:10D6D0004846C0B206EBC0004068DAF81810884728
:10D6E0000400002C18D0B5F8400029896118891C65
:10D6F000884211DB68686142084400232A004946D9
:10D70000C9B206EBC1014968DAF81CC0E04700283D
:10D71000AFD11A20C0B206E01A20C0B203E0686898
:10D72000E8644046C0B2BDE8F087000028620020EF
:10D730008464002010B402008848007800230AE0C6
:10D740001900C9B202EBC101097F11F00D010129D5
:10D7500000D1401E5B1C1900147CC9B2A14203D247
:10D760000100C9B20029EBD1C0B210BC704710B49F
:10D7700002007B48007800230CE01900C9B202EBDC
:10D78000C101097F0C0604D511F00D01012900D15A
:10D79000401E5B1C1900147CC9B2A14203D20100D7
:10D7A000C9B20029E9D1C0B210BC70472DE9F041DF
:10D7B00005002800C0B2C600183656FA81F000B243
:10D7C000D9F7D4FB04002700002C0BD0310089B21C
:10D7D0000022A0464046E0F7E3FF3D74B6B204EBFA
:10D7E0000600F8603800BDE8F08110B5040000F0D4
:10D7F00014F859490978C0B2884203D359480068DF
:10D8000000F015F85848017821710178491C017021
:10D81000200000F02EF8207910BD00205149096841
:10D8200001E0401C09680029FBD1C0B2704710B567
:10D830000400002C1CD04B4A1068002818D0106837
:10D84000002101E001000068002801D0A042F9D1C8
:10D85000A0420DD11068844202D12068106001E01E
:10D86000206808602000F9F7EAFF2000D9F77FFB65
:10D8700010BD3C4B196800E00968002902D00A6815
:10D88000002AF9D100220260002901D0086000E0DE
:10D890001860704710B401003248006800E000686A
:10D8A000002811D0002200E0521C1300047CDBB2DF
:10D8B000A342F4D21300DBB200EBC303DB7E0C0007
:10D8C000E4B2A342F0D100E0002010BC704730B4B5
:10D8D000002300E05B1C1C00057CE4B2AC4218D2C3
:10D8E0001C00E4B200EBC404E47E0D00EDB2AC42D7
:10D8F000F0D11900C9B200EBC101097F0A43190038
:10D90000C9B200EBC1010A77DBB200EBC3001630ED
:10D9100000E0002030BC704738B504000D00200046
:10D92000C0B2FFF7B7FF002815D000210EE00A00B3
:10D93000D2B200EBC202D27E2300DBB29A4204D103
:10D940000A00D2B200EBC202D576491C0A00037C61
:10D95000D2B29A42EBD331BD5A1D00205B1D00208C
:10D960005C1D0020C07100208A72002080B5017803
:10D9700051F080010170DEF74BF901BD010000207C
:10D980008A89DFF8A0351B889A420AD2DFF89825E9
:10D9900012688B890C214B43D15C11F00F0F00D022
:10D9A0000120C0B2704710B5DFF87C251368848968
:10D9B0000C2254431C440A00D2B2012A03D00A00AC
:10D9C000D2B2022A0CD142886280C9B202290BD19C
:10D9D000001D00F0CBF8002806D10020207003E0E5
:10D9E000011D201D00F0B4F82000FFF7BFFF10BD9F
:10D9F000F8B504004FF6FE70A081002120780028C1
:10DA000029D0002620E0DFF820050C22036837002B
:10DA1000BFB25743DB5D13F00F0F14D10068310024
:10DA200089B202FB01F200EB0207207838706088AF
:10DA30007880211D381D00F08BF8A6813800FFF793
:10DA400095FF01212E88761CDFF8D85430002A88F3
:10DA500080B29042D7D30800C0B2F2BD70B50500C5
:10DA60001400012600290FD08889A88101212800EF
:10DA7000FFF799FF002C36D04FF6FE706080022130
:10DA80002000FFF790FF2EE0002C1CD0A089A88179
:10DA9000201D00F06BF801280BD12800FFF7A8FF2C
:10DAA00006004FF6FE70608002212000FFF77BFF2A
:10DAB00019E0281D00F05AF8012814D1032128008C
:10DAC000FFF771FF0FE068884FF6FE71884204D1BE
:10DAD000281D00F04BF8012804D12800FFF788FF2B
:10DAE000060000E000263000C0B270BD38B5DFF897
:10DAF00034140880010089B2002914D00C2110FBD5
:10DB000001F4DFF82454200080B2D9F72FFA2860FE
:10DB1000286800280BD0A4B200222D68210028001C
:10DB2000E0F73EFE03E00020DFF8FC13086031BDA3
:10DB300010B5DFF8F4432068002808D02068D9F732
:10DB400016FA0020DFF8DC1308800020206010BDEA
:10DB500010B50400002903D02000F0F7CFFE04E048
:10DB6000082100222000E0F71BFE10BD020000206B
:10DB7000002A0DD0002307E01900C9B2515C00292A
:10DB800001D0012008235B1C1900C9B20829F3DB6E
:10DB9000C0B2704780B50122884208D0002805D065
:10DBA000002903D0F0F79BFE020000E000221000E5
:10DBB000C0B202BD1FB50C0000218DF80010ADF8F9
:10DBC0000200684600F062F801A92000FFF7C0FFDC
:10DBD0002000FFF7CBFFC0B204B010BD1FB50C0092
:10DBE00000218DF80010010001A8FFF7B1FF684681
:10DBF00000F085F8BDF80200208020884FF6FE7105
:10DC0000884201D0012000E00020C0B204B010BD65
:10DC100038B504002000FFF7B1FE05002800C0B2AF
:10DC200001280ED1C0480168A2890C20424301EBB3
:10DC300002000178227892F0FF0211400170FFF794
:10DC400095FE2800C0B232BD38B505000024287802
:10DC5000002818D02800FFF791FE04002000C0B271
:10DC6000012810D1B0480168AA890C20424301EB79
:10DC7000020001782A78114205D1027829780A43F6
:10DC80000270FFF773FE2000C0B232BDF8B5040089
:10DC90000021201DFFF75CFF4FF6FE71A1810020DF
:10DCA00062888A4229D0002621E09F490C220B6815
:10DCB0003700BFB25743DB5D13F00F0F16D0096872
:10DCC00033009BB202FB03F201EB020761887A8802
:10DCD00091420BD1381DFFF749FF012803D1391DAF
:10DCE000201DFFF735FFA68101202E88761C8D4D63
:10DCF00031002A8889B29142D7D3C0B2F2BD2DE952
:10DD0000F04104004FF6FE706080A0810025201DC8
:10DD1000FFF72CFF012826D100271EE082480C21A6
:10DD200002683B009BB24B43D25C12F00F0F13D042
:10DD300000683A0092B201FB02F100EB010818F111
:10DD40000401201DF0F7CBFD012805D1B8F8020031
:10DD50006080A781012537887F1C724E380031888A
:10DD600080B28842DAD32800C0B2BDE8F08170B535
:10DD700004004FF6FE7060800021201DFFF7E8FED2
:10DD80002000FFF7FBFD05002800C0B2012811D1DB
:10DD900065480168A2890C20424301EB02067088A5
:10DDA0006080301DFFF7E2FE012803D1311D201DE8
:10DDB000FFF7CEFE2800C0B270BD2DE9F04188B05B
:10DDC00004004FF6FE70A08101275FF000080025D7
:10DDD000002600208DF80000211D01A8FFF7B8FEE5
:10DDE0006846FFF78CFF01280BD1BDF80C00A0811D
:10DDF000BDF802006188884202D15FF0010800E0AE
:10DE00006D465FFA88F8B8F1000F11D100208DF847
:10DE100010006088ADF8120004A8FFF737FF012852
:10DE200000D104AE320029002000FFF717FE0700E2
:10DE30002000FFF709FF3800C0B208B0BDE8F0814C
:10DE400010B500240BE038480168220092B20C2083
:10DE500042431144200080B200F07CF8641C200092
:10DE60003049098880B28842EDD310BD10B5002436
:10DE700012E02D480168220092B20C204243114466
:10DE80000878000607D5087810F07F000870200099
:10DE900080B200F04BF8641C20002249098880B24F
:10DEA0008842E6D310BD70B50C25280080B2D9F7A2
:10DEB0005DF80400002C19D0ADB2FF222600290025
:10DEC0003000E0F76DFC002507E023000C2229005C
:10DED00089B20120D9F7B3F86D1C280011490988CF
:10DEE00080B28842F1D32000D9F741F8002070BDFC
:10DEF0001FB50C21FF226C462000E0F751FC0024E6
:10DF000007E06B460C22210089B20120D9F7DAF82C
:10DF1000641C20000349098880B28842F1D31FBDE8
:10DF2000000000000E720020087100203EB50400C1
:10DF30000B000878002806D10C21FF226D4628002E
:10DF4000E0F72EFC6B460C22210089B20120D9F7A4
:10DF5000B9F837BD1CB50C0000940C230022010059
:10DF600089B20120D9F7D0F8002804D12078FF2801
:10DF700001D10020207013BD80B50B00416900293C
:10DF80000AD04069417811F0030F05D1DBB28288D5
:10DF9000017B8078F7F74EFA01BD80B5037AC2881D
:10DFA0000179C078F7F746FA01BD2DE9F24F8046B6
:10DFB00091469B4698F814003830C0B280B2D8F72A
:10DFC0006FFD0400002C4BD00D9DDDF830A00B9EA2
:10DFD0000A9F012020701C22414614F11C00D8F732
:10DFE000BBFF0A220099A01CD8F7B6FFA4F80C903A
:10DFF0009BF8000020749BF80200A0749BF80100BD
:10E000006074E6740020E062C4F814A02776B8F8C3
:10E010000A00E081657698F81400002809D014F110
:10E020003800E06298F81420D8F81010E06AD8F7A9
:10E0300093FF607F10F0030F0CD0DFF874110868B5
:10E04000002803D020000968884709E02000D8F79D
:10E050003BFD05E02100DFF85C010078D8F743FDC7
:10E06000BDE8F18F38B505002020D8F719FD040070
:10E07000002C1AD00420207028886080A878207195
:10E08000E878607110226968A01DD8F765FFE9681B
:10E0900014F11600FFF75CFD287CA077687CE07720
:10E0A000210045480078D8F71EFD31BD10B50400A9
:10E0B0000620D8F7F5FC00280AD008210170218835
:10E0C0004180A178017101003B480078D8F70BFD31
:10E0D00010BD10B586B004002088EEF72CFF002894
:10E0E00003D1ECF7D1F9002800D05EE0A078002839
:10E0F0002BD1207A042828D101AA69462F4800682C
:10E10000ECF740F804009DF8000000284DD09DF881
:10E110001400012849D102208DF814009DF8170041
:10E12000000603D50DF11700EBF757FF01AB1422E2
:10E13000210089B20420D8F7C5FF0020DAF723FBBD
:10E1400001210120DAF7A4FB2FE0A07800282CD0D1
:10E15000207A042829D101AA694618480068ECF7FA
:10E1600011F801009DF8000000281ED09DF8140051
:10E1700001281AD100200290002001909DF817007C
:10E18000000603D500208DF8140005E001208DF86D
:10E190001500FF208DF8140001AB142289B2042071
:10E1A000D8F790FF0220DAF752FE06B010BD00004B
:10E1B000E87000204C720020DA170020CC7000209C
:10E1C00070470C050020DFF810150860704780B517
:10E1D000EDF799FE00280BD100220121002000F06C
:10E1E000ABF9002804D00168002901D0EDF7A8F8A8
:10E1F00001BD80B5042000F088F9DFF8E01409784B
:10E20000C0B2814208D3FF2000F07FF9DFF8D014BC
:10E210000978C0B2814201D2012000E0002002BD95
:10E220002DE9F04180460D00002698F80C0000F022
:10E230009FF904000127002C35D1B8F80A2098F87E
:10E240000C10D8F8000000F001F90400002C29D0CF
:10E250000020208198F810002074B8F81200608225
:10E2600018F11000EEF78EFE6061B8F818002083F8
:10E2700098F81A00A076012661894FF67F40014088
:10E280006181A07A400708D46089DFF858140978C2
:10E29000491C50EAC110608105E0608950F080009F
:10E2A000608100E000273800C0B2012863D1618995
:10E2B000C90911F00701EDB2002D19D002206073D9
:10E2C0002068807B400703D5DFF81C04008A20818A
:10E2D0000800C0B200283AD062894FF67F40024061
:10E2E00062816089C9B2491E50EAC11060812EE086
:10E2F000C9B2002901D1002729E0A07A800606D5FD
:10E30000D8F78FFE10F07F005F30208117E0A07AF1
:10E31000C00606D5D8F785FE10F00F000A30208120
:10E320000DE0A07A400708D5D8F77BFEDFF8BC13D4
:10E3300009880840801C208101E001202081042000
:10E3400060732021DFF8A8030078D8F747FCF6B205
:10E35000012E10D12289617B200000F090F8002866
:10E3600009D06069002802D06069D8F700FE20005B
:10E37000D8F7FDFD00273800C0B2BDE8F0811FB519
:10E380000024C0B200F0F4F800281FD0417B062919
:10E390001CD144890168097A8DF808100168098840
:10E3A000ADF8001000F01EF920050ED5BDF80010E4
:10E3B000002000F00FF8002807D1DFF82C03818C33
:10E3C0006846EFF7DAFE00F020F801242000C0B222
:10E3D00004B010BD002801D0406804E0DFF8F80266
:10E3E000006800E0406800280DD042891205F9D588
:10E3F0000A0092B2002A05D0026812880B009BB274
:10E400009A42EFD100E00020704710B500210020B3
:10E41000FFF7E0FF040004E000212000FFF7DAFF2F
:10E420000400002C0ED0206800884FF6FF7188424F
:10E4300007D0DFF8B402818C2068EFF79CFE1A2821
:10E44000EAD102E00020EFF79AFE10BD70B504009B
:10E450000D0016001C20D8F789FD00280ED00021E1
:10E4600041730573468100210181002181730021E0
:10E47000C1730460002141610021416070BD70B52D
:10E4800004000E001500002C3DD03000C0B2012861
:10E490000AD1012000F039F8DFF858120978C0B22B
:10E4A000814216D211202FE03000C0B204280AD1D8
:10E4B000042000F02AF8DFF824120978C0B2814263
:10E4C00007D2112020E03000C0B2022801D0C120C4
:10E4D0001AE06673258100206060DFF8FC1108688F
:10E4E000002807D0096800E0496848680028FBD187
:10E4F0004C6000E00C602021DFF8F4010078D8F7D0
:10E500006DFB002000E0C12070BD10B402000020AF
:10E51000DFF8C41109680AE04B7B1400E4B2A3429F
:10E5200003D01300DBB2FF2B00D1401C4968002947
:10E53000F2D1C0B210BC704710B4002801D04068BE
:10E5400003E06548006800E0406800280DD0437B88
:10E550000C00E4B2A342F7D11300DBB2002B03D0CE
:10E5600003689B7B5B07EFD400E0002010BC704782
:10E5700001005948006800E04068002805D0027B8F
:10E580000B00DBB29A42F7D100E000207047F8B5EB
:10E5900005000E000027280000280DD04E48046812
:10E5A00001E027000024002C06D031002000A847FD
:10E5B0000128F6D06468F6E73800F2BD464B1968CA
:10E5C000002201E00A00496800290AD08142F9D1FD
:10E5D0001868814202D14868186001E048685060BC
:10E5E000FFE7704710B50400002C12D02000FFF7A1
:10E5F000E5FF2068006AD8F7BAFC2068D8F7B7FCB6
:10E600006069002802D06069D8F7B1FC2000D8F713
:10E61000AEFC10BD70B5304E34680EE06568206801
:10E62000006AD8F7A4FC2068D8F7A1FC6069D8F785
:10E630009EFC2000D8F79BFC2C00002CEED1002083
:10E64000306070BD10B50100002901D105201FE028
:10E6500051F80C0C002803D111F8020CFF2804D04B
:10E660000800D8F731FA052012E0214C207801F893
:10E67000020C214802782148D8F72CFB012806D14A
:10E680004FF400512078D8F7A9FA002000E00420C8
:10E6900010BD70B5E0F779F90500184E3468002C0C
:10E6A00015D054F80C0C002806D04FF40051104837
:10E6B0000078D8F793FA05E04FF400510C48007841
:10E6C000D8F7CAFA002221003000D8F76CFB2800E6
:10E6D000E0F78CF9200070BDA071002073D102001A
:10E6E000C2E102002F1D0020346300203AEB00003D
:10E6F0004F72002072D102007FFE0200A471002040
:10E7000070B505002C68002C00F08C80DFF83C24EC
:10E71000106800280BD02979200012689047C0B2F9
:10E72000012804D161894FF6FE7001406181607B50
:10E73000022840D1A07A80073DD52879CD283AD04B
:10E740002879F02837D0A07C00060FD5A07E0028BD
:10E750000CD0A07EA07320680088EEF7ECFB0028A8
:10E7600009D14FF49870FFF72BFD04E0DFF8E003C8
:10E770000078401CA073287900280BD1002604E003
:10E780004FF49B70FFF71CFD761C30006979C0B216
:10E790008842F5D3A07B401EA073A07BA076042006
:10E7A0006073DFF8B003008820812021DFF8A80320
:10E7B0000078D8F713FA607B022802D0607B062825
:10E7C00030D1A07AC0072DD529792000FFF7D4FBDE
:10E7D00061894FF6FE700140618120680088EEF784
:10E7E000AAFB002817D1287900280FD140F22F105A
:10E7F000FFF7E6FC002420006979C0B2884211D2FC
:10E800004FF49B70FFF7DCFC641CF4E740F231101E
:10E81000FFF7D6FC06E02879002803D140F22D103E
:10E82000FFF7CEFC70BD2DE9F84F9AB0070088467F
:10E83000914605A81C21DFF7E7FF00245FF0000ADE
:10E84000012605A9380006F07DFE9DF8210000286C
:10E8500003D19DF82800002808D09DF81400400638
:10E8600009D57889EEF767FB002804D040F235100F
:10E87000FFF7A6FC24E19DF8140010F00C0004281A
:10E8800001D1012500E000259DF8140080062ED559
:10E890005FF0010A2800C0B2002828D1EDF7ADFED4
:10E8A000B98980B2814203D197F82E00000609D4BD
:10E8B000EDF7A3FEB98980B2814218D097F82E00F7
:10E8C000000614D497F82E00000604D57889B9897B
:10E8D000ADF82E1000E0B88905A980B2EBF764FB13
:10E8E000002804D04FF49A70FFF76AFCE8E097F82C
:10E8F0002E00000617D49DF81400400612D59DF88E
:10E90000150010F0030F0DD19DF8140010F00C004D
:10E910000C2807D09DF8140010F00C00082801D036
:10E92000012400E000249DF8140010F00300010011
:10E93000C9B2022904D105A9B88906F02AFFBFE0AF
:10E940000100C9B2012916D1E4B2002C07D097F812
:10E950002E00000603D405A9B88906F096FE05A886
:10E960000D90B889ADF83000B8798DF832000CA858
:10E97000F8F712FCA4E0C0B2002840F0A180DFF854
:10E98000DCB19BF80B00012807D1B879002804D12D
:10E990004FF49A70FFF714FC92E002208DF86400A7
:10E9A000B889ADF85C0097F82E0000063FD502202C
:10E9B0008DF840007889ADF838009DF817008DF883
:10E9C00042009DF816008DF84300BBF82400ADF816
:10E9D0004400BDF81A00ADF84600BDF81C00ADF8C3
:10E9E00048009DF82800ADF84A0009981390F88D6A
:10E9F000ADF85000388A8DF8520038798DF8530000
:10EA0000B87C8DF854009DF829008DF855009DF8CC
:10EA10002B008DF8560097F830008DF8570097F8C6
:10EA200032008DF858000EA8EAF7D2FA48E0EDB2AD
:10EA3000002D22D0388A8DF82A00494D28680028F8
:10EA40003ED0EDF7DAFDBDF85C1080B2814237D1DF
:10EA500097F830000490F88D0390CDF808905FFA95
:10EA60008AFACDF804A0387900902300DBB2424640
:10EA700005A917A82C68A04722E0E4B2002C03D017
:10EA800005A9B88906F001FE36480078012803D1AF
:10EA90003800F8F753FF0600F6B2002E10D0B87C0D
:10EAA0000390CDF808905FFA8AFACDF804A0F87CBC
:10EAB00000904346BBF8242017A905A8FFF775FA74
:10EAC0001BB0BDE8F08F80B5C0B2DCF747FF01BDD9
:10EAD00080B5DCF772FF01BD80B5C9B280B2DCF74A
:10EAE000E9FF01BD80B5DDF72DF801BD80B5DDF78B
:10EAF00041F801BD80B589B2C0B2DDF774F801BD3F
:10EB000010B504001548807B000708D4164800683B
:10EB1000002804D0082115480078D8F75FF82000B5
:10EB2000C0B2DDF772F810BD10B50400C9B20129FA
:10EB30000BD10021200080B2F9F79CFB0C48027831
:10EB40000021200080B2F9F773F810BDD8700020C2
:10EB5000441D00201A1D00204F7200203463002045
:10EB6000DC70002041720020F07000204C72002008
:10EB70002755030080B592B2C9B280B2DDF746F8DE
:10EB800001BD280CF8B506000F00140039883000CC
:10EB9000C0B200F031F8002801D0B8202BE000F01E
:10EBA000D1F8AF490978C0B2884201D3B22022E03F
:10EBB0001820D8F7DBF90500002D01D110201AE04C
:10EBC000002028602E7112223900A81DD8F7C4F940
:10EBD000A4490868002801D10D6006E0096800E03A
:10EBE000096808680028FBD10D60E4B2002C01D050
:10EBF00000F0EFF80020F2BD10B49A4A126800E06D
:10EC00001268002A0FD013790400E4B2A34203D0A3
:10EC10000300DBB2FF2BF3D1D3880C00A4B2A342D4
:10EC2000EED1901D00E0002010BC704730B40A0007
:10EC3000D2B2FE2A01D1012400E00024894A1368DF
:10EC400006E00A001D79D2B2AA4200D101241B6855
:10EC5000002B0AD0DA880500ADB2AA42F7D1220013
:10EC6000D2B2002AEDD0187900E0FE2030BC704707
:10EC700030B4030000207B4A12680BE014791D00B9
:10EC8000EDB2AC4205D1D4880500EDB221F81540B3
:10EC9000401C1268002AF1D1C0B230BC704770B578
:10ECA000704C2268002301E013001268002A17D07C
:10ECB00015790600F6B2B542F6D1D5880E00B6B287
:10ECC000B542F1D1002B02D11068206001E010683C
:10ECD00018601000D8F74BF900F07BF8012000E035
:10ECE000002070BDF8B505005E4E3068002405E0D8
:10ECF000016821600768D8F73AF9380000280CD07D
:10ED000001792A00D2B2914204D1002CF0D10168DD
:10ED10003160EFE704000068F0E700F05AF8F1BD59
:10ED200010B4020000204F49096806E00B79140076
:10ED3000E4B2A34200D1401C09680029F6D1C0B258
:10ED400010BC704700204749096801E0401C096871
:10ED50000029FBD1C0B2704718B585B01421FF223D
:10ED60006C462000DFF71CFD002400E0641C20003E
:10ED70003B490978C0B288420DD26B46142221006B
:10ED8000C9B289B20820D8F75AF90100C9B20A29D4
:10ED9000ECD1C0B200E0002006B010BD18B585B0BF
:10EDA0001421FF226C462000DFF7FAFC002408E063
:10EDB0006B4614222100C9B289B20820D8F782F923
:10EDC000641C200026490978C0B28842F0D306B0FE
:10EDD00010BD30B585B000252248046812E02079C6
:10EDE0008DF800001222A11D0DF10200D8F7B4F831
:10EDF0006B4614222900C9B289B20820D8F762F9FB
:10EE00006D1C2468002CEAD105B030BD38B586B041
:10EE10000025002419E001A80090142300222100FD
:10EE200089B20820D8F770F900280DD19DF80400A8
:10EE3000FF2809D000220DF106019DF80400FFF71C
:10EE4000A1FE002800D16D1C641C20000449097833
:10EE500080B289B28842DED3280080B207B030BDCC
:10EE60003B680300C8700020DFF88C060FF29D118C
:10EE700001600FF2654141600FF2552181600FF290
:10EE80009921C1600FF2D53101610FF289314161E1
:10EE90000FF25D3181610FF29941C1610FF2D941E9
:10EEA00001620FF23D5141620FF2915181620FF206
:10EEB000C121C1620FF2211101630FF201114163FF
:10EEC000DFF838060FF2813101600FF259514160CD
:10EED000DFF82C1681600FF27951C1600FF2DD511D
:10EEE0000161DFF82006002180F82810002180F859
:10EEF0002B10DFF814168160022202738161012158
:10EF000001777047F8B502228DF800208DF80100D6
:10EF1000C0B2002801D04FF6FF71ADF802100B22ED
:10EF2000DFF8E81501A8D8F717F86846FAF70AFBE2
:10EF300005B000BD80B50A228DF800208DF80100D3
:10EF40008DF802106846FAF7FDFA01BD7FB504009E
:10EF50000120E0820220207514F1860101A8EEF75D
:10EF600024FFB4F890506068401E60606668701EB0
:10EF7000606014F19200EEF7CBFE3070207D401EF1
:10EF8000616808702089801C208100206064002056
:10EF9000E064002000902B009BB201AA8321200096
:10EFA000DCF7C4FF05002800C0B2002802D1200011
:10EFB000FAF71CF82800C0B204B070BD80B5DFF8C5
:10EFC000500590F835104FF470704143DFF8440558
:10EFD000FAF70AFE01BD000030B5A9B0DFF83045F0
:10EFE000607B0F2806D02F208DF800006846E6F7DA
:10EFF0001CFF08E0DFF80C552800FAF710FE618EC0
:10F000002800FAF7F1FD29B030BD000038B5040042
:10F0100061780800C0B200284FD194F88E00022811
:10F0200003D094F88E00032801D1012000E00020D5
:10F03000C0B2002800D1E82194F88300812800DBC9
:10F04000E8210800C0B2002837D1DFF8C45494F892
:10F05000850095F85310884204D014F18501E8200A
:10F06000E2F7C6FA14F18401E720E2F7C1FA14F1DD
:10F070008301E120E2F7BCFA14F190015020E2F79D
:10F08000B7FA94F88E00022803D1B4F886002884D9
:10F0900008E04FF6FE70288414F1860115F1160081
:10F0A000EFF72CFC0B2214F17801DFF86004D7F79E
:10F0B00053FF2000FFF74AFF01000800C0B20028FC
:10F0C00005D06170182020702000E6F7AEFE31BD3B
:10F0D00018B585B0DFF82C4494F82B00002819D11E
:10F0E00094F82B0050F0010084F82B000120E0F789
:10F0F00075FD02A8DCF7BCFE012014F1200101918E
:10F1000080B20090DFF80804C38C02AA0321052016
:10F11000DDF75EF806B010BD10B504000120E0F781
:10F120006EFD2078212801D1EB206070DFF8D40338
:10F1300090F82B10490705D590F82B1011F0FB0122
:10F1400080F82B1090F82B1089070AD590F82B1017
:10F1500011F0FD0180F82B1000216078FFF7EAFE26
:10F1600004E02B2020702000E6F75FFE10BD0000B9
:10F170007CB504000120E0F742FDDFF88853280049
:10F18000FAF74DFD15F11000FAF749FD60680078B7
:10F1900061684978090251FA80F0ADF800006068B2
:10F1A00086783000C0B2002808D169465320E2F7C3
:10F1B0001FFA14F124014A20E2F71AFA0B2214F183
:10F1C000180115F12000D7F7C7FEBDF80010300078
:10F1D000C0B2FFF797FE95F82B00800703D50021FA
:10F1E0006078FFF7A7FE002085F82B0073BD0000B4
:10F1F00010B50400EB206070C24890F82B00800727
:10F2000003D500216078FFF795FE200000F002F89A
:10F2100010BD000038B504000120E0F7F0FCB94D46
:10F220002800FAF7FCFC15F11000FAF7F8FC0020B2
:10F2300085F82800002085F82B004FF6FF716078D4
:10F24000FFF760FE31BD000010B504002000FFF79D
:10F25000CFFF2000DDF7E0F910BD000010B504007D
:10F260000120E0F7CCFC2089002801D0002000E03C
:10F27000EB206070A34890F82B10490705D590F853
:10F280002B1011F0FB0180F82B1090F82B10890740
:10F2900012D590F82B1011F0FD0180F82B10207C76
:10F2A00010F01000012801DB012100E00021C9B2AB
:10F2B0006078FFF73FFE0AE090F82B00C00706D504
:10F2C0002B202070EB2060702000E6F7AEFD2000C0
:10F2D000F9F769FF10BD000018B585B00400894832
:10F2E00090F82B1051F0020180F82B100120E0F76C
:10F2F00075FC6078002812D1211D02A8EEF755FD9B
:10F30000DCF7C7FD010014F110000190012000900E
:10F31000E38902AAC9B20520DCF75AFF6070607861
:10F32000002803D000216078FFF704FE06B010BD6E
:10F3300010B504000120E0F762FC2078212801D1FB
:10F34000EB2060706F4890F82B10490705D590F8B6
:10F350002B1011F0FB0180F82B1090F82B1089076F
:10F3600009D590F82B1011F0FD0180F82B10002129
:10F370006078FFF7DFFD10BD38B504000120E0F72D
:10F380003EFC604D2800FAF74AFC2089002801D095
:10F39000002000E0EB20607095F82B00400705D5B9
:10F3A00095F82B0010F0FB0085F82B0095F82B004A
:10F3B000800711D595F82B0010F0FD0085F82B0083
:10F3C000207C10F01000012801DB012100E0002169
:10F3D000C9B26078FFF7AEFD2000F9F7E4FE31BD59
:10F3E00010B504000120E0F70AFCEB2060704548EE
:10F3F00090F82B10490705D590F82B1011F0FB0160
:10F4000080F82B1090F82B10890709D590F82B1055
:10F4100011F0FD0180F82B1000216078FFF78AFDC4
:10F4200010BD000010B504003648FAF7F8FB2000C4
:10F43000FFF7D6FF2000DDF7EFF810BD10B5040090
:10F440003048FAF7ECFB2000FFF7CAFF10BD0000C0
:10F4500030B585B004002E4D14F1240115F11600CD
:10F46000EFF720FA002827D009208DF80000EF20C0
:10F470008DF801006068007861684978090251FAE6
:10F4800080F0ADF80200606800798DF804002089F2
:10F49000082804D16068C0798DF8050003E095F86C
:10F4A00052008DF8050014F118010DF10700DCF78A
:10F4B00085FF6846FAF746F805B030BD80B5DDF740
:10F4C00029F901BD14480C49C1600C490161134878
:10F4D0001349416013498160134814490860144876
:10F4E000144908601448154908601548018951F00D
:10F4F0000101018170470000C0680020086E0020F3
:10F500007B540100586A0020495D0100786A0020A0
:10F5100028620020686A0020946B0020DC1B002019
:10F52000203C0000943C000069EE0200F86C0020D2
:10F53000898C020020710020778C02002471002049
:10F54000B46F002080B5020011000220E6F7D9FC5C
:10F5500002BD80B501000620E6F79CFC02BD080450
:10F5600070B5DFF87467044630780D4630B90FF295
:10F5700055221421E7F742FF012131700C20D6F704
:10F58000B6F8010001D1102070BD002008600C7198
:10F590008D60726812B9716070BD024610680028F3
:10F5A000FBD1116070BD0322E7F7B7FF0AB070BD51
:10F5B0003CB589B008AC8DF820200225120A8DF8E0
:10F5C00021200694012207920595029300249DF8BC
:10F5D000382004920125039401950095002303220D
:10F5E000ECE02DE9F84F88B08346129D2E78F61C8A
:10F5F000F6B28A4691461F463046D6F778F80400A0
:10F6000026D0DDF854802770691C3F0A677028787F
:10F61000A070E01C2A78D6F776F85FEA080018BFD9
:10F6200001200790069400220596039201929DF80E
:10F6300050109DF84C0004910122029000924B461C
:10F64000042251465846E7F768FF00F007F801E04A
:10F650004FF01008404609B0BDE8F08F80462046C4
:10F66000D6F75BB82DE9F047054688B00E469246BE
:10F670001F46012007B10220DDF8489000EB490445
:10F68000E4B22046D6F733F85FEA000832D04146AC
:10F6900017B1119801F8010B01F8019B0022139892
:10F6A00009E030F8123001F8013B30F812301B0A43
:10F6B00001F8013B521C4A45F3DB01220792CDF8C9
:10F6C00018802846059431469DF854509DF85020E6
:10F6D000049500260396029201269DF8405001955C
:10F6E000534600960422E7F718FF05464046D6F732
:10F6F00014F800E01025284608B0BDE8F08778B57A
:10F7000089B003250E9C8DF820308DF8214001230F
:10F71000240A07938DF8224008AC9DF840300595E7
:10F720000694049300249DF83C500126134603944C
:10F73000029501960096042236E72DE9F8438046AB
:10F7400017460426380088B089461D4602D1AE7897
:10F75000361DF6B23046D5F7CAFF040028D0277010
:10F76000288860702988090AA1703FB9A878E070DC
:10F77000E91CAA78201DD5F7C6FF01E00020E07043
:10F78000012107910694059600229DF844009DF8FA
:10F7900040100490039201200291019000900123F7
:10F7A000042249464046E7F7B8FEFFF757FF01E05D
:10F7B0004FF01008404609B0BDE8F083E7F7ADFE12
:10F7C0000BB030BD2DE9F047064694B0736803F0E6
:10F7D0000700012840F07A823268DFF8FC04117DCE
:10F7E000406800E00068002806D004798C4218BF09
:10F7F000FF2CF7D18768002F00F0688290880028DE
:10F800004FF0FF0900F05782032800F0038204281C
:10F8100000F09F80062861D008286ED1C3F3C00095
:10F8200000210028894619D1F07A082865D8DFE838
:10F8300010F03F003100210017003E003000200092
:10F8400016000900796B002908D0F0680278437827
:10F8500002EB0324ADF800406846884738E20121F6
:10F86000386B0028FAD08DF800106846396B88474D
:10F870002EE20121F86A0028FAD000F04BFA8DF848
:10F880000120F0688278C37800F036FAF96A884778
:10F890001EE20121B86A0028FAD000F03BFA8DF888
:10F8A00002108DF801206846B96A884710E20121EC
:10F8B000786A0028FAD0F06802788DF80020002AD3
:10F8C00018BFFF2A07D0F0684278837800F014FA56
:10F8D000796A8847FCE14FF08709F9E1C3F3C0007A
:10F8E00000284FF00009F8D1F07A02282CD9B0F1A5
:10F8F000400121D0491E1AD0491E40F0E781386AE4
:10F900000028EAD0F06801788DF80010F06841789E
:10F91000827801EB0223ADF80430C178007901EB65
:10F920000022ADF806206846396A8847D0E1F869B8
:10F930000028FBD08047CBE1B8690028FBD000F05D
:10F94000F0F9B9698847C3E179690029FBD0884794
:10F95000BEE1C3F3C000002840F0E480ADF8180019
:10F960001222002107A8D5F7C4FED6F80C8000F0BB
:10F97000BAF90027F17A0024052900F2D080DFE8E7
:10F9800001F0B0943E241203009406AB3068007D71
:10F9900000220321E8F7FDFCBDF81800002801D083
:10F9A00000F09CF9BCE03068007D0CA9FFF760F91D
:10F9B0000100F7D0002000E0401CC2B28A42FBDB0D
:10F9C0003068007DFFF78EF9AAE03068BDF81C10A2
:10F9D000007DFFF764F9002814BF00238B233768EC
:10F9E000787D002804BF78880028EDD1BDF81C2060
:10F9F000B07A0092012102900191032289E018F867
:10FA000001AB2020D5F773FE04003AD0BAF1000F05
:10FA100006D13068007D2146FFF72AF9074618E035
:10FA2000002511E000F05FF908F102083068BDF828
:10FA30001C10007DFFF7E0F828B1BDF81C00F9B2FA
:10FA400024F811007F1C6D1CE8B25045EADBF8B2C7
:10FA5000A0B1FFF777F9C0F110003568B17A0591D0
:10FA6000C0B20122FFB20190049203940297009267
:10FA70000123287D0222A91DFFF7F4FDFFF7EFFD0A
:10FA80004BE0F17A8DF8101089228DF81120306842
:10FA9000B17A03910297012301930093811D82881B
:10FAA000007D04ABE8F719F837E03268507D002894
:10FAB00004BF5088002833D1BDF81C10107DFFF71B
:10FAC0009BF8002812BF00228B2207A8012334686C
:10FAD000B17A009301910346207DA11DFFF72DFE11
:10FAE0001BE000F0FBF8010003D0B8280CBF8A200F
:10FAF00089203768797D002904BF798800290FD1D2
:10FB0000BDF81C30B17A00930122019202910346A4
:10FB10000022387DB91DFFF7F2FDFF2400E001242B
:10FB2000A146D5E0F5681222002105A8D5F7E1FD30
:10FB3000142200216846D5F7DCFDF07A03284FF047
:10FB4000000900F2C380DFE800F032320232297887
:10FB50008DF80C10002495F80180AD1CB8F1000F51
:10FB600014D04FEA4800D5F7C2FD04000ED08DF83E
:10FB70000680002007E02A786B7802EB032224F845
:10FB80001120AD1C401CC1B24145F4DBB86B48B13B
:10FB90003168881D00906846F17A8DF8041002944F
:10FBA000B96B8847002C01D0FFF759FD90E015F89C
:10FBB000010B8DF805002978687801EB00229DF88B
:10FBC0000500ADF81420002804BFF07A01280DD1FB
:10FBD000AA78E91C102AA8BF0F228DF816200DF173
:10FBE0001700D5F790FD0DF116000490B86B0028B2
:10FBF0006ED03168881D00900122F17A8DF80410D2
:10FC00008DF8062005A902918DF80C906846B96B15
:10FC100088475DE0C3F3C0000028F07A32D128B9EC
:10FC200000F072F898B2D8F790FC4CE0012820D18F
:10FC30000020ADF80400B96819B1901D0090684625
:10FC4000884730680021009101AB8188007D002247
:10FC5000E8F79FFBBDF80400002834D03068B17A83
:10FC6000BDF8042000910123811D007DFFF7A0FC59
:10FC70002EE040282AD1386928B300F052F83969BB
:10FC8000884720E010BB911D0291F0680178407810
:10FC900001EB0022ADF80C2002A8EEF72DFDF9686B
:10FCA00089B13068821D009200F02EF8ADF8043062
:10FCB0006846884707E0C3F3C00020B9F07A28B946
:10FCC000386800B180474FF0000901E04FF00109AA
:10FCD000484614B0BDE8F087F86F00203068007D1A
:10FCE000424607A929E098F8000098F8011000EBB7
:10FCF0000122ADF81C2070478DF8041002EB03249C
:10FD0000ADF8024068467047F0680278407802EB30
:10FD100000237047F06802788DF80020F068427880
:10FD20007047911D0091F06801788DF80410F0681B
:10FD300041788DF8051068467047FEB504461646B2
:10FD400000208DF804000D46B778009001AB00222A
:10FD500004212046E8F71DFB9DF8040040B1102F58
:10FD6000A8BF0F27AF703A46F11CE81CD5F7CBFCB3
:10FD7000012229462046FEF705FFFEBD80B500F0B2
:10FD8000B5F8BDE80240374800F0E4B810B5364C8D
:10FD9000207860B904F11401012000F0B9F8606026
:10FDA00028B10121217004F1080100F09BF82078AE
:10FDB00010BD10B52C4C207820B1606800F08AF896
:10FDC0000021217010BD70B5274E3478FF2534B165
:10FDD00001EB0031706800F0C1F800B90025284639
:10FDE00070BD38B5204D13462A78FF2432B10A463B
:10FDF0000146686800F0B2F800B90024204632BD20
:10FE0000F8B5194E3478FF2544B101EB00310427D1
:10FE10007068009700F0A9F800B900252846F2BDE7
:10FE20007CB5114E34781346FF2544B1062200926A
:10FE30000A460146706800F098F800B90025284687
:10FE400076BD10B5084B01461878FF2438B15868C4
:10FE50004FF48052090300F040F800B90024204616
:10FE600010BD0000446D0020306D002010F8012B03
:10FE700011F8013B0AB19A42F8D0D01A70470C0A27
:10FE8000014600090A2212FB00100909A0EB01102B
:10FE9000C0B270470A2290FBF2F2062101FB020079
:10FEA000C0B27047020900BF06A30F2A94BF9A5C34
:10FEB0002A2200F00F000A700F2894BF185C2A2035
:10FEC0004870704730313233343536373839414233
:10FED0004344454601680A68104710B503689C68AA
:10FEE000A04710BD0268D3681847000030B5164817
:10FEF000047881B034B1154D55F80C0B0169884771
:10FF0000641EF9D112490120087001B030BD000013
:10FF100070B50C460E4905460878002608B9FFF76B
:10FF2000E5FF09490A78284690420BD20CB900BF78
:10FF300013A405EB4503054A9B002146D458A2694A
:10FF400090470646304670BD26810300201700000A
:10FF5000547200200AA10A680260704730B581B06F
:10FF60000468E569A84701B030BD70B582B0069C51
:10FF7000009405686E6AB04702B070BD00000000D2
:10FF80000000000010B518B910BD93B2CC5CC45489
:10FF900013465A1E9BB2002BF7D110BD0821420810
:10FFA000C007104644BF564A5040491EF7D170471B
:10FFB0002DE9F04F87B016461C00059018BF14F1CC
:10FFC000010F0DD09DF84020012A02D14D4B9C42DB
:10FFD00006D2DFF83491019122B94C4A944208D3F9
:10FFE000002089E04FF480734A460021FFF7EBFEC2
:10FFF00005E041434FF480724846FFF7C3FF019884
:020000040003F7
:10000000059A641EB4FBF0F15218D2B204924FF478
:10001000807B019800FB114405A8641CA4B20294E3
:100020004FF0FF34057802980299ADF80260001293
:100030000390039AA1EB0221069101E09DF8005084
:100040000498A84255DB854206D103AA0698167883
:1000500028B1761CF6B202E0019E3604360E681C0A
:100060004FF000088DF800000BE0701E80455B46E5
:100070004A4612BFE8B200219DF80000FFF7A3FE38
:10008000B846B045DADA701E804504BF04998D4247
:1000900008D1069830B102990398A1EB00201FFA0D
:1000A00080FA00E0DA460598854209BFB8F1000FF2
:1000B0000027BDF802700C3709E019F80000604015
:1000C00000F0FF00FFF76AFF80EA14247F1CB8B23B
:1000D0005045F2DB08F101079DF840003902002885
:1000E000C3D1019B5A4603FB05114846FFF74AFF5F
:1000F000C6E74FF0FF30604007B0BDE8F08F00006A
:100100002083B8ED010010009072002001800500EE
:100110002DE9F0410E462C21AC4A48431044476972
:100120007D7805F00F05022D18BF032D21D090F822
:10013000018000214046F3F790FE06B10126012D13
:1001400008BF00263C780027F8B240450DD024FABD
:1001500007F0C00709D500223146F8B2F0F722F9BE
:1001600018B10121F8B2F3F778FE7F1CF8B2082825
:10017000EADBBDE8F0812DE9F84F03460A464FF06F
:10018000010909FA03F1C9B24FF0000C05E0022C95
:100190005CD0032C26D00CF1010C8D4C25785FFA35
:1001A0008CF0A84254D25FFA8CF72C24874867431E
:1001B000C619357805F07F05212DECD175692F78AA
:1001C0006C780F4204F00F04E5D0012C814FDED192
:1001D00096F90110387809FA01F10140481E804172
:1001E000C00F36E00020824232D10026984609FA3C
:1001F00006F1022C14BF4FF0000C8C462A780A42FC
:100200001CBFF2B290451CD03B7819405FFA8CF0CD
:10021000814216D1022C19BFCA4681214FF0000A33
:1002200080210022F0B2F0F7BDF883465146F0B2CB
:10023000F0F7ACF8BBF1000F03D00121F0B2F3F7F7
:100240000CFE761CF0B20828D1DB01E00120CAE7E1
:100250000120BDE8F28F02280B4603D102F0010114
:10026000184655E770470000FEB51C4605462F4668
:100270002C231046554E089A5F43F319FE2A5E69F7
:1002800043D1727802F00F03042B3EDB12098A423D
:100290003BD1099A01AF009700232146F3F757FBA2
:1002A0000146FF2931D0B078002818BF81422CD1F7
:1002B00001984949D5F772F8D5F7BCFA727802F07F
:1002C0000F020021121F032A00B21ED8DFE802F03D
:1002D000020C1115B6F90420904200D101212846E4
:1002E000FFF716FF0120FEBDB6F904209042F6DBB1
:1002F000F4E7B6F904208242F9E7B6F90420904207
:10030000A4BFB6F906308342F1E70020FEBDF8B580
:100310002F4D2E492A7804462C2042438F1807F18E
:1003200008062E497E613962002300936A46012146
:100330002046D4F7E9F938B1009871783070009808
:10034000000C60F303017170802087F828002449B5
:100350007962707800F00F00042814DB0099090D11
:1003600040EA0110707000210098000EB0700091FA
:100370006A4602212046D4F7C7F920B10098B08020
:100380000099090CF180707800F00F00012818D056
:100390003078144AB2F82960002101238B40DBB287
:1003A000184218BF1E4204D1491CCBB2082BF4DB03
:1003B00007E008480178194018BF01212046EFF7EF
:1003C000E5FF2878401C2870F1BD0000345700205C
:1003D0002A720020297200200000204157020300E9
:1003E00069020300C80A000070B50023002412E06F
:1003F000DB2D0BD1DB2301F8013BDE2505E03B2D96
:10040000F6D1DB2301F8013BDD25334601F8015B22
:10041000401C5B1C641CE5B2954208D205785E1C4A
:10042000212DECD1DB2301F8013BDC25EDE7D8B22F
:1004300070BD37B521228DF80020102300F00F0287
:100440008DF8012019B1FE280CBFF023E0231A43D8
:100450008DF801200DF10201012202A8FFF7C4FF6F
:10046000851CE9B23B200DF801006D1CE9B268461D
:1004700005F0B6F9E9B26D1C0DF80100EAB2694663
:100480000020F3F7C0FF2FBD38B505460120D4F793
:100490007AF904001FBFE8686060287C002849D012
:1004A0000021032828D0052823D00F2830D0102879
:1004B00028D01B2829D01D2815D01F282ED025284C
:1004C00029D027282DD02F2819D035280ED03E2806
:1004D00006D0492828D0602808BFDFF8681725E033
:1004E000DFF8641722E0DFF864171FE0DFF8601719
:1004F0001CE0DFF8601719E0DFF85C1716E0DFF8A2
:100500005C1713E0DFF8581710E0DFF858170DE01C
:10051000DFF854170AE0DFF8541707E0DFF8501748
:1005200004E0DFF8501701E0DFF84C1711B1201D8F
:10053000D4F724F9204632BDF8B5DFF840673778A4
:1005400004461546EFF722FF3278974205D0294638
:100550002046BDE8F440F3F780BCF1BD2DE9F84F2B
:1005600084B08246012918BF022906D0042940F030
:10057000278102E07870022121705046F3F737FF9F
:10058000002840F6B83BDFF8F86600F0138101223E
:1005900003A95046F3F72FFF9DF80C00DFF8E4762F
:1005A000DFF8E446212804BF21780129E2D0207831
:1005B0000128E2DD7D1E9DF80C302A5C3B54401C76
:1005C000C1B28129207051DA3B2AD6D1A0F10108AD
:1005D000A8F10101C9B2781C05F002F921786A5C22
:1005E000904243D10023002100220FE07B1CCDB2BA
:1005F000585508E0DE2806D11946DB237D1C5FFA3A
:1006000081FE05F80E30491C0346521CD0B240450D
:100610000FD2781CD5B2DB2B405DE7D14B1EDC2816
:1006200002D119462123E9E7DD28E3D119463B230E
:10063000E4E7C91EC8B2012818DDBB781A090E2AE2
:100640000CBF01200020491EFD780F2A03F00F087F
:1006500024D1022D0BD0032D17D0E02D06D1DFF8C9
:100660002C060178A1F12005EAB29AB99FE0307812
:100670002021D6F7B3FADFF81806018841F002010D
:100680000180022200F06EF904E001220021FF2027
:10069000F3F760FAEAB200F065F988E04FF000097C
:1006A00001E009F10109DFF8EC351B785FFA89F206
:1006B0009A427CD25FFA89FE2C23DFF8DC2513FBFB
:1006C0000EFE02EB0E067278424502BF337803F04D
:1006D0007F033A2BE5D160B1032D68D103220121BC
:1006E0004046FFF7A6FE012200214046F3F732FA0A
:1006F0005DE0F078CAB2012A00F00F0037D138B3BC
:10070000022808D0032852D1042D50DC2946404647
:10071000DAF7D3FB4BE006F108077868057000F0C4
:1007200052F83D72F078810641D4002229464046B5
:10073000FFF702FF0020012107F10802029001915A
:1007400000922023002208214046D5F786FA2EE0A9
:1007500029464046FFF7F0FEF078410627D5307A6B
:100760005A46402100F00F00D3F77BFF1FE0C9B2CB
:10077000042908BF01281AD1F91C06F10C00D6F78C
:10078000EBFB00F020F8F078810610D43046FFF73C
:100790007BFE05000BD00020009000232A1D5FFA8D
:1007A00089F14046D5F7A4FB2846D6F7E0FB0120A7
:1007B0002070E2E630785A464FF40071D5F778FFA2
:1007C00005B0BDE8F08FF01C017841F01001017018
:1007D000704738B52C23DFF8C04458432044C5780F
:1007E00005F00F05012D01D0002032BD80290AD06F
:1007F000C11C0B7803F0EF030B7043F020040C7066
:100800004FF4FA7100E000211160012240780121CB
:10081000FFF70FFE012032BD2C21DFF87C24484376
:100820001044C37803F00F03012B06D1C11C0A78D2
:1008300002F0DF020A70D20601D40020704723E6DE
:100840007FB50C2A08BF552B4BD108990A0003D15C
:100850000A980421018042E02C22DFF83C34099DF3
:1008600050431C18012915D1E078060900F00F004B
:10087000012806F0010603D160780122FFF7D9FDB7
:10088000300005D0042204F10C012846D6F764FBA1
:10089000304627E02968039121228DF800200422A8
:1008A000607800F00F0040F090008DF801000DF12D
:1008B000020103A8FFF798FD841CE1B23B200DF86C
:1008C0000100641CE1B2684604F08AFFE1B2641CD6
:1008D0000DF80100E2B269460020F3F794FD012013
:1008E00000E0002004B070BDF8B504460D4668066F
:1008F00048BFEFF740FDA80614D5DFF89063DFF896
:100900009C7330783978814206D0A0F12002D2B2AF
:1009100000F028F8307838704FF47A7220212046A1
:10092000D3F79FFEE9061CD52C20DFF86C23444347
:100930001319D87800F00F00022806D1197C184648
:10094000BDE8F8400022F3F7CFBD50B95878CB4945
:100950000B78012282401A4018BF0122BDE8F840FE
:100960001AE0F1BD0121FE2063E502280B460BD100
:100970002C20C9494343C818C37813F00F0F0AD17C
:10098000407802F0010207E0012818BF002802D1D8
:1009900011461846A8E7704700214AE5F8B5044615
:1009A00016460D462A462C20BB4942438818022C85
:1009B000C76804D106F00302294602200EE0012C8C
:1009C00001D020000FD131462846FFF78DFF4FF6AA
:1009D0008F70064007D03246294620467B6801B01A
:1009E000BDE8F0401847F1BDC36831B1C078C10619
:1009F0004CBF18780020107070471278407818E5C6
:100A0000FCB586462C25A44F15FB0EFE83B007EBE4
:100A10000E050A9C0B9EDDF830C0EF680C2A08BF5B
:100A2000552B36D1200003D10420ACF800002EE075
:100A3000012C0FD1EC78240914F0010408D0387887
:100A4000D3F744FF0090042269463046D6F784FA73
:100A5000204624E0042231466846D4F754FE00982C
:100A60008F49002404F0E2FE98BFFF2406D900213C
:100A700004F0DCFE02D8D4F7DDFE0446E81CE2B246
:100A8000FFF7A2FE3C7000216878FFF7D2FC01203E
:100A900005E00094CDF808C00196BC68A04705B0F9
:100AA000F0BD80B5002100916A460221D3F72CFEEB
:100AB0000098000B00F00F0002BD00002DE9FC477C
:100AC000744F754DDFF8DCA1814638782C246043E3
:100AD0002E18DAF80000884600281ABF007800288F
:100AE000F3F79FFBDAF800106F4888625FF014029A
:100AF00006F1180070A1D5F797FD002000906A4616
:100B000002214846D3F700FE0098F178000B00F070
:100B10000F0001F0F0010143F17001F0BF0198F8FE
:100B20000520D20941EA8211F170002297F800C035
:100B300000E0521CD3B263453BD26343EB5C03F04D
:100B40007F033A2BF5D100240099090CCA0705D57B
:100B500096F8283043F0010386F82830890705D538
:100B600096F8282042F0020286F8282002283AD07F
:100B70003978327A61F30302012832721ED100986B
:100B8000000E307400253878401C38703CB14FF4AA
:100B90007A723878401E2021C0B2D3F762FD35B199
:100BA0003878401E64221021C0B2D3F75AFDBDE848
:100BB000F38741F080010124F170C5E70025032887
:100BC000F5D8DFE800F004031008F0E7DBE798F859
:100BD0000550ED09D7E706F1180000BF3BA114222C
:100BE000D5F722FDCFE798F80500F578C209002374
:100BF000494600F07F00F3F733FF0020F570B07135
:100C000086F8019098F800102848B060B1700C2068
:100C1000D6F7ACF9F06018B93878411E3970C6E7DC
:100C200000210022002380E80E00316A4160726AD0
:100C30001F49826071621F48306298F80550ED09C3
:100C4000A4E70000C40C0000E64F00009A53000027
:100C5000B80C0000F65000003E5300006253000044
:100C6000AC0C0000B00C0000B40C0000C00C000084
:100C7000D6550000BC0C0000E40C000029720020D6
:100C8000D1130020A061002070140020D013002098
:100C9000FC7100202A72002034570020327200209C
:100CA00001007F43781400205D050300E90903007B
:100CB000010A03009D090300D3070300190803007C
:100CC0006B09030041080300000000000000000061
:100CD00000000000000000004108030000000000C8
:100CE00080B5DDF752FEFC208DF800000122054999
:100CF000684604F0B8FDDEF79FFC03490120086058
:100D0000FEE700BF110000007C0520431046344A76
:100D10001378984200D3704710B52C21314C4843CA
:100D2000205C00F07F00202820D12F482F4C017834
:100D30000B0705D5207819224FF08041D5F7B8FC74
:100D40002B48417841F0010141704FF40061207857
:100D5000D5F782FF0021C820F2F773F92078BDE8AB
:100D6000104064224FF40051D5F7A2BC10BD2DE90C
:100D7000F8430C7804F03F08B8F1280F2EDA4E78CB
:100D8000174D012004F01F012A7800FA01F92C20E8
:100D9000144942438F1807F108037B61314620460E
:100DA000D5F7C4F9032E18BF022E05D160064CBF3B
:100DB00024F0400444F04004BC7049462A780D4BAE
:100DC0004046F2F717F8A10901F0010181F0010195
:100DD0002046D5F747FA2878401C2870BDE8F183F3
:100DE0002A72002034570020A46D0020D113002067
:100DF0004E7000200D0D030001680A68104701685D
:100E00004A68104730B50C4C237881B000227BB182
:100E10000A4C2578A8420BD209B900BF0FA100EBFC
:100E200040029200064B98189B581A699047024658
:100E3000104601B030BD000089720020039E0300FF
:100E4000C417000005A191E80C1080E80C10704751
:100E50000268536918470268936918470000000048
:100E6000010000000000000010F0004C68B148BF15
:100E70004042B0FA80F18840D1F19D014CEAC15C5A
:100E8000010671F100414CEB102070471CB5D3F7FF
:100E9000A6FF3E4C0146606810B1081AB42873D30F
:100EA00061608020D3F7FEFA01230A220421082082
:100EB000D3F7FBFA0146642291FBF2F2D3B26FF052
:100EC000630010FB0313332BA8BF521C40F6B8304D
:100ED00022708142A8BFC82041DA40F654308142D6
:100EE0000ADD40F6B832511A3A204143642391FB9F
:100EF000F3F0C0F1640027E040F6B422914208DD2F
:100F0000411A18204143A02291FBF2F0C0F12A00BF
:100F10001AE040F68813994209DD511A0C2041432A
:100F20004FF4967391FBF3F0C0F112000CE040F621
:100F30003502914212DB591A062041434FF4AA723E
:100F400091FBF2F0C0F10600FFF78EFF01464FF073
:100F50008040D4F723FAD4F76DFC00E000206070E5
:100F60000F20D6F703F804000ED0022020700E22C6
:100F700007A1601CD5F7F0FF012000900F23224647
:100F800001210020D5F709F813BD000050140020FE
:100F900021002051140020200020501400200000C7
:100FA00001492422D5F740BBB837000040680268E9
:100FB00002F204521068084018BF0120C0B2704706
:100FC0004068026802F2045211607047406802688B
:100FD00042F82C1F704738B54368DFF8AC482568E5
:100FE00018686B6801B0BDE83040184750F8382FDA
:100FF00011430160704750F8382F22EA0101016067
:10100000704740F8441F704738B504460D46DDF779
:10101000BCFC54F8481F0D4308E038B504460D46A3
:10102000DDF7B3FC54F8481F21EA05052560BDE84B
:101030003240DDF7DBBCF8B5056846680C46002792
:1010400007E00168C9B205F1440004F050FC7F1CC0
:10105000641E306800F118010A68D30601D4002C20
:10106000EFD13846F2BD90FAA0F0B0FA80F07047A8
:101070004FF00041B0FA80F2D14008407047C0699B
:10108000012818BF002070472DE9F843DFF8003829
:101090001C78A04286B015D28046DFF8F89759F840
:1010A000385009F104000C4650F8387020780128B7
:1010B00004BF6068002805D06078012804BFA068DC
:1010C000002801D10020BCE0DDF75FFC2979CA07C8
:1010D00002D5DDF78BFCF5E741F00101297105F53B
:1010E000E876DDF783FCE87900F06100E871287AA2
:1010F00000F0FA002872217869716078A871E979A6
:10110000207D60F30001E97105F584716068086075
:10111000A268326005F12C02E068D0602369136197
:10112000A369AB62637F5370237F1370A37F9370B7
:101130000023246A54610B62002405F15C035C60A7
:101140008C62DC604C629C60546094601C61CC6278
:101150001C7000230B77B36018B90FF2ED30D0602C
:10116000136197F84000D6F718FA3A69F96805F163
:10117000440004F085FBBA69796905F5867004F0CE
:101180007FFBDFF808170A683868D368984709F1C9
:10119000040050F83840606A616C00F055F8206A2D
:1011A000A16C00F051F8E069012807D1A06AE16C58
:1011B00000F04AF8E06A216D00F046F804F0FAFB0E
:1011C000B06009EBC804204600F0E0FA23460FF2B5
:1011D000E562042105F5EE70D6F749F903A8DDF7BD
:1011E000FDFB039403AB387A0FF26132049005F1F2
:1011F0000C007968DDF7A6FB002105F17400FBF710
:1012000075FF0022002105F59E70FBF74FFF684631
:10121000D6F754F802946B4600220FF2A96105F14B
:10122000C400D5F7E9FF6B4600220FF2A96105F56E
:10123000C670D5F7E1FF796B386808603A6B50608B
:10124000204607B0BDE8F083C0B2F9F77FB9006867
:1012500050F8301F21F480710160704770B5054669
:101260002E68D6F8D8014468F06ED0B16968C86BB2
:10127000FFF7F9FEDFF810261368014620689C6925
:10128000A047040006D1284600F0B6F82846BDE87D
:10129000704007E0F16E091B06F1440004F04DFBBD
:1012A000F46670BDF8B50468D4F8D8114E68456886
:1012B000E1796F6B4A074DD5E16E00294AD1A16CE7
:1012C000E26C891AFFF7B7FE18B104F17400FBF75E
:1012D0004EFF694604F1440004F04DFB0028E0662F
:1012E00038D0E07900F07F00E0716079002818BF05
:1012F000012805D12869E16E4008884238BFE066C0
:10130000E06EB0F5806F84BF4FF48061E1660098B5
:10131000E16E01444A1E7A6043F6F072DFF8780508
:10132000B860B968E06E401E02EA00121143B9606D
:10133000E86BFFF798FE3268012101FA00F042F8ED
:10134000180F00F07FF8E86B43F8280F0121286898
:10135000FFF75AFEF1BDF8B507463D68D5F83401F0
:101360007E68002847D1694605F5867004F0ACFA1E
:101370000028C5F834013ED000F003FA95F83C008F
:10138000C10606D5AC6B24B12B6C00221021384667
:10139000A047D5F83401B0F5806F84BF4FF4806169
:1013A000C5F834110099D5F83421306B0A44531E26
:1013B000036043F6F073DFF8E41481608268D5F8C7
:1013C0003411491E03EA01131A438260D5F8D8117B
:1013D0004A681368B06B43F8280F02213068FFF7A2
:1013E00013FEE879810706D40220D6F7C1F8E87920
:1013F00040F00200E871F1BD70B504684668D4F8A9
:10140000D8014168E06E0D46D8B10A68F06B42F829
:101410002C0F01213068FFF700FE00F013F8F06B8D
:1014200000F041F8DFF860241368014628689D69E0
:10143000A847E16E091A04F1440004F07EFA002086
:10144000E06670BDD4F8D8114A6813687047F8B5E3
:1014500004684568D4F8D8014168D4F834010E46D0
:101460000027F0B10A68A86B42F82C0F0221286807
:10147000FFF7D3FDFFF7E6FFA86B00F014F8DFF8E5
:10148000082413689D6901463068A847D4F83411D0
:101490000746C91B04F5867004F0FBF90020C4F868
:1014A00034013846F2BD03F204531860DBE510B591
:1014B00001684468886B60B191F83C00010708D569
:1014C000206800F144034FF480621A601146FFF770
:1014D0008DFD2068BDE81040402187E5006850F888
:1014E000301F41F4007101607047006850F8301FF0
:1014F00041F48071016070470220D6F739B880B599
:10150000FFF7B6FD404202BDF8B505460C4616464B
:10151000002701E07F1C641E54B1DFF870231368BC
:1015200016F8011B2868D3F818C0E0470028F1D14D
:101530003846F2BD00681830006800F00800401E10
:101540008041C00F70470000704700002DE9FE4F3A
:101550008246DAF804603068DAF8007000F1400181
:10156000D1F8008040F8448F18F4F06F1CBFB86BBE
:10157000002839D0F87900F07F00F87100215FEA87
:10158000485039601AD5B96CF86C091A5046FFF703
:1015900052FD306804E001688DF800109DF80020CD
:1015A00000F118010B68DA06F5D53868401C386080
:1015B000F979C80904BF41F08001F971306850F829
:1015C000049FF86B09F00F052840FFF751FD01005B
:1015D0001CBFBC6B002C03D03B6C3A685046A04744
:1015E0002846FFF78CFF386307F5E879F16BD9F8E7
:1015F0000800FFF7DBFC10B95FEA48604AD55046A7
:10160000FFF7FAFE5046FFF74DFE787901283DD1ED
:10161000B86E00283AD0DAF800B00BF15C0501A9E9
:101620000BF1440004F050F90446E868A04238BFCA
:10163000044668686B69019922461844D4F7E4FFB0
:1016400021460BF1440004F024F9E868001BE8602F
:10165000696961186961002C18BF0028DFD1504604
:10166000FFF7CAFE5046FFF71DFE9BF80700C107B3
:1016700001D4E86850B9002129700091DBF84030AE
:101680006A696968DBF808415046A04707F17400B1
:10169000FBF76DFDB16BD9F80800FFF787FC002858
:1016A0001EBF07F592742069002843D05046FFF70B
:1016B000CEFE5046FFF74FFEB87901282FD1E068E3
:1016C00068B307F5867502A9284604F054F98346E5
:1016D000E068584538BF83466068616901440298F4
:1016E0005A46D4F791FF5946284604F026F9606916
:1016F000E16858446061A1EB0B00E0605046FFF7E1
:101700002AFEE16859B9207848B121700020009084
:101710003B6C62696168D9F800C05046E0472069B7
:1017200020B930684FF40061FFF760FC07F59E7048
:10173000FBF71DFD5FEA085021D5306850F8301FD7
:1017400021F480710160F879810710D500F0FD0067
:10175000F87197F83C00810606D5BC6B24B13B6C50
:10176000002220215046A0470220D5F796FE00F027
:1017700008F8B87918B907F59E70FBF7F8FCBDE8D2
:10178000F78F30684FF40061FFF735BCFEB5046891
:10179000456800BF5AA66846D5F77DFD04F12801CB
:1017A00056A00A79835C4A79B05C8A7955A60343CE
:1017B000B05C364E37680A68DDF80410D7F804C00C
:1017C00054A603432868E047D5F8000040F2F271C0
:1017D000FFF717FC05F154004CA102788B5C4178AF
:1017E0002A68705C034342F8343F2846FFF747FC01
:1017F00000281CBFA86AFF2804D000F051F841F46B
:10180000004103E000F04CF821F400410160E86978
:10181000012807D1E86AFF2804D000F041F841F41C
:10182000804103E000F03CF821F4804101602A6827
:1018300002F12C00016841F01001016002F130005A
:10184000036843F001030360E86B00281CBFA86B2A
:10185000002817D001211046FFF7DFFBE96BD4F811
:10186000D801FFF7B3FBE96BD4F8D801FFF7A8FB69
:10187000E86BFFF7F8FB00F017F8A86BFFF7F3FB36
:1018800000F012F8F7BD0000D4010010D0010010E4
:10189000029E0300B41700000180000C018000C00C
:1018A000286850F8301F70470146D4F8D80102224A
:1018B000FFF791BB80B5042804BF1046FFF766FF11
:1018C000002002BD0068C17941F02001C17174306F
:1018D000FBF74DBC38B50468E17941F04001E17196
:1018E00004F59E752846FBF742FCA07920B92846EE
:1018F000BDE83240FBF73BBC31BD0000002040603A
:1019000000080000000602868200000000010203B9
:1019100004000000000810182000000070B5044604
:101920002568DDF732F80646E87941070DD440F026
:101930000400E8712046FFF7BAFD6068FFF7CEFDAE
:101940002046FFF7AFFCFFF7D7FD3046BDE87040FB
:10195000DDF74CB8F8B5044600262568DDF715F824
:1019600007462879C10707D52046FFF777FC05F120
:10197000440003F0A7FF06463846DDF737F8304647
:10198000F2BD38B505686C793CB9EC79E50704D44B
:1019900001B0BDE8304004F05FB84FF0FF34009470
:1019A00004F075F832BD1CB54FF0FF34009404F01C
:1019B0005BF916BD400D40F21E4C40EAC120BCEB65
:1019C000115C40F0004003D48CF30701C84070471D
:1019D0006FEAE170704703030068002818BF04F045
:1019E000BBBA70470068002818BF04F0B8BA704747
:1019F00070B50468C4B1FE29A8BF4FF0FF300DDAFE
:101A000064256943FF2691FBF6F6F6B24FF0FF30EE
:101A1000A0FB060164220023F8F7A4FB0146204640
:101A2000BDE8704004F095BA70BD817A8B0607D48A
:101A3000006828B1002A18BF04F08EBA04F08FBAEB
:101A4000704700002DE9F84380463348DFF8CC901A
:101A50000C46017816468A0786B01F4610D441F01E
:101A600002010170002004E0FF21C2B209F8121047
:101A7000401C2B4A1378C1B29942F5D304F026FAE0
:101A800000252848E9B24156002904D46D1CEAB269
:101A9000042AF7DD37E06DB2002D34D484F80480D9
:101AA000657109F81580DCF770FF0C21804611FB89
:101AB00005F11D4A501851588A6890474046DCF796
:101AC00095FF684604F03CFA282F0CBF0120002047
:101AD0008DF8100001214FF4FA30102E8DF800100F
:101AE000019006DA11A131F816100191802908BF82
:101AF000019001218DF80810002203926946E8B296
:101B000004F0FEF910B94FF0FF3001E020602846E4
:101B100007B0BDE8F08300002F720020A41600205B
:101B200027810300F815002038170000E803D007CC
:101B3000A00F401F803E007D00FA800004000800D6
:101B40000F001E003C007800F000E0012DE9F04796
:101B500006000F005FF000085FF00009DCF715FFDA
:101B600082460024DFF898100868002805D1504606
:101B7000DCF73CFF4046C0B23FE00D680AE02C00B5
:101B8000607E50F010006076207E50F0800020765D
:101B900055F80C5C002D1AD0687E0006F8D56A68EE
:101BA000390089B23000DAF77FF90028F0D0002C34
:101BB000E5D04846C0B20028EAD10120207D0128A6
:101BC00005D16068007850F01000616808705046D8
:101BD000DCF70CFF002C0ED0DFF828100878002866
:101BE00005D04869002802D04869804701E0F7F72E
:101BF00052F95FF001084046C0B2BDE8F08700002E
:101C0000046F00208464002013490968C1F30F3178
:101C10004BF67A324FF0FF30914208BF02207047F6
:101C20000D480E4970B505680E682D0F06F0FF06C9
:101C3000802E28BF0026FFF7E7FF02284FF0FF3471
:101C400007D125B1012D08BF06F10B0401E006F113
:101C50000A0460B270BD000018130050A0100050BC
:101C600080B5FFF7D1FF022800D101BDFEE70904CE
:101C700030B50A490A4A09E0CC5C0D5C094B2344A3
:101C8000AC422CBF13F8013C5B78136013685468B6
:101C9000A342FCD18342EFD130BD00BFF03E000033
:101CA00000600C40F43E0000704780B5002901D16F
:101CB000002002BD012801D0022802D104F05EF903
:101CC00002BD04F06BF902BD016042600021521EAA
:101CD0008160C260016141618361704770B50446F3
:101CE0000E46DCF752FE0546A06828B92846DCF708
:101CF0007DFE4FF0FF3070BDA06921692368024668
:101D0000484319183046D4F77FFC20696168401CAD
:101D1000B0FBF1F201FB12002061A068401EA06040
:101D20002846DCF763FEA06870BD81684068814288
:101D300001D10120704700207047F0B581B0044602
:101D40000F46DCF722FE05466668A068B0421CD04C
:101D5000E0682368401CB0FBF6F106FB1106A069A1
:101D60000246704339461844D4F74EFCA0686169B6
:101D7000E660401CA060884238BF08466061284683
:101D8000DCF734FEA06801B0F0BD2846DCF72EFE7B
:101D90004FF0FF3001B0F0BD70B400BF06A191E874
:101DA0007C0080E87C0070BC7047024A02EBC000F7
:101DB000F8F72ABDAC170000020000000000000088
:101DC00000000000FFFFFFFF00000000DFF86417C5
:101DD00008700FF2B100DFF8601708600FF2C13031
:101DE000DFF8581708600FF2E960DFF85417086051
:101DF0007047002810D0DFF84C371A68002A01D14C
:101E0000186006E01B6800E0DB68DA68002AFBD196
:101E1000D8600022C2608171704730B40300DFF8DF
:101E20002407006800E0C06800280FD0C4791D00B6
:101E3000EDB2AC42F7D184880D00ADB2AC42F2D124
:101E400084791500EDB2AC42EDD100E0002030BC49
:101E5000704710B5DFF8EC160C680A68904205D19F
:101E60000A68D2680A600C6807E0E468002C04D0B5
:101E7000E1688142F9D1C168E160D5F778F82000C6
:101E800010BD00007CB50500287A002807D0287A0C
:101E9000012804D02888EBF74EF8002801D0022052
:101EA0008FE0287A032808D10DF102012800E7F716
:101EB0007DFA002804D1022083E02888ADF80200D2
:101EC000688A4430D5F752F80400002C78D04421B9
:101ED000002226003000DCF763FC6946A87AF3F79D
:101EE00019FD9DF8000084F83A009DF8010084F87F
:101EF000390001212000FFF77CFF2422290014F182
:101F00001000D5F729F814F144002064688AA087EE
:101F10006A8A6969206CD5F71FF8BDF80200A080B5
:101F2000DFF824060178E1710178491C0170D5F7CA
:101F3000B7F90600D5F7B1F946434FF47A70B6FB0E
:101F4000F0F02080FF2194F93900814084F83710A7
:101F500094F8370084F8360000208DF80400287EBD
:101F6000C00703D501208DF8050002E000208DF8A0
:101F70000500287A8DF8060001A8F3F779FC801E89
:101F800084F83400A08F94F8341090FBF1F02072A4
:101F9000A08F94F8341090FBF1F201FB120000289E
:101FA00002D0207A401C2072208D50F0080020853D
:101FB0000121DFF880050078D4F710FE002000E052
:101FC000102076BD38B50400D5F76AF90500D5F7BD
:101FD00064F945434FF47A70B5FBF0F0208094F833
:101FE0003800DFF868150978884280F0838094F81B
:101FF0003600FF2808D194F83800401C84F83800D7
:1020000094F8370084F8360094F83510002000E08A
:10201000401C020094F83930D2B29A420FD294F8A0
:10202000362092F0FF020241D207F1D5411894F810
:102030003620012313FA00F0104384F83600A38FF2
:102040000A00D2B294F8340000FB1232100094F867
:10205000343080B29BB2984202D394F8342002E02C
:10206000FF2084F8360094F83600FF280CD1DFF802
:10207000E0040079DFF8DC341B7810FB03F0642304
:1020800010FB03F0608002E094F83A0060800800E2
:10209000C0B2002809D1208D50F020002085207A80
:1020A00084F82E00206C60620FE0238D4FF6DF7005
:1020B0000340238584F82E10236C0D00EDB294F8B4
:1020C0003400454303EB05006062E07984F82D009D
:1020D000D2B26284DFF880241068002805D008009E
:1020E000C0B21168884700280ED114F11000E6F73D
:1020F0006FFF09E0E923E28B94F82A10A07EF3F742
:1021000099F92000FFF7A5FE31BD70B5DFF8340462
:102110000468D5F7C5F80500D5F7BFF845434FF477
:102120007A70B5FBF0F14FF6FF731A000BE066888A
:10213000280080B2361A100080B2864202DA608827
:102140002A00821AE468002C1ED025884D1B280026
:10215000668880B2B042EAD3A07902280AD1200072
:10216000017CFF2902D08069D4F7AEFC2000FFF784
:1021700070FE02E02000FFF725FF0121DFF8B40325
:102180000078D4F72BFD0AE0100080B2984206D008
:1021900092B20121DFF89C030078D4F789FA70BD70
:1021A00070B505001600012289B2687DFFF735FE83
:1021B0000400002C4FD03000C0B200284BD1E87D85
:1021C00094F83510884246D1E87D94F83910081803
:1021D000217A88420EDB287EFF280BD13300DBB248
:1021E000E28B94F82A10A07EF3F724F92000FFF781
:1021F00030FE30E0287EFF2814D1FF2194F9390009
:10220000814084F8361094F8360084F8370094F84A
:10221000351094F83900411884F83510002084F8FE
:10222000380005E0287E84F83700287E84F83600E0
:10223000D5F736F80500D5F730F845434FF47A70F6
:10224000B5FBF0F0208094F83A0060800121B94895
:102250000078D4F7C3FC70BD2DE9FC470700894620
:1022600090461E00B878F3F7E9FA0500002D01D179
:10227000002060E01C20D4F779FE0400002C59D027
:102280001C210022A2465046DCF78AFA6946B8783B
:10229000F3F740FB9DF80100207502212000FFF7B5
:1022A000A8FDB9F80000A080787DE071FF2194F9C5
:1022B000140081406174686800782074387DA074CF
:1022C000F87DA17C4843303080B2D4F7E9FB0500AB
:1022D000A561002D2AD0DDF828A01A202870002042
:1022E000687000206880F888A8804946A81DF3F728
:1022F00001FBF878E8739648808C2882788BA88553
:1023000078896882B8782875387B687598F80000F5
:10231000A87598F80100E87598F8020028766E769E
:10232000C5F81CA015F13000A86203E02000FFF7FB
:1023300090FD00242000BDE8F6872DE9FC4706004B
:10234000884691469A460025F77D8349086800280B
:1023500006D03800C0B209688847002840F0B6802F
:102360000222B8F80010707DFFF757FD0400002C22
:1023700014D17078C00711D50A9800905346DBB28B
:102380004A4641463000FFF767FF0400002C05D0A5
:102390002772012167480078D4F720FC002C00F058
:1023A00095803800C0B2217A491E884200D10125AB
:1023B000207CFF2874D07078C00700D50027380033
:1023C000C0B2E17C227D5118884208DBE17C207D8F
:1023D0004118E174FF2194F9140081406174327D49
:1023E0003169A069836ABC465FFA8CFCA07C00FB63
:1023F0000CFC03EB0C00D4F7AFFD3800C0B2217D1C
:10240000627C012390FBF1FC01FB1C0013FA00F03D
:10241000104360742800C0B2002815D03800C0B244
:10242000217D627CFF2390FBF1FC01FB1C00401C22
:1024300013FA00F010436074A17C3A00D2B2307DF0
:1024400002FB0101A06981842800C0B2002809D0E4
:10245000607CFF2806D1A169207CD4F744FBFF20D3
:1024600020741DE0D4F71CFF8146D4F716FF00FB53
:1024700009F94FF47A70B9FBF0F020806421354AF5
:10248000334B93F804C0107800FB0CFC1B791078D8
:1024900043432E48007843434B4301FB0C3161809A
:1024A000FFB2E07C217D0818401E874205D0607C89
:1024B000FF2802D0EDB2002D08D0E07CF075607CE2
:1024C00030763100B8F8000003F0DFF8BDE8F3879C
:1024D00080B5010017480078D4F705FB01BD38B579
:1024E0000D00280418D4E80721D5FFF70EFE95F05B
:1024F000010528001CE00CE020780128FBD1200019
:1025000041690091C37C10F11002811C1C30FFF75F
:1025100014FF2000D4F7D8FA06480078D4F735FB2A
:102520000400002CE8D195F40045280000E00020CC
:1025300032BD0000591D0020E0700020E470002032
:10254000E8700020B87100204D720020441D00206A
:1025500034630020451D0020BC71002010B5DFF859
:102560000044207648F21501E4F79EFE207E3821D3
:10257000E4F79AFE0FF289300FF2BD31E062A162FA
:1025800002210FF25530606221754FF6FE70A08176
:1025900010BD2DE9F043DFF8C863DFF8C873307E63
:1025A00088465FEA084189B007F16E054EF660295A
:1025B00040F1F98034E00020EAF7AAFF034600204A
:1025C000019000946A88707E06F10C0100F037F9E2
:1025D000707908B332220821307ED4F769F81BE005
:1025E0002888738C328CB08110210191009406F1FF
:1025F0000C01002000F023F90121B07EF17630B902
:102600003C21F1834A46307E0221D4F751F8B07E56
:10261000401CB076002070712046D4F755FA307E09
:10262000D4F7B3FA040000F0BB802078312800F022
:102630008B80322800F09880D328EDD1E1893829A9
:1026400007D048F215029142E6D1204600F0E4F8A6
:10265000E2E706A800210022002380E80E0006A978
:102660002046EDF732FA9DF81C1005291CDC207B72
:102670000028D1D19DF81D000028CDD00528CBDC45
:102680000698E8F779FC0028C6D1607C70766188EE
:102690009DF81D00B181411E8DF81D1006A890E81F
:1026A0000C4086E80C40B7E7FE291DD129799DF83A
:1026B0001E00814203D3002808BFFF29ACD1EAF7EE
:1026C0008FFA00200699C140CA0703D4401CC1B24A
:1026D0001A29F7DD397EC2B291429DD0307764204D
:1026E000FA794243012177E7FF2919D129799DF829
:1026F0001E00814203D3002808BFFF298CD1EAF7CE
:102700006FFA069800281EBFB86A069988421CBF57
:10271000B962D9F7A3FABDF8200000F0D2F87BE740
:10272000207B0028FBD16088B08100210023059127
:10273000049103910293019100918022607C06F143
:102740000C01E4F770FD67E7B07E0428FBDA97F828
:102750002E108548E8F710FC0028F4D160883084FA
:10276000FF20A188718456E77079FF287FF423AF9A
:10277000397E62680020CA40D30744BF04F10800D4
:10278000405C00216268CA40D30705D504F1080205
:10279000525C8242FFF624AF491C1A29F2DD39E768
:1027A00088F4004035E05FEAC87110D5307F387694
:1027B00006F11C01E120EBF7D7FBD9F74FFA002017
:1027C00068800120EAF7A4FE88F0010021E05FEABA
:1027D00088710DD5F18B31B1491EF1834A46022132
:1027E000D3F766FF01E00020B07688F0020010E029
:1027F0005FEA08710CD5707938B131793068E8F743
:10280000BBFB10B97079411E717188F0080000E0BF
:10281000002009B0BDE8F0831CB5044600200090FC
:1028200069462046ECF78EFF9DF8000030B99DF810
:102830000200410644BF608800F043F813BD2DE953
:10284000F04786B080460E9D8A4616469946002778
:10285000002400206968C140CA0748BF7F1C401C93
:102860001B28F7DBF8B288B1D4F780FB04000DD049
:10287000002100206A68C240D30704D52A18CBB2D1
:10288000127AE254491C401C1B28F3DB9DF83C30B3
:102890000493002205920394FFB20297CDF80490AE
:1028A00000966B68AA7851464046E4F7BCFC2CB110
:1028B000204606B0BDE8F047D4F759BB06B0BDE8E6
:1028C000F0872849B1F86E2082421CBFA1F86E0043
:1028D000D9F7C4B97047000010B504460620D4F7F4
:1028E000DFF860B1312101702288428061888180E7
:1028F00001461B48007EBDE81040D4F7F4B810BD77
:1029000038B505462420D4F7CBF8040012D0322085
:1029100020701B222978A1706868606004F10800AB
:10292000A968D4F719FB2146BDE834400C48007E65
:10293000D4F7D9B831BD000010B5094CE17E69B1BA
:10294000C178002904BF4078002807D1054AA2F8C1
:1029500070100120EAF7DCFD0021E17610BD0000D7
:10296000C86900203463002000F8FF0710B5184C38
:102970001849A0700020D9F7F0F917490120D9F7BC
:10298000ECF916490420D9F7E8F915490620D9F7DA
:10299000E4F914490720D9F7E0F913490820D9F7D9
:1029A000DCF9A0784FF6FF71E4F77EFC0F48D6F70C
:1029B000A5FD0F48EBF74FFE0E48EBF76DFE0E48F6
:1029C000D6F79FFDBDE810400C48D6F7A3BD000028
:1029D0009C180020DF4B03003B4C03007F4C03009E
:1029E000B54C0300FF4C0300354D0300D3540300E6
:1029F000A7540300675403002B540300ED53030056
:102A00002DE9F04F0D4628049DB041F10887DFF80D
:102A1000D067B078D4F7B9F8040069D02378DFF82C
:102A2000C477B3F11A0007F1680800F08E811738F7
:102A300005285AD99F3858D0401E00F0D981401E31
:102A400053D0401E09D0401E02284ED9293800F02C
:102A50003F81401E00F05D81DBE1E289133A00F026
:102A6000278147F6ED73D21A00F01781521E00F04D
:102A70000981521E00F0FA80521E00F0EA80521EB8
:102A800000F0CB80521E00F0BD80521E00F0AF80DF
:102A90000B3A00F0A080121F00F090800B3A7DD01E
:102AA000521E00F08380521E70D00E3A62D0521E29
:102AB00054D0521E46D0521E38D0521E2ED0521E16
:102AC00024D0521E18D0921E0FD12046ECF7C8FF1A
:102AD00006000AD06188DFF8103732464FF4000054
:102AE00001F0EDFF3046D4F742FA2046D3F7ECFF71
:102AF00085F4004001F09BBEA069DFF8F03601F0DC
:102B00001BFF4FF4800001F0DAFFEEE7A069DFF869
:102B1000E03601F011FF4FF40010F4E7A069DFF890
:102B2000D43601F009FF4FF48010ECE72046ECF7B3
:102B3000DAFE0600D9D06188DFF8BC3632464FF4A1
:102B40000020CDE72046ECF799FE0600CDD0618845
:102B5000DFF8A83632464FF48020C1E72046ECF774
:102B6000FBFD0600C1D06188DFF8943632464FF491
:102B70000030B5E72046ECF73EFE0600B5D0618890
:102B8000DFF8803632464FF48030A9E7A069DFF8DD
:102B9000783601F0D1FE4FF40040B4E7A069DFF8C9
:102BA0006C3601F0C9FE4FF48040ACE7A069DFF855
:102BB000603601F0C1FE4FF40050A4E700210091FF
:102BC00020466946ECF7BEFD6188DFF848366A4664
:102BD0004FF4006097E72046ECF7CCFE060084D067
:102BE0006188DFF8343632464FF4807078E720464B
:102BF000ECF790FD0600F2D06188DFF8203632460F
:102C000040206DE72046ECF785FD0600E7D061889F
:102C1000DFF80C363246202062E7182101F074FEFE
:102C200069462046ECF76CFD6188DFF8F8356A46A6
:102C3000102001F044FF039818B1D4F798F9002050
:102C400003900598002803D0D4F791F9002005904F
:102C50004BE70021CDE9001220466946ECF725FD3F
:102C60006188DFF8C4356A4608204CE701F04BFE66
:102C700069462046ECF7DCFC6188DFF8B0356A462F
:102C8000042040E72046ECF79CFC0600E0D0618879
:102C9000DFF89C353246022022E72046ECF791FC13
:102CA0000600D5D06188DFF88C353246012017E761
:102CB00068460021002380E80E0069462046ECF7B4
:102CC000BFFE6188DFF870356A464FF080701AE702
:102CD0000A20D3F7E5FE060016D00A21D3F790FCB0
:102CE0009120307000217170A0787071617831711D
:102CF000E078B071A1883181A07801F023FE20B185
:102D000000793146D3F7EFFEEFE63046D3F7DCFE2D
:102D1000EBE61620D3F7C4FE0600F9D01621D3F750
:102D20006FFC932030700021717060783071A17851
:102D300031742079012807BF0121B1710220B071DF
:102D4000E0883081E1783175D6E73020D3F7A8FEEE
:102D50000600DDD03021D3F753FC922030700021E3
:102D60007170A07B3071032805D10822A11DB01D10
:102D7000D4F7F2F801E0E088F080E07BB073218ABC
:102D8000318260887082A188B182608AF082217D60
:102D90003176607D00B101207076607E00B1012047
:102DA000B07606F12407A07DF076E17D3177207EB4
:102DB0007077E169316294F820003870A18D7980D4
:102DC00094F82E003871A18CF980A08CD4F7CEF83D
:102DD0000028B8601CD0A28CA16AD4F7BDF8207D71
:102DE00001F0B0FD00288BD1B868D4F7C0F88CE7AB
:102DF0006078F17881420BD0F070F21CDFF83C343F
:102E000000214FF0007001F05AFE707888F8000041
:102E10006BE6DFF82C0494F802900188DFF8242494
:102E2000DFF824B4DFF824040191002B07F1280A0D
:102E3000DFF81C1401F0E184022B01F0E783032B7F
:102E400001F07180042B00F03F87072B01F0C8834D
:102E5000082B00F0E086092B01F01F84102B01F0F5
:102E6000CD83112B01F0E683122B01F01C84142B6F
:102E700000F01A85182B01F0A683192B01F09B8313
:102E80001B2B01F07E831C2B01F04F831E2B01F0C6
:102E90002A831F2B01F02483202B00F04484212B54
:102EA00000F01D84222B00F06F83282B00F04D834F
:102EB000292B00F029832A2B00F01B832B2B00F0F9
:102EC00011832C2B00F02783382B00F00483392B3F
:102ED00000F0DD823A2B00F0C2823B2B00F08D82A5
:102EE0003C2B00F06A823D2B00F053823E2B00F019
:102EF00047823F2B00F03D82402B00F03382412B74
:102F000000F00E82422B00F0F581432B00F0E781A8
:102F1000442B00F0CE81452B00F0BD81462B00F004
:102F2000A081472B00F096814A2B00F0C0834B2BE9
:102F300000F0AD834C2B00F01E834D2B00F011836D
:102F4000A02B01F08D82A12B01F0AD82A22B51D0DC
:102F5000A32B4FD0A42B01F03382A52B01F0D281FB
:102F6000A62B01F0A681A72B44D0A82B45D0A92BD6
:102F700001F09D81AA2B01F0FA83AB2B01F0D083E5
:102F8000AC2B01F0AD83AD2B00F01681AE2B00F021
:102F9000EA80AF2B00F0D380B02B00F00581B12B7D
:102FA00000F0FB80B22B00F0EE80B32B00F0E68047
:102FB000B42B00F0D080B52B00F0BC80B62B00F015
:102FC0009280B72B65D0B82B59D0B92B4CD0BC2BE5
:102FD00042D0C02B38D0C12B2ED0C42B1DD0CD2B2E
:102FE00016D0CE2B21D0EB2B09D0F92B02D0FA2B07
:102FF00000D0FB2B01F05881FC2B01F053B9616824
:10300000087810B1D8F725FC30E3D8F72EFC2DE373
:1030100000206070D5F76FFE28E3A068002864D018
:1030200000216170D5F727FCB4E0606800285CD00F
:103030000068D5F79BFE11E26068002855D001F0CA
:1030400066FCD6F76CFA11E3606800284DD0416841
:103050000078D5F79FFA01E26068002845D000F1BA
:103060001201D5F7B9FAF9E1606800283DD00021D6
:1030700061706068D6F766FAA1680880F6E2A06819
:10308000002832D000216170A068411CEBF7E6FAFD
:10309000ECE2A068002828D000226270A2680889AB
:1030A0001081A268C87AD072A268887A9072A268E9
:1030B000087B1073A268887B9073A2684868506090
:1030C000A268487B5073A26808681060A268C87B39
:1030D000D073A268087C1074A268487C5074887C05
:1030E000A1688874C2E26068002800F0918500221F
:1030F00062706268107D08B1D07C48746268907D0F
:1031000008B1507D88746268107C08B1D08908814C
:103110006268107B08B1906848606268907C08B172
:10312000507C487362681079002800F06B85126843
:103130000A609BE200216170D5F733FB96E2A0683C
:1031400000283BD000216170EBF782F808B10078CD
:1031500020E0012082E1A0680028C6D00021617033
:10316000E5F72FFF16E060680028BED000216068F8
:10317000617081780088D5F7E8F977E20021617005
:10318000EBF7CFF872E2A0680028AED000216170A2
:10319000EBF75AF8A168087068E260680028A4D0CC
:1031A0000078EBF733F859E1606800289DD001F012
:1031B000AEFBD5F731FA59E26168002900F081854C
:1031C0000822DFF8500BD3F7C7FE6068DFF8482B02
:1031D000018911806068DFF8442B817A11707CE2EC
:1031E0009C180020346300208953030071530300AE
:1031F00059530300355303008B5203000752030059
:103200005F510300E1500300B75003009F500300DB
:10321000875003005750030013500300D74F03009B
:10322000B74F0300314F0300CB4E0300434E030062
:10323000D94D0300B94D03007B4D0300CF5303006C
:1032400096AF010042720020E46E00203818002082
:10325000A00600206068002864D001F02DFB112238
:1032600079E1606800285DD001F004FB60680179B5
:103270008DF800101029C4BF10218DF8001060686F
:10328000816801F0F1FA6068418800236A4605A868
:10329000E3F73BFBE2E06068002843D00A3001F02E
:1032A000E7FB02466068811C00880023E3F76EFBA1
:1032B000D4E06068002835D002218DF810106068D5
:1032C0000188ADF80810606881890191827A0092C6
:1032D000437A027A416802A8E3F763FEBEE06068C1
:1032E00000281FD001F0F1FAC27881786846E3F730
:1032F0000DFEB3E06068002814D002218DF808109C
:1033000060680188ADF8001060680A3001F0B0FB19
:1033100002466068811C00236846E3F7E4FD9DE0F7
:103320006068002800F0748402218DF80C104FF6BC
:10333000FF716068008888421FBF4FF6FD7290429F
:103340004FF6FC71884206D1E9F757F9ADF8040051
:1033500001F0E9FA607060680188ADF8041001F0CE
:10336000E2FA7BE061680029DCD001F0B8FA332290
:103370000CE06168002974D001F0B1FA322205E056
:10338000616800296DD001F0AAFA3122E3F7EAF969
:1033900064E06068002864D002218DF80C10606839
:1033A0000188ADF80410002160680091437A027A28
:1033B000416801A8E3F783FD50E06068002850D021
:1033C00001F066FA1CBF01280F2804D0032806D19B
:1033D00001F06BFA03E06068018AADF8101000217B
:1033E0006068039104AB027E02920193821C818982
:1033F000009107A9837A22202EE06068002830D04F
:1034000001F046FA1CBF01280F2804D0032806D17A
:1034100001F04BFA03E06068018AADF810106168B2
:10342000BDF81C30FE8A887A0A7EB34209D10C317D
:103430000091012304A9F1F7C3FC002800F04184A6
:103440004BE10292002304AA0393019203468E8962
:1034500000968A1C07A92120E3F7F6FCD9E36068EF
:10346000002800F0D58301F005FA0021606804917E
:1034700042690392017C0291C2680192017A009133
:10348000C3880279418805A8E3F77DFCC1E3616840
:103490000029E6D00878002200B10122487808B15E
:1034A00042F00202887808B142F00402C87808B1FC
:1034B00042F00802087908B142F01002487908B1D8
:1034C00042F02002887908B142F040020021104603
:1034D000E3F73DFA9DE360680028C2D001F0ECF903
:1034E000102238E060680028BBD001F0E5F9052221
:1034F00031E060680028B4D001F0E7F90279418832
:103500006846E3F7EFF984E360680028A9D001F08A
:10351000D3F903221FE060680028A2D002218DF8B1
:10352000181060680188ADF81010002160680391E0
:1035300002690292017B01918268009283798288FC
:10354000418804A8E3F776F963E36068002888D02F
:1035500001F0B2F90222606841886846E3F71EF97B
:1035600057E3606800283BD0C27881780088002348
:10357000E3F74CF94DE36068002831D0427A017AD4
:103580000023E3F715F944E36068002803D0007DC9
:1035900001F0D8F9002800F094836168D1F8188010
:1035A00001F11C024FF00009107808B14FF0020938
:1035B000507808B149F01009907808B149F008092D
:1035C000D07808B149F02009107908B149F04009D4
:1035D000507908B149F08009087DF2F72FF906000B
:1035E00000F016836068817A8DF821106068818907
:1035F000ADF82210606800788DF8200002281CBF0A
:1036000001280F2808D003280AD16068811C0822ED
:1036100006A8D3F7A1FC03E060684188ADF8181054
:103620006168887B28B301F009FC07001FD00021E6
:1036300005E0006930F8112027F81120491C606866
:10364000827B9142F5DB00F12201049205970A7812
:1036500001F0FCF8836A0093C28A4B88314606A8C1
:10366000F2F7BCF860703846D3F781FCCAE210204C
:10367000CFE201F12200027801F0E8F88B6A0093B2
:10368000CA8A4388314606A8F1F7C5FFC1E26068DF
:103690000028A5D040788DF80000616888788DF802
:1036A0000100694660680078F2F746F9B1E26068A7
:1036B00000281CBFA168002937D000786946F2F7BE
:1036C00029F96068A26801781170A1689DF800006E
:1036D0004870A1689DF801008870002099E2606838
:1036E000002803D0007801F02DF9070000F0908247
:1036F000387BF1F780FE002860700AD171680029DC
:1037000007D008460022B84204D0024600680028CC
:10371000F9D177E238688F420CBF7060106038468C
:1037200001F062F96EE26068002800F0CA82007859
:1037300001F008F908B100F0B5B801F037F93178B7
:10374000884228BFD120C9D24FF0000884F80180F8
:10375000484601F01FF9070001D0387B58B11C2002
:10376000D3F704FC0700DDD01C21DBF74DF84FF048
:10377000010887F804906068017839736068017AFD
:103780003976B01C38611420D3F7F0FB002878613B
:103790004DD01421DBF738F8606841688879796981
:1037A0008A7900F00F0002F0F0021043887161681E
:1037B0004A68786991888180626851680B780370E3
:1037C00061684A6878695188418062685168CA793D
:1037D000C27160684168087B796908737869C0794B
:1037E00001F02CFB7969886068B1002008E062680C
:1037F00053689A6832F810308A6822F81030401CFA
:10380000CA799042F3DB087B01F018FB7969086103
:1038100068B1002008E0626853681A6932F8103015
:103820000A6922F81030401C0A7B9042F3DB07F152
:103830000C00F1F7CEFD0646022E18BFB82E07D1B8
:10384000387BF1F7D8FD07F10C00F1F7C2FD064611
:103850005EB9B8F1000F07D0384601F07FF80028B4
:1038600002D1384601F0C0F8CCE1B8F1000F03D026
:10387000384601F0B9F811E0786958B1806808B1AC
:10388000D3F775FB7869006908B1D3F770FB7869E5
:10389000D3F76DFB07F10C0001F03EF8022E18BFC4
:1038A000B82EE1D1D020B4E16068002800F0B081EA
:1038B00000216170484601F06DF806000FD11C2010
:1038C000D3F754FB0600CFD01C21DAF79DFF00F0A0
:1038D000B3FF20B93046D3F74AFBD12099E16168A4
:1038E000087848B14878F288002812BF42F00102F7
:1038F0004FF6FE700240F2806168887848B1C8785F
:10390000F288002812BF42F002024FF6FD7002401A
:10391000F2806168087948B14879F288002812BFBE
:1039200042F004024FF6FB700240F2806168887931
:1039300048B1C879F288002812BF42F008024FF659
:10394000F7700240F2806168087A48B1487AF288DC
:10395000002812BF42F010024FF6EF700240F280D2
:103960006168887A48B1C87AF288002812BF42F0AC
:1039700020024FF6DF700240F2806168087B48B198
:10398000487BF288002812BF42F040024FF6BF7019
:103990000240F2806168887B40B1C87BB268002831
:1039A00012BF42F0010252085200B2606168087C06
:1039B00040B1487CB268002814BF42F0020222F0F5
:1039C0000202B2606168887C40B1C87CB26800289D
:1039D00014BF42F0040222F00402B2606168087D64
:1039E00040B1487DB268002814BF42F0080222F0BE
:1039F0000802B2606168887D40B1C87DB268002865
:103A000014BF42F0100222F01002B2606168087E1A
:103A100040B1487EB268002814BF42F0200222F074
:103A20002002B2606168887E40B1C87EB26800281A
:103A300014BF42F0400222F04002B2606168087F89
:103A400040B1487FB268002814BF42F0800222F0E3
:103A50008002B2606168887F40B1C87FB268002888
:103A600014BF42F4807222F48072B260616811F86F
:103A7000220F38B100F0F4FE14BF42F4806222F449
:103A80008062B260616811F8240F38B100F0E8FE7E
:103A900014BF42F4006222F40062B260616811F85F
:103AA000260F38B100F0DCFE14BF42F4005222F4BD
:103AB0000052B260616811F8280F38B100F0D0FEF2
:103AC00014BF42F4804222F48042B260616811F86F
:103AD0002A0F38B100F0C4FE14BF42F4004222F4B1
:103AE0000042B260616811F82C0F38B100F0B8FEE6
:103AF00014BF42F4803222F48032B260616811F85F
:103B00002E0F38B100F0ACFE14BF42F4003222F4A4
:103B10000032B260616811F8300F38B100F0A0FED9
:103B200014BF42F4802222F48022B260616811F84E
:103B3000320F38B100F094FE14BF42F4002222F498
:103B40000022B260616811F8340F38B100F088FECD
:103B500014BF42F4801222F48012B260616811F83E
:103B6000360F38B100F07CFE14BF42F4001222F48C
:103B70000012B260616811F8380F38B100F070FEC1
:103B800014BF42F4800222F48002B260616811F82E
:103B90003A0F38B100F064FE14BF42F4000222F480
:103BA0000002B260616811F83C0F38B100F058FEB5
:103BB00014BF42F0807222F08072B260616811F826
:103BC0003E0F38B100F04CFE14BF42F0007222F0FC
:103BD0000072B260616811F8400F38B100F040FE29
:103BE00014BF42F0006222F00062B260616811F816
:103BF000420F38B100F034FE0CBF22F0805242F088
:103C00008052B260A0782146D2F76DFFFEF770BFF8
:103C100002206070F6E76068002852D000216170D1
:103C20002A216068D2F7ECFC6168F88ADFF8042C7E
:103C3000088061681078887208226168B88C888171
:103C40006168788BC88207F1390160680E30D3F75C
:103C500083F9E8F7C9FC014660680822801CD3F7A5
:103C60007BF96068082207F11C011830D3F774F95A
:103C70006168387E81F823000120616881F82200A4
:103C80009BF80200C10703D56168012281F8242056
:103C9000810703D56168012281F82520410703D5FA
:103CA0006168012281F82620010703D5616801229D
:103CB00081F827204006A5D56068012180F82810EA
:103CC000A0E7022161709DE760680028A0D0002174
:103CD00061706168087838B1487800B101201070CF
:103CE00001216320D3F70BFA6168087948B148795C
:103CF00000B10120DFF8982C107001216D20D3F75E
:103D0000FEF96268907958B1D1794FF40050E8F724
:103D1000DAFD1AE0281800202618002024180020B8
:103D2000107A90B1108AD16810F0070F01D0642981
:103D30000BD3E8F725FD01210020E8F7C4FDDFF8EB
:103D4000842C28213520D3F7DAF96168887C38B1D2
:103D5000DFF8742C888A108002214420D3F7CFF931
:103D60006168887D38B1DFF8642C088B10800221EF
:103D70004620D3F7C4F96168887E38B1DFF8502C4B
:103D8000888B108002218320D3F7B9F96168887F7E
:103D900038B1DFF8402CC87F107001212920D3F7FB
:103DA000AEF9616811F8200F30B1DFF82C2C00F06B
:103DB00053FD2B20D3F7A3F9616811F8220F30B11E
:103DC000DFF8182C00F048FD4320D3F798F961681C
:103DD00011F8240F30B1DFF8082C00F03DFD2E2043
:103DE000D3F78DF9616811F8260F30B1DFF8F42BA5
:103DF00000F032FD2F20D3F782F9616811F8280F07
:103E000030B1DFF8F02C00F027FD3020D3F777F940
:103E1000616811F82A0F30B1DFF8DC2C00F01CFDCE
:103E20002C20D3F76CF9616811F82C0F80B1487819
:103E30008DF800001028C4BF10208DF800006068C5
:103E4000016B00F011FD6A4611218120D3F757F96B
:103E5000616811F8340F40B148781028C8BF1020AD
:103E60004A6801466220D3F74AF9616811F83C0FAD
:103E700038B1DFF8882C4868106004218420D3F71B
:103E80003EF9616811F8440F30B1DFF8742C00F08E
:103E9000E3FC4B20D3F733F9616891F8460058B141
:103EA000DFF8607C082247313846D3F755F83A46A8
:103EB00008214720D3F723F9616891F84F0028B112
:103EC00001F1500208210120D3F719F9616811F8B6
:103ED000580F30B148788DF8000069465220EAF753
:103EE00043F8616811F85E0F30B1DFF81C2C00F068
:103EF000B3FC3320D3F703F9616811F85C0F40B1CC
:103F0000DFF8082C00F0A8FC3220D3F7F8F8D7F738
:103F1000E7FB616811F8600F002803D048787070E3
:103F200088F800006EE6606800281CBFA0680028C2
:103F30003FF4C7AE636800216170187830B1A068A3
:103F400001210170107800F0DAFC4870616888780F
:103F500038B1A06801210171DFF8341A00F0CEFCFD
:103F600048716168C87858B10020E8F7A1FCA268E0
:103F70000121917110F4005018BF0120A168C8718F
:103F80006168087958B3A06801210172A16801F144
:103F90000C00E8F78DFCA168DFF8742B088210781C
:103FA000E8B90120E8F74CFCA16848610220E8F775
:103FB00047FCA16888610420E8F742FCA168C86159
:103FC0000820E8F73DFCA16808621020E8F738FCFB
:103FD000A16848622020E8F733FCA1688862616824
:103FE000487940B1A068012180F82C10DFF8D81979
:103FF000A0680A88C2856168887940B1A0680121FB
:1040000080F83010DFF8C419A0680A884286616819
:10401000C87940B1A068012180F83410DFF8B019E8
:10402000A0680A88C2866168087A48B1A068012140
:1040300080F83810DFF89C19A0680A7880F83920D9
:104040006168487A48B1A068012180F83A10DFF829
:104050008819A0680A7880F83B206168887A48B19E
:10406000A068012180F83C10DFF87019A0680A7878
:1040700080F83D206168C87A48B1A068012180F8C5
:104080003E10DFF85C19A0680A7880F83F2061686C
:10409000087B48B1A068012180F84010DFF844197E
:1040A000A0680A7880F841206168487B48B1A06820
:1040B000012180F84210DFF83C1AA0680A7880F8E5
:1040C00043206168887B48B1A068012180F84410D2
:1040D000DFF8241AA0680A7880F845206168C87B58
:1040E00050B3A068012180F846106B4611220021D0
:1040F0008120D3F747F8A1689DF8000081F84700B8
:10410000A16891F84700A8B19DF80000D2F72EFFF2
:10411000A1688864A168886C30B19DF800200DF119
:104120000101D2F719FF07E081F847000021A068DC
:10413000816401E000228A646168087C90B11020EB
:10414000D2F714FFA1680865A26802F14C01486823
:1041500040B101220A701022A068036D0021622084
:10416000D3F710F86168487C40B1A068012180F85D
:104170005410DFF88819A0680A6882656168887C35
:1041800048B1A068012180F85C10DFF87419A068BC
:104190000A7880F85D206168C87C50B1A068012170
:1041A00080F85E100822A06807F139015F30D2F76D
:1041B000D3FE6168087D58B1A068012180F86710BE
:1041C000E8F712FA0146A06808226830D2F7C4FE68
:1041D0006168487D70B169465220E9F7B7FEA16871
:1041E000012081F870009DF8001001B10121A06844
:1041F00080F871106168887D38B1A068012180F86D
:1042000072100021A06880F873106168C87D48B101
:10421000A068012180F87410DFF8F01800F06EFB40
:1042200081F875006168087E48B1A068012180F8B6
:104230007610DFF8D418A0680A7880F877206168D3
:10424000487E40B1A068012180F87810707800F0B5
:1042500056FB81F879006168887E002821D0A0682B
:10426000012180F87A10002697F82600042818BF4C
:10427000082812D090B92120D2F721FF74280DD13F
:104280006B46742200212120D2F77CFF30B99DF8C3
:104290002600042818BF082800D10126A06880F84D
:1042A0007B60AFE41220B4E4606800282CD01221B7
:1042B00008E56168002927D00878F8B1002600E0F9
:1042C000761C01988642ECDA02A9009100F0DAFA35
:1042D00000286070F4D16068082204A9401CD2F75D
:1042E0002DFE0028ECD1142102A8DAF78DFA02ABDA
:1042F0001422B1B20420D2F7E5FE8AE4481CF1F79B
:10430000CEFC86E4606800283FF482AC0178002986
:1043100035D007A800F000FB002609E03EB9606830
:10432000082207A9001DD2F709FE00B93E467F1CEE
:104330000198874213DA02A9009114230022B9B22E
:104340000420D2F7E1FE00286070F0D160680822F6
:1043500004A9001DD2F7F2FD0028DFD13E46002E51
:104360009FDD6068011D00F0A3FA6068C1690291D9
:1043700002AB6068016A03911422B9B2BAE700F196
:104380000C01102201A8D2F7E7FD6068C169059110
:104390006068016A069169466068001DF1F7A4FB38
:1043A000607030B90098408801AA1821D2F7A7FEA2
:1043B0002FE46068011D408801AAF1F7B2FE28E4ED
:1043C000616800291CBFA06800289DD00978017091
:1043D00008226068A368411C581CD2F7BDFD6268C2
:1043E0001078F8B1DFF82C070788002600E0761C6B
:1043F000BE4215DA01A8009000F044FA002860706F
:10440000F5D16068082203A9401CD2F797FD002867
:10441000EDD1A16802980862A1680198C86140E7DF
:1044200031D1E8E16946501CF1F75EFB002860706D
:1044300029D10098408801AB18220021D2F7A2FEB2
:10444000002860701FD1A168069808621022A16838
:104450000598C86101A9A0680930D2F77DFD20E761
:10446000616800291CBFA06800283FF4D1AB09781F
:10447000002914BF3A203B206B4611220021D2F7BD
:1044800081FE002860707FF4BDAB6068A26801788F
:1044900011701022A1689DF8000048700DF1010113
:1044A000A068801CD9E7616800296FD008780028CF
:1044B00014BF3A263B2648788DF80000616888785A
:1044C00030B11022C91C0DF10100D2F745FD03E007
:1044D0000DF10100F1F78FFD6A461121304665E7C5
:1044E000FAF730FC6BE7606800284FD000F00BFA59
:1044F00060684188ADF8001060680279002A1CBF2E
:10450000806800280AD0102AA8BF0F228DF8022048
:10451000606881680DF10300D2F71EFD60680078C5
:1045200001226946FAF72EFB49E7606800281CBFA4
:10453000A06800283FF4C5AB0021C0E90011606805
:1045400041880078FAF758FB060018D00020607008
:10455000A06831880180A068B1788170A1688878EE
:1045600000283AD0D2F702FDA1684860A1684868E7
:10457000002832D08A78F11CD2F7EEFC91E6B12007
:104580001DE7606800281CBFA06800283FF440AB0E
:1045900000F0BDF9FAF7C4FBA1680870A0680078C4
:1045A00000F04CFCA1684860A06841686068007831
:1045B000FAF75EFB75E660680028E7D000F0A7F91F
:1045C000FAF790FB6DE6606802210028617004D064
:1045D00041880078FAF763FB00283FF413AB0AE147
:1045E000606800285BD090F900603046E9F7CCFDA8
:1045F000A06808B9FFF771B80670FCE06068002891
:10460000C4D000880021D6F79CFD4AE660680028E7
:1046100045D0002161700120616808700222606845
:1046200042700621606882706068C1700321606812
:10463000017136E66068002831D0484600F0AAF9DA
:1046400006000CD11C20D2F791FC0600C5D01C211D
:10465000DAF7DAF800F0F0F808B9FFF73BB9F088BC
:104660000FF2B54140F00C00F0800220D7F775FB47
:104670000FF2FD410320D7F770FB606801680091DD
:104680000122606801798DF804108DF805208DF8FD
:1046900006206846E6F7C4F991E6606800283FF412
:1046A00010ABC2208BE6606800283FF4B1AA011D60
:1046B000082202A8D2F750FC0320D7F764FB6068F9
:1046C000C07BD7F7D8FA6068817B9BF802300191F4
:1046D000828900924188027802A8E6F731FB6EE6F3
:1046E00060680028DBD00088ADF804006168488865
:1046F000ADF8020001A95320E9F736FC0DF10201E3
:104700005020E9F731FC6946E120E9F71FFC6068B9
:104710009DF80010007981426DD000F091F86AE0B8
:1047200060680028BBD00078E8F75AFA6068397EE4
:10473000407881420CD038766946E120E9F706FCE2
:1047400060689DF800104078814201D000F078F850
:104750006268507801218140CAF80010D7F77EFACC
:104760000021A8F808100120E8F7D2FE43E06068B5
:10477000002894D0007887F8260061684888F8827D
:104780006168087A38766168488978836168486822
:10479000CAF8000061688889B8846168887B8AF8F3
:1047A00010006168C87B78716168087CF870616886
:1047B0004869CAF8080061688869CAF80C0061682D
:1047C000087F98F80A10814218BFE8F709FA606874
:1047D00000F11D0107F13900EAF790F897F826007B
:1047E000082808D13A4674212120D2F788FC0221FA
:1047F0000020E6F767F8FEF770BF606860B14078A8
:1048000018B10321FF20E6F75DF8DAF715FFDFF8AE
:104810000C1D01200860FEE70222627041E5680479
:1048200004D5D1F791FF85F4804000E000201DB051
:10483000BDE8F08FDC17002086F8049030468DE04C
:104840008DF800006946E120E9F78EBB0392CDF8B0
:104850000890CDF8048070474878107001217047A7
:104860004878B268002870479DF800200DF10100DB
:10487000D2F772BB02218DF81C1060680188ADF878
:104880001410704714230022B1B20420D2F73CBCAC
:1048900002218DF8241060680188ADF81C10606852
:1048A000807B8DF8180002287047606800F11001C5
:1048B000082204A8D2F750BB02218DF8081000236B
:1048C00060680188ADF80010704702218DF808106B
:1048D000002360680188ADF800106068704702220C
:1048E0008DF81020002361680A88ADF80820019334
:1048F000012361688A1C009202A97047087800B100
:104900000120A168704712216846D9F77DBF606811
:1049100000216170007870470021002200230027E9
:1049200080E88E007047002160680091837AC27A27
:10493000811C01A8E2F715BB01788DF800106A46CA
:10494000618870470146DFF8D80B406800E00068D6
:1049500000281CBF027B8A42F9D1704710B504467B
:1049600000F024F8DFF8B82B1178814201D2002042
:1049700010BD516821B100E0014608680028FBD154
:1049800000202060002914BF0C605460012010BD7D
:10499000437200200146DFF8880B406800E00068A1
:1049A00000281CBF02798A42F9D17047DFF8701BDA
:1049B0004968002001E00968401C0029FBD1C0B211
:1049C00070470000246B00201A1D00201C1D0020D1
:1049D000241D0020301D0020321D0020441D002019
:1049E000371D0020381D0020002818BFD2F7BFBA9D
:1049F0007047C20744BF01230B70820744BF0123E5
:104A00004B70420744BF01238B70020744BF012350
:104A1000CB70400644BF01220A717047C20744BFF1
:104A200001230B70820744BF01234B70420744BF30
:104A300001238B70020744BF0123CB70C20644BF21
:104A400001230B71820644BF01234B71400644BF12
:104A500001228A717047C20744BF01230B7082078D
:104A600044BF01234B70400744BF01228A70704746
:104A700002460020117801B10120517809B140F0BF
:104A80000200917809B140F00400D17809B140F0FA
:104A90000800117909B140F040007047F8B500F006
:104AA00021F809E0E0882840A84204D1380002D06B
:104AB00020793146B8472468002CF3D1F1BD2DE9A7
:104AC000F04100F00FF8984608E0A1682940A9429B
:104AD00003D120793A463146C0472468002CF4D1EE
:104AE000BDE8F0810546DFF8380A44680E461746EF
:104AF00070470000391D0020361D002094700020F2
:104B0000471D0020087000203D7200203C720020EC
:104B10004172002096AF010080B501460FF23102CC
:104B20000420FFF7BBFFE5F7B1FF0220D7F71DF91F
:104B30000320D7F71AF900F093FC4FF6F37203E065
:104B4000C1881140C18000680028F9D102BD000071
:104B500070B505460E7800F0EAF8040006D000F0C3
:104B600042FC782000F066F9E6705DE170BD00005F
:104B700080B501460FF20502082035E070B5054604
:104B80000E461A20D1F78CFF040027D01A21D1F746
:104B900037FD792000F06DF87088E080317921725E
:104BA000707900B101206072B07900B10120A0726B
:104BB000F07900B10120E0720822307A2073717A16
:104BC0006173B07AA073F17AE17306F10D01307B65
:104BD000207404F11100D2F7BFF925E170BD80B552
:104BE00001460FF20D020120FFF758FF002002BD21
:104BF00070B500F010FC04001ED00C21D1F700FDB0
:104C0000762000F017F9B07800F018F9A06008B924
:104C100000F006BC3088A080B178A171B07850B1A6
:104C2000002005E0716831F81020A16800F0BFF99C
:104C3000B1788842F6DBF7E070BD80B501460FF22F
:104C400009020220D0E7000070B505460E4600F0CC
:104C5000BFF904000CD000F0EEF9772000F009F85D
:104C60000822307AA071E01D7168D2F775F9DBE097
:104C700070BD2070002161703288A280704780B5BD
:104C800001460FF209021020AEE7000070B505469C
:104C900000F022FA04000CD000F019FA7A202070FB
:104CA000317861707088A080E8B2B188E1802146D7
:104CB000BCE070BD80B501460FF20502402093E7CD
:104CC00070B505460E461220D1F7EAFE040015D055
:104CD0001221D1F795FC7C20FFF7CBFFB07AA073AF
:104CE000307B00B101202074F07A00B10120E07324
:104CF0000822B11CA01DD2F72FF995E070BD80B538
:104D000002460FF20D0300214FF0805019E0000021
:104D100070B500F00AF8040006D000F064FB96209D
:104D200000F088F8E6707FE070BD05461678042034
:104D3000D1F7B6BE80B502460FF2110300214FF045
:104D40000060FFF7BCFE002002BD000070B5054604
:104D500000F03DF904000FD000F06DF9952000F04F
:104D600069F8B11C3288A28004F108000822D2F749
:104D7000F3F87089E08057E070BDF8B505460E463F
:104D800017461620D1F78CFE040014D01621D1F757
:104D900037FC482000F04EF8A68008223888E080D2
:104DA000B91C04F10800D2F7D7F8B87A04F1100161
:104DB000FFF71FFE27E1F1BD70B500F008F8040011
:104DC00004D01821D1F71CFC602010E070BD05460E
:104DD00016461820D1F764BE70B5FFF7F8FF04003F
:104DE00004D01821D1F70CFC612000E070BD00F068
:104DF00021F8311D3278227108227088E081601D0F
:104E0000D2F7AAF8307B607470B1307B00F016F8EE
:104E1000606148B1002004E006EB4001CA8900F05F
:104E2000C5F8617C8842F7DB2146E8B2BDE87040F6
:104E3000D1F759BE20700021617070474000D2F751
:104E400095B8F8B505460F4616462C20D1F728FE32
:104E5000040039D02C21D1F7D3FB622000F05FF899
:104E600004F11101B079FFF7C4FDB08904F11C0110
:104E7000FFF7D4FD307900F0070020733079C008C7
:104E800000F0010060733079000900F00100A073A8
:104E9000707900F00700E0737079C0082074317AEF
:104EA000F07900EB0122E282707A2076B17AF07A12
:104EB00001EB00226283B07BF17B00EB0122A28434
:104EC0002146307CA0629FE0F1BDF8B505460F4653
:104ED00016461220D1F7E4FD04001FD01221D1F7AD
:104EE0008FFB632000F01BF804F10B017068C0F326
:104EF0000310FFF7B0FD7068000A04F10E0100F026
:104F00000F00FFF7A8FD7068000B00F00F00607441
:104F10002146307900F00F00A07275E0F1BD2070DD
:104F200000216170A7803078A0717188218170475D
:104F3000F8B505460F4616462020D1F7B1FD04000E
:104F400033D02021D1F75CFB6420FFF7E8FF3089E4
:104F50002082B17A01F00F01A17430792073F188B9
:104F6000E181F07AE074317C2176F07AFFF766FF18
:104F7000606148B1002004E0F16831F8102000F0D1
:104F800015F8E17C8842F7DB307CFFF757FFE061E2
:104F900050B1002005E0716931F81020E16900F09E
:104FA00006F8217E8842F6DB2DE0F1BD616921F82B
:104FB0001020401C7047F8B500F007F8040003D03B
:104FC00000F039F8652010E0F1BD05460F461646A1
:104FD0001020D1F765BDF8B5FFF7F7FF040003D047
:104FE00000F029F8662000E0F1BD00F027F8E0604D
:104FF00048B1002004E03118E26849791154401C9E
:10500000A17A8842F7DB2146E8B2BDE8F440D1F747
:105010006ABDF8B5FFF7D9FF04000BD000F00BF81C
:10502000682000F00BF8E06018B13279711DD1F7FB
:1050300093FFE8E7F1BD1021D1F7E2BA207000211B
:105040006170A7803078A071718821813079A07259
:105050003079D1F78BBFF8B505460E4617460E20BE
:10506000D1F71EFD04000DD00E21D1F7C9FA6A2038
:10507000FFF7E0FEA680E11D3878A0717888FFF781
:10508000CDFCC0E7F1BDF8B500F024F8040005D070
:1050900000F01DF86C2000F059F9B4E7F1BDF8B547
:1050A00000F018F8040005D000F011F86B2000F0B3
:1050B0004DF9A8E7F1BDF8B500F00CF8040005D0F3
:1050C00000F005F86D2000F041F99CE7F1BD0821E2
:1050D000D1F796BA054617780E460820D1F7E0BCFE
:1050E0002DE9F84300F035F8040030D0FFF7A3FFB6
:1050F0006E2000F0C1F80E2100F080F84843D1F78F
:1051000035FF0500E06021D04FF000091BE00E21C3
:105110002846D1F775FA07EB09160822311D2846F3
:10512000D1F71AFFB07B2872F17B6972307CA872CC
:10513000717CE972B07C2873F07C00B10120687347
:1051400009F101090E35607A8145E0DBEBE0BDE84D
:10515000F18380460D4617461020D1F7A1BC2DE9FA
:10516000F041FFF7F6FF040046D0FFF764FF6F2021
:10517000FFF760FEA5801A263878A0717978E17172
:1051800000F03CF816FB00F0D1F7F0FE0500E060FF
:105190002BD0607A16FB00F631462846D1F730FA5C
:1051A0003F1D00261EE00822B91C281DD1F7D4FEA1
:1051B000082207F10A0105F10C00D1F7CDFE38886D
:1051C0006880761C798A2980387D6875797DA97513
:1051D000B87DE875F97D6976387E2876797E2975FF
:1051E0001A351A37607A8642DDDB21465FFA88F08D
:1051F000BDE8F041D1F777BCBDE8F081B878207206
:10520000F87860727047F8B50646FFF7A3FF040010
:1052100031D0FFF710FF702000F02EF8FFF7EEFFFF
:10522000C000D1F7A3FE0500E06021D0617AC9007B
:10523000D1F7E6F9002118E007EBC10082882A8047
:10524000C3886B80427A2A71837A9A0744BF01230C
:10525000AB71827A530744BF0122EA71807AC20798
:1052600044BF01206871491C0835607A8142E3DB44
:105270002146F0B2C9E6F1BD207000216170A58021
:105280003878A0717978E17170472DE9F84380464C
:105290000D46FFF79CFE040043D0FFF7CCFE7120C3
:1052A000FFF7C8FDA5801A273078A0717178E171E9
:1052B000B0782072F078607217FB00F0D1F756FEDC
:1052C0000500E0602CD0607A17FB00F739462846CD
:1052D000D1F796F94FF000091FE0388AE88117E00E
:1052E000182101FB09F177180822391D2846D1F74A
:1052F00033FE387B2872F9896981387E2873032848
:10530000EBD1082207F1100105F10E00D1F724FEC0
:10531000B87EA87509F101091A35607A8145DFDB8D
:1053200001E0BDE8F18321465FFA88F0BDE8F4436F
:10533000D1F7D9BBF8B5FFF7CDFE040005D0FFF7D4
:10534000C6FE722000F002F85DE6F1BD207000217B
:105350006170A680A7717047F8B5FFF7BBFE040027
:1053600005D0FFF7B4FE7320FFF7F0FF4BE6F1BD69
:10537000F8B5FFF7AFFE040005D0FFF7A8FE7420D4
:10538000FFF7E4FF3FE6F1BDF8B505460F46FFF72E
:105390001FFD04001AD01821D1F732F97520FFF74C
:1053A00049FDA7803078A0717168A1603089A08123
:1053B0007189E181307B2074D1F7D8FD606120B123
:1053C000227C06F10D01D1F7C7FD1CE6F1BD70B5D9
:1053D000FFF7ABFC040005D000F005F89420207026
:1053E000E67021E570BD0421D1F70AB970B500F06F
:1053F00012F804000ED00C21D1F702F900F030F8B9
:10540000CB2100F062F82672656010B10079214668
:105410000CE505E070BD05460E460C20D1F740BBFB
:105420002046BDE87040D1F74FBB10B50320D1F73F
:1054300037FB040013D00321D1F7E2F800F010F895
:10544000CA2100F042F828B100792146BDE8104099
:10545000D1F749BB2046BDE81040D1F735BB10BDA0
:105460002F484068704770B506461220D1F718FBE8
:10547000050017D01221D1F7C3F829484468C72185
:105480002970002068700A22B18929823146B07AD9
:10549000A873281DD1F760FD14B120792946C5E411
:1054A0002846BEE770BD38B50546FFF740FC04004E
:1054B0000AD0FFF798FFFFF7D3FFC62100F005F8E9
:1054C000E57000B124E01EE031BD21700022627061
:1054D000704738B5050015D00620D1F7E1FA040071
:1054E00010D00621D1F78CF8FFF7BAFFC521FFF7DE
:1054F000ECFF2B78E37069782171AA78627100B1B2
:1055000006E000E031BD2046BDE83240D1F7DCBA0C
:1055100000792146BDE83440D1F7E5BA7C05204347
:105520009C1800207047FF1E10B5054C03E011F8D1
:10553000013B5840205C13465A1E002BF7D110BD8A
:10554000EC06000010B400228A700022CA70027FAC
:105550000A75826A00234B7300238B80838D4B83F3
:10556000C3894B8113780B70531C0C7814F003041F
:105570002200D2B2032A04DB002048730020087501
:1055800081E02200D2B2002A02D0E4B2022C3FD144
:105590000A7812F00C021400E4B20C2C05D00C783E
:1055A000E40602D41C788C705B1C1400E4B2082C56
:1055B00002D101240C7301E000240C73D2B20C2A36
:1055C00007D11A785C78240254FA82F28A809B1CF4
:1055D0000AE0427912F00302012A05D10A7852F05A
:1055E0000C020A7042898A800A78D20610D41A788E
:1055F0005C78240254FA82F2CA809A1C1378547898
:10560000240254FA83F30B81921C1378CB70531C41
:105610001A784A755B1C0A78120620D51A784A70E7
:105620005B1C4A7812F0FC0F04D14A7812F0030296
:10563000032A04D1002048730020087523E04A782B
:1056400012F0030F0DD01A78CA755B1C0A7812F09D
:105650000302022A05D11A780A765B1C01E00022B7
:105660004A700B610C7D826A9B1AE31A0B75037FEB
:105670000A7D9B1A4B73007F0A7D904203D2002063
:1056800048730020087510BC7047F8B586B0050057
:105690000C00267816F00C062078000601D556F08E
:1056A000800656F00206207810F00300012801D190
:1056B00056F010062078800601D556F020060C2101
:1056C00000226F463800D9F76BF88DF802606078D9
:1056D0008DF80300ADF8005001208DF805006846F4
:1056E000E4F7F2FB9DF81400002820D10120039973
:1056F0004876A078039981F83A00E078039981F818
:105700003B00E0880399C88720890399A1F84000ED
:10571000607D039981F84900207E039981F84C004F
:10572000E07D039981F84B006846E4F71AFC07B066
:10573000F0BD10B40022437B042B26D1037C002B48
:1057400023D14369002B20D04069037813F0030371
:10575000DBB2002B19D1437B4C68647DA34214D18A
:1057600043890C88A34210D183884C68E488A34203
:105770000BD180784B689B78984205D048680078B8
:1057800010F00C00042800D101221000C0B210BC9F
:1057900070471CB50B00597811F0030F0AD00E4C5E
:1057A0002168002916D00022010089B21800236860
:1057B00098470FE0ADF80000019369460748F8F7F5
:1057C000E6FE002806D00621417300210068407BD8
:1057D000E5F707FE13BD0000E47000203357030017
:1057E00010B502460020002302E0145D00195B1C86
:1057F000DCB28C42F9D3C0B210BD30B50346FF20F5
:10580000002400E0641CE2B28A420BD29A5C504051
:1058100008224500000654BF284685F03100521E7C
:10582000F7D1EFE7C0B230BD0221E6E740EA010C54
:105830001CEB0C0F4FF0807C07D305D01CEB400F06
:105840009CBF1CEB410F884270471CEB400F98BF78
:105850008142704780B508490A6853699847074AEA
:105860000021116002BD38B5034B1C68A569A8472B
:10587000024A0021116032BDA80100108404604278
:10588000016042600021521E8160C260016141617D
:10589000704770B504460D46D9F777F8A16862687D
:1058A0000E46AE4288BF2E46891BA1602169711841
:1058B0002161B1FBF2F302FB13112161D9F796F8D4
:1058C000304670BD8068704770B504460D46D9F704
:1058D0005CF821696268A668521A964288BF16462B
:1058E000226811442960D9F781F8304670BD30B57F
:1058F00081B004460D46D9F748F86168A2688A422B
:1059000015D0E268521CB2FBF1F301FB13212268AF
:105910005554E160A1686269491CA160914238BF99
:1059200011466161D9F762F8A06801B030BDD9F7BE
:105930005DF84FF0FF3001B030BD70B504460D4644
:10594000D9F723F8A1686268531AAB4238BF1D46E5
:10595000E368EB18B3FBF2F6691802FB1632A1609C
:10596000E260A1686269914238BF11466161D9F76E
:105970003DF8284670BD70B506460C46D9F705F8C7
:10598000F1687268491CB1FBF2F302FB1313B168B2
:10599000D51A521AAA4238BF154632681A442260F4
:1059A000D9F724F8284670BD40680268012142F802
:1059B0004C1F7047F0B5164C666883B02768307985
:1059C000D1F7EBFDD8F7E1FF05463878D0B9684646
:1059D000D9F704F800946B46B0790E4A0190381D4F
:1059E0007179D8F7AFFF012038704FF0FF3132687E
:1059F00042F82C1F01233068074900F108021160AA
:105A000040F8043F2846D8F7F1FF204603B0F0BD28
:105A100010170000A95903000004002070B5446865
:105A20000568D8F7B2FF0646287880B12079D1F70B
:105A300063FC012808D12168002041F8040F281DCB
:105A4000D8F7A1FF002028702079D1F73FFD30461C
:105A5000BDE87040D8F7CABF2DE9FC4180460F462B
:105A600014461D46002000266CB14FF0FF30009018
:105A700001ABA21BB919404600F009F801998E1933
:105A8000641A0028F0D005B12E60BDE8F6812DE93A
:105A9000FE4F80460026D8F8004089461746002B66
:105AA0000CBF0DF1080A9A46CAF80060D8F76DFFDE
:105AB0002179CA0704D4D8F799FF6FF00E00D1E01E
:105AC00004F15C05297821B1D8F790FF6FF0080048
:105AD000C8E001212970E27902F0D702E271C5F82D
:105AE0000490AF60EF606E612663D8F77FFF404699
:105AF000FBF714FF607938BB0C9911F1010F23D02B
:105B000011B304F1C400D1F7DEFB04F1C400D1F7F6
:105B1000DEFB19E058B14046FBF7C4FB6179E07940
:105B2000012962D0C1075FD4E86800285CD03846FC
:105B3000D8F75CFF6079012800F081804FF0FF31D9
:105B400004F17400F7F708FBD8F71FFF0746E86871
:105B5000002877D0E07901070DD4800611D44046A3
:105B6000FBF77CFB002104F17400F7F7F5FA3846E7
:105B7000D8F73CFF08E000F0F700E0716FF00D0689
:105B800060E06FF00C065DE001A904F14400FFF74E
:105B90009BFE0746D8F7F9FE8346E868B84238BF4F
:105BA0000746686901993A464844D0F72DFD3946C1
:105BB00004F14400FFF76DFEE868C01BE86058463A
:105BC000696979186961D8F711FF002F02DDE8686B
:105BD0000028D9D1D8F7D9FE61790746686902292A
:105BE00098D190BB6FF00F062FE0C10701D4E86891
:105BF00088BBEE602E703846217A41F00201217296
:105C0000D8F7F4FE207A00F00300022817D1D8F765
:105C1000BCFE217A01F0FD0141F001012172D8F7AB
:105C2000E5FE0096236C6A696968D4F808C14046AD
:105C3000E047207A00F0FE0020728007E7D4D8F712
:105C4000A4FE07466079012805D00021297004F1DF
:105C5000C400D1F73EFB6869CAF800003846D8F79F
:105C6000C5FE3046BDE8FE8F2DE9FE4F8046D8F8D0
:105C70000040D8F80400009089461746002617B95E
:105C80006FF0090020E1002B0CBF0DF1080A9A46C5
:105C9000D8F77BFE83462079C10705D45846D8F74C
:105CA000A5FE6FF00E000FE104F59275287828B17B
:105CB0005846D8F79BFE6FF0080005E1E07900F048
:105CC000EF00E07101212970C5F80490AF60EF602A
:105CD0006E6100F0BF00E07166630098FBF705FCA1
:105CE0005846D8F783FED8F756FE78BB94F83C00A8
:105CF000C10605D5236CA66B002210214046B04793
:105D00003E46009F686909EB000231463846FBF7C2
:105D1000FBFB69694118361A6961F3D13846FBF714
:105D200009FC0028FAD03846FBF791FA94F83C00B9
:105D3000810605D5236CA46B002220214046A04794
:105D4000002028706969CAF80010BDE0A079E0B9A8
:105D50000C9911F1010F18D0B9B104F5C670D1F743
:105D6000B2FA04F5C670D1F7B2FA0EE00129E8687C
:105D700063D0002800F085803846D8F737FE4FF012
:105D8000FF3104F59E70F7F7E7F9D8F7FEFD0746F7
:105D9000E868002812D0E079C1060AD440060ED483
:105DA000002104F59E70F7F7D7F93846D8F71EFEA4
:105DB00008E000F0EF00E0716FF00D0674E06FF0A6
:105DC0000C0671E001A904F58670FFF7D4FD0746C3
:105DD000D8F7DBFD8346E868B84238BF07466869F4
:105DE00009EB000101983A46D0F70EFC394604F55C
:105DF0008670FFF7A2FDE868C01BE8605846696935
:105E000079186961D8F7F2FD002F02DDE8680028F3
:105E1000D8D1D8F7BAFD0746686928B10098FBF7D2
:105E200064FB4046FBF797FAA17902299ED1686985
:105E300000283CD16FF00F0639E000283DD1002149
:105E400029703846D8F7D2FD207A40F00800207239
:105E500000F00C00082824D1207A00F0F70040F070
:105E6000040020720096236C6A69D4F8D0C14946B8
:105E70004046E047207A00F0FB0020720007EBD498
:105E80000FE089B93846D8F7B1FD04F59E774FF099
:105E9000FF313846F7F760F94FF0FF313846F7F732
:105EA0005BF9D8F772FD0746A079012805D00021DB
:105EB000297004F5C670D1F70CFA6869CAF80000B9
:105EC0003846D8F793FD3046BDE8FE8F70B5D8F759
:105ED0005CFD18490546087860B9012216480A7029
:105EE00004783CB1154E304656F80C1B8A68904732
:105EF000641EF8D12846BDE87040D8F777BD000091
:105F000030B50C4C237881B000227BB10A4C257847
:105F1000A8420BD209B900BF12A100EB40029200C7
:105F2000064B98189B58DA6890470246104601B015
:105F300030BD000056720020278103003817000092
:105F4000F0B400BF07A191E8FC0080E8FC00F0BCC1
:105F500070470268136918470168CA6910470168E9
:105F60000A6A10470100000040420F0001000000D3
:105F700000000000000000000000000030B583B009
:105F80000C001500012000F031F8009001940295FA
:105F900069460520ABBE281A03B030BD18B583B0E2
:105FA0000300140000930191029469460520ABBEE2
:105FB00001221900201AAFF3008004B010BD1E04A6
:105FC00010B500F03BF8020000230024E443106801
:105FD000A04203D011000220ABBE13605068A04263
:105FE00003D0111D0220ABBE536010BDF0B583B0CD
:105FF000040000F023F8A10047183D680026F6438E
:10600000B54216D1AFF300803D68B5420FD100BF55
:1060100009A00090002C01D1002000E00420019094
:106020000320029069460120ABBE05003D60AFF33E
:106030000080280003B0F0BD3A7474000048704737
:10604000001C002030B514462C219A4A48431044C5
:1060500000F1080585B02B788DF80030817801F0CB
:106060003F028DF8042001F01F01012202FA01F124
:106070000291C17800F0A1F804918DF80C306846C7
:10608000E97800F0A7FA01001CBF28792060080019
:1060900018BF012005B030BD2DE9F0432C21854A01
:1060A0004843161806F1080789B038788DF81000B3
:1060B0000122B07800F03F0100F01F008DF81410AD
:1060C00002FA00F006900225F17800F076F88DF8DB
:1060D0001C3008916A46022104A800F06DFB0228DA
:1060E0000CBF0124002404A800F016F914B96D1E99
:1060F000F0D15EE09DF800009DF8011041EA00211A
:10610000F1810C20FA8842430A21B2FBF1F0BA78FF
:10611000012A08BF400800034FF40064002118B9A9
:1061200035E04000A1F58051B0F5805FF9D3B0F5BE
:10613000005F24BF400801F58051F8D202460023D9
:106140000C20A2FB028902FB039903FB02994FEA90
:1061500029334FEA1832002B42EA095207DB02DCEE
:10616000B2F5005F03D35B104FEA3202611864108E
:10617000401EE6D140F2D14041430813FAF774FEC5
:106180004FF06651CFF70AF94B49CFF707F9CFF730
:1061900051FB401CADF80C0002210020029003AA24
:1061A000019100922123707800224FF48061CFF793
:1061B00054FD002009B0BDE8F08301F03F0301F079
:1061C0001F0102FA01F170472DE9F0473B4D394AB2
:1061D0002B7881462C2086B043430120D61891F8B5
:1061E00000A091F802803649B07186F80380B16151
:1061F00000243448F06100946A4601214846CEF7F5
:1062000083FA00281EBF0098002804460027009744
:106210006A4602214846CEF777FA30B1009F07F070
:106220000F07022F08BF1E2000D0C8203073B7729E
:106230002020012FF07204D0022F04BF2320F0721F
:1062400001E02121F17223213172E0B200B13472F8
:10625000317A8DF804100AF03F0201210AF01F0084
:106260008DF8082001FA00F0039008F03F0208F0D2
:106270001F008DF8102001FA00F0059001A800F031
:1062800023F8707A00F0FE007072012101A800F07E
:10629000A1F9232101A800F09DF9012806D1707A07
:1062A00040F0010070722978491C297006B0BDE8E1
:1062B000F08700003457002000401C462A7200205E
:1062C000456003009960030081680069DFF8B42429
:1062D000136C0B4313641160116C01431164106063
:1062E0007047F8B500F0A3F8064600F033F93C60BB
:1062F0000C20396C294339643D60EEF79DF800F0BD
:1063000029F93C610C20EEF797F800F09CF8BDE805
:10631000F2400C20EEF790B8F8B584680769DFF812
:106320006464D8F732FB0546306C20433064346136
:10633000306C384330643760FA20316B394201D118
:10634000401EFAD100F04FF8306C204330643460C6
:1063500000F049F82846BDE8F240D8F747BB2DE9E0
:10636000F843067984680569DFF8187400F0E3F8EB
:10637000D6F80090D8F709FB8046386CA043386403
:1063800049F00059D8F701FB0021731C31704FEA26
:106390001922B11C1A704FEA194C81F800C04FEA5B
:1063A000196906F8039FD8F721FB386C2843386435
:1063B0003D6100F018F800F03FF80026FA20396B34
:1063C00021420ED0401EFAD100F02EF800F00EF857
:1063D0004046D8F70BFB6420EEF72EF83046BDE8B8
:1063E000F2830126F0E74420D9F72EB9386C284310
:1063F00038643D61386C204338643C612E20D9F705
:1064000023B9F8B500F013F80646FFF7EFFF00F0E8
:106410000BF800F011F800F016F800F005F8BDE8F0
:10642000F2402E20D9F710B92E20D9F70DB9846883
:106430000569D44FD8F7A9BA386C284338643D6051
:106440002E20D9F701B9386C284338643D613046B5
:10645000D8F7CCBA2DE9F14F84B08268049BC94FBC
:1064600000928B461C69E24302924FF00109D8F773
:106470008CFA01904FF0080A00F065F800F06AF815
:106480003C61FFF7B0FF5FEA0B6005D5396C0098FF
:1064900001433964009939604FEA0B60800F00F0C6
:1064A000010080F0010800F006F900F053F8B9F19E
:1064B000000F3C6026D00498067B00F03CF84FF0BB
:1064C00000093568396C02980140396445F000557F
:1064D000D8F75BFA0021731C31702A0AB11C1A70BC
:1064E0004FEA154C81F800C02D0E06F8035FD8F76F
:1064F0007DFA9620396B214201D1401EFAD100F07D
:1065000029F83C6000F0D7F800F024F8B8F1000F4B
:106510004FEA4B0B3C6101D000F015F8BAF1010ACB
:10652000B1D100F010F8FFF765FF019805B0BDE8A4
:10653000F04FD8F75BBAB60006F0FC0606F18046CD
:1065400006F501267047396C0098014339640099BB
:1065500039617047386C20433864704704B56B4626
:10656000012200F001F802BD2DE9F04105460E467A
:1065700014469846FFF7B5FE29784906090E00F043
:106580004BF800F047F80027E0B1310A04D000F0E2
:1065900043F800F03FF8A8B1F1B200F03DF800F088
:1065A00039F878B1200008BF01270BD018F8011B7B
:1065B00000F032F800F02EF820B100F02FF87F1C28
:1065C000641EF3D12846FFF7A7FE00F027F8F8B2C3
:1065D000BDE8F08180B500230022FFF7C5FF012848
:1065E00018BF002002BDF8B505460C460027164628
:1065F000200008BF01270BD016F8011B00F00CF893
:1066000000F008F820B100F009F87F1C641EF3D1F7
:10661000F8B2F2BD2846A2E628461BE73220EDF785
:106620000BBF2DE9F0470479D0F808800769554D74
:10663000A40004F0FC0404F1804404F501244FF0AC
:1066400000092668D8F7A1F98246286C20EA0800DC
:10665000286446F00056D8F798F90021631C217091
:10666000320AA11C00F031F804F8036FD8F7BEF924
:1066700000F024F801260824286C384328642F6091
:1066800000F019F816B1002600F07EF8286B4FEAEA
:10669000490910EA080F18BF49F0010900F00BF88A
:1066A00000F00CF8641EE7D15046D8F79FF95FFA66
:1066B00089F0BDE8F0872220D8F7C6BF286C3843A0
:1066C00028642F612E20D8F7BFBF1A704FEA164CEE
:1066D00081F800C0360E70472DE9F84F0446894610
:1066E0002178490041F001019046C9B2FFF7B2FE9E
:1066F00000F09EF800284FF0000A3FD05FEA090042
:1067000008BF01203BD0CA461E4D31E0A66827696C
:10671000D8F73BF983460C20EDF78EFE286C30430A
:1067200028642E60FFF7C7FF286C384328642F6069
:1067300000F02AF8FFF778FE286C384328642F61B0
:10674000286C304328642E61FFF7B5FF5846D8F710
:106750004DF90BE02046FFF764FF88F800005FFA70
:1067600089F00028D2D02046FFF74BFE08F101083F
:106770004846A0F10109C0B20028EBD15046BDE85F
:10678000F28F000090200240FA20296B394201D19B
:10679000401EFAD17047F8B504460D4616461F460E
:1067A000FFF79FFD380018BFEDF746FE3246294639
:1067B0002046BDE8F8408FE770B504460D46164602
:1067C000FFF78FFD324629462046BDE8704083E73B
:1067D0002DE9F04104460D4616469846FFF781FD27
:1067E00021784906090E2046FFF734FE00F020F814
:1067F0000027A8B1290A05D02046FFF72BFE00F09C
:1068000017F868B1E9B22046FFF724FE00F010F84F
:1068100030B1424631462046FFF7CEFF07462EB143
:106820002046FFF779FDFFF7F9FE3846BDE8F08115
:10683000204694E513460122CAE704102DE9F047EB
:1068400080469946154643462C20DFF80C244343E6
:10685000D71807F10806BA7850068A4602D5491EAD
:106860008941C90F1046CFF7E9FC3079C0F38204A3
:10687000B9F1000F18BF002C29D0BAF1000F26D1B2
:1068800002214046CDF724FFDFF8D0030178012232
:10689000B856824012EA010018BF0120032C18BF2D
:1068A000062C09D020B1012C06D0042C0FD103E016
:1068B000022C18BF052C0AD130797288810744BF99
:1068C0004FF47A70424302214046CDF7CAFEF87871
:1068D00048B1410602D56D1EAD41ED0F2946BDE818
:1068E000F047CFF7ABBCBDE8F08770B5054613465F
:1068F0002C462C20DFF86023444310194A1E00F177
:1069000008069241D20F2846FFF798FF3488C4B199
:106910003079C0091CBF4FF47A704443707900F09D
:1069200007000228A8BF444301212846CDF7C7FE2F
:10693000224601212846CDF787FE307940F001003C
:10694000307170BD2DE9F84F894615464A462C2115
:106950004A43C14B9E18022806F1080742F2107400
:1069600049D1985C00F07F00232805F001013DD15A
:106970007879020721D5C10603D500F0EF007871C0
:1069800012E0411C61F3020000F00702052A787151
:1069900004DB00F0F80040F001007871797970783C
:1069A00001F00701CDF78BFF00F098F87879BDE88A
:1069B000F24F00F00700E9F7CDB83879420912F03C
:1069C000030212D0022A00D010D2C0070DD5012137
:1069D0004846CDF774FE00F086F8387900F0FE00E6
:1069E0003871C0F34110012876D001214846BDE836
:1069F000F84F012279E714281ED1787900F0F701C9
:106A0000C00800F0010080F0010041EAC001797186
:106A100048460421CDF75CFE7879010704D540F0A3
:106A20001000787100F05AF80320E9F793F87879AC
:106A3000C00800F001004BE0012808D1E8074BD561
:106A400000F051F8387900F0FE00387144E0002879
:106A500042D13879A907C0F382042FD574B3DFF887
:106A6000FCA170789AF800100122884682401140FB
:106A70008B4618BF4FF0010B611E05290CD8DFE8CB
:106A800001F00609030609038BF0010B04E04FF047
:106A9000000B01E04FF0010B5946E9F777FC042C9D
:106AA00004DB002259464846FFF71FFF9AF8000012
:106AB000804503D070780121EDF7CFF968070BD539
:106AC000797901F0F70179710320E9F743F80020A3
:106AD000BDE8F24FE9F723B8BDE8F18F2246042163
:106AE0004846CDF7BEBD0123002200214846A5E659
:106AF0002DE9FE4FDFF868B19BF8002082460E4674
:106B00002C2055494243707900F07F088F18B078E7
:106B10005449F870396264203881002300936A4632
:106B200001215046CDF7F0FD58B10098C0F30E009A
:106B300038810099387B00F07F00C90B40EAC11012
:106B4000387301256A4602215046002405FA0AF5E9
:106B5000CDF7DAFDA146EDB240B3009CB8F1230FAA
:106B600004F00F041AD10098397B000C788101F0F1
:106B7000FD01C20B41EA4201C0F30E003973788176
:106B8000009A120962F384013973009A120A62F3BF
:106B90004611397310B901F0E3013973072C16D887
:106BA000DFE804F004151308041513082B490A78CC
:106BB0002A4209E02C490A792A4208D0C978294298
:106BC00005D1E9F730FD284201D04FF00109717875
:106BD000B878CFF787FAB8F1230F04D0F178F878B6
:106BE000CFF780FA1CE00020019001A95046CDF7B4
:106BF00062FE20B10198797B60F302017973D3F7CB
:106C000027FB00B1102087F82800787B10F0070FD1
:106C100004D100F0F80040F0010078730020F87013
:106C20001CB149465046E9F7B1FB9BF80000411CF6
:106C3000B8F1230F8BF8001007D1032C05DC0023DB
:106C400000220021FFF7FAFD03E001224946FFF789
:106C50004CFEBDE8F78F0000345700202972002059
:106C60002A72002045690300946E0020E0B5017887
:106C70008DF8001042788DF8012081788DF802108F
:106C8000C1784A1E8DF8032041798DF80410C1881F
:106C9000ADF806106846CEF745F90EBD1CB50C469A
:106CA00001686846CEF79EF89DF8000020709DF8B8
:106CB0000110617000219DF80200A0709DF8030092
:106CC000401C8DF80300E0709DF804006071BDF871
:106CD0000600E08061819DF804109DF80320BDF856
:106CE0000600491CC9B200F0EDFD072808BF0020CE
:106CF000207100202081204616BD4FF0FF314181D8
:106D0000B4E7CBE78A1030B500F00BF82143C1544B
:106D100030BD8A1030B500F004F824EA0101C154F6
:106D200030BD01EB5272D210D3B20125C45CA1EB8D
:106D3000C20105FA01F170478A1001EB527210B5D9
:106D4000D210D3B20124C05CA1EBC20104FA01F15C
:106D5000084018BF012010BD70B504000D460ED0CC
:106D6000002605E054F8260008B1D0F700F9761C9B
:106D7000AE42F7D32046BDE87040D0F7F8B870BDFA
:106D8000F8B505000E4610D0771C3846D0F7EEF85F
:106D9000040001D10020F2BD3946CFF731FC324664
:106DA00029462046CFF730FC2046F2BDF8B5040056
:106DB0000D4616461F460BD000E0761CAE4207D2A9
:106DC00031462046FFF7B8FF0028F6D0F0B2F2BDFA
:106DD000012038700020F2BD00281CBF4FF0FF33A7
:106DE000994200D17047002250F822308B42F9D0EE
:106DF000521C072AF8DB002250F8223013F1010F51
:106E000003D0521C072AF7DB704740F82210704766
:106E100010B500281CBF4FF0FF34A14224D0062932
:106E200022D8DFE801F0040D111515191D000178B5
:106E300052180270FFF761FF10F1010F16D113E035
:106E4000417852184270F5E7817852188270F1E764
:106E5000C1785218C270EDE7417952184271E9E7E2
:106E6000C1885218C280E5E7012010BD002010BD86
:106E700080B500281CBF4FF0FF33994221D006296E
:106E80001FD8DFE801F0040C0F1215181B000021B9
:106E90000170FFF732FF10F1010F14D111E0002152
:106EA0004170F6E700228270F3E700210171F0E7FC
:106EB0000122C270EDE700214171EAE70022C280A1
:106EC000E7E7012002BD002002BD70B505000C46B9
:106ED00018BF002C01D1012070BD002654F82610E7
:106EE00011F1010F05D049B22846FFF7C1FF01009B
:106EF000F2D1761C072EF1DB002070BD10B5002802
:106F00001CBF4FF0FF34A1421AD0062918D8DFE881
:106F100001F0040B0D0F111315000270FFF7EDFEC9
:106F200010F1010F0ED10BE04270F7E78270F5E728
:106F30000271F3E7C270F1E74271EFE7C280EDE75B
:106F4000012010BD002010BD2DE9F8431E4600238E
:106F50008DF800300746089C884615466B46FFF7BB
:106F600025FF81469DF80000B8B1099841B2012281
:106F70003046FFF74DFFF8B961B23046FFF778FFB2
:106F8000D0B98DF800006B46002241463846FFF725
:106F90000DFF81469DF8000008B9A9450AD04A4670
:106FA00061B23046FFF7AAFF30B90A993046FFF7C1
:106FB0008CFF08B9484603E00B98012101700020BE
:106FC000BDE8F2832DE9F84F86B00D4600218046DA
:106FD0008DF8101000F055FC06004FF0FF0A08BFB6
:106FE0008DF810A000F0A08000F04CFC5FEA0009D2
:106FF00000F0908000204FF0FF3146F8201049F853
:107000002010401C0628F8DD00F028FCFFF79CFF4C
:1070100000F08DF80AD189B28F4201D100F00CFC4A
:1070200000F00EFCFFF790FF00F081F874D189B2F8
:107030008F42059403D1012100F0FFFB07E02246B7
:1070400000F07BF88DF8100000F072F864D100F0C9
:10705000E5FBFFF779FF00F06AF85DD189B28C4259
:1070600003D1022100F0E9FB06E000F065F88DF89D
:10707000100000F05DF84FD1E878ADF8000004464C
:107080002F794FF0000B05E0EC782F793146284638
:10709000FFF71BFFE1B208F11400FFF74DFE10B13E
:1070A00000F0EAFB70B900F0A5FB0BD245B1E8781F
:1070B000401CE8702846FFF720FE10F1010FE3D1D5
:1070C000012024E000F034F826D1BDF80000A042F1
:1070D00003D1042100F0B1FB06E000F02DF88DF89B
:1070E00010009DF81000B8B900F08AFBFFF72CFFE4
:1070F00001469DF8100078B989B28C420CD0E9881D
:107100000598091A052905D2024600F016F88DF8EF
:10711000100001E08DF810A000F03CFBB9F1000F69
:107120001CBF4846CFF723FF9DF8100055E10146EC
:107130009DF8100000287047059A2946404641E70F
:1071400038B5040001D1012032BD002503E000F074
:10715000E1FB60556D1C605D0028F8D132BD38B58B
:1071600005460C46D7F724FA002101600022694643
:10717000284600F01EFC0546D7F71AFADFF80C1671
:1071800000680A68904205D00099087810B9B5F5F2
:10719000004F03D301202070002032BD0021217058
:1071A000284632BD2DE9F04F85B0924600260025D5
:1071B00000270022002300280C46BB4603920293BE
:1071C00072D004E07F1CB7F5807F6DD2521C815CC9
:1071D0000029F7D1994680460FE0084600F0EBFB06
:1071E00048B96D1C07E018F809108C42F5D1002D44
:1071F000C4BF0646002509F10109701CB945F2D348
:10720000002DC8BF0646002E49D0781CCFF7AEFE31
:107210005FEA000948D0781C019001464846CFF744
:10722000EFF9B000CFF7A2FE5FEA000B39D0B10052
:10723000D7F7EAFA8DF8004004970025039C029FD7
:107240001DE000F0B8FBC8B918F8050009F8040003
:10725000641C13E018F805009DF800108142F0D17D
:1072600064B121464846FFF78BFDD0B14BF82700AB
:1072700048460199CFF7C4F97F1C00246D1C04987F
:107280008542E7D3210005D04846FFF779FD40B19C
:107290004BF827004846CFF76AFECAF80060584608
:1072A00009E04846CFF763FE31465846FFF754FDE4
:1072B0000020CAF8000005B0BDE8F08F2DE9F64FB8
:1072C00085B0002501210290019100952DE029460D
:1072D000204600F07AFBA0EB040B5A4621463046CC
:1072E00000F08AFB0499584400F0BEFBD34400EB45
:1072F00009065C443846471E0028E8D1214630463E
:1073000000F0B2FB45460398CFF731FE019810B963
:107310000298CFF72CFE002D43D00198029508B1BA
:10732000002101910098401C009000980699884225
:1073300052D2054600F0A4FB01210A2202E0B0FB74
:10734000F2F0491C0028FAD1C9B20A2924DA481CF3
:10735000CFF70CFE04001FD02A4621A100F094FBB9
:10736000002816D4039426460598009950F8215019
:10737000029C64B305B91BA506B91AA62846CFF727
:1073800031FF82463046CFF72DFF81462046002749
:107390000BE02046CFF7EBFD019810B90298CFF72C
:1073A000E6FD002019E050447F1C294600F00DFB4B
:1073B0000028F8D12046CFF715FFA9EB0A0107FBFB
:1073C0000100401CCFF7D2FD5FEA000801D1002583
:1073D00099E7049606468DE7284607B0BDE8F08F8A
:1073E000256400000000000038B504000D460BD0F5
:1073F000CFF7F8FE002100E0491C814204D2625C14
:10740000AA42F9D1012032BD002032BD2DE9FE4350
:10741000814600260F4690461D4601960820CFF76C
:10742000A5FD0400287826D0266066604846CFF780
:10743000D9FE012804BF99F800002A280BD1276043
:10744000A8F101016160206840453CBF6168414589
:1074500042D386200FE02D214846FFF7C5FFC0B973
:107460008DF8000069464846FFF779FE01469DF811
:10747000000060B18120287030460199FFF76CFC54
:1074800014B12046CFF773FD0020BDE8FE832160D4
:10749000D8E701AA2D214846FFF784FE0646019849
:1074A000022818BF8520E6D100208DF8000069462B
:1074B0003068FFF754FE20609DF8000008B182207C
:1074C000D9E770686946FFF74AFE60609DF80000E2
:1074D0000028B8D08320CEE7B8422CBFB94287201D
:1074E000C9D3814238BF8820C5D301993046FFF700
:1074F00033FC002028702046C7E72DE9F04F85B007
:107500001E460E9D00238A461746029302AA2C218E
:10751000FFF748FE5FEA000906D189202870484637
:107520000299FFF719FCC6E64FF0000B049703968B
:1075300010E031465046FFF7E5FBBE196068B042E7
:10754000F7D201994046FFF707FC2046CFF70FFD21
:107550000BF1010B02988345E1D259F82B002F2142
:10756000FFF742FFD0B9039A049959F82B002B4634
:10757000FFF74CFF0646287808B9376809E0002E67
:10758000CDD000F007F9CAE739465046FFF7BAFBFD
:107590007F1C7068B842F7D23046D7E700200190D0
:1075A00001AA59F82B002F21FFF7FCFD8046019816
:1075B000022821D1039A0499D8F800002B46FFF73E
:1075C00025FF04462878F0B9D8F800002D21FFF7F0
:1075D0000BFF10B90398401E606000208DF800007A
:1075E0006946D8F80400FFF7BAFD07469DF8000089
:1075F00078B98FB12668A1E78A20287040460199A2
:10760000FFF7AAFB8BE7002CF8D02046CFF7AFFCA2
:10761000F4E784202870F8E78B202870F5E7FEB5A2
:107620000C46002115460291002705B901AD2970CD
:1076300008B98E20A3E00CB98F20A0E002AA202177
:10764000FFF7B0FD07460298062818BF9020F4D136
:107650001A212046CEF7D4FF00953C23386800223B
:107660002146FFF74AFF2878002809D100953C23DE
:107670007868002204F10801FFF73FFF287800280E
:107680007CD100951823B868002204F11001FFF79F
:1076900034FF2878002871D1FE683046CFF7A2FD6C
:1076A000012801BF30783F282A213170009520231E
:1076B000012204F114013046FFF71FFF287800284B
:1076C0005CD13E693046FFF73BFD0D223049304624
:1076D000FFF7F4FD060008BF8C2034D000950D2381
:1076E000012204F11801FFF708FF00F053F801260A
:1076F000314604F11800FFF71FFB48B1711E04F179
:107700001800FFF7FFFA314604F11800FFF701FBFC
:10771000761C0D2EECD3287880BB7E693046CFF7DF
:1077200061FD012801BF30783F282A2131703046A1
:10773000FFF706FD07220FF270113046FFF7BEFD7E
:10774000060002D18D20287018E000950823002241
:1077500004F11301FFF7D1FE00F01CF8072104F13A
:107760001300FFF7E9FA48B1002104F11300FFF715
:10777000C9FA072104F11300FFF7CBFA2878287023
:1077800038460299FFF7E8FAF7BD0000F83E00001E
:10779000B80600003046CFF7EABB72B5050083B0EB
:1077A0001CD000F075F8040018D0FFF7A6FA0646C2
:1077B00016F1010F12D000F018F878B900F065F852
:1077C00010F1010F0AD0B0420BD101220021204656
:1077D000FFF71EFB10B900F008F810B14FF0FF30B2
:1077E00001E000F052F804B070BDE288214628465E
:1077F000FFF7E8BB5846B0F5B77F00F1010B7047C3
:107800006C7904A80621052203900191009202964A
:107810002B4622460C2108F118007047AC7804A8CA
:107820000321022203900191009202962B462246E8
:10783000182108F11000704700213046FFF7CCBA3C
:107840006F7804A802210122039001910092029610
:107850002B463A463C2108F1080070472F7804A8CF
:1078600001210022039001910092CDF808902B464F
:107870003A463C2140467047394608F11300FFF76D
:107880005BBA14461C20CFF771BB2046FFF735BA10
:107890006A4600200021002382E80B00694603A805
:1078A000FFF72FBA00000000680600006C06000019
:1078B0007006000074060000780600007C060000D8
:1078C0008006000070B50329BCBF0C31401E80B299
:1078D000642590FBF5F3DDB2C9B2491C64240A2685
:1078E00004FB13001A23594391FBF6F1C0B2891827
:1078F000411801EBA00105EB8500411801EBA50142
:10790000491D0720B1FBF0F0C0EBC000091A491C6B
:10791000C8B270BDA0F161011A2938BF2038704784
:107920002DE9FC4106460D001C4608BF6D46B046D9
:1079300001E008F1010898F80000A0F1090105290B
:10794000F7D32028F5D007462D2F18BF2B2F08D1AD
:1079500018F8010FA0F1090105290AD3202801D147
:1079600007E02B272946404600F0AEF829688845F5
:1079700003D12E600020BDE8F6812B2F04D1B0F199
:10798000004F06D2BDE8F6812D2FFBD1B0F1004F9C
:107990000CD9D6F704FE0CB1012020602D2F14BFA6
:1079A0006FF000404FF00040BDE8F6814042BDE876
:1079B000F6810023B4E7A0F10901052901D32028AD
:1079C00001D1012070470020704770B50D462C781A
:1079D00034B970BD11F8013F1678B34206D0401C8F
:1079E000214600F013F928B101462A4612F8013F5A
:1079F000002BEFD170BD094001B58B071AD1830769
:107A000024D1121F21D351F8043BA3F1013C2CEAED
:107A1000030C1CF0803C04BF40F8043BF1E79CFAE7
:107A20008CFCBCFA8CF1C1F118018B40CB4040F8C2
:107A3000043B13E0042A09D311F8013B521E00F85D
:107A4000013B5BB18B07F7D1D9E7121D5AB111F891
:107A5000013B521E00F8013B03B1F8D111001CBFDD
:107A60000022D6F7A1FE01BD5FEA000C11F8012B40
:107A700000F8012B12B111F8012BF9E760467047AD
:107A8000002848BF404270470CB430B583B00A4666
:107A900006A90291044600250194009502AB01A9B4
:107AA000084878441E3000F0BDF8019A157000288F
:107AB0004EBF04460198041B204603B030BC5DF85D
:107AC0000CFB00BFBBB2FEFF2DE9F84F84B00BB139
:107AD00000241C600446A04601E008F1010898F863
:107AE0000000A0F10903052BF7D32028F5D02D289D
:107AF00016BF2B2818F8015B2B25002A019103D40F
:107B0000012A01D0252A03DB002959D00C6057E057
:107B1000002A0CDD102A04BF98F80000302802BFAC
:107B200098F8010040F02000782811D10CE098F876
:107B30000000302818BF0A220AD198F8010040F04E
:107B40002000782803D1102208F1020800E0082262
:107B5000CDF80C8001E008F1010898F80000302809
:107B6000F9D0074E7E4418364FF0000906F1280080
:107B7000CDF80880CA468DF8000017460CE000BF1B
:107B80007CC3FCFF9DF80010401ACA465FFA80FBD8
:107B900007FB09B908F1010898F80010A1F14100AC
:107BA0001A2838BF20313A4606F1280000F0BCFA06
:107BB0000028E7D10399414504D1019800B1046040
:107BC000002020E00299F05DA8EB0101081A0028CE
:107BD00010D406DCB9EB0B0103D3B1FBF7F0504531
:107BE00008D0D6F7DCFC049808B1012101604FF001
:107BF000FF3903E02D2D08BFC9F10009019808B134
:107C0000C0F80080484605B0BDE8F08FC9B20278E0
:107C10008A421AB11CBF10F8012FF9E718BF0020E3
:107C2000704720002DE9F84F94B0174602910DF1EE
:107C30002E011E9ADFF8A08312914A70002108914C
:107C400082464FF0FF311D460CAE13910CE0252803
:107C50000FD017F8011B0298D0470028029000F0BF
:107C6000B9800898401C089038780028EFD108980F
:107C7000B4E100200021002205900691079201E066
:107C800041F0010117F8010F2028F9D023280CD06A
:107C90002B2804D02D2805D0302809D00BE041F046
:107CA0000201EFE741F00401ECE741F00801E9E7E8
:107CB00041F01001E6E72A280CD12A6852F8040B9B
:107CC0002A6000280A9003D540420A9041F004013E
:107CD0007F1C10E00A9209E00A98404505DA00EBA3
:107CE000800302EB4302303A0A927F1C3A78A2F1F9
:107CF00030000A28F0D338782E2802D01398099043
:107D000021E017F8010F2A2806D1286850F8042B23
:107D1000286009927F1C16E02D280CBF7F1C0020D4
:107D2000002209920AE040B9099A424505DA02EBBD
:107D3000820403EB4403303B09937F1C3B78A3F19F
:107D400030020A2AEFD3ADF82C100FF2B430397894
:107D5000FFF75CFF08B117F8010B8DF82E009DF8B6
:107D60002E00682804BF3978682903D162208DF875
:107D70002E007F1C0CA8049017F8012B252A114611
:107D800013D0582A4BD0632A00F0A880642A18BF69
:107D9000692A6FD06F2A42D0702A37D0732A07D051
:107DA000752A18BF782A3AD0A1E0012205929BE0FB
:107DB000286850F8044B2860039494B912994878C5
:107DC00058B10FF2443000F0DBF94FF0FF34241AC1
:107DD00000F097804FF0FF3000E10FF24830039041
:107DE0008FE0DDF82490B9F1000F04D52046CFF7DD
:107DF000F9F9044608E04A460021204600F094F9CB
:107E0000002814BF041B4C4606947AE0286850F8FA
:107E1000041B286001910CA9039178215AE09DF878
:107E20002E00622802D0682806D00BE0296851F89D
:107E3000040B2960C0B209E0296851F8040B2960DD
:107E400080B203E0296851F8040B296001909DF885
:107E50002C00010739D50198002836D042F02001C6
:107E6000782932D1059830213154401C431C0593A8
:107E700032542AE09DF82E00622802D0682806D0ED
:107E80000BE0296851F8040B296040B209E0296829
:107E900051F8040B296000B203E0296851F8040B83
:107EA00029600028019002D505982D210AE0BDF82F
:107EB0002C00810702D505982B2103E0C00704D5CB
:107EC000059820213154401C05900CA805990144C7
:107ED0000391114601A800F084F812E001200590FA
:107EE000286850F8041B28608DF8301009E0012143
:107EF0000591252311008DF8303002D00220059025
:107F000072700A980599079A401A0699801AA0EB90
:107F100001099DF82C00410711D42020B9F1000F70
:107F20008DF800000BDD4C4601236A4601A950463E
:107F300000F0CFF800287FF44DAF641EF4D1059C0B
:107F40000DF1300B64B11BF8012B01A9504600F074
:107F5000B0F8002801D4641EF5D100287FF43AAFB0
:107F6000079C3020002C8DF800000ADD01236A46B2
:107F700001A9504600F0ADF800287FF42BAF641E35
:107F8000F4D1DDF80CB0069C64B11BF8012B01A9FB
:107F9000504600F08EF8002801D4641EF5D1002868
:107FA0007FF418AF9DF82C0041077FF55DAE2020CF
:107FB000B9F1000F8DF800007FF756AE4C46012353
:107FC0006A4601A9504600F084F800287FF402AF09
:107FD000641EF4D148E60000CBCCCC0C15B0BDE853
:107FE000F08FF0B402466F29D46808BF082605D088
:107FF00041F02000782814BF0A261026136818259F
:108000001846642918BF692902D1002B48BF404295
:1080100058B9136A4BB9082E27D192F828000107E6
:1080200023D530201725E0751FE0B0FBF6F706FBDF
:10803000170030306D1EC3B23A2B03DA605538009A
:1080400003D106E040185138F8E793686719BB423E
:10805000EBD3082E09D192F82800010705D5605D01
:10806000302802D06D1E30206055C5F11803106A0B
:10807000536161198342916008DA118DC31A4FF67A
:10808000EF70014093611185F0BC704700280ED558
:1080900092F8280000F01400102808D1546A1169E1
:1080A0009069641A241AE31A012BA8BF9361F0BCEB
:1080B000704710B503460C461146606898476060EB
:1080C00020B1E069401CE061002010BD4FF0FF309E
:1080D00010BDF8B505460E4617461C4600205CB19B
:1080E00017F8011B7068A847706030B1F069401C38
:1080F000F0610020641EF3D1F2BD4FF0FF30F2BDFD
:10810000686C747A4C0000007072696E74665F73FC
:108110003A2062616420257320617267756D656E17
:1081200074000000001E0205C9B2830706D0521E6B
:1081300022D310F8013B9942F7D11FE0083A13D33C
:1081400002F1040241EA012141EA014150F8043BF5
:10815000121F21BF4B40A3F1013C2CEA030C1CF081
:10816000803FF3D0C9B2001F083210F8013B521E05
:1081700028BF91EA030FF8D818BF0120401E7047AE
:1081800080B500B906A005490B681BB12222002169
:10819000984701E000F014F8222002BDF47100209D
:1081A000636F6E73747261696E742068616E646C63
:1081B00065723A20626164206D6573736167650062
:1081C000012000F001B801FF80B5FDF7F9FE024A79
:1081D00011001820ABBEFBE726000200F8B52C22E8
:1081E000DFF82435504318440C00426918BF0124BD
:1081F000467815780027F8B2B0420DD025FA07F07E
:10820000C30709D500222146F8B2E8F7CBF818B128
:108210000121F8B2EBF721FE7F1CF8B20828EADB57
:10822000F1BD10B50C4623462C21DFF8DC244B436E
:10823000D118012849690BD18868B0B100F0D1FA92
:108240002046BDE810404FF4FA720121CCF7FCB98A
:1082500058B9487900F0FB00487100212046FFF72B
:10826000BDFF2046BDE8104020E010BD38B50446F3
:1082700022462C20DFF8901442438818456968880C
:1082800098B101212046FFF7A9FF68796A8840F07C
:108290000400687101214FF47A7042432046CCF704
:1082A000E0F92046BDE8344000E031BD0021FCE0AB
:1082B0007CB50C46150004BF6C460125CCF7D8FAF6
:1082C00000F0D5F90246B1B21020CEF764FF234684
:1082D0002A46B1B21020CEF7B2FE73BD2DE9F047A9
:1082E0008AB0512B18BF552B03D06F2B18BF672BAB
:1082F00001D1012100E00021112A34D1042B18BF43
:10830000432B01D00A002ED0804645462C20DFF8B2
:10831000F823129CDDF850A0454302EB05091D46E9
:10832000D9F81460200018BF012813D1042D02D001
:10833000432D07D008E099F80100CCF799FA00F036
:1083400040F903E0042001E011B10120AAF8000087
:10835000200037D0139F022869D1042D04D0432D6B
:1083600031D0552D37D09CE03C782CB3601CCEF733
:10837000FDFD05004FF0000A1CD02246791CCEF707
:10838000EBFD05F804A02946684600F065FA307157
:1083900048B999F8010022462946FFF789FF40466F
:1083A00000F014F982462846CEF7E1FD0021404650
:1083B00000F07BF8504675E099F80100002200219A
:1083C000FFF776FF6BE03C6899F801002146CCF797
:1083D00076FA748063E03878C8B1D9F814406088C0
:1083E00000285CD001214046FFF7F8FE60796288E2
:1083F00040F00400607101214FF47A70424340461E
:10840000CCF72FF90021404600F04FF847E0707993
:10841000410744D501214046CCF75AF9707900F064
:10842000FB00707100214046FFF7D8FE37E0012CB9
:1084300037D1042D0AD0432D13D0512D19D0552DED
:1084400020D0672D23D06F2D26D02AE0BAF8002047
:108450002AB399F801003B46D2B20121CCF70BFABE
:108460001DE070880090042269463846CEF774FDFE
:1084700015E0B06890F8E111880701D5307948B16E
:10848000012007E07079800800F0010002E03079F7
:1084900000F07F00387002E000F089F839700120A8
:1084A00000E000200AB0BDE8F0872DE9FC472C2150
:1084B000954A484315186E69707910F0030F14BF80
:1084C0004FF004094FF006094F46C7EBC7070421D8
:1084D00000247F1C10F0030FFFB207D16878CCF79F
:1084E000C7F900F06EF80446E1B209317818CEF70A
:1084F0003DFD5FEA000857D088F80090C9EBC90934
:108500004A46824908F10100CEF726FDB06890F88E
:10851000E111880708EB070A01D5307900B1012085
:108520008AF80000C8F804A07079800800F0010003
:108530000AF8010FC8F80BA0307900F07F000AF8A4
:10854000010FC8F812A000F032F80AF8011FC8F8AD
:1085500019A00AF10109707910F0030F1BD1C8F8B6
:108560002090E0B209F8014B38B168784B46E2B28E
:108570000121CCF780F9E4B2A14470880090042274
:1085800069464846CEF7E8FCC8F827907079411C48
:1085900061F301007071022000903F1D6878FBB20A
:1085A00042461121CDF7F9FC0020BDE8F687B068FE
:1085B00090F8E111490801F0010181F00101C900C1
:1085C0007047411C89B21020CEF765BD2DE9F843F4
:1085D000814649462C224C48514344180121676981
:1085E0004846CCF76CF8B86800F0B5F86078CCF77E
:1085F0003FF900F03CF88E255FEA00081DD008F135
:108600000100CEF7B3FC04001FD0009443460022C3
:10861000B1B21020CEF778FD50B904F8080000215F
:1086200000914B46B8683A4A214600F02DF90546BC
:108630002046CEF79CFC802D09DBB86890F8E1114C
:1086400001F0FD0180F8E1113D7100200DE0B868F6
:1086500090F8E11141F0020180F8E1114FF4FA7253
:1086600001214846CBF7F0FF0120BDE8F283461C0C
:10867000B1B21020CEF70FBDF8B5264D224A2E78A4
:108680002C214E430446164406F1180022A1142260
:10869000CDF7CAFF06F1080777614FF4F270CEF705
:1086A00065FC306170B3002100916A4601212046CB
:1086B000CCF72AF800281EBF00980028307200214D
:1086C000009120466946CCF7F6F868B96A4602215F
:1086D0002046CCF719F800281CBF0098002805D0C8
:1086E00001462046CCF7EBF8009870816B460022DB
:1086F00001212046CCF7BFF82878FFF767FF2878DC
:10870000401C2870F1BD000034570020EC07000029
:108710006D8203002A72002000000000AB84030079
:1087200023820300DD8203000300000038B5044605
:108730000D4694F82500C1070CD500F0D5F8014688
:10874000206A38B1E069814200D21DB12046FFF7AE
:1087500024F8E06131BD38B50446002500F075F815
:10876000E9B2204600F01DF86D1CE8B20C28F7DBDA
:1087700031BD38B500F012F848B100F009F841F009
:10878000010180F825100021BDE83440CEE731BD5D
:1087900028204543601990F82510704704460D467F
:1087A00014E038B5FFF7FAFF78B1282045432C4490
:1087B0001A212046CDF724FF00202062E06194F8C2
:1087C000250000F0FC0084F8250031BD0C2906DAF4
:1087D000282251430144086A08B101207047002053
:1087E0007047FFE72DE9F041044694F8E101810765
:1087F00029D5C20727D440F0010084F8E101002602
:1088000000F072F88046F0B228214843204400F17D
:1088100024077978CA0710D5C36998450DD3056A2E
:10882000890704D5F1B22046FFF7BBFF02E0002123
:10883000FFF77CFF0DB13878A847761CF0B20C2802
:10884000E1DB00F002F8BDE8F08194F8E10100F00E
:10885000FE0084F8E101704738B500220D468DF81E
:10886000002004461A21D5F7CFFF6A462146284644
:10887000FEF7D5FE9DF8000018B11A212046D5F765
:10888000C3FF9DF8000032BD2DE9F8430746884636
:1088900014461D460026F1B23846FFF797FF20B177
:1088A000761CF1B20C29F6DB1BE0F1B22820414323
:1088B00007EB010941464846FFF7CEFF010011D101
:1088C000089809F120014A790C6002F0FD0242EAA1
:1088D00040024A710D71F1B23846FFF74AFFF0B21B
:1088E00000E09120BDE8F283CCF779BA7FB50D4660
:1088F00002AB07220021FDF76BFF072840D102AE33
:10890000B079F7F7BDFA0446687A01070AD440F057
:1089100008006872002C14BF0421002100F0FB0045
:1089200008436872687A41072AD59DF80800F7F76E
:10893000A7FA8DF8000004F5FA647078F7F7A0FA4A
:108940008DF80100B07800F03F00F7F799FA8DF844
:1089500002003079F7F794FA401E8DF803009DF875
:108960000D0000F01F00F7F78BFA411E8DF8041080
:10897000ADF806406846CCF7D5FAE860012000E083
:10898000002004B070BD70B586B02C21B64A4843B3
:10899000141804F108052078C00935D028788DF81E
:1089A00004000122A07800F06CF9E17800F062F98F
:1089B00005918DF810302146FFF798FF20B3CCF7D2
:1089C0000EFA01466868884234BF091A411A06291E
:1089D00028BFCCF701FA0C20CEF7C8FA020013D05A
:1089E0000121117002F108006B680360511C002521
:1089F000C1F80300E2260D808E70022000900C2347
:108A000060780A21CDF7C9FA002006B070BD2DE9C3
:108A1000F0410A2A8AB0044602D1180018BF012B7F
:108A200040F0B3801099080018BF01290BD11298AB
:108A30001A0002D10425058002E0012B08BF038043
:108A4000080000F0A0802C204443874D11982E1977
:108A5000022906F108077BD119006CD10068029049
:108A600078604FF00108787840F0030078707868FB
:108A7000CCF7B2F93078C0095BD038788DF81400A3
:108A8000B07800F03F0100F01F0008FA00F00790F6
:108A90008DF81810E81C015D01F03F0301F01F0183
:108AA00008FA01F109918DF8203068460299CCF757
:108AB00099F99DF80400401C8DF8040003AC9DF862
:108AC0000300401C8DF803009DF80000F7F7E2F961
:108AD0008DF80C009DF80100F7F7DCF960709DF847
:108AE0000200F7F7D7F9A0709DF803209DF8041055
:108AF000BDF80600FEF7E6FEE0709DF80300F7F70C
:108B0000C9F920719DF80400F7F7C4F98DF8110038
:108B1000BDF806003030C0B2F7F7BCF9A07103AB66
:108B20000722002105A8FDF71FFD072818BF4FF0F9
:108B3000000840462AE0012B27D1007879784008C8
:108B400001F0FD0100F0010041EA400179701AE0F6
:108B500001291AD119000ED14FF0FF3102917A7814
:108B6000510703D57A6841498A180292042202A962
:108B7000CEF7F2F907E0012B07D17A7800219307AD
:108B800048BF02210170012000E000200AB0BDE8CA
:108B9000F08100002DE9F041354C86B026780F4673
:108BA0002C25314915FB06F680468D1905F1180074
:108BB00039A11422CDF738FD01200021BF78A8711A
:108BC000EF70009105F1080068616A460121404696
:108BD000CBF79AFD682700281EBF0098002807469B
:108BE0006A4602214046CBF78FFD00281CBF009843
:108BF000002803D0687A40F0100068722F720122BA
:108C0000287A8DF80400A87800F03BF8E97800F0A5
:108C100031F88DF810300591FDF756FB687A00F0B9
:108C2000FE006872C0064CBF07210E211D2201A85C
:108C3000FDF794FC01280CD1294601A8FFF756FE48
:108C4000697A01F0FE0108436872E868CCF7C4F85D
:108C500003E0287800F07F00287006B02178491CD6
:108C60002170BDE8F08100003457002090CA92C7FF
:108C70002A72002001F03F0301F01F0102FA01F106
:108C8000704700F03F0100F01F008DF8081002FA55
:108C900000F0039001A870478789030000000000DE
:108CA000000000000F8A03000300000010B5DFF889
:108CB000A00990F90010481EDFF898192C2300E055
:108CC000401E42B2002A08D412FB03F28C5C04F06E
:108CD0007F043D2CF4D140B210BD4FF0FF3010BDE9
:108CE0007CB50C4600F022F9437A03F00F03042B05
:108CF0001DD14569297801F07F018C4217D06E683B
:108D00002146684600F01FFD9DF8000004F07F0436
:108D100044EAC0142C703046019900F0CFFF304671
:108D200000F0BAFF3046BDE8764000F0C4BF73BD26
:108D3000002A00D170472DE9F64F8B4600F0F6F877
:108D400000F1080583B095F900309DF810A013FBE1
:108D500001F156184FF0000870690190D946687803
:108D6000C0F3C3008DF8000069792879471E707A36
:108D70004C1E00F00F01FFB2E4B203291CBF00F04B
:108D80000F00042824D1E8789DF810108146894509
:108D9000B8BF824609F10100CEF7E8F85FEA0008A3
:108DA00000F0BB8052465946CEF7D6F8A9EB0A012F
:108DB000CA4508EB0A0B029106DA029920225846AE
:108DC000D5F7EEFC0298834400218BF80010C146D1
:108DD000717A01F00F00401E022838D9C01E32D12E
:108DE00001994E689DF800102878FFF779FF00215F
:108DF000304600F0E8FF06F1710090F90F2090F97D
:108E0000101090F90030511A019A10781AFB03FAE9
:108E10005346C0091CBF49005B00C9B20091DBB2D8
:108E200022463946304600F0D5FF0121304600F099
:108E3000CAFF01990878C0094B4622463946304698
:108E400002D000F0F6FE5FE000F0EDFE5CE0080905
:108E5000012818BF002001F00F01022905D16A790D
:108E60000121022A02D1012201E00021002218B9C9
:108E7000F37A13FB04F4E71901B17F0002B17F1C00
:108E8000019BED785B889DF810C0DDF804E0DFF809
:108E9000C867ECB2002C37D05FFA8CF4002C19BFF5
:108EA00019F8014BACF1010C202409F101096D1EE8
:108EB000A4F1200ABAF1600F28BF20245FFA8CFACF
:108EC000BAF1000F18BF99F800A04AB3202C1ABFBE
:108ED000302C0124002460B1BAF12E0F09D1DFF843
:108EE0007CA79AF800B04BEA040409F10109ACF13F
:108EF000010C1FFA87FAF2447F1C8AF8084001B17E
:108F00007F1CBCB29C42C4DBB8F1000F05D04046C8
:108F100005B0BDE8F04FCEF72AB805B0BDE8F08F38
:108F20000028E6D0341914F8204CD5E72C21DFF8BE
:108F300024274843104470472DE9F84F99460BB950
:108F4000002072E015460F4605EB09010024A1F14F
:108F50000108042FA8BF032782460FF224703A4667
:108F600050F822605046002100F04CFF34BF4FF013
:108F7000FF300120F7F778FF5146CCF70FFA834610
:108F80003046F7F771FF5946CCF708FACCF752FC98
:108F900090FBF6F106FB11065846CCF74BFCB6B237
:108FA00002460A23BFB1394600200A2496FBF4F496
:108FB00003FB1466303608F8016D401CA6B2C4B23B
:108FC0004C4530D2491EF0D1441CE0B22E21484518
:108FD00008F8011D28D22046461C012A0DDB0A2074
:108FE00092FBF0F003FB1022303208F8012D02460C
:108FF0003046C1B24945EFD315E004465046002142
:1090000000F000FF03D22D2008F8010D3446E0B235
:10901000484509D2E2B241462846CDF79DFFE1B26C
:109020000020685400E00446E0B2BDE8F28F000082
:109030002DE9F84F0346012B084652D11546034649
:109040002C21DFF810264B43D618EA0706F1080753
:1090500034D5F979CA062DD506F1080111F8013F7A
:10906000726903F00F035B1E032B27D8DFE803F0C0
:109070001F1F021BD2F8048091F8019091F802A002
:1090800002F1080B0024E0B2484517DA0022E1B2F1
:10909000404600F05DFF52465946404600F036FF1C
:1090A000D344641CEFE7506800F0D7FF06E001F0FE
:1090B00054F903E064220121CBF7C6FA280710D542
:1090C000F979706941F01001F9714468204600F0A7
:1090D000EDFE204600F054FF2046BDE8F24F00F0C0
:1090E00024BFBDE8F18F10B50246030AD4B204B91B
:1090F00001220A701A46DBB203B90122030CDCB26A
:1091000004B901238B70030E08BF0123CB704A7092
:1091100010BDF8B50D4605F108070446BFB2164666
:109120003846CDF723FF606198B13946CDF768FA2C
:10913000676930007D800BD0CDF718FF786020B9CB
:109140006069CDF714FF0020F2BD3146CDF758FA23
:109150000120F2BD2DE9F84FDFF8F494DFF8F4A414
:10916000074699F800000E464FF02C088EB018FB09
:1091700000F00AEB0005B178DFF8E404E97028623A
:109180000021019101AA01213846CBF7BDFA002444
:1091900060B1019C200A28720198000CA873A87B7A
:1091A00000F03F002828A4BF0020A873687A64F369
:1091B0000300687201AAE87B40F01000E873022106
:1091C0003846CBF7A1FA019805F10A01FFF78BFFAA
:1091D000E0B20127401E032800F21481DFE810F0FE
:1091E000040004004B008C00697A01F00F0141F08B
:1091F0001001697230787178CCF774FFA87B30B1B8
:109200007178CCF76FFFA87B0121CCF75BFFF17879
:10921000B078CCF767FFE87A0828C4BF0821E97264
:10922000E87AA97AE4B210FB01F1022C08BF4900E8
:10923000002289B22846FFF76CFF002866D0E87B41
:1092400040F00F00E8730AF1140199F8000018FBD0
:1092500000F80AF10800404451F80840417801F054
:109260000F02042A40F0AF80C079C10602D56068C1
:1092700000F0C4FEC1E0D0F7EBFF002846D0E87A4A
:10928000A97A10FB01F11C222846FFF742FF0028B3
:109290003CD0E87B6C6900F0EF00E873287A8DF829
:1092A000080002A8A97801F03F0201F01F0107FAA7
:1092B00001F104918DF80C20E97801F03F0201F0F2
:1092C0001F018DF814208F400697FCF7FDFF00204A
:1092D0000090EB7AAA7A02A907A800F0A7FD6068BF
:1092E00007A91C22CDF7A0F999F800004FF47A7273
:1092F0000821CBF7A9F9A6E7D0F7AAFF002805D0E7
:10930000862200212846FFF704FF00287AD06E69E4
:10931000DFF85043307800F0800040F00F003070EC
:10932000A978287AEA78207001F03F0301F01F0144
:1093300007FA01F102F03F0002F01F022371A16061
:10934000207397402761A87A20280CBFC64CC74CD1
:109350007768C74BC74AC8493846A0473868017C78
:1093600007F12402107D11FB00FB4FEACB4B4FEAC3
:109370001B40CDF7FBFD040006D17068CDF7F7FD6B
:109380006869CDF7F4FD3DE04FEA1B41CDF738F9B0
:1093900007F124000461297A49000170384601F080
:1093A0006DF80021384601F070F80021384600F0D1
:1093B000C2FB0021384600F097FC99F8000000211C
:1093C000FFF78EFC3FE7032A4FF0200806D1C07953
:1093D000C10609D5606800F0ADFD05E00909012965
:1093E00004BF9D4890F800806188C8B228B1424609
:1093F000C9B204F10800EDF711FE99F80000401C15
:1094000089F800000FB0BDE8F08F70472DE9F841F2
:1094100085B015460C9A1E4613003DD08046434643
:109420002C2043438B4FF85C00F07F00122848D17A
:109430000D983B44022A03F10807044630D0FE2A67
:109440003FD1FA79FF2A3CD0BA7902F00F028A4262
:1094500037D101A900910246002331462846EAF798
:1094600076FA0146FF292CD0F879002818BF8142EE
:1094700027D17878C0F34101019802AC0A2302AAEF
:10948000FFF75AFD024621464046FFF751FC387867
:1094900064220121CBF7D8F8012006B0BDE8F081A5
:1094A0000C2D0ED11C2E09D0552E0AD179780068CA
:1094B00002AC0A2302AAC1F34101E1E714F8010B4F
:1094C000E0E70020E9E70000F8B50546FFF7EEFB0E
:1094D000070035D45E4C5F4922782C2042438E1819
:1094E00006F118006AA11422CDF79EF83772002009
:1094F00000906A4601212846CBF706F90099707A58
:10950000B27B090961F342007072009961F30302B2
:10951000B2736A460099090AF1730099090C61F364
:10952000C60070720221002000902846CBF7ECF8AC
:10953000009806F10A01FFF7D6FD2078401C207044
:10954000F1BD2DE9FE438046FFF7B0FB00287AD439
:109550003F4C404E22782C2706F108017A438D18A3
:1095600002AA28700221002002904046CBF7CCF8D6
:109570000298A91CFFF7B7FDA879E97800F00F0061
:1095800001F0F0010843A871000901282ED002283B
:1095900056D1217806F108007943451895F9002045
:1095A00012FB07F2B118487A00F00F00042847D1E7
:1095B000DFF8C88098F80A7098F80C6056EA07003F
:1095C0003ED04869D0F804900021484600F06BFF77
:1095D00008F10E00019000966A7929793B464846C9
:1095E00000F091FF484600F038FD29E0E8786978FE
:1095F00060F3C60169700027029702AA0121404664
:10960000CBF782F80021029B0DF801301DF8010014
:1096100030B102987F1C491C000A04290290F2DB39
:10962000F8B2042811D1A8788DF8040000B10527FC
:109630000120A870EF70FAB220786946FFF778FB36
:109640002078401C2070BDE8F7830028F0D1FAE7AD
:109650002A72002034570020180800007F440200BE
:1096600031900300F46D00200D0E0400DD0D0400A8
:1096700001970300A596030024330000A0330000E7
:10968000010000000A00000064000000E803000080
:1096900000000000000000000B9403000D94030084
:1096A0008200000038B50446084614281146354D9E
:1096B0000ED0172806D018280ED019281BD0202825
:1096C00004D016E01A462846FCF78DFF012032BD73
:1096D0002846FCF7F9FDF9E72846FCF702FE94F866
:1096E00024102846FCF7B6FE2846FCF738FE002872
:1096F000ECD1002032BD2846FCF70EFEE6E7000064
:1097000010B52929144613D01BD32B2903D006D317
:109710002C2902D015E000BF00BF012010BD20465B
:10972000441EC0B20028F8D00A20EAF785FEF6E70A
:109730002046441EC0B20028EFD00120EAF792FE76
:10974000F6E7002010BD82B0002301938DF80030B1
:10975000C9B201290C4A0D4B04D00CD3032905D002
:1097600002D308E0019307E0019200E00193012297
:109770008DF8002000E00192DDE90023C0E900231C
:1097800002B07047F46D0020EC180000D0200000FB
:1097900008440178407800EB012080B2704738B56A
:1097A0000D4604462878207068786070A878A0700C
:1097B000E878E0702879207168796071A879A071E3
:1097C000E879E071287A207295F90900607295F9BC
:1097D0000A10A17295F90B00E07295F90C10217333
:1097E00095F90D00607395F90E10A173112195F98B
:1097F0000F00E073284695F910202274FFF7C8FF88
:10980000A4F8110013212846FFF7C2FFA4F81300A3
:1098100015212846FFF7BCFFA4F8150031BDB0B5EF
:1098200002461468137B2078CD18D840EDB2082D7D
:1098300008DB641C1460C3F10803277807FA03F3FC
:109840001843083D1573012202FA01F1491E084030
:10985000C0B2B0BD10B50C46FFF7E1FF0122611E9A
:109860008A40801A40B210BD2DE9FC4700F15C042B
:1098700025796679804691460F4604E0A7EB0A07F2
:10988000FFB20025761C94F90600401B5FFA80FAAF
:1098900053465745B8BF3B4620886288411952FA63
:1098A00086F2B9F1000F18BFA07A02D1607A48B9E8
:1098B000E07A88F8840092B20020009089B2404695
:1098C00000F03CFA5745D9DA7F1927716671BDE877
:1098D000F3872DE9FE4F00F15C0494F804A066794B
:1098E000029088468DF8042006E0A8EB0B005FFA92
:1098F00080F84FF0000A761C94F90600A0EB0A00ED
:109900005FFA80FB5846D845B8BF40462188638837
:1099100001EB4A074FEA400931069DF8040003EBCA
:10992000D15560B10299A07A81F88400002100919C
:109930004B46029800F01FF8002100910EE0607A7B
:1099400088B90299E07A81F884004B4600200090A3
:10995000AAB2029800F010F8002000906D1C029846
:109960004B4600F008F8D845BFDAD04484F80480AC
:109970006671BDE8F78FAAB2B9B200F0DFB938B5A9
:10998000044604F15805002229602A732846297DDF
:10999000FFF745FFA8722846697DFFF740FFE87290
:1099A00094F88400A873411E8941C90FE97331BD41
:1099B0002DE9F8430446FFF7E2FF04F15C0595F951
:1099C0000760A97C00F078F800F074F8074600F012
:1099D0007AF8804695F90600012826DB29886888F0
:1099E0004944801B2980C71B6F8000212971697140
:1099F00000F065F80746E97B00F062F88146002236
:109A000039462046FFF730FF012249462046FFF73E
:109A10002BFF012100F054F80028F0D195F9050042
:109A2000B042E5DBA97A84F884104046BDE8F283B1
:109A30002DE9F8430446FFF7A2FF04F15C0595F910
:109A40000780A97C00F038F800F034F8064600F0F2
:109A50003AF8074695F90600012827DB2988688827
:109A60004944A0EB48002980861B6E8000212971A3
:109A7000697100F024F80646E97B00F021F8814680
:109A8000002231462046FFF724FF012249462046A6
:109A9000FFF71FFF012100F013F80028F0D195F91E
:109AA00005004045E5DBA97A84F884107F06381666
:109AB000BDE8F2838146E97C04F15800CAE6A97B3F
:109AC00004F15800ABE6297D04F15800C2E6D0B598
:109AD0000C46016D17317930B4F5807F0EDA612CB8
:109AE000A8BF408802DA412C01DB00880144487895
:109AF000F8B10A78A242F9D1881CD0BD80880E182E
:109B0000374600213846FFF743FE06440221384617
:109B1000FFF73EFE3F1DA042F3D33278707850EA43
:109B2000022006D0A0421CBFB0783618F5D1F01C38
:109B3000D0BD0020D0BD80F8651070472DE9F843F6
:109B4000804608F154070D463968164699468847FD
:109B50003D8186197E8149464046FFF7B8FF0024C3
:109B600020B101464046FFF723FF0446A0B2BDE8FE
:109B7000F2832DE9F843044604F154060D4631689A
:109B8000914698468847358109EB400070814146EF
:109B90002046FFF79CFF002720B101462046FFF733
:109BA00047FF0746B8B2BDE8F2832DE9F04100F067
:109BB00034F8002708E000F042F805D003463246AA
:109BC00000F009F84519C71900F022F84FF6FF73A5
:109BD0009842F0D119E0A9B22046AFE72DE9F04153
:109BE00000F01BF800270AE000F029F807D0034630
:109BF0003246A9B22046FFF7BCFF4519C71900F04D
:109C000007F84FF6FF739842EED1B8B2BDE8F08185
:109C100018F8011B62682046104704460D46164698
:109C2000984600F0BFBC10B52C4C4460BDE8104015
:109C3000BBE710B5294C4460BDE81040CEE74FF6B5
:109C4000FE7290427047016D002900D17047B0B597
:109C500090F9752000F17F035A7090F976401978D9
:109C6000B9B101290AD190F977109142A8BF0A46EB
:109C700090F97800A0420CDC04460AE090F97410D8
:109C800090F972504F19BA42B8BF4A19A142D8BFD1
:109C90000C469C705A70B0BD0021FFE780F87F1021
:109CA000D1E7002070470E494165704790F9800068
:109CB000401C80B270470B494165704710B504469F
:109CC000226D8A4208D0216504F16800FFF767FD24
:109CD0002046BDE81040B6E710BD0000ADA503006A
:109CE000A39C0300AD9C03007047F0B504880D8869
:109CF0002D19AEB2A64204D29C4238BF5D1E02D3DB
:109D000014469C4202D2AFB2BA4201D30020F0BD49
:109D1000A24238BF2246ADB2AB4288BF2B4602807A
:109D200001209A1A0A80F0BD38B59DF810500095B0
:109D3000C48FC56A121B92B2A84731BD7FB5002BF4
:109D400005463FD0089C022B0CDB022C04D1C91A1B
:109D5000491CADF8041005E0032C03D1D11A491CAD
:109D6000ADF8081004F00104200005F130060FD111
:109D7000BDF80800B18B884224D3F18B884221D2F0
:109D8000738B328B03A901A8FFF7AFFF78B97FBDB2
:109D9000BDF80400318B884214D3718B884211D2F4
:109DA000F38BB28B03A902A8FFF79FFF50B1009479
:109DB00028463468BDF80C30BDF80820BDF8041002
:109DC000A568A8477FBD0A460329A8BF012280F8DD
:109DD000842070472DE9FC41089C05460E46174635
:109DE000984609E0002000904346BAB23146284622
:109DF000FFF7A4FF7F1C641EA0B20028F2D1BDE8CB
:109E0000F381010140EA010C1CEB0C0F4FF0807C48
:109E100007D305D01CEB400F9CBF1CEB410F8142C8
:109E200070471CEB410F98BF88427047FCB587B064
:109E3000054617460E9C1E4602A81422CCF7F4FBDA
:109E400000218DF80210022204218DF804108DF8F3
:109E50000070F1B201298DF801608DF803408DF892
:109E6000052005DD9DF8030040F008008DF8030093
:109E700044B1F6B2012E05D19DF8030040F0040074
:109E80008DF80300CAF7ABFF10B96420EAF7EAFACD
:109E90000021684600F0A9F8284669461C22CCF744
:109EA000C3FB09B0F0BD0122204672E038B504467C
:109EB000302100F09AF841F294152846EAF7BCFAEE
:109EC00000F021F82846EAF7B7FA00F01CF89620CF
:109ED000EAF7B2FA202100F017F8E17841F020010A
:109EE000204600F055F8204600F04AF8204600F0E1
:109EF00021F8617941F00401204600F049F820463C
:109F0000BDE8324032E03021204651E070B50D46C8
:109F100004462978164604E0FFF7C5FF15F8011F2F
:109F2000761EF0B20028F7D170BD082181700021A3
:109F30005BE0000010B50446012100F029F84FF461
:109F4000FA60EAF779FA2046BDE8104000220021C5
:109F500038B500BF28A4256800951DF801108A189F
:109F600042F08002D1B200F013F831BD80B5022179
:109F700000F00EF8BDE802404FF4FA60EAF75CBA70
:109F8000017941F00401FFE7017141F00801FFE7A9
:109F9000002270B50D46164605F0F0010446314327
:109FA00000F006F846EA0516F1B22046BDE870401A
:109FB00038B504460D4600F018F829462046BDE89D
:109FC000344038B50D46044645F0040100F00DF864
:109FD0002E20D5F739FB05F0FB01204600F005F8EF
:109FE000BDE832403220EAF727BA827811430830C0
:109FF000FCF7F0BA0000000000401454016890F82B
:10A000003820097C406B5143C900CCF7F9BA2DE9DF
:10A01000FC41044604F1380006784778206890F83F
:10A02000118000252068037C606B5FFA85FE1EFBB3
:10A0300003FE4FEACE4100EB114200920021FAB23A
:10A04000204600F0FFF96D1C7F1CE8B2B042BCBF97
:10A05000F8B24045E6DBBDE8F38110B50446FFF7F2
:10A06000D6FF2046BDE8104000F016BA2DE9F84FA3
:10A070008B462C21DA4A4843104400F10803009330
:10A0800001258678D749B60006F0FC068E19D6F869
:10A090000080C278920002F0FC028958847804F0B3
:10A0A0003F02282AAEBF002404F01F0405FA04F47E
:10A0B000C07800F03F016FEA04092829AEBF0025EF
:10A0C00000F01F0085404FF0080AC74F5FEACB70D1
:10A0D0004CBF3C603C612220D5F7B6FA3D6000F0F1
:10A0E00039F93D6100F036F9BAF1010A4FEA5B0B2C
:10A0F000ECD13C610098417801F00F0101294AD16F
:10A10000386C09EA0009C7F84090D4F73EFC48F0E3
:10A1100000580021731C31704FEA182206F1020921
:10A120001A704FEA184106F1030A89F800104FEA45
:10A1300018628AF800204FF0640BD4F757FC5020C7
:10A1400000E02220D5F780FA386B204205D10BF1D0
:10A15000010B5FFA8BF16529F3DB3D6000F0FAF843
:10A160003D6128F06055386C04433C64D4F70DFC25
:10A17000002106F8011B2A0A32702B0C89F80030E6
:10A180004FEA15688AF80080D4F730FCBDE8F24F3A
:10A190002E20D5F759BABDE8F18F2DE9FF4F0246C1
:10A1A0002C208F49424385B0114401F108030293EA
:10A1B00001238C788B4AA40004F0FC041419206855
:10A1C000CD78AD0005F0FC0555192A6800928E780F
:10A1D00006F03F02282AAEBF002606F01F0603FA4B
:10A1E00006F6F2430392CA7802F03F012829AEBF77
:10A1F0004FF0000A02F01F0103FA01FA029989796F
:10A2000001F03F026FEA0A08282AAEBF4FF00009AA
:10A2100001F01F0103FA01F920F060500190724F24
:10A22000386C30433864D4F7B0FB00212170611CD6
:10A23000019A120A0A70A11C019A120C0A70E11C00
:10A24000019A120E0A70D4F7D1FB009820F06050EA
:10A250000090386C4AEA00003864D4F796FB00217D
:10A260002970691C009A120A0A70A91C009A120C23
:10A270000A70E91C009A120E0A70D4F7B7FBC7F8EF
:10A2800000A03E600A20EAF7D7F83E6100F062F8CD
:10A2900000F05EF80299887908B1C7F810909DF82F
:10A2A00018109DF81400FFF7E1FE9DF820B00AE0B9
:10A2B0000798401C0790ABF1010B10F8011D9DF8A9
:10A2C0001400FFF7D3FE5FFA8BF00028F0D102995B
:10A2D000887908B1C7F8009000F03AF83E6100F0C4
:10A2E00039F8C7F800A000F035F83E60009E386CE1
:10A2F00008EA0008C7F84080D4F747FB46F000564C
:10A3000000216B1C2970320AA91C1A704FEA164AE8
:10A3100081F800A0360E05F8036FD4F767FB019DA6
:10A32000396C03980140396445F00055D4F72DFB92
:10A330000021631C21702A0AA11C1A702E0C0E70B9
:10A340002D0E04F8035F09B0BDE8F04FD4F74EBB03
:10A35000C7F810A02E20D5F777B92DE9F041804637
:10A3600042462C201E494243881800F108064769DE
:10A37000707800F00F0002280CBF01200020F57853
:10A38000347929460CB1641EE4B20A0026D08C420E
:10A3900024DA2D1BEDB28D4288BF0D4600B16D0051
:10A3A0000023002240214046FFF7F7FE04F00F048F
:10A3B000EBB207F1080244F0C0014046FFF7EDFEA2
:10A3C000F17911F0070118BF41F008014046BDE8DE
:10A3D000F0410023002241F08001DEE6BDE8F0817B
:10A3E0003457002000100840902002400160897C12
:10A3F00080F82210704738B500F03AF8E56800237D
:10A40000002214212046A84700F017F8206802799E
:10A41000292100F014F8002200F010F820680279D9
:10A42000292100F00CF800F008F820684279204655
:10A43000BDE83840292100F0F5B801224B21204623
:10A4400000F0F0B81CB58DF805108DF806208DF8D9
:10A4500004306B4604990091012284680F21A047C3
:10A4600016BD10B58468002300220921A04710BD45
:10A4700004460023656900222821284710B5846816
:10A48000002300220A21A04710BD10B50A468468A7
:10A4900000230B21A04710BD10B5846800230022C3
:10A4A0001021A04710BD80F8831070472DE9FE4FA2
:10A4B00000F057F808E083461EE082B983467770C3
:10A4C0000020009000F040F81FFA8AF0D0B100F0B0
:10A4D00035F8227802400029EFD1002AEBD15B1C2D
:10A4E0006D1C4006000E04BF0120641C00F020F823
:10A4F000EFD100298346E2D130780028E4D100F082
:10A500002AF8DFE711E02DE9FC4700F040F807E00A
:10A5100000F037F8FFF7CAFF05EBD6457F1C641E35
:10A52000A0B20028F4D1BDE8F3877770BDE8F78FBB
:10A53000AAF1010A1FFA8AF2002A704721780BEA71
:10A5400001010023584670479BB2E91A4A4689B276
:10A550004046FFF7F3BB9DF80400707000210091A6
:10A560007047804608F183060D4677780C9C791E6B
:10A570008941C90F91469A468DF804104FF0010B9E
:10A58000704700954346BAB25146484670479846D0
:10A590000A9C0B9D08F1070681468A461746360439
:10A5A00070470000002180F82610704710B50A009F
:10A5B00018BF0A2902D14FF6FF7010BD00F1200329
:10A5C0004FF6FE709A790ABBFC2905DB052201F0E3
:10A5D000010119809A7110BDF82903DB042201F0F2
:10A5E0000301F6E7F02903DB032201F00701F0E79E
:10A5F000E02903DB022201F00F01EAE7C02903DBB7
:10A60000012201F01F01E4E7084610BD521E1C881C
:10A610009A7101F03F0141EA84111980D2B202B966
:10A6200088B210BD10B544690023A04710BD0000DA
:10A630002DE9F0474768DFF8E46788469146002532
:10A64000306C384328FA05F430645FEA090104F0FD
:10A650000104376002D0D4F798F98246306C384351
:10A6600030643761002C14BF08205020E9F7E4FE65
:10A67000306C3843306437605FEA09011CBF5046D4
:10A68000D4F7B4F91CB15020E9F7D6FE02E02E2031
:10A69000D4F7DAFF6D1CE8B20828D1DBBDE8F087FB
:10A6A0002DE9FE4F07784668DFF87057BF0007F0C6
:10A6B000FC0707F1804707F50127F243D7F800B000
:10A6C0008DF800104FF00008C1460192296C31430B
:10A6D00029642E609DF8000010B1D4F756F9824627
:10A6E000286C304328642E612E20D4F7ADFF286CEF
:10A6F0000199084028644BF0005BD4F746F900212B
:10A700007B1C39704FEA1B22B91C1A704FEA1B449C
:10A71000FB1C0C704FEA1B621A70D4F767F9082013
:10A72000E9F78AFE286B16EA000418BF01249DF899
:10A73000000010B15046D4F759F92820E9F77CFE03
:10A7400024B1012000FA09F040EA080809F10109E2
:10A750005FFA89F10829B9DB5FFA88F0BDE8FE8F5E
:10A76000F8B506784468DFF8B456B60006F0FC0683
:10A7700006F1804606F501264FF411703768296C02
:10A78000214329642C61E9F757FE286CA043286413
:10A7900047F00057D4F7F9F80021731C31703A0ADA
:10A7A000B11C1A704FEA174C81F800C03F0E06F832
:10A7B000037FD4F71BF94120E9F73EFE286B14EA2A
:10A7C000000618BF0126AA20E9F736FE286C2043B0
:10A7D00028642C604FF41170E9F72EFEF0B2F2BD40
:10A7E0002DE9F04F064687B07068DFF834560090C8
:10A7F0006FEA00093478A40004F0FC0404F18044FA
:10A8000004F501244FF00108D4F800B0A8784FF007
:10A81000000A0028CDF818A0CDF8108040F0DF80A5
:10A820003046FFF79DFF20B100202870A8706870A7
:10A83000DAE00022F0213046FFF7FAFE009FDFF851
:10A84000DC65CDF81490E11C03918DF800A0A21CEA
:10A85000611CDDF81890DDF810A0029201910494BB
:10A8600000F0C5F8306C0599084030644BF0005B8F
:10A87000D4F78BF8049A002111704FEA1B238DF84E
:10A8800003304FEA1B43019A9DF8031011708DF8B5
:10A8900002304FEA1B63029A9DF8021011708DF886
:10A8A00001301946039A1170D4F7A0F80820E9F78F
:10A8B000C3FD306B3840044618BF01242820E9F757
:10A8C000BBFD00F094F8306C059908403064D4F773
:10A8D0005CF8049A00211170019A9DF80310117020
:10A8E000029A9DF802101170039A9DF801101170E0
:10A8F000D4F77CF80820E9F79FFD306B17EA0001D8
:10A9000018BF01218DF801102820E9F795FD9DF869
:10A9100001100C4255D1E0B2884216D058BB05EB6D
:10A920000900007920EA0A0005EB09010871306C82
:10A93000384330643760E0B2316C39433164376199
:10A94000002814BF082050201BE028785FFA88F107
:10A9500081420ED205EB09005FFA8AF300791840B4
:10A96000002807DC002408298DF80080D7DC6970F6
:10A97000D5E7F7D1012405EB090000794AEA000088
:10A98000D2E7E9F759FD306C384330643760E4B200
:10A990001CB15020E9F750FD02E02E20D4F754FE00
:10A9A0004FEA4A605FEA106A08F1010805D109F12F
:10A9B00001005FFA80F94FF0010AB9F1080FFFF6C4
:10A9C0004FAF5FFA88F19DF80000412907DB0100D5
:10A9D00004BF0121A97028700121287918B900212C
:10A9E0002970A9706970084607B0BDE8F08F306C17
:10A9F0003843306437602E20316C3943316437611D
:10AA0000D4F722BE082210F8013B8B4202D1521E1D
:10AA1000F9D101E0002070470120704738B50D469C
:10AA200004462A460121C9F76FFE60B12A1D0221A2
:10AA30002046C9F769FEFF212846FFF7E3FF08B16A
:10AA4000022032BD012032BD38B504460D46FFF765
:10AA5000E5FF01000ED12B46082200212046C9F750
:10AA60000AFF30B100212846FFF7CCFF08B90320C8
:10AA700032BD002032BDFEB502280C462DD1D107D3
:10AA80002BD523462C20DFF89C234343D018C178D4
:10AA900001F00701022920DD0022CDE9002285789E
:10AAA00040786B4608220021C9F7FCFE2046C9F712
:10AAB00059FD0027DFF87043DFF87063F8B2315CAE
:10AAC000072904BF205CA84203D12946F8B200F050
:10AAD0007DF87F1CF8B20828F0DBF7BD2DE9FE4FAA
:10AAE000DFF84C633578082D0446894690461EDA17
:10AAF0004FF0000BDFF828A3CA4F01E00BF1010B68
:10AB00005FFA8BF0A84214D22C2148433B18395CE1
:10AB1000C8090ED001F07F010729EFD108220AF100
:10AB2000040103F10800E9F7BBF90028E6D1002091
:10AB30004AE04046A046002404281BD10027BB4D14
:10AB4000F8B2285C072808D16946F8B2FFF77CFF05
:10AB5000002802BF002C0124B8467F1CF8B2082848
:10AB6000EEDB3CB10AF10403082200215FFA88F011
:10AB7000C9F798FE3078C9F7E1FC0546307800BF88
:10AB8000B1A1401C307085F8018085F80290142234
:10AB9000E87800F0780040EAC41040F00300E87064
:10ABA000287800F0800040F00700287005F11800B8
:10ABB000CBF73AFD0820A87108220AF1040105F13B
:10ABC0000800CCF7C9F90120BDE8FE8FFEB50446A8
:10ABD0000D4605F03F00012200F0D5F8D0B99048AD
:10ABE0000021017081706846FFF7FAFD90B10026E0
:10ABF000904F3878761C08B1E8F711FA04222946FC
:10AC00002046FFF76BFF6846FFF7EAFD10B1F0B290
:10AC10000828EEDB00F001F8F7BD00212846CBF74D
:10AC2000D6BA7CB514462C217E4A484310440121F3
:10AC3000857805F01F0005F03F0281408DF8002067
:10AC400001916846FFF78CFD002648B900F097F89F
:10AC50000122442100F091F840F2EE20206001260C
:10AC6000FFF7DBFF304676BD2DE9FC412C216D4A14
:10AC7000484314180122A57805F03F0000F083F83E
:10AC8000B0B9E07800F00700022802D100F077F8B0
:10AC90000EE00122552100F070F80026F0B22044A9
:10ACA0000122017A00F069F8761CF0B20828F5DB81
:10ACB0000122BE2100F061F801216846FFF7F0FC97
:10ACC000804601216846FFF7EBFC07466846FFF720
:10ACD00047FDFFF7A2FFE51C574EB8F1FF0F08BF75
:10ACE000FF2F15D007F0070648EA0620CAF728FB11
:10ACF0000022524BC9F71CFEC9F7F0FE3F0706467B
:10AD000014D54FF043403146CAF7B4FB06460DE078
:10AD1000287800F00701032908DBC0F3C2010629E7
:10AD200004DAC108491C61F3C50028703046C9F730
:10AD3000DBFD0022424BC9F7FBFDCAF713FB01B252
:10AD40006078CAF7DFFF287800F00701012906DDE7
:10AD5000400604D40120C9F716FD040001D10020EB
:10AD600009E02878374940F0400028706660201DCF
:10AD7000C9F704FD2046BDE8F681684658E4012283
:10AD8000CC21684654E405F01F018DF800008A408C
:10AD900001926846E4E4F8B5044622060E46204FC8
:10ADA0000BD5391D04F07F00FFF738FE20B1318844
:10ADB0004EF6FF7001403180F1BD3578717828463C
:10ADC000CBF7B4F9391D2046FFF73EFE020004D050
:10ADD00029462046BDE8F84080E60021114E00E0FB
:10ADE000491C134A1378C8B2984211D2CFB22C2210
:10ADF0005743F2191378D809F2D003F07F03072BD9
:10AE000004BF9378AB42EBD1D078C009E8D0F1BD54
:10AE100029462046BDE8F440D8E6000090200240D4
:10AE2000546F002034570020E06F0020D86F0020BE
:10AE30002A720020337200200000C8C20000B03F18
:10AE400000005940E64F000023AC030069AC03004A
:10AE500077AA030000000000000000002DE9FE4F6B
:10AE600006461521701CFAF7BBFCB17D884240F004
:10AE7000A480CB4890F90000002800F19E802C228D
:10AE8000C84910FB02F00844F27CD0F814A00192EB
:10AE900000F10801002501240027009130194278B3
:10AEA000315D120202EB01423119887802EB000990
:10AEB0004FEA0900C9F70AFDC5A201998046D05D95
:10AEC000014223D0311930190A79C078120202EBFD
:10AED000004230190AEB870B41795018C9F7F6FC8C
:10AEE00001464046D3F794FC01465AF82700CAF7BA
:10AEF00055FA01460098421C6D1CD35D5B1CD3556E
:10AF0000DBF80C00CAF7B6FACBF80C007F1CA41DC6
:10AF1000022FE4B2C2DD3046037D009E407D0199E0
:10AF20004A4600EB03293078C911430601F00101BC
:10AF300005D5C009884202D07068401C7060307826
:10AF400040F04000307000F07F0040EAC1103070E7
:10AF50000021DAF808402046FAF768FC29D242B30B
:10AF600070680004C9F7B2FC07464846C9F7AEFC52
:10AF700001463846CAF77EFA07464FF07E504146F2
:10AF8000D3F746FC80464FF07E502146D3F740FC75
:10AF900001464046CAF702FA8349CAF7FFF98349D6
:10AFA000CAF7FCF901463846D3F732FCCAF8180054
:10AFB0006D1C307865F303003070BDE8F78FE0B5A5
:10AFC00001200021019000910023002208214FF46C
:10AFD0001640E9F745F972484FF0FF31017007BD9F
:10AFE000FEB50446154622462C206E494243881879
:10AFF00000F108064769307800F0F0003070032156
:10B00000701CCBF7FDFA07F10C0000210022002391
:10B01000002780E88E003178654A41F020013170C8
:10B02000012001900092082101224FF49650E9F787
:10B0300017F900BF67A0D0E9002311461A46204641
:10B04000E9F7A3F84FF47A7028600120FEBD2DE9DE
:10B05000FE452C21534A4843104400F1080421784E
:10B06000456911F00F0F3BD090F801A00FF26C185A
:10B0700001260027E019407878B1C9F727FC01467E
:10B0800005EB8700C068D3F7C3FB01464DF82710D6
:10B09000504658F82720904700E000267F1C032FD9
:10B0A000E8DBBEB100990198CAF778F90021FAF7F8
:10B0B000BDFB044607D202993E48CAF76FF9214604
:10B0C000D3F7A6FB04462046CAF7B4FB41B250466C
:10B0D000CAF7BBFEA96900225046CAF7C5FE05E0C3
:10B0E000FFF76DFF207800F0DF0020700020BDE842
:10B0F000FE852DE9FC4130492A4B0A7880461546E9
:10B100002C2045432D48521C1D440A70E861002341
:10B11000287A2B496E69A96100F0EF00287200932C
:10B120006A4601214046C9F7EFFA48B10098012864
:10B130000CBF10200020297A01F0EF01084328728B
:10B140004FF07E57287AC10654BF1E4C1E4C6A46EB
:10B1500002214046C9F7D8FA00281CBF00980028F1
:10B160000FD0BDF80000C9F7B1FB1249D3F750FB6F
:10B1700004460098000CC9F7A9FB1449D3F748FB13
:10B18000074620463946CAF709F9B060346077604F
:10B19000FFF715FF287A00F0DF002872BDE8F38181
:10B1A0007114002034570020286B6E4E000061455A
:10B1B000FD4002000000C8422A7200204FB0030088
:10B1C000E1AF0300D7A3F03FB81E074200007A4466
:10B1D00040201000015A00175DAE0300D95D000049
:10B1E000F75D0000255E00002DE9F84F8A462C210E
:10B1F000B24A484310448278C578012002F03F01EA
:10B200002829AEBF4FF0000B02F01F0100FA01FB2E
:10B2100005F03F012829AEBF002505F01F0500FA03
:10B2200005F5A74F00F048F8C7F800B04FF4FA74DE
:10B2300002E02220D4F708FA2046441E80B20028FB
:10B2400038D0386B10EA0B0FF3D1DFF8788298F81A
:10B25000000008B1E7F7E3FED3F797FB002681462D
:10B26000182400F02EF800F027F87600386B10EA6A
:10B270000B0F18BF761C641EF3D1022400F021F8D6
:10B2800000F01AF82220D4F7DFF9641EF6D1484600
:10B29000D3F7ACFB396C294339643D6098F8000062
:10B2A00008B1E7F7BCFE310244BF87480643CAF83D
:10B2B00000600120BDE8F28F386C284338643D619E
:10B2C0007047386C284338643D602220D4F7BCB9FD
:10B2D00038B57E4D009504466946FFF785FF08B3F3
:10B2E0000098A84201D1002032BD2C20734944436C
:10B2F000081900F10804426900991068091A0091C0
:10B300000098F5F7B1FD0546606830B1C9F7DEFA7F
:10B3100001462846D3F77CFA05460120C9F733FADF
:10B3200000B1456032BD10B54FF4E17313602C22BB
:10B33000624C504322180021D078CAF7C3FE012086
:10B3400010BDF8B50C4625462C215C4B4D431D44E1
:10B3500002286E6905F108071FD112F0010213D10E
:10B3600001212046C9F7B4F93878810707D540078D
:10B3700005D56878334604220121C9F793FA387855
:10B3800000F0FD003870F1BD397801F0FD0141EAAF
:10B39000420101F0FB0139701DE0D00721D50021E9
:10B3A000009120466946FFF71FFFA0B1387841079A
:10B3B00007D531680098411801EBD171491031600F
:10B3C00004E040F004003870009830600122687892
:10B3D0008021E8F7BFFB4FF47A7201212046C9F7BC
:10B3E00040F9F1BD38B504460C2A04BF0498022880
:10B3F00014D105980068D3F797FA01000ED02C20DD
:10B400002E4D44432C44E1606078C9F758FA6078C7
:10B4100001228021E8F79EFB012032BD002032BDD1
:10B420002DE9FC412A4D2A7880460C462C202349E0
:10B4300042438F18A178F9700026BE7107F11800F9
:10B4400024A11422CBF7F0F87E6907F10C02012148
:10B450004046C9F759F9324602214046C9F754F926
:10B46000F86800B10120397A01F0FE010843387212
:10B470006946002000907878C9F71DFA00281EBFA1
:10B4800000980028F86078786B4604220121C9F7FB
:10B49000F2F908B10098306061782078CAF746FE6A
:10B4A000E178A078CAF71EFEF8780121CAF70AFEF3
:10B4B0002878401C2870BDE8F38100003457002034
:10B4C0009020024033720020000080FF19FCFFFF33
:10B4D0002A72002027B30300D1B2030043B3030054
:10B4E000E5B30300020000002DE9F04F2C21DFF846
:10B4F00068244843161887B0776938788DF80800B3
:10B500000122B07800F03F0100F01F008DF80C1010
:10B5100002FA00F004900025F17801F03F0301F0F9
:10B520001F0102FA01F18DF814300691AA46D6F8EF
:10B5300014B09BF80240640814F001041ABF9BF891
:10B5400001104900022100F095F802280CD100F00A
:10B550008AF8317801F07F01392918BFC008ADF8A9
:10B56000040001254FF0200A002C1DBF9BF801109C
:10B570004900491E042100F07DF8022809D100F09D
:10B5800072F80CB10004C014ADF802006D1C4AF052
:10B59000100A84B96B460222032102A8FBF718F9AE
:10B5A000022808D19DF800009DF8011041EA00280A
:10B5B0006D1C4AF0400A5AEA050452D07578A0067C
:10B5C00013D5BDF80400C9F781F98146B888C9F7D9
:10B5D0007DF9DFF88813D3F71BF901464846C9F710
:10B5E000DDFE01462846CAF7C2FBE00612D5BDF9CA
:10B5F0000200F5F739FC8146F888C9F767F901467A
:10B600004846C9F7CBFED549D3F702F9014628468B
:10B61000CAF7B9FB600624D51FFA88F0C9F756F9B6
:10B620000446F878C9F752F901462046C9F7B6FE34
:10B630000446307800F07F0039280AD1F888C9F72D
:10B6400045F901462046C9F7A9FEC549D3F7E0F8F8
:10B6500004462046C349D3F7DBF801462846CAF71B
:10B66000A4FB002074E19DF800109DF8010040EA61
:10B67000012070476B460222C9B202A8FBF7A8B8A6
:10B680002DE9F04FDFF8E082B34A98F800308246A7
:10B690002C20434387B0D5184A7902F07F020092EC
:10B6A0000E788C78B149EC700120A871E96100270F
:10B6B000019705F108036B6101AA01215046C9F702
:10B6C00023F800281EBF01980028074600994FF074
:10B6D000000B1D29CDF804B00AD1A87A40F0020071
:10B6E00002214FF001094FF0070BA872A97100E089
:10B6F000D9464020287201AA02215046C9F704F811
:10B7000040B1019810F00F0B04D1B9F1000F18BF30
:10B710004FF0070BA97A6BF38401A972F8B200B15C
:10B720002F72B9F1000F2ED08B4A0098002302F13E
:10B73000140723E04FF02C0C1CFB01F112F801E080
:10B740000EF07F0E864502BF02F1020C1CF801E0EC
:10B75000B64501BF795891F800C095F808E0F44566
:10B760000BD1897895F80AC041EA0C010CF0E30E80
:10B7700001F01C0141EA0E01A9725B1CD9B298F8D4
:10B7800000C06145D6D3297A8DF8081006F03F0233
:10B790008DF80C20012106F01F0601FA06F604F0D0
:10B7A0003F0204F01F0404968DF8142001FA04F4FB
:10B7B000069402A86C69FAF787FDA07800F0FE00F5
:10B7C000A0706B4670A00088ADF8000000F0D0F8C3
:10B7D0000020ADF8000000216B46022202A8FAF713
:10B7E000F7FF022840F0B4802978A078002701F004
:10B7F0007F011C29C0F3820631D01D2902D03929CE
:10B8000013D04FE04FF4FA50A0802821DF27E180C9
:10B81000F00748BF44F2DF07B00748BF47F40057BE
:10B8200070073FD547F480573CE044F22737082E95
:10B83000A8BF002655A000BF58A130F8160031F867
:10B84000161040F2E242A280E180020AFA21E17081
:10B850008DF800208DF8010000F08FF822E04FF401
:10B860007A61A1800A223221012E4FF4005006D0C5
:10B87000022E08D14FF480506421142203E04FF4CB
:10B88000205028210822E180E270000A8DF8000093
:10B890008DF8017000F071F8002E14BF43F61F47B9
:10B8A00040F21F47380A8DF800008DF801706B4692
:10B8B00000F05EF86B460222002102A8FAF788FF2A
:10B8C000022804BF9DF80000B0EB272F02BF9DF8AF
:10B8D000010007F0FF07B84203D1A07840F0010053
:10B8E000A070A078C10733D598F80000401CB9F1CA
:10B8F000000F88F800002BD04FF001090026002728
:10B90000154C7F1C5FFA89F01BEA000F1BD0F0B2C8
:10B9100008B9AA4613E098F800002C21484304EB2C
:10B92000000A2C2229465046CBF716FB0AF10800E4
:10B93000CAF8140098F80010491C88F80010761C0A
:10B94000DAF814004770F8B202284FEA4909D8DD46
:10B9500007B0BDE8F08F0000345700200024744980
:10B9600000007A4400401C462A720020E9B403001B
:10B970000222002102A8FAF7F7BD6B460222052138
:10B9800002A8FAF7F1BD0000800000008E06470310
:10B9900050011B0D6210BD08BD088E061F003D0042
:10B9A000990099006202F605EC0BD81770B50446B1
:10B9B0003D4920683D4D0860202263683C48036093
:10B9C00005F19000A168CAF72FFEE66818223146FB
:10B9D00005F1B000CAF728FE1822314605F1C8006B
:10B9E000CAF722FE2169182205F17800CAF71CFE69
:10B9F00095F8840040F0800085F884004022616959
:10BA000005F13800CAF710FE05F12C062022F07E61
:10BA100040F0A500F0762846A169CAF705FE05F1B9
:10BA2000780068601422687B297B00F0F00040F009
:10BA30000200687341F080012973052028740421F5
:10BA40006974A87CE97D00F0E00040F00100A87472
:10BA500001F0F00141F001010320E975287505F1BD
:10BA60002000E169CAF7E0FD3078F178114A124B05
:10BA700040F08000307001F07001707800F0F0004C
:10BA800040F00100707041F08401F1704FF4586093
:10BA90007060216A1160187808B1F0F709FBBDE801
:10BAA0007040CCF7A6B800BF4C710020C85D0020E4
:10BAB00050710020547100206372002000B589B0DD
:10BAC000684604492422CAF7AFFD6846FFF76EFFB7
:10BAD00009B000BDA40A0000F8B592B014462C21AC
:10BAE000DFF85C244843131803F10801DA7892095F
:10BAF00002F001028DF8242000228DF82520012279
:10BB00008D78280609D505F03F00282805DA00F0D1
:10BB100045F88DF828600B9501E000200B90CD785A
:10BB2000280609D505F03F00282805DA00F036F888
:10BB30008DF830600D9501E000200D909D7805F0A6
:10BB40003F00282805DA00F029F88DF840601195AB
:10BB500001E0002011900126DB7803F03F0503F09F
:10BB60001F039A408DF838500F9208AD487840F086
:10BB7000A20080278DF8200007950696059709A951
:10BB800084B000F08CF90FBC00F04FFB012803BF1C
:10BB9000642020600120002013B0F0BD05F03F06B6
:10BBA00005F01F0502FA05F570472DE9F8432C2131
:10BBB000DFF88C23484392B0141804F10805E078AC
:10BBC000A978800900F0010C012308060AD501F0CC
:10BBD0003F00282806DA01F01F0001F03F0803FAB1
:10BBE00000FE01E04FF0000EEE7830060AD506F0B8
:10BBF0003F00282806DA06F03F0706F01F0603FA82
:10BC000006F600E00026A17801F03F002828BDBF1D
:10BC100001F03F0201F01F0103FA01F100214FF092
:10BC200000098DF824C08DF825908DF82880CDF876
:10BC30002CE08DF830700D96E4788DF8402004F0FB
:10BC40003F0604F01F04A3408DF838600F93119154
:10BC500008AC2878C0F3C20001280CD102260127C5
:10BC600007940696059709A984B000F018F90FBC4F
:10BC700000F04DFB09E002200694059009A984B06C
:10BC800000F00DF90FBC00F034FB022820D108AE03
:10BC900029787078C1F3C202012A00F0010440F053
:10BCA000C580480600D494B1687840F002008DF851
:10BCB00022000DF1220107910120802206900592B9
:10BCC00009A984B000F0EBF80FBC00F0AEFA002C2C
:10BCD00040F0D08070789DF820109A4C00EB012045
:10BCE00029780004400CC1F34101012907BF964D9A
:10BCF00041F2CC0625464FF4D776C8F7E7FD4FF062
:10BD00006051C9F74BFB07463046F5F7ADF80146E1
:10BD10003846C9F743FB06462846C8F7E5FD024604
:10BD20000B468A488A49C9F7E7F9C8F7D7FE0146A2
:10BD30003046C9F733FB8749C9F79CFBC8F7D4FDE8
:10BD4000C9F760F94FF08042834B00F017FB4FF0CA
:10BD50006042824BC9F7D0F9C8F7C0FE0021F9F75D
:10BD600065FD07467BD930462946D2F751FD01468D
:10BD70002046C9F713FB064600F08EF8044630460D
:10BD8000C8F7B2FD764A774BC8F7D2FD4FF0604254
:10BD9000754B00F0F3FAC8F7A1FEC8F7A5FD00F057
:10BDA00074F8724A724BC8F7C3FD2A463B4600F04E
:10BDB000E5FAC8F793FE00F06DF804462846C8F788
:10BDC00093FD00F062F86B4A6B4BC8F7B1FD2A4651
:10BDD0003B4600F0D3FAC8F781FE00F05BF8074657
:10BDE0002846C8F781FD04460D463846C8F77CFD55
:10BDF000624A634BC8F79CFD22462B4600F0BEFA10
:10BE0000C8F76CFEC8F770FD04460D46384600F0D2
:10BE100043F8C8F769FD5B4A5B4BC8F789FD2246CA
:10BE20002B4600F0ABFAC8F759FE17E014BB9DF89B
:10BE300020109DF8204001F07F018DF8201000EBCC
:10BE400001208008C8F742FD4FF07A51C9F7A6FAE1
:10BE5000E40907461CB14D49C9F7A0FA0746384620
:10BE6000C9F7E8FC4A49884204D00120C8F78BFC96
:10BE7000040001D1002005E06760201D4549C8F796
:10BE80007DFC204613B0BDE8F08305460F462046F2
:10BE9000C8F72ABD054620463146C9F77FBA68462D
:10BEA0002422CAF7C1BBF8B53B4D2A7807460C4699
:10BEB0002C20234942438E18A0783849F070F16154
:10BEC0000020B0710023307A00F0C7003072009378
:10BED0006A4601213846C8F717FC58B10098317AF4
:10BEE000000AF0720098000CB0720098000E60F327
:10BEF000C5013172307AC0F3C200012815D128483B
:10BF0000B0616A4602213846C8F7FEFB0099327AD2
:10BF100061F342023272032042F04002C1F3810118
:10BF20003272012908BF132070726278F17AB07AF8
:10BF300000F038F810B12878401C2870F1BD0000DE
:10BF4000345700200000C84200007A4488CE19EE21
:10BF5000AF60C3BE17839337260270BFAF60B3BE16
:10BF6000F163CC5D4BC80140A3406EC0BB82C87D6D
:10BF7000062F653F93C266C7E03DD4BECE56315111
:10BF8000E2425EBE3EFAE46127F3E43D000080BF7A
:10BF900019FCFFFFE64F00002A720020ABBB030034
:10BFA000D9BA030038B50C4615460021020609D55A
:10BFB00000F03F02282A05DA294600F03F00CAF7C0
:10BFC000B5F80121200607D504F03F00282803DA40
:10BFD0002946CAF7ABF80121084632BD0FB42DE956
:10BFE000F0419DF82C70DFF830828C4E00F052F852
:10BFF0000C9C00F055F800F05AF8316C2143316484
:10C000009DF81800002814BF34603461089C5CB1AE
:10C010009DF81C7000F03EF800F042F800F047F880
:10C02000306C2043306434600A98C8B19DF82440D5
:10C03000A40004F0FC0444442768316C21EA0000A9
:10C04000306447F00057D2F7A0FC0021631C217038
:10C050003A0AA11C00F084F804F8037FD2F7C6FC6A
:10C060009DF83400800000F0FC0058F800100E9C91
:10C07000306C2043306434603820D3F7E5FA306CFC
:10C080002043306434613820D3F7DEFABDE8F00194
:10C090005DF814FBBF0007F0FC0747443D6870479C
:10C0A000306C2043306425F06055D2F76EBC00211F
:10C0B0007B1C39702A0AB91C1A704FEA154C81F89A
:10C0C00000C02D0E07F8035FD2F790BC0FB4F8B58F
:10C0D0009DF83400504D514C800000F0FC00295870
:10C0E0000E98216C0143216420609DF82C60B600FD
:10C0F00006F0FC06AE193768216C0C988143216468
:10C1000047F00057D2F741FC0021731C31703A0A06
:10C11000B11C00F025F806F8037FD2F767FC0898F9
:10C12000D8B19DF81C10890001F0FC016D182E6833
:10C13000216C21EA0000206446F00056D2F725FC6D
:10C1400000216B1C2970320AA91C1A70340C0C7067
:10C15000360E05F8036FD2F749FCF1BC5DF814FB0D
:10C160001A704FEA174C81F800C03F0E70470FB4A9
:10C170002DE9FE4F129D9DF83110DDF85490109C72
:10C1800001919246D2F701FC9DF8307000904FF07B
:10C19000000B07B1012702944FF00808019C1F4EC5
:10C1A00024B100F03DF814BF356035615FEA0960E5
:10C1B0004CBFC6F800A0C6F810A02220D3F744FA5E
:10C1C00000F02EF814BF356035612220D3F73CFA19
:10C1D000306B02994FEA4B0B4FEA4909084218BFEE
:10C1E0004BF0010B2CB900F01BF80CBF356135602A
:10C1F00002E02220D3F728FAB8F10108D0D1009844
:10C20000D2F7F4FB2E20D3F71FFA5FFA8BF0BDE8CC
:10C21000FE0F5DF814FB0000001008409020024063
:10C2200087F00107F8B2002870470FB470B586B0E8
:10C230000AA9139D84B000F058F80FBCFFF7CEFE9A
:10C24000280A07D005900AA984B000F04EF80FBC68
:10C25000FFF78DFF149CEDB205950AA984B000F09C
:10C2600044F80FBCFFF783FF200008BF012510D062
:10C27000159E254616F8010B05900AA984B000F01A
:10C2800034F80FBCFFF773FF0A20E8F7D5F8641EF7
:10C29000F0D10AA984B000F028F80FBCFFF716FF10
:10C2A000284606B070BC5DF814FB0FB4F8B586B034
:10C2B000159C200008BF012013D0169E2546FF279D
:10C2C00009E005970CA984B000F00FF80FBCFFF748
:10C2D0004EFF06F8010B2046441EC0B20028F0D1E4
:10C2E000284607B0F0BC5DF814FB68462422CAF764
:10C2F0009BB90FB418B587B00AA984B0FFF7F5FF52
:10C300000FBCFFF76BFE9DF84C10149820E00FB4A3
:10C3100018B587B00AA9139C84B0FFF7E6FF0FBCDD
:10C32000FFF75CFE200A07D005900AA984B0FFF74A
:10C33000DCFF0FBCFFF71BFFE4B205940AA984B031
:10C34000FFF7D3FF0FBCFFF712FF9DF850101598B1
:10C35000059106900AA984B0FFF7C7FF0FBCFFF74D
:10C36000A4FF0AA9044684B0FFF7BFFF0FBCFFF784
:10C37000ADFE204608B010BC5DF814FB70B491EA25
:10C38000030F4FF0004540F1BF806B40841A71EB02
:10C39000030604D26E40001BB141121973414FF4E1
:10C3A000001C1CEB410F34BF7CEB430683E00C0DFB
:10C3B000A4EB1356362E00F37C80012E45EAC323EE
:10C3C00041DC43EA525312BFD20292025B082405B9
:10C3D00045EAC12141EA5051D2EBC020994125D410
:10C3E00007D1B0FA80F610FA06F162D000202036AC
:10C3F00008E0B1FA81F6B140C6F1200220FA02F25B
:10C400001143B0404FEAF474B4EB465434F00106E3
:10C410004FEA74040AD8D6F50016760D04F00044ED
:10C42000F04061FA06F25040F1404840C00A40EA4C
:10C43000415021F0004128BF5FEA500550F1000053
:10C4400044EBD12135E0DB0A45EAC121C90AB6F146
:10C4500020050EDD42EA0242120CC5F1200603FA65
:10C4600006F6EB4042EA06056D42984161F1000193
:10C470000DE062FA06F5F240554063FA06FC82EAE6
:10C480000C02F3405A406D42904161EB030111F4FC
:10C49000801F05D1641E620502D06D0040414941F4
:10C4A00021F48011430875F1004350F1000041EB85
:10C4B000045170BC70471CEB410F15D223F00043B0
:10C4C00052EA43060BD04FEA4C0CBCEB410F04D8A8
:10C4D0000C0D661E342EB7DDEBE7801A994150EA49
:10C4E000410608BF0021E4E708BF1CEB430F28BF4B
:10C4F0006FF00001DDE7000070B491EA030F4FF028
:10C5000000457FF543AF6B40841A71EB030603D2FD
:10C51000001BB141121973414FF4001C1CEB410F79
:10C5200034BF7CEB430442E00C0DA4EB1356352ED4
:10C530004FDC45EAC323DB0A45EAC121C912B6F143
:10C5400020050DDD63FA05F6EB4086EA030512428D
:10C5500018BF45F00105C01851F100010CD213E0DD
:10C5600062FA06F5F2405540F3415A40B340F340B9
:10C570005A408018594107D349085FEA30005FEA02
:10C58000350528BF45F0010501F58011420875F118
:10C59000004250F1000041EB04514E0016F5001F1F
:10C5A00070BC38BF70470020090D090570471CEBAF
:10C5B000410F10D252EA43060BD0BCEB410F05D815
:10C5C0000C0DAB43661E342EB6DD02E0AB43801883
:10C5D000594170BC704770BC7047000070B5DFF8FF
:10C5E0006853044695F9000001003CD42C23D74A37
:10C5F00010FB03F3134403F108060121C0B2C8F78E
:10C6000067F81CB1B07840F00100B0707078032872
:10C6100014D11CB3E178207950EA012004D0F080D5
:10C62000B07840F0040007E0607AA17A41EA002186
:10C63000B078B18040F00200B0700FE0822818BFDF
:10C64000812809D18320707047F606423078BDE812
:10C650007040012100F0E1B9832804D100207070FE
:10C660004FF0FF31297070BD48B9B74890F90010FC
:10C67000002904D4D00744BF0020FFF7AFBF7047A4
:10C6800080B50721401CF9F7ABF84042C0B202BDAB
:10C6900038B504466018851EAD484278FF2A2AD175
:10C6A0002046FFF7EDFF697888422FD1A64890F920
:10C6B000001000292AD42C23A44A11FB03F11144B1
:10C6C00008314FF0FF350570887840F00100887020
:10C6D000A278E37843EA022340F002008B8088705E
:10C6E00040F004002279A2F12803642413FB04F42F
:10C6F000CC80887031BD891E204600F041F9298820
:10C70000884203D12046BDE8324067E731BD0000D2
:10C710003EB504460B0018BF0123019200228D4D47
:10C72000009508214FF41650E7F79AFD8DA1204699
:10C73000D1E9002303B0BDE8304011461A46E7F7BF
:10C7400024BD3EB505460C4609216846D2F75CF883
:10C750002C20FF227D498DF8002045434819027A9C
:10C760008DF801208DF802406846FFF789FF8DF8AB
:10C770000800092269460020E7F745FE37BD70B57D
:10C7800005462B462C20144670494343CE180122FF
:10C79000002128460836FFF7BBFFB07800F0F8000C
:10C7A000B07086212846FFF7CCFF4FF496702060CA
:10C7B000012070BD38B505462C2364495D431446FD
:10C7C0004B1903F1080501220121FFF7A1FFA87809
:10C7D00000F0F8000322A8706A7004222878002173
:10C7E00000F017F9584800784FF47A720121C7F722
:10C7F00038FF40F6B8302060012032BD70B52C21E2
:10C80000484352490C1804F10805AA78D30727D5E4
:10C81000085C00F07F0016280CBF01260026900758
:10C8200005D5AA88607840F20D41C9F786FAA87844
:10C83000410715D57EB10120C7F7A5FF04000FD031
:10C84000B5F9060080B2C8F741F86060201D424982
:10C85000C7F794FF04E0B5F906106078C9F752FAFB
:10C86000002070BD2DE9F04180460C2A02BF552BF7
:10C87000069802280CD10798344D006846462C24AF
:10C880006643C8F7D7FFAF190837C4B2012C01DDE2
:10C89000002024E0A85D00F07F0016280CBF0121D5
:10C8A000002101224046FFF733FFA85D00F07F0022
:10C8B00016280AD1002C0CBF82208120787000221B
:10C8C0003878002100F0A9F808E000207870002CEA
:10C8D0000CBF872188214046FFF733FF0120BDE8C8
:10C8E000F0810000F8B51D4C184A23784F7900BF3D
:10C8F0001EA105462C204343D61806F11800142229
:10C90000C9F792FE07F07F07152F1DBF1448B061CD
:10C91000FE20012030726A46002000900121284646
:10C92000C7F7F2FE00281EBF009800283072162FAD
:10C930000CBF0121002120780022FFF7E9FE2078BA
:10C94000401C2070F1BD00007114002034570020FD
:10C9500068140020FD400200E00C00002A72002054
:10C96000B5C7030001FF000991C603007FC703009C
:10C97000FDC7030069C6030065C80300020000008C
:10C9800030B503464FF6FF70002400E0641CE2B2AD
:10C990008A420EDA9A5C5040082205046D0CC007EA
:10C9A00052BF284685F4204080F00100521EF4D189
:10C9B000ECE730BD38B50D460446A91EFFF7E0FF91
:10C9C00061192A4601F8020D000A48702146BDE8A7
:10C9D00038400020E7F717BD3EB5714C25786070F0
:10C9E0008DF8000045F0010568462570417005F09E
:10C9F000FD05110A8DF80210257000215D008DF8EB
:10CA000004106D1DC2704371E5700821FFF7D2FF5D
:10CA100037BD13460A460421DEE71CB58DF8012018
:10CA2000140A8DF800406A4600F001F813BD1CB5E9
:10CA30005B4B1C78587044F001041C708DF80000AA
:10CA400004F0FD041C708DF803100824DC7006232C
:10CA50000C0A8DF801308DF80240082110788DF80D
:10CA6000040050788DF805006846FFF7A3FF13BD5A
:10CA70002DE9F0471D466E00824606F109078846FB
:10CA80009146F8B2CAF772FA040016D084F800A0F2
:10CA9000102060704FEA18210020A170207184F8E6
:10CAA00003806571A671F2B24946E01DCAF754FAD7
:10CAB000F9B22046BDE8F0477CE7BDE8F0872DE9F4
:10CAC000F84501291CBF0229042905D18046354DAE
:10CAD000DFF8D4A0354E04E0BDE8F1857270022184
:10CAE00029704046E7F783FC0028F5D0012269460B
:10CAF0004046E7F780FC9AF90070002FF1D42849EE
:10CB00009DF800204878824204BF2B78012BE5D0A5
:10CB10002A78012AE5DD9DF80030B354521CD3B2C7
:10CB2000812BA8BF012207DA032B05D19DF8003025
:10CB30001B0644BF0523CB702A70C9782A784B1C8A
:10CB40009A4224D1727882421FD18C1EE4B22146CF
:10CB5000701CFFF715FF711C0A5B904215D1144B36
:10CB600019788F420DDAB07801060AD42C221148C8
:10CB700017FB02F21044036A1BB12246F9B20020EF
:10CB800098474FF0FF308AF800000121A8E70A48D3
:10CB9000007840F6B8324FF40071C9F789FDA0E77C
:10CBA000681400207014002071140020A06100207F
:10CBB0002A72002034570020D113002010B50446FB
:10CBC000606918B1CAF7D3F90020606110BD38B5AB
:10CBD00001281446014627D030BBCD48CD4A4056E7
:10CBE0001378984220DA042C1EDD2C22CA4910FB4F
:10CBF00002F00D182846FFF7E1FFA87B697AE41ED2
:10CC000040000909E4B20429A8BF4000C0B2844230
:10CC10000AD12046CAF7AAF9686128B12246BDE8C0
:10CC20003840BE49CAF798B931BDE0B58078019166
:10CC3000C0F34013BA490091C0F3C102082100F0CB
:10CC40000700E7F70DFB07BDF8B5054614462B4670
:10CC50002C20B14A4343D71807F10806012130467A
:10CC6000FFF7E3FFAA4A15703846FFF7A7FF717870
:10CC700008090428ACBF02200120B27912FB00F39E
:10CC8000B2883078DBB201F00F01FFF7A5FE4FF458
:10CC9000FA7020600120F2BD2DE9F84F2C219E4A48
:10CCA000484310440090009A5069002802F108059A
:10CCB00075D095F806A05046C7F765FD5FEA000BF2
:10CCC00069D00098446968784FEA1019B9F1040FE7
:10CCD000ACBF0125002509EBD97040080126A9EB5E
:10CCE000400817E01046BAF1010F38600BDD791DDE
:10CCF0003046C7F736FF781DCAF774FA38717A1DC7
:10CD0000C0B200211154002D0CBF02200420761C5B
:10CD10002418F6B2B2453EDB0C2070435844A0F113
:10CD20000807637894F800C00020002100229DB11C
:10CD3000E27894F802E0B8F1000F06D00CEB032380
:10CD400003EB0E4303EB02620DE002EB0E2202EB5B
:10CD5000034202EB0C6206E0B8F1000F14BF0CEBCB
:10CD6000032103EB0C21B9F1090FBCD8DFE809F06E
:10CD700007070B0B0F0F11110606B4E7B2E788B2D5
:10CD8000C7F7A4FDAFE708B2F4F76EF8ABE71046BB
:10CD9000F6E71046F8E70098FFF710FF5846BDE8A1
:10CDA000F28F7CB50C2A02BF552B0699022901D0BF
:10CDB000002076BD2C21079A574B4843184400F1B8
:10CDC00008056C7810682409042C07DB0126042C64
:10CDD00018BF052C10D1D1F7A7FD18E00026002CB4
:10CDE00018BF012C03D0022C18BF032C10D1C8F798
:10CDF00021FDADF800000BE0062C18BF072C02D176
:10CE0000C8F718FD03E0082C18BF092C00D10090CA
:10CE100004EBD4704008B4EB40041FD1002E9DF801
:10CE200000100ED09DF803208DF800208DF803101F
:10CE30009DF802209DF801108DF801208DF8021058
:10CE40000EE09DF801208DF800208DF80110A988D2
:10CE500028786A46FFF7EBFD012076BD002EF6D05C
:10CE6000A988287802236A46FFF702FEF4E700004B
:10CE700038B504462748284B027815462C214D43E7
:10CE8000521C1D4480F8002005F1180027A114222F
:10CE9000C9F7CAFB05F1080022A10822C9F7B4FBB3
:10CEA000002000906A4601212046C7F72DFC00288B
:10CEB0001CBF009800280CD028720098697A000ADC
:10CEC00060F3030169720098A97A000C60F3050110
:10CED000A9726A4602212046C7F716FC00281CBF2B
:10CEE000009800280DD0A8810099687A090C01F0FB
:10CEF0000F01A97300F00F000099090E40EA01101C
:10CF00006872002105F10800FFF78FFE31BD0000B7
:10CF1000711400202A72002034570020A4610020E0
:10CF2000BFCA0300010300000000010049CC030058
:10CF300099CC0300CFCB0300A3CD03000000000079
:10CF4000F8B586B0C46823788DF80430012683785C
:10CF500003F03F0503F01F038DF8085006FA03F3B2
:10CF600003931301C57805F03F0705F01F0506FA86
:10CF700005F505958DF8107000250095807CC50697
:10CF800008D5100008D0FF2A0AD040F6FF72002012
:10CF9000D31A0AE0FF2A02D11020002305E01AB9B3
:10CFA00000204FF4805300E000208DF80230002272
:10CFB0001B041B0E8DF800208DF801008DF8033046
:10CFC00009B1FA2104E0617801F00F018900891D9F
:10CFD0006B46042201A8F9F7C7FA07B0F0BD002993
:10CFE00004BF1278FFF7ACBF70472DE9F8470F4632
:10CFF00087B0824697F8009097F802800020019051
:10D0000001AA01215046C7F77FFB702500281EBFEB
:10D010000198002805467848784A007800242C2199
:10D0200002F10C0600E0641CE3B283421AD24B43C7
:10D0300002EB030C9CF800E00EF07F0EBEF1280F0F
:10D0400004BF9CF802C0CC4501BFF35893F800C060
:10D050005FFA85FEF445E6D15C78240914F00104FA
:10D0600001D1C5E00224484316187A790023D20979
:10D0700051462820E7F7F4FC0020B07186F801A0A3
:10D0800086F8029086F8038001AA5D48B06002210C
:10D09000F7683D705046C7F737FB4FF4482538B363
:10D0A0000198000B0190797860F303017970019881
:10D0B000000901900199787800F0BF0001F00101AA
:10D0C00040EA8110787000F0DF000199490801F012
:10D0D000010140EA411078700198C0F30B150DB9B9
:10D0E000C82504E040F6AC508542C8BF05462D0374
:10D0F000022C78D139788DF8081009F03F0201210F
:10D1000009F01F008DF80C2001FA00F0049008F0DF
:10D110003F0208F01F008DF8142001FA00F006907D
:10D1200002A8F468F9F7D0F8607800F0EF006070BA
:10D1300000218DF801106A4602A8F9F77BFB002850
:10D1400051D00DF10102FE2102A8F9F773FB10B3D3
:10D150002C48B0FBF5F56D1E032D38BF032502D317
:10D16000FF2D88BFFF259DF80100A84213D09DF830
:10D170000010C80608D441F010018DF800100021FD
:10D180009DF8002000F040F88DF80150FE219DF838
:10D19000012000F039F80DF10102012102A8F9F790
:10D1A00049FBA0B1617800204A0648BF04208906E7
:10D1B00048BF40F010009DF80110884203D002469D
:10D1C000012100F021F8607840F01000607021200B
:10D1D0008DF800002122002100F016F80022012124
:10D1E0003046FFF7ADFE317C00223046E7F77CF990
:10D1F00008B0BDE8F08700002A72002034570020F4
:10D20000DFCF030040787D0102A8F9F7A7B900003D
:10D21000F0B52C217A4A4843104400F1080587B044
:10D220002B788DF80830817800F079F8C17800F01B
:10D230006CF86B460622012102A8F9F7C9FA062804
:10D240001BD1002400266427F1B249420DEB0100F6
:10D25000761C8078F2F714FE07FB0404F0B2022873
:10D26000F2DD6C600120C7F78EFA040005D0686813
:10D27000C7F72CFB6060204600E0002007B0F0BD3F
:10D280002DE9F84187B00C2A08BF552B39D10E99EA
:10D290005B4B2C2250431D18022905F1080630D1A2
:10D2A00031780F988DF80810A97800F038F8E978EF
:10D2B00000F02BF80068D1F737FB044674600621B4
:10D2C0006846D1F7A1FA00260BE06420B4FBF0F821
:10D2D00000FB1844E0B2F2F7DDFD0DF8070044460C
:10D2E000761C14B1F7B2022FEFDD6B4600F08CF81C
:10D2F000062806D1687801220021E6F72BFC0120E0
:10D3000000E0002008B0BDE8F08101F03F0301F02B
:10D310001F0102FA01F18DF814300691704701F0F7
:10D320003F028DF80C2001F01F01012202FA01F1E9
:10D33000049170472DE9F043324C314A23788046FE
:10D340002C2089B04343D51891F800908F78EF7066
:10D350000126AE7105F118002EA11422C9F764F957
:10D3600050262E720020019001AA01214046C7F7E5
:10D37000CBF900281EBF019800282872297A8DF861
:10D38000081009F03F02012109F01F008DF80C2060
:10D3900001FA00F0049007F03F0207F01F078DF834
:10D3A000142001FA07F7069702A8F8F78DFF687AAC
:10D3B00000F0FE00687200218DF800106A4602A895
:10D3C000F9F738FAB0B19DF8000020280ED02021DE
:10D3D0008DF800102022002102A8F9F7BFF80621DD
:10D3E00007A8D1F711FA07AB00F00EF8687A40F001
:10D3F0000100687209B02078401C2070BDE8F083FD
:10D40000345700202A7200200622012102A8F9F7D1
:10D41000ABB800000000000011D2030000000000C3
:10D4200081D203000200000080B5022806DB29B982
:10D4300007220FF210510020E6F7E5FFDFF8BC04E9
:10D44000DFF8BC34012101704FF0FF321A7001BDCA
:10D45000DFF8AC1491F90020002A10D4022803DB75
:10D4600007220FF2D84107E0012807BF04220FF27C
:10D47000C04105220FF2B0410020E6F7C4BF70475B
:10D48000F8B50646DFF87804DFF8782490F9000054
:10D4900001212C2410FB04F4C0B21444C7F718F97E
:10D4A0001A20C9F763FD04F10805040000F0898023
:10D4B0001A21C9F7A5F828786C60000902D0012864
:10D4C00005D013E00221217000F07CF872E0072003
:10D4D0002070F179B07901EB0022628000F072F8DF
:10D4E000F07AB17A00EB0122E28063E0072020703D
:10D4F0000021B01DA71C427810F8023B02EB032666
:10D500005FFA81FC491CCAB227F81C60022AF2DDCE
:10D5100029780909022901D004294BDB217841F03F
:10D5200038012170801C2A781209062A0FBF0221B7
:10D5300041F0C001217004210022437810F8026BF1
:10D5400003EB0627D3B204EB4303521C1F81D3B273
:10D550009942F2DA2A78811C1209052A04D029D3CB
:10D56000072A15D008D325E00121A174427800785C
:10D5700002EB0021A1821DE00622A274437800780C
:10D5800003EB0022E2824878097800EB012210E0E8
:10D590000723A3744278007802EB0023A382487823
:10D5A0000A7800EB0223881CE3824178007801EBC3
:10D5B000002222832878BDE8F44000F00101000930
:10D5C00032E7F1BDF078B17800EB0122A28070471C
:10D5D00038B5891EC9B20023002402E0455D5B19FD
:10D5E000641CE5B28D42F9D34218445C527802EBD8
:10D5F00004259BB2ADB2AB4205D1BDE83440091F52
:10D60000C9B2001D3CE731BD38B54D1E0446E9B234
:10D61000F8F7E6F8EAB2C043401CA15CC0B2884209
:10D620000AD1A0780B2818BF022805D1E01CE91EFA
:10D63000BDE83440C9B223E731BDE0B50190002315
:10D64000B1480090002208214FF41650E6F708FE7A
:10D6500007BD00002DE9F0410446154623462C2164
:10D66000A84A4B43D11801F108060120FFF7E5FF56
:10D67000706818B1C9F77BFC002070603078A04F4B
:10D68000DFF888820009012837DD00BFB1A200F071
:10D690004FF83278707802F0F30242F004023270F0
:10D6A00088F8030000243078810701D5C00706D42C
:10D6B0005FF00702A5A10020E6F7A5FE012430785F
:10D6C000810707D440F002003070072299A10020A2
:10D6D000E6F799FE54B141F2883028604FF4FA72AF
:10D6E00038780121C6F7B0FF2A6818E030780009C1
:10D6F000FFF7AEFE41F2680211E000BF97A200F012
:10D7000017F8707888F80300307800F0F30040F0E4
:10D71000080030700009FFF79BFE4FF4FA522A60B0
:10D72000643238780121C6F79CFF0120BDE8F08102
:10D73000D2E900010A4601462046E6F726BD10B5AB
:10D74000012801D0030019D16D4B93F90040002C42
:10D7500014D4D30712D52C226A4C514321440831EA
:10D7600009780A09012803D1BDE8104010466FE688
:10D77000BDE8104001F00101104655E610BD000063
:10D780002DE9FE4F2C215F4A484310440190019A35
:10D7900002F10800009000994868002870D091F8C4
:10D7A00002904846C6F7EFFF00255FEA000B5FD006
:10D7B000009846684FF0010800244FF00C0A3078BA
:10D7C00010EA080F1FD006EB4400EBB20BF1040285
:10D7D0001AFB03F34088D718C7F778F8022C02DC4D
:10D7E00038604B4904E04B49D1F712F838604A4998
:10D7F0003846C6F7C3FF00BF5AA0015D79726D1CA1
:10D80000EAB24A4504DA641C082C4FEA4808D6DB21
:10D81000B07CC10712D5EAB20BF104001AFB02FA80
:10D8200000EB0A04B08AC7F751F83C49D0F7F0FF83
:10D83000206020463A49C6F7A1FF6D1CB07C0A243F
:10D84000810708D5019AB6F9160010FB04F150784B
:10D8500009B2C8F757FAB07C410707D5019A308B57
:10D8600010FB04F1507889B2C8F754FA8BF80050D5
:10D8700000984068C9F77BFB009900204860584633
:10D88000BDE8FE8FF8B5274C1E4A26782C214E4362
:10D890000546164406F1180038A11422C8F7C4FE44
:10D8A000377A47F001073772002000906A4601215D
:10D8B0002846C6F729FF70B1307A009900F00F00B2
:10D8C00040EA0110307200F0FE000099090901F0F1
:10D8D000010108433072307A000908280DDA00BFD0
:10D8E00022A100BF23A30A5C7272185CB0720020F0
:10D8F0002178491C2170FFF7A0FEF1BD70140020B3
:10D900007114002034570020FD40020068140020EC
:10D91000C80C00000000C842D00C000000007A448F
:10D92000C40C00002A72002011020B01E10000006B
:10D93000110102EC424DE10000017000424DE20095
:10D9400000017100424DE40000017300424DE4000B
:10D95000010174000142001CD1D50300011600141E
:10D9600009D60300313241303132344114102018CD
:10D9700020202028010308030809090B55D60300BD
:10D9800081D703003FD70300000000000000000023
:10D9900070B5DFF8341414460A78944246D2214612
:10D9A0002C204143DFF82404425C02F07F030B2B60
:10D9B0001CBF02F07F022B2A38D1421802F1080561
:10D9C0002B78DE0727D443F001032B70405C00F076
:10D9D0007F002B2813D1D078C8F766FB0028686831
:10D9E00014BF401E401C6860287A002814BF5022D3
:10D9F0004FF4C87204212046C6F733FE02E068687F
:10DA0000401C68602878810705D54EF66022022107
:10DA10002046C6F726FE6A78FF2A08BF4FF47A72BE
:10DA20002046BDE870400121C6F70EBE70BD2DE94D
:10DA3000FE4F89464B462C21DFF890434B43E718B5
:10DA400007F108087B6900930128454604D128782E
:10DA500000F0FE002870A2E00028FCD11646B007B6
:10DA600027D5DFF8641301914FF0000B4FF02C0A1B
:10DA700013E01AFB00F0215C01F07F010B290AD1B1
:10DA800004F1080101440A78930704D5621C49682F
:10DA9000105CC6F714FF0BF1010B01990A785FFACD
:10DAA0008BF09042E5D34EF6602202214846C6F73D
:10DAB000D8FD700773D52978287A01F0FE01002877
:10DAC000297055D04746786800284ED05FFA80F814
:10DAD0000026DFF8F4B24FF02C0916E0C1B269B1AC
:10DAE0000AE03978C1F3C30101FB08F15FFA81F85C
:10DAF0004044FF28F2DDFF208AF81100C1B2002265
:10DB00005046E6F7BDFC761CF6B29BF800108E423C
:10DB10002BD209FB06F204EB020A9AF80000C009B6
:10DB200023D0631C01219B56387A99400842EAD0E1
:10DB3000601C9AF80010805C01F07F01E6F758FA4B
:10DB40000028E0D03046E6F7AFFE5FEA0861C8D5AE
:10DB50003A78C8F1FF01C2F3C3025143C9B2884207
:10DB6000B8BF0020CADB401AB8E70020686016E0A2
:10DB700041F00401297000996868486000206860DD
:10DB800000990A681AB104214846C6F76AFD7878F8
:10DB900003B0BDE8F04F01228021E5F7DBBFBDE80F
:10DBA000F78FF8B50C2A08BF552B33D106990A0018
:10DBB0002ED02C22854B50431F1807F108057C6995
:10DBC00044B3079E02290FD13068D0F7ADFE6860DC
:10DBD000012200206060297801F0FA01297080217B
:10DBE0007878E5F7B7FF13E0FF2906D100206060E1
:10DBF000297801F0FB0129700AE001290AD168683F
:10DC0000C6F764FE0090042269463046C7F77BFDE4
:10DC10000120F2BD0020F2BD2DE9F04107462C2085
:10DC20004743DFF8A88108EB070000F108054669C3
:10DC30003068002818BF802906D1297A21B901202F
:10DC4000C6F7A1FD040001D1002012E018F807007A
:10DC500000F07F002B2803D17068F3F705F906E088
:10DC60003068002814BF70686868C6F72FFE6060CF
:10DC70002046BDE8F08100002DE9F84F0D4684B044
:10DC8000814695F800A068788DF80200A978504880
:10DC90008DF80010EA788DF8012010F809B00AF02C
:10DCA0003F0003902828AFBF4FF0000801200AF082
:10DCB0001F0100FA01F8444C444927782C2616FB32
:10DCC00007F7CE1906F1180045A11422C8F7ACFCDD
:10DCD00077690A2070720021019101AA012148464A
:10DCE000C6F712FD98B10198BBF12B0F07D101992E
:10DCF000327A491C61F3C6020A20327206E0C0B2D1
:10DD00000528DABF0FF2D001085C0A20707201AA60
:10DD100002214846C6F7F8FC00281CBF01980028DD
:10DD200015D0BBF12B0F08BF307413D001464FF450
:10DD30007A7041433960042196F8282042F00802A5
:10DD400086F8282020783A68C6F78BFC11E0BBF1F2
:10DD50002B0F0ED196F8280040F0080086F8280016
:10DD60009DF80000F0709DF801109DF80000C8F7C4
:10DD7000DDF96879C0090CD0307A40F002003072C9
:10DD800000210291484602A9C6F795FD08B1029804
:10DD9000F06050469DF80210C8F7C8F90398227841
:10DDA0000C4B4146C0B2E5F725F84FEA9A1000F057
:10DDB000010080F001015046C8F754FA2078401C59
:10DDC000207005B0BDE8F08F2A7200203457002083
:10DDD000D86F002091D9030001030A1464FF0000EA
:10DDE0000000000019DC03002FDA0300A3DB0300AE
:10DDF0000300000070B50C4625462C213D4B4D43D9
:10DE0000591902281FD1D0070DD50222887885091B
:10DE100001F1080305F00105D60785F0010117D5CA
:10DE20005E68022519E08878810901F00101C8F7D0
:10DE300005FA01212046C6F742FC2046BDE87040A5
:10DE40000221C6F73CBC012818BF0028DED070BDF7
:10DE500091070BD51E6829460125C8F7EFF9324610
:10DE600029462046BDE87040C6F7EEBB70BDF8B548
:10DE7000214C204A2378214F05462C204343D618B5
:10DE800037624878F0700A214FF47A70F160B06020
:10DE9000F178B078C8F726F9002100916A4601218F
:10DEA0002846C6F731FC00281EBF00980028B06045
:10DEB0006A4602212846C6F727FC00281EBF0098A4
:10DEC0000028F0600E4A0F48B2F82930012101FA0B
:10DED00005F5EDB201782B4201D0294206D00D4361
:10DEE0000570022221780020FFF784FF2078401C73
:10DEF0002070F1BD345700202A720020F5DD0300A8
:10DF0000C80A00002972002010B50446606818B1E4
:10DF1000C9F72DF80020606010BD38B501281446FF
:10DF2000014653D0002851D17D487E4A405613788F
:10DF300098424BDA142C49D32C227B4910FB02F275
:10DF40000A4402F108052846FFF7DEFFE11EC9B2C8
:10DF500014293BD31420C9F709F80028686035D08C
:10DF60001421D0F751FC6C68704D6879297900EB69
:10DF7000012080B2C6F7AAFC6D49D0F749FC2060A9
:10DF8000A979E8796A7A00EB0120297A00F01FF874
:10DF90006849D0F73DFC6060A97BE87B00EB01227B
:10DFA000687C297C02EB004202EB01622261E87A84
:10DFB000A97A6A7B00EB0120297B00F008F85C4914
:10DFC000D0F726FCA06095F91500207331BD00EB59
:10DFD000024000EB0160C6F779BCE0B50190002378
:10DFE00055480090002208214FF41650E6F738F902
:10DFF00007BD70B5054614462A462C204A494243BF
:10E000008B1803F108060120FFF7E7FF44490D7064
:10E010003046FFF779FF30780A220021FEF7F9FC3D
:10E020004FF4FA702060012070BD70B500F04FF819
:10E0300000F1080546786C6824B900213046C7F71E
:10E04000CBFE21E021683046C7F7C6FE6168304646
:10E05000C7F7D1FEA1683046C7F7E4FE94F90C106B
:10E060003046C7F7F2FE2069C6F7BEFF0022334BE9
:10E07000C7F742F8C6F732FD014600223046C7F71F
:10E08000F3FE2846FFF740FF002070BDE0B50C2AE4
:10E0900002BF552B0499022901D000200EBD00F0CB
:10E0A00016F80221037A8DF8003042208DF8010025
:10E0B0006846FEF765FC8DF802000422000A8DF820
:10E0C000030069460020E6F79EF901200EBD2C21D1
:10E0D000154A48431044704738B504461148124B5E
:10E0E000027815462C214D43521C1D4480F8002017
:10E0F00005F1180012A11422C8F796FA0020FFF7C4
:10E100006CFFF8202872002100916A460121204608
:10E11000C6F7FAFA00281EBF00980028287231BD01
:10E12000711400202A72002034570020A0610020C2
:10E130000000204100007A44BFCA030000408F4025
:10E14000F3DF03002BE003001BDF03008DE003007F
:10E15000020000000628A8BF052040B2E0F714B86E
:10E160007CB50C2A08BF552B2BD106990A0026D066
:10E170002C22384B079C50431D18022905F1080634
:10E1800012D12068D0F7D0FB0146152919D2317081
:10E190006878C6F794FB3078FFF7DCFF68780122D7
:10E1A0008021E5F7D7FC0AE001290AD13078C6F7CB
:10E1B0008DFB0090042269462046C7F7A4FA01208F
:10E1C00076BD002076BD0020704710B52C23214C71
:10E1D000594321440831012805D1D20703D50878D5
:10E1E000BDE81040B6E710BDF8B51B4D194A2E78B2
:10E1F0002C214E430446164406F1180017A11422A0
:10E20000C8F712FA12273772002000906A460121DF
:10E210002046C6F779FA08B10098307200210091C3
:10E2200020466946C6F747FB10B10098307205E0FA
:10E23000307A009001462046C6F741FB307AFFF75E
:10E2400089FF287832220121C6F7FEF92878401C80
:10E250002870F1BD345700202A7200200000000011
:10E26000C7E10300CBE1030061E10300030000000C
:10E2700078B50D4616462C21DFF8D02648431044C9
:10E2800085B0037A8DF800300524817801F03F02D3
:10E290008DF8042000F0E1F8029100F0E4F88DF828
:10E2A0000C30049129466846F8F794F928B964209F
:10E2B000E6F7D8F8641EF5D105E0300018BFE6F7A0
:10E2C000D1F8012000E0002006B070BD2DE9F84330
:10E2D00081464F462C204743DFF8708608EB070045
:10E2E00000F108058AB029788DF81410032481788C
:10E2F00001F03F028DF8182000F0AFF8079102AE50
:10E3000000F0B1F88DF82030099105A8F7F7DCFF8F
:10E31000687800F0FD006870092102A8D0F774FA4F
:10E320000A2243F2F66100F096F80A2243F686715B
:10E3300000F091F802AB092243F2826100F019FA71
:10E34000092805D102A8F7F76FFAB178884202D000
:10E35000641EE5D108E0687840F00200687032225F
:10E3600043F2466100F077F82C46607881076BD560
:10E37000002508F10100019501AAC05D0221C6F740
:10E38000C3F930B1019D01982D0C80B205F0010553
:10E39000019002AB032242F2223100F0EAF9002799
:10E3A00003281BD10198000A8DF8000001989DF800
:10E3B00000108DF801009DF80800814202BF9DF811
:10E3C00001107078814209D000F0F4F800F0E7F80D
:10E3D00042F2274105A8F8F7C7F8012702AB03224C
:10E3E00042F2133100F0C5F9032816D100208DF850
:10E3F00000008DF801509DF80800002802BF9DF82C
:10E4000001007178884208D000F0D4F800F0C7F815
:10E4100042F2164105A8F8F7A7F82FB14FF4487259
:10E4200043F2156100F017F8607840F00800607062
:10E43000000709D4002242F2B11100F00CF818B123
:10E44000607840F0040060706078400800F00100DF
:10E450000BB0BDE8F08348460AE701F01F01012236
:10E4600002FA01F17047C17801F03F0301F01F018A
:10E4700002FA01F170472DE9F843804614464246FE
:10E480002C20DFF8C8144243881800F1080686B033
:10E4900071788A0758BF002070D500F1080542F254
:10E4A000B11929788DF80410817801F03F028DF8B8
:10E4B0000820FFF7D2FF0391FFF7D5FF05918DF8F4
:10E4C0001030697808094A0900F0010002F00102E1
:10E4D000104348D0480705D54FF4FA7243F68671C9
:10E4E00000F064F868780027C10614D5B5F9020079
:10E4F00000128DF80000688800F05AF800F04FF81C
:10E5000042F21D4101A8F8F72FF820B1687800F019
:10E51000EF00687001276878810613D5A888000A83
:10E520008DF80000A88800F043F800F038F84FF4A8
:10E53000604101A8F8F718F820B1687800F0DF0012
:10E54000687000E02FB14FF4487243F2156100F09B
:10E550002DF86878010706D400F026F818B168781D
:10E5600040F0040068707078010708D541F27C50D3
:10E570002060002242F29D1100F018F80CE04007E4
:10E5800006D400F011F818B1707840F004007070F3
:10E590004FF496702060012007B0BDE8F0838DF83D
:10E5A00002006B46032270470022494640465FE660
:10E5B0008DF801006846F7F737B92DE9F0438FB0C1
:10E5C0000021CDE90011DFF884332C2148431D18C8
:10E5D00005F108064FF0010830788DF81400002787
:10E5E000A87800F03F0100F01F008DF8181008FA1D
:10E5F00000F0079000F0C0F88DF8202009917078A5
:10E60000010732D564240DF1080930788DF828000F
:10E6100002A8A97800F0B1F80C918DF82C2000F038
:10E62000ABF80E918DF834200321D0F7EDF802AB52
:10E6300003224EF2B8410AA8F8F7CAF803280ED10F
:10E6400002A8F7F7F1F899F80210884207D199F873
:10E6500001009DF8081000EB0122500505D10A20A9
:10E66000E5F700FF641ED0D17FE0032402AB09224E
:10E670004EF6054100F07DF8092805D00A20E5F79F
:10E68000F1FE641EF2D170E002A8F7F7CDF802ACFB
:10E69000A17888420DD160789DF8081000EB012226
:10E6A0009DF80000ADF8022040F001008DF8000058
:10E6B00001270DF10B00F7F7B7F89DF80D10884210
:10E6C00017D12079E17800EB012292B244F25C404C
:10E6D00042434FF6FF739DF8000092FBF3F341F2C3
:10E6E0009411591A40F00400ADF806108DF800009E
:10E6F0007F1C0DF10E00F7F797F8217A884215D1AB
:10E700009DF80F00A17900EB012292B242F2107045
:10E7100042439DF800004FF6FF7392FBF3F340F085
:10E720000200ADF804308DF800007F1CEFB19DF8B9
:10E7300000006C78C10706D5BDF8022040F20D41FB
:10E740002046C7F7FAFA9DF80000410704D5BDF945
:10E7500006102046C7F7D6FA9DF80000810704D5B9
:10E76000BDF804102046C7F7D5FA00200FB0BDE869
:10E77000F08305A8F8F72CB8E97801F03F0201F022
:10E780001F0108FA01F1704738B505460C462046CE
:10E790006F49F7F74BF807D86E49FBF733FB03D205
:10E7A0006D49D0F735F80BE06C49F7F73FF810D812
:10E7B0006B49FBF727FB0CD26A482146C6F7EEFDF2
:10E7C000C7F738F8A880687840F02000687001200A
:10E7D00032BD002032BD2DE9FC4105460C2A08BFA0
:10E7E000552B19D108982B462C21584A4B43D11848
:10E7F000099AFE2801F108040DD101AD009500230E
:10E8000055210C20E5F7A3F8352871D10199204650
:10E81000FFF7BAFF6CE002286CD117683846C7F7DB
:10E8200009F886B24FF2186846451FBF4FF21960CB
:10E8300086424FF21A618E422DD100240027B6EB9A
:10E84000080006D0401E09D0401E08BF43F23964BC
:10E8500007E043F232644FF4966702E043F2466405
:10E8600032273A4643F686712846FFF701FD3A46BD
:10E8700043F2F6612846FFF7FBFC3A46214628465C
:10E88000FFF7F6FC040004D0464504BF2846FFF716
:10E890001DFD20462FE038463349F6F7C7FF07D85D
:10E8A0003249C6F7E7FD01462046FFF76DFF22E03B
:10E8B0002F49F6F7BBFF1DD82E49C6F7DBFD2E49C1
:10E8C000FBF7A0FA16D20021F6F7B0FF12D8C6F770
:10E8D0000BF82A4A2A4BC6F72BF80022294BFDF7E2
:10E8E0004DFDC6F73FFD6080607840F0100060701D
:10E8F000012000E00020BDE8F6810000F8B5224CC0
:10E90000124A2378897805462C204343D6180127DC
:10E91000F170B77106F118001CA11422C7F784FE2C
:10E9200062273772002000906A4601212846C5F709
:10E93000EBFE00281EBF0098002830722078FFF7F9
:10E94000C5FC2078401C2070F1BD00003457002029
:10E9500000BA5B49014786490000C8420000614493
:10E96000018089440000204101E87D4700E87DC71F
:10E97000010C784700007AC70100484212143FC6D4
:10E98000DC6777400000E03F2A72002077E4030054
:10E99000BBE5030000000000D7E703008200000091
:10E9A00080B520B95FF00602AFA1E5F72CFDA248C3
:10E9B000A24B012101704FF0FF321A7001BD00001F
:10E9C000F8B5441C881E0021002200230AE0332EE3
:10E9D00004D1132602E0312EF9D11126002266550A
:10E9E000491C5B1CDEB2C7B2BE42CDB20ED2A65DE0
:10E9F0007D2E08BF0122F4D01700F0D05E2E08BF94
:10EA00007E26EBD05D2EE6D17D26E7E7012D56DD93
:10EA100005F1FF01C9B22046F6F7E2FE6119C043D5
:10EA200011F8011CC0B2884249D16078834991F93C
:10EA30000030112806D1002B41D4BDE8F84008224F
:10EA40008BA196E038B9D8B2BDE8F84041F268022F
:10EA50000121C5F7F9BD032831D1062D2FDB681F31
:10EA6000241DC0B228282AD32C20754A13FB00F09D
:10EA7000104400F108050121D8B2C5F729FE28206D
:10EA8000C8F774FA6860D0B12821C7F7B9FD002033
:10EA9000E178A278637801EB022114F8042B01EBF2
:10EAA000034101EB02616A68C3B242F82310401CC3
:10EAB000C1B20A29ECDB6878BDE8F24070E7F1BD2D
:10EAC000E0B5019000235F480090002208214FF438
:10EAD000E130E5F7C5FB07BD70B5054614462B468A
:10EAE0002C21574A4B43D11801F108060120FFF7AA
:10EAF000E7FF00BF60A12846D1E9002311461A466E
:10EB0000E5F743FB706818B1C8F731FA0020706070
:10EB1000002131705FF007024FA10020E5F773FC80
:10EB200041F28830206041F2EC32444B18780121E8
:10EB3000C5F797FD012070BD10B5012801D0030075
:10EB400016D13E4B93F90040002C11D4D2070FD5BB
:10EB5000012805D1BDE810405FF0060240A108E0A1
:10EB60002C20374A41435018407ABDE8104017E73F
:10EB700010BD0020E5F747BC2DE9F84F2C21304AA5
:10EB80004843111801F10806706878B30A20C5F7E8
:10EB9000FAFD040024D0D6F804A00FF2E40BDFF84D
:10EBA000A880DFF8A89000270C21201D7943451884
:10EBB0005AF827202A60042FB4BF49464146284608
:10EBC000C5F7DCFD1BF8070068727F1C082FEBDD22
:10EBD000DAF824001E49206704F17000C5F7CEFD65
:10EBE0007068C8F7C4F9002070602046BDE8F28F55
:10EBF0007CB504461748124B027815462C214D432C
:10EC0000521C1D4480F8002005F118001FA1142299
:10EC1000C7F70AFD01266E72002000906A460121A6
:10EC20002046C5F771FD18B1009800B10120687247
:10EC30000020FFF745FF73BD701400207114002001
:10EC400034570020FD400200D00C0000C80C00002A
:10EC5000D80C00002A720020FF7E001100EE7E001A
:10EC60007E000300FC7E00007E000100FE7E0000AE
:10EC70007E0000020103F97E037E7E00C1E90300ED
:10EC8000313234413031323441000000D9EA0300DE
:10EC900079EB030039EB03000000000000000000E6
:10ECA00038B50C46002100916A460121C5F72CFDBC
:10ECB000002500281CBF0098002805D004B1207052
:10ECC00000980004000E01D1002032BD0021A14AAD
:10ECD0000B061B0DD45C04F01F04844204D0491CB5
:10ECE000CBB20F2BF4D300E0D518284632BD78B54F
:10ECF000044622462C2098494243114401F108055C
:10ED000085B0686800283BD06A78406868B302F034
:10ED1000FE0228786A708DF800000123887800F0E0
:10ED20003F0200F01F008DF8042003FA00F002906B
:10ED3000CA7802F03F0602F01F0203FA02F28DF8D1
:10ED40000C600492087800F07F00172804BF684622
:10ED5000F7F7BAFA6A6853686946204698476978AF
:10ED600001F0FE010843687002E042F001026A709F
:10ED70006878C10743BF40F002006870012000209E
:10ED800006B070BD2DE9F0439146804642462C21E5
:10ED900071484A43871807F1080585B0686850B183
:10EDA00068780024810703D44046FFF7A0FF0124C0
:10EDB0006878C10701D400202CE06868468838795B
:10EDC00020B114B94046FFF792FF6436C9F80060DD
:10EDD00001206A689168E9B128788DF80000012265
:10EDE000B87800F03F0100F01F008DF8041002FA1F
:10EDF00000F002904046F97801F03F038DF80C30A6
:10EE000001F01F0102FA01F104914A466B689C6807
:10EE10006946A04705B0BDE8F0832DE9F0410346FF
:10EE20002C214D4A4B43D41804F108038AB0596889
:10EE300000291CBFC96800293FD0484DADF80C50CF
:10EE4000ADF80E50ADF8105001261A788DF8142048
:10EE5000A17801F03F0201F01F018DF8182006FA99
:10EE600001F1079105A9E27802F03F078DF82070C3
:10EE700002F01F0206FA02F2099203AA5B68DE683A
:10EE8000B047D0B103AE00270FF2E008B6F900009A
:10EE9000A8420ED0012F0CBF2123292302210020DC
:10EEA00001910290009638F8171060780022C6F79A
:10EEB000D4FEB61C7F1C022FE8DD00200AB0BDE89E
:10EEC000F081F8B502060C460CD5002100F07F0059
:10EED000FFF7E6FE00283CD02188007841EA501177
:10EEE0002180F1BD1E4E1C4A33782C214B43D7188C
:10EEF0006179A278FA7001F07F0117290CBF012116
:10EF00000021B9711749F96107F10801FFF7C8FE3F
:10EF10000100F8601DD00A78787A920000F00300B2
:10EF200002F07C0210437872886808B10E4ABA6118
:10EF30004D7845B12846C8F719F8040009D029468C
:10EF4000C7F75EFB7C613078FFF7D1FE3078401C5C
:10EF50003070F1BD9C1500003457002019FCFFFFF4
:10EF60002A7200201BEE030085ED03000204050455
:10EF70000304000038B50D4604460022F421F7F7DB
:10EF8000EDFA2A78D00704D50222F2212046F7F7BD
:10EF9000E5FA2822F5212046F7F7E0FA9122F4213C
:10EFA0002046F7F7DBFAACE1FEB50C462C21D64A39
:10EFB0004843104400F1080645696A46D0212046BE
:10EFC000F7F738FC00286ED09DF8000060280CBFD1
:10EFD00001200020297801F0FE01084328702B1D34
:10EFE000182288212046F7F7F3FB18285BD12878F0
:10EFF000C1072AD505F11C030122A1212046F7F7FC
:10F00000E7FB01284FD101AB0722E1212046F7F7AA
:10F01000DFFB072847D1BDF80400A5F81D009DF8C7
:10F020000600E8779DF808009DF8071000F00F0231
:10F0300042EA01122A8400099DF8091040EA0110F1
:10F0400068849DF80A0085F824007078810728D428
:10F0500040F0020070702946287800F0070040F068
:10F06000500028700A262046FFF784FF4FF47A707C
:10F07000E5F7F8F9204600F018F80746022F09D006
:10F080006420E5F7EFF9761C012F0AD1F0B21D28B4
:10F09000F0DD06E0287800F00700B61C40EAC60064
:10F0A00028700120FEBD0020FEBD80B500218DF836
:10F0B00000106A46F321F7F7BDFB30B19DF8000060
:10F0C000010701D5012002BD022002BD2DE9FE434A
:10F0D000884614462C218C4A4843111840464E69F4
:10F0E000FFF7E3FF0025012812D13078C1081D2960
:10F0F00005DC00F00700491C40EAC10030703078A0
:10F10000C0F34101022902DC00F0F9003070DBE0BD
:10F11000022817D13078C0F34101022904DC4108EC
:10F12000491C61F3420030704FF008093078C10784
:10F1300058BF4FF006096B464A46F7214046F7F79D
:10F1400047FB484540F0BB809DF804109DF8030044
:10F150009DF801309DF80020090141EA00319DF839
:10F16000050041EA10111B019DF8020043EA023339
:10F17000327843EA1013D00705D59DF806009DF8B4
:10F18000077047EA0027B088C0EB2112C908A1EB3D
:10F190004001B6F9060041435243B6F90800121384
:10F1A0004243921302EBE12202EB82018031091209
:10F1B00021805010A0F57A408510811001FB05FCDC
:10F1C000B6F91210B6F914E041434FEAEC254900B4
:10F1D0000EFB0515B6F91010090401EBA505B6F9EB
:10F1E0000E104FEA6C3C0CFB01FCB6F90C104843C6
:10F1F000401000EBEC008014718900F5004048439A
:10F20000C01324D0C3F58013A3EB253340F635415A
:10F210004B43B3F1004F39BF5B00B3FBF0F1B3FBDD
:10F22000F0F14900CB08B6F91A005B435B0B43438E
:10F23000B6F918008D086843401300EB2330B6F987
:10F240001630034401EB23116420B1FBF0F0A080E1
:10F250003178C80732D5B6F92000B6F92210BF03BD
:10F26000A2F59632A7EB0057F07F02FB117796F9D3
:10F27000241051434243D212891202F500424A43FC
:10F280009212B6F91D0002F50012424307F58047BD
:10F2900002F50052FF1392137A43D1134943307F92
:10F2A000C9114143B2EB211211D50022121364207F
:10F2B0004243511202EB91529212628001250022C8
:10F2C000F4214046F7F74AF92846BDE8FE830F4887
:10F2D0008242EBDB42F21072EFE738B50B462C218D
:10F2E000094C48432044642441690D78ED08654386
:10F2F0001560007908B105F5FA7515601846FFF735
:10F3000039FE00B1012032BD345700200100001940
:10F31000F8B50C4615461E46002702E02220D0F71D
:10F3200093F93046461EC0B248B18D48016814EAD0
:10F33000010018BF0120C0B2A842EFD10127384612
:10F34000F2BD2DE9FC4B86B02C21484304900122EC
:10F35000049984480144487A0499800803908248BB
:10F36000445C059204F03F0102912829AFBF0026BA
:10F37000012004F01F0600FA06F6A40004F0FC04C5
:10F3800004F1804404F50124254678482F68016C77
:10F390003143016406616FEA0608039901294FF4BD
:10F3A000617030D002292AD003292AD0102908BF41
:10F3B0004FF4FA70E5F740F86C48016C02463143AF
:10F3C00011640660014647F00057086C08EA00081F
:10F3D000C2F84080CFF7D9FA0021631C29703A0A9D
:10F3E000A11C1A703D0C0D703F0E04F8037FCFF77F
:10F3F000FDFA039810280CBF1420322007E0C82023
:10F4000002E0022000E01320E5F72CF8D4E7E5F74E
:10F4100013F8CFF7BAFA80460298FA2300F0ABF857
:10F4200018B900F0A5F801248DE002985A230122B2
:10F4300000F0A2F818B900F09BF8022483E00298CB
:10F440005A2300F098F818B900F092F803247AE0F3
:10F450000027B946029D0024A346462301223146D7
:10F46000E8B2FFF755FF38B31E20E4F7E5FF3F4849
:10F47000016B314204D00598CBF107018840044369
:10F48000462300223146E8B2FFF742FFA0B10BF15C
:10F49000010B5FFA8BF00828DFDB5FFA89F009F1D6
:10F4A00001095FFA89F10DF800400429D2DD00F06E
:10F4B0005FF81FB1042446E00127F8E79DF801003A
:10F4C0009DF800209DF802409DF803309DF804103F
:10F4D0008218A2189A18D2B2914218BF052432D1CC
:10F4E000039F9DF800500A2122461E46012F18BF97
:10F4F000022F08D0120202F4FE429219E30912B25E
:10F5000000EB052006E006F07F0611FB0262DB0936
:10F5100011FB05000BB1524212B202F5EA4330333F
:10F520004EF66124A3420DD283B242F21175AB4272
:10F5300008DA069B12FB01F21A8010FB01F05880DA
:10F54000002400E00624049A0748805C0021C6F7E6
:10F55000B9FD601E8041C00F08B0BDE8F08B00000F
:10F56000C02002403457002036570020902002402F
:10F570004046CFF73BBA00223146C0B2C8E6000091
:10F580001CB50C466B460222FE212046F7F720F9F7
:10F59000022819D16B4602220E212046F7F718F9EE
:10F5A000022811D1042100228DF800108DF80120CD
:10F5B0006B4602220E212046F6F7D6FF78208DF802
:10F5C0000000782207210CE0002016BD1CB50C4677
:10F5D0006A4604212046F7F72DF901228DF8002014
:10F5E0000F212046F6F7BAFF012016BD80B543492A
:10F5F000FAF708FC38BF084604D34149F6F716F974
:10F6000098BF40484049C5F735FF4FF08741C5F7DF
:10F61000C5FE3E490AE080B53D49F6F707F998BFB7
:10F620003C484FF08741C5F7B9FE3B49CFF7F0F8AA
:10F63000C6F700F9C0B202BDFEB50D46164601ABD5
:10F64000042200212846F7F7C3F804280CBF012440
:10F6500000242846F6F760FE6A4604212846F7F79C
:10F66000E9F80CB90020FEBD01AC9DF804106078EB
:10F6700041EA002144F2740041430914A1F6D27119
:10F680003180E078A17841EA002142F210704143D4
:10F69000091471800A20B6F9001091FBF0F0F1F71F
:10F6A000E3FB07461D49C5F7E5FEFFF79FFF8DF811
:10F6B00004004FF07F513846C5F7DCFEFFF796FF98
:10F6C00060700A21B6F9020090FBF1F0F1F7CCFB73
:10F6D00006461349C5F7CEFEFFF79DFFA0703046E2
:10F6E0001049C5F7C7FEFFF796FFE07001AB042293
:10F6F0000A212846F6F738FF0120FEBD000020C28F
:10F700000100FA420000FA420000224200002543B4
:10F7100001007A4400007A440000C8420000C0BFE3
:10F720000000A0C00000A04038B586B0012818BF76
:10F7300000283BD12C20394A4143501800F10805DC
:10F7400029788DF80410817801F03F028DF80820A7
:10F7500001F01F01012202FA01F10391C17801F0C9
:10F760003F0301F01F0102FA01F105918DF81030FD
:10F770006A46032101A8F7F71FF803280CBF0124EC
:10F78000002401A8F6F7C8FD84B19DF800109DF88B
:10F79000014044EA01249DF80210204600F042F89E
:10F7A00020B92C81F52101A8F6F714FF07B030BD70
:10F7B00038B504460D466A46E7212846F7F73AF879
:10F7C000012812D19DF8000000F07A008DF80000A9
:10F7D0000246E6212846F6F7C1FE2C200F4A1049C2
:10F7E000444310190162012032BD002032BD38B5FA
:10F7F0002C2204462546094B554308465A194FF614
:10F8000019411182F321F6F7E5FE28B17822012192
:10F810002046C4F719FF012032BD000034570020F4
:10F8200029F7030030B541EA0021434A0020C0F126
:10F83000170321FA03F4E50748BF5140401C520862
:10F84000C3B2102BF3DBC8B230BD1CB50C4601AB04
:10F8500004224FF6C9412046F6F7BAFF042812DB0E
:10F860006A46E7212046F6F7E5FF60B19DF8000003
:10F8700000F07A008DF800000246E6212046F6F7F7
:10F880006DFE012016BD002016BD80B50846F5218D
:10F89000F6F7A0FE00B1012002BD2DE9FC412C23AA
:10F8A000264E58438846144606446A46032140467D
:10F8B000F6F782FF03280CBF012500254046F6F726
:10F8C0002BFD002D35D09DF800009DF801709DF8AE
:10F8D000021047EA00273846FFF7A4FF002540BB87
:10F8E00040F2E24047433F14A7F13C010A2211FBDA
:10F8F00002F26280707880080A280CD16B460222DE
:10F90000E0214046F6F764FF9DF800009DF80110E5
:10F9100041EA002104E031894FF61940814208D0C4
:10F9200044F2A4404143064A02EB214222800120D6
:10F9300000E02846BDE8F681008098003C57002092
:10F94000B3EDFFFF3EB50D4694212846F6F742FE83
:10F950000220E4F787FD89212846F6F73BFE0324C1
:10F960006A4606212846F6F727FF062802D0641EBD
:10F97000F6D101E001203EBD00203EBDFEB50E46A1
:10F980001546032400276A4606213046F6F714FF81
:10F99000062802D0641EF6D100E001273046F6F7B3
:10F9A000BBFC3FB39DF800009DF8017047EA0027BB
:10F9B000684600F02BF8002438B144F25C4047431D
:10F9C0000D4901EB2741298001249DF803009DF892
:10F9D000046046EA00260DF1030000F017F838B184
:10F9E00043F2D40046433614A6F516766E80012401
:10F9F0002046FEBD0020FEBD6CEEFFFF80B5084630
:10FA0000FD21F6F7E7FD00B1012002BD10B5FF2290
:10FA10000023D9B2415C4A400821540012064CBF71
:10FA200084F031022246491EF7D15B1CD9B202296B
:10FA3000EFDB405CD2B2824201D1012010BD002038
:10FA400010BD1CB50C4643F2A2012046F6F7C2FDDC
:10FA50000520E4F707FD6B4603224FF22D312046C7
:10FA6000F6F7B6FE032801D1012016BD002016BD11
:10FA700080B5084642F20B41F6F7ACFD00B101201B
:10FA800002BDFEB50D4614466A4606212846F6F725
:10FA900093FE06280CBF012600262846F6F73CFCFC
:10FAA00030002AD09DF800009DF8017047EA002739
:10FAB0006846FFF7ABFF002658B144F25C4047436D
:10FAC0004FF6FF7197FBF1F141F294128A1A2280EE
:10FAD00001269DF803009DF8045045EA00250DF12C
:10FAE0000300FFF793FF40B142F2107045434FF619
:10FAF000FF7195FBF1F1618001263046FEBD0000EB
:10FB00001CB500F063F848F25D012046F6F762FD8F
:10FB10000120E4F7A7FC6B4602224EF6C87120468E
:10FB2000F6F756FE022801D1012016BD002016BDB1
:10FB3000FEB50F4615466A4606213846F6F73CFEE6
:10FB4000002606280CBF012400243846F6F7E4FB03
:10FB50004BF298013846F6F73DFD24B39DF80000BE
:10FB60009DF8017047EA00276846FFF74FFF38B15C
:10FB700044F25C4047430D4901EB274129800126AF
:10FB80009DF803009DF8044044EA00240DF10300B1
:10FB9000FFF73CFF28B142F21070444324146C80FC
:10FBA00001263046FEBD0020FEBD00006CEEFFFFCA
:10FBB00010B500F00BF840B10120E4F753FC46F219
:10FBC0009C012046F6F706FD012010BD0C4643F2CD
:10FBD00017512046F6F7FEBC7CB50D4600F043F801
:10FBE00000F108067278900725D403246B460222A0
:10FBF00001212846F6F7ECFD022813D16020802170
:10FC00008DF800008DF8011070726B469DF80110A0
:10FC1000B172022201212846F6F7A6FC707840F066
:10FC2000010070707078C10705D40120E4F71AFC58
:10FC3000641EDBD101E0012076BD002076BD10B549
:10FC40000C4600F010F810F8103FD90709D442789C
:10FC500042F080024270431C022201212046F6F746
:10FC600083FC012010BD2C211C4A484310447047DE
:10FC70001CB5084614466B4602220021F6F7A8FD83
:10FC8000022829D19DF80010FF2904BF9DF801101A
:10FC9000FF2921D09DF801009DF80010C20708D56A
:10FCA000C00840EA4110B0F5805F0ADB40F46040D4
:10FCB00007E0000940EA0110B0F5006FA8BF40F46A
:10FCC0007040C5F791F90022054BC4F731FEC5F726
:10FCD00049FB2080012016BD002016BD34570020AE
:10FCE000000019407CB50C46002100916A460121B4
:10FCF000C4F70AFD002500281CBF0098002805D085
:10FD000004B1207000980004000E01D1002076BDDF
:10FD10000021DFF880231424CBB26343D65C06F0C5
:10FD20000F06864204D0491CCBB2012BF4D900E067
:10FD3000D518284676BD30B5044622462C20DFF87B
:10FD400058134243114401F1080585B06868B0B307
:10FD50006A78806840B302F0FE0228786A708DF8F5
:10FD60000000887800F03F028DF8042000F01F00AA
:10FD7000012202FA00F002906846C97801F03F03C0
:10FD800001F01F0102FA01F18DF80C300491F6F731
:10FD90009BFA6A689368694620469847697801F03B
:10FDA000FE010843687002E042F001026A70687860
:10FDB000C10743BF40F0020068700120002005B079
:10FDC00030BD2DE9F04F8046C2462C2010FB0AFAC8
:10FDD000DFF8C4B20BEB0A0707F1080585B06868C5
:10FDE000914650B168780024810703D44046FFF75C
:10FDF000A2FF01246878C10701D400202FE06868C1
:10FE000086880BF1040111F80A0020B114B94046AC
:10FE1000FFF791FF6436C9F8006001206A68D16875
:10FE2000E9B128788DF800000122B87800F03F0190
:10FE300000F01F008DF8041002FA00F00290404616
:10FE4000F97801F03F038DF80C3001F01F0102FA40
:10FE500001F104914A466B68DC686946A04705B029
:10FE6000BDE8F08FF8B503462C218B4A4B43D418DC
:10FE700004F1080386B0596800291CBF09690029EC
:10FE800022D0864DADF80250ADF800501E788DF8A6
:10FE900004600126A17801F03F0201F01F018DF8F6
:10FEA000082006FA01F1039101A9E27802F03F0768
:10FEB0008DF8107002F01F0206FA02F205926A46EF
:10FEC0005B681E69B04708B900201DE0BDF902005B
:10FED000A84205D082B2607840F20D41C5F72DFFEF
:10FEE000BDF900000024A8420DD00120C4F74BFC4E
:10FEF000040008D0BDF90000F0F7B6FF60603121C2
:10FF0000012020726172204607B0F0BD10B5024694
:10FF100008466349F9F776FF0AD26249F5F786FC8D
:10FF200006D800F01BF8A072207A40F005001BE014
:10FF3000002010BD10B5024608465B49F9F762FF84
:10FF40000AD20021F5F772FC06D800F007F8E0723B
:10FF5000207A40F0090007E0002010BD2C21534C0E
:10FF60004A431444C5F766BC2072012010BDFEB59B
:10FF700019462C2405462F46089B4C4E67431046D5
:10FF8000F419099AFE2B12D101AE00960023E3F773
:10FF9000DEFC1D2806D03E2834D101992846FFF703
:10FFA000B5FF2FE001992846FFF7C4FF2AE0022B96
:10FFB00004BF0C28552927D110683D49F5F736FCB8
:10FFC00007D83C49C5F756FA01462846FFF79EFF79
:10FFD000FEBD3949F5F72AFC07D83849C5F74AFA72
:10FFE00001462846FFF7A6FFFEBD0021F5F71EFCDF
:10FFF0000AD8C5F71FFC0004000E6072207A40F09A
:020000040004F6
:10000000030020720120FEBD0020FEBDF8B50546AC
:100010002A060C460BD5002105F07F00FFF762FE93
:10002000002836D02188407801432180F1BD244E3C
:10003000194932782C2042438F18A178F970012099
:10004000B871142207F118001FA1C6F7EDFA07F1E5
:1000500008012846FFF746FE0100F86019D008782D
:100060007A7A60F385027A72C86808B1154ABA6173
:100070008D7845B12846C6F779FF040009D0294696
:10008000C6F7BEFA7C613078FFF755FE3078401C29
:100090003070F1BDC41800003457002019FCFFFF78
:1000A0000100F0420000A0C20100C8423C570020FD
:1000B00001E87D4700E87DC701007A4700007AC764
:1000C0002A720020C3FD03000000000065FE03004B
:1000D000000000006FFF0300820000001CB5002339
:1000E0008DF800306A460021F6F7A4FB4FF6FF7446
:1000F00008B19DF80040204616BD00003EB5002026
:100100000D468DF8000003246A4620212846F6F7A4
:1001100091FB18B19DF80000812806D00021641ED3
:100120008DF80010F0D100203EBD00BF69A10A6823
:1001300001A801AB0260FF2104222846F6F714FA59
:100140000428F0D10320E4F78DF92846FFF7C6FF15
:1001500000F011001028E6D101208DF801000DF10A
:1001600001030022F4212846F6F7FEF92846FFF79E
:10017000B5FF00F081008028D5D101203EBDFEB53D
:1001800005460C4616466A4601212046F6F752FB04
:10019000012878D19DF800209DF8001002F08F0210
:1001A00042F010028A4205D001212046F6F7D6F926
:1001B000002868D03068354900F2DC5030602C20CF
:1001C00045430D44287AC1075BD5800701AE0CD5A5
:1001D000697A8DF804100020707001AB02221121A1
:1001E0002046F6F7C1F902284BD12B7A4FF4FA706A
:1001F0000A2102461F0744BF95F90B2012FB01F2AA
:1002000092B20A2392FBF3F301FB132292B2082A63
:10021000A8BF5B1C5B008DF80430D21E0023052AAA
:10022000737005D29DF8042042F001028DF804207D
:100230002A7A530703D5685610FB01F0FA3080B2D2
:100240000A2290FBF2F201FB120080B20828A8BF3C
:10025000521CC01E520000210528B2708DF80710F4
:1002600003D2B07840F00100B07001AB0422052148
:100270002046F6F779F9042803D1287A00F0FE0029
:1002800028720120FEBD0020FEBD00003C5700206A
:100290007CB50D4614462846FFF720FF00260007D0
:1002A00016D56B46042202212846F6F791FA042857
:1002B0000ED19DF801109DF8002001EB0223638010
:1002C0009DF803109DF8020001EB00222280012618
:1002D000304676BD11E5728A3EB50C462C21574A50
:1002E00048431518687A81071AD45548006830B118
:1002F000C4F7ECFA5349CEF78BFA534908606869A2
:1003000000F05CF9062200218DF801208DF8001024
:100310006B4602222046F6F727F90120E4F7A2F8FF
:100320006B46092243F282612046F6F751FA09280A
:1003300005D106212046F6F74DF901203EBD0020EB
:100340003EBD2DE9FC410546884616466A46032116
:100350004046F6F731FA002703280CBF0124002499
:100360004046F5F7D9FFBCB16846F5F75DFA9DF850
:100370000210884210D19DF800009DF801102F4B0B
:1003800041EA00212C204543581901AA406900F098
:1003900053F90198308001273846BDE8F6817CB5D5
:1003A0000C461168FA3111602C21284A484315186F
:1003B00027482A7A110708D595F90B00C0EB0040B1
:1003C000F0F752FD2349CEF723FAC4F78DFA002245
:1003D000214BFBF7D3FFC4F7C5FF06048DF80100DE
:1003E000360E8DF800606846F5F71EFA8DF80200AB
:1003F00046F26660297A4A0707D595F90A002D303A
:10040000C0EB0040AF2190FBF1F00104090E8DF824
:1004100004008DF803100DF10300F5F705FA8DF8CF
:1004200005006B46062242F20F612046F6F79CF863
:10043000062801D1012076BD002076BD345700206A
:100440005C70002000007A44BC1700203C5700205C
:1004500000FFFF460000C8420000E03F70B50246C2
:10046000150048BF6D42080048BF40422B0C040CE9
:10047000ADB280B205FB04F600FB03664543300CC9
:1004800004FB030305EB0644AC4238BF5B1CD80BEE
:1004900002D04FF0004070BD04F50040A04238BFCC
:1004A0005B1C000CD20F40EA0340B2EBD17F18BFB7
:1004B000404270BD30B5044641B3230048BF5B42A3
:1004C0000D0048BF6D4200204FF4803201E06D0006
:1004D00052009D42FBD3CAB1002D06D5AB4224BFCA
:1004E00010465B1B6D08520806D02BB1AB4224BFEF
:1004F00010435B1B5B00F6E7AB4228BF401CE20FDA
:10050000B2EBD17F06D0B0F1004F02D14FF00040E6
:1005100030BD404230BD30B5024600204FF0804132
:1005200000E089088A42FCD3002300E08908151AFC
:1005300039B144080818824226BF6A1A08192046B1
:10054000F4E7DCB25CB90004B2F5803F23BF2A04B3
:10055000A2F5004200F5004012044FF480415B1CFC
:10056000DCB2022CE3DB904238BF401C30BDF8B552
:100570000446DFF86807844202DB6FF00040F2BDFA
:10058000DFF85C07844201DA0020F2BD002C46BF90
:1005900064420FF2DC750FF2C8754FF480300646E6
:1005A000002704E055F82710FFF758FFA41BB442BA
:1005B000F8DAF6107F1C042FF9DBF2BD4FF4C80106
:1005C00001604FF4402242604FF434034FF448116D
:1005D00000228360C16002614261826110B50446FD
:1005E00000230022002100F04EFA00230022002107
:1005F000204600F0F7FAA3686268E168204600F040
:1006000042FA00224FF48031204600F008FB2046D9
:1006100000F0E3FA0246E16A204600F000FB002009
:1006200060662046216800F0FDFA204600F0FCFAE2
:100630002046BDE81040F7E22DE9F64F0646DFF808
:10064000A4060268DFF8A00683B0346900928442F1
:1006500015DA1046C4F748F900F009FA02460B46CD
:1006600000F001FA084694BFDFF88016DFF8801624
:10067000FBF784FEC4F776FE04193461D4E1481E0A
:100680004FF6E75290420DD244F62160814203DBDF
:100690004CF61F60814200DD0146DFF85806411824
:1006A00009047161F16D7069326E01F55C014942B6
:1006B000801AFFF7FFFE4FF46601FFF7CFFE0446F6
:1006C000B461A4F55501DFF83006FFF7C7FE054613
:1006D00015F5481FB8BF4FF0FA7731DBDFF81C067D
:1006E0008542A8BF00272BDA002C16D4716E4FF478
:1006F000A020FFF7B3FE4FF48021C0F1FA70FFF79E
:10070000D9FE07462846FFF732FF00F5803107F192
:10071000FA70FFF7CFFEC71B12E02846FFF727FF4E
:1007200000F580314FF0FA70FFF7C4FE0446706E9A
:100730004FF4C801FFF7BEFE2146FFF78FFE0746C4
:1007400006F17005287820B96F60AF60EF60012076
:100750002870B761B06E6968C0F58030FFF77EFE23
:100760000446B06E00F076F904196C60F06EA9686A
:10077000C0F58030FFF772FE0446F06E00F06AF9B3
:1007800004196868011B48BF4942AC60DFF8700576
:10079000FFF764FEFFF7EBFE01464FF0F070FFF746
:1007A0005DFE00F5A0190098C4F79EF800F05FF90F
:1007B0000446884600F057F9084694BFDFF82C1528
:1007C000DFF82C1500F03EF9C4F7CCFD09EB000171
:1007D000FFF770FE8246E968CAF58030FFF73EFEFB
:1007E000814639465046FFF739FE8144C5F80C90E2
:1007F000B9F5004FB8BF4FF400497169C6F81890B9
:10080000002940F31181CDF8049096F8200028B912
:10081000012286F82020B1620023FEE0706ADFF832
:10082000E424DFF8E43412189A4204D3B26A801840
:10083000B06200207062B06A091A02910098C4F791
:1008400053F802460B460020DFF8C014FBF754FEB5
:1008500000F011F900F07CFA104694BFDFF88C1418
:10086000DFF88C1452465B46FBF788FDC4F77AFD2F
:10087000776C0546AF420DDA00F0F5F8084694BFF4
:10088000DFF86814DFF8681400F0DCF8C4F76AFDDC
:10089000C7197764B76CAF420DDA00F0E4F8084688
:1008A00094BFDFF84814DFF8481400F0CBF8C4F721
:1008B00059FDC719B76440F28F252B46DFF8502445
:1008C00000F0CDF800F0BBF8326B0746706B39468C
:1008D000801AFFF7C3FD8146306BB16C814400F094
:1008E000AFF800F0B3F841F20A7400F0B5F80199DE
:1008F00000F0A6F880464946FFF7B0FDF0632B46AE
:10090000DFF8102400F0ABF800F099F8C11BB06BD1
:10091000326B801AFFF7A2FD0746306BB16C3F18AF
:1009200000F08EF800F092F800F096F8019900F0CF
:1009300087F800F08FF83064C8F58038DFF8D813F6
:100940004046FFF78BFD0446DFF898030068C3F7C5
:10095000CBFF0022DFF8C433C4F7CEFB00F08BF8E6
:1009600000F0F6F9104694BFDFF88013DFF880132B
:1009700052465B46FBF702FDC4F7F4FCDFF8A01318
:100980000919FFF76BFDF16C411848BF0021F069B0
:10099000F1648842BCBF0020B0640298726A4FF4D0
:1009A0008001801AFFF786FD0400F06A4CBF001B2F
:1009B0002018DC494FF480388842A8BF4FF48028C3
:1009C00041464FF48000FFF749FD0146F06AFFF70A
:1009D00071FD0146F06AFFF741FD0746306C214684
:1009E000FFF73CFD4146FFF765FD2146FFF736FD69
:1009F000C019FFF790FD316C0746C1F580014046F4
:100A0000FFF72CFDFFF787FD00F024F8F062214688
:100A1000F06BFFF723FD736AC318B26AF16A736261
:100A2000D218304600F0FBF8B16911F5004151BF12
:100A3000091449420914494204980160B3E0716CF9
:100A40003046D3E022464346FBF798BC01464FF4BC
:100A50002A0003E5394601E500F1AA7223464FF466
:100A600080313046BEE000980021F4F7DFBE00225E
:100A7000AD4BC3F75DBF05460F460020AA492A4685
:100A80003B46C3F755BF2DE9F84F0646002084B01A
:100A900086F820007062B062F361F16215469148F9
:100AA000D0F800B05846C3F71FFFCDE9000100227F
:100AB0009E4BC4F721FB04468A4600209A4900F069
:100AC00075F8074689462046514600F045F910461C
:100AD00094BF864986493A464B46FBF74FFCC4F71C
:100AE00041FC07460020924900F060F880468946A4
:100AF0000020904900F05AF800F02EF9104694BFFB
:100B00007A497B4942464B46FBF738FCC4F72AFC3E
:100B10007919FFF7CFFC30635846C3F7E5FE002292
:100B2000844BDFF8C8A1C3F703FFCDE90201DDE97B
:100B3000002300208049FBF721FC00F040F800F082
:100B400044F805468B46204600F005F903D8534685
:100B50002846594601E000F02DF8FBF70FFCC4F7DA
:100B600001FC7063DDE9002300207449FBF706FCFB
:100B700000F025F800F029F805468B46204600F0E5
:100B8000EAF803D853462846594601E000F012F827
:100B9000FBF7F4FBC4F7E6FBB0630020F0633064BE
:100BA0007064B064F06405B0BDE8F08F224653462F
:100BB000C3F7BEBE00204E492A465B467047024638
:100BC0000B46DDE90201C4F797BA04460F46002040
:100BD000554922463B46C3F7ABBE0146486A896A7F
:100BE00008187047016543658265704710B5044673
:100BF000A06D091A606DFFF731FC10F5481F01DA8E
:100C0000206D10BD3D49884201DB002010BDFFF77B
:100C1000AEFC00F58031206DBDE810404AE4C165AE
:100C200002667047416670472DE9F94D2D4CDFF89B
:100C3000BC802068C3F758FE04460D4600203E499C
:100C400022462B46FBF79AFB00F07CF807460E463F
:100C5000002035493A463346C3F76AFE82468B4642
:100C60003846314600F078F803D843465046594696
:100C700003E000201E4952465B46FBF77FFBC4F7AA
:100C800071FB009F2E49B866224600202B46FBF7D9
:100C900075FB00F057F804460D4600202249224615
:100CA0002B46C3F745FE06468B462046294600F0F4
:100CB00053F803D843463046594603E000200C4918
:100CC00032465B46FBF75AFBC4F74CFBF866002044
:100CD00087F87000BDE8F38D00000000AF650A00E2
:100CE0006E37F4FFBC17002001002D000000E03F2C
:100CF0000000E0BFE0B1FFFF56FEFFFF0100320041
:100D0000CDCCFFFFFFFF6300FFFFC700C0FFDF4048
:100D100000008C0A00006414CD4C010000004E401D
:100D200033B3FFFF0100A0050000F0400020AC40FD
:100D30000000504100005040000034400088A340B3
:100D400000407F4002460B4620462946C4F7D4B9EE
:100D500082468B46284639460022002300F010B810
:100D6000E1B7020016220100080401008000010022
:100D70002D5E0000EBE1000008FC000080FF000099
:100D800041EA030C50EA4C0C52EA0C0C4FF4001CE4
:100D900009D307D01CEB410F9CBF1CEB430F9942BA
:100DA00008BF904270471CEB410FFBD88B4208BF35
:100DB00082427047042101E00000012101700020FF
:100DC00070470821FAE7000000930D4613460446D9
:100DD000DFF81C20DFF81C1000F04EB83EB5FFF71E
:100DE000F3FF00F029F800F02AF800F01FB8000027
:100DF00061100400DF12040000930D461346044600
:100E0000DFF82020DFF8201000F036B83EB5FFF7FD
:100E1000F3FF00F004F800F012F800F007B801A8A2
:100E2000FFF7C8BF61100400C1110400009501461E
:100E3000204600F035F837BD01A8FFF7C2BF9DF886
:100E40000420DFF8043070474F4E04000020704744
:100E500000210160002207498160C1600161416198
:100E600000F123010A70CA708261FF204870487146
:100E7000704700004D0E04002DE9F041069F044626
:100E80000D4616469846FFF7E3FFA560E660C4F8F6
:100E9000108067612046BDE8F041F9F7E2BA000032
:100EA00070B50446049D04F1380000268661E362B3
:100EB00061630270467004F1650001210670867757
:100EC0008676C17784F8851025632046296888478F
:100ED000226B5168204688472046BDE87040F8F7ED
:100EE000E2BE70B550F8381B02780478D2008280D8
:100EF0000A7CD20042804278D300C38016194D7C10
:100F0000B542B8BFAC1A038103EBC40343818A8A9C
:100F10008281C98AC18170BDE3E7403000218288A7
:100F20000181428101884288FFE78181C281704747
:100F30001CB59DF810400094F8F7F6FE13BD0000B4
:100F400010B513460A4604691721A04710BD02B523
:100F50006A460121FFF7F4FF02BD10B504690023C2
:100F600000221821A04710BD10B5046900230022FB
:100F70001921A04710BD000010B50A46C46800231F
:100F80001521A04710BD10B50A46C46800231621DC
:100F9000A04710BD10B513460A46C4681721A047E4
:100FA00010BD10B5C468002300221821A04710BD51
:100FB00010B5C468002300221921A04710BD7CB5DC
:100FC00004460D4608E015F8010B8DF800000023DB
:100FD0000246E6682046B04715F8011BA1F115004E
:100FE0000128F0D9801E05D0401E012809D9E63815
:100FF0000AD073BD15F8011B8DF8001000F00DF834
:10100000EAE700230022E4E715F8010B8DF8000061
:101010000246292100F007F8DEE76A460121204652
:10102000B8E701222C212046F9F7FCBA70B5044636
:101030000D461646FFF791FF402100F00DF82A46B5
:101040002569334617212046A8472046BDE8704051
:10105000FFF78ABF000029462046FFF778BF00004F
:10106000F8B5264C054614392078052916461F4642
:101070003DD8DFE801F02A0313163A3610B12846AE
:10108000FFF772FF2846FFF768FF002100F032F8F3
:1010900000F02FF8012020700120F2BD00F029F8A7
:1010A000FAE748B12846FFF75FFF05E01821284618
:1010B000FFF7BCFF183E1837F0B218283A46F5DCA7
:1010C000F1B22846FFF7B2FF0FE005F11004207DD2
:1010D000FF2804BF78212175246814212846A047E1
:1010E000F2BD10B12846FFF73FFF0020D3E70020F4
:1010F000F2BD31462846FFF72ABF000031720020BA
:10110000F8B50A390529044615461E4653D8DFE8C6
:1011100001F0030852112330F9F76DF930492046E8
:1011200005E0002D0CBF0FF2BC010FF2C001FFF76C
:1011300046FF08E04DB900BF2EA1FFF740FF206831
:10114000807C84F822000120F2BD00BF2BA1FFF7B4
:1011500036FF2068C07CF4E7FFF723FF812100F011
:101160002CF829462046FFF70EFF2046FFF720FF08
:10117000E9E7FFF716FF707994F8227007EBC007D4
:10118000FFB2390941F0100100F017F807F00F0124
:1011900000F013F8B17941F0B00100F00EF83179A8
:1011A0003268C906090E2046FFF7F4FE6D1EE8B24C
:1011B0000028F4D1D9E70020F2BD2046FFF7DCBEBD
:1011C00080B5092902D100BF0EA101E004E00000B2
:1011D000F9F70CF9012002BDBDE8005090E70000CE
:1011E000303300001815AF19FF0000001815AE19B4
:1011F000FF0000001815A115C819FF001815A0154B
:10120000C019FF000001140A6464323200127A002F
:10121000000428961004000080002000F8B50B2977
:10122000044615461E4606D00D290DD00E291DD0A8
:101230000F2929D051E0002D0CBF0FF2E4010FF26D
:10124000E801FFF7BCFE08E04DB900BF38A1FFF789
:10125000B6FE2068807C84F822000120F2BD00BF29
:1012600035A1FFF7ACFE2068C07CF4E7FFF799FEDC
:1012700081212046FFF780FE29462046FFF783FEA6
:101280002046FFF795FEE8E7FFF78BFE707994F8AC
:101290002270402107EBC0072046FFF76DFEFFB22A
:1012A000390941F010012046FFF766FE07F00F01F3
:1012B0002046FFF768FEB17941F0B0012046FFF704
:1012C00062FE31793268C906090E2046FFF762FED8
:1012D0006D1EE8B20028F4D1D2E70020F2BD38B587
:1012E00000F015F838B9092D07D00A2D04D100F007
:1012F0000BF800F00FF8012032BD00F001F8FAE71A
:101300000FA12046F9F772B82046F9F774B80446E1
:101310000D4683E701492046FFF751BE68330000C0
:101320001815AF19FF0000001815AE19FF000000D6
:101330001815A115C819FF001815A015C019FF0030
:101340000001140A6464323200127A000004289604
:10135000100800008000400010B50120C3F713FA08
:10136000040001D1002010BDC3F739FDC3F7AEFA68
:101370006060204610BD30B50549064C0A78154618
:101380002C2045436019044BC361521C0A7030BDC8
:101390002A72002034570020591304008A80CA7929
:1013A00042F00402CA71120708D58A884B889A4213
:1013B00004D04A8000210122E2F7CCBB7047F8B587
:1013C000DFF8D41315460A7895423DD22C462C20DE
:1013D000DFF8C83344431E1906F10807317801F0DD
:1013E0007F012D2930D1F879C30611D54FF4C87289
:1013F00004212846C3F728F9F87900F0EF00F871C6
:10140000B078BDE8F440810901F00101C4F72ABFBA
:10141000042229460120C3F767F9040014D00421EF
:101420002846C3F74CF9C4F5C874A0B2C3F7DCFD75
:101430004FF06632DFF86833C3F77AFAC3F792FFEA
:1014400082B27078394652E0F1BD0000F8B50E4620
:10145000DFF8501391F9002004462C23DFF83C03F9
:1014600012FB03F3C518AF7B781E032833D8DFE8DF
:1014700000F0151502150020012104220A26D3B21E
:10148000521EE35C303B01FB03007143D7B2002FD7
:10149000F5D181B241F28832914226E0711EC9B283
:1014A0002046F4F79DF9042F08BF401CA119C0B2D3
:1014B00011F8011C88420DD1012F0CBF052001201D
:1014C000611C0A5C205C02EB002082B2687805F1A6
:1014D00008010CE0F1BD6078217800EB012080B2BA
:1014E0000028F7D042F210718842EEDBF1BDBDE872
:1014F000F84053E73EB54FF41654012808BF4FF4A7
:10150000964401910023A84D009500220821204611
:10151000E2F7A6FE37BD00007CB5044622462C202B
:101520009E4942438D1805F108062B7803F07F038E
:101530002C2B2DD1B0790121FFF7DCFFB0790128E8
:1015400009D100BF9EA000F03DF80622A0A1002016
:10155000E2F759FF15E0022804D007D3042801D090
:1015600002D303E094A002E097A000E090A000F076
:1015700029F855208DF80000012269460020E2F785
:1015800042FF4FF4C87201212046C3F76AF816E003
:10159000E8780121C4F796FD0520E2F763FFF079B2
:1015A00040F01000F071A878810901F0010181F08C
:1015B0000101C4F757FEE8780021C4F783FD4FF41A
:1015C000C87076BDD0E9002311461A462046E2F7DE
:1015D000DCBD38B5144603462C21704A4B43D51860
:1015E00005F10801CA7902F0F002CA71FFF794FF11
:1015F0000146287910B101EB810189B22160080010
:1016000018BF0120C0B232BD38B504462C22634B4E
:1016100054431A1902F108050121C3F759F8E87972
:10162000410701D4002032BD0120C3F7ACF804000B
:1016300005D0A8886880A888C3F748F9606020466C
:1016400032BD2DE9F04188461546012818BF002813
:101650003DD146462C204643504CA119E80701F1E4
:10166000080714D5A15D01F07F012C290FD1F8796D
:10167000010705D542070AD400F00301032906DA61
:10168000411C61F30100F8714046FFF745FFA807D0
:101690001DD5A05D00F07F012C291CBF00F07F004C
:1016A0002D2814D1387890B1F87900F0F80040F086
:1016B0000800F8714046FFF72FFF3A784FF47A7030
:1016C00042434046BDE8F0410221C2F7CABFBDE82F
:1016D000F08100002DE9F84F814648794F780C7869
:1016E00091F8028091F803B000F07F0A022F14BF36
:1016F000032F44F04004284D284928782C2616FB57
:1017000000F00E1806F1180033A11422C4F78CFF64
:1017100000203072B07300906A4601214846C2F73B
:10172000F3FF08B1009830726A4602214846C2F7BA
:10173000EBFF18B1009800F00F00B073BAF12D0F55
:1017400017D186F8038039462046C4F7EFFC594686
:101750004046C4F7C7FC04F03F002828AFBF002173
:10176000012104F01F04A1402A78104BE1F742FB4D
:1017700003E0B07B0021FFF7BDFE327A32B14FF4B7
:101780007A70424328780221C2F76BFF2878401C08
:101790002870BDE8F18F00002A7200203457002025
:1017A00066B6644071140020FD400200BF130400BF
:1017B000000000024D14040001FF00044D14040059
:1017C000015500084D14040003520D064D14040089
:1017D00055AA110002120000D315040009160400D6
:1017E00043160400000000000000000030B503466E
:1017F0001046002222E01C5D44400020E50748BF5F
:101800005E20A50748BF80F0BC00650748BF80F098
:101810006100250748BF80F0C200E50648BF80F0A0
:101820009D00A50648BF80F02300650648BF80F0F4
:101830004600240648BF80F08C00521CD4B28C4273
:10184000D9D330BD38B5054686B0687A40F040003F
:1018500068720122287A8DF80400052400F0CDF882
:101860008DF8081002FA00F00390E97800F045F8CE
:101870008DF8103005914D2101A8F4F7ABFE48B961
:10188000E8780021C4F7DAFCC820E2F7EBFD641E1B
:10189000F1D10CE000208DF800004FF496736A46F9
:1018A000012101A8F4F777FF01A8F4F735FD687A64
:1018B00000F0BF00687207B030BD18B585B0017A7E
:1018C0008DF800100524817801F03F028DF8042086
:1018D00001F01F01012202FA01F10291C17800F02A
:1018E0000CF88DF80C3004915A216846F4F772FE1A
:1018F00008B9641EF8D106B010BD01F03F0301F035
:101900001F0102FA01F1704770B506460D4688B016
:101910002846FFF797FF3046F4F7D6FC687A00F0C8
:10192000FB00687200218DF8001030464D21F4F75D
:1019300051FE002858D04FF496736A460121304674
:10194000F4F729FF01280CBF012400243046F4F7E6
:10195000E3FC002C48D00020029002A96878C2F76E
:10196000AAFF3C2400281CBF029800280ED10020AA
:10197000019001AA68780121C2F7C6FE00281FBFA6
:101980000198C0F30F100190002800D00446287A77
:101990008DF80C00012200F030F88DF8101002FADA
:1019A00000F0059001AEE978747001F03F008DF809
:1019B000180001F01F01200402FA01F1000E079146
:1019C0008DF804000022022101A8FFF70FFFB0707C
:1019D00001AB0322532103A8F4F7C6FD032803D16A
:1019E000687A40F0140068722846FFF766FF687A4C
:1019F000800800F0010008B070BDA87800F03F0139
:101A000000F01F0070472DE9F047DFF8D893DFF8AA
:101A1000D8531BE017F0030F0CBF0A270E27DC1961
:101A200013F807C094F8018003EB070A0CEB0824B5
:101A30001F449AF802C0FF7804EB0C4404EB0764DF
:101A40007460777847F020077770521C2F78D6B2F1
:101A5000BE4216D22C2414FB06F619F8064004F0F8
:101A60007F04272C02BF4E44B778874204BF16F884
:101A7000084F8C42E9D17778002BCBD107F0DF07F4
:101A8000E2E7BDE8F0872DE9F0462C21D54A48432E
:101A9000171807F108058BB028788DF8000001228F
:101AA000B87800F03F0100F01F008DF8041002FA32
:101AB00000F00290F97801F03F0301F01F0102FAF3
:101AC00001F18DF80C300491687841060BD410F0C8
:101AD000180F0AD139466846FFF716FF6878C10625
:101AE00048BF002607D400205DE0002600075CBF49
:101AF0003846FFF7A7FE6878010701D580063AD47B
:101B0000BA7A2978B8780023FFF77DFF4FF00309F0
:101B100042216846F4F75EFD18B300244FF4966343
:101B200005AA01216846F4F736FE07E0002CF5D03F
:101B300005A8021901216846F4F73EFE8246684670
:101B4000F4F7EAFBBAF1010F0BD1641C162CEDDDA2
:101B50000022162105A8FFF749FE9DF82A108842A9
:101B600003D0B9F1010917D0D2E7BA7A2978B87849
:101B700005ABFFF748FF0120C2F705FE06000BD0BA
:101B80006868C2F7A3FE70606978C90904D07969F2
:101B90000968CCF73DFE7060687801075CBF384685
:101BA000FFF78BFE30460BB0BDE8F086FCB587B082
:101BB0000C2A08BF552B09D10E998A4B2C22504371
:101BC00000261D18022905F1080401D0002072E04A
:101BD00020780F998DF808000123A87800F03F02C3
:101BE00000F01F008DF80C2003FA00F00490EA7852
:101BF00002F03F0002F01F0203FA02F28DF8140017
:101C0000069268460F680621CCF7FEFD2846FFF7CE
:101C100019FE38460021F8F7F5F820D27348394606
:101C2000C3F7BCFBCCF780FE040040D068782146A7
:101C3000C2F745FE2004000E8DF800008DF801402B
:101C4000002202216846FFF7D1FD8DF802006B46A5
:101C50000322532102A8F4F787FC40B326E0CCF717
:101C600063FE6178606001F00301020E8DF80010E0
:101C70008DF80120010C020A8DF802108DF8032066
:101C80008DF80400002205216846FFF7AFFD8DF8AE
:101C900005006B460622432102A8F4F765FC0628DE
:101CA00005D1687801220021E1F754FF012628467A
:101CB000FFF703FE304609B0F0BD00002DE9F04FFC
:101CC000494EDFF820B1824630782C2587B0684332
:101CD0000BEB000491F8008091F8029084F80390D7
:101CE0000127A77104F1180041A11422C4F79CFC3C
:101CF0000A27277200213078A072019101AA0121E0
:101D00005046C2F701FD00281CBF0198002803D0EF
:101D1000617A60F3010161720020676900906A4690
:101D200002215046C2F714FDA0B100980021C4F76B
:101D3000F5FA06D04FF07E51C4F7F0FA18BF012033
:101D400000D10020617A01F07F0141EAC011617287
:101D5000009838600023217A0BF1080200E05B1C38
:101D60003778D8B2B8421DD268431BF8007007F02C
:101D70007F07272F02BF0BEB0007BF78474502BF45
:101D8000101807788F42EAD14078800810F00100DF
:101D900018BF012804D1607A40F00C0060721AE08C
:101DA000022818D18DF8081008F01F0008F03F0134
:101DB0008DF80C1009F03F02012101FA00F00490A7
:101DC0008DF8142009F01F0001FA00F0069021465A
:101DD00002A8FFF799FD3078401C307007B0BDE8CD
:101DE000F08F0000345700202A720020000080BFCE
:101DF00000000000871A040000000000AD1B040072
:101E0000020000002DE9F0472C23854C584325188B
:101E10000020EB68D40716D46422514340F201122B
:101E200091FBF2F4A1B26329C8BF6324D978DC70B6
:101E3000E2B2914202DA0120641A02E08A425CDADC
:101E40000C1BE4B207E0920812F0010218BF6320F5
:101E5000D87063241046AE78ED789F78012106F0A3
:101E60003F02282AAEBF4FF0000806F01F0201FA19
:101E700002F805F03F02282AAEBF002505F01F0535
:101E800001FA05F507F03F02282AAEBF002707F048
:101E90001F0701FA07F7634E0028306C03D0384360
:101EA0003064376002E03843306437614FF0000A35
:101EB00000F025F8C6F81080CCF767FD81460DE0EC
:101EC00000F01DF82220CDF7BFFB306C28433064B2
:101ED00035612220CDF7B8FB0AF1010A5FFA8AF0DA
:101EE000A042EDDB4846CCF781FDC6F8008000F04B
:101EF00006F8316C394331643760BDE8F087306CE7
:101F0000284330643560704738B50D462C23444C67
:101F10005D4363190228DC6808BF02F0030207D0A2
:101F2000012801D0030008D14FF6EF731A4004D006
:101F3000636801B0BDE83040184731BD11B1007C85
:101F400010707047C07C117800F00F0000290CBFA2
:101F50000322002256E72DE9F843DFF8CC9099F8E8
:101F6000002080460D462C202D4942438F18002426
:101F7000009469464046C2F79EFC00B1012468798E
:101F8000C2090023414600F07F00E2F769FD00200E
:101F9000B87187F801806A462978B970A878234912
:101FA000F870B960FE68386A2149706039620020B3
:101FB000009001214046C2F7A7FB00281CBF0098F3
:101FC000002805D199F80010481E89F8000024E087
:101FD000B07069782878C4F785F8E978A878C4F7EC
:101FE00081F86978B078C4F77DF8387CF0707CB9F6
:101FF000B87841064CBF0020FF203874B8784106FD
:102000004CBF0322052299F800000021FFF7FAFED9
:10201000397C00223846E2F767FABDE8F183000018
:1020200034570020902002402A7200203D1F0400F7
:10203000091F040030B400BF08A191E83C0080E80B
:102040003C0030BC7047024A02EBC00000F075B89B
:10205000F81600002421CCF7D7BB000002000000D6
:1020600000000000FFFFFFFF0000000030B5054644
:1020700081B02C68CCF789FCA178C1B900226270CC
:10208000CCF7B4FC9B488168002944BF4FF0FF3275
:10209000626099490160284600F016F8207A02280B
:1020A0000AD101B0BDE830409448EBF760B801B008
:1020B000BDE83040CCF79ABC637A626961682469F4
:1020C0002846A04701B030BD10B584B004686069EF
:1020D000617A8B4A012990F8211004D11268406975
:1020E0009368984710E0126893686846984760695B
:1020F00090F821204169684600F016F9002814BFC5
:1021000060686FF00300606040217E4801608022BB
:1021100002600023C0F8FC320220C5F7BEF97A48FD
:10212000EBF725F804B010BD00B581B000F037F929
:1021300076490120087001B000BD70B505460C4617
:102140002E68CCF722FC71490A780AB1317819B1AE
:10215000CCF74CFC002070BD01213170CCF746FC5F
:1021600004B96B4C207830726168316120780228A4
:102170000CBFA0680020F0600A20C5F70EFA2846C0
:1021800070BD0268002111700A20C5F79FB92DE9C2
:10219000F04F0D46804681B02868D8F8006084680A
:1021A000D0F80490D8F80470DFF85CA1F168934689
:1021B0005046EAF7D1FF20B16FF0010001B0BDE851
:1021C000F08F00217060B17086F809B075614246E9
:1021D00050495148CCF7EBFB39782720CCF7FAFB74
:1021E0000622A1B2484600F034F988B94B4F454C5D
:1021F00039684A69272090470220C4F8FC0206206B
:10220000F96C4A68904758B14020206080212160D5
:102210005046EAF7ACFF4FF0FF3001B0BDE8F08F59
:102220000220C5F7A5F9FA6C95F820102869D36942
:102230009847FB6C95F8211095F82000D3F800C062
:10224000BBF1010F0CBF01220022E047E869C4F88E
:1022500050010021C4F85411A969C4F8581159B1AA
:10226000D7F84CC06868DCF8109000230022C847FB
:10227000F96C2B488A699047307A042803D0396872
:102280000A6927209047EA68A868EB69FD6C2E6907
:102290001946B047D8F8005001206870287A042801
:1022A00014D1F96C1F488A699047002844BF4FF049
:1022B000FF3169600020687040460F49C4F88413FC
:1022C000FFF702FF686801B0BDE8F08F022808D16F
:1022D0004FF0FF310948EAF73FFF686801B0BDE8F9
:1022E000F08F002001B0BDE8F08F01224FE70222FD
:1022F0004DE7000088470240030000809460002002
:10230000FC01001004440240446000208772002059
:102310005C2004006D200400E4600020B001001087
:10232000020000800100008003B481B000208DF81D
:1023300000005AB3D1070DD5019802999DF80030DD
:1023400090F800C0087880EA0C0C4CEA03038DF882
:1023500000300120520819D00199029B9DF800C05D
:10236000095C1B5C594041EA0C0C8DF800C0401C14
:102370000199029B9DF800C0095C1B5C5940401C00
:1023800041EA0C0C521E8DF800C0E5D19DF800000A
:10239000401E8041C00F03B070470000FEE730B51B
:1023A00083B0CCF7F2FA124D04462878D0B96846CB
:1023B000CCF714FB4FF0FF31002201918DF808207B
:1023C0006B460C4A272105F1A400CCF7BBFA01218A
:1023D000281DEAF78BFE002105F15400EAF786FE7E
:1023E000012028702046CCF701FB03B030BD00006F
:1023F000406000209D230400F0B5002918BF00288C
:10240000444C0BD0444D03262E60AF6817F0030FE9
:10241000FBD10125414E35602060A160002B18BF23
:10242000002A04D03E49012008602262A362F0BD68
:1024300010B504460120CDF707F9374988682040D8
:102440006FF39D000028F5D0886804400C6020469A
:1024500010BD2DE9F04788B080460D4692462021F8
:102460006846CCF7D1F90026102D05D0182D05D0DF
:10247000202D08BF032602E0012600E002260127E6
:10248000284CDFF8A49007FA0AF767602720D9F8EC
:1024900000104A6990472548012101600322244920
:1024A000426001230B608260A068864218BFA6606C
:1024B000182D27600BD1182241466846C4F7A4F8AE
:1024C0000023002220216846FFF796FF05E0002345
:1024D000002229464046FFF78FFF1648FFF7A8FF66
:1024E000D9F800100A6A054627209047D9F800104D
:1024F0000A692720904715F0404F04D1606820FA00
:102500000AF0C10701D4012000E0002008B0BDE8B6
:10251000F087000004400240884702400000484223
:102520000004484200440240B001001080470240CD
:1025300000470240030000C030B400BF0AA191E888
:102540003C0080E83C0030BC7047002100220023A2
:102550008C4680E80E107047024A02EBC00000F083
:1025600064B8000000170000020000000000000036
:10257000FFFFFFFF0000000030B5054681B02C686A
:10258000CCF703FA002184F8241094F821100329D1
:102590001EBF0429002184F82510CCF727FADFF8A4
:1025A000BC028168002944BF4FF0FF32E261DFF8CE
:1025B000B0120160284600F014F894F820000228B8
:1025C00006D101B0BDE83040DFF89802EAF7CFBD90
:1025D00094F821302268E16964682846A04701B078
:1025E00030BD10B50468DFF8800240210160802210
:1025F00002600023C0F8FC3294F8261031B1DFF8F5
:102600006C02EAF7B4FD002184F826100220BDE830
:102610001040C4F742BF00B581B0FFF7C0FEDFF83D
:1026200050120120087001B000BD70B505460C467F
:102630002E68CCF7AAF9DFF83822117811B196F894
:10264000221019B1CCF7D2F9002070BD012186F813
:102650002210CCF7CBF90CB9DFF81842207886F8B5
:10266000200061687160207802280CBFA0680020FB
:10267000B0600021012086F8230086F8241086F837
:10268000251086F826100A20C4F787FF284670BD5B
:102690000268002182F822100A20C4F717BFF0B5A3
:1026A000044681B027680D461646CCF76EF997F8B8
:1026B000251029B1CCF79AF94FF0FF3001B0F0BDE9
:1026C000012187F82510CCF791F9296807F10C0052
:1026D00091E88C1080E88C1032462946204601B0E3
:1026E000BDE8F04003E00122D9E70222D7E72DE957
:1026F000F04780460E46D8F80040D8F80470656967
:10270000D4F8109094F82300924658B1A168574825
:10271000EAF722FD18B16FF00100BDE8F087012053
:1027200084F8260084F821A026600020E06142465B
:1027300051495248CCF73BF939782720CCF74AF970
:102740000622A9B24846FFF784FE70B194F826002D
:1027500028B14648EAF70BFD002084F826004FF028
:10276000FF31E161E069BDE8F0873F4D444FD5F8A6
:10277000800320F00200C5F8800394F820000428AC
:1027800003D139684A69272090470220C5F8FC0226
:102790000620F96C4A689047A8B140212960802240
:1027A0002A6094F8260028B13048EAF7E0FC0020BF
:1027B00084F826000021C5F8FC124FF0FF30E061DC
:1027C000E069BDE8F0870220C4F7D2FEBAF1020F3B
:1027D0001CBFBAF1040FBAF1060F01D1002000E0CE
:1027E0000420C5F84C010020F368C5F85031C5F845
:1027F0005401012184F824101946FC6CB2687068F9
:102800002669B047D8F8004094F82000042818D171
:10281000F96C13488A699047002844BF4FF0FF3194
:10282000E161E669002084F8240094F8210003287F
:102830001EBF0428002084F825004046FFF7D1FE83
:1028400009E0022806D14FF0FF310648EAF784FC80
:10285000E66900E000263046BDE8F0878847024080
:102860000100008094600020044402404460002085
:10287000887200206825040079250400E4600020A7
:10288000B001001070B544688568CCF77EF8064644
:10289000207890B1AA480188491E018089B211B9F7
:1028A000001DEAF757FC2878CCF7B9F80020207013
:1028B0003046BDE87040CCF799B870BD6FF00100AC
:1028C00070472DE9F04381B047688568787889467C
:1028D00020B14FF0FF319B48EAF73EFC0220C4F7DD
:1028E00047FE994C206801280CD00220C4F7D5FD82
:1028F000787810B19348EAF73AFC4FF0FF3001B016
:10290000BDE8F083914E687831688847D6F8580161
:1029100041698847E87818B9D6F85801816888472E
:10292000AA7A697A287A00F01FF98949002008609C
:10293000D6F85821906A804780468648016801F49D
:10294000906181603020CBF7FBFFD6F858014168D9
:102950008847012020600220C4F79FFD787810B1DD
:102960007848EAF704FCA87898B1D6F85811287A84
:102970008A699047D6F85811CA690746287A90475D
:10298000D6F858311D68024639461FFA88F0A84724
:102990008046A9F80080002001B0BDE8F0832DE951
:1029A000F04F064681B03068654D87688B4691468A
:1029B0004FF0FF31281DEAF7CFFB63490868012477
:1029C00001284FF0000807D0281DEAF7D0FB4FF090
:1029D000FF3001B0BDE8F08FDFF870A1DAF85801E0
:1029E00041698847F87818B9DAF85801816888474A
:1029F000BA7A797A387A00F0B7F8B87858B1DAF854
:102A00005811387A8A699047DAF85811CA69044629
:102A1000387A904780465FEA090021D000945846F2
:102A2000DFF82CB1044630688768DAF8001078784F
:102A300088470020CBF80000DAF85811886A8047F0
:102A4000B97839B1DAF858310099D3F800C0424664
:102A500080B2E047361DB9F1010924F8020BE2D13A
:102A60003D494FF4906008603020CBF769FFDAF8F9
:102A7000580141688847344A01201060281DEAF750
:102A800076FB002001B0BDE8F08FF0B581B085681D
:102A9000A8780C4680B9314E3168287A8A69904707
:102AA0003168CA690746287A90473368024620464B
:102AB0001C683946A0470446287A58B9274A136843
:102AC000E878214600281C6B14BF25482548A047FC
:102AD00001B0F0BD214A6868136821461C6BA0470D
:102AE00001B0F0BD40680021017070472DE9F04150
:102AF00004466668A5680F46CBF747FF80463078E6
:102B000028B14046CBF772FF0020BDE8F0810120DC
:102B1000307039790A4F7170388818B90121381D21
:102B2000EAF7E4FA3888401C38804046CBF75EFF6D
:102B3000287846F20201E7F7B1FC2046BDE8F081B3
:102B40000C6600201066002008800C408C000010ED
:102B50001C900C4030500C4038500C40E4010010E8
:102B6000E09C4100648F160038B5064B1C6825694F
:102B7000A8470348032101700170017031BD0000B6
:102B800018B00C40E401001040680021017070474B
:102B90006FF001007047F0B5DFF8D87304460D46BA
:102BA000386881B016464FF0FF31EAF7D5FA324661
:102BB0002946204600F075F904463868EAF7D7FA46
:102BC000204601B0F0BD806802680A604068DFF806
:102BD000A82348601068800200F470508860704735
:102BE00030B5DFF89403DFF88C5381B000688002C1
:102BF00000F47050411EC9436860A9600120EAF7E3
:102C00008AFA0446CBF7C1FE296829B92C6001B0C5
:102C1000BDE83040CBF7EABECBF7E8FE2CB120464A
:102C200001B0BDE83040EAF78DBA01B030BDDFF841
:102C3000442300B5106881B0EAF78EFA08B16FF04E
:102C4000020001B000BDF0B5DFF82843054620685A
:102C500081B018B9FFF7C4FF206818B3DFF81C1360
:102C60000A7895421ED205EB4500C54980000A1D31
:102C70000E181558B76820684FF0FF31EAF76CFA64
:102C8000287801280BD060683968421E114206D1AD
:102C90007968814203D3A0680840814205D020684A
:102CA000EAF765FA002001B0F0BD01202870206825
:102CB000EAF75DFA304601B0F0BD2DE9F0418768D2
:102CC0000C461E46786831198842904638BF6FF02E
:102CD00003000FD3A74D28684FF0FF31EAF73CFA05
:102CE0003868011932464046C3F78EFC2868EAF777
:102CF0003EFA0020BDE8F0819E480068EAF737BA46
:102D00002DE9FA4F054683B0A8680190164642683F
:102D100003990498411800248A42A04638BF6FF0F6
:102D20000300C0F0BB8093480E9F00684FF0FF3156
:102D3000EAF712FAF807029613D58E49049A8968C1
:102D400004980A40884302D08A4B58688218039B33
:102D50001940284600F0A5F85FEA000840F0998085
:102D600035E0B80733D501990398096841180498EC
:102D70000022334602E0521C091D1B1D824225D24F
:102D80000E781D782E40B54217D1521C82421DD2BA
:102D90004D785E783540AE420FD1521C824215D23A
:102DA0008E789D782E40B54207D1521C82420DD2BA
:102DB000CD78DE783540AE42DDD06E480068EAF767
:102DC000D6F96FF0060005B0BDE8F08F04900199C8
:102DD0000398D1F80090029E049D814400F0AEF863
:102DE0008DF8000004E000BFA5EB0A055644D1446D
:102DF00095B1082D8CBF4FF0080AAA46CBF7C5FD48
:102E00008346524649463046F2F72DFD0446584661
:102E1000CBF7ECFD002CE7D09DF8000028B1594A13
:102E2000594813685D680121A8475848016821F096
:102E3000300101605CBB78072BD5019B03981B68B0
:102E4000029AC3180498002102E0491C1B1D121DA0
:102E500081421ED217781C78A74218D1491C8142A2
:102E600017D255785C788DF80040A5420FD1491CE7
:102E700081420ED294789F78BC4208D1491C81428D
:102E800007D2D578DC788DF80040A542DDD04FF030
:102E9000FF3838490868EAF76AF9404605B0BDE8E6
:102EA000F08F2DE9F043334F1546BA6881B00E46D6
:102EB0008068002402EA06039E4218BF6FF00400F7
:102EC00039D141688E4228BF6FF0030033D2AB196D
:102ED000994202D32A40954204D06FF0050001B018
:102EE000BDE8F0830068361800F028F8804602E05C
:102EF000786886192D1A5DB1CBF747FD81463046BB
:102F0000F2F7A8FC04464846CBF770FD002CEFD042
:102F1000B8F1000F05D01B4A1B4813685D680121FA
:102F2000A8471A48016821F030010160002C14BF45
:102F30004FF0FF30002001B0BDE8F08370B5114CB8
:102F4000114D21688A682846904706460F48016857
:102F500041F030010160F0B250B1226853680021A5
:102F60002846984721688A68284690470028F9D162
:102F7000F0B270BDCC6F00203024034026810300E6
:102F800020170000D8010010004003400440034017
:102F9000F0B5DFF87C570446E86987B04FF0FF31A1
:102FA000EAF7DAF86768A66878686861318CA96121
:102FB000706958BB308B05F110010A5C531E05F196
:102FC00010021354328B885C00BB204600F062FB79
:102FD000B9208DF800002046A96989B200F0B4FB41
:102FE0000020039001210191CDF808D001A9686962
:102FF00000F0FAFBA96989B2204600F009FC786864
:1030000000F0ACFB318B002045F821002046A96977
:1030100089B200F007FC00203870E869EAF7A7F8E9
:1030200007B0F0BD70B50546202988B018BF6FF015
:10303000010030D16868DFF8D86641687161A8681E
:10304000018CB161284600F025FB10B14FF0FF3430
:1030500020E0C7208DF800002846B16989B200F051
:1030600073FB0020039001210191CDF808D001A944
:10307000706900F0B9FBB169002814BF00244FF05B
:10308000FF3489B2284600F0C3FB1CB9284600F083
:1030900001FB0446204608B070BDF0B5DFF870763D
:1030A00004460D46F86981B016464FF0FF31EAF745
:1030B00053F832462946204600F010FA0446F869D3
:1030C000EAF755F8204601B0F0BD80684FF0FF32B6
:1030D0000A6043684B6080688860704710B500F0F4
:1030E00040FB0120EAF717F80446CBF74EFCDFF867
:1030F0002026D16921B9D461BDE81040CBF776BC58
:10310000CBF774FC24B12046BDE81040EAF71AB8AA
:1031100010BDDFF8FC2500B5D06981B0EAF71CF8D6
:1031200008B16FF0020001B000BD2DE9F041DFF8F9
:10313000E0550446E86990B020B9FFF7CFFFE86991
:10314000002842D0DFF8CC150A7894423DD2E869D5
:10315000DFF8C4854FF0FF31E9F7FEFF04EB4400D0
:10316000840008F1040108F108000F593978065964
:10317000012927D0B068421ED143B9603368134299
:1031800020D1726882421DD311408A421AD17069DF
:1031900010B1006878602AE0308B042812DA55F804
:1031A0002000C8B907A800F017FBF0690B900021B8
:1031B0008DF828108DF81C1007A9308BC0B200F0D4
:1031C000EBFA30B9E869E9F7D2FF002010B0BDE8AA
:1031D000F081318B45F8210005F11002308B55F854
:1031E0002010796005F11001135C5B1C0B54A044A6
:1031F000786868614046318CA96100F093FA01203B
:103200003870AB218DF800104046A96989B200F0F2
:103210009BFA0020039001210191CDF808D001A96B
:10322000686900F0E1FAA969002814BF00244FF092
:10323000FF3489B2404600F0EBFA14B9404600F082
:1032400029FAE869E9F793FF404610B0BDE8F0813C
:103250002DE9F04104460D46A06890461F4641689E
:103260007A19914238BF6FF0030011D3DFF8A064E0
:10327000F0694FF0FF31E9F76FFF3B4642462946C0
:10328000204600F0B7F90446F069E9F770FF2046E0
:10329000BDE8F081DFF87804C069E9F768BF000095
:1032A0002DE9FA4F8BB08046002114460391D8F8DF
:1032B00008200C98029251680B9AD8F80450821892
:1032C000914238BF6FF00300C0F00481DFF8407412
:1032D000F8694FF0FF31E9F73FFF686802997861BC
:1032E000088CB86104941698C1071BD5A9680C9A7C
:1032F0000C980A40884302D0029B986882180B9B66
:103300001940404600F0EAF80028039040F0DE80C3
:1033100000E00C9402990B980E68DDF810900C9C5C
:10332000861933E08007F5D50299C86800281CBFCC
:103330000D69002D00F09F80A246DDF82C900C9CBA
:103340002B460026834605E0761C5B1C0AF1010A29
:1033500009F10109A642DCD2AB4207D15A464946DF
:10336000404600F047F90028D3D100239AF8000026
:103370001BF8031001408842E6D06FF00600A4E07D
:10338000B96989B2404600F043FAD944002C66D0AE
:10339000404600F07FF900285ED1B96989B2404605
:1033A00000F0D2F9002007900121059105A90FF244
:1033B00070327869069200F017FAB969002814BFD4
:1033C00000254FF0FF3589B2404600F021FA002D6C
:1033D00042D106F0FF00C0F58070A346844288BF4A
:1033E000834602218DF80010320C310A8DF802104C
:1033F0008DF801204046B9698DF8036089B200F06C
:10340000A3F90020079004210591CDF818D005A953
:10341000786900F0E9F95E44A4EB0B04E0B1002008
:10342000DA464D46079075B901788DF8041001AA67
:1034300001250692059505A9786900F0D5F958B1DE
:10344000BAF1010A9CD07869CDF814A0069505A9B7
:1034500000F0CAF9002893D14FF0FF3035E01698FC
:103460004107C24632D50298C06800281EBF0299A3
:103470000C69002C07D1F869E9F779FE6FF00700B5
:103480000DB0BDE8F08FDDF82C90DDF810800C9DBC
:103490002346002683460CE05FF0000318F8010B7A
:1034A0001BF8031088427FF468AF761C5B1C09F19F
:1034B0000109AE4208D2A342F0D15A4649465046CD
:1034C00000F098F80028E7D000200390F869E9F7A9
:1034D0004EFE03980DB0BDE8F08F00002DE9F04DD1
:1034E00088B04468A668836806EA0105A94218BF47
:1034F0006FF004000DD15D68A94228BF6FF0030092
:1035000007D25718BD4202D31640B24204D06FF022
:10351000050008B0BDE8F08D7D4E64680FF200280C
:1035200074614FF0FF3B1D8CB56182461C680193AE
:103530000F19144604E000BF00F06AF9EF19641B8C
:10354000002C53D0504600F0A5F820BBB16989B2D9
:10355000504600F0F9F80020049001210291CDF8C6
:103560000C8002A9706900F03FF9B169002814BF0E
:1035700000255D4689B2504600F04AF95DB94FF624
:10358000FF7084420BD9390409D1D8204FF480351B
:103590008DF8000008E0584608B0BDE8F08D0198AD
:1035A000856820218DF80010390A8DF80210380C3A
:1035B0008DF801008DF803705046B16989B200F0B2
:1035C000C3F80020049004210291CDF80CD002A988
:1035D000706900F009F9B169002889B25046ABD191
:1035E00000F016F9584608B0BDE8F08D002008B08C
:1035F000BDE8F08D2DE9F0410E46044688B06168C3
:10360000A068434F15464A687A619846018CB961B3
:1036100000688619204600F03DF870BB03218DF844
:103620000010320C310A8DF802108DF801208DF84F
:1036300003602046B96989B200F086F80020039043
:1036400004210191CDF808D001A9786900F0CCF8E7
:10365000B0B100210291CDF80480039501A97869E9
:1036600000F0C2F8B969002814BF00254FF0FF35FB
:1036700089B2204600F0CCF8284608B0BDE8F081B9
:10368000B96989B2204600F0C3F84FF0FF3008B0A6
:10369000BDE8F0812DE9F043804687B0D8F80850A6
:1036A0001EA61B4F4FF0FF3903E0686A08B1C3F74D
:1036B00012FEB96989B2404600F046F80020039036
:1036C00001210191029601A9786900F08DF800208E
:1036D000029001210191CDF80CD001A9786900F088
:1036E00083F8B969002814BF00244C4689B24046CB
:1036F00000F08EF824B1204607B0BDE8F08300BF8B
:103700009DF80000C107D0D4002007B0BDE8F083C9
:10371000D86C00202681030020170000050000005F
:103720000600000010B50C464FF6FF718C4207D022
:10373000E6F758FEE0B2BDE810400249E6F7AEBE3B
:1037400010BD00BF016000204FF6FF729142084695
:1037500003D00021C0B2E6F71BBF704701680A68BA
:10376000104770B5CBF711F918490546087860B9CC
:10377000012217480A7004783CB1164E304656F8BC
:103780000C1B8A689047641EF8D12846BDE870403B
:10379000CBF72CB90000000030B50C4C237881B079
:1037A00000227BB10A4C2578A8420BD209B900BF90
:1037B0000FA100EB40029200064B98189B58DA6864
:1037C00090470246104601B030BD00008D720020C7
:1037D000C681030094170000F0B500BF04A191E872
:1037E000FC5080E8FC50F0BD0268136918470000E7
:1037F00000000000FFFFFFFF0000000000000000CD
:1038000040420F000800000000000000000000001F
:103810004FF6FF729142084603D00121C0B2E6F78D
:10382000B7BE70477047000070472DE9F04105466C
:1038300082B0AE686F680C46CBF7A7F8397829B12B
:10384000CBF7D4F8002002B0BDE8F0810121397037
:10385000CBF7CCF8684600F05BF9042140F60A2269
:103860008DF80010ADF80220002101228DF806101D
:103870008DF804206946707800F04FF95FEA00087F
:103880001DD0207C824900B982493078E6F706FED7
:103890002078B87061687960207A3873E16839619E
:1038A000207C79683876C7F81C80284600F010F82C
:1038B00050B13078CBF7B3F8404600F089F90020DA
:1038C000387002B0BDE8F081284602B0BDE8F08152
:1038D0002DE9F04146683769B078884600F092F8E3
:1038E000317B04463A4600F0A9F805466FF07F4068
:1038F000844205D224B1681E844201D3002D03D531
:103900006FF00200BDE8F081F069C6F80480B46091
:10391000214600F00FFA376175612946F06900F021
:1039200023FA0020BDE8F08170B545682E7BA868B9
:103930000C462246314600F081F86FF07F41884204
:1039400009DAAA68521C824203D2310018BF022E43
:1039500001D0002802D56FF0030070BD68610146F8
:10396000E8692C6100F000FA002070BD2DE9F047F5
:103970004668884691467768B078494600F042F834
:10398000317B0546424600F059F8824600246FF02C
:103990007F40854204D21DB1AAF101018D4203D2BC
:1039A0006FF00200BDE8F087824528BF6FF003008A
:1039B00026D2C6F80490B560C6F81080C6F814A0E8
:1039C000CAF7E3FF8046707850B1102F04D3F06936
:1039D00000F0E4F9102803D2F06900F083F9012423
:1039E000F069294600F0A6F9F069514600F0BCF9EB
:1039F00014B1F06900F04EF94046CAF7F7FF002015
:103A0000BDE8F08730B583B005460C466846C3F77D
:103A100042FC45B1012D02BF0198B0FBF4F4641ED5
:103A2000204603B030BD01981B4AA4FB00010023CF
:103A3000E6F798FB441E204603B030BD70B582B057
:103A400005460E4614466846C3F725FC1CB92C46AD
:103A5000204602B070BD16B1012E0AD012E00198C6
:103A60000D4AA4FB00010023E6F77CFB2C1A641C22
:103A700009E0A5FB04014FF0FF320023E6F772FBDB
:103A80002C1A00E02C1B04B96C1C204602B070BD3F
:103A9000016300200063002040420F0010B58468DD
:103AA000406800214170C06900F01CF92078BDE831
:103AB00010400021E6F74ABD10B582684468E1690C
:103AC000012060704B681078197AE6F73FFDE069D5
:103AD000BDE8104000F0DEB810B581684468087891
:103AE000CAF79DFFE06900F073F80020E0612070E4
:103AF00010BD10B50024202906D111784268D06984
:103B000000F062F9204610BD6FF00104204610BDA0
:103B10000FF204310822C2F777BDF0B50C00DFF8D0
:103B2000D41200EB400201EB820508BF0FF2E8243B
:103B300081B06E682F68207838B9B4F90200212866
:103B400018BF222813D1287A88B9CAF71EFF217816
:103B500039B97978BA78114307D101217970B970F0
:103B60000AE02A7A3A44517821B1CAF73FFF00208F
:103B700001B0F0BD01215170CAF738FF20783870CC
:103B8000B079C3F70AFD6868296800680A780FF2FF
:103B90006C230260297AC1EBC1025200995A237941
:103BA000B4F90220012B637908BF42F48062012B33
:103BB00008BF42F01002B1F57F4F0CBF0830001D66
:103BC00002602846A17900F0FFF8284601B0F0BD58
:103BD0002DE9F0410446207A636825681A68C0EB35
:103BE000C00148000FF2142101EB000C0E1DBCF8BF
:103BF0000270365A02F10C0E40F20110DEF800801D
:103C0000BCF800C000EA0C0028EA0000CEF8000072
:103C10004FF04E08DEF8000008FA07F720EA070721
:103C2000CEF80070207AC0EBC00701EB4707F98897
:103C30003889084379890143B88940EA010C02F1C7
:103C4000180002F12407016821EA0C01B218016092
:103C500002F12806C7F800C04FF0FF3002F1300132
:103C60003060086002F1380700203860002642F812
:103C7000406F9879C3F72AFCCAF787FE297811B9F3
:103C80006E70A97002E0237A691CCE54BDE8F04141
:103C9000CAF7ACBE70B504466068016851F80C2FD5
:103CA00094F8083055A0C3EBC3056D00465B40F2A5
:103CB0000110064032430A602568CAF766FE227A80
:103CC0002A4492F8441019B1BDE87040CAF78EBE7C
:103CD000012182F84410CAF789FEBDE87040022035
:103CE000C3F746BC70B504466068016851F80C2FF4
:103CF00094F8083041A0C3EBC3056D00465B40F269
:103D000001100640B2430A602568CAF73EFE227AD7
:103D10002A4492F8441019B9BDE87040CAF766BE4B
:103D2000002182F84410CAF761FEBDE8704002200D
:103D3000C3F7B3BB30B4047AD0F804202FA30068D3
:103D40001268C4EBC40503EB4505AB8804789B18E7
:103D5000042C05D103F138020802000E89B210606C
:103D600043F8281F30BC704730B4047AD0F80420E0
:103D700022A300681268C4EBC40503EB4505AB88B9
:103D800004789B18042C05D103F140020802000EB0
:103D900089B2106043F8301F30BC7047014600BF45
:103DA00016A348680268087AC0EBC00C03EB4C0C01
:103DB000BCF80430D21852F8480F09680A78042A6F
:103DC00008BF20F07F40704730B581B04368007A6B
:103DD0000AA2C0EBC0046400105B4A1E01461868CA
:103DE000054B1C68E5689241D243D20FA84701B049
:103DF00030BD00000C180000C8010010FF000000DA
:103E00000000010002000400100000FF0800040090
:103E10000001000200040008000022000001000070
:103E2000F0B5054681B0AE6830686C6850F8041F84
:103E300021F0020101602046CAF7A5FDD4F8CC00AC
:103E4000F1F7ECFD04F13000E9F716F994F8F80009
:103E500018B904F16C00E9F77DF96F68AD6895F861
:103E60003800CAF7DCFD95F83900CAF7D8FD95F897
:103E70003A00CAF7D4FD97F8FB00CAF7D0FD307BB3
:103E8000C3F724FB04F11C00C3F721FD002084F8D4
:103E9000FD0001B0F0BD70B5446885684FF0FF3398
:103EA00004E01678FF2E26D10022232120290DD0F0
:103EB00065D32229F5D013D3242930D025D3262940
:103EC0003FD034D36FF00103184670BD94F8F90069
:103ED000012803D1012184F8FC100023184670BD8D
:103EE00094F8FB000021E6F71BFB002084F8FC009F
:103EF0000023184670BD94F8FB00CAF790FD84F8C3
:103F0000FB603046696BE6F721FB94F8FB00FF2865
:103F1000E3D0CAF784FDFF2084F8FB00DDE7D4F886
:103F2000C0000028DAD1012184F8FE10D5E7D4F8CA
:103F3000C0000028D2D10021002384F8FE101846CA
:103F400070BDD4F8C00000281CBF94F8FE00002803
:103F5000C4D0296801F12400026842F00302026023
:103F60002B696869D4F8CC2003435068046844F88E
:103F7000283F51F8040F40F002000860ADE76FF0F1
:103F80000103184670BD00002DE9F04786683268CD
:103F9000456802F11C0102F1200309681960C90794
:103FA0002CD5D5F8C01021B103220A74BDE8F04722
:103FB0006CE3101D016821F00201016002F1240090
:103FC0000468A408A4000460316970690143D5F84D
:103FD000CC004468256845F82C1F4068046804F24A
:103FE00004542160012152F8140F40084000106071
:103FF00019603046BDE8F04700F0DBBC31697069FC
:10400000D5F8CC2001435068036803F2045302241E
:10401000C3F80010D5F8C010002900F0B480D5F81E
:10402000E00020B9F769B26905F1D80303E0776AC7
:10403000326A05F1DC03D5F8CCE0DEF80480D8F86C
:104040000090D6F814C009F20459D9F800A01AEA71
:104050000C0F1AD0926812F0070F02BFD5F8D020CB
:10406000D1F80080424510D14A6972B9326852F8DD
:10407000248F28F00208C2F80080DEF80420D2F86D
:1040800000E00EF2045ECEF800C0BA6812F0070F2E
:1040900076D11A68002A73D0D5F8D470D2190028C6
:1040A0000CBF20200020C5F8E000C5F8D420002077
:1040B0001860D5F8D0200868824224BFD5F8D430E3
:1040C000834214D23146284600F0AAFB95F8FE0040
:1040D000002855D0D5F8CC0041680868716900F215
:1040E000045213680B424BD040F8281F48E00020D0
:1040F0000874D5F8C82012B9C5F8C81010E0506986
:1041000068B15269506950B10246506938B10246EF
:10411000506900281EBF024650690028F1D1516144
:1041200008464969C5F8C01000224261D5F8E00090
:1041300000280CBFD5F8D800D5F8DC00C5F8D000B1
:10414000C5F8D42091B13146284600F069FB95F8B6
:10415000FE0088B1D5F8CC0041680868716900F2AA
:10416000045213680B4207D0283004E0306850F83E
:10417000241F89088900016005F13000E8F784FFF9
:10418000641E7FF447AFBDE8F0874068002180F8E7
:10419000FD1070472DE9F043044685B0D4F8049033
:1041A000A7680D46CAF7F1FB99F8FD1019B96969BE
:1041B000091F0D2905D3CAF719FC002005B0BDE879
:1041C000F083012189F8FD10CAF710FC2869C9F8AD
:1041D000E4006969C9F8E810287B89F8F9002978B2
:1041E00089F8F81000216868C9F8EC0089F8FC101B
:1041F000C9F8C010C9F8C410C9F8C810287E0FF655
:104200008C0151F8201089F8FA10FA89A9F8F620E3
:10421000287B00280CBF10200120C9F8F0000020E6
:1042200089F8FE00387BC3F7B8F9204600F0F6FBAA
:1042300097F83B0089F8FB00D4F8048098F8F9005F
:10424000A66801281FD1F16A96F83800E6F77EF9D2
:10425000B16A96F83900E6F779F9316B96F83A00C9
:10426000E6F774F9716B98F8FB00E6F76FF998F8C8
:10427000FB000FF2D161CAF7BBFB98F8FB002146A7
:10428000CAF7C1FB13E0B16A96F83800E6F75EF9A9
:10429000F16A96F83900E6F759F9316B96F83A0069
:1042A000E6F754F9716B98F8FB00E6F74FF96846AA
:1042B000CAF794FB00946B467879DFF8B827019031
:1042C00048463979CAF73EFB6846E8F7A3FE0094F2
:1042D0006A46B8680FF24901029009F13000E8F728
:1042E000A1FEF1F767FBC9F8CC0023460FF28D72EF
:1042F000042109F11C00C3F7BAF899F8F80038B99D
:10430000002109F16C00E8F7F1FE0FF20D5000E01A
:10431000A868C9F8BC0005B02046BDE8F0830000DD
:1043200070B504466568D5F8C800E8B1D5F8C8602E
:104330007069C5F8C80000217068716110F0704F95
:1043400006D128B10620C3F7A8F80420C3F7A5F8C2
:104350000220C3F7A2F8D5F8BC203146204690478A
:10436000D5F8C8000028E1D170BD00002DE9F24F5A
:10437000044682B00868D4F804B0A568002800F0AC
:104380000C81CAF702FB06460299DBF8E8000A7ABC
:1043900009288041C04302F0010212EAD07F01BF28
:1043A0000A46117901F0010111EAD07F05D1DBF84D
:1043B000C000A8B19BF8F80048B902980321017425
:1043C0003046CAF713FB002003B0BDE8F08FDBF8DE
:1043D000C4104A6106210298CBF8C400017416E0AB
:1043E000CBF8C02000200299CBF8D000CBF8D40045
:1043F000CBF8D800CBF8DC00CBF8C4109BF8FC005D
:10440000DBF8C410002814BF052001200874002028
:10441000DBF8C41048619BF8FC00012808D1022198
:104420008BF8FC104FF4E0219BF8FB00E6F778F8DE
:104430000298406810F0704F06D128B10420C3F7ED
:1044400097F80620C3F794F80220C3F791F89BF879
:10445000F800002840F0A4800298EA6B01689142BD
:1044600080F09E809BF8FC00002840F099809BF82B
:10447000F90000281CBFDBF8EC0010F1010F40F040
:104480008F803046CAF7B2FA0298876837B1DBF8F6
:10449000E80009282CBF0221012102E00BF1F407FA
:1044A00000210298406848B18146DBF8E8000928FD
:1044B0002CBF4FF0020A4FF0010A03E00BF1F6099E
:1044C0004FF0000A02980668286850F8042F42F05E
:1044D000020234460260C6B3CDF80410DFF89885B6
:1044E000DBF8E800761E092819D201E0D144641EE9
:1044F0004CB1D8F8003099F800102868D3F808C0FB
:10450000E0470028F2D1D8F800302868D3F80CC072
:104510006946E0470098387013E0D144641E44B106
:10452000D8F80020B9F80010286893689847002848
:10453000F3D1D8F800202868D368694698470098D6
:1045400038800199CF19002ECAD12968DBF8F00014
:1045500051F80C2F024219BF012100220021012233
:10456000102818BF11460029EFD10298406810F0BA
:10457000704F06D128B10620C2F78FFF0420C2F782
:104580008CFF0220C2F789FFDBF8C01000200874FE
:10459000CBF8C000CBF8C400012003B0BDE8F08F19
:1045A000DBF8D8000028DBF8DC0029D018B9294650
:1045B000584600F035F9286850F8141F41F0010101
:1045C00001603046CAF712FA9BF8F8000028E3D1E0
:1045D000DBF8EC100BF16C00E8F7BEFD0028DBD037
:1045E000DBF8C01003200874204600F04FF80021CB
:1045F0000BF16C00E8F7B0FD002003B0BDE8F08FD0
:104600000028D4D12879DFF87074CAF7C0F9286976
:10461000D7F810C090FAA0F0B0FA80F1DBF8CC0027
:1046200043681868DCF804300222984768693F69DB
:1046300090FAA0F0B0FA80F1DBF8CC00436818687B
:104640007B68022298472879CAF77AF92879CAF74D
:10465000A0F92946584600F0E3F80020DBF8C01026
:10466000CBF8E00040F201420868904203D32946AB
:10467000584600F0D5F89BF8FE0000289BD128682A
:1046800050F8041F41F00201016094E72DE9F04168
:1046900006467468B768CAF778F9D4F8C01080463F
:1046A00031B9386850F8041F21F002010160ADE013
:1046B00094F8F80028B9087C032818BF042840F0B3
:1046C000A5803879CAF763F9D4F8CC104868036834
:1046D0007A6943F82C2FD7F8003094F8F90020B904
:1046E00003F10C052868C006FAD4181D03F1240C48
:1046F000056825F0020505604D682D68386945F8A4
:104700002C0F0243DCF80050AD08AD00CCF800508F
:104710004868016801F2045103F114000A6002685C
:10472000520852000260012043F8200FD4F8C02044
:10473000D4F8D4101160D4F8D80070B1F869816849
:10474000C1F30910D4F8D810401C814205D3D4F825
:10475000C0201368C918081A1060D4F8DC0070B1C2
:10476000786A8168C1F30910D4F8DC10401C8142DA
:1047700005D3D4F8C0201368C918081A1060304651
:1047800000F04CF93879CAF7DBF83879CAF701F943
:10479000D4F8C020116810000AD0037C032B1EBF80
:1047A000042B022303740026066040690028F4D11C
:1047B0001160D4F8C81011B9C4F8C82010E04869D5
:1047C00068B14969486950B10146486938B1014644
:1047D000486900281EBF014648690028F1D14A6196
:1047E0000020C4F8C000C4F8C400C4F8D000C4F865
:1047F000D400C4F8D800C4F8DC004046CAF7F6F884
:1048000004F13000BDE8F041E8F73EBC4046BDE8A9
:10481000F041CAF7EBB8000040686C30E8F7A7BC7D
:104820002DE9F043D0F8C080D0F8E820D0F8D0903F
:10483000083A002A4246CCBF012500251368994555
:1048400008D3D8F81420002A00F0798001234FF013
:10485000000913741368A3EB090CBCF5806FD0F842
:10486000D83088BF4FF4806C2BB9C0F8D8C0D1F8CD
:104870001CE08E6904E0C0F8DCC0D1F824E00E6AC8
:1048800053685BB187A454F82570B7606C1C04FBB7
:1048900009330CFA05F4E3185B1E05E085A353F811
:1048A0002540B46000F1F6033360ACF101030C68FD
:1048B000083443F6F077746007EA0317B3683B43A4
:1048C000B36093687BB100BF78A454F82560CEF83C
:1048D00008606C1C04FB09390CFA05F54D446D1E8B
:1048E000CEF8045009E000BF72A353F82540CEF87B
:1048F000084000F1F403CEF804300C680834CEF818
:104900000040DEF808301F434245CEF8087004D15D
:10491000D0F8D0206244C0F8D02090F8FE2072B9C0
:104920000A6852F8243F43F0030313600A69496997
:10493000D0F8CC000A4341680B6843F8282FBDE843
:10494000F083000070B50446CAF764F805462046B7
:104950006E68E5F79CFDA8B9CAF717F80446D6F8C3
:10496000C00010B10121017407E096F8FB0000219E
:10497000E5F7D6FD012086F8FC002046BDE8704032
:10498000CAF734B8CAF701F8044696F8FB000021CC
:10499000E5F7C6FD012086F8FC00D6F8C00008B196
:1049A000042101742046CAF721F82846BDE870406A
:1049B0006CE630B4006800F10C0100F108020B68ED
:1049C0005C070FD513680D686C070BD513680D686D
:1049D0006C0707D513680D686C0703D513680D685D
:1049E0006C07EFD400F18002022313608C300C6856
:1049F000E3070FD404680D68EB070BD404680D6857
:104A0000EB0707D404680D68EB0703D404680D684E
:104A1000EB07EFD50020106030BC704770B584B054
:104A2000446885682846FFF7C4FF2868011D0A68A6
:104A300022F002020A6000F114010B681B091B013D
:104A40000B60032140F8201F02A8C2F724FCD4F811
:104A5000E8000190D4F8E410009194F8F93094F84B
:104A6000FA202868044C256803992E68B04704B0E2
:104A700070BD0000893F0400C401001000B581B082
:104A80001046FFF7CBFF002001B000BD0000000082
:104A90000200000001000000030000001000000000
:104AA00020000000038000C0038000D50380000CBC
:104AB0000380005D038000CC038000DD414908686D
:104AC00049680847404901200860704770476FF007
:104AD00001007047406800210170704770B50446BE
:104AE0000D466668C9F751FF3178012903D1C9F72E
:104AF0007DFF002070BD01213170C9F777FF687913
:104B0000707229793172286830B12E490C60486082
:104B100002202E49C9F760FFA068416865682046F9
:104B200000F038F80646C9F730FF2949294AC1F88C
:104B3000002C00BFD1F8002C012AFBD00E602B7A8C
:104B4000254A012B07BF01265660002353606B7A6C
:104B50005D1EAD41214BED0F1D6001269660166074
:104B6000C1F8006CC9F742FF204670BD10B50C4675
:104B7000C9F70BFF1649174AC1F8002CD1F8002CD1
:104B8000012AFBD00C600123C1F8003CC9F72EFFBD
:104B9000002010BD10B582B00C466846C2F77BFB02
:104BA00001980F4A4009A0FB0221480A4FF0FF3349
:104BB000B3FBF0F3A34234BF00244443204602B0C9
:104BC00010BD0000407000200C000840BD4A0400E9
:104BD0000000084051E5CC1A000100432083004347
:104BE000986E128309A0074990E80C1081E80C1018
:104BF000054800220121022380F84120017080F83D
:104C000098307047E0040021E003002125A1000056
:104C100051A3000021A2000000F00BF8002803D0EF
:104C200000F00AF800F022F80020CAF760FFC9F788
:104C3000E3FB01207047000010B5074979441831A3
:104C4000064C7C44163404E00A68081D1144884769
:104C50000146A142F8D110BD500300006C030000D2
:104C60000548012808BFC9F771BF704703480128EC
:104C700008BFC9F71BBB704701000000010000001E
:104C8000014885460148804700800020E34E04002B
:104C90001EF0040F14BFEFF3098169468869EFF332
:104CA000118102B400B5DFF8C4E0F047DFF8C82096
:104CB000116801EA000010605DF804EB1EF0080FB7
:104CC00003D101BC80F31188704704BC1EF0040FAF
:104CD00014BFEFF309816946A1F1200114BF81F3EC
:104CE00009888D464A604FF08070C861DFF88C00FB
:104CF0008861DFF884301868086040F2011018609D
:104D0000704702B401B4EFF3148100291CBF0022E4
:104D100082F3148802B402B4DFF854E0F04701BC17
:104D200001BC00281CBF022181F3148801BCDFF8FC
:104D300044E0F047DFF830004FF08051016001BCE3
:104D400080F3118800BF00BFFEE700001EF0040FD3
:104D500014BFEFF30981694601F1200114BF81F30B
:104D600009888D467047000004ED00E0ADDA0000D0
:104D700019DB000021DB0000541C0020034D04005F
:104D80001EF0040F14BFEFF30980684685462DE935
:104D9000F00F684671467446024A904768462146BD
:104DA000FEE700BF43DA00001CB50C466B4602224A
:104DB000FF212046F1F70CFD022812D16B4602229A
:104DC00002212046F1F704FD02280AD110208DF8B7
:104DD00000006B46022202212046F1F7C5FB0120AC
:104DE00016BD002016BD80B508460021F1F7F2FB84
:104DF00000B1012002BD7CB50E4615466A4604216D
:104E00003046F1F7D9FC04280CBF012400243046B9
:104E1000F1F782FABCB19DF800009DF8012042EA4A
:104E2000002244F2740042431214A2F57A622A80EE
:104E30009DF802009DF8031041EA002142F2107033
:104E4000414309146980200018BF012076BD2DE977
:104E5000F84102F00707012490F88450BC404FF05D
:104E6000000CE646012DD8BFA44618BFA64606682A
:104E7000D0F83480079C4FF6F8752A40357C6A4399
:104E800092B24244114464B908785B1E4CEA0000B7
:104E90009AB28EEA0000002A01F8010BF4D1BDE8B5
:104EA000F1810C787F1C4CEA040407F007075B1EB5
:104EB0008EEA04043A000C700BD1428F114490F832
:104EC0008420012AD8BF4FF0010C06D04FF0010E0C
:104ED00003E04FEA4C0C4FEA4E0E9AB2002AE0D1A2
:104EE000DDE700B581B0FFF7BBFEAFF3008001B096
:104EF0005DF804EBFFF790BE30B4002512E050F8E7
:104F0000042BD30744BF4A44521E091F042942F808
:104F1000045BFAD213468C0744BF15809B1CC9075B
:104F200048BF1D7050F8041B0029E8D130BC704701
:104F3000F0B40246106895681318506803EB5004EB
:104F4000C0071CD54D441AE013F8017B05F8017B1E
:104F5000491EF9D198B113F8011BC6F38106032E3F
:104F600008BF13F8016B01EB06214942801C29445C
:104F700005D011F8016B05F8016B401EF9D1A34271
:104F80000ED013F8016B16F0030104BF13F8011BD8
:104F9000C91C30090F28DBD113F8010B0F30D7E7FC
:104FA000F0BC02F10C00704751FFFFFF30550000CC
:104FB000601D00200000000079FFFFFF0C000000D2
:104FC000D0070000500600201200018301000143B9
:104FD000C5A70D6377EB15B0070100CC180020C5FD
:104FE000A7000161106108A144100800F8FF07FF45
:104FF000FF0000050415720319F32E01000111537F
:1050000010040047726F7570081007040010000349
:10501000060300320210010200015CB0017D000CA9
:1050200002100E180030006000C000800100032C48
:10503000051C0A81920882113283010C10F001389C
:10504000800100014008211C0300F8090000640AE7
:1050500054F002FFBDBA030001F1FF01F1FF01F1BD
:10506000FF01F1FF01F1FF01F1FF01F1FF01F1FF8C
:1050700001F1FF01F1FF01F14701CF640A0B0CFDC3
:105080002B770C1E697C0D4359A841526908836B2C
:10509000A85112770C12C304F0040503A9000057AD
:1050A000A96943FFFF18D2FF01612EB00101FF0D76
:1050B000A3FD1BCA0CFC013020BF02F80CFEF61940
:1050C0003A0D35A0150C340517090001A05A328994
:1050D00083180A0C83190B0C831A0C0C831B0D0C00
:1050E000831C0E0C831D0F0C831E100C83FF050CFC
:1050F000580C54410020D45A00204C5D0020FFFF82
:10510000141C016025007B0FA40400CC6700204024
:105110009C3F093DA00F12640430081200110110D9
:10512000020F030C04215B40174E1204C62D830F9F
:10513000113F100400400400203004134006081101
:10514000042D17031D330F1DB80F400200000B0084
:10515000F03D2B03200210004015101104100338FD
:105160006C00202008525808210129625203202196
:1051700004122054121004217B211C4305007012DC
:105180000F04121104221238111913ECC80913EE7E
:10519000CA0513F1CD0513F4D00513F6D20513F7A4
:1051A000D40513FADAA813FBDC051001FDE40E1098
:1051B00012A26F1301A505100102642E70136A2458
:1051C000CD131E605E20072EA400007FFFFF3F006E
:1051D0000143E54BF121011007D388F30083880FC9
:1051E00000439D432303D01D6610F002093F001EBB
:1051F0000001F328040001A002DA1700203E6DD060
:10520000032114C33D181CF13B011788131A5C06D7
:1052100023456789ABCDEF08CF04F30DFFFF6E1276
:10522000C49092C494670BDDC432141312E41C21A1
:105230000425A812F00821049EC04B044D910420BF
:105240000401000C19002004521404621C045DA522
:105250000421281230102104438C1C042114ADD1E8
:10526000044393CC0D125824210452600452680464
:1052700052700483C9CA3525A7D210E343C019D0A0
:1052800012A008210452A80452B00452B80452C01B
:105290000452C80452D00452D804830000A0790FED
:1052A00011FC4360501CF0010095CC0001ED440658
:1052B0002002241A002004522C04523404523C04CC
:1052C000524404524C042178F001FF2BE00001F11C
:1052D0001401A57CFD0FCC071003397A0000970458
:1052E00043037A297C01FA00062A038004635601ED
:1052F00000AC3B4163083D0C12F009BC07F000878D
:105300001C0100271D01D8037C01006CDC16031E64
:10531000F824036D9C071E8FBC155ED5C0154B503D
:1053200006381B0872981002700020A404D1A72E22
:10533000203E15FF05A85E240421402D0003ED3812
:1053400003210112381852381CE101DAA0CC2101E6
:10535000A10C29A0E1375254141EE4A803210452E1
:10536000EC04ADB715F301EC46383602162007B849
:105370000B803EFEFFE803050E2020100612140AE3
:10538000090801020302070101051E02051E0A0A9F
:105390000101010803080101030201020A03000ED2
:1053A00014010301E010010F3001FEFEFF050301AF
:0400000500044C8126
:00000001FF
