:100000004343313378325231FFFFFFFF0301F7FFE3
:10001000FFFF0701FFFFFFFFFFFFFFFFA80000003A
:1000200030303031B34204002C00FFFF01F7FFFFF6
:080030000000000000000000C8
:1000A80000400220813B040039FB021039FB02109A
:1000B80039FB021039FB021039FB021039FB021020
:1000C80039FB021039FB021039FB021039FB021010
:0C00D80039FB021039FB021011FB021072
:1010000001000000000000000000000000000000DF
:10101000FFFFFFFF642E002004000000000000001E
:10102000000000001400000064160000180000001A
:10103000D0140000C0100000D02D002004000000DB
:101040000000000000000000240000005015000017
:10105000180000000D82030008000000B01100001D
:1010600074100000C1C8021001BB021091EB021005
:10107000DDE5021081E00210B9E5021071E5021011
:101080003100000001000000010000007C1600009B
:1010900000000000FFFFFFFF3C2E002004000000C6
:1010A0000000000000000000280000003C160000C6
:1010B000240000001E0000001800000000000000D6
:1010C00028130000D41000009BEC021025E202104F
:1010D00005EB021025DE0210FDE10210E1E4021032
:1010E0002F00000034000000240028000000000051
:1010F000B02D0020FFFFFFFF842E00200400000021
:10110000000000000000000038000000F0160000A1
:101110002800000001000000100000000000000096
:1011200000000000F7F1021000001A00100000009B
:1011300004000000541700006A900200080000003C
:1011400036000000442E00208C2E002009001D00D7
:10115000F3500200D82D0020010000000000120012
:10116000FFFFFFFF742E00200400000000000000BD
:101170000000000010000000B4160000180000007D
:101180000000000000001300FFFFFFFFEC2E002016
:1011900004000000000000000000000054000000F7
:1011A000181700003C000000000001002D000000A6
:1011B00004100000037D0200300000000000000069
:1011C000B0110000D811000085150400D9DB021011
:1011D00059EC0210CDD6021085DE02104DE502104A
:1011E00029E5021030000000000016000000000099
:1011F00000000000FF7F0000F42E0020FFFFFFFF33
:101200006C2E002004000000000000000000000020
:1012100058000000801600003400000039FB021066
:1012200001002F0006000000000000002000000068
:10123000010000001BF80210280000002813000025
:101240005012000093EC02106DEB02104DEC0210F6
:1012500029E00210BDE4021099E402102D00000004
:1012600000000000182E0020040000000000000014
:101270000000000010000000681500002C000000B5
:10128000000000000000030000000F003C00000010
:1012900000000000000000002FF902101000000004
:1012A0000800000064170000FFFFFFFF7C2E0020F5
:1012B0000400000000000000000000001C0000000E
:1012C000CC160000240000003C120000C82D0020B5
:1012D0000400000000000000000000000C000000FE
:1012E000D814000018000000A382020000000000D3
:1012F00000000000080000000100000004000000E1
:101300000000000000001400000000003053000046
:10131000000019000000180024000000413D0400F6
:101320000040000000020000041000000000100057
:1013300055F002100C000000438203000000000082
:10134000A82D0020040000000000000000000000A4
:1013500020000000A01400003000000048530000EE
:1013600001000000038303006F6A02000000000018
:101370000000170000020000310000000000230000
:101380000000150001000000C0110000342E0020F4
:101390000400000000000000000000002000000029
:1013A0001816000024000000E8840300282E002006
:0813B000200000007817000086
:1013C00085810300978303009B8303009F830300B1
:1013D000A3830300A7830300AB8303005514040019
:1013E0000915040011140400DD3C0400BF3C040096
:1013F000E1140400ED1404000F3D04003D15040049
:10140000BD160400D11604000128000000000000F1
:10141000000000000001003000000000000000009B
:101420000003FF186400000000000000000000003E
:101430007856341200000000BAAB00000000000132
:10144000000000000000000000008001100080FF8C
:10145000FDFF58003AC1B9F3FFFFFFFFFFFFFFFF99
:10146000FFFFFFFFFFFFFFFFFFFFFFFFFFFFFFFF8C
:10147000FFFFFFFFFFFFFFFFFFFFFFC5FFFFFFFFB6
:1014800000FFFFFF00C5C5FF000000FF00000000D7
:10149000FFFFFFFFFFFFFFFFFFFFFFFFFFFFFFFF5C
:1014A000300000000000000000000000C814000030
:1014B000040000000000000001000000FFFFFFFF2B
:1014C000FF00000001000000080000000000000014
:1014D00000000000000000001800000000000000F4
:1014E00000000000E81400000800000000000000F8
:1014F000100000002813000008150000393D04000A
:101500009185030019850300CD8303002184030026
:10151000B18303002E000000F4140000102E002000
:101520000400000000000000000000002000000097
:10153000381500001800000018000000000000002E
:101540000000000048150000080000000000000036
:1015500018000000000000000000000060150000FE
:1015600008000000000000002C0000000000000047
:10157000000000008C1500000400000000000000C6
:1015800001000000FFFFFFFFFFFFFFFF080000005A
:1015900000000000B0110000AC150000851604002A
:1015A00095160400B1160400A51604006384030018
:1015B0008D84030041840300320000009415000074
:1015C000202E0020040000000000000000000000A9
:1015D00014000000DC1500001C0000001C000000CE
:1015E0000000000000000000F015000000000000F6
:1015F0000800000000000000010000003F83000020
:101600003D3D0400270E0200438300004783000095
:10161000338300005183000024000000000000001C
:101620000000000034160000000000000000000070
:10163000000000000800000000000000240000007E
:10164000000000000000000058160000000000002C
:101650000000000000000000080000000000000082
:101660000A00000018000000000000000000000058
:10167000741600000800000000000000158C000037
:10168000340000000000000000000000AC16000064
:101690000000000000000000010000000000000049
:1016A0000100000000000000000000000800000031
:1016B0000000000018000000000000000000000012
:1016C000C416000008000000000000002400000014
:1016D0000000000000000000E8160000000000000C
:1016E00001000000000000000800000000000000F1
:1016F000280000000000000000000000101700009B
:101700000000000000000000FFFFFFFF00000000DD
:1017100008000000000000003C0000000000000085
:10172000000000004C170000000000000000000056
:1017300001000000000000000000000000000000A8
:101740000000000001000000000000000800000090
:10175000000000007D83030025DD0210E913040072
:1017600075DF021001000000000000000000000012
:10177000000001000000010015F9021001E602104E
:101780002DDA021045E7021041D10210C9D3021030
:10179000A5DF02102DE4021061EA021041160400D8
:1017A00005000600080009001600020102020302FB
:1017B000000301030105020500060106040B1406DF
:1017C00015061706000701070207030700090409A9
:1017D00007000A000C000D000E000F0010001100A1
:1017E0001200130014001B0000010101000201029D
:1017F00002040004010403040404050406040005B3
:10180000020603060406050606060706080609067C
:101810000A060B060C060D060E060F06100611062C
:101820001206130604070009000B010B020B030B41
:1018300053554E004D4F4E005455450057454400FA
:10184000544855004652490053415400464F4F00FA
:101850004A414E00464542004D415200415052001F
:101860004D4159004A554E004A554C0041554700DC
:10187000534550004F4354004E4F560044454300DB
:101880004C180000501800005418000058180000B0
:101890005C18000060180000641800006818000060
:1018A0006C18000070180000741800007818000010
:1018B0007C1800000097B92EE5725CCB5DCAE4731A
:1018C000B82F0196BA2D03945FC8E671E7705EC920
:1018D0000295BB2CE3745ACD0691BF28BE29079010
:1018E0005BCCE27559CEE077BC2B05920493BD2A00
:1018F000E17658CF51C6E87FB4230D9A0C9BB522F0
:10190000E97E50C7EB7C52C50E99B720B6210F98DF
:1019100053C4EA7DB2250B9C57C0EE79EF7856C1CF
:101920000A9DB324089FB126ED7A54C355C2EC7BBF
:10193000B027099EA2351B8C47D0FE69FF6846D1AF
:101940001A8DA334188FA136FD6A44D345D2FC6B9F
:10195000A037198E41D6F86FA4331D8A1C8BA5328F
:10196000F96E40D7FB6C42D51E89A730A6311F887F
:1019700043D4FA6DF3644ADD1681AF38AE3917806F
:101980004BDCF26549DEF067AC3B15821483AD3A5F
:10199000F16648DF1087A93EF5624CDB4DDAF4634F
:1019A000A83F1186AA3D13844FD8F661F7604ED93F
:1019B0001285AB3C510010000000005500100000E3
:1019C0000000670018000000006F00180000000011
:1019D000040042000000004300230000000000005B
:1019E0000086227E6DB24620290B21701040805265
:1019F0003F065B4F666D7D077F6F090D614843D3DE
:101A00005F777C395E79713D76301E753815373FCA
:101A1000736B336D783E3E2A766E5B39641F230804
:101A2000025F7C585E7B716F74100C753014545CCF
:101A30007367506D781C1C14766E5B463070010025
:101A4000CC870020887F00208886002068800020C6
:101A50000000000000840020D48700206084002063
:101A60009886002094810020F85300003054000034
:101A7000405400004C5400005C540000A886002034
:101A8000C8880020CC880020D0880020F4300020B6
:101A9000D4880020D8880020DC880020E08800203E
:101AA000E4880020B8860020FC7F00208C85002080
:101AB000C08100206C540000E05400005455000028
:101AC000C85500003C560000B0560000C856000043
:101AD000D4560000118A002058870020F8300020DA
:101AE0007C840020FC820020128A0020138A0020BF
:101AF00034810020A0850020847B0020148A0020EF
:101B0000E02000006821000000000000000000004C
:101B1000E056000028790020E8880020EC880020AA
:101B20000C31002010310020F0880020F056000019
:101B3000FC840020B87C00200000000000000000B1
:101B4000DC1B00200000000000000000000000007E
:101B5000000000009C800020507300201C880020A2
:101B6000014A031049480310D549031015470310D3
:101B7000F90004005D49031081470310A1460310DA
:101B80009548031045450310254A031021440310CE
:101B9000ED47031099490310E14803102149031050
:101BA0005553031089520310CD5203106550031092
:101BB0008D4E031091F603007BF70300F9F9030043
:101BC0000000000059510310ED50031099FB030071
:101BD000CD4B03102952031011530310A9550310C4
:101BE0007555031069530310DD5503103555031067
:101BF0004709040021540310855C03100D5603109F
:101C00004D5D0310A9640310B55B03106D570310FD
:101C1000E5610310095E0310C558031085600310C9
:101C200071610310B16203109963031055630310CF
:101C3000FD600310B15E031013000400D55A0310B9
:101C4000D559031009630310D963031019640310F5
:101C5000555F0310C56403104D62031071640310D7
:101C60008D64031055640310E1640310297503109B
:101C700079720310A16B0310F57203109D740310A9
:101C8000797403102D74031061730310FD73031036
:101C90005574031015750310D96C0310FD740310EF
:101CA0000D070400E17403103D750310750804006E
:101CB000F9640310CD6803102D710310C174031073
:101CC000F56E0310B973031029670310056E031036
:101CD000C56F0310210A0400A1770310797D03105A
:101CE0003D7E031049750310157E0310357D0310EA
:101CF00099760310997C0310257B031071780310EB
:101D0000B57D0310ED7C0310857E03102D79031043
:101D1000B97A0310917B0310B1790310ED7B0310A6
:101D2000E97D0310617E0310357A0310D57E031020
:101D3000457C0310A57E0310BD7E03104FF5030004
:101D4000D9800310E97E03104983031089840310AE
:101D50008D8103107D820310E58403102B84031012
:101D6000C583031091870310618803104588031011
:101D7000F1850310B18803107D880310C988031012
:101D80001D870310A186031001850310E18803104D
:101D900099880310F9870310E3050400359C0310AC
:101DA000819D0310E99A0310359B0310C19B03101A
:101DB000419A0310F18803101D8C0310618F0310EA
:101DC000F1940310919E0310C19E03103D9E0310D9
:101DD000699E0310259E0310619D03100D9E031044
:101DE000819B0310ED93031055990310C9970310BD
:101DF000D9980310BD950310959C0310C19D031045
:101E0000A59E03107D9E0310C99103105505040083
:101E1000699C0310DD9D031095900310FD9B03103A
:101E2000CD990310158E0310019D0310E19C031042
:101E3000219D0310419D0310BD9C0310F59D0310CF
:101E4000A19D031055980310E1920310999A031075
:101E5000B99E0310559E03100DF303005BF30300BE
:101E600039A203107FF3030069A1031075A20310C8
:101E7000C59E0310B9A10310F9A1031015A1031009
:101E80009DA20310D50A0400DD0A0400DF0A040045
:101E90001D0B0400310B0400370B040031A90310A3
:101EA000ADA2031031FE0300B9A8031099A50310D9
:101EB0002BF9030039A803106DA9031039F80300AA
:101EC0006DAC031099B1031009AF031059B10310A1
:101ED00001B103109DA90310BF0104002DF80300F8
:101EE00035F80300C3010400C701040031F8030002
:101EF000CB010400CF010400D3010400D70104008A
:101F0000DB010400F1B9031075BA031081BB0310A3
:101F10000D0D0400450D0400250E0400C50E04003F
:101F2000AF0F0400ED0F040073100400A1100400B3
:101F3000011104003511040057110400751104004B
:101F4000D7110400231204002B12040065120400B0
:101F5000E7120400FF120400891304000DF80300C7
:101F6000B7010400BB010400DF010400F503040015
:101F7000E9C60310B301040039F00300ADF2030019
:101F8000D1BC01006BBD010005BD0100053203009D
:101F90008D7E0200A9F20300A3F30300A7F3030060
:101FA00015F40300ABF403005188000067880000BB
:101FB0004D8800004F8800001D880000453D04004A
:101FC000513D040083830000AB830000F5850000D1
:101FD00089850000B78500008986000075860000AD
:101FE0006D840000C9830000B5860000BF84000036
:101FF000DBFD0210611F0200958B0000318700009D
:102000000F88000041C9010067C9010099C901009A
:102010007BC901005D310020188A0020198A002048
:10202000178A00201A8A00201B8A00205E310020B7
:10203000CF9B000097F80000E93F010063E7000034
:10204000D3E7000045410100B14101003DE8000037
:102050008BE700003FE70000FFE70000753F01004D
:102060006D3F0100FD730200D1730200837F020007
:10207000453F0100AB3F0100B93F0100C73F0100F0
:102080005B3D01001B3B0100D97202009773020007
:10209000950C0400B74001002D7F0200397F02003B
:1020A000000000003D4401006B3F01007D43010042
:1020B0000F44010000000000439C000025F50000D3
:1020C000F3FB0000493D010000000000000000009B
:1020D000AD000100E13D0100A1720200457F020058
:1020E000360001000600000000000000000F0000A4
:1020F00000000000000000000000000000000300DD
:10210000FFFF00000403FFFF0000FFFF0F00E803D4
:102110000005401F0310000100000000FF3F0F00FA
:102120000800050B00000000000000000300010F84
:10213000000000000000000000000000000000009F
:10214000000000000000000000000000000000008F
:10215000000000000000000000000000000000007F
:10216000AD00000200000000000136360101000150
:102170000201000103010001040106060804000039
:102180000C0100340D01000F10040101140100FFC7
:102190001608000020020000220100FF23010001B8
:1021A000240100FE2501000826020000280100018C
:1021B000290100012A0200002C01000F2E0200005C
:1021C0003001000131010008320200FF3401000734
:1021D000350102FF3601000037010001380100011E
:1021E000390100FF3A01000F3C0200FF3E01010FE0
:1021F0003F0100014001041F41010001420100FFB5
:1022000043010080440800004E0100084F01000F08
:1022100050010001510100FF520100005301000074
:1022200054010001580400005C0400006004000038
:1022300064040000680400006C04000070040000E6
:1022400074040000780400007C040000800100FF9A
:102250008101000182010001830102028401000169
:10226000DB2901008D2C01000000000000000000AF
:10227000000000005D3201007B320100C13101002D
:1022800095320100C5320100CB3201009D340100BE
:102290000000000093340100AD350100DF2D010086
:1022A000D1320100F13201008133010029360100F1
:1022B000672E01002D3801000938010000000000E0
:1022C000A93801004D2E01005137010029C7020035
:1022D00047C6020083C7020035C6020055C6020089
:1022E000EBC80200EFC802004B9102008D90020083
:1022F000C59102006D9002007F9002001B920200C7
:102300001F920200C9700200D5700200842C0020C8
:10231000342C0020BC300000DC300000F430000021
:10232000081400000C3100002C31000000000000F7
:102330005054564F5349474E3100000000000000F2
:10234000000000000000000000000000000000008D
:10235000000000000000000000000000000000007D
:10236000000000000000000000000000000000006D
:10237000000000000000000000000000000000005D
:1023800000000000000000003C00100103050709E8
:102390000B0D0F00020406080A0C0DBFFB09707438
:1023A000766F2E696E666F202020202020200B7013
:1023B00074766F2E73776974636820202020200064
:1023C000202020202020202020202020202020200D
:1023D0000A323032362D30332D3330010000000008
:1023E00000000000000000000000000000000000ED
:1023F00000000000000000000000000000000000DD
:1024000000000000000000000000000000000000CC
:1024100000000000000000000000000000000000BC
:1024200000000000000000000000000000000000AC
:10243000000000000000000000000000000000009C
:10244000000000000000000000000000000000008C
:10245000000000000000000000000000000000007C
:10246000000000000000000000000000000000006C
:10247000000000000000000000000000000000005C
:10248000000000000000000000000000000000004C
:10249000000000000000000000000000000000003C
:1024A000000000000000000000000000000000002C
:1024B000000000000000000000000000000000001C
:1024C000000000000000000000000000000000000C
:1024D00000000000000000000000000000000000FC
:1024E00000000000000000000000000000000000EC
:1024F00000000000000000000000000000000000DC
:1025000000000000000000005054564F5349474E51
:10251000320000000257680002487A00027066002C
:1025200002506100036B6700026C78000370706DED
:10253000056D63706D300000056E63706D300000D6
:10254000057073697A6500000345525201730000FB
:10255000000000000000000000000000012000005A
:102560004D5D000000010000022000004D5D0000F4
:1025700000010000032000004D5D0000010000008C
:10258000042000004D5D0000000100000500000077
:10259000A50102000000000006000000000000008D
:1025A0000000000007000000F92303000190000074
:1025B000080000001BAD0300000000000000000048
:1025C00000000000000000000A0000000000000001
:1025D000000000000B20000025AB030010000000ED
:1025E0000C02000055E10200000000000D00000098
:1025F00000000000000000000E2000004D5D000003
:10260000100100000F2000004D5D000010000000D0
:1026100000000000000000000000000011000000A9
:10262000BB0B03000000000012000000410B030080
:102630001000000013000000DBBD0300008000005C
:102640000000000000000000000000001500000075
:10265000499703004100000016000000499703005D
:102660005000000017010000DBBD030000800000E7
:102670001801000095CF0300008000001900000041
:10268000B92D0200000000001A000000B92D020060
:10269000000000001B00000009BB03001000000048
:1026A0001C0100004D2D0300000100001D01000071
:1026B0004D2D0300000100001E000000A5AF030027
:1026C000100300001F0100002BD8020008000000CA
:1026D000200000007FB80200000000002100000080
:1026E00013AE02000000000022000000F99C03006D
:1026F000100000002300000055E10200000000006F
:1027000000000000000000000000000000000000C9
:10271000000000000000000026010000D5A1030019
:102720001000000027110000C1EC030010000000A1
:1027300028090000779E0300000000002900000027
:102740005DE30300100000002A7000006D27030005
:10275000000300002B22000025AB03001000000046
:102760002C000000BDE60300100000002D02000058
:10277000BDE60300100000002E010000150203005A
:10278000000400002F000000F9FC02000008000017
:1027900030000000BDB00300100000003101000057
:1027A000000000000000000032010000FD8C03006A
:1027B000100000003301000005B8030043000000D2
:1027C00034000000000000000000000035000000A0
:1027D00000000000000000003600000000000000C3
:1027E0000000000037110000D12A03001000000093
:1027F000383200005BEF03000000000039010000E8
:102800004D2D0300000100003A000000CDB502008C
:10281000000000003B00000031A70300130000008F
:102820003C00000000000000000000003D0100002E
:10283000D50703000000000002040504030400049F
:102840000C000C040D042A04040B02070A001100FA
:10285000060000005054564F5349474E33BFFB0902
:10286000003003262000000000FFFFFFFFFF0000F4
:10287000000000000000000000005054564F534973
:10288000474E34004F4144204E564D310000000069
:102890000000000000000000000000000000000038
:1028A0000000000000000000000000000000000028
:1028B0000000000000000000000000005054564FCF
:1028C0005349474E370000000000000000000000A0
:1028D00000000000000000000000000000000000F8
:1028E00000000000000000000000000000000000E8
:1028F00000000000000000000000000000000000D8
:1029000000000000000000000000000000000000C7
:1029100000000000000000000000000000000000B7
:1029200000000000000000000000000000000000A7
:102930000000000000000000000000000000000097
:102940000000000000000000000000000000000087
:102950000000000000000000000000000000000077
:102960000000000000000000000000000000000067
:102970000000000000000000000000000000000057
:102980000000000000000000000000000000000047
:1029900000000000000000005054564F5349474EBD
:1029A0003800000000000000000020117BA9020098
:1029B00000000000010020117BA9020000000000BF
:1029C00002002011BEC4020000000000030020111C
:1029D0007AA9020000000000040042119D230000BB
:1029E0000000000005004211AE23000000000000BE
:1029F00006004211D0230000000000000700201153
:102A0000DB2300000000000010004211BF23000083
:102A10000000000011002011E589002000000000E6
:102A200000404211D023000000000000008042114D
:102A3000C52800000100000020002011FC28002013
:102A40000100000021002011FD28002003000000EB
:102A500000002103BE8900200600000000001011C4
:102A600000000000070000000000303300000000FC
:102A700007000000100030330000000007000000D5
:102A80000140203300000000070000000240203316
:102A900000000000080000000000203300000000DB
:102AA0000A0000000000E233000000000A000000FD
:102AB00001001833000000000C00000055003933FD
:102AC000000000000C0000001C0042330000000069
:102AD000110000000400423300000000110000005B
:102AE00043002333000000001100000051001011CA
:102AF000000000001100000055001011000000004F
:102B00001100000067001811000000001100000013
:102B10006F00181100000000120000005500210194
:102B200000000000140000000E004222000000001F
:102B3000190000000000F0810429002019000000A5
:102B4000010023810C29002019000000020023014C
:102B50000C88002019000000030021811C31002096
:102B60001900000004002381102900201900000032
:102B7000050021811E31002019000000060030816F
:102B8000E38900201900000007002101BA89002014
:102B90001900000008002101B88900201900000078
:102BA00009002181B689002019000000FDFF218164
:102BB000E26E00000004000000002104000000009C
:102BC00002040000000029150000000003040000BA
:102BD0000000290400000000050400000000290492
:102BE000000000000C040000000039040000000098
:102BF0000D04000000003904000000002A04000059
:102C00000000390400000000020700000000290451
:102C100000000000020700000002180543CA02007D
:102C200002070000000330057ECA02000207000010
:102C300001032205942D0000020700000203220573
:102C4000982D0000020700000303180142CA020089
:102C5000020700000603181100000000040B00002A
:102C600000001B05902D0000040B00000001291539
:102C700000000000040B0000030129150000000003
:102C8000040B00000601290400000000040B0000F2
:102C900000022105C67B0000040B00000102210593
:102CA000967E0000040B000002022105C67B000096
:102CB000040B0000030221053E7F0000040B00000E
:102CC00004022105C67B0000040B0000050221055B
:102CD000F2DA0000040B00000003210400000000F1
:102CE000040B000000042105C67B0000040B00005B
:102CF000010421055ADB0000040B00000505211525
:102D000000000000040B0000080521150000000071
:102D1000040B00000B05290400000000040B000058
:102D20001005280400000000040B00000006210527
:102D3000C67B0000040B000001062105967E000002
:102D4000040B000002062105C67B0000040B0000F6
:102D5000030621053E7F0000040B00000406210548
:102D6000C67B0000040B000005062105E2D8000028
:102D7000050B000001002102000000000100040119
:102D8000FEFF000000000000000000000000000046
:102D90002100000001000000E80300000000C8421C
:102DA000002474490A000000020000000400000032
:102DB000080000001000000020000000400000009B
:102DC000800000000001000000020000000400007C
:102DD000000800000010000000200000004000007B
:102DE000E8030000D0D1D2D3D4D5D6D7D8D9DADBF6
:102DF000DCDDDEDF5A6967426565416C6C69616ED6
:102E0000636530396A0078009FC70300DFC703009D
:102E1000EFC703006C00F000913B0400CF3B0400BF
:102E2000DF3B04006B00F00005C7030043C703004D
:102E3000EFC703006600F00005C7030043C70300A7
:102E4000EFC703006700140097C90300C5C903005A
:102E5000D7C903006900140055CA030005CB03005D
:102E600085CA0300EE28E803C1BE0300F3C10300D6
:102E7000E5BF03002F0064002DCB030093CB0300BC
:102E8000C5CB030068000A0099C8030051C90300BC
:102E9000D1C803006D00040099C40300E5C4030019
:102EA000A5C5030064000100000000000000000050
:102EB0005BC203006300010000000000000000008E
:102EC0005BC203006200010000000000000000007F
:102ED0005BC2030061000100000000000000000070
:102EE0005BC2030070000100000000000000000051
:102EF0005BC203007457000064850020AC2A0020E8
:102F00007457000066850020B82A0020745700001E
:102F100068850020C42A0020745700006A850020BC
:102F2000D02A0020745700006C850020DC2A002085
:102F3000745700006E850020E82A002074570000B6
:102F400070850020F42A002074570000728500204C
:102F5000002B002074570000748500200C2B0020EB
:102F6000E4840020DE32030014820020DF320300FC
:102F7000000002400929FF0080830020702F00001C
:102F800000A00A000040000090570000E8890020DF
:102F9000802F0000B857000034870020282B002025
:102FA000E057000000780020502B0020E057000080
:102FB00020780020522B0020E057000040780020AD
:102FC000542B0020E057000060780020562B002092
:102FD000E057000080780020582B002000000000FF
:102FE00065E10000E5910000010101000000000022
:102FF000FF000100D5360300070000000458000060
:103000004C1500205C2B0020045800004C160020BA
:103010009C2B0020FF0000000000000080A903009E
:10302000B079002014300000606A0020DC2B002002
:1030300000000840E80300001C5800003C8200200B
:1030400030300000000001401FFF000017000000AA
:103050000010014021FF0100190000000020014084
:1030600023FF02001B0000000030014025FF030089
:103070001D0000000000014020FF000018000000BB
:10308000506C002044300000000000009C6C0020C8
:103090005030000000000000E86C00205C300000B0
:1030A00000000000346D00206830000000000000C7
:1030B000806D002074300000010000000208000054
:1030C00000000000000000000001010008005D2C6D
:1030D000942C002000000000000000000308000005
:1030E0000000000000000000000165090000000071
:1030F00000000000012C00000000000000000000A3
:103100000001001E0000000000000000022C000072
:1031100000000000000000000000000000000000AF
:10312000000000000000000000000000032C000070
:10313000000000000000000000000000000000008F
:1031400001500000D007000085D0030007D1030024
:1031500019D20300021080005802000061D203005F
:1031600031D30300D5D20300D500020203040304C7
:1031700004050800FF06FF0600011A0231032F2094
:1031800005007E032107316333520022079B6E93B3
:10319000AC00230D3D6257A63454355499120024D7
:1031A0000A3D629B57BD53DA112508AB661353677E
:1031B00000260A3C621753B36AA6002705196F332D
:1031C0002807B262A79A012908B2621353A5002A00
:1031D0000A2C6213931A49C5002B0A2D629B511CBD
:1031E00032A3082C079B5EA74A002D060C6A330207
:1031F0002E079B5E9756022F0834625FB63300306D
:1032000008B36257B92A003107B36297646B320A78
:103210003462A7624E2A8F00330A34623362D44884
:103220002605340A34621B5535624E00350A346275
:1032300033F446322900360A3462A7F28A32290072
:10324000370A34623372CC314700380A3462A762DD
:1032500052512605390A3462A7A24C3B29003A078D
:10326000AA6233E2083B08B35E672355023C07B30A
:10327000629BCA5C3D081C6633321A013E08B36289
:1032800093CB54023F09B362D74C192600400C453A
:103290005E2BA35C492559430541093462A7A21C52
:1032A0005306420A3462B3E248518E044309346241
:1032B000A7A22E930244093462B3A27324004509E5
:1032C000346233F4CA79044609346233F4CA3500EF
:1032D000470A3462A7A24E3329004809346213E535
:1032E0009866004907B362B3626B4A093462377368
:1032F0005546004B093462135592A9334C08346289
:1033000093BB47004D09346213C711CD004E0934F9
:103310006213D75867004F093462A7A233290050BF
:103320000A3462B3A21C29670051093C5EA7A25C63
:103330006E14520A3462B3A21C29CA00530A3462C2
:10334000A762CAA84C0A5408B362B36217005508B2
:103350003462133D930256093462139D492A005783
:1033600009346213CD71C400580A34621365922A7D
:10337000CA00590B35629375AA33CA28025A093418
:103380006233726C8F005B07B3623362735C0A3422
:10339000629333CA28A31C5D07B362339B235E0686
:1033A0009372D7005F060C5E3302600692721303BD
:1033B0006108246237A24C03620A346293F38A7272
:1033C00024006307A36237B300640934625F8D2869
:1033D000D30065082462A7D2C80A660934625B95E7
:1033E00033470067092C5EA762DA49016809346235
:1033F00093F38A66006908B3629791AC066A09BBC9
:103400005E9B61A92A006B09346293CB91A20C6C7C
:1034100007B36223BB066D092562A35A2AA9026E6F
:10342000072462B3A2196F082462A7A24C0A70098C
:103430002C5EB3E248390371082C5E3762DA0572FC
:1034400008246293929D017307A36237F202740A03
:10345000346297E3CC2926007507246213CD3476B5
:1034600007A36293AC0A770925629355525D0078F1
:1034700008246213935431790A2C5E13651A31299A
:10348000007A082462336239027B0B3C62AB324A19
:103490001AC58C047C053163737D0C3C62A351CC4E
:1034A00048659424007E07147297540200000004BB
:1034B000FFFF04010A346233F4CA790404020B3CAE
:1034C0005E33B34CED980004030934623374370063
:1034D00004040B3462A7E2CC31290004050B3462EA
:1034E000A762CAA84C0A040608B362B3626B040759
:1034F00008B362B3626B0408093462DF96490104C1
:10350000090C356227534CAA52C902040A0D3562D0
:1035100093628A23552A5900040B09346233B34C51
:103520003D040C0B3462135592329501040D0600D4
:103530007E03040E0AB36293AC324500040F0ABB4B
:103540005E93BC464A0004100A3462A7A21C5306CC
:1035500004110B3462B3F28A72240004120B346239
:10356000B3E248518E04041309346233A46E030499
:10357000140A3C5EA7FA6BC80004150A346233F4DF
:10358000CA790404160C35629392AA56A5922A04AD
:10359000170B3462A7628D64520004180A34621358
:1035A000AD91A40C04190C3C6213938A6A2429037C
:1035B000041A0B3462135592A99401041B09346256
:1035C000ABFA2503041C0A346213C711CD00041D95
:1035D0000A346213E5986600041E0A3462A7A23317
:1035E0002900041F09346233A4670004200B3462ED
:1035F000B3A21C29670004210A3462A7A22E9302F9
:10360000042209B362B362170004230A346213CDA3
:10361000B4470204240B35629B57A5AA1D0104255B
:103620000AB362935499920A04260A3C5E93FAD72D
:10363000C801042709B36293AC240B04280D35623A
:1036400093924A2AA9A4D21804290E3D5E93924A65
:103650002AA9A4D2D828042A0D3562B351463AC506
:10366000141500042B0B356293F55449A519042C4D
:103670000AB36213A34A6A01042D0B3462B351DA10
:10368000792400042E0D3562135335924A2AC90459
:10369000042F0B346237A24C23CA00043009246281
:1036A00037A24C0304310B3462A7F28A322900049A
:1036B00032092462B3561C09043308A36233620939
:1036C0000434092C5EB7921C330435092462A7D256
:1036D000C80A04360A256293AA55A902043708A32A
:1036E00062B3E402043809246213D5483204390B6A
:1036F000346213938A6A2419043A09246213476ACC
:1037000006043B082462AB5A32043C0A256293D774
:103710004AAA00043D09246213C79401043E092407
:1037200062A7A24C0A043F08246233A41904400A89
:103730002C5EB3A21C2903044108A36237B3000422
:103740004208A362B3620504430A2C5E13652A4B48
:103750000004440BBB5E23AB91464A000445092498
:1037600062139354310446092C5E13CDA103044720
:103770000924621365DA0104480B256293924A2AF0
:103780008D0104490C2D5E93924A2A8D8D02044AC4
:10379000092462A3654A0A044B09246213971A2973
:1037A000044C09246293571C09044D08A36223E5C5
:1037B00002044E0A246293925A2A01044F08A3621B
:1037C000B7D20A04510B346293325669640504522D
:1037D0000B3C5E17679629C70404530934625B0EDD
:1037E0005D03045408A36237521604550924623756
:1037F000341A0A045609B3629791AC06045709B308
:103800006293B2AC0604580ABB5E9B61A92A00040D
:10381000590A256227D348C902045A0A256293E24D
:10382000489505045B0A3462176796A901045C0990
:103830003462DB1CA919045D06007E03045E0B3CA8
:103840005E139386555902045F0AAB5E93AC9112E6
:103850000004900834623F761B0491082C623F7686
:103860000D04920A3462B7E2CC2500049309246265
:10387000B7E28C0004960E3D5E9392AA56A592AADA
:10388000510004970B2D5E93AA55A91A05049A0DB1
:103890003D5E1353A953AC724601049B0B2D5E137E
:1038A000D34CB1860104AE0C35629375AA33CA2895
:1038B0000204AF0B2D5E93539D51461104B00C359D
:1038C000629375AA86CC280204B10B2D5E93533502
:1038D00064461104B20BBC5E939A39A6360A04B34F
:1038E0000A2D5E13A396350C04BA0A346293F38A48
:1038F000660004BB0AB36213A34A560004D80B3413
:1039000062A7621E33290004D9092462A7474A0A24
:1039100004E209BB62B357AC0604E308B362B365C3
:103920003504E80B3462A7E29832290004E909243F
:1039300062A7864C0A04EE0B3C6233328ACEA400A6
:1039400004EF0A346233328A661A000083000202EE
:103950000304030504060C00FE07FE08FF013902FC
:103960008503AC2005006A072107394367A80022B8
:10397000079B56275901230B3542AF1AAA4C69A859
:103980000A240D4D3E37AF4AE59D54B52300250965
:103990003D4247CEDC3905260C3D422FA798729553
:1039A0006454012705195767280ACB3E37C514EB25
:1039B0009803290BCB3E27C71CAB9822002A0A3D4F
:1039C00042B7AA765ECD082B0A2D4637A338644647
:1039D000112C071B3E4F8D042D060D4E67082E0639
:1039E000924267042F0C3D421FE58C728D72460097
:1039F0003009BC424F45CFA4003108BB422FC9AEAD
:103A000001320A3D426FE58C727B08330C3D426700
:103A10006894B3863A2D00340C3D423FCB54A6A1A6
:103A2000334A00350C3D42E74623C38C745A0036B6
:103A30000C3D4257E68C46CA3A2D00370D3D426791
:103A4000689433CA19651401380B3D426F659D5661
:103A5000D66901390C3D426F659D4646394A003AA8
:103A600007AA4267C4113B09333ECF466A24003C93
:103A700007AB4637D5053D081D4A676838043E0840
:103A8000AB46275725003F0A3D426FE536CA74040E
:103A9000400C3D426F6535525223C305410A3D42F9
:103AA0006F653D46B603420C3D4267C42AA659C520
:103AB000A100430C3D426F658D32CA28A705440D15
:103AC0003D4267C42AA698628A4301450C3D42E7FD
:103AD00046198D94514643460D3D42E746198D9453
:103AE00051461901470C3D426F658D328A3B2D00CE
:103AF00048093D4227DB63643B4908BB4267C5AECA
:103B0000014A0C3D4277679451466594004B0B3D4A
:103B10004227CB54EA14AB1C4C0E3D4227A38C32F7
:103B2000CA28A38C86004D093D4227AF95B43B4E71
:103B30000A3D4227EBA992DC3A4F093D426F65EFFF
:103B4000B400500D3D4267A4AC87CA28A38C005135
:103B50000A3D426F6557925105520B3D4267A4AC36
:103B6000872AAB1C530B3D426F650D37D469015456
:103B70000E3D4267C88C32CA28A38C220055083DEE
:103B80004227FB4E0B560A3D4227BB5399720457FE
:103B9000093D42277B25D505580A3D4227EB54575E
:103BA000B50E590C3D4227EB5467945146115A0A01
:103BB0003D42676894BBD1105B08CB3E67C43E07AB
:103BC0005C0D3D4227C38C32CC30A30C035D08CB87
:103BD0003E67F639025E071D5637A73A5F060D3A73
:103BE000670860069B562717610A2D426FC334741D
:103BF0001A01620C3D4227A38C46CAF65000630AA4
:103C00002D426F658D725A00640B3D421F6594868C
:103C1000B6D308650A2D426FE5A1325C00660B3D04
:103C20004257567967945106670B3D3A6F653B8D55
:103C30008CD202680B3D4227A38C46CAEE0069086D
:103C4000BB422F23D91A6A0ACC3A3F63DD96490159
:103C50006B0C3D4227A38CB24CB3CA016C07BB422C
:103C600047F61A6D0A2D4247B5545249156E082D74
:103C7000422799DA0E6F092D426F653B2D00700CBB
:103C80003D3A67A46C0F95514600710B3D3A6F6841
:103C90003B8D8C320A720B2D4227991A65941100C4
:103CA000730A2D426F68B8E15000740C3D4237A38F
:103CB00038644619652875082D42273B950A760910
:103CC0002D4227DBA98E0077092D42275B4975011C
:103CD00078092D4227A7BAAA03790A3D3A27DBA91A
:103CE0006E23007A082D4267E8F6107B09CB3E3739
:103CF000C52AC73A7C06493FE7017D0ACB3E27C764
:103D00003AC52A027E091D4A2FAA2413000000008A
:103D100008046404D0FFFF04001155422FC34C8DEA
:103D20008D321A29A38C860004010F4D42AFC66361
:103D3000A38C46CA28A32104020F4D3A676794D189
:103D4000AC628A1945050403105542BFA6C6461940
:103D500065945146190104040D3D426F658D46CAB4
:103D600028A70504050C3D426F650D37D469010491
:103D70000609BB4267C5AE0104070ACB4227E51519
:103D8000BB0604080D3D42776794514665940004D4
:103D9000090E3D424FA6986252954A1600040A0E3B
:103DA0003D4227C514531CA952C902040B0D3D42C4
:103DB000676794D1AC628A01040C0E5542BFA6B26B
:103DC0004CA54EB1CA01040D0E55422FC34C65736C
:103DD000A5A97500040E0E554227A78DB33B8D8C07
:103DE000D202040F0B4D3A27FB1E33A30804100B1D
:103DF0003D426F653D46B60304110E3D4267A48CFB
:103E0000321A29EBA10004120D3D4267A4AC87CA07
:103E10007A280004130E3D42E7461965945146196D
:103E20000104140F453E57A698628A29A6347600ED
:103E300004150D3D42E746198D9451464304160C76
:103E40003D42272555EDBC2A5504170D3D426FE52F
:103E50008CD2863A2D0004180B3D42279B2B4DAD8A
:103E60000304190D554227A78DB3B9D2D43A041AC9
:103E70000C3D4227CB54EA14AB1C041B0D3D42778A
:103E8000C514534C31451D041C0A3D4227AF95B45F
:103E90003B041D0A3D4227DB63643B041E0A3D428E
:103EA0006F65EFB400041F083D42E7F61D04200EC5
:103EB0003D4267A4AC87CA28A38C0004210D3D4273
:103EC0006F658D32CA28A70504220F3D4267C88C52
:103ED00032CA28A38C220004230C3D4227BBD3C83E
:103EE000282D0004240C3D4237AF4A2555ED080427
:103EF000250B3D4227EB5457B50E0426114D3A27AA
:103F0000A698628A29A6988646190504270D3D427F
:103F100027DB69649451460104280F3D422725950B
:103F20005452492595C6000429114D3A2725955428
:103F300052492595C6461905042A0D3D4247A38CD2
:103F4000329A554C0B042B0C3D4227DB53259566CA
:103F500000042C0BBC4227D72BCA9100042D0D3D29
:103F6000426FE58CD2C848A705042E0F3D4227A614
:103F70004AA5915452492600042F0C3D426F689D7A
:103F8000464CA50E04300B2D426FC334741A010445
:103F9000310C3D426F653452B6D30204320B2D42D0
:103FA00067A43C541E0A04330C2D42E7461965945D
:103FB000110004340C353E57A698624A6307043555
:103FC0000B2D426FE5A1325C0004360A2D422755C5
:103FD0003BAF0604370B2D426FE5A8725A00043838
:103FE0000A2D4227CB95A60E04390D454227A78DF1
:103FF000B35C69EA00043A0AAC4227AA24531904C4
:104000003B0B2D4277C51453D401043C0A2D4227A3
:10401000AF95B40E043D0A2D4227EB31B20E043E9B
:104020000A2D426F653B2D00043F082D42E77607BD
:1040300004400D3D3A67A46C0F9551460004410BB6
:104040002D426F658D725A0004420C2D4267C88C58
:1040500032CA280204430C3D3A27BBD3C8282D009E
:1040600004440F4D3A37A3BC2A9554B5338A000453
:10407000450A2D4227A7BAAA0304460F3D3A27A6B0
:1040800098628A696894510004470B2D4227EB34EB
:1040900032CA2804480C2D422725955452690C0435
:1040A000490F3D3A2725955452696C945100044AB2
:1040B0000B2D4247A38C66B500044B0A2D4227EB1B
:1040C000A9D20C044C0AAC4227E7154702044D0A5A
:1040D000AC4267A3B44702044E0C2D4227A66A24C3
:1040E000956402044F0AAC426FC4B4920C04500DA4
:1040F00045422FC34CAE3C54860B04510C3D42AF9D
:10410000A6561E2AC30504520F4D3A2FEF8C661592
:1041100053CC28270004530E4542BFA6C646196556
:1041200094110004540AAC426FE495D10004550B7D
:104130002D426F68B8E15000045609B3422F23594D
:104140000D045709B3422765590D04580BC43A3F73
:10415000635DCBA40004590B2D424FA69854650112
:10416000045A0C2D4227C51447AA2C00045B0C3DB1
:10417000422FEF8C6615530C045C0CC442B7C65139
:104180002599CA00045D0D45422FC34C65B9D2D4B0
:1041900001045E0E553A27A78DB33B8D8CD20204E5
:1041A0005F0B3D3A27BBC7CC280204600C3D42AFF1
:1041B0006D259554170004610A2D42AFAD92EA02B5
:1041C00004620D3D422F8F98D1AC625A0004630DFA
:1041D0003D422FA33C6246B35A0004640D3D422782
:1041E000AE98E25831C52804650B2D4227AE3856EB
:1041F0008C0204660D3D4237A798EA3152520504FD
:10420000670C354237A798EA31520104680D3D42E8
:1042100027A698D2B8461A6904690B2D4227A6989A
:10422000C61A69046A0D4542E74E658AAB524915C4
:10423000046B0B3542E74EE5AA5401046C0F46426D
:10424000E7D0AA19874A2BAD1600046D0D3642E758
:1042500048CD38545A2D00046E11653AAFCEE4CAE9
:1042600019450D334A2BC305046F0F553AAFCEE401
:10427000CA51C3B4325C0004700E3D4227259554E8
:10428000B533CA280204710C2D42272555ED8C2226
:104290000004720C3D426F653D46D6690104730B04
:1042A0002D426FE531725A0004740D3D4227CB1444
:1042B000AB9862CA1104750B2D4227CB2AA61C01AC
:1042C000047610554227B66196295631C5942300CD
:1042D00004770D454227B66196554C390204781093
:1042E0004D3A2FA798621A69A49534CA0904790D2A
:1042F0003D3A2F1D69A49534CA09047A0C553E37FE
:10430000AF4A7B553B02047B0C453E37AF4A5BD539
:104310008E00047C0C4D426F9319C5ECEA02047DBB
:104320000B3D426F9355D2AA0B047E0E5542E7AA6D
:1043300071AAADA492EA02047F0D4542E7AA71AAD0
:1043400055525D00048010553A6F651B6594518687
:104350001B65940004810D3D3E6F658D32DC28A302
:104360000404820C354637E5946495530404830AAB
:104370001E5E1F8EA1210004840816626F66010470
:10438000850815626FC90004860815626F4501042F
:10439000870816624FC701048811663A2FA39ACA8C
:1043A000A8E6AF8C6A2AA302048911663A2FA38C6F
:1043B00066869ABF32CA686628048A0F653A27A7BC
:1043C0008DB3BCD29CBA4609048B0F5D3A27A78DEA
:1043D000B3B9D2D4354A00048C0D45422FA3BC3367
:1043E0009A554C0B048D0C3D422FEF8C6615D30271
:1043F000048E0E454267A46CA5A1B2461901048F34
:104400000E453A67A46CA5A1B24619010490114D5E
:10441000421F653446461965945146190104910FAF
:104420003D421F65344646196594110004920E3DC5
:10443000426FA48CF2881965940104930B2D426F8E
:10444000A43C62461904940D4D3EE746198D94DD57
:10445000150004950B3D3EE7462365BB0204960E0E
:104460004E3A27F5E74CFDD230C30004970F3E3A91
:1044700027951B653453D230C30004980F553A6F0B
:10448000E58C728619E9B46B0004990C453A6FE526
:104490001AEAB46B00049A104E3A27A758658DEAC1
:1044A00058679C6100049B0D3D3A27A652A758C34C
:1044B0008C02049C0D3D422725ABD42926D500044F
:1044C0009D0B2D4227256B26D500049E0C3D422FC7
:1044D0008ED4D4295631049F0D45422FA3BC632AA4
:1044E000758A0504A00E454247A6984AAD53AC62B2
:1044F0000004A10A2D4247A652A75804A212553A19
:1045000027A698621A29A698628A1A651404A30F2E
:104510003D3A27A698468A296A94510004A410457A
:1045200042278D14539C29A698628A0004A50C2D5D
:1045300042278D14678A290204A611553A67A69866
:104540006252954A2AA91AE50404A70E3D3A67A6C5
:104550009854A56A94130004A80F4D3E6F68145335
:10456000A592AA76860204A90C3D3E6F6514536B92
:10457000672804AA10553A6F658D32CA28A39C7625
:10458000860904AB0D3D3A6F658D72DA1926000479
:10459000AC12553A67C88C32CA28A38C32D228A3F1
:1045A0000404AD0E3D3AE72A33CA48A38C12000436
:1045B000AE0D3D4227EB54679451461104AF0D3DBB
:1045C0003A27EB54679451461104B00D3D4227EB56
:1045D000540D9951461104B10D3D3A27EB540D99F4
:1045E00051461104B2114E3A27A71C53461995396A
:1045F000E58C330C04B30F3E3A27C794514665CE81
:1046000038C30004B412553A679529A698628A29DE
:10461000A69151460104B50F453A679529A69862BF
:104620001A19651404B612553A27A698628A29C643
:104630008D32D228A30004B70F453A27A69862DC32
:1046400028238D320A04B80E4542275B495523A61C
:1046500098320A04B90C3542275BD58829A3000497
:10466000BA0C3D4227A38C46CAEE0004BB0ABC42EA
:1046700027D72B9A0104BC0E4542575631C5B1329B
:104680008A510104BD0C354257C6B1328A5101042A
:10469000BE10553A575631C5B1328A516798000459
:1046A000BF0E453A57C6B1328A5167980004C00917
:1046B000C34267C55E0304C110554227A78D5352FC
:1046C0004955AB52491504C20C454227A78D53B535
:1046D000F36A04C30F4D3A27CB54EA14AB9C5154F0
:1046E0000004C40C3C3A27AA245399930204C51031
:1046F000553A77C514534C3145AD6B940004C60D43
:104700003D3A77C51453D4354A0004C70D553A27AE
:10471000DB63647746510104C80D3D3A27EB31B2A3
:10472000CE282A0004C90D553A27DB6364778D1221
:104730000004CA0C3D3A27EB31B2AE510204CB0E55
:10474000553A277BA79151D619250004CC0D453A3F
:1047500027DB69649475460904CD0F553A27AF915C
:10476000565249DB354A0004CE0C3D3A27AF95B48A
:10477000AE510204CF07C142E71004D00D4D4227CD
:10478000A74DADACC7C83A04D10D454227A74D6D22
:1047900098864E2304D20C4D42AFA656D663643B96
:1047A00004D30C3D42AFA6364C43A71104D40D3DB3
:1047B000426FA898E248658A6904D50A2D426FA71E
:1047C000B45A0B04D60F4D4227A78DC746236594D4
:1047D000D11004D70D454227A74DAD3C54860B049C
:1047E000D80D3D426FE58CC6C83A2D0004D90B2D7B
:1047F000426FC331725A0004DA0E4D42AFA656CE54
:10480000688CACD30204DB0C3D42AFA6361C23A758
:104810000504DC0F4D42AFC629A9A4AA55A9A40AD4
:1048200004DD0B3D42AFC6A9DA793504DE0E4D42F8
:10483000AFA656CE286AA8D30204DF0C3D42AFA62D
:10484000568E2AA70504E00C3D4267E87A439D1680
:104850000004E10C3D3A67E87A439D160004E20D3E
:104860004D42676898CD95A6D60104E30C3D42679A
:104870006898E54A530704E40C4D42AFC6D95C6919
:104880006A1D04E50C3D42AFC659AE34750004E61E
:104890000B4D42AFA656F64E0B04E70B3D42AFA6BA
:1048A00056B6D30204E80C3D426F653D46D6690119
:1048B00004E90B2D426FE531725A0004EA0E4D42B5
:1048C000AFA656D663649D160004EB0C3D42AFA61E
:1048D000561E23A70504EC0F4D42AFC61B66984633
:1048E00046394D0004ED0CBC422765B851DA23016E
:1048F00004EE0E4D426768984DA532D2690104EF6F
:104900000E4D3A676898ED3432D2690104F00E4DCD
:1049100042AFC6D9542A239D160004F10E4D3AAF7A
:10492000C6D94E23239D160004F20F55422FCA8C80
:10493000B3A954463A2D0004F30F553A2FCA8CB34D
:104940009D46463A2D0004F40E4D42AFC6D94E2383
:10495000A38C320A04F50D3D42AFC659A7915146CA
:104960000104F60F453EE74619659451461A650065
:1049700004F70AB43E67E85A470004F80D4D42AF09
:10498000C6D99E2AA9340304F90C3D42AFC6594F3B
:1049900095660004FA0F4D3A6FA48CF2CE28238D51
:1049A000720604FB0D3D3A6FA4BC33D228670004A5
:1049B000FC0E4D3A27EB5457B5CE28270004FD0CCA
:1049C0003D3A27A7BAAA33CA0904FE0C3D4227EB99
:1049D000540DD5D60104FF0B2D4227A76AA87600F7
:1049E00005000C3D421F659486B6D30805010ABC3C
:1049F00042BF1AD14C0305020D3D4237A32C53523E
:104A000049550B05030D3D4237A38CB24C49550B5C
:104A100005040E3D4247C38CA28629A69C000505CD
:104A20000C354247C38C72AC720205060C4C3A47F7
:104A3000A39C34CA591705070C443A47A31C33CA30
:104A4000BA0005080E3D42E78A29A6A4924A32011F
:104A500005090C2D42E78A29A6241300050A0F3DFB
:104A60004227C514535C2AA9241300050B0C2D42C0
:104A700027C514974A3201050C0C3D426F658DE243
:104A8000D66901050D0B2D426F6814775A00050E8B
:104A90000E3D4267C88C322A534C3901050F0C2D4C
:104AA0004267C88C32AA130005100D3D426F680D95
:104AB0006546392D0005110B2D426FE824735A000D
:104AC00005120B3E42E78AFD6AA30805130B363E2A
:104AD000E78ABD72461105140C3E4247F5CFAA4B3A
:104AE000A60005150B2E4247F55925990205160B10
:104AF0003D4247AAE4AAED0005170C353E472A556A
:104B0000AA5A230005180D3D426FA898F22A534C6B
:104B10000305190A2D426FB5561905051A0B3D42BA
:104B20006F6557925105051B0C3D3A6F683B8D8CA4
:104B3000320A051C0A3D42277B25D505051D0A2D95
:104B400042275B497501051E0D3D42272599AA9D07
:104B5000629503051F0B2D42272599964C39052098
:104B6000114E3A47E594534E3275C9946146090592
:104B7000210E363E47E594934C49A60C03052211BD
:104B80004D3A27C514531CA95249D528270005239F
:104B90000E3D3A27C51447AA548D7202000000004A
:104BA000F9DE0300FBDE030011DF03001815AE156C
:104BB000D5168015A8161F15D316001540158D168D
:104BC000141520160015A115C815DA160215811640
:104BD0008F15D916F115DB1640152E15A415A6193B
:104BE000FF0000001815AE15D5168015A8163F1544
:104BF000D316001540158D16141520160015A11595
:104C0000C815DA1612158116CF15D916F115DB164F
:104C100040152E15A415A619FF0000005054564F3C
:104C20005349474E3900000000000000000000001A
:104C30000000000000000000000000000000000074
:104C40000000000000000000000000000000000064
:104C50000000000000000000000000000000000054
:104C60000000000000000000000000000000000044
:104C70000000000000000000000000000000000034
:104C80000000000000000000000000000000000024
:104C90000000000000000000000000000000000014
:104CA0000000000000000000000000000000000004
:104CB00000000000000000000000000000000000F4
:104CC00000000000000000000000000000000000E4
:104CD00000000000000000000000000000000000D4
:104CE00000000000000000000000000000000000C4
:104CF00000000000000000000000000000000000B4
:104D000000000000000000000000000000000000A3
:104D10000000000000000000000000000000000093
:104D20000000000000000000000000000000000083
:104D30000000000000000000000000000000000073
:104D40000000000000000000000000000000000063
:104D50000000000000000000000000000000000053
:104D60000000000000000000000000000000000043
:104D70000000000000000000000000000000000033
:104D80000000000000000000000000000000000023
:104D90000000000000000000000000000000000013
:104DA0000000000000000000000000000000000003
:104DB00000000000000000000000000000000000F3
:104DC00000000000000000000000000000000000E3
:104DD00000000000000000000000000000000000D3
:104DE00000000000000000000000000000000000C3
:104DF00000000000000000000000000000000000B3
:104E000000000000000000000000000000000000A2
:104E10000000000000000000000000000000000092
:104E20000000000000000000000000000000000082
:104E30000000000000000000000000000000000072
:104E40000000000000000000000000000000000062
:104E50000000000000000000000000000000000052
:104E60000000000000000000000000000000000042
:104E70000000000000000000000000000000000032
:104E80000000000000000000000000000000000022
:104E90000000000000000000000000000000000012
:104EA0000000000000000000000000000000000002
:104EB00000000000000000000000000000000000F2
:104EC00000000000000000000000000000000000E2
:104ED00000000000000000000000000000000000D2
:104EE00000000000000000000000000000000000C2
:104EF00000000000000000000000000000000000B2
:104F000000000000000000000000000000000000A1
:104F10000000000000000000000000000000000091
:104F20000000000000000000000000000000000081
:104F30000000000000000000000000000000000071
:104F40000000000000000000000000000000000061
:104F50000000000000000000000000000000000051
:104F60000000000000000000000000000000000041
:104F70000000000000000000000000000000000031
:104F80000000000000000000000000000000000021
:104F90000000000000000000000000000000000011
:104FA0000000000000000000000000000000000001
:104FB00000000000000000000000000000000000F1
:104FC00000000000000000000000000000000000E1
:104FD00000000000000000000000000000000000D1
:104FE00000000000000000000000000000000000C1
:104FF00000000000000000000000000000000000B1
:1050000000000000000000000000000000000000A0
:105010000000000000000000000000000000000090
:10502000000000000000000000005054564F53499B
:10503000474E41000000000000000000000000009A
:1050400000000000000000000100000000C201009C
:1050500003000000000000009F64010035690100AA
:10506000E3640100D56F000091650100136A01003F
:10507000916501006B6B010093650100D56F000025
:1050800091650100136A0100F7650100D56F00000A
:10509000000000000000000031670100D56F000033
:1050A00000000000000000007D670100D56F0000D7
:1050B00029680100D56F00002D6801006D6D0100A9
:1050C00049680100D56F00000000000000000000EA
:1050D00000000000000000000000000000000000D0
:1050E0008B680100C16E0100A1680100D56F00004E
:1050F0008B680100C16E0100A1680100D56F00003E
:105100002D6801006D6D0100D1680100D56F0000B0
:1051100013000000E5D40100000000004B4A01002C
:10512000010000004B4A0100020000002FCB0100EB
:10513000028000002DCB0100030000004DCB0100D8
:105140000400000093CB010004800000EBCB0100C1
:1051500005000000EDCB01000600000065CC010059
:1051600030000000EFD1010031000000F1CF01005C
:1051700033000000A9D20100340000004FD3010029
:1051800011000000F1D30100140000004DD4010013
:1051900015000000C1CF0100FFFF0000000000006B
:1051A0008F0001005431002087000100523100209F
:1051B000350028008C8200202800010037310020B3
:1051C0002900010038310020840004004C880020B0
:1051D000860001007D1B00202A00010039310020DB
:1051E0002B0001003A3100202C0001003E3100204C
:1051F0002D000800782D00202E0001003F310020F6
:105200002F0001004031002030000100413100201A
:1052100032000100F489002033000100F5890020EC
:10522000340001004231002036000100F6890020E0
:105230003800010043310020390001003D310020D9
:10524000830002002C31002063000100FA89002055
:10525000650001003B3100206D000100FB8900204A
:1052600071000800A4870020660001005131002071
:10527000430001004C310020440002002231002094
:10528000450001004D31002046000200243100207D
:1052900047000800AC870020480001004E31002084
:1052A0004B0001004F310020040001005331002069
:1052B000A1000100593100203700010058310020C1
:1052C00088000100553100203C00010044310020DD
:1052D0003D00010045310020490002002631002038
:1052E00067000100FC8900204D00020028310020E9
:1052F0004E000100503100204F0002002A310020F2
:105300003E0001004A31002051000100F7890020D1
:1053100052000100473100205300010049310020B4
:1053200054000100F8890020000000000000000087
:105330007B7374617469632D696E7374616E6365E8
:105340002D6E616D657D00007B656D7074792D69D2
:105350006E7374616E63652D6E616D657D00000016
:10536000282E0020FFFFFFFFFFFFFFFF0A000000C5
:10537000339E0100020000002F990100050000008B
:10538000CD9A0100070000003F9A01000C000000C8
:10539000079401000D00000025960100FF000000A9
:1053A000000000008E0000008E0001008E00020050
:1053B0008E0003008F0000018F0000028F000003A9
:1053C0008E0001048E0000058E0008048E0000048B
:1053D00089000006500000007F0001003F0004002B
:1053E0003F0002003F0001007F0002008E00020427
:1053F0008E0001028E00010100000000020000008A
:10540000020000000A00000002000000020001008B
:10541000000000000000000000000000000000008C
:105420000000000000000000000000000E0000006E
:1054300000A6AAACA4A9A9A399B19ABCB6A80000D9
:1054400002040201010101090200000031311719B3
:105450001A21241B1D1F313133310000313118193D
:105460001A22311C1E20313134310000030071003A
:1054700030016000110070003102200350048000F0
:105480000700100061000000140063007300720048
:10549000620043000000130006000000000004004A
:1054A00012000000000000000000040004003700AB
:1054B00037003C02440000000000000000006500CE
:1054C000000035008100000005000000830000009E
:1054D000660000000000080009000A000B00000040
:1054E00001017101010101011101010131010101FC
:1054F000010180010001100161013B001400630102
:1055000073017201620143010001130106013D01B3
:105510003500040112010001000100010001040135
:105520000401330133013C01440132013600000122
:1055300000016501000135008101000105018201C2
:1055400083010001660100010001080109010A014F
:105550000B010000030271023001600211027002AF
:1055600001020202020280020002100261023A00FD
:1055700041006302730272026202430200021302DC
:1055800038000002000204021202000200020002BF
:10559000000204020402370037003C024402000209
:1055A0003900000200026502000235028102000299
:1055B0000502820283020002660200020002080263
:1055C00009020A020B020000010371030103010337
:1055D000010301030103220302030103000310037B
:1055E0000003000300030003000300030003420361
:1055F000000324030603000300030403120325032E
:10560000230325032303040304030003000300030F
:105610004403000300032303000365032100350353
:1056200081030003050300030003000300032503B7
:105630002303080309030A030B0300000304710496
:105640000204600411047004020402040104020450
:10565000000410046104000414046304730472045D
:105660006204430400041304060400040004040458
:105670001204000400040004000451046400000447
:105680000004000444040004000400040004650451
:10569000000435048104640005040004830400044C
:1056A000660400040004080409040A040B04000052
:1056B00000000500BD00B700B100BC001C003000B8
:1056C0003800080038010200000120181A18182CB0
:1056D00034041E000C0E020B040B0A070800110F05
:1056E00088B22400881300001000000000000001B0
:1056F000C003000080070000000F0000001E000033
:10570000003C00000078000000F0000000E0010014
:1057100000C003000080070000000F0000001E0012
:1057200000003C00000078000000F0000000F000E5
:105730000000000000000000000000000000000069
:105740000000000000000000000000000000000059
:10575000000000000000000000BE040A00BE0208B5
:1057600030313233343536373839616263646566D7
:10577000000000001D170400551704005B1704000B
:1057800037180400231904007D190400851904004A
:10579000211A0400291A04002F1A04005F1A0400B9
:1057A000791A0400C71A0400DF1A0400531B04000E
:1057B000911B0400991B0400291E0400BD1E040057
:1057C000331F0400631F0400751F0400AB1F040097
:1057D000C31F0400E92004002D2104003921040026
:1057E000712904008B290400C1260400C32604008B
:1057F000C12704006927040005280400512904007A
:1058000035290400B92C04002F2D04002330040096
:105810002D30040005320400253504005D390400F4
:1058200065390400673904006D39040075390400D6
:10583000053A04002D3A04005D4000218940002112
:10584000954000213B410021074C657900F009F8A3
:1058500061796940490703D50121044A8903116030
:1058600070BD70B50249084780030021081104404B
:105870002D59000000F00AF800480047577F00004B
:1058800000F00AF8004800471B880000806B0C49B4
:105890000007000F48717047094A0A4918235079D8
:1058A000CB56497EC018814201DD084602E00F2830
:1058B00000DD0F20D189090909010143D181704719
:1058C000E0020021880000210122274B0221254807
:1058D000184710B5254880472548406A00280DD153
:1058E00024490A200856002809DA401C07D0084637
:1058F0002038406A2049884200D1804710BDFFF718
:10590000E3FF10BD00211E4B1C4A0846184701202A
:105910001C49400208601C48FB22017811400170BC
:105920001248EC38004710B518498847114920390A
:10593000012807D0020404D50020088514484862D5
:10594000012010BD4A6A094BEC3B9A4201D1114A31
:1059500005E007494A6A104B9A42F2D10F4A4A625F
:1059600010BD0000060800009F060000A192020082
:10597000080100215401002163920200E740002148
:10598000B5B4020080E100E080030021F796020038
:10599000DD400021234100216995020019410021C9
:1059A0000102000302000103220000000000211593
:1059B000110E0D0C0B0B0A0A090909090908080840
:1059C0000808080807070707070707070707070763
:1059D00007000000303132333435363738396162F0
:1059E000636465666768696A6B6C6D6E6F7071720F
:1059F000737475767778797A0000000070B5044684
:105A00006569E678802000F0D3FA0A220321304647
:105A100000F018FB01462980207A40F00400207233
:105A20006078BDE8704000F0E8BC00002DE9F04768
:105A300004462DED028B257805F07F050E2D40F0F4
:105A40008880207AD4F814A0010712D5DFF8A824A2
:105A5000000911780123834019420AD1DFF89C1410
:105A60000144487A28B12046FFF7C8FF9FEDB60AE7
:105A7000C0E0BAF8029094F80380802000F098FA11
:105A8000207A470807F0010787F001070025002664
:105A9000BF02400748BFBAF900709AF804C000EE90
:105AA00010CAB8EE400A10EE100A00F0ADFCDFF8A4
:105AB0005024DFF8503400F0CBFC00F09FFD08EEDE
:105AC000100A00F09BF800F099F800F006FE8246FC
:105AD00014E0381A00B200280BD5404200B208E0AA
:105AE00000F08CF8217A8A0700B2F2D5B842B8BF2C
:105AF000002010FB005500F0D5FE761C00F0EDFDF7
:105B0000A0EB0A004845EBD3002E9FED8F0A71D021
:105B1000B5FBF6F001F004F841EC100B01F00EF8C3
:105B200053EC102B4FF06630DFF8DC1300F090FCE4
:105B300004460D4618EE100A00F066FC02460B46BD
:105B40002046294601F07CF800F058FD00EE100ACE
:105B500050E0E678032D1CBF042D012D01D100205B
:105B600000E0802000F024FA0F2D14BF0122002253
:105B70000321304600F01DFA0F2D04D100EE100A6B
:105B8000B8EE400A36E001F07FF9032D41EC100B2E
:105B900004D101F08BF901F077F91BE0F9D0042D65
:105BA0000FD153EC102BDFF86403DFF8641300F01F
:105BB0004FFC01F07BF901F067F90022DFF8543364
:105BC00006E001F073F901F05FF90022DFF84833D5
:105BD00001F036F800F012FD00EE100A207AC1073D
:105BE00008D56069D0ED000AB0EE401A90ED010AC8
:105BF00001EE200ABDEC028BBDE8F0870321404690
:105C000000F01DBAFEB504462C200899C34D44434C
:105C10002819022904D10C2A15D1FFF7EFFE2CE038
:105C200000F108067788974204BFB6889E420AD1E1
:105C30000B0006D10C2A0CBF042102210A98018016
:105C40001BE0012901D00020FEBDFFF7EFFE8DED26
:105C5000000A295D099801F07F01012918BF022976
:105C60000DD0032913D0042909D00E291DD00F29E6
:105C7000E9D10422694601F0CCF90120FEBDA84912
:105C800000F019F81BB20193022201A9F3E7A5491C
:105C9000D1ED000A60EE200AFDEEE00A10EE902A37
:105CA000ADF8042001A90222E5E79F4900F003F8BE
:105CB000ADF80430E8E7DDED000A0A8800EE102AAE
:105CC000B8EE400A60EE200AFDEEE00A10EE903ACF
:105CD000704770B504462C214C43904D2E192DED84
:105CE000028B3046FFF7A2FE295D01F07F010329F8
:105CF000B0EE408A0DD18B4890ED000A707828EE06
:105D0000000ABDEEC00A10EE101A09B201F06CFCD8
:105D100015E0295D01F07F000F2806D1012000F079
:105D2000D0FA68B180ED018A0AE001F07F01707855
:105D30000E2902D101F0BFFC01E001F086FC002039
:105D4000BDEC028B70BD0000000000002DE9FE4F8D
:105D50008046764F4D79764911F808A0504600F0FC
:105D6000FFF8814600F005F9002000F021F93A78AB
:105D70006A492C2042438C186E4966696162012091
:105D800005F07F0584F8280040F6043161814FF466
:105D90008070032DA08106D140F202404FF0090926
:105DA000608100213AE0042D08BF4FF0080921D09E
:105DB0000421504601F010FE0C2010FB09F05E4952
:105DC00001F800A0012D1FD108445C4A4260002167
:105DD000009101916A460121404600F04BFA01AA68
:105DE0000221404600F046FA9DED000AB5EE400A59
:105DF000F1EE10FA6CD0207A40F001002072009889
:105E000030600199716063E018BF022DDFD00E2D64
:105E100006D00F2D5CD10C2060815521A18157E067
:105E200094F8280040F0020084F828004FF4A161A3
:105E3000A1816A46666942480090012194F801B048
:105E4000584600F0E9F99DF8000000210C2805DA19
:105E50000FF2F4013FA2085C115C49003071207A16
:105E600000F0FD00014321720098000A0090010635
:105E700014BF3C20322070714FF47A70717990FB1E
:105E8000F1F171806A460221584600F0C5F90028F8
:105E90001CBF009800280AD0207A40F00800207229
:105EA00000F00F0000994A1E40EA02102072002004
:105EB00000906946584600F09CFA48B1009931803C
:105EC000009800B10420217A01F0FB010843207200
:105ED00084F8018084F802A084F8039000212078DF
:105EE00000F0800005432570A1711648E061397803
:105EF000491C3970BDE8F78FE1890020302300008C
:105F000038842A357BA0453F66665A3F9A9999990D
:105F10009999B93F0000594000408F40346F0020EC
:105F2000967E00009C2D00003E7F0000E28900204C
:105F300084870020055C0000AC2A0020308C110012
:105F40000132E600D35C0000B96436203010200B2B
:105F5000170810000000000001000100010001000E
:105F6000A0F11701082902D21738C0B27047FF20EC
:105F700070470C480178CA0700D5704710B541F04A
:105F8000010101700020084905E0C3B20C246343FD
:105F9000FF22CA54401C054B1C78C2B2A242F4D363
:105FA00010BD0000E7890020AC2A00207F1C030000
:105FB0007047134601222DE9FE4309280446914605
:105FC0001D4605D101F0C7FE01F0F4FE80B234E0B9
:105FD0005FEA09000BD001F016FF01A801F04EFFA7
:105FE00001A9204601F02AFF5FEA000801D1002044
:105FF00023E000270024002609E06946404601F01E
:10600000FCFE18B9BDF80000641C3F18761CF0B205
:106010004845F2D3E0B20228A4BFE4B2B7FBF4F7DC
:106020003DB1B9B2404601F0EBFE4FF47A71B0FBDE
:10603000F1F7404601F0DEFEB8B2BDE8FE83002372
:106040000122B8E70023B6E770B504462C214C4383
:10605000DFF834532E19304601F01AFF2A5DDFF8BD
:106060002C1342F080022A55FF200870304670BD84
:10607000F8B5DFF81C432578A84212D2461CF6B2C8
:10608000DFF8047309E02C2171437A18A2F12C0087
:1060900039442C2201F010FF761CAE42F3DB6D1E5A
:1060A0002570F1BDF0B5BB4BBB4C1B5C245C0246BC
:1060B00000E0491CB64D2E78C8B2B04217D25FFA44
:1060C00081FC2C25B04F15FB0CFC07EB0C05287848
:1060D000C0090CD06878904202BF2F7807F07F0784
:1060E0009F4204BFA878A042E3D148B2F0BD4FF070
:1060F000FF30F0BDF0B50346002400200EE0E4B20E
:1061000066440E5507F00F076C1C0A2FACBF3726EC
:106110003026EDB2F6194E55401CC0B29E79B04201
:10612000E5B212DAEF1CBA420FDB10B12D264E5544
:10613000641C1D182F7AC7F30316651C0A2EB4BF02
:106140004FF0300C4FF0370CD9E7E0B290423CBF33
:1061500000204855E0B2F0BD10B500F001F811E0A4
:10616000012303FA00F000F0FF0000EB01208B4C4C
:10617000704710B5012303FA00F000F0FF0000EBB8
:106180000120874C81B22078BDE8104001F0F0BEBC
:1061900070B500F006F8824E00F00AF800B90FE082
:1061A00070BD0446012000FA04F404F0FF047047B7
:1061B000307804EB0124A4B21546214601F008BF53
:1061C00030782A462146BDE8704001F0D1BE012258
:1061D00002FA00F000F0FF0000EB01206F4B07E037
:1061E000012202FA00F000F0FF0000EB01206C4BEE
:1061F00081B2187801F0C0BE012303FA01F101F069
:10620000FF0101EB0221002819BF64480078644AAD
:10621000107889B201F0DCBE1CB500F045F80CBF67
:1062200002F1FC0102F1AC01052201F035FE9DF8FE
:106230000000012816D002280FD0032807D0042818
:1062400010D0052809D0062818BF0B2810D10DF151
:10625000010108682060012016BD0DF101010868E8
:1062600080B2F7E70DF10101086800F0FF00F1E7E7
:10627000002016BD1CB500F017F80CBF02F1FC01A0
:1062800002F1AC01052201F007FE9DF8000007288D
:1062900008D10DF10100016800EE101A84ED000A2A
:1062A000012016BD002016BD14463E4A00EB8000BA
:1062B00002440229684670470A78521C001D02F009
:1062C000BBBA70B510260228054603DB0C2110FB73
:1062D00001F6361D304602F0B9FA040003D031460B
:1062E00001F0D6FD2570204670BD420602D5491E3C
:1062F0008941C90F01F0F8BB2C22234B50431844AD
:106300000079002818BFFFF7F0BF704738B50024A8
:106310001F4D03E00021FFF7EFFF641C2978E0B276
:106320008842F7D32048027802F0FD02027031BDA6
:1063300070B52C2606E0D5B2134C75432C44521C84
:1063400020716171D4B29C42F5D370BD70B52C221E
:106350000D4B0446191D54430C5D00E0401C0C4DD0
:106360002E78C1B2B1420CD251435D18297900296F
:106370001CBFA9780029F1D02979A142EED10120D2
:1063800070BD002070BD0000346F00202E31002051
:10639000E28900207C870020848700207F2800205D
:1063A0008028002030230000BC890020C00010306D
:1063B00070477CB5C0001030461814461D46314663
:1063C000102002F0ACFA48B900952346002231466D
:1063D000102002F009FB08B9012076BD002076BD2F
:1063E000C00080B510304118102002F0DBFA012007
:1063F00002BD0B4604220021DBE702B56B460422F6
:106400000021FFF7EDFF02BDC0F3C75181B1FF29A5
:1064100006D0C110400721F0E04101F16051704702
:1064200041020CBF40F4E0016FF0004100207047D2
:1064300000F0004100020AD0B0FA80FC00FA0CF033
:1064400001F16051A1EB0C5101EBD02140057047E7
:1064500030B540F2FF7C1CEA11541DBF1CEA1355F5
:10646000644565453FE0641981EA030C6FF35F53AF
:106470000CF0004C43F48013C90241F0004141EAA2
:10648000505EC5021100A5FB020200284FF000007B
:10649000EEFB01204FF00001E3FB052118BF42F0A5
:1064A0000102401800214941E3FB0E01A4F580647C
:1064B0000D0302D292184041494154F1010470DDAC
:1064C000450872F1004250F1000051EB0451A1F572
:1064D000801102D441EA0C0130BD40F2FF7E4CEA4B
:1064E0000E51002030BD0CEA1355644518BF6545B8
:1064F00081EA030C0CF0004C41D050EA410E1CBF65
:1065000052EA430E02E06146002030BD24422C4492
:106510001BD15FEA050EF6D0090302BF0146002039
:10652000AEF1140EB1FA81F5AEEB050401FA05FEE9
:106530000C35C5F1200100FA05F5C8404EEA000E01
:106540006FF35F5343F480139CE733F00043B3FAD7
:1065500083F504BFB2FA82FE75440B3D641BB5F1AE
:10656000200E2FBF02FA0EF3AB40C5F1200E22FA27
:106570000EFE38BF43EA0E03AA40641C7CE750EAD3
:10658000410E14BF52EA430E6FF000014FF40015A4
:1065900015EB430F8EBF194615EB410F9DE7B4D89D
:1065A00030BDD4F10104B4F120050FDAC4F12005A7
:1065B000520828BF42F0010210FA05FE01FA05F563
:1065C0007244E2BFE0402843E1400FE0352C9ADC02
:1065D000C5F1200452EA400220FA05F218BF42F049
:1065E000010231FA05F0A1400A43002172F1004294
:1065F00050F1000051EB0C0130BD014301F00042AD
:106600008B1AA3F16051B1F5801F0ADBB1F17F6FE6
:106610001FD242EAC102C10071F1004142EB507049
:1066200070470B15C3F10903212B10D2890241EAEF
:10663000905180020128494141F0004121FA03F0C4
:10664000C3F12003994071F100415041704710009F
:1066500070476FF0000013EB103F5CBF000E42EA82
:10666000C0507047DFF800F0DBFD0210DFF800F0EB
:10667000B1BF0210DFF800F0699C031038B5044682
:10668000FFF7F0FF002504E0615D225C62552154B4
:106690006D1C401E8542F7DB31BD38B5020048BF96
:1066A000524200230A2500F00EF8002AFBDCFFE727
:1066B000002802D52D22CA545B1C0020C85408466D
:1066C000BDE83240DAE70A2492FBF4F405FB142219
:1066D0003032CA545B1C2246704710B502F05AFA99
:1066E0004FF47A71B0FBF1F402F051FA604310BD3F
:1066F00038B5044602F0ACF805465148017822004E
:1067000008D10A0710D441F008010170022002F0FC
:10671000A9FB09E0012C07D10A0705D501F0F70113
:106720000170022002F033FB2846BDE8324002F03F
:106730009AB8E0B5684601F0EBFD0198B0F5803FEE
:1067400028BF4FF6FF7080B20EBD80B501281DD165
:106750003B4801780A0702D54FF0FF3002BD394AA5
:10676000106808B1880611D5012003F004F902F081
:1067700039FAC00744BF012002F009FB3249012069
:10678000C1F834010021002002F0D3FB002002BD3B
:1067900080B503F05CFD08B104F0F7FB012005F0C3
:1067A000B1FA012002BD80B506F083FDBDE80240CC
:1067B000002005F0A7BA2549087820B100220A7008
:1067C000081D07F075B8704710B502F00BFA10F00D
:1067D000060F03D0FFF74EFF002010BD1B4C201DFD
:1067E00007F068F82070201D07F06BF8012010BD3D
:1067F00038B5174D124C2A68217878B941F030012C
:1068000021701046002107F062F828684FF0FF3130
:10681000FFF72CFF207800F0CF000FE041F01001CF
:1068200021704FF47A710B4B1D684843B0FBF5F1B2
:106830001046FFF71BFF207800F0EF00207031BDFD
:10684000E789002010880020782F0020EC810020AC
:10685000982800206016000038B504460D4601F067
:106860008BFB29462046BDE8344001F066BE015648
:106870001FB502F08CF94FF47A71B1FBF0F44C4380
:10688000684602F095F90020012102908DF8001071
:1068900001946B4622460FF20D01974802F026F94B
:1068A0001FBD0000F8B502F075F9944D0646A868C2
:1068B00086422CD0371A02F06AF978434FF47A7185
:1068C000B0FBF1F402F063F9298847434FF47A7082
:1068D0007A18B7FBF0F100FB11218AB2B2F57A7F8A
:1068E00005DB014692FBF1F1641C00FB11212980BC
:1068F0006CB1E968AE606418B4F57A7F06D36B6852
:10690000B4FBF0F1CB186B6000FB1144EC60F1BDFF
:106910007A49486070477948406870472DE9F041EE
:10692000774BB1FBF3F703FB17113C250446B1FB92
:10693000F5F53C2202FB151525704FF46163B1FBA0
:10694000F3F203FB12113C25B1FBF5F16170A2706B
:10695000BFB24FF4FA634FF4B77E40F26D1C64256A
:106960004FF4C87814E060460FE068B1642091FBF2
:10697000F0F005FB10100028F5D04A0801EB9270EA
:106980008008B1EB8001EED170463F1ABFB25B1CAC
:1069900099B2404691FBF0F008FB101060B1642200
:1069A00091FBF2F205FB121242B14E0801EB967216
:1069B0009208B1EB820201D1724600E06246974232
:1069C000D3DA0026267178B1642091FBF0F005FB44
:1069D000101050B14A0801EB92708008A1EB8001C1
:1069E000481E8041C00F00E00120E380002102E04A
:1069F00001202271D1B200F022F887421CDBE3882B
:106A00002279414693FBF1F1521C08FB11313F1AE8
:106A10000029BFB2ECD0642093FBF0F005FB1030EE
:106A20000028E6D0590803EB91708008A3EB80039F
:106A3000581E8041C00FDCE7E770BDE8F0810246D8
:106A40001F20012908BF02F11C0005D00729A8BF9B
:106A5000491EC90748BF1E20C0B270472DE9F84340
:106A60000546AC7869782878EF7895F904603C227F
:106A700012FB041412FB04044FF064084FF4C879AD
:106A800004E00120F1B2FFF7DAFF3F18761E70B282
:106A9000EA88002823D400F035F80029F1D000F06E
:106AA00037F8EFD0510802EB91708008A2EB80021A
:106AB000501E8041C00FE5E740F26D100EE000F07F
:106AC00021F849B100F024F8F6D0510802EB917397
:106AD0009B08B2EB8300EFD14FF4B770C719521E79
:106AE00092B2B2F5FA6FEADABFB2054800FB07448A
:106AF0002046BDE8F2830000487E00203886002052
:106B000080510100494692FBF1F109FB11217047C8
:106B1000642092FBF0F008FB102000287047014130
:106B200050B1B0FA80F18840C91CC1F584610905F3
:106B300001EBD021400570470146704751EC100B26
:106B400000B500F003F841EC100B00BD40F2FF7CF3
:106B50000B0D4DD0634566D230B421EA035141F4A8
:106B6000801103F2FD3C5FEA5C0C01D3001849413F
:106B7000890041EA907180004FF440140023E20242
:106B8000D50AB1F5100107D46D081DD2091B64198F
:106B900000184941491BF7D56D080AD20919641B31
:106BA00000184941491BEFD56D08F7D301E05208A1
:106BB00017D0C01861419B1AAC4100184941801A96
:106BC000A941F4D452080AD0C01AA1419B186C41C3
:106BD00000184941801AA941E9D45208F4D15B1C3C
:106BE0006C4161084FEA330001EB0C5130BC704737
:106BF00050EA0103FBD030B4B1FA81F311B9B0FA15
:106C000080F41B190B3BB3F120042FBF00FA04F1F1
:106C10009940C3F1200420FA04F438BF214398407E
:106C2000D3F101039DE7634514BF50EA410CDEE751
:106C300011F5801FDBD8D94306F054BE70470157C9
:106C4000F0B540F2FF7581EA030C0CF0004C15EA38
:106C500011541DBF15EA1357AC42AF42E5E0BC41E9
:106C6000C1F31301C3F31303801A994143F4801352
:106C700004D2641E0018494180185941C90241EAF2
:106C80005051B1FBF3F603FB1611A2FB0675D7EBCF
:106C9000C020A94102D2761E80185941C90241EA9A
:106CA0005051B1FBF3FE03FB1E11A2FB0E75D7EB97
:106CB000C020A94103D2AEF1010E801859418902CA
:106CC00041EA9051760546EA8E2EB1FBF3F603FBBE
:106CD0001611A2FB0675D7EB8020A94102D2761EC1
:106CE00080185941C90241EA50514EEA060EB1FBE3
:106CF000F3F603FB1611A2FB0675D7EBC020A941E2
:106D000002D2761E80185941C90241EA5051B1FBA6
:106D1000F3F703FB1711A2FB0735D3EBC020A94102
:106D200067F100070CBF004247F0010766F3D52763
:106D30004FEA1E31B80814F5806412DDBD0775F105
:106D4000004250EB0E5051EB045111F5801F5CBF17
:106D500041EA0C01F0BD4CF07F6141F0E0410020C0
:106D6000F0BDBD076D0840EA0E5041F48011D4F12A
:106D70000104B4F120060ADAC4F120060200E04062
:106D800001FA06F3E1401843B24015430EE0342CFB
:106D900013DCC6F1200445EA40056D0820FA06F22E
:106DA000154321FA06F0A1400D43002175F1004280
:106DB00050F1000051EB0C01F0BD00205FEA0C0126
:106DC000F0BDCFB992185B41B3FA83F704BFB2FAB2
:106DD00082F6BF190B3FB7F120062FBF02FA06F368
:106DE000BB40C7F1200622FA06F638BF3343BA404B
:106DF0001CB1E419641E33E77F4231F00041B1FA5F
:106E000081F404BFB0FA80F6A4190B3CB4F120065B
:106E10002FBF00FA06F1A140C4F1200620FA06F6C1
:106E200038BF3143A0403C1B1AE7AC421ABF05EA09
:106E30001357AF4212E050EA41061CBF52EA430624
:106E4000BFE750EA4107304661461CBF41EA0551A1
:106E5000F0BD52EA430C08BFC143F0BD00204FF41F
:106E6000001616EB410F98BF16EB430F08BF16EB49
:106E7000410F24BFC14305E016EB430F0CBF614631
:106E80004CEA0551F0BD012510F0004160B148BF4A
:106E90004042B0FA80F29040D21CC2F5846241EACE
:106EA000025202EBD02140057047016DC1F30A5335
:106EB00040F21E42D31A0CDDCA0283F3070342EAF2
:106EC000505242F00042DA4002EBE17282EAE17095
:106ED00070476FEAE17203F2E13008B182F00040DE
:106EE00070470100F8B50D4688B00446287800F0D8
:106EF000BAF800283ED1DFF83C220021131D53F8D8
:106F0000310018B1491C0829F9DB33E005A800233A
:106F10000026002780E8C80002F83140121D42F820
:106F2000315028788DF80000A8684188ADF802102B
:106F30008188ADF80410807900F00F008DF806000C
:106F4000A868C1798DF80710A86881680291007B54
:106F50008DF80C00A8680169049105A928788DF8BE
:106F600014008DF81C30CDF818D0204606F040FDF6
:106F7000012000E0002009B0F0BDDFF8BC1108607E
:106F800070472DE9F041DFF8B4512C6880460F4678
:106F900000F069F8002630B90020BDE8F0812068D3
:106FA00000B9264604462CB120794045F7D1A760A8
:106FB0000120F2E70C2001F049FC0028ECD000226F
:106FC000026080F8048087602968002914BF30605F
:106FD0002860EDE710B559490A6800E0126852B11F
:106FE000036811791C7DA142F8D191680029F5D080
:106FF000BDE810400847012010BD01F027BC10B5C6
:10700000044610460A460146204606F073FD204617
:1070100010BD03E011F8013B00F8013B13465A1E76
:10702000002BF7D17047002818BF01F010BC704743
:1070300001700A0A0B0C090E42708370C170001DAA
:10704000704700223B4B03EBC201496811B109783C
:10705000884203D0521C082AF5DB02E013F8320004
:1070600070470020704710B501460022314800EB00
:10707000C203586810B10478A14203D0521C082AF8
:10708000F4DB00E010BD002010BDF0B58BB007466A
:107090000C4615461E462C21684606F05FFD397ADF
:1070A0008DF80010032906D1082239460DF102009F
:1070B00001F0C2FB03E011B13988ADF80210797A12
:1070C00012988DF80A107989ADF80C10810744BF29
:1070D00001228DF81C20C10644BF01228DF81D201D
:1070E000010744BF01228DF81E20810644BF012202
:1070F0008DF81F20410644BF01228DF82020000694
:1071000044BF01218DF821101398119B109A277804
:107110008DF822008DF81470ADF816500693ADF876
:1071200024600A922078FFF78CFF694606F064FC21
:107130000BB0F0BD0C7F0020308800203488002088
:10714000F8B50D2805462DD201F082FBDFF8B437E3
:107150001A7800240146BAB100265FFA86FC28207E
:10716000DFF8A47710FB0CFC6744787C000904D09E
:10717000761CF0B21728F0DD06E0521E3C461A706D
:10718000607C40F0F0006074084601F06CFB4CB18C
:10719000280014BF04F11C000020A061E57504F173
:1071A0000C00F2BDFFF7C5FA40F20131884206DB60
:1071B00005F11006B0B201F0E4F8040001D100209E
:1071C000F2BDB1B200F064FE280014BF04F110005B
:1071D0000020E060E5722046F2BD38B50446207913
:1071E000C0F30210022806D1E06820B1A17A02297A
:1071F00008BF01F02CFB6079000910D001F028FBDA
:1072000005461C21204606F0A9FCDFF8F8060178A7
:10721000491C01702846BDE8324001F024BB2046DD
:10722000BDE8324001F0C1B82DE9F0470F46DFF864
:10723000DC16B1F8D421054600262879C0F30219DE
:10724000C40900F00F00C240D5F80080D00704D573
:107250001CB92846FFF7C1FF33E001F0F9FADFF867
:10726000B0268246506800213B4602E0014650F8B5
:107270000C0C08B30768474502BF0779C7F3021C27
:10728000CC4504BFFF09A742F0D1761C1F0013D0E4
:10729000F7B2BB42EAD150F80C3C45F80C3C5468BC
:1072A000A04208BF556009B141F80C5C002140F8CC
:1072B0000C1CFFF792FF00E00546504601F0D3FAA0
:1072C0000DB1012000E00020BDE8F08770B501F0AD
:1072D000BFFA0646DFF8380644680025456005E039
:1072E000204654F80C4CFFF778FF6D1C002CF7D1AA
:1072F000304601F0B8FAE8B270BD2DE9F0430C4613
:107300008FB0200448BF84F4004000F1CB80E00738
:10731000DFF8FC6540F1BA807078002884F001093C
:107320001BD100F11808FFF704FA002740F2011101
:10733000884213DAB078401CB070C0B21F28A4BFD6
:10734000B770FFF7C3FFB078052190FBF1F101EBB7
:107350008101401A03D000F0ADF895E0B770301D00
:1073600001F048F90400F8D0162106F1080006F0F3
:10737000F5FB21791625080910F0070003D0022833
:1073800052D014D359E0C809E57A059004970397C1
:10739000029701F00F01E068019006F10800A27A5F
:1073A000009216352389E28805F048FA44E0E17935
:1073B000FF290CD02C20DFF85C25414355181E22F4
:1073C00007A92846FEF796FE074605F11808E0686B
:1073D0000168069107AB217902790497001D039398
:1073E0000290552306F10800D519CA09059206AF87
:1073F0003922009201970C2201F00F0105F01EFACC
:107400001A35010018D198F81000010715D5FF2191
:107410000020009102900190A179E079D8F80C70D9
:1074200055230C22B84708E0E288E068E57A01F0CD
:107430000F0105F0C3F9163580B9DFF8DC14002020
:10744000652D087002DB00F030F804E0307800F0C1
:10745000C8F849F0010900F028F812E0607900F05E
:107460000F01022908DC411C61F303006071214611
:10747000301D01F0FFF8002400F01CF800F015F8B2
:1074800014B12046FFF7A9FE48460BE0A00708D537
:10749000002171700121307801F011F884F00200B0
:1074A00000E000200FB0BDE8F083307832220121E7
:1074B00000F05EBD012070704FF47A7230780221C6
:1074C00000F056BD4FF6F07300F00F0003EA021310
:1074D000184340EA014070472DE9FE4F0C9DDFF84C
:1074E0003CA48B4690469946002700261AE0F1B24C
:1074F0002C22DFF820045143084443785B4510D028
:1075000090F828100A060CD5446A54B10020029065
:107510000195FE2000904B4642465946F0B2A047E6
:107520007F1C761C9AF80010F0B28842DFD3DFF897
:10753000F0030278FF2A08BF0770BDE8F78F2DE936
:10754000FE4F8B46DFF8D8138146087890461E46DA
:1075500048B10C9900910024019443465A4649468B
:10756000FF20FFF7B9FFDFF8BC130E9D086820B9B4
:1075700000F061F901D5280030D0DDF834A0DFF843
:1075800090735046FFF7DCFD040020D04246594678
:107590004846FFF797FF2060524609F00F0040EA87
:1075A000C5102071A4F806B0A4F80880A6720C9942
:1075B000E06801F041F9102E0CBF032101212046A3
:1075C000FFF732FE18B92146381D00F0DDFF00F04C
:1075D00007F8387803B0BDE8F04F30E1BDE8F78F29
:1075E0003878012100F06BBF03B583B000F00CF8D0
:1075F000292340F2024137E003B583B000F004F8DC
:10760000212340F205412FE00021022204AB029128
:10761000019200930022704738B500EE102AC24A4A
:10762000D2ED000A002384B0B8EE400A029380EE47
:10763000200A042403AD8DED030A0194009539233B
:107640000022FFF77CFF05B030BDF8B5B74900F068
:1076500016F84FF4807205E0F8B5B54900F00FF860
:1076600040F2031240F60431FFF769FF05B000BD98
:10767000F8B5B04900F003F84FF48372F2E70A88D6
:1076800000EE902AF8EE600A20EE800ABDEEC00AF5
:1076900010EE102AADF80C200023022103AA029359
:1076A0000191009229237047F8B5A04900F00AF82B
:1076B00040F20552D6E7F8B59D4900F003F84FF4C3
:1076C000A162CFE70A8800EE902AF8EE600A20EE69
:1076D000800ABDEEC00A10EE102AADF80C2000237F
:1076E000022103AA02930191009221237047F8B569
:1076F0009149FFF7C4FF40F20B52B3E703B583B0E3
:107700000021012204AB0291019200934FF4A26286
:107710002823A7E7FEB50E468849D1ED000AF8EE0A
:10772000600A20EE800A0546BCEEC00A8DED010A13
:10773000162001F08BF804001ED0022020700E22CB
:1077400080A1601C01F078F804F10F07042201A960
:10775000384601F071F8676000203871787107F8D9
:10776000066FC4F80B70022000901623224640F2E8
:107770000271284600F067F8F7BD1FB50B0018BF6F
:10778000012301218DF80C300292019103AC009489
:10779000102300220621FFF7D2FE1FBD2DE9FC4772
:1077A0008A465F490A9D064608789046994640B148
:1077B0000195CDF8008055230C2231465046FFF745
:1077C0008BFE584B186810B900F035F831D40C20F6
:1077D000FFF7B6FC04004E4F24D00AF101024946DF
:1077E0003046FFF76FFE206006F00F062079A57186
:1077F00000F0800006433920A07246F01006E068D1
:10780000267184F807A084F808900C22414601F004
:1078100013F801212046FFF707FD18B92146381D4E
:1078200000F0B2FEFFF7DCFE387802B0BDE8F047AA
:1078300005E0BDE8F38742494878010770473222E6
:10784000012100F095BB2DE9F0470746884614005A
:10785000994618BFB9F1000F19D03249089E08683F
:1078600010B9FFF7E8FF0ED45FEA161A08BF4FF011
:10787000010A06F00F06022E0CBF00204846FFF753
:107880005FFC050005D116B1204600F0E0FF0020A6
:1078900035E0002241463846FFF714FE286007F025
:1078A0000F07287985F80B9000F08000074347F018
:1078B000200700202F71A5F806802881AE72022EC5
:1078C00008BFEC6008D0E8684A46214600F0B4FFE3
:1078D00016B1204600F0BBFF51462846FFF7A4FC36
:1078E0000B4C18B92946201D00F04EFE2078FFF7FA
:1078F00078FE20783222012100F03AFB0120BDE819
:10790000F08700002F3100208C1100203023000070
:1079100060830020346F00201C870020E289002053
:107920002E31002010880020A02D0000967E00003F
:107930003E7F0000F2DA0000E2D80000982D00003F
:10794000028800200000250000000006033000002F
:10795000000000000146012001F01F0100FA01F1C2
:10796000002000291FBF874A13680B42012070477F
:1079700000F03F02282A0ADA012200F01F0012FA62
:1079800000F004D0804A09B1106070471061704760
:10799000F8B500F04CF81EDA00F043F81BD07B4934
:1079A0000A681043086024F0605406F020F900F0E3
:1079B0004CF830001CBF032E042E02D144F4C04406
:1079C00008E0012E08BF44F4804403D0022E08BF13
:1079D00044F4005449E0F1BDF8B500F028F81FDA8E
:1079E00000F01FF81CD069490A6822EA000008600C
:1079F00044F0005406F0FBF800F027F830001CBFFC
:107A0000032E042E02D144F4C04408E0012E08BF26
:107A100044F4804403D0022E08BF44F4005424E010
:107A2000F1BD012100F01F0011FA00F07047850040
:107A300005F0FC0505F1804505F501250E462F46AC
:107A400000F03F013C6828297047002139706F1C05
:107A5000220AA91C3A70230C0B704FEA146C05F82B
:107A600003CF24F4C04406F0F3B806F0C0F8240AAB
:107A70003C70BDE8F24006F0EBB870B500F02CF8B1
:107A8000254600F03F022E68282A24DA012200F061
:107A90001F0002FA00F0C243E8B13C4B29B119685B
:107AA000084326F06056186004E01868024046F06B
:107AB00000561A6006F09BF80021631C2970320AF8
:107AC000A11C1A70350C0D70360E04F8036FBDE85A
:107AD000704006F0BDB870BD840004F0FC0404F1F1
:107AE000804404F50124704700F03F02282A0DDA93
:107AF000012200F01F0012FA00F007D0224A136C96
:107B00000343136409B110607047106170470000AF
:107B1000F8B50D4600F03F01282931DAFFF7DCFF08
:107B20001B4A2668137800F03F00834228D3194986
:107B3000194F06F08FF83740032D15D8DFE805F010
:107B400002050B0815490F430EE0154807430BE0EB
:107B500047F4E02708E006F4E026B6F5C02F0CBF96
:107B600047F4A02747F4C02706F041F8621C390A01
:107B7000A51C11703B0C2B703F0E04F8037F78E7B7
:107B8000F1BD0000C020024090200240D020024001
:107B90001F480300810E0200FFFFF8E700000618EF
:107BA00000000510F8B504460D46012600273442B2
:107BB00003D02946F8B2FFF7ABFF7F1C7600F8B27E
:107BC0002028F4DBF1BD010070B506F010F8064680
:107BD0007D484068FA246FF0F90560B1B0F90C10E7
:107BE0008C42C8BF0C46B0F90E1000688D42B8BF79
:107BF0000D460028F2D12946204600F005F830460F
:107C0000BDE8704006F024B8F0B46F4BB3F9004003
:107C1000A0421ADA6D4D6E4C2E782568A5F5407598
:107C200076B2821C7543D7052D1105EBE735803DF3
:107C300012F1F90F2ADA4FF4803505F47F452563F8
:107C40001880206A40F004002062B3F902008842E4
:107C50001ADA5E4C5E4A25781468A4F540746DB259
:107C6000881E6C43C605241104EBE634803C10F1F9
:107C7000F90F15DA4FF4803404F47F4454635980CB
:107C8000106A40F008001062F0BC7047FA2AA8BFE2
:107C90004FF47F45D1DA002DCFD54E4A1540CEE7BF
:107CA000FA28A8BF4FF47F44E6DA002CE4D549480F
:107CB0000440E3E72DE9F0474448454D01782A6840
:107CC000414E454F4FF47F432B63FA2131802A6A9E
:107CD00022F004022A620022007829686A636FF0A9
:107CE000F9007080296A21F008012962F86B746834
:107CF000D0F8001088470FFA80FAE4B1B4F90E907A
:107D0000D4F80080D145BCBFB4F90C108A450FDB14
:107D1000D145B8BFB4F90C902146301D06F028F8C3
:107D20000020226920752346A46849465046A04792
:107D30005FEA0804E2D1FFF747FF686A00F00C0031
:107D40006862686A10F00C0FF7D139680A6ABDE8FA
:107D5000F0473520104770B584B005F048FF1F4D3F
:107D60000446287808BB684605F06AFF1C490A7873
:107D7000019201218DF808106B461A4A3521281D01
:107D800005F012FF1848194B816C21F00401816441
:107D90000322816C21F008018164026009211A68C4
:107DA00016680220B04701202870204605F050FFD9
:107DB00004B070BD00B50E4881B001680A689047F4
:107DC00000B201B000BD0000E83000200C130050EC
:107DD0002850094000FF0100B0010010E08300209E
:107DE00032940300B57C000000500940840100106B
:107DF000EC01001001680A68104702689368184790
:107E000002681369184770B505F0F1FE1849054678
:107E1000087860B9012217480A7004783CB1164E00
:107E2000304656F80C1B4A699047641EF8D1284624
:107E3000BDE8704005F00CBF0000000030B50C4CF0
:107E4000237881B000227BB10A4C2578A8420BD25E
:107E500009B900BF0CA100EB40029200064B981834
:107E60009B589A6990470246104601B030BD000009
:107E70000D8A00207F1C0300F42E000002A1D1E92E
:107E80000023C0E90023704700000000010000004B
:107E9000002205F033BE640062B38B0708D0521E87
:107EA00011F8013B00F8013B00F024808B07F6D16C
:107EB000830740F0208000BF103A07D330B4B1E808
:107EC0003810103AA0E83810F9D230BC530724BF5C
:107ED000B1E80810A0E8081044BF51F8043B40F88E
:107EE000043BD20724BF31F8022B20F8022B44BFF9
:107EF0000B7803707047121F17D35B0009D151F83C
:107F0000043B20F8023B1B0C121F20F8023BF6D268
:107F10000BE051F8043B00F8013B1B0A20F8023B40
:107F20001B0C121F00F8013BF3D238BF121D521E6A
:107F300024BF11F8013B00F8013BF8D87047E80373
:107F4000DFF800F09DEB0210DFF800F025DB0210F7
:107F5000DFF800F0C5E20210DFF800F0C3EC021019
:107F6000DFF800F0E7E90210DFF800F0BBEC0210E8
:107F700000238EE001238CE070B504460E4600F02D
:107F800067FC05463146204600F0E5F804001AD0AB
:107F90002068FFF7DDFF2046FFF7E6FF75488168A0
:107FA0008C4203D12169816005E001460869A04245
:107FB000FBD120690861204600F049FC284600F00A
:107FC00052FC002070BD284600F04DFC022070BD20
:107FD000F8B505460E4600F03BFC044631462846FF
:107FE00000F0B9F8002750B1006805F0D8FE624AE9
:107FF00013684FF47A71B1FBF3F3B0FBF3F720464B
:1080000000F031FC3846F2BDF8B55A4E00F020FCC5
:10801000F468054654B127692046FFF7A5FF2046BE
:1080200000F015FC3C00F6D10020F0602846BDE8C9
:10803000F24000F018BC4F4A10705160704710B504
:108040000446A168207900F03AFA207B00BB206842
:10805000FFF77EFF474A9068844203D12069906011
:1080600005E008460169A142FBD1216901610020B8
:10807000D168206111B9D46004E001460869002884
:10808000FBD10C61BDE810405168107800F017BAC0
:1080900010BD2DE9F8471E46374B804689461868C3
:1080A0004FF47A71B1FBF0F0424389B0154600F00D
:1080B000CFFB82464946404600F04DF808270400B1
:1080C0000AD02068FFF744FF20682946FFF744FFE5
:1080D0002068FFF745FF37E0142000F0B7FB0400ED
:1080E00032D00823242200216846FFF729FF002E02
:1080F00014BF059505960121ADF8101006940023D4
:108100006A4629461D48FFF71FFF2060C8B184F862
:108110000480C4F808902673002020611548816807
:1081200011B9846004E0014608690028FBD10C61A4
:1081300020682946FFF710FF2068FFF711FF00278E
:1081400002E0204600F083FB504600F08CFB3846EE
:108150000AB0BDE8F08720B502460648806800E016
:10816000006928B10379934204BF85688D42F7D135
:1081700020BD000028860020601600003F8000001F
:10818000DFF800F0F5EA0210DFF800F021CD021070
:10819000DFF800F04DEA0210DFF800F045DF0210D2
:1081A000F8B542F20C74DFF810562E193079012818
:1081B0001DD02846002101E040F8041B42F2107255
:1081C0002A449042F8D3E8212960002042F2246238
:1081D000DFF8E8753060C5F8E82005F1E80179605E
:1081E00000F006F8B8607D60FC6001203071F1BDE0
:1081F000F8B500260027051D15F003001CBF291D3A
:108200000D1A00F025FB0146DFF8B025112D34BF13
:10821000546894682068002803D580F00040002747
:108220001AE03B0014D03368D4F800C06344AB427A
:10823000336011D334461846ECB1401B042811D3E7
:10824000605145F000402060D3685D1BD56011E0AF
:10825000A842F1D201272646044420680028DAD13A
:10826000002408E0D36820681B1AD360256845F015
:1082700000452560241D11600846F3E038B5040070
:1082800019D0DFF8385500F0E3FA286054F8041CE0
:10829000002903D42969491C29610BE021F0004120
:1082A00044F8041CEA688918E960211F6A68914251
:1082B00038BF69607CE131BD2DE9F04100F0C8FABA
:1082C000DFF8F8249368002400250026002709E041
:1082D0000E4601251C4604E011D581F00041002521
:1082E00047460B441968B046BE4238BFB84600291D
:1082F000F2D1106000F0B7FA4046BDE8F081002DE1
:10830000E6D0D4F800C08C44C4F800C08E19E8E769
:1083100010B5044642F21070DFF8A0142060CA685D
:108320006260FFF7C9FF09282CBF08380020A06051
:1083300010BD80B5FFF734FF4BF6BE2002BD0846E6
:1083400056E708469AE702B56846FFF7E1FF01BD28
:1083500001207047F0B5DFF8684425782E460F2ECF
:108360000BDA1823DFF85C745E43BB1958600020F9
:108370001D70D960986018745A616D1C2570681E54
:10838000F0BD38B504460025200001D1002032BDE3
:1083900004F10C0000F05AFA28B10560FF220481B4
:1083A000827200F10C05284632BD80B508B905205F
:1083B00002BD10F8021CFF2901D0042002BD0C38B8
:1083C00000F045FA002002BD2DE9F0410C00064600
:1083D00002D10520BDE8F0810020DFF8E85300E07D
:1083E000401CDFF8DC231378C1B2994217D2C7B220
:1083F00018214F43EA5DB242F2D100F029FA8046DB
:10840000E8192146083000F0BFF84FF4004130462B
:1084100000F055F8404600F026FA0020DAE7032085
:10842000D8E7F8B505460E4600F012FA0024002100
:10843000DFF8902300E0491CDFF884733F78CBB26B
:10844000BB420FD2182717FB03F3D75CAF42F2D120
:10845000D1188C6801E054F80C4C002C1CBF21781A
:10846000B142F8D100F0FFF92046F2BD2DE9F84302
:1084700080464FF000090026DFF84843DFF84053FC
:1084800016E000F01CF812E018225043215C414530
:108490000DD1271807F1080000F0ACF88146B86844
:1084A00000284FF40041F0B2EBD100F046F8761C02
:1084B0002978F0B28842E7D34846BDE8F2832DE937
:1084C000F04781468A4603260025BD4C18E0182156
:1084D000BC48694347183A784A450FD100F0B8F9CB
:1084E0008046786901684AEA01010160F86808B1CC
:1084F000FFF74AFE404600F0B6F900266D1CEDB2CB
:1085000020788542E3DB3046BDE8F08770B504464D
:108510000025AB4E0DE01821AA4869430844426883
:10852000A24204D1C0684FF0FF31FEF79FF86D1CE6
:10853000EDB230788542EEDB70BD2DE9F04180462A
:108540000C4600279E4E04E02878404510D07F1C42
:10855000FFB23078874215DA18229A497A438D188B
:10856000B8F1FF0FF0D1FFF70BFE69688142EED141
:1085700000F06EF969690A6822EA04040C60BDE83B
:10858000F04170E1BDE8F08138B505460C4600F0D9
:108590005FF96CB1002144F80C1C2A6812B92C60F8
:1085A00006E00A4652F80C1C0029FAD142F80C4C9D
:1085B000BDE8324057E12DE9F84304460D469046A8
:1085C00000F046F9814620680027002628B100E027
:1085D0007F1C50F80C0C0028FAD1474504D22946DC
:1085E0002046FFF7D1FF0126484600F03CF930460F
:1085F000BDE8F28338B5044600F02AF92168002569
:1086000041B10D46A5F10C0100230A682260FF2448
:108610000B608C7200F027F9284632BDF8B507468A
:108620000E4600F015F9002400250021654A00E0FF
:10863000491C634B1B7899421BDA18234B4312F8F1
:1086400003E0BE45F4D1D1188C6801E025461446FC
:108650007CB1237854F80C2CB342F7D1002D0CBF19
:108660008A6045F80C2C0021FF2244F80C1C04F809
:10867000022CF7E638B504460D4600F0E9F821680B
:1086800045F80C1C256093E770B504460D46164668
:1086900000F0DEF8A5F10C0123680A689D420CBFCA
:1086A000226046F80C2C0022FF230A608B72BDE882
:1086B0007040D8E0F8B5424C424A65780026002365
:1086C00011E018275F4302EB070CD75D874204D106
:1086D0000F0018BF01278CF810709CF810703E43F3
:1086E00018BF01265B1C2778BB42EADB05F07FFA46
:1086F0000746300009D1012D28460FD100F047FB75
:10870000022000F044FB002508E0280006D10120EB
:1087100000F0A8FB022000F0A5FB0125384605F07B
:1087200097FA65703046F2BD014688684968084787
:108730002DE9F84189B080460F4616461D0008BF56
:10874000022035D02C68F4B90C20FFF751FD04004D
:1087500015D00823242200216846FFF7F1FB0020F2
:108760000590ADF81000069400236A46414616486D
:10877000FFF7EAFB20606760A660206808B9082060
:1087800016E02C600CE000F063F80546206805F068
:108790001FFB10B12068FFF7DBFB284600F063F8F1
:1087A00020684146FFF7D8FB2068FFF7D9FB00207F
:1087B0000AB0BDE8F081000068310020508500203B
:1087C0001C010020CC6D00202987000070B5050039
:1087D0001CBF2C68002C01D0206808B9022070BD95
:1087E00000F036F80646206805F0F2FA10B120686D
:1087F000FFF7AEFB2046FFF7B7FB204600F027F857
:1088000000202860304600F02EF8002070BD20B116
:108810000068002818BFFFF79BBB704710B51346D0
:108820005A1E3BB110F8013B11F8014BA342F6D0A0
:10883000002010BD012010BD03E011F8013B00F83D
:10884000013B13465A1E002BF7D17047D0E415E5C3
:1088500080B5FFF79DFCADF8000005F0C8F9ADF854
:108860000200009802BD01B5BDF8020005F0F0F964
:10887000BDF80000BDE80240FFF78EBC80B50221C4
:1088800000F002F880B202BD012901D100787047E2
:10889000022904D10178407801EB002070470329B8
:1088A00007D102784378807802EB032101EB004086
:1088B000704704290AD10278437802EB03218278B9
:1088C000C07801EB024101EB006070474FF0FE30D1
:1088D000704701700A0A0B0C090E42708370C17058
:1088E000001D704710B540B1002300E05B1CDCB2F6
:1088F000944204D2045D8C42F8D0002010BD0120C7
:1089000010BD80B505F090FA80B202BD6C480068D9
:1089100020B1816800291CBF002008477047FEB5C0
:10892000674E1D4633681446002B1CBF1A69002A87
:108930001AD001228DF8002000F04CF800279A6A26
:108940001AB1DDE9000190470746A74201D1002096
:10895000FEBD224634682B46DDE900012569A847A3
:10896000012801D10A20FEBD0920FEBD13460A469A
:1089700001460020D3E71CB5514B1B680022002B99
:108980001CBF9B6A002B08D0012400F023F88DF84F
:108990000040DDE900019847024690B216BD01464D
:1089A0000020E8E7BCB5464C24680025002C1CBF1D
:1089B0006469002C0CD0012700F00CF88DF80070D1
:1089C000DDE90001A04718B10A280CBF09250A25D6
:1089D0002846B6BDADF80200ADF804107047134646
:1089E0000A4601460020DDE77FB5354C2468002C9F
:1089F0001CBFE469002C0FD00126ADF80600ADF8CD
:108A000008108DF80460DDE90101089D0095A0477C
:108A1000012818BF002000D10A2004B070BD78B52D
:108A2000274C246887B0002C1CBF246A002C16D069
:108A30000491ADF8160001260F99BDF838000C9D81
:108A400003918DF814600026BDF834100290019156
:108A5000ADF81860DDE905010095A04700B10A20D6
:108A600008B070BD80B5009313460A460146002049
:108A7000FFF7BAFF02BDFEB5114E3368002514465C
:108A8000002B1CBF9A69002A18D001278DF80070AE
:108A9000FFF7A0FF9A6A1AB1DDE90001904708B913
:108AA00009250BE0A04218BF0C2507D13268936955
:108AB000DDE900019847012808BF0A252846FEBDC8
:108AC000BC580020DFF800F001CE0210DFF800F003
:108AD0008DDD0210DFF800F049E60210DFF800F04B
:108AE000FDE90210DFF800F011DC0210F0B51C0007
:108AF00089B005460E46174605D10023FFF7E6FF6D
:108B0000284609B0F0BD0823242200216846FFF75B
:108B100017FAA16806916B462278ADF810203A4604
:108B20006068059031462846FFF7D0FF284609B017
:108B3000F0BDF0B5140089B005460E46274F05D1AB
:108B40003B460022FFF700FA09B0F0BD08232422BB
:108B500000216846FFF7F4F9A16806913B462278A8
:108B6000ADF810206A466068059031462846FFF748
:108B7000EBF909B0F0BD00B581B000906846FFF791
:108B8000F3F901B000BDFFF7A5BFFFF7A7BF144879
:108B900000687047FFF7A6BF05F001B900B581B0C6
:108BA00005F016F9401E8041C043C00F01B000BD62
:108BB00000218160017041607047FFF7CDB905F079
:108BC0005BB9FFF7CDB9FFF7C3B90549096800EBF9
:108BD0005100B0FBF1F0FFF775BF0000882D0020B9
:108BE00060160000DFF8900880687047DFF888188A
:108BF000084490F84A01704702460020022904D137
:108C0000012A06D140F2EE207047012A08BF4FF436
:108C10007A707047DFF8601891F8410120B1D1F8FF
:108C20006C01002818BF00477047F0B5DFF84848CE
:108C300094F84201002883B040F090800121DFF8D1
:108C40003C68DFF83C5884F84211307B84F84101DD
:108C50007168C4F86C11A868C0F38140A0B930698C
:108C600090B12F68FFF793FFC7F30662642111FBF1
:108C700002F2B2FBF0F200230FF6410104F194007E
:108C8000FFF734FF05F0FAF86846FFF791FF002080
:108C900001908DF80000002202926B460FF25561A0
:108CA000DFF8E07704F10C00FFF720FF6846FFF7DC
:108CB0007FFF002001908DF8000002906B46082293
:108CC000DFF8C41704F15000FFF710FF00230FF284
:108CD000C552322104F1D80004F066FF002038604C
:108CE0000023DFF8A8272C2104F1F40004F05CFF36
:108CF000A968707BC1F3815128B1032903D10120F8
:108D000084F8390109E0032918BF022905D0012997
:108D100002D105F0C8F811E081B9386840F0400090
:108D2000386004F064FFA16841F00401A16094F888
:108D30004511491C84F8451104F08AFF6868400712
:108D40000CD404F054FFA16841F00101A16094F833
:108D50004311491C84F8431104F07AFF002003B04A
:108D6000F0BD30B581B0002408B1150004D16FF01A
:108D70000204204601B030BD8160C260036101463B
:108D8000DFF8F40604F0CAFF204601B030BD10B58C
:108D9000044604F02CFFDFF8E0160A1992F843317C
:108DA0005B1E82F84331DBB233B98A68012303FAD0
:108DB00004F422EA04048C6004F04AFF002010BD91
:108DC000F0B581B0054604F012FF0446DFF8A8169E
:108DD000481990F84A21521E80F84A21D2B232BB7B
:108DE000DFF8AC0600EB850210F8255056882806FF
:108DF00023D5DFF8A07639680A6A3046904739688B
:108E00008A6A3046904739680A6B30469047DFF8E7
:108E1000881601200860DFF8840601688907FCD500
:108E200005F03F05152DBCBF2846FFF7C9FF2046BA
:108E300004F00EFF002001B0F0BD680606D501EB7E
:108E400086010020D1F860219047E9E7DFF8441659
:108E50000B689A6930469047304605F087F802283B
:108E6000FAD1DDE710B5044604F0C1FEDFF80816BC
:108E70008A680123A3401A438A60214491F8432160
:108E8000521C81F8432104F0E3FE002010BD2DE9BF
:108E9000F041064604F0ABFE0446DFF8DC55A819A5
:108EA00090F84A114A1C80F84A2139BBDFF8E08566
:108EB00018F8260000F03F001428D8BFFFF7E7FF9E
:108EC00008EB8600478818F8260001061CD5DFF855
:108ED000C4552A68D169384688472A68516A384695
:108EE00088472A68D16A38468847DFF8AC250120D0
:108EF0001060DFF8A80501688907FCD5204604F05A
:108F0000A7FE0020BDE8F081400606D505EB8701ED
:108F10000120D1F860219047F0E7DFF878150B6861
:108F20005A6938469047384605F03DF80128FAD18D
:108F3000E4E770B504F05BFEDFF83C650546307A87
:108F4000810748BF6FF0030415D4D6F83401012817
:108F50000FD10421C6F83411022000F0CEF904002C
:108F600009D104F090FFDFF83805016805F04EF8EC
:108F700001E06FF004040120C6F83401284604F033
:108F800067FE204670BD2DE9F04700270025012827
:108F9000A94618BF6FF0010840F01081DFF8D844EF
:108FA000D4F8340101285DD10221C4F8341105F050
:108FB00034F9012000F0A1F95FEA000857D194F8D4
:108FC0005A0100B1012794F8590108B147F002078E
:108FD00094F8580108B147F00407012004F05FFF3E
:108FE00001281CBF94F83801012833D104F055FF43
:108FF000DFF8B00401680125C1F3814058B9DFF8FA
:109000007C0406693EB104F19400FFF7DCFD04F036
:109010007CFF0020B04794F83801D8B1DFF888040D
:10902000D0F8841221F08001C0F884128022C0F8A8
:109030008C2204F0DCFD94F84611491E84F8461198
:10904000C9B219B9A16821F00801A16004F000FEBD
:1090500084F83891207ADFF83C64C1070FD54FF0CF
:10906000010915E06FF004084046BDE8F0870120D3
:10907000C4F8340105F0DAF84046BDE8F087316AFB
:10908000DFF828048A6890478246BAF1040FF6D0C8
:10909000484604F04CFFB9F1000F0AD1BAF1010FB4
:1090A00005D1326ADFF8040453680121984704F0BF
:1090B000EEFE31684A693846904794F8540120B171
:1090C0003168CA6A4FF48060904794F8530120B128
:1090D0003168CA6A4FF481609047DFF8BC13DFF84B
:1090E000C893012008600022C9F800200320C4F8BA
:1090F0003401384604F057FF0128FAD1DFF8A07395
:109100003868042000F0F9F80646DFF8A4130120BF
:109110000860002D3A6843D004F0C1FE01283FD01A
:1091200094F8380100283BD1DFF878733868C0F331
:10913000814078B9DFF8440305695DB104F0D8FED9
:10914000502005F091F80120A84704F19400FFF7A2
:1091500038FD01E005F0A2F8012084F838013868F4
:10916000C0F3814018B9DFF81413086958B9207AA0
:10917000810608D48020C9F88C02D9F8841241F005
:109180008001C9F8841204F032FDA16841F00801A1
:10919000A16094F84611491C84F8461104F058FD6A
:1091A00005F05EF8082000F0A8F806430120C4F896
:1091B000340105F03BF80EB14FF0FF384046BDE8F2
:1091C000F08730B581B0044604F011FD0546214614
:1091D000DFF8A40204F0CCFD284601B0BDE8304021
:1091E00004F036BD10B50024022802D0032805D0B3
:1091F00008E005F0F1F80446204610BD05F0F2F94C
:10920000204610BDFEE7F0B581B004F0F0FC9A49AD
:10921000054691F83801012450B1A64EA64837689A
:10922000D7F80CC0002301223C21E04700B90024FC
:10923000284604F00DFD204601B0F0BD30B581B0E8
:1092400004F0D5FC044605F038F88B4D002085F875
:10925000380104F0CCFC95F84611491E85F84611FA
:10926000C9B219B9A96821F00801A96004F0F0FC9D
:10927000204604F0EDFC814884680220A0470546A2
:10928000102000F03AF8012D04BF0320A04701B0E0
:1092900030BD000030B57B4C81B06568206820EAA5
:1092A000050105406A0621601DD5042004F0F7FD84
:1092B000022818BF032804D0012814D104F0F3FDBC
:1092C00011E004F0F0FD04F092FC6B4991F84521A7
:1092D000521E81F84521D2B21AB98A6822F00402DE
:1092E0008A6004F0B5FC280648BF00F021F8A560AC
:1092F00001B030BD70470020704730B505465E486C
:10930000046881B05CB1A068284205D02269E36896
:1093100000212846984728B92468002CF3D1002062
:1093200001B030BD4FF0FF3001B030BD00207047BC
:1093300030B581B004F05BFC044604F0CEFD00B90A
:10934000FEE704F054FC4C4D95F84611491E85F893
:109350004611C9B219B9A96821F00801A96004F041
:1093600077FC002085F83801204604F071FC434862
:1093700084680220A04705461020FFF7BEFF012D9C
:1093800004BF0320A04701B030BD70B5012841D112
:1093900004F085FD01286DD0374D95F8380100287F
:1093A00068D1404E3068C0F3814070B933480469D9
:1093B0005CB104F09DFD502004F056FF0120A04751
:1093C00005F19400FFF7FDFB01E004F067FF0120C9
:1093D00085F838013068C0F3814010B92749086921
:1093E00048B9287A810606D426488022826001681E
:1093F00041F08001016004F0FAFBA96841F0080126
:10940000A96095F84611491C85F8461104F020FC26
:10941000002070BD70BB04F040FD2248164D00686E
:10942000C0F3814050B9154804693CB105F194007E
:10943000FFF7C9FB04F069FD0020A04795F838014B
:10944000C0B11048016821F0800101608021816075
:1094500004F0CDFB95F84611491E85F84611C9B2B6
:1094600019B9A96821F00801A96004F0F1FB0020F6
:1094700085F83801002070BD782F0020DC2F000017
:10948000AC4F005090220840CBE6000041E40000C1
:10949000A4530000B80100102820086028200840CC
:1094A0002C200940B44F00500C20084000400340DD
:1094B0000C400940A401001000A00C4000B581B090
:1094C00004F030FD01B05DF804EB31E710B50400A5
:1094D0002000C0B20B38102805D3DFF88C09806853
:1094E000D0F84C058047DFF88409847310BDDFF89D
:1094F0007C09DFF87C190161DFF878194161C17BD3
:1095000051F00101C173C17B51F00201C173C17BF4
:1095100051F00401C173C17B11F0F701C173C17B2C
:1095200051F01001C173C17B51F02001C173C17BA7
:1095300051F04001C173C17B51F08001C17305211D
:1095400081770521C177DFF830190162DFF82C1926
:1095500041627047F8B514001D00DFF82409076860
:10956000DFF804690120F168C96808700020DFF89D
:109570001419087014F0020015F0E041002901D11F
:1095800000283ED0DFF8000990F90010012902DB25
:109590000178491E0170DFF8F40890F900100129E4
:1095A00002DB0178491E0170DFF8E42850680028CA
:1095B0000BD014F0000015F08071002901D10028B3
:1095C00003D0002100205268904714F0000015F0ED
:1095D0008071002901D100280ED0DFF8B80890F979
:1095E0000010012902DB0178491E01700120DFF81B
:1095F000A818087005F018F90020387105F002FA73
:1096000022E0E0030ED5DFF894080078002804D0AB
:10961000052006F0F5F806F09EF80020387105F0F8
:109620002AFA0CE0A00304D50020387105F0F9FEF9
:1096300005E0600203D50020387105F0E3F9200051
:10964000800601D506F0CEFBDFF8401891F9000046
:1096500000280AD10020DFF84818087000210020F7
:10966000B268D2F8582490470FE014F0020215F0C7
:10967000E043002B01D1002A07D091F90000012816
:1096800003DAB068D0F84C0580470020F168C9685B
:109690000870F1BD80B509B2FFF75CFF01BD2DE98F
:1096A000F84F8CB0DFF8FC4702A8216864310968E4
:1096B0008847DFF8E05795F90000002806D0DFF86A
:1096C000C80790F90000002840F04D81DFF8D80766
:1096D0005FF08071CDE90A0104F089FA0600DFF835
:1096E000CCA79AF80000800702D50020079007E079
:1096F00000217D2000F0B9FA079000208DF81800B5
:109700000020029000208DF80C00DFF88477786943
:10971000002803D09AF8000079698847F868002883
:1097200002D0F86880470890DFF8840700780028A6
:109730001FD0786A00281CD0786A804700280CD097
:10974000DFF8700701798DF824100179DFF86827B8
:10975000117040798DF825000BE0DFF8580781790A
:109760008DF824108179DFF850271170C0798DF8B9
:1097700025000020059003208DF81800DFF8EC8606
:109780000020A8F802000020C8F8080098F80C0093
:1097900010F0F00088F80C0098F80C0050F08000F1
:1097A00088F80C0098F81B0050F0010088F81B00A6
:1097B00098F81B0050F0020088F81B0098F81B0076
:1097C00010F0FB0088F81B0098F81B0010F0F70061
:1097D00088F81B0098F81B0010F0EF0088F81B00B9
:1097E00098F81B0050F0600088F81B00DFF87896AE
:1097F00018F11C01F420D9F80820D2F82824904749
:10980000DFF894B69BF80000002817D19AF8000002
:10981000800613D520683C3000688047C8F80800EF
:1098200098F80C0010F0F00050F0020088F80C00DE
:10983000D8F80800029001208DF80C00DFF87CA613
:10984000DDE90A01CDE90001DFF8743602AA4146DC
:10985000DFF870060068246850342468A047AAF82E
:109860000000BAF90000002810D57868002803D05D
:10987000002100207A68904741F28831022000F0F0
:1098800093FA300004F0E4F900206DE0DFF8F80509
:109890000178491C0170DFF8F4050178491C01705A
:1098A0002878401C2870DFF82006C0F800800021CE
:1098B000022000F079FA00208BF80000D9F80800A7
:1098C000D0F8AC000078002801D0802100E0002111
:1098D000DFF8F8351A881C884FF67F700440214362
:1098E00011431980D9F80800D0F8AC000078B8F816
:1098F000181060F3C711A8F81810D9F80800D0F8AC
:10990000D400C08CD881D9F80800D0F8D400408D9C
:1099100098810822D9F80800D0F8D40010F1440149
:10992000DC1C2000FEF7B8FAD9F80800D0F8D40003
:10993000C08CA8F83200D9F80800D0F8D400408DC7
:10994000A8F830000822D9F80800D0F8D40010F1A7
:10995000440118F128042000FEF79EFA300004F0BC
:1099600077F9012000E000200DB0BDE8F08F80B550
:10997000FFF795FE02BD38B5040004F038F9050084
:109980000021022000F010FA2200D2B25FF0FF3175
:10999000DFF830050068DFF80C351B6818331B68EA
:1099A0009847280004F054F931BD80B5C0B2FFF7E4
:1099B0008DFD012002BDF8B50700DFF8E844DFF8AF
:1099C000045528682168543109688847DFF898648D
:1099D000B168D1F8D41091F883103A00D20FB2EBED
:1099E000D07F02D0C9B201290DD139002868226880
:1099F000583212689047C0B2832803D0B068D0F8BC
:109A00004C05804710E004F073FF39002868226895
:109A1000583212689047C0B2832803D0B068D0F89B
:109A20004C05804704F000FFF1BD2DE9F84384B0F8
:109A3000070088467FF001090020009004F0D7F865
:109A40000400DFF86054DFF87C646A460521306862
:109A50002B684C331B68984701A809F011FD01974A
:109A6000CDF80C800FF21118790849005FEA580010
:109A7000400081421FD1DFF8580490F9001011F125
:109A8000020F0FD090F9001030682A68383212683F
:109A90009047C0B2812805D0DFF8CC038068D0F8A9
:109AA0004C058047002201A930682B682C331B68C5
:109AB000984781462DE0780840000FF2E5014908FB
:109AC000490088421FD1DFF80C0490F9001011F111
:109AD000020F0FD090F9001030682A6838321268EF
:109AE0009047C0B2812805D0DFF87C038068D0F8A9
:109AF0004C058047002201A930682B682C331B6875
:109B00009847814605E0DFF860038068D0F84C058F
:109B10008047484640B2002805D5DFF84C038068EE
:109B2000D0F84C058047780840005FEA58085FEAA3
:109B30004808404504D1DFF8980380F800900BE016
:109B40007F087F000FF2590040084000874203D190
:109B5000DFF8800380F80090012000906A4605211C
:109B600030682B684C331B689847200004F070F86D
:109B700005B0BDE8F083000010B5BB4C0120E168E2
:109B8000C96808707FF00100D14908700AF093F8A5
:109B90000AF0CBF80020E168C968087010BD000029
:109BA00010B57FF00100CB490870AF4CA068D0F829
:109BB000E8000068002809D00120E168C968087041
:109BC0000AF06EF80020E168C968087010BDC2494B
:109BD0000860704710B500280ED0C04C2060206887
:109BE0000069002804D1A0488068D0F84C0580475F
:109BF00020684068AB49086010BD70B57FF0010572
:109C0000B34C94F90000A84208D094F90010AD4874
:109C10000068A44A1268383212689047AD4E96F92F
:109C20000000A84208D096F90010A64800689D4A96
:109C300012683832126890477FF00100307020704F
:109C400070BD10B5A34C94F9000010F1020F0BD0B9
:109C500094F900109B480068924A126838321268E2
:109C600090477FF00100207010BD2DE9FC410500F8
:109C70000C0000275FF000087B4E69464F20B26859
:109C8000D2F82824904715EB0808B068D0F8D40023
:109C900090F85300B168D1F818148847042814D1FB
:109CA00018F102085FEA481010FA87F1CC31E4B2EB
:109CB000002C44D04FF47A70894A127890FBF2F06D
:109CC000CC30411811F5907139E0B068D0F8D4006B
:109CD00090F85300B168D1F81814884700281DD1B6
:109CE00018F108085FEA480010FA87F1E4B2002C86
:109CF00007D04FF47A707A4A127890FBF2F041184C
:109D0000163101229DF900008240521EF068406821
:109D100000780830424312FA81F110E018F10C0883
:109D20005FEAC80010FA87F1E4B2002C07D04FF4C4
:109D30007A706B4A127890FBF2F041189831132D2B
:109D400001D3282000E00C20411889B26448007833
:109D500041438800BDE8F68170B500254249886816
:109D6000D0F8D40090F853008968D1F818148847C7
:109D7000042804D105F56C55A035CC3501E005F675
:109D80003875FEF765FD0600FEF701FF554B002212
:109D90005549534C24786543B5FBF0F0FEF7C8FCF9
:109DA0003000FEF760FD70BD70B504000D00FEF7D9
:109DB0004FFD0600FEF7EBFEB5FBF0F02100C9B247
:109DC00001290DD1002804D148480068FEF71FFD85
:109DD00024E0464B00220FF24D01FEF7A9FC1DE0E6
:109DE000E4B2022C0DD1002804D141480068FEF7EE
:109DF0000EFD13E03E4B00220FF23D01FEF798FCF2
:109E00000CE0002804D13B480068FEF700FD05E0A7
:109E1000384B00220FF23501FEF78AFC3000FEF7C6
:109E200022FD70BD80B54FF400600F498968D1F8FC
:109E30002C13884701BD000080B54FF480500A49BB
:109E40008968D1F82C13884701BD000080B50F4800
:109E50000178491C017000225FF08073002100200E
:109E60000AF0CAFB01BD00000C01002000750020B3
:109E7000E4870020C88600206481002098840020A8
:109E800040890020218A0020248A0020238A002083
:109E900030570000258A0020228A0020458A0020B1
:109EA0001F8A00202489002020004300278A0020E8
:109EB000268A0020DC8700201E8A0020CE89002010
:109EC000959600001089002014890020D886002073
:109ED0006031002061310020188900202089002095
:109EE000308A00203489002005F5000028890020F0
:109EF0002C8900203089002010B5DFF85C29044649
:109F0000547648F202010BF0B9F948F201012046FB
:109F10000BF0B4F92046BDE8104048F204010BF004
:109F2000ADB93EB505460C466B46002203212046DE
:109F30000CF02AF800281EBF02990888A84214D005
:109F4000DFF81439587E2A0003D00D8000F031FF6D
:109F500005E000220A804FF40051FEF70DF8DFF80B
:109F6000FC08016809B12046884737BDE0B50023E9
:109F7000CDE9003302460846C0B1DFF8E418042AF0
:109F80000B7013D8DFE802F00308060E0C000EF089
:109F900029F80EBD01220A70694600F009F80EBDCD
:109FA00001220A7069460EF049F80EBD02200EBD6E
:109FB00078B585B005000C4618BF002C08D000F01D
:109FC000ADFF064605F11000FEF758FC864201D0B1
:109FD00002200BE001A8009090232A4600210020D7
:109FE0000EF08EFA214601A80EF028F806B070BDDA
:109FF00070B5DFF8644800F0CE05E07A86B020B98D
:10A00000607E0421FDF7E4FFC8B1607D002815D112
:10A01000E17A8A0612D4A07B58B1A80709D5C906EF
:10A0200007D400F02EFC0121042000F01DF985F07A
:10A030000205E07A05F03F050543E5727EE0E17A2E
:10A04000A07E05F03F0529430028E17267D1012178
:10A05000A17604F10E03012200215520FEF702FD36
:10A06000A07B01285BD1DFF8FC170878012818BF16
:10A07000022844D1DFF8F067306808220021FEF79B
:10A0800031FC00283BD10EF0E1F9002837D13068CF
:10A0900001AA69460EF058F8DFF8D017064608788E
:10A0A00000281EBF9DF81400FD28022827D0DFF8E5
:10A0B000C00701888E4215DA142101A803F04EFD75
:10A0C000FF208DF8140001AB142231460420FEF766
:10A0D00069FC0C20DFF89C174643881900220260B7
:10A0E000426042720020A07304F10E02012155204B
:10A0F000FEF775FC0321FF200EF0BEFB18E0E17AAD
:10A10000072020750D4345F01005E5720021002061
:10A1100002F047FD90B1002000F05FFE03E0E07A1E
:10A1200030B9072121750021072000F09DF805E0D6
:10A13000002020750421607EFEF7C1F906B070BDD5
:10A140001CB501AC00948DF805000121DFF808472B
:10A15000607E8DF80410032300220A21EFE2DFF86D
:10A16000F816C873704780B5002000F036FEBDE8D1
:10A1700004400321FF200EF07FBBE0B5DFF8D816C6
:10A18000887B58B1C87A810608D40021CDE9001136
:10A19000FFF7E9FF68460EF010FE07BDFFF7E3FF8B
:10A1A0004FF4FA7003F047F807BD1CB5DFF8A84676
:10A1B00001E000F0C7FAA06B0028FAD10FF05BFDB8
:10A1C000207D082804D0012808BF002117D0E075A1
:10A1D000082020750EF0D9FC0A2003F004FBDFF8FC
:10A1E000B00B00780221FDF7C7FE00214FF480403C
:10A1F00010F045FB002000F005F80021082000F0D9
:10A2000033F813BD8DF800006946522011F0DEBE10
:10A21000DFF84436187D0021062800D0704710B5BD
:10A22000D86A07E0027B540603D502F0BF0202732E
:10A23000012140690028F5D141B1BDE81040587EA8
:10A240004FF47A724FF48041FDF792BE10BD80B595
:10A25000DFF80416887B20B10021002002F0A1FC69
:10A2600000B1012002BD00007CB50D46DFF8E845D5
:10A27000DFF8F015DFF81C2B0978DFF81C6B0346BC
:10A280005B1E607E072B5FD8DFE813F03600C0004E
:10A2900008005F006E008300D600FE00012918BF91
:10A2A000022951D1322200F081FD45B101202075F3
:10A2B00001E000F047FAA06B0028FAD173BD00203E
:10A2C0008DF80000022101208DF80500A172002107
:10A2D000E07A217500F0FD00E072FFF795FFFFF7CF
:10A2E00042FF0EF0B6FD002003F07DFAA06B0028BF
:10A2F0002AD000F027FAF9E7012918BF022923D153
:10A3000085B1032100200EF0B7FA042000F04BFDC8
:10A3100000F0F0F8002060754FF48051607EFDF78A
:10A320002BFE73BD01218DF805100722A27200F0EB
:10A33000A4FA002000F051FD0020E07241F28832C2
:10A34000607E0221FDF714FEC0E001208DF80500BB
:10A3500025B100F0C7F8062003F045FA00F022FD11
:10A36000E07A00F0FD008DE002208DF8050035B1A7
:10A3700000F0B8F8032100200EF07EFA01E008207A
:10A38000A0720021217500F00FFDE07A00F0FB00C3
:10A3900078E003208DF80500A07A10B9012184F837
:10A3A0002010207E0028BCD1E06A12F092FA00282A
:10A3B000B7D1607E4FF48041FDF70AFE0028B0D18E
:10A3C00020630021616304F12C0000F050FD607EE9
:10A3D0004FF48041FDF7D0FD94F8200020B1A07A21
:10A3E0000B2804BF0021A172217D0020062984F8DA
:10A3F000200002D100F0D7FC04E0E07D062804BF75
:10A400000021E175E07A00F0F7003BE000200FF05A
:10A410004AFDDFF8041B0120042208708DF8052096
:10A4200025B100206081062003F0DDF900F0BAFCC0
:10A43000E07A00F0FE0025E000208DF8050075B1FF
:10A4400000F058F8042003F0CEF902F09CFE0D2035
:10A45000A07200212175C82200F0A7FC0FE0A07BAC
:10A4600058B1E07A052140F020008DF80510E07227
:10A4700000F040F80A2003F0B6F90220A072E07A5A
:10A4800000F0EF00E07221E005208DF80500BDB17D
:10A49000E07D20750021E17542F2080010F0EFF92F
:10A4A000E07A00F0DF00E0720D21607FA1720128E8
:10A4B0000CBF0D20042003F096F9FFF7A9FE05E07C
:10A4C000E07A40F020000221E072A172E06B40B11E
:10A4D000A07A8DF8040001A900910323607E00F0AA
:10A4E00079FC73BD0020A0728320B18C1180022101
:10A4F000FEF775BA0021082010F0C1B9DFF8580343
:10A50000807B704700207047F8B5DFF88C48DFF893
:10A51000A47A2078DFF84053401C20709EB001AB35
:10A52000742200212120FEF79DFA21788DF8041075
:10A5300001AA74212120FEF752FA287F39780026DB
:10A54000884206D2002002F05CFE012808BF0420E9
:10A5500000D00D2003F047F9E08A4FF6FE718842E3
:10A5600008BF0126A08C4FF6FF71884208BF012664
:10A5700036D0300034D1BB48007800281FBF0128F6
:10A58000DFF8340A0178012903D10120FFF73AFEF0
:10A5900004E001214FF4005010F071F9DFF81C1AAB
:10A5A000DFF81C6A087818B1287F397888420ED203
:10A5B000012002F026FE012809D1002068773046EC
:10A5C000217E0EF0E8FA0646287F401C07E00120B5
:10A5D00068773046217E0EF0E4FA064600202877A0
:10A5E00030461FB0F0BD1CB500218DF804109A4C08
:10A5F00018B100F087F80022A0E0E07E00281CBF20
:10A600002068002806D0E17600F0DBF8322003F065
:10A610004BF813BD0320FFF727FE13BD2DE9F047CC
:10A620008D4E0FF021FBB06300240FF020FBB56BC3
:10A630000027284601E080697F1C0028FBD1002DFF
:10A640005FFA87F93AD0DFF878A934E0DFF84407F9
:10A6500000884FF6FF7188421CBF2A88824224D1AD
:10A66000DFF834172A89488B824203D14FF6FE73F4
:10A67000984201D12879C0B16879897C884218D183
:10A68000DFF84019A8790A78904212D00DE0D5F889
:10A690001880504611F0E6FA0128D7D105F10C01D7
:10A6A000504612F06AF90028DAD1284600F04AF83C
:10A6B0007F1E641C4546E0B24845E8DB726C22B15F
:10A6C000B06BF9B2BDE8F0471047BDE8F0871CB5A4
:10A6D000614CA06B58B10121A17500F04AF880B11E
:10A6E00001208DF80400A06B00F02CF803E000219D
:10A6F000A0758DF8041000F005F80122032100F088
:10A70000C8FB13BD01A800900123607E70471CB5F3
:10A71000514C03210122A1728DF8042008B10022BE
:10A720000AE0E07F0328B8BF401C03DBA06B00F009
:10A7300009F80020E0770122FFF7E4FF032100F091
:10A74000A8FB13BD10B5444B9C6B214601E00A46A3
:10A75000896961B18142FAD1A14207BFA0699863BA
:10A76000886990610846FEF772F8002010BD02204B
:10A7700010BD3EB50446032003F035F8A079DFF89C
:10A78000485802F0A8FFE07AAB78019004F10C0081
:10A7900021890091A27821880EF0ACFA04000ED134
:10A7A000A878010703D501214FF4004005E0DFF848
:10A7B0001C18087818B90121082010F060F820460C
:10A7C0003EBDDFF80C28DFF80C181060086004218B
:10A7D0008420FEF704B910B51F490446C87E00283E
:10A7E0001CBF4868002802D10020C8760868FFF71F
:10A7F000E8FFDFF8DC17086860B1DFF8DC170878DD
:10A80000012806BF002C01210021BDE81040642072
:10A8100002F0C7B9002C19BF002103200021052038
:10A82000BDE8104020E50C49487570473EB50A4D1B
:10A830000024697520B1687E00F01FF82C7401E0D7
:10A84000A877012401A800900123687E22460121F7
:10A8500000F01FFB37BD0000701B002004880020A3
:10A86000F3890020523100208488002036310020F6
:10A87000A6C20100D8820020707E4FF48051FDF7FF
:10A880007BBBE0B54FF6FC710F22ADF800108DF8E0
:10A89000082000230122B42168460AF021FB07BDED
:10A8A0002DE9F043DFF83087DFF83077DFF83067E5
:10A8B0000D4698F8001068078BB043F6982940F1D0
:10A8C000AA80327D42B1012A00F09680042A16D077
:10A8D000062A00F096809BE0F07A8206FBD44307BC
:10A8E00004D505223275002105200CE0820720D511
:10A8F000327B0420D307307507D5B07B30B1FFF72A
:10A90000C0FF01210420FFF7AFFC81E0012918BF3F
:10A9100002297DD10120F076002106F114000160AA
:10A92000032131750120FFF756FF0120FFF708FCD6
:10A930006EE000076CD5B07B06210028317557D03A
:10A9400011F0D4FC040053D000F028FA81072ED572
:10A95000207800F034FA18B304980188B52912DA87
:10A96000B42202804FF47A72707E4FF40051FDF7EA
:10A97000FFFA396839B1DFF86C060278FF2A0CBF9C
:10A98000FF202078884700F009FAC10758BF092046
:10A990000BD503218DF80510092200F015FA06E009
:10A9A00000F0FCF9C10702D40E2011F08DFE00F07A
:10A9B000F5F9C2072CD5DFF83036186818B9487891
:10A9C000810725D414E0207811F0B7FE10B10E20D5
:10A9D00011F07AFE0C2030764A46707E4021FDF759
:10A9E000C7FA03218DF805100A2200F0EDF90FE0F7
:10A9F0000E2011F069FE0BE001210120FFF716FF88
:10AA000006E00020B07230753222707E00F0CEF980
:10AA100085F00400B9E1280424D4EA0440F12B8134
:10AA2000012918BF02290DD1307D012800F01C81B9
:10AA3000032804BFB17D022904D10120B075002094
:10AA4000FFF765FE14E10A2909D1F07A2071F16B54
:10AA500029B1A01C884702E00020FFF7C4FD204672
:10AA6000FDF7A3FC707EFDF701FD040000F0F98006
:10AA7000DFF8780521780078D32958D1E18948F2A8
:10AA80000102891A4FD0491E02D0891E47D0E6E73D
:10AA90000028E4D0307D0128E1D10DF0D7FC00285A
:10AAA00004BF60880028DAD1122106A803F056F806
:10AAB000FFF7E2FE06A9204612F008FEBDF82400CA
:10AAC000400A142804DD02210120FFF7AFFEC6E78B
:10AAD000DFF81C05006801AA69460DF035FBDFF8B8
:10AAE00014150A889042074612D29DF8140010B13E
:10AAF000FD218DF8141001AB142239460420FDF716
:10AB000051FF0C22DFF8F0145743CA19012050728C
:10AB10000020F07301210120FFF7A6FB9FE72046EC
:10AB200011F037FD9BE7204611F007FC97E7327DD7
:10AB3000914288D198F80020012902D003295BD0E6
:10AB40008DE7012A18BF022A89D1617841B1317C91
:10AB5000727C491C3174C9B28A4201D20021DAE701
:10AB6000717D012941F288372BD002D3032901D00E
:10AB700016D374E702AA0021AB200CF07AFB02A9DD
:10AB8000042200918DF8042068460DF0E1FBFFF7E8
:10AB900073FE3A46707E4FF48051FDF7E9F95EE7A7
:10ABA000012000210422B0778DF800108DF80120DB
:10ABB00068460DF085FBFFF75FFEDFF84004026892
:10ABC000E8E70028A5D00DF041FC98B9B07C60B949
:10ABD000022100228DF80810ADF800200023022287
:10ABE0000021684609F0C4FDD1E7306C002800D090
:10ABF000804734E701208CE7012A18BF022AF8D1E8
:10AC0000A17821B30129F4D1607820B90221B1756E
:10AC100040F6B832BEE70FF0CCFC4FF6FE79DFF815
:10AC2000E073484504BF3888484507D0ADF8009028
:10AC3000A7F800906946532011F0C8F910F022FDE2
:10AC40000DF0FEFE00203874FFF741FD07E7607845
:10AC500000287FF401AFFFF7E1FC706C0028F5D10C
:10AC6000F2E785F4004090E0717D0020FFF7DEFD03
:10AC700085F4805089E0280648BF85F08000F9D42B
:10AC8000A80711D5012918BF02290AD16846002159
:10AC9000C0E900110EF091F818B1707E0221FDF7A5
:10ACA0000EFC85F0020070E0280548BF85F40060C6
:10ACB0006BD4680622D511F019FB040016D0307E43
:10ACC000401E3076C0B298B1707E4FF48041FDF7DF
:10ACD0007FF930B9F06A11F0FCFD10B9207811F05D
:10ACE0002CFD707E4A464021FDF742F9307E10B9B6
:10ACF0000B2011F0E9FC85F0400046E0A8043CD5AB
:10AD0000746A4FF0000900E024683CB3D4F8048072
:10AD100098F800000028F7D0F128F5DA00F04FF895
:10AD20000028F1D00499088820B1401E08804FF017
:10AD30000109E9E703228DF80520002101AAB1727B
:10AD40008DF80410009200F043F80020B0723968CA
:10AD50000029D9D098F800008847D5E7B9F1000F4D
:10AD600003D0707E00F025F804E0707E4FF40051AF
:10AD7000FDF702F985F4005007E0680404D511F0EE
:10AD800027FD85F4804000E000200BB0BDE8F08393
:10AD9000078A00202C310020347A0020B06A4168F4
:10ADA00048787047002020753222607E0421FDF72C
:10ADB000DFB84FF47A724FF40051FDF7D9B802AB07
:10ADC000002203210BF0E0B801A98DF804200091C6
:10ADD0000323707E00220A215BE0814A937B834239
:10ADE00001D1917E49B9010004BF0021D172907355
:10ADF0000E3201215520FDF7F2BD704710B5044613
:10AE0000206830B91820FDF721FD206008B100212D
:10AE1000416110BD38B50446226812B9FFF7EEFF54
:10AE200023E099B109680D881046437A4C7AA34211
:10AE300002BF43894C89A34204BF0388AB4203D0BD
:10AE400040690028F1D101E0002032BD02F1140474
:10AE500001E000F1140420680028FAD11820FDF761
:10AE6000F5FC206010B100214161206832BD70B551
:10AE70000446216861B1254606E000F11406FDF79D
:10AE8000E6FC00212960354628680028F5D12060BD
:10AE900070BD2DE9F84380460F4616465FEA030968
:10AEA0001CBF089D002D13D009F10200C0B2FDF7B0
:10AEB00068FA04000CD04A462946A01CFDF7BCFCE9
:10AEC0002770667021464046BDE8F443FDF77CBA22
:10AED000BDE8F1834249C8637047010012BF0121F8
:10AEE000002000213E4A91741064704701001CBF8D
:10AEF0003B49486470473A4928B10022CA7301218E
:10AF00000120FFF7B1B900228A74487D421E4A75BC
:10AF1000012101208AE400004B310020F8B54FF6F2
:10AF2000FF7506462F46102416F8010B082100F085
:10AF300018F88021BAB27F0002F40042084218BF1C
:10AF400082F400421AB187F4805787F0210749083C
:10AF5000F0D1641EE8D11021B8B200F002F86840C8
:10AF6000F2BD10B502460123491E002003FA01F18B
:10AF700006E00A421CBF9CB2204309045B00490C56
:10AF80008CB2002CF5D180B210BD10B5144C00204D
:10AF9000A07611F014FA607E0421FCF7EDFF607ECC
:10AFA0000421FDF7CAFA0020E072BDE81040FFF767
:10AFB0001FB8000057310020F989002056310020C9
:10AFC000F02C00203931002068860020C22C00209F
:10AFD0004C880020E82C00205231002004880020FA
:10AFE000701B0020CC1B0020248300203631002061
:10AFF00084880020A6C20100D8820020742D002081
:10B000004A7A0020DFF800F0E5EB0210DFF800F0EC
:10B01000C1DD02102DE9F04F9FB00121FBF7ADFF1C
:10B02000DFF84429DFF84419DFF84459049200207E
:10B030000190009000234FF47A72DFF8000C02F0C8
:10B040000FFC0499086008232422002116A8FFF7AA
:10B05000D9FF00208DF8700016AA002105F12C0000
:10B06000FFF7D4FF05F12C00A862FDF789F8A96A63
:10B0700005F11402FDF76EF9687305F1180200F08E
:10B08000C9FBDFF8041C087005F11C0200F0C2FBCC
:10B09000A8730020E873287411F0B5F8DFF8D4081D
:10B0A00090F8260004281ABF082800200420DFF8A2
:10B0B000C868DFF8C8887178DFF8C44801F0FB0180
:10B0C000084300F0F7007070B8F83670307800F080
:10B0D000FC00F9B240EA9110307012F063FD687C18
:10B0E00000281FBF00216974607EFF2804D0012260
:10B0F0000121012012F0F6FDDFF8449B002089F8C1
:10B1000000008DF8040001AB00F048FC78B901A8FC
:10B1100000900123002201211020FDF765FC30B9C9
:10B120009DF80410B8F82900014089F80010F807CC
:10B13000DFF8F01B02913AD400218DF805100DF1D3
:10B140000503012203211020FDF7E9FB78BB0DF177
:10B15000050000900123002203211020FDF744FC8C
:10B1600028BB9DF80500DFF8247B401C8DF8050006
:10B170009DF8050004280EDB002000F04FFB01F0D5
:10B1800027F8687B64222021FCF7F2FE388840F023
:10B1900002003880C3E100F041FB687B41F270722D
:10B1A0002021FCF7E5FE388840F001003880DFF808
:10B1B000501B087810B1012012F01AFD002013F086
:10B1C000E5F813F04DFA0020288128804FF6FF792A
:10B1D00013F0C0FB04228DF825200122DFF8481B64
:10B1E00007918DF824208DF820208DF826208DF8E9
:10B1F00018208DF828208DF82A2000210746059177
:10B2000003228DF829108DF82720ADF8229005A98A
:10B21000687B02F001FC13F05AFA8DF8050013F078
:10B2200076FADFF8081B087808B900F015FF687B8C
:10B2300034210AF023F8687B00210AF01FF80FF28E
:10B24000D052012101200AF0DBF8442105A802F0C8
:10B2500085FC01218DF852108DF853108DF82C10BB
:10B260008DF82D108DF82A108DF82B108DF82610E2
:10B270008DF827108DF829108DF828108DF82E10D4
:10B280008DF82F108DF824108DF8251005A9687BF6
:10B2900002F0AAFBDFF8981A00200870FF220821AC
:10B2A000DFF8900A02F026FCDFF88C1ADFF88C2A0F
:10B2B000DFF88C3A002008804FF0FF3010601860F3
:10B2C000DFF8800AA0F80090002013F02DFE607EC9
:10B2D000FF2834D0DFF8700ADFF8701ADFF870AAA0
:10B2E0000160012014F004FEDFF8680A90F8009075
:10B2F0004946504614F016FF4946504614F0D1F81E
:10B30000697BA86A002214F0FFF8B4F8090008B9B4
:10B31000B8F86B00DFF8401ADFF8402A0880D4F84C
:10B320000D001060B4F80B0018B998F89C0100F0FB
:10B330007F00DFF82C1A0880012013F0F5FD0FB113
:10B3400013F0B5FDB8F85800DFF8184A4FF47A7BCF
:10B350000BFB00F020602346042205211020FDF79E
:10B36000DEFA60B903A903900091042300220521AD
:10B370001020FDF739FB10B10398206002E023464E
:10B3800001F098F912F053FC122010F03CFF00215C
:10B39000DFF8D429C8B2105C002863D1491CCBB2B5
:10B3A000082BF7DBDFF8C449FBF762FA2046FDF70C
:10B3B0000AFCFDF7ECFB5946B1FBF0F1DFF8B009F0
:10B3C00041432046FDF7FBFBA87B401C8DF80000A5
:10B3D000684614F05EFF9DF80500012115F080FA23
:10B3E00015F06DFD08F5CE70DFF8642CC0781BFBFE
:10B3F00000FB0100C2F800B018BF01200299DFF87D
:10B40000742908700020107015F0F5FD00F01BFC89
:10B410000023DFF86429DFF864090921FDF7A1FCA6
:10B42000029930780A7800F0BF0040EA821030704C
:10B4300004206F7BFCF7A5FF04000AD00421FCF771
:10B4400027FD942020700121E17038462146FCF749
:10B45000BBFF012000F056FC0020FBF749F900F08B
:10B4600067FE5CE0A96A05F1200200F0D4F9E873F8
:10B4700005F1240200F0CEF9287493E715F01FFEC1
:10B48000686990B1FDF7E4F96C6900216961FDF725
:10B49000EAF9687B214600F073FC0446FDF7D8F911
:10B4A00069690C436C61FDF7DEF9A96949B10020B7
:10B4B000A861DFF8D4271078FBF71FFFA9690843BC
:10B4C000A861E96939B10020E861A87B00F0CAFDF4
:10B4D000E9690843E861296A39B100202862E87BFC
:10B4E00000F0EEFD296A08432862696A39B100203C
:10B4F0006862287C00F0E4FD696A0843686230787D
:10B5000081060CD56869E969AA690843296A10436C
:10B51000084307BF686A0028A86AFCF735FEA86AD6
:10B52000DFF8309B4FF0FF31FBF7A0F800280AD17D
:10B53000F5E7012000F0E6FB204602F083FA10B99F
:10B540002046FCF732FF687BDFF858ACFCF78EFF33
:10B55000040000F03F812078D62806D115F0E0FDE8
:10B56000E078002115F0BCF9EAE7D328DFF8447B46
:10B570002BD1E08934280FD115F0D2FDDFF8381B2C
:10B5800000200880A9F800003870707800F0E3000F
:10B59000707015F000FED3E70028D1D1A07C0828F8
:10B5A000CEDB287B062818BF0728C9D1A169DFF8A0
:10B5B0000C0B11F0E2F90028C2D0686940F40030A9
:10B5C0006861A86AFCF7E0FDBAE79AF8000008B1E4
:10B5D00015F075FD2278687B7178623A032A43F68C
:10B5E000982A0ED9121F12D02C3A00F08980921E90
:10B5F00025D0313A00F0CF80521F7AD0521E75D03C
:10B600009AE7880698D5504616F0EBF894E7A07AAA
:10B61000801DFCF7B6FE07008ED0A0793870218916
:10B620007980A07A3871A27AE168781DFDF704F973
:10B63000384614F0BFFB3846FCF7B7FE7CE7E078ED
:10B640002873012810D101F0F30171703078C10620
:10B650000AD440F01000307000F020FB20B1DFF879
:10B66000FC1A012013F017F895F90C10B9F8002016
:10B67000012000FA01F10A4206D11143A9F8001095
:10B680000020012115F02DFD15F085FD287B0128F6
:10B690000DD0062810D0029A3178137801F0BF013E
:10B6A00041EA83113170092818BF072804D0687B4C
:10B6B0004021FBF7D1F83FE7707841070FD440F005
:10B6C00004007070504616F04DFA00203870504655
:10B6D000717841F02001717016F083F803E041F2B7
:10B6E000883016F03FFA12F0A2FA25E702F0A1F92D
:10B6F00022E700218DF80010694602F096F91BE759
:10B70000608AADF81600A08AADF81800A07B8DF80D
:10B710002300208AADF8240020798DF82200022829
:10B720001CBF01280F2808D0032809D10822A11D19
:10B730000DF11A00FDF780F802E0E088ADF81A007C
:10B74000E08AADF82600207E8DF82800607E8DF816
:10B750002900E07E8DF82A00207F8DF82B00607F85
:10B760008DF82C00A07E8DF82D00206A0C9004F13D
:10B77000240001788DF834104188ADF8401001792B
:10B780008DF84210C188ADF8381080680F9005A878
:10B790000AF067FAD0E6207988B1012815D005288B
:10B7A000F8D1E1780D29F5D0049800684FF47A714A
:10B7B00002F089F8DFF8840402F07AF8BCE6012090
:10B7C00000F0A0FA00F0B4FCB6E6E07800287FF4C0
:10B7D000B0AEF7E714F008FA9AF8000000280ED08F
:10B7E000DFF8182BDFF848351078197841B10028B8
:10B7F00005D10120107015F062FC15F057FC3FE6F2
:10B80000002803D00020107015F03CFC36E6000044
:10B8100000000004A96A0020FCF79CBD80B58DF8EB
:10B8200000006B46012203211020FDF7BBF801BD8B
:10B8300054A270B5D2E900568AB004A90024C1E927
:10B840000056ADF802408DF800406B4600F0A6F8B7
:10B85000002800F086806B46012201211020FDF7B0
:10B86000A1F80DF1020202218320FDF77FF890B9C3
:10B870000DF10203022200218320FDF7F3F8DFF827
:10B88000102BBDF802101088884204D002218320BA
:10B89000FDF7A5F8012402AA08212D20FDF766F87E
:10B8A00088B902AB082200212D20FDF7DBF8082221
:10B8B00002A904A816F054FB28B104AA08212D20DF
:10B8C000FDF78DF8641CDFF8245BDFF85C14296059
:10B8D0000020019001AA04218420FDF747F880B9D7
:10B8E00001AB042200218420FDF7BCF828680199EF
:10B8F000884206D0019001AA04218420FDF76FF848
:10B90000641C200029D006A820A11C4E1022FCF7A0
:10B91000D3FA96F85A0006AD102808BF06F15B0569
:10B920006220FDF73CF801462A466220FDF757F8F1
:10B930000020ADF802006320FDF731F801460DF15B
:10B9400002026320FDF74BF896F89D0100F03F00DE
:10B95000062804BFFA2002F0F5FC054901204874CE
:10B9600020460AB070BD000018880020EFBC00001F
:10B9700070280020347A0020028800203023000044
:10B9800054280000FFFFFFFFFFFFFFFF0103050733
:10B99000090B0D0F00020406080A0C0D01220121FB
:10B9A0001020FCF7BCBF70472DE9FE4F0020DFF8E8
:10B9B000401ADFF8402ADFF8409A46F2020349F8BD
:10B9C000203041F82020401CDFF8303A1C78C0B20B
:10B9D0008442F2DADFF828AA00218DF800106846C8
:10B9E00012F03BFF002800F00981DFF8100A01780F
:10B9F00001910024A0460026DFF8080ADFF868134A
:10BA0000855D8F5D0AEB06020AEB0603507A03F1AF
:10BA10003801002814BF0B78002303F0030CDDF875
:10BA200004E09B0500F03F02964514DB002818BF98
:10BA3000A84210D01B0E0ED1BCF1020F08BF4FF46C
:10BA4000005006D0BCF1010F0CBF4FF480404FF402
:10BA5000C04049F822000AEB0600407E002814BFCF
:10BA60000A7C002202F00301DDF804C0920500F018
:10BA70003F039C4512DB002818BFA8420ED0120ECF
:10BA80000CD1022908BF4FF0202005D001290CBF9E
:10BA9000DFF87409DFF8740949F82300002D51D04C
:10BAA000019805F03F0B58454CDB012F18BF022FC2
:10BAB00003D00E2F18BF0F2F02D1DFF850093FE03F
:10BAC0003946F0B216F0F4FAA0B93946F0B216F0E1
:10BAD000C1FA78B90A2F03D0062F0DD00D2F18D137
:10BAE0004FF48060DFF82819895D022907D14FF4EF
:10BAF00000510AE0062FF3D14FF40060F2E701296C
:10BB00000CBF4FF480414FF4C041084340F40000A3
:10BB100016E0384616F08EFA20B1002C0CBF2C46E9
:10BB2000A8460FE0DFF8E808805D022808BFDFF8CC
:10BB30003C0B05D001280CBFDFF8340BDFF8340BC9
:10BB400049F82B00761C082EFFF656AF9DF8000032
:10BB5000002818BF002C16D004F03F04B8F1000FE5
:10BB60000CBF04F1010808F03F08DFF80C0B406837
:10BB70000462C0F824804FF02021DFF8000B49F860
:10BB8000280049F82410DFF8F83A597EFF2935D00B
:10BB9000987DDFF8F02ADFF8F04ADFF8F05A00F07D
:10BBA0003F00107001F03F01DA7D02F03F02227089
:10BBB0001B7EDFF8DC4A03F03F0323702970DFF8B7
:10BBC000D44ADFF8DC5B2184E561247EDFF8D45BB6
:10BBD00005EB8414FF2504F8380F6270A370E5703C
:10BBE000DFF8C44B49F82240DFF8C02B49F8202089
:10BBF00049F82320DFF8B80B49F821000AF29D111B
:10BC00000878002812BF00F03F00DFF8A80B00788A
:10BC1000DFF8A42B49F820204878002812BF00F054
:10BC20003F00DFF8FC0B007849F82020DFF8F40B28
:10BC3000017849F82120BDE8F78F0000F08100204D
:10BC4000E1890020704730B599B06846642101F061
:10BC500085FF3449087801248DF8084090B100210F
:10BC60004FF400500EF00BFEDFF8E443DFF8B85B52
:10BC700021680391012200F00BF821680391022250
:10BC800000F006F819B030BD60830020B4890020B0
:10BC9000ADF810206946687B01F09ABE7CB50020A3
:10BCA000072100220023DFF8845BEE5C0DF80360BF
:10BCB0005B1C082BF9DBDFF8785B0023EE5C921944
:10BCC000401C0FE000206EBDC6B2032EF6D1E85C2A
:10BCD000D2B24240C8B21DF80060B242F2D1002296
:10BCE0000020491E5B1C202BEED301206EBDDFF827
:10BCF000380B416941F400314161806AFCF744BA74
:10BD00000088002080B5002819BF02218DF800109E
:10BD100000228DF80020DFF8100B407B694601F00F
:10BD200077FE01BD1D87002000F8FF071685002063
:10BD3000E389002004290020B68900200C29002076
:10BD4000102900201E3100205829002000840C24D6
:10BD5000A4290000BFC40200BA8900200C8800207A
:10BD6000B8890020108800207C870020487E0020B1
:10BD700080EE3600F98900204B6700003C850020EA
:10BD80002DE9F843DFF8AC7ADFF8AC8A3878DFF8D1
:10BD9000985AC0090E4611D0687B2021FCF78FFB12
:10BDA000B8F8001041F00401A8F80010002138781C
:10BDB00000F07F003870002015F093F9700009D56D
:10BDC00012F0A5FCDFF8001C087808B900F044F96F
:10BDD00086F08046B00305D5687B694601F02DFEEC
:10BDE00086F40036B00703D511F021FF86F0020675
:10BDF000700513D5297B06290ED1DFF8D00B00780A
:10BE00000121FCF75CFBFAF735FC0021142015F04A
:10BE100068F9A9490120088086F48066304615F04B
:10BE2000D5F908B186F40066F0070ED5DFF8A00B4F
:10BE3000018840F2E9339942ACBFA1F57A71002143
:10BE4000018086F0010615F0D5FC7006DFF8844B02
:10BE500025D5797801F0EF01797011F0DEFEDFF879
:10BE6000A0057978C28EC908520A01F0010102F0DA
:10BE700001020A4081F00101C901FF2015F0CAFE4C
:10BE8000DFF8540B0068002804BF2178002904D093
:10BE900008B94FF47A7015F065FE86F0400630065A
:10BEA00006D500220021FE2015F0B4FE86F08006A3
:10BEB000B00449D515F034F9787843F6982981060D
:10BEC0004CBF4A466422687B4FF40061FCF750F88F
:10BED000012011F08DFE287B002812BF01280120CF
:10BEE000FFF710FF287B02281CBF0028012802D082
:10BEF0007878810602D5484615F073FC287B062821
:10BF000018BF072801D0207838B1787881064CBF57
:10BF100041F288300A2015F025FE0024DFF8BC7AB3
:10BF20000CE0E1B22C22DFF8B80A51434218136A40
:10BF30001BB10022E1B2FF209847641C3978E0B2BF
:10BF40008842EED386F40056F00407D514F0E1FCE5
:10BF50000021012014F024FC86F48056700726D5B9
:10BF600012F0B5FBDFF87C1ADFF87C7A0A78104211
:10BF700015D001214FF4FA7015F0B3F83878401C51
:10BF8000C1B2642904D10020387000F021F90CE01E
:10BF900038706422687B0421FBF7EAFF05E03878FB
:10BFA00018B10021397012F0B2FB86F00406300798
:10BFB00007D50121012014F0F3FB12F0A8FB86F055
:10BFC0000806F0050CD5002016F09EF830B9687B05
:10BFD0004FF496724FF48071FBF7CAFF86F48076B7
:10BFE000B00505D5DFF8042A0121117086F400762A
:10BFF000B00003D516F0F5F986F00056F1060CD521
:10C00000684A107808B115F05AF8687B4FF47A72D4
:10C010001021FBF7ADFF86F01006B00614D5B8F876
:10C0200000500021A8F80010E80744BF0020FFF7E7
:10C03000F5FBA80748BF00F0CBF8E80648BF00F0C2
:10C040008FF886F0200000E03046BDE8F283000063
:10C050001488002022870020687B64224FF08041F2
:10C06000FBF786BF70B50C464E490546087808B107
:10C0700015F025F8200402D584F4004070BDDFF8E7
:10C08000A807817B8D4213D100250126AE40F6B270
:10C09000344209D000220021E8B212F0D7F9012180
:10C0A000E8B215F03AFF74406D1CE8B20828ECDBEA
:10C0B000204670BDE689002020870020BC87002034
:10C0C0002DE9F04281460C46200448BF84F400402C
:10C0D0002CD4DFF85457E87B002818BF5FEA090129
:10C0E00023D081451CBF297C89451ED10026DFF85D
:10C0F000EC7816E00120B040E1B2014210D0F3B27A
:10C100002C20DFF8DC284343D018036A43B1E97BD5
:10C11000894514BF00200120C4F30722F1B29847DB
:10C12000761C3978F0B28842E4D30020BDE8F08272
:10C13000B348DFF8BC18B0F86B00C87048F2222290
:10C14000000A0871DFF8AC08036862F30F030360AC
:10C15000887800F0F30088700EF0B8BE050E02007B
:10C1600038B502F079F8DFF89028DFF89038002130
:10C170001160187860B101250624E8B211F020FDA5
:10C180004FF4967016F0CEF9641E85F00105F4D1D7
:10C19000DFF86C08016802F05FF8DFF8681801202A
:10C1A0000860FEE7EB890020E0B500F00DF800F034
:10C1B00046F810B1002001F095F8FCF7E8FC00F01B
:10C1C00047F8FFF7CDFF07BD0221FF200CF054BB5D
:10C1D0003EB50122012100F02FF80122032100F0D9
:10C1E0002BF80422052100F027F80D22062100F08B
:10C1F00023F80024E0B2FAF7D9F80546A9B21020D6
:10C20000FCF7B9FB0246A9B200F016F8641CE0B2D4
:10C210000828EFDB0321FFF7D8FFFFF7D5FF00F079
:10C220000EF810B1002001F05DF8FCF7B0FC00F052
:10C230000FF8FFF795FF37BD1020FCF71CBC6846D0
:10C240000021C0E9001101218DF805100CF0B5BDE9
:10C250004FF47A72B2FBF0F04FF4FA614843FCF706
:10C2600031BC38B505460C4609F0AEF81CB1C188A2
:10C27000DFF8B4251180047D0CB1092C01DB00200E
:10C2800032BD204612F080FA10B1601E28700120E5
:10C2900032BD80884FF47A7110FB01F080B215F046
:10C2A000A0BA70470146DFF88005008815F0B4B8E1
:10C2B000808815F0CEB81CB5044601216846FFF70A
:10C2C000D0FFB0B19DF80010DFF83C07014491F8B1
:10C2D00038109DF80000890815F0EAFE48B19DF875
:10C2E00000000021F9F7DEFE207094F9000000281C
:10C2F00001D5FF2016BD9DF8000016BDEC89002079
:10C300003EB500F011F8FF280DD000F010F862885B
:10C3100021789DF90440DFF8C8062C2514FB05F5AB
:10C32000284416F0F2F937BD044601A8C3E7237983
:10C3300003B101230120009070477CB50546FFF74B
:10C34000F4FFFF28044621D0287800280CBFFE21E6
:10C350000121AB78FFF7ECFF2C269DF90400DFF8F4
:10C36000805610FB06F60022A81916F0CEF9DFF869
:10C37000B804008800281EBFDFF89016CA8A8242DF
:10C3800004D000220021204615F044FC73BD0000BB
:10C390002C3100203EB5FFF7C7FFFF2824D09DF8C1
:10C3A000040016F0E3FA01466278207840B950188C
:10C3B000FF2803DBFF2917D0FE2107E0511805E015
:10C3C0008A4202DB81B1012100E0891AFFF7AFFF49
:10C3D0002C2562889DF90400DFF8044610FB05F562
:10C3E000C9B2601916F091F937BD00004C880020E1
:10C3F000D4710020A7B90000200100201F480300CD
:10C4000030230000848700200040002000600020CE
:10C410008C87002080B508468168009183798188E7
:10C42000008815F046F802BD2DE9F04F044687B0AC
:10C43000E07ADFF8A4650025012813D0042811D084
:10C44000062818D0082800F092800A2800F0EB8017
:10C450000B2818BF0D280DD012281CBF1428162831
:10C4600008D0FBE060690378002100E0491CCAB2F3
:10C470009A42FBD3F1E067693878800000F1010946
:10C480004846FCF7E3F95FEA0008EAD04946FBF7C3
:10C49000FFFC3878DFF87815DFF8782588F8000099
:10C4A0000291A946DFF880130092019115E0BBF8D4
:10C4B000040008B90298408C306028B14FF47A71BA
:10C4C0004843306015F04EFB334600F0F3F88AF82D
:10C4D000005009F101005FFA80F9387881453CDAB3
:10C4E0000E22791C12FB09F201EB020B08F101008C
:10C4F00000EB890ABBF80110AAF802108C219BF806
:10C5000000008AF801008AF800100298027891066B
:10C51000DFD4BBF80100002818BF5528D9D10198F5
:10C52000407B4021FAF798F90198407B8021FAF787
:10C5300093F90098017801F003010170009948789F
:10C5400000F081004870BBF806000028B2D04FF61A
:10C55000FF718842ABD10020AEE720680121039132
:10C56000434600F099F809F04BF9404658E0D4F8FA
:10C57000148098F80090C9EB091909F1010948469F
:10C58000FCF764F9070069D04946FBF781FC98F88D
:10C59000000038704FF47A7231684646B1FBF2FA07
:10C5A0004FF6FF79A8462FE0701C08EB48010844BD
:10C5B0007A1CC8EB081302EB030BB0F80110ABF8C0
:10C5C00002108BF8015086218BF80010ABF8059013
:10C5D000ABF807906B46D4F800C0B0F80120BCF867
:10C5E00004109CF8140009F0CFFC48B18BF80050FF
:10C5F0009DF806108BF80410ABF805A0ABF807A067
:10C6000008F101005FFA80F830788045CCDB2068C3
:10C61000012103913B4600F03FF809F046F9384606
:10C62000FCF715F91AE0636904A80021002200262E
:10C6300080E846008DF818100126DFF8DC03017849
:10C640004A1C02702068039602910196009504A985
:10C650008288007D09F0C8F900E00125606908B111
:10C66000FCF7F5F8284607B0BDE8F08F002400205D
:10C6700000440020006400202830000000448000B6
:10C6800054280000343100203531002032310020A0
:10C6900033310020282B0020A27A01910292616898
:10C6A000C90801F0010181F001010091811D82881A
:10C6B000007D7047042205211020FCF773B92DE995
:10C6C000F84F90B0002590464C1CAB46DFF84893DD
:10C6D0000FF25C3A0C908DF8211057E000228DF893
:10C6E0002C20708816F0AAFD32E05FFA8BF20E2043
:10C6F000CA4942438E18E7B23378BB4244D10C9A00
:10C700000621ADF822100DA9506800788DF82000A0
:10C71000009108AB9DF821000DF12202414615F071
:10C72000A7F80746FF2F2FD0BDF82210304616F08D
:10C730006AFC48B39AE80C1009A981E80C107078DB
:10C740000028CBD001218DF82C107188ADF8241071
:10C75000012230798DF82D000DAB99F8000004907E
:10C76000411C0792069300200292009289F8001063
:10C77000039001909DF82030BDF82220059709A96B
:10C78000E0B208F0B4FE6D1C0BF1010BA4490A786D
:10C790005FFA8BF09042A8D3E8B211B0BDE8F08FF9
:10C7A00000350C005C2B00200260002000020020FD
:10C7B00001020020D280030000030020F0B50346F0
:10C7C00087B0084604A900240025002681E87000EF
:10C7D000ADF81040012593490C888F49ADF81A40F7
:10C7E0008DF8195002270C788DF81870651C0D70A3
:10C7F0000126401C039602940196009604A9C0B23B
:10C8000009F0F2F8040008D00A484178CA0604D4B6
:10C8100041F01001417011F0F8F9204607B0F0BD69
:10C82000D38003008087030070280020F01200509E
:10C83000D024000002880020B48900202DE9F047B0
:10C840008AB006468946149D90469A46232101A83F
:10C8500001F084F901200027002D1CBF2C78002C4A
:10C860000AD0232C08DA2246691C0DF10500FBF7DB
:10C87000E3FF601CC0B22746169C210013D0E119CB
:10C88000491C23290FDC3FB1232805DA01AA2C21FA
:10C890001154401CC0B27F1C159901AB22461844AC
:10C8A000FBF7CAFFE71912988DF80470A6F801A0EB
:10C8B000F0700121139A72609DF8040090B100217C
:10C8C0008DF800106F2030811821B1726846C6F8CB
:10C8D0000B001C22A6F80F204220707401AA03212D
:10C8E000C6F812203170424649463046FFF766FFCF
:10C8F00004000CD1179850B1B8F1060F18BFB8F169
:10C90000120F04D1424649463046FFF7D8FE204672
:10C910000AB0BDE8F08770B50546434802780123A8
:10C92000AB4088B00E461A421FBF374A5219507AA0
:10C93000002801D0012E44D03C48405D010740D47E
:10C940000820FBF783FF04003BD00821FBF7A0FA87
:10C9500011F063F90120207055212122A4F8011063
:10C96000E270ADF8106004A9616002208DF81C002F
:10C970000021ADF8141001222A4801882648ADF89C
:10C980001E108DF81D202346017802914A1C02706A
:10C9900001200390002101910091681C122205A939
:10C9A000C0B209F021F810B111F02FF906E0012E04
:10C9B00004DC062229462046FFF781FE2046FBF7CD
:10C9C00046FF08B070BD000016850020078A0020D1
:10C9D000BE8900202E31002010880020E28900202E
:10C9E000346F002032850020318500201C29002072
:10C9F0006886002038880020340009400088002024
:10CA00002C2009407C05204330230000347A00208C
:10CA100066230000BC890020E4890020C47F002038
:10CA2000F21B03002C3100201886002028850020EE
:10CA300000000000000000000000000010B5DFF85A
:10CA4000BC49A07302204FF6FE71207221800DF0C8
:10CA5000A7FD0FF0A5FF04F1480016F020FD00F03F
:10CA600091F900F09DFEBDE8104016E238B517F0D0
:10CA7000DAF9DFF88859E86B30B1E86B0468FBF746
:10CA8000E6FE002CEC63F8D131BD70B50D462904EB
:10CA9000DFF8686916D4EA071CD5012000F0A3FE70
:10CAA000DFF84C090078B17C0F230F2200F007005B
:10CAB0000FF087FF85F0010070BD00F081F920467E
:10CAC000FBF773FCB07BFBF7D1FC0400F5D185F4D8
:10CAD000004070BDE90612D5307C0FF0ECFFDFF8A6
:10CAE00014090178012907D1DFF80C0900786422C4
:10CAF0004FF40061FBF73CFA85F0100070BD290788
:10CB000002D585F0080070BDE90511D5DFF8F00801
:10CB100090F82600082818BF042806D10F200EF030
:10CB200022F8022100200BF0A7FE85F4807070BD72
:10CB300069070AD50321FF200BF09EFE01F08CFB54
:10CB4000DFF8C01801200860FEE72946BDE8704004
:10CB500010B50C4620060DD500F082FA00F0D2F890
:10CB60000120FEF73AF901210320FDF77DFB84F057
:10CB7000800010BDA00504D500F0A2FA84F4007076
:10CB800010BD200504D517F05DFE84F4006010BDD3
:10CB9000600504D517F07CFE84F4806010BD002091
:10CBA00010BD2DE9FE4F8046894617F00FFFDFF8D4
:10CBB0004078DFF84C48B978DFF84058A173002678
:10CBC000287C38B90BF021FEA07B01070BD58DF82E
:10CBD000006004E0080706D501218DF800106946C1
:10CBE00052200FF0F3F914F006FA00F05CF88246D8
:10CBF00040B900F09EF8824694F918000121814066
:10CC0000A96305E00DF0FBFE0DF024FF17F086FE92
:10CC1000BAF1010F4FF6FF7B33D100F050F8FBF76C
:10CC200070FE00F07F06DFF8E0070168A963FF20CF
:10CC300002210BF021FE4FF6FE70E0826083A4F823
:10CC400024B000200DF0A8FFDFF8C40801784644A6
:10CC5000643601290CD1B9F1010F03D1002017F07E
:10CC600043FE05E068460021C0E9001117F03CFED4
:10CC7000224674212120FBF7B2FE022100200BF096
:10CC8000FBFD5046FFF7F2FED84506D00120287480
:10CC900000F0EFFAB0B200F007FDB8780EF016F928
:10CCA0005046BDE8FE8F10B50BF0D7FD002480077D
:10CCB00003D50020FEF791F80124204610BD10B5E1
:10CCC000DFF82C17DFF848080A780078DFF82C47DF
:10CCD00002F0F80210B902200A7011E0012808BF22
:10CCE00042F0010203D0022802D142F002020A708F
:10CCF000DFF8A8080EF0B6FF10B10421032061741C
:10CD0000A07410BD80B5DFF8F406017C05290CD1B4
:10CD100000F0A2FA062000F066FD00F038FD00F0F9
:10CD2000CFF9BDE8014000F0EEBCBDE8014000F0E5
:10CD30002EBD38B50DF063FE10BB0DF0A5FEDFF87B
:10CD40006048D8B1DFF8B4560DF033FC288028B91C
:10CD5000DFF89C06017801F0F80101700320A87447
:10CD60000021DFF89C0680F8261000F1390105F15A
:10CD700040000FF011FE0020208032BD00212180F4
:10CD8000012032BD00B585B01121684600F0E6FEF5
:10CD90006A4611218120FBF7E9FD78B96B46112223
:10CDA00000218120FBF75EFE40B99DF8000028B10C
:10CDB000DFF83C06017841F01001017005B000BDBC
:10CDC00080B5DFF84C1703780978DFF83026012B9F
:10CDD0000FD0022B23D01A2B04D0D32B06D0FD2B3F
:10CDE00033D02FE0BDE8024008F0A0BABDE8024011
:10CDF0002CE0107C022828D1012918BF022924D157
:10CE0000FDF77CFB18B1FDF77FFBF0B166E20CF09B
:10CE10002BFF00B10120BDE80240FDF7E4BB012972
:10CE200018BF022911D1DFF868070078072818BF5A
:10CE3000082804D1D17B11B90121FDF715FABDE80D
:10CE400001405CE0BDE802403EE001BD10B5044693
:10CE500086B0E0892138012813D947F6DF71401ADE
:10CE6000012818D8204610F0FAFB040013D02078CF
:10CE700018B96088211D10F095F82046FBF7E7FCF3
:10CE800009E0207B38B96946204610F0C7FB6946A7
:10CE900020460FF0EBFF06B010BD10B5DFF85C4583
:10CEA000A07B48F2010108F0E9F9A07B4FF40041B2
:10CEB00008F0E4F9A07B212108F0E0F9A07BBDE8AF
:10CEC0001040222108F0DAB9DFF844160278097818
:10CED000042A04D0062A08D0082A0AD0704701295B
:10CEE00018BF02290AD116F0C5BF012906D117F0D3
:10CEF0009CB8012914BF022917F0ABB8704738B5A8
:10CF0000DFF8F854297CE87B032908D00A29DFF8E8
:10CF1000E04431D1217801F00701012934D130BB3F
:10CF2000A87B1021FBF7CBFA012000F06AF940B989
:10CF3000012108200DF0A3FC052000F054FC012085
:10CF400016E0287C03280DD100F0DDFBDFF8400659
:10CF50000178022906D10120FDF73FFF01210220BF
:10CF6000FDF782F9BDE83240062000F03CBC00200D
:10CF7000BDE83240FDF7CBBB042918BF0D2903D013
:10CF80000E2918BF0C2961D130BBDFF81028E874D6
:10CF900000211170012000F034F900281EBF287C08
:10CFA0000D280E280BD1012108200DF068FC05206A
:10CFB00000F019FCBDE8324042F210703BE106205F
:10CFC00000F011FCA078010704D501214FF40040C6
:10CFD0000DF055FC00F0DEBAA87CDFF8001801283F
:10CFE0002DD1E87C401CC2B2042A22DA09884FF60F
:10CFF000FF72914217D10021A974E8740EF042FB30
:10D000000BF01EFDA078010704D5DFF8C4050278F7
:10D01000012A24D1A87C032821D1BDE83440012174
:10D0200008200DF02CBC0122042303216A736B74C9
:10D03000E2E7DFF8E4170A78012ADED1DBE703280C
:10D04000DCD10120687300228A70D7E739B100F083
:10D050005AFBA87BBDE834401021FBF730BA31BD44
:10D06000F8B584B00024DFF8985301AF00E0641CE9
:10D07000DFF8A8170A78E0B290421FD2E6B2009714
:10D080000C23002231460720FBF7AEFC00F052F8DB
:10D09000A0B90822002102A8FBF724FC0028E6D052
:10D0A000082205F1390102A8FBF7C6FB0020019018
:10D0B00001AB0C2231460720FBF774FC05B0F0BD34
:10D0C00038B58AB004A817F09AFD04AA1821822066
:10D0D000FBF785FC0024DFF8285300E0641CDFF830
:10D0E0003C0701788C4219DA01AA00920C23002235
:10D0F000A1B20720FBF778FC00F01CF80028EDD067
:10D100000998019001AB0C22A1B20720FBF74AFC61
:10D11000DFF88C14002008800BB030BDFF220821FE
:10D1200002A817F0C9FF09980190611E01AB0C22FB
:10D1300089B2EAE7082202A905F13900FBF76EBBC4
:10D1400010B5DFF8B0422346012200213220FBF760
:10D1500089FCDFF8CC36012200213320FBF782FC6A
:10D16000DFF8940221780078012906D1BDE810404B
:10D1700064224FF40061FAF7FBBEBDE810404FF4A3
:10D180000061FAF7F9BEF8B584B001A800210022C9
:10D19000002380E80E00DFF88416DFF864620D7863
:10D1A000002401AF0EE000970C230022E1B207201B
:10D1B000FBF71AFC082202A906F13900FBF72EFB47
:10D1C00030B9641CE0B2A842EDD30198B8B16C1E2E
:10D1D000DFF85016087890B9012201980A7000F221
:10D1E000E240DFF844160190086001AB0C22E1B286
:10D1F0000720FBF7D7FBDFF8A8130020088005B055
:10D20000F0BD38B58AB0FFF7BEFF04AB182200218D
:10D210008220FBF727FC002450B9684600F0F6F89E
:10D22000102269460DF11100FBF7F8FA00B901244C
:10D2300020460BB030BD38B5DFF8C0510446A87B9E
:10D240000421FAF7C5FE30B9A87B2246BDE8384074
:10D250000421FAF78DBE31BD10B5DFF8A041A07BE7
:10D260000421FAF789FEA07BBDE810400421FBF7FA
:10D2700064B910B5DFF8B4450022227001212246BE
:10D280008520FBF773FB38B92346BDE81040012227
:10D2900000218520FBF7E6BB10BD0121012808BF56
:10D2A0000321DFF888251170FFE701218520FBF7B6
:10D2B00096BB80B54FF6FF7018F014FBBDE8044034
:10D2C00001214FF400500DF0DABA80B5002018F0BB
:10D2D00009FB00214FF400500DF0D1FABDE80140E8
:10D2E000FCF763BF38B50446FFF7D7FF41F2883536
:10D2F000284618F0F7FA01214FF400500DF0BFFA5C
:10D30000012C16D13D48DFF8284502210174032283
:10D3100001214173827404F1390140300FF03CFB6C
:10D32000022084F826000BF08BFBBDE83140FDF7AE
:10D330002CBE2846BDE832407DE77FB504460D4649
:10D34000284616F012FD284616F096FBDFF8E46436
:10D35000306850B103218DF808100822294668462C
:10D36000FBF76AFA3168684688470021204618F0C2
:10D37000CFFFDFF8BC04818C20460EF027FA00F0C6
:10D3800077F97FBD2DE9F041804616460F461D46D0
:10D390003046FAF7F6FF04000ED0002E18BF002D1D
:10D3A00003D032462946FBF747FA2770214640460C
:10D3B000BDE8F041FBF708B8BDE8F08111B5DFF832
:10D3C0007C44207B81B020B1002121730FF038FF15
:10D3D0000CE0E16911B101A8884707E08DF8010070
:10D3E0006B46A07B02220121FFF7CCFF002016BD77
:10D3F00068860020F4890020078A0020B02C0020D5
:10D40000347A00207C0520434C8800200021002233
:10D410000023002580E82E007047F8B50546DFF8A8
:10D420001C04016A19B12846BDE8F4400847DFF83A
:10D4300014643468274609E020886988884202BF5E
:10D44000A0782979884215D02746A469002CF3D109
:10D450001C20FBF7FBF9040059D01C2100F07EFBD7
:10D460004FF6FE702081FF21E172306800280CBF6A
:10D470003460BC61687AA071297A61712879A070E2
:10D4800069882180287B2075297A012906D005F139
:10D490000D0104F10C000FF07FFA05E0FF220821D6
:10D4A00004F10C0017F008FEDFF89C03AA7A01785B
:10D4B00091422CD26879012802D0FDF71FF830B3D1
:10D4C000A87AA27A0021824203D2E87A102806DBE9
:10D4D00006E0904204D1E87AE27A904200D201213B
:10D4E000E87928B9DFF848032A88438B9A420AD1A1
:10D4F00029B128882081A97AA172E87AE072E879B6
:10D5000008B101212171A87908B10121E170F1BDB3
:10D5100052310020FEB5DFF82453DFF814630F000A
:10D52000EF7322D10EF0AEF80EF004F9040017D01C
:10D530001C2100F013FB708B208006F11C01A01C45
:10D540000FF02AFAB08C6081AA21DFF80003A174E1
:10D550000078401C00EBD0704010207401206074F3
:10D56000287C10B9032000F03EF9696A49B1F08ABD
:10D57000ADF802008DF80070708BADF804006846BD
:10D580008847A87B002302220221FFF7FBFEF7BD9C
:10D59000841B0020BDE83140B5E00000C4870020B6
:10D5A000DA89002010B504460CF0FAFF0146A01CF1
:10D5B0000FF0E3F9012809D1A048816A11B1204692
:10D5C000884718B9E07ABDE810408BE610BD00002E
:10D5D0004A3100201CB50446A07A012814D100214C
:10D5E0008DF80210207B30B9ADF80010FCF7BBFDC0
:10D5F00068460BF009FC207BFFF774FE0DF1020179
:10D6000052200EF0E3FC18E00CF0D7FF0146208812
:10D61000E27A88420DD1012A07D087490B7803F0BE
:10D620000703022B05D101202073207BFFF75AFE50
:10D6300003E0237BA11CFFF780FE8048C16A09B18B
:10D640002046884713BD012800D0704780B57B492C
:10D65000C87C48B90EF016F8FCF750FF18B9BDE8C1
:10D660000240FDF754B839E601BD70470CF0A1BF88
:10D6700080B500F02AF808B9FFF757BB01BDC28991
:10D68000130400D57047E0B5017B61B9132A0AD0B5
:10D69000017C019142F400420092811C407C0023F5
:10D6A000842207F048FB07BD02006448807B1CBF52
:10D6B0000121FAF75DBC0121FAF701BF80B500F046
:10D6C00004F808B9FFF731BB01BD5C4A907B4FF409
:10D6D0008071FAF77DBC58498A78930700D4704767
:10D6E00010B5574A1478A0420CD0087800F0F80022
:10D6F0000C2240F002008A7008700C20BDE8104037
:10D700000DF0E4BB10BD1CB5002018F0EBF80CF0D8
:10D7100047FF04460CF04DFF47498A780023214615
:10D7200007F01EF9002018F0DDF8494801780129BA
:10D730000BD168460CF045FF0CF03FFF4549464AC7
:10D740000B78127869460DF031FE13BD10B586B026
:10D7500002A819F0C1F8040017D09DF8080088B19C
:10D760000F218DF814104FF6FC72ADF80C2000213B
:10D770001F200191009023469DF80820374803A9F7
:10D7800007F00BF92046FBF762F806B010BD2B48F6
:10D79000807B4FF48071FAF792BE00008C1B002052
:10D7A00030B5002025490022C3B2401C01EB8304A0
:10D7B000C5B2092D6261F7DB30BD092803DA1F4AC3
:10D7C00002EB80000CE002207047092804DA1B4AB3
:10D7D00002EB8000002103E002207047587A00200D
:10D7E000416100207047154A137C834204D01074B5
:10D7F0001021907BFAF763BE704780B5FBF781F884
:10D8000042F210710840BDE808400A180B48807BBE
:10D810004FF48041FAF7ACBB068A00209FDE02007D
:10D82000F5890020F189002060890020F28900201C
:10D83000347A00202C83002068860020B02C002041
:10D8400039310020B8880020303100208BF70200E9
:10D850004A310020F8890020493100201C2D002089
:10D860002DE9F04389B08046894617461D46109C35
:10D87000119E0823242200216846FAF761FB0B4918
:10D8800006964FF47A700A68B0FBF2F14D430595A5
:10D890004F43ADF810406B463A4649464046FBF7C9
:10D8A00015F9404609B0BDE8F0830000601600009D
:10D8B000FAF756BB80B500F08BFA00B10120C0B278
:10D8C00002BDFAF745BB64225143FAF745BB38B5B0
:10D8D00004460D4619F05AF86581BDE8324019F04A
:10D8E00056B801000FB581B019F07CF80949212222
:10D8F00005E00FB581B019F075F8064922224250B3
:10D9000001B00FBD80B519F06DF80349084402BDA0
:10D9100000000000B0890020B08900202DE9F0410E
:10D92000102705460E469046082B38BF082398B2AC
:10D93000FAF727FD040010D0267000F037F800F049
:10D940003BF840B9FAF71CFCFAF7E0FD00F03CF8B0
:10D950000028F7D0477800F042F83846BDE8F0815B
:10D960002DE9F8430546089810260F46904699463B
:10D970000C2838BF0C2080B2FAF703FD040012D047
:10D98000277000F013F8C4F8089000F015F840B9BB
:10D99000FAF7F6FBFAF7BAFD00F016F80028F7D010
:10D9A000467800F01CF83046BDE8F2830020607035
:10D9B000A570C4F80480704721460A480078FAF739
:10D9C00003BD08490870704721782846FAF726BE3B
:10D9D0000A4608230421A1E7FFF7C2FF02BD204643
:10D9E000FAF7E3BCFE8900200A460823142195E7D4
:10D9F0000A460823202191E70A46082322218DE7C1
:10DA00000A4608234D2189E70A4608232C2185E789
:10DA10000A460823B02181E70A460823B6217DE79C
:10DA20000B460C210091002270470A460823C121B1
:10DA300074E703230022CD2170E780B5FFF7F0FFE4
:10DA4000C421C9E738B5044601252078801F46D097
:10DA5000423848D018383ED0401E3CD0401E0128E5
:10DA600041D9801E2FD0401E33D0401E31D0801EA1
:10DA70002FD0801E032836D9001F2AD0401E28D060
:10DA8000401E26D0401E24D0401E02282BD9C01E86
:10DA900021D0401E23D0401E25D0C01E23D0801E82
:10DAA00021D015381FD0401E17D0C01E012884BFBA
:10DAB0003038062817D91B3815D0801E012812D9F6
:10DAC000093810D012E0606908B1FAF7C0FEE069C9
:10DAD00006E0E06804E0606902E0E06A00E0A06857
:10DAE00008B1FAF7B4FEFFF77AFF00E000252846F8
:10DAF00032BD0A0062F30F2262F31F42401810F099
:10DB0000030308D0C91A1FD3DB0748BF00F8012D53
:10DB100028BF20F8022D130030B4144615461039E2
:10DB200028BF20E93C00FAD8490728BF20E90C00AB
:10DB300048BF40F8042D890028BF20F8022D48BFB7
:10DB400000F8012D30BC7047C91818BF00F8012D2E
:10DB5000CB0728BF00F8012D70470A00002217F0FC
:10DB6000AFBAE803DFF800F055EB0210DFF800F081
:10DB700049EB0210DFF800F075E40210DFF800F066
:10DB8000D9D80210DFF800F01DD90210DFF800F03C
:10DB900047EC0210DFF800F019E90210DFF800F09E
:10DBA000FDE8021018F020BFF0B51C008DB005464E
:10DBB0000E46174604D1002318F02CFF0DB0F0BD1F
:10DBC0000823302200216846FFF7D0FF2068059027
:10DBD0006B46606808903A46207AADF818003146E6
:10DBE000284618F017FF0DB0F0BDFFF7C3BFFFF7D1
:10DBF000B9BFFFF7C3BFFFF7C5BF10B5FFF7B2FF4F
:10DC00000446FFF7C3FF601E8041C00F10BD18F02F
:10DC100021BFF0B581B004460D461646FFF7A2FFBE
:10DC2000074632462946204618F01EFF384601B006
:10DC3000BDE8F040FFF7AABFFFF7ACBFFFF7AEBFEC
:10DC4000002101604FF0FF320123426003727047F0
:10DC5000FFF79CBFFF281FBF164A526852F82030BA
:10DC60008B4218BF42F820107047FF2803D0114A9A
:10DC7000936843F8201070470E498A6852F82000D4
:10DC8000704710B5FF28044612D018F0F1FE09487D
:10DC90000168224651F82210204618F06BFF00213F
:10DCA0002046FFF7D7FF2046BDE810400021DCE703
:10DCB00010BD0000182B002010B50446FFF797FF99
:10DCC000002161602160BDE81040FFF7C1BF30B5A1
:10DCD00081B00546FFF78BFF2C683CB121682960B5
:10DCE000216800291ABF00224A606960FFF7B0FF6F
:10DCF000204601B030BD70B504460D461646FFF70C
:10DD000076FF2E60716869607168002914BF0D602C
:10DD100025607560BDE87040FFF79ABF30B581B0EF
:10DD200004460D46FFF763FF0021296062686A60C0
:10DD30006168002914BF0D602560656001B0BDE811
:10DD40003040FFF785BF30B581B004460D46FFF780
:10DD50004EFF2168296000226A602168002914BFF3
:10DD60004D606560256001B0BDE83040FFF770BFD1
:10DD700030B581B004460D46FFF739FF29686A685F
:10DD800000290CBF62604A6069682A6800290CBFDC
:10DD900022600A6001B0BDE83040FFF759BF70B59E
:10DDA000044618F0E7FD0646A08A002501280AD19E
:10DDB000FAF798FE0546E068A168451BA9423EBFF8
:10DDC0002069A8420025304618F0D5FD284670BDD0
:10DDD000808A704730B5ADB00BA88421FFF7BEFE36
:10DDE00004210BAC21A58DF818100094019519F0B1
:10DDF0002EF806A9684619F06BF805000DD014221C
:10DE0000184902A819F066F902A9284619F0A8F8DD
:10DE10000446284619F09AF81CB14FF0FF302DB097
:10DE200030BD00202DB030BD10B5FFF7E0FE0D4A2B
:10DE300091685368D468D160936084EA940411684F
:10DE4000516081EA440383EA01135C401369064987
:10DE50001460CB1813611C19FFF7FAFE204610BDA1
:10DE60000000000004860020C5870500FF000000B8
:10DE700000000000000100000161704730494FF0D0
:10DE80000040086070472F490020086070472E4806
:10DE9000016841F003010160704700F039BA2B4975
:10DEA0000A6813681847F0B581B00326284C294D3D
:10DEB00000961C23266877684FF0405200212846C0
:10DEC000B8470120009028462468656809234FF46C
:10DED00000720021A84701B0F0BD00B581B000F08C
:10DEE000ECF910B900F0E9F900B1012001B000BD72
:10DEF00019481A490068C00F03D04FF44050086019
:10DF000070474FF480520A60704713481449006804
:10DF1000C00F03D04FF44150086070474FF4825255
:10DF20000A6070470D494020086000F0B7B94FF013
:10DF3000FF32002100F08DB80A4801684A68104796
:10DF400000A10C403400094024220840E0010010E8
:10DF5000A401001000A00C40AC4F0050A8A00C4041
:10DF600028A10C40E801001000F03CB830B51C4B73
:10DF70001A685B6D0021C50704D5D40701D45B077F
:10DF800000D50121830703D5540804F0010421437F
:10DF9000400703D5920802F00102114309B10120A4
:10DFA00030BD022030BD30B50D4B1A685B6D0121CC
:10DFB000C50704D5D40702D45B0758BF00218307E7
:10DFC00003D5540804F001042140400703D592080A
:10DFD00002F00102114009B1012030BD022030BD24
:10DFE0004021084010B54C494C4C08604C48026830
:10DFF00042F003020260202021688A699047494864
:10E0000001682268906BBDE81040004770B50020A1
:10E010000021454A02EB81021368DC0002D501228F
:10E020008A401043491C2029F3D3404900224A6109
:10E0300001243C4A13681460012615683C4C1660A4
:10E0400013682368034201D10E60FEE74E61106839
:10E0500070BD2DE9F047374D324F304C364E81467A
:10E0600028688A46810744BF3448E8603448002164
:10E070009046016027203A6821688A699047316B91
:10E080003048014031634FF48060B16F21F48071FA
:10E09000B16721680A6B904721680A6B4FF4816071
:10E0A000904721680A6B4FF4C060904726491A4A8E
:10E0B00001200860C2F800A030602868810707D4FA
:10E0C00018F1010F06BF4FF04040E860C5F80C8022
:10E0D0003868F0698007FCD50720FFF747FF022862
:10E0E000FAD1B9F1000F12D1216A184D8A68284679
:10E0F00090470428F8D0012804D1226A53680321EC
:10E100002846984706480168890889000160206808
:10E11000816BBDE8F04708478C210840B80100102A
:10E12000242208402C200940001008401800094013
:10E13000E0200240100009400C200840FD00004093
:10E140000C400940FFFFFEFE28200860004003400D
:10E15000DFF800F025EA0210DFF800F061DB0210C2
:10E1600030BF704730B581B000F076F8FFF7E4FEBD
:10E17000FAF738FD054605F00C000C2804D1AFF382
:10E180000080FFF7EDFF41E0680725D418F0ACFFF1
:10E19000044601210120FAF72FFD2949096801FBF6
:10E1A00004F2904218D2F020B0FBF1F0254D211A74
:10E1B00005F10C00F9F7D0FE05F10C00F9F7D0FEDF
:10E1C000AFF300800120FAF7DEFEAFF3008005F127
:10E1D0000C00F9F7BDFE1BE0AFF30080280713D455
:10E1E00019491A480A68936898470428F8D0E9063C
:10E1F00000D408B9012000E00020FFF7B5FE144864
:10E2000001210160006801E0FFF7AAFFAFF3008081
:10E2100001B0BDE8304000F023B810B50D4CF9F75F
:10E22000B7FF2060FFF794FF606010BD10B5094C88
:10E230006068FFF791FF2068BDE81040F9F7ACBFB8
:10E2400060160000782F0020D80100100040034025
:10E250002C200940EC870020EFF3108072B6704745
:10E26000EFF3108062B670470138FDD170477047F8
:10E2700038B5DFF83801DFF83851048814F00104AC
:10E2800003D14FF0012129600088DFF828211168AF
:10E29000884714B14FF08070286031BD10B5DFF8A9
:10E2A000282113685C6801210120A047DFF80C01D8
:10E2B000DFF80C110068886010BD38B5DFF8F84051
:10E2C000E16B0A680120904701281FD02468DFF81D
:10E2D000DC00E568002301223C21A847B8B1FFF724
:10E2E000C7FFDFF8D800DFF8D83002689968DFF898
:10E2F000D4001C68DA60A4EB9404521A4243120C56
:10E300001A6019688C4238BF0C461C60012032BD6F
:10E3100038B5DFF8B44022685368002101209847DF
:10E3200021680A680120904708B1FFF7A1FFDFF8D4
:10E330008C00DFF88C5000686860E06801688847EE
:10E34000286131BD10B5DFF88420DFF86C40126819
:10E35000DFF87C1000020A40E16C00F47F401043BB
:10E360000A6A904723681C6902461821DFF83C00BE
:10E37000A04710BD70B5174CA268E5681B3800FBBC
:10E3800000F100FB01F681FB0223C6FB0523656853
:10E39000C0FB05232068120942EA0372C117101856
:10E3A00041EB2311000C40EA014070BD00A00C407D
:10E3B00004A40C4080000010A4010010302009408B
:10E3C000F085002040420F00E0010010B44F0050E3
:10E3D000FF00FDFFE886002030B5C74D95F83901F4
:10E3E000002481B0002802BFC449887B00280CD0DB
:10E3F000FFF7FDFB95F83B11002906BF012285F8C8
:10E400003B210124FFF724FC14B1002001B030BDF2
:10E410000220FAF727FD0D20FAF739FDB849086800
:10E4200010B1012001B030BDB64840220260426008
:10E430000120C861002185F83A11002001B030BDEB
:10E4400030B5B14981B000200860AB4C94F83A0176
:10E45000002800F0C38001280DD194F8400118F085
:10E460005BFE0021A54A84F84011907B002800F053
:10E4700089800221B0E0022840F08A80A348056824
:10E4800018F07BFEC4F8140118F07CFEC4F81801E3
:10E4900018F07DFEB5F5C062C4F82801C4F810215B
:10E4A00003D1002084F8300168E094F8301159B9A4
:10E4B000D4F81811D4F81431C4F82011C4F81C3160
:10E4C000C4F82401C4F82C21D4F82C0100284CBF36
:10E4D0006FF00101022100EB40000818D4F8201170
:10E4E000421000EB9270D4F81421C4F81C2101EB07
:10E4F000A0010029C4F8201115DCD4F82401032858
:10E5000005D11531D8BF0121C4F8201124E00B3109
:10E51000D8BF0121521E48BF0022C4F82011C4F800
:10E520001C21032019E01E2919DDD4F8240138B973
:10E5300015391E29C8BF1E21C4F8201103200CE084
:10E540000B391E29C8BF1E21521C3F2AC8BF3F22BB
:10E55000C4F82011C4F81C210020C4F82401D4F808
:10E560001C0118F019FE012018F034FED4F8200127
:10E5700018F021FED4F8240118F03BFEA5F2FF5557
:10E58000032D03D20620C4F83C0127E0042123E038
:10E59000032823D15D480068D4F81011A0F5C060AD
:10E5A0000029C4F82C0148BF4942002848BF404216
:10E5B0008142A8BF00200CDAD4F8140118F0ECFD59
:10E5C000D4F8180118F0F7FDD4F8280118F011FE5E
:10E5D000012084F830010621C4F83C1101B0BDE8E7
:10E5E000304000BFF0B581B0494C4A4D424F42F631
:10E5F0002A2608E0C7F83C0103212160002068605A
:10E6000068688107FCD4D7F83C0106285CD8DFE8AD
:10E6100000F004564C54353D19000F21E16026618D
:10E6200018F0F6FD0120286029688807FCD5012133
:10E63000E16197F8390100281DBF002129630120FD
:10E640000320D7E700212960696029688807FCD486
:10E6500069688807FCD400212B4A294B11600120EE
:10E6600018600D20FAF7ACFB0220FAF790FB0020AF
:10E67000C7F83C0187F83B0101B0F0BD0520C7F8A1
:10E680003C010021696068688107FCD4032087F899
:10E690003A01002018F0D4FD0120686001B007F1B4
:10E6A0005000BDE8F040FAF78CBA0320C7F83C01EF
:10E6B0000021696068688107FCD40220E7E7012037
:10E6C00087F83A010220E5E7FEE7134801688A0768
:10E6D000FCD509490E48D1F83C21012A07BF202169
:10E6E00081610122826100210160082205490A60DE
:10E6F0004A60012101607047782F0020DC2F000064
:10E7000004800C4038500C403C500C4008400C40F9
:10E7100000400C4054600C4058600C4080B5002014
:10E720007F4908707F4AD068C0680078002805D10A
:10E73000002100209268D2F85824904701BD10B5FE
:10E7400004002000C0B2002804D176488068D0F8C8
:10E750004C058047724801780C43047000F08FF834
:10E7600010BD10B504002000C0B2002804D16D48CF
:10E770008068D0F84C058047FFF739FA68490A7875
:10E7800014430C70FFF764FA10BD10B504002000AC
:10E79000C0B2002804D163488068D0F84C05804797
:10E7A000FFF725FA5E490A7894F0FF0414400C70D4
:10E7B000FFF74EFA00F042F85A4AD068C068007875
:10E7C000002805D1002100209268D2F858249047F3
:10E7D00010BD10B504002000C0B2002804D151487B
:10E7E0008068D0F84C058047FFF701FA4C490A7859
:10E7F00094F0FF0414400C70FFF72AFA10BD80B5A6
:10E8000000204749087000F073F800F0FBF8454A13
:10E81000D068C0680078002805D1002100209268E7
:10E82000D2F85824904701BD80B500203C490978B2
:10E83000002901D000F023F8C0B202BD10B50020BD
:10E84000FFF7D5F9040036480078002813D1364880
:10E850000078000609D435480078000605D434480D
:10E860000078002801D1012000E00020C0B200287B
:10E8700001D000F03DF82000FFF7EAF910BD70B5B7
:10E88000FFF7B5F92B4C25782178012910D001210B
:10E890002170FFF7DDF9234AD068C06800780028AE
:10E8A00005D1002101209268D2F85824904701E058
:10E8B000FFF7CEF9FBF75BF80600FFF798F9310098
:10E8C000C9B2012903D02570FFF7C2F901E0FFF7B3
:10E8D000BFF9144AD068C0680078002805D100212B
:10E8E00000209268D2F8582490473000C0B270BD22
:10E8F00080B50C488068D0F8B8000078002803D0B4
:10E900000020FBF738F802E00120FBF734F80A4951
:10E9100091F90000002802D00878401E087001BD5F
:10E92000278A00200C010020288A0020338A00203A
:10E93000348A00201F8A0020258A00207FB500200D
:10E94000DFF8B41B08700020DFF8B01B087000204F
:10E95000DFF8AC1B08600020DFF8C41B0870002043
:10E96000DFF8C81B0870DFF8C85BDFF8C84BA06889
:10E97000D0F80001C089103080B2A168D1F85012DF
:10E98000884728602868002803D1A068D0F84C0583
:10E9900080472868009000208DF804009DF805004D
:10E9A00010F0FC008DF805009DF8050010F0F30054
:10E9B0008DF805009DF8050010F00F008DF805009A
:10E9C000A068D0F80001C0891030ADF80600082218
:10E9D00069462E683000F9F75FFADFF85C0B2968AA
:10E9E000016000214160FAF782FDE068C0680078AC
:10E9F000002805D100210020A268D2F858249047B1
:10EA00007FBD704780B5DFF8F80A0168002905D09E
:10EA1000DFF8201B8968D1F854128847FFF7E7F820
:10EA2000DFF8141B00220B681B681A710A68126851
:10EA30000A60FFF70DF9DFF8E81A0878002804D11A
:10EA4000DFF8E80A0078002814D0002008700020C1
:10EA5000DFF8D81A087000F017FDDFF8D82AD06860
:10EA6000C0680078002805D1002100209268D2F803
:10EA70005824904701BD80B500F00EF8FFF7B7F8B5
:10EA8000DFF8B41A00220B681B681A710A68126852
:10EA90000A60FFF7DDF801BD2DE9FE4F00208DF87B
:10EAA000000005F0ACF8DFF8941A08608120DFF868
:10EAB000701A0870FF20DFF8881A0870DFF8847A6F
:10EAC000002038800020DFF8641A0870DFF8785AD8
:10EAD000DFF8240A00782870DFF8540A0068007A0A
:10EAE000841EDFF8508AD8F80800D0F80001C089E9
:10EAF000210089B2884202D200F0F0FC69E20422CF
:10EB0000DFF8346A30683988084410F10801DFF80A
:10EB10003C9ACA465046F9F7BFF93888001D38803C
:10EB2000B4F1030BDFF828AA99F8010099F8021054
:10EB300009020818AAF8000099F80300DFF8141A6F
:10EB4000087099F80200C0F30114D8F80800D0F852
:10EB5000B8000078002803D12000C0B2022803D0FA
:10EB60002000C0B2032802DB00F0B8FC31E2D8F884
:10EB70000800D0F8B8000078002807D09AF8000004
:10EB800010F0070F02D100F0A9FC22E29AF8000071
:10EB900010F00700042807D1DFF86009007800288A
:10EBA00002D100F09BFC14E2D8F80800D0F8B800BD
:10EBB000007800280DD0DFF8A0090078862808D159
:10EBC0009AF8000010F00700022802D000F086FC3E
:10EBD000FFE1BAF80000C0F30130022869DA9AF8C0
:10EBE000000010F0070002285BD1DFF81009007860
:10EBF000002856D1D8F80800D0F8D40090F8830047
:10EC0000C0B2022802D100F029FCE2E10122306802
:10EC10003988084410F108016C462000F9F73CF9E6
:10EC20003888401C38800024FEF7E1FF0500DFF83B
:10EC30002809007886282ED1D8F80800006C0068D2
:10EC4000002804D1D8F80800D0F84C0580472100EE
:10EC5000C9B29DF9000005F01CFCD8F80810096C39
:10EC600009684877D8F80800006C006884779DF838
:10EC70000000D8F80810096C0968C8772800FEF76A
:10EC8000E7FF9AF8001011F01001DFF8C8080078CB
:10EC900001F00AF902E02800FEF7DAFF00F0DEFBDF
:10ECA00097E1DFF8B4080078862802D1002001F04F
:10ECB00026F9287800281BD0DFF8400800780028C3
:10ECC00016D12878012810D02878022804D19AF883
:10ECD000000010F0070F08D12878032808D19AF80F
:10ECE000000010F00700032802D000F0F7FB70E1ED
:10ECF0009AF80000000702D500F0F0FB69E1BAF8CD
:10ED00000000C0F30130022806DABAF800008005DE
:10ED100002D500F0E3FB5CE199F80200C0F3810545
:10ED200099F80260F6B2B6092800C0B2012803D0F3
:10ED30003000C0B2012802D100F0D0FB49E1200030
:10ED4000C0B2022821DA9AF8000010F0070001286A
:10ED500005D09AF8000010F00700032815D156EAF4
:10ED60000500C0B2002802D100F0B8FB31E1280054
:10ED7000C0B2002809D1D8F80800D0F8AC0000785B
:10ED8000002802D100F0AAFB23E1E4B2022C1DD13D
:10ED9000DFF8C8072900C9B2445C3100C9B2405C41
:10EDA00004199AF80000400606D555EA0600C0B2DC
:10EDB00000281DD102241BE03000C0B2002803D17E
:10EDC0002800C0B2002813D0A41C11E0DFF890077F
:10EDD0002900C9B2445C3100C9B2405C041930005A
:10EDE000C0B2002804D09AF80000400600D5A41E46
:10EDF000BAF80000C0F3002010F00100DFF864173B
:10EE00000870594689B22200D2B2DFF8580700785C
:10EE1000121A914202DA00F061FBDAE02000C0B27F
:10EE2000BBEB000BDFF83C0700781BEB0000DFF8C2
:10EE300038170880DFF8C8B69DF80000DFF82817FB
:10EE4000098851FA80F0743080B2D8F80810D1F8EF
:10EE500050128847CBF80000DBF80000002802D1F0
:10EE600000F03CFBB5E074210022DBF800000190CB
:10EE70000198FEF73FFE01980020DFF8F0160870B9
:10EE8000DFF878060078002806D19AF8000010F024
:10EE90002000DFF898160870DFF890060078002848
:10EEA0003ED0DFF8C0060078002839D19AF800007B
:10EEB00010F0070003280DD09AF8000010F00700AA
:10EEC00001282DD1D8F80800D0F8D40090F882009D
:10EED000002825D0D8F80C0040690078002808D018
:10EEE00018F08CFAFE2804D10420DFF88016087090
:10EEF00016E0D8F80800D0F84C028047002804D06B
:10EF00000420DFF8681608700AE0D8F80800D0F886
:10EF100044028047002803D00420DFF85016087010
:10EF2000DBF800007430DBF800104860DBF800000C
:10EF30004068DBF800108865DFF82C060088DBF8F5
:10EF400000100881DBF800000089DBF80010A1F850
:10EF50005C00BAF80000DBF80010888199F8020024
:10EF6000C0F3011199F8010010F078000143DFF8B7
:10EF7000FC0500780143DBF800000174FF20DBF89A
:10EF800000108873DFF8DC150878002801D0002015
:10EF900002E0DFF8C0050078DBF8002082F84900C5
:10EFA000DBF8000080F83060DBF8000080F83A50B1
:10EFB0003A880878121A3A802000C0B2002802D19C
:10EFC00000F030F905E0E4B2DFF8A405048000F0B9
:10EFD00002F8BDE8F78F2DE9F84785B0DFF89045D6
:10EFE0002088002805D1DFF84C058068D0F84C0552
:10EFF00080472288DFF84C55DFF83C0500682988F7
:10F00000084410F108016E463000F8F745FF2988E2
:10F01000208841182980E946DFF83045A078C0F300
:10F020000116DFF8DC54286890F8108018F04008CA
:10F03000A078C0F381073800C0B200285ED000205D
:10F040003100C9B2022903D14146C9B2002911D108
:10F0500099F8001099F80120120252FA81F12A68F9
:10F06000A2F844102968B1F844102A68A2F84210A6
:10F0700019F10209DFF8FCA42968B1F84410BAF8C4
:10F080000E20914206D02968B1F844104FF6FF7265
:10F0900091422BD13800C0B203280DD149462868CF
:10F0A00032300DF079FC19F108091AF103012868D2
:10F0B00032300DF062FC19E099F8000099F8011067
:10F0C000090251FA80F02968488619F10209286876
:10F0D000408EBAF80C10884205D02868408E4FF652
:10F0E000FF71884201D1012000E00020C0B2002859
:10F0F00004D118F096FDFFF785FC90E0A178C9B225
:10F1000089090800C0B2002839D03000C0B20228F6
:10F1100013D158EA07085FFA88F8B8F1000F1CD13C
:10F1200099F8000099F80120120252FA80F02A683A
:10F13000A2F8420019F102090FE02868007C40069D
:10F140000BD499F8000099F80120120252FA80F0CD
:10F150002A68A2F8420019F10209C9B2032905D1AF
:10F160004946286828300DF017FC08E099F800009F
:10F1700099F80110090251FA80F029680885DFF832
:10F18000B4138868D0F8AC00007800281ED0F6B21E
:10F19000022E1BDADFF8B803027812F00702012A08
:10F1A00004D0007810F0070003280FD1FFB2002F21
:10F1B0000CD12868B0F84200DFF8B823D289904219
:10F1C00004D018F02EFDFFF71DFC28E0DFF88003C7
:10F1D000027812F00702032A0BD0007810F0070023
:10F1E00001281AD18868D0F8D40090F8820000284D
:10F1F00013D028688968D1F84812884700280CD1B4
:10F200000020DFF868130870E078C0F30110A178DF
:10F2100011F0780108432968087400F003F806B07B
:10F22000BDE8F087F8B5D04C2288C64DC2480068CA
:10F230002988084410F10801B14E3068876D380004
:10F24000F8F72AFE29882088411829803068806DC7
:10F25000218808443168886500F001F8F1BDFEB5E9
:10F260000122B84CB44D28682188084410F10801E7
:10F270006E463000F8F710FE2088401C20800026E3
:10F28000012228682188084410F108010DF10107C6
:10F290003800F8F701FE2088401C208001222868F1
:10F2A0002188084410F10801A54F3800F8F7F4FD53
:10F2B0002088401C2080042228682188084410F1FE
:10F2C000080101AD2800F8F7E7FD2088001D208027
:10F2D000042101A8F9F7D8FA0190019818F04DFD22
:10F2E000874C2168C863019818F03BFD2168A1F89C
:10F2F0004000EA2018F045FE9F4A5068002803D0DD
:10F300000121206852689047022085490870894D84
:10F31000E86840690078002806D018F077F80028DF
:10F3200002D00420914908702068017C8F48007841
:10F330000143206801743100C9B29DF9000005F055
:10F34000A8F8216881F846009DF80000216881F83E
:10F350004800206880F8476020687430216888651C
:10F36000206841682068B0F85C2020680089121A83
:10F3700001EB02002168486020688089800517D56C
:10F380002068A968D1F8081388472068406E0028D3
:10F390000ED02068B0F86800002809D12000A968C4
:10F3A000D1F85412884700202060FFF72BFB37E08C
:10F3B000206890F86000002817D02068A968D1F86C
:10F3C0000C1388472068C06C00280ED02068B0F865
:10F3D0005000002809D12000A968D1F854128847AC
:10F3E00000202060FFF70EFB1AE0A868D0F8B800F4
:10F3F000007800280BD0A868D0F8B800806C0028EE
:10F4000005D02068A968D1F8B810896C88472068B1
:10F41000A968D1F8581288470020206000F01EF833
:10F42000F7BD80B5EB2018F0ACFD00203F49087017
:10F4300049480078862802D1002000F060FDFEF7E0
:10F44000D6FB3D4900220B681B681A710A681268D6
:10F450000A60FEF7FDFB00F001F801BD80B5002059
:10F460002F49087031480078002801D100F00CF8CD
:10F4700001BD80B500202D4908702948007800287A
:10F4800001D100F001F801BD10B52A4CA068D0F8F8
:10F49000AC000078002801D1FFF7D0F904F02DFE70
:10F4A000A068D0F8B8000078002803D001203349C4
:10F4B0000968884700F0B5FBA068D0F8B80000786C
:10F4C00000280AD0A068D0F8B8004069002804D00D
:10F4D0001020A168D1F82813884710BD80B51548C1
:10F4E0008068D0F8B8000078002802D0FFF78AFAC8
:10F4F00001E0FFF7B3FF01BD298A00202B8A00201D
:10F500003889002080B506480178832906D100217A
:10F510000170002005490870FFF7B6FF01BD00002B
:10F52000288A00200B480078704700002A8A0020B3
:10F53000408900200C010020E4870020F88800208A
:10F54000168A0020D68900202C8A00203C890020C1
:10F55000D48900202E8A0020338A00205C570000C6
:10F56000585700002F8A0020D28900202D8A0020C1
:10F57000D0890020D886002030570000188900204C
:10F5800038B5A54A9168D1F8D410497B0F292ED0FF
:10F590009168D1F8AC100978002928D09F490B78E0
:10F5A0009168D1F8EC109268D2F8D420527B51F8CF
:10F5B00022104B434FF47A71B3FBF1F1984A136870
:10F5C0008B4201D2002201E01268521A954B1C684E
:10F5D0008C4201D2002301E01B685B1A924C256823
:10F5E0008D4201D2002108E02468611A05E08C49AF
:10F5F0000A688C490B688C4909684FF47A74624335
:10F6000090420AD389480178032904D0032101706C
:10F61000007800F027F9002025E0634398420AD3E0
:10F6200082480178022904D002210170007800F09C
:10F6300019F9012017E0614388420AD37B48017819
:10F64000012904D001210170007800F00BF901209C
:10F6500009E076490878002804D00020087008786E
:10F6600000F000F9012032BD10B471490868401C57
:10F670000D22B0FBF2F302FB130008606D4A6E4BE3
:10F680001C68086852F82000241A1C6000200968D1
:10F6900042F8210010BC704720206849086070477C
:10F6A0003EB50020664908600020614908600020DE
:10F6B0006149086000205D490870002061490860C8
:10F6C000614C6248206062480D210160002106E023
:10F6D0000022584B0D00EDB243F82520491C0A00CA
:10F6E000D2B203689A42F3D34DF2F0204E4908603B
:10F6F00058484C490860584849490860062057490D
:10F70000086020204D490860554D2868002821D107
:10F710006846F9F74DFA00208DF8000000200190AE
:10F720006A4601210FF29D00F9F703FA2860286864
:10F73000F9F734FA00280DD124684FF47A70444365
:10F74000F9F725FAB4FBF0F12868F9F736FA2868DA
:10F75000F9F737FA37BD10B539490A6812F1010FC8
:10F7600002D100220A6002E00A68521C0A60324993
:10F770000A6882180A602E4A2E4B146853F82440F7
:10F780000019126843F822000868FFF7F9FE10BD5F
:10F7900080B52B490968002901D1012011E02649D3
:10F7A00009680818FFF7ECFE002801D0012008E0E6
:10F7B0002448016811F1010F02D00168491C016061
:10F7C000002002BD38B5FFF74FFF1B480068FFF768
:10F7D000D7FE1D4804684FF47A704443F9F7D7F90F
:10F7E000B4FBF0F41E4D2868F9F7D8F9002806D1CB
:10F7F00021002868F9F7E1F92868F9F7E2F931BD45
:10F8000010B50400FFF748FF1448006804190B48BE
:10F8100000684443200010BD0C010020308A002005
:10F820009C8900209889002094890020448A002027
:10F83000A4890020D0800020A08900208889002091
:10F840007C890020808900208C890020E0930400BE
:10F8500090890020F8240100905F01008489002035
:10F86000A88900207047200080B50020DFF88019AB
:10F8700008700020DFF87C190870DFF8F429D068E0
:10F88000C0680078002805D1002100209268D2F8D5
:10F890005824904701BD2DE9F0418046DFF8D0495A
:10F8A000A068D0F8D40090F88350DFF8446930782D
:10F8B000002803D0A068D0F84C058047A068006CF1
:10F8C0000068002803D1A068D0F84C0580470120CB
:10F8D0003070DFF8DC7987F800803878002809D0AC
:10F8E00002283DD006D3042847D03FD306283AD07B
:10F8F0005FD35FE00020DFF800190870A068006C9B
:10F900000068807D400608D5A068D0F8D40090F843
:10F910004E00DFF8E818087007E0A068D0F8D400BF
:10F9200090F82500DFF8D4180870387800280FD137
:10F93000A068D0F8D400C078002809D0DFF8BC084F
:10F940000178032902DB0221017001E001780170D6
:10F9500000F084F8A068006C006800287CD02DE0DE
:10F9600018F060F92AE000F0F9F827E00020DFF84D
:10F970008818087000F044FC20E0A068006C006863
:10F9800090F86900DFF870180870A068006C0068D3
:10F9900090F86A00DFF8641808700020DFF8D418C7
:10F9A000087000F05BF8A068006C0068002853D075
:10F9B00004E003E0A068D0F84C058047DFF8340885
:10F9C000007800281AD1A068006C0068002803D1D4
:10F9D000A068D0F84C058047A068006C00684068BB
:10F9E000007810F02000DFF8CC180870A068006CD8
:10F9F000006840688078DFF8C018087038780328FD
:10FA000005D03878022802D03878062824D1FEF7AD
:10FA1000EEF804003878022809D0DFF8A01808783A
:10FA200000280CD1DFF898080078002807D183203F
:10FA300030702000FEF70CF900F0ABF80CE002206B
:10FA40003070EDB2012D04D10878832801D1FAF786
:10FA500083F92000FEF7FCF8BDE8F08138B50020FE
:10FA600000208DF8000004F081FADFF85858C0B289
:10FA70000122DFF8881791F900108A40511E0840D2
:10FA80002880DFF8EC47A068D0F8B800007800289C
:10FA90003FD0A068D0F8B800806B002839D0694604
:10FAA00042F21A00A268D2F8B820926B9047DFF8B1
:10FAB00044070078002822D0DFF83C0700780028AF
:10FAC0001DD19DF80000002819D0A068D0F8B8001A
:10FAD000C06D002813D0A068D0F8B800C06D804772
:10FAE00000280CD02A88E16849680B780833DFF8D1
:10FAF000D81709784B43B0FBF3F082182A80298885
:10FB00009DF80020DFF8F0060078424312FA81F0F9
:10FB10002880DFF89C070078002802D117F0ECFD60
:10FB200001E017F0AAFDA068006C0068002814D05E
:10FB3000DFF88807007800280BD1DFF88407007809
:10FB4000002806D18320DFF8A816087000F021F8FD
:10FB500003E00220DFF89816087031BD80B5DFF8A9
:10FB600010078168096C096891F86D10DFF8542757
:10FB70001180DFF858178068006C006890F86E00FC
:10FB800008700878002801D10120087018F069F881
:10FB900001BD80B5DFF818070178022902D118F0FD
:10FBA0005BF80DE00178062902D118F0A3F807E010
:10FBB0000078052802D100F013F801E000F001F808
:10FBC00001BD80B5DFF8E80601780029012902D9D6
:10FBD000C91E012903D8007818F01EF8FFE701BDFF
:10FBE00080B518F08CF8002802D11C2000F09FF995
:10FBF00001BD80B50120DFF8FC150870DFF8D006E4
:10FC00004068002804D0DFF8CC068189491C818136
:10FC1000F02018F0B6F9DFF898060078FFF73BFE01
:10FC200001BD10B5DFF894060078002804D1DFF894
:10FC300090060078002805D0DFF834068068D0F8F8
:10FC40004C058047FDF7D3FFDFF8A4150A78022A98
:10FC500028D101220A70DFF858462278022A05D0FE
:10FC60002278032A02D02278062A01D183220A7040
:10FC7000FDF7EEFF2078002805D02078012802D07B
:10FC80002078042802D1FFF7E9FEFFE72078022858
:10FC900005D02078032802D02078062804D1FFF769
:10FCA00078FF01E0FDF7D4FF10BD70B5DFF8004626
:10FCB0002078002811D0207801280ED02078042840
:10FCC0000BD02078032808D02078052805D0DFF84D
:10FCD000A0058068D0F84C058047DFF81455042053
:10FCE0002870DFF814050178491C0170DFF8806581
:10FCF000B168D1F8D41091F824100078814203D271
:10FD0000E12000F014F936E02078042811D1B06821
:10FD1000D0F8B800007800280BD0B068D0F8B80050
:10FD2000C06C002805D00220B168D1F8B810C96CA9
:10FD30008847DFF8C8040178491CB268D2F8D4209B
:10FD400092F83120914203DA0178491C017005E0F4
:10FD5000B168D1F8D41091F83110017020780328DF
:10FD600004D183202870FFF72CFF04E020780528B9
:10FD700001D0FFF773FE70BD80B5DFF83405007861
:10FD8000062815D1DFF850050178491C0170DFF80D
:10FD900034050188022906DB0188491E01800620FE
:10FDA00017F03AFF08E000F067FA00F03EF803E0D1
:10FDB00000F062FA00F039F801BD80B5DFF83004D8
:10FDC000017883290DD1DFF8E8140978032903D1DC
:10FDD0000020FFF76AFF04E0852101701D2000F07C
:10FDE000A6F801BD80B5FFF744FB01BD80B5DFF883
:10FDF000EC04408842F20341401A07D0401E09D06B
:10FE0000401E0ED1E92000F092F80DE0002000F035
:10FE10008EF809E00120FEF7A4FC1B2000F087F813
:10FE200002E0E92000F083F801BD70B5DFF840443E
:10FE3000A068006C0068002803D1A068D0F84C05C9
:10FE40008047DFF87054A068006C00684068007854
:10FE500010F020002870FDF7CAFE0600DFF89013AE
:10FE6000087883281CD12878002808D185200870BC
:10FE70003000FDF7EDFE002000F059F813E0A06817
:10FE8000006C006890F87800002803D1A068D0F8D2
:10FE90004C0580473000FDF7DBFEFFF7A7FF02E0CF
:10FEA0003000FDF7D5FE70BD38B505000C00FDF73C
:10FEB0009EFEDFF83C130A78862A1DD1DFF8202445
:10FEC000D3895B1CD38187220A70FDF7C1FEDFF85E
:10FED000E8030078EDB285420AD1E4B2002C03D0E9
:10FEE0001B2000F024F809E0002000F020F805E0D5
:10FEF000E92000F01CF801E0FDF7AAFE31BD80B555
:10FF0000DFF8DC038189491C8181FDF770FEDFF891
:10FF1000E0120A78862A07D187220A70FDF798FE38
:10FF2000E92000F004F801E0FDF792FE01BD38B5CC
:10FF30000400DFF8B0030078002827D0DFF8300392
:10FF40008068006C0068007D00281FD00021200020
:10FF5000C0B2002803D02000C0B21B2801D101216B
:10FF60000AE02000C0B2E92806D1DFF86403408827
:10FF7000B0F5105F00D10121C9B2002906D0DFF829
:10FF80005003C07BFFF73CFCFFF7E5FB0020DFF8E8
:10FF9000641208700020DFF8581208702000C0B208
:10FFA000002818D1DFF8C8028168D1F8D41091F880
:10FFB000531088290AD0DFF8F812097805290AD1E8
:10FFC0008068006C0068807D400704D4F8F7E2FD8B
:10FFD000DFF814130860DFF89852A868D0F8B8006A
:10FFE0000078002818D0A868D0F8B800406C002825
:10FFF00012D02000C0B2A968D1F8B810496C884767
:020000040001F9
:10000000E868C0680078002805D100210020AA68AF
:10001000D2F8582490470FE0A868D0F8AC000078D8
:10002000002801D1FEF70AFC04F067F82000C0B2F6
:10003000A968D1F870128847A868006C0068002889
:1000400008D0A868006C0068007D352804D0FEF751
:10005000EBFB01E0FEF7E8FB31BD80B5DFF85002B5
:100060000078042805D0DFF884028068D0F84C05B9
:10007000804704205E490870DFF8F8010178491CC8
:100080000170DFF868128868D0F8B800C06C0028EA
:1000900005D003208968D1F8B810C96C88470320BF
:1000A000DFF82012088017F0E8FA01BD7CB5DFF810
:1000B0003C42A068D0F8D40090F88350A068006C4F
:1000C0000068002803D1A068D0F84C058047A068DC
:1000D000D0F8B8000078002859D000F091F8DFF887
:1000E00010020068DFF80C1209684031096888477F
:1000F0000600FDF77CFD0500DFF8C0110878002838
:1001000033D1DFF8BC01007800282ED10020A1688F
:10011000D1F8B810C96C88476946F420A268D2F8B3
:10012000282490479DF9000076B2864204DBDFF870
:1001300044010078002811D083202D490870002048
:10014000F9F719FC2800FDF783FDDFF8AC01007812
:10015000E16809690870FFF71CFD3CE02800FDF725
:1001600077FD0020FFF779FF35E00220204A10706C
:100170000878832801D1F9F7EFFD2800FDF768FD25
:100180000420A168D1F8B810C96C884723E0FDF7B6
:100190002EFD0600DFF82411087800280DD1DFF8C5
:1001A00020010078002808D1832011490870300010
:1001B000FDF74EFDFFF7EDFC0DE002200C4A10703C
:1001C000EDB2012D04D10878832801D1F9F7C4FDDF
:1001D0003000FDF73DFDE068C0680078002805D1DB
:1001E00000210020A268D2F85824904773BD000077
:1001F000338A00203C8A0020398A0020368A002079
:1002000038B53A4CA068D0F8B800007800282DD056
:10021000A068D0F8B800C069002827D0A068006C9A
:100220000068C06D00280DD00023A068006C026833
:100230000221A068006C0068C06DA568D5F8B850B0
:10024000ED69A847A068006C0068006E00280DD01A
:100250000023A068006C02680821A068006C006898
:10026000006EA468D4F8B840E469A04731BD00002E
:100270000C0100203A8A002038B51C4CA068006CA4
:100280000068002803D1A068D0F84C0580471B4DBA
:10029000286817F072FDA168096C0968C8602868B1
:1002A00017F05FFDA168096C0968088231BD000084
:1002B000358A0020388A00203B8A0020288A0020C6
:1002C0002A8A0020D8890020308A0020378A00201E
:1002D00040750020B48500203E8A0020E87400208C
:1002E000DC850020458A0020548900200C01002074
:1002F00010890020248900203D8A00201C890020CC
:1003000070B504460D46FDF772FC2968002631B130
:100310000A69A24208BF0E4609680029F8D1FDF714
:1003200097FC304670BDDFF8101791F833000022BB
:10033000030604D4582010FB02F28818704791F885
:100340008B0001220306F5D591F8E3000222030693
:10035000F0D591F83B0103220306EBD591F8930108
:1003600004220306E6D591F8EB0105220306E1D548
:1003700091F8430206220306DCD591F89B0207227E
:100380000306D7D5002070472DE970430646144672
:100390001D46FDF72CFC6EB1D6E90A2322432B4300
:1003A000C6E90A23D6E9088948EA040449EA0505AA
:1003B000C6E90845BDE87043FDF74ABC30B581B0D9
:1003C00004460D4602F00BFDA04231BF241A641E04
:1003D000241A641CA40805F57A70A04238BFB4F151
:1003E000405F06D2641B012C98BF0124204601B057
:1003F00030BD002001B030BDF0B5DFF83C3604461A
:100400000025D3F85003012981B024D100E0006811
:10041000002852D0C668377B07F00F07022F1AD08A
:100420000068002849D0C668377B07F00F07022F05
:1004300011D00068002840D0C668377B07F00F074E
:10044000022F08D00068002837D0C668377B07F035
:100450000F07022FDBD180B3012502B11060C26803
:10046000167B06F00F06022E27D1012904D101695F
:10047000CA68898D511813E0118840F60302914231
:100480001CBF40F60406B14207BF01694A69016911
:100490000A69498B561893F82213192212FB01613D
:1004A000406BFFF78BFF2060F8F771FB2168B1FB11
:1004B000F0F0206001B02846F0BD0020206001B0BF
:1004C0002846F0BDF0B581B00446FDF790FB054627
:1004D000002C1CBFA07A002833D0DFF8603594F9D7
:1004E00009001E680122F70702FA00F10ED5DFF8B5
:1004F00050351B681E0609D5DFF848355E68113097
:1005000002FA00F0C04306405E6018600020A0724E
:10051000207220606060C4E90400DFF81C35A0612F
:1005200094F9090093F820638240324393F8220340
:1005300083F8202310B1401E83F82203C8B200F0D4
:1005400062F9284601B0BDE8F040FDF781BB00002C
:100550002DE9F04700261124DFF8E854DFF8D8949D
:100560004FF00108F0B2032848DA09EB401000F51B
:100570003077B97A012941D197F90900113008FA89
:1005800000F0C14329606A681043686097F9090068
:1005900008FA00FAFDF72BFB99F894134AEA0101D7
:1005A00089F89413FDF754FB99F88403022817D1B6
:1005B00007F1100017F01AFD00F0FF0001280FD11D
:1005C000B86948B199F88413022909D117F00EFDD2
:1005D00000F0FF00012803D10220B8720EE000BF36
:1005E00099F8210397F9091004FA01F1084389F8F1
:1005F0002103002109F5826017F0D0FD761C032E3F
:10060000B0D3BDE8F08730B5042881B020D1DFF841
:10061000284404F58D60F8F7C1FAC8B1F8F7B7FAC5
:10062000054604F58D60F8F7B7FA4543B5F5967FB2
:100630000ED204F58D60F8F7C6FA0520F8F712FC23
:10064000012084F89103042104F56E7017F0A6FDD3
:10065000002001B030BD70B50446FDF7C8FADFF8E0
:10066000D863054696F84C0320EA040486F84C4308
:100670000024D6F8280320B1B830F8F78FFA00B17B
:100680000124D6F82C0320B1B830F8F787FA0443D8
:1006900019D196F84C03002808BF002C13D1D6F8C6
:1006A000480380B190F828108A070CD5446A284680
:1006B000FDF7CEFAD6F8480300220221A047002019
:1006C000C6F8480370BD2846BDE87040FDF7C0BAC3
:1006D000F0B400290CBF01230023002A0CBF012520
:1006E0000025002839D02C0004BF90F84440002C8D
:1006F00033D000291CBF91F84440002C12D0446B29
:100700000E6C07690969A408A4EB96040026B94297
:1007100018BFFE68A41B04F18054B4F1805F88BF49
:10072000012301D8190018D0BAB1D1680C7B04F0AC
:100730000F04022C11D1516B046C126900698908F5
:10074000A1EB94010024904218BFD468091B01F169
:100750008051B1F1805F88BF012503EA0500F0BC3C
:100760007047F0B581B01E466FF002078DF800703B
:10077000054634682246FFF7ABFF10B101208DF823
:1007800000009DF90000B84201BFE968087B00F055
:100790000F0002280CD100E024684CB122682146E9
:1007A0002846FFF795FF0028F6D002208DF80000BC
:1007B0009DF90010B94204D1E86B10B104218DF805
:1007C00000109DF90070012F06D129463046FDF733
:1007D000BAFA384601B0F0BD022F09D12268002ACA
:1007E0002946304608D0FDF786FA384601B0F0BDFC
:1007F000042F03D129463046FDF790FA384601B060
:10080000F0BD0020704730B581B00446FDF7EFF928
:100810000546894890F8941321EA040480F894432B
:1008200090F89423110704D4082100F56E7017F096
:10083000B5FC284601B0BDE83040FDF709BA2DE906
:10084000F04FDFF80CAC81B09AF88413022905D17F
:1008500001B0BDE8F04F1920FDF7D9B99AF884032B
:1008600001281CBF9AF88403042800F08780FDF754
:10087000BEF900900024DAF85003002518B3C168CF
:100880000A7B012502F00F02022A1CD10A881921D5
:1008900040F603039A421CBF40F60406B24219BF59
:1008A0000269136902695369528B406B9A189AF86E
:1008B000223311FB0321FFF781FD0646F8F767F9A4
:1008C000B6FBF0F800E0A04600264FF0FF39002705
:1008D000F8B203281EDA0AEB401101F53072907A63
:1008E000C0B1107A012602281DD0DAF898030169F8
:1008F000408B9AF822330918192010FB0311506914
:10090000FFF75CFD8346F8F742F9BBFBF0F0484582
:1009100098BF81467F1C022FDAD9354205D0444664
:100920004C4507D905E0A146F7E70DB1444601E083
:1009300006B14C46354317D064B12146012998BF12
:1009400001210AF58D60F8F738F90AF58D60F8F79E
:1009500038F90DE00AF58D60F8F735F904210AF54C
:100960006E7017F01BFC03E00AF58D60F8F72BF9A9
:10097000009801B0BDE8F04FFDF76AB901B0BDE8DD
:10098000F08F30B585B001460022039201920492A7
:10099000029240F602058C68487E628023885B1BC9
:1009A00009D041F21E055B1B05D041F6E6755B1BC5
:1009B000012B0FD91CE0238A4FF6FF32134023820C
:1009C000002819BF4FF60F4003402D2060F3091394
:1009D00023820DE0238B4FF6FF3213402383002840
:1009E00019BF4FF60F4003402D2060F309132383F6
:1009F0000020487602AD009504AB01AA03A9204669
:100A000001F0CDFE50B1039801884FF6FF7291427C
:100A100004D10299019801F034FE03E00299019893
:100A200001F075FEDFF8280AD0F8AC1309B101987F
:100A3000884705B030BD0000A001002040210840DB
:100A400000000440081004402DE9F04784B0002560
:100A5000DFF8FC890395D8F850630295002E68D022
:100A6000D8F86403002804BFD8F86003002840D1F8
:100A7000012585F0010903AA494602A8FFF7BCFC3D
:100A8000040058D1DFF8CC094768002F18BF002CAC
:100A900000F009830298002840F00583D8F8641319
:100AA00003980190CDF8009008F55673D8F86003CC
:100AB00008F55472B847012800F0C881022840F0B8
:100AC000F282D8F86003D8F86013B0F930400D69AD
:100AD000FDF78DF84FF0FF318C4201904BD1D8F8E3
:100AE000600300283BD00069A84238D1D8F8606381
:100AF00097E0D8F860030028BBD0D8F860030169FC
:100B000030698142B5D196F83310CA06B1D5D8F80C
:100B100064030028ADD10125D8F86003C168488876
:100B20000028F9D0D8F86003C16848880128F3D0BC
:100B30009FE702213FE3002DA4D102980028A1D015
:100B40000146022938BF012108F58D60F8F735F814
:100B500008F58D60F8F735F804B0BDE8F087D8F8EF
:100B6000640328B10069A84208BFD8F8646358D06C
:100B7000D8F8506355E0B8F930000021A04202BF18
:100B8000D8F810300093AB4246D0B8F98800012164
:100B9000A04202BFD8F868300093AB423CD0B8F90D
:100BA000E0000221A04202BFD8F8C0300093AB425F
:100BB00032D0B8F938010321A04202BFD8F8183169
:100BC0000093AB4228D0B8F990010421A04202BFA3
:100BD000D8F870310093AB421ED0B8F9E801052176
:100BE000A04202BFD8F8C8310093AB4214D0B8F984
:100BF00040020621A04202BFD8F820320093AB4247
:100C00000AD0B8F998020721A04202BFD8F878228A
:100C10000092AA4240F01881582010FB01F108EB25
:100C20000106002E00F0108196F83300010640F115
:100C30000B81D8F8600386421CBFD8F864138E423B
:100C40006AD0D8F850434FF0000A00E02468002C26
:100C500000F0FA80B44211D02468002C00F0F48037
:100C6000B4420BD02468002C00F0EE80B44205D0D2
:100C70002468002C00F0E880B442E7D1206927689E
:100C8000A84234D1FCF7B3FFD4E90A2343F08051E2
:100C9000C4E90A210AF1010AD4E9082343F080518A
:100CA000C4E90821FCF7D4FFFCF7A1FFD4E90A232B
:100CB00043F08071C4E90A21D4E9082343F080712C
:100CC000C4E90821FCF7C4FF98F84C133069C8F850
:100CD000480341F0010188F84C1308F5547021468F
:100CE000FDF746F8214608F55670FDF717F83C0069
:100CF000C4D1BAF1000F1FBF98F88403012898F8F7
:100D00008403042800F0A080DFF8281908F56E702D
:100D100017F044FA0198F1E1D8F8600300224FF08F
:100D20000053FFF731FBD8F8640300224FF0005363
:100D3000FFF72AFBDFF8000917F058F9D8F86043ED
:100D4000FCF755FF5CB1D4E90A2343F08071C4E994
:100D50000A21D4E9082343F08071C4E90821FCF793
:100D600077FFD8F86443FCF742FF5CB1D4E90A236B
:100D700043F08071C4E90A21D4E9082343F080716B
:100D8000C4E90821FCF764FF98F84C133069D8F8DF
:100D90005063C8F8480341F0010188F84C13344609
:100DA00000E02468002C4FD0B4420ED02468002C00
:100DB0004AD0B44209D02468002C45D0B44204D0B3
:100DC0002468002C40D0B442EBD1002C3CD02069E8
:100DD0002768A84236D1FCF70AFF0246D4E90A0187
:100DE00041F08053C4E90A03D4E9080141F080537B
:100DF000C4E908031046FCF72BFFFCF7F8FE024697
:100E0000D4E90A0141F08073C4E90A03D4E9080176
:100E100041F08073C4E908031046FCF719FF98F805
:100E20004C133069C8F8480341F0010188F84C13AD
:100E300008F554702146FCF79BFF214608F55670D3
:100E4000FCF76CFF3C00C2D1019857E1039800B158
:100E50000646B6F930403569FCF7C9FE4FF0FF3160
:100E60008C42074614D1D8F8600328B10069A84223
:100E700008BFD8F8606361D0D8F8640328B100696E
:100E8000A84208BFD8F8646358D0D8F8506355E03A
:100E9000B8F930000021A04202BFD8F8103000930A
:100EA000AB4246D0B8F988000121A04202BFD8F871
:100EB00068300093AB423CD0B8F9E0000221A04278
:100EC00002BFD8F8C0300093AB4232D0B8F9380135
:100ED0000321A04202BFD8F818310093AB4228D0BA
:100EE000B8F990010421A04202BFD8F870310093F4
:100EF000AB421ED0B8F9E8010521A04202BFD8F8E4
:100F0000C8310093AB4214D0B8F940020621A04288
:100F100002BFD8F820320093AB420AD0B8F9980249
:100F20000721A04202BFD8F878220092AA4240F0DE
:100F3000B880582010FB01F108EB0106002E00F0EC
:100F4000B08096F83300010640F1AB80D8F860031A
:100F500086421CBFD8F864138E4261D0D8F8504343
:100F600000E02468002C00F09C80B44211D024687A
:100F7000002C00F09680B4420BD02468002C00F0C6
:100F80009080B44205D02468002C00F08A80B442DE
:100F9000E7D12069A84240F08480FCF728FED4E91C
:100FA0000A2343F08051C4E90A21D4E9082343F01D
:100FB0008051C4E90821FCF74BFEFCF718FED4E988
:100FC0000A2343F08071C4E90A21D4E9082343F0DD
:100FD0008071C4E90821FCF73BFE98F84C13306996
:100FE000C8F8480341F0010188F84C1308F5547023
:100FF0002146FCF7BDFE214608F55670FCF78EFE33
:1010000098F8840301281CBF98F88403042848D06A
:10101000DFF8201608F56E7017F0C0F838466DE05E
:10102000D8F8600300224FF00053FFF7ADF9D8F86D
:10103000640300224FF00053FFF7A6F9DFF8F8052C
:1010400016F0D4FFD8F86043FCF7D1FD5CB1D4E9C9
:101050000A2343F08071C4E90A21D4E9082343F04C
:101060008071C4E90821FCF7F3FDD8F86443FCF76C
:10107000BEFD5CB1D4E90A2343F08071C4E90A21C2
:10108000D4E9082343F08071C4E90821FCF7E0FDAE
:1010900098F84C133069C8F8480341F0010188F80A
:1010A0004C1338462AE0002D00F089803069D8F8CA
:1010B0009813884218BF4FF480617CD1002C1CBF6C
:1010C000029800281FD0D8F86003002804BFD8F881
:1010D0006403002817D1FCF78AFD044698F89403AE
:1010E00000F0F70088F8940398F89403010704D4FB
:1010F000082108F56E7017F051F82046FCF7A8FD9E
:1011000004B0BDE8F087FCF772FD98F8941341F045
:10111000080188F89413FCF79BFD96F83300C1068C
:1011200008F5547004D5FCF7D2FDC8F8640303E059
:10113000FCF7CDFDC8F86003D6E90601DFF8A0484A
:10114000C043A060E268D6E906010243E260D6E946
:101150000623DB4323606768D6E906010F43676017
:10116000DFF880787D68F4682B46180007D0387A5D
:10117000010704D5D8F8980332460821984720463D
:1011800016F034FF208840F60201401A08D041F2E0
:101190001E01401A04D041F6E671401A012808D811
:1011A0003DB1387AC10704D5D8F898032246012109
:1011B000A8474FF0804108F56E7016F0EFFF04B0BD
:1011C000BDE8F0872DE9F04FDFF88492DFF81808CA
:1011D00081B0D9F8608316F08AFF0646DFF8E4098B
:1011E0000468076804F02004344018BFB8F1000F09
:1011F00007F4602716D0C9F86883FCF7F8FCD8E933
:101200000A232343C8E90A23D8E908AB4BEA0405BB
:10121000C8E908A5FCF71CFD4FF4804109F56E7084
:1012200016F0BCFF3E400DD099F8211341EA56401C
:1012300089F8210301B009F58260BDE8F04F002173
:1012400016F0ACBF01B0BDE8F08F2DE9F043DFF838
:10125000009281B099F82103002400284CD099F81D
:1012600021030026C1073DD599F821031021B14083
:10127000084218BF0124FCF7BAFC99F82113112287
:10128000B240914389F82113FCF7E2FC032E33DAD4
:1012900009EB461101F53072907A68B392F9098032
:1012A000DFF8241901EB8801002C0D6816685768D7
:1012B00004BF107A022803D1D2E90401C30009D483
:1012C0001046FFF7FFF82CB10020009000224FF0ED
:1012D000007303E0009500224FF000634146304662
:1012E000B84709E099F8210301268107BCD499F891
:1012F000210302264107B7D499F8210338B109F533
:10130000826001B0BDE8F043002116F047BF01B094
:10131000BDE8F0832DE9F0430FF23C1285B0D2E92D
:101320000034CDE900344FF4804016F059FE4FF000
:101330000008F0B1DFF89408D0F813100078C1F37A
:101340001501800841EAC0714148D0F89833986887
:1013500002AA01F0B7FA3E48DFF88816D0F89803E1
:101360004B6882681C0004D00C7AE10744BF01215D
:1013700098476E464FF0020937683868002855D004
:101380003868D0E9060116F02BFE3D680021CDE952
:1013900002010446FCF72BFC84467DB1D5E90A2303
:1013A000DDE9020110431943C5E90A01D5E9082323
:1013B000DDE9020110431943C5E908016046FCF765
:1013C00047FC14F00A0F2AD03868DFF8F817DFF866
:1013D00000388A68DFF8EC47D0E9060118408243FC
:1013E000A26038682368D0E906018B4323603A681D
:1013F000DFF8F0054368190007D0017AC80604D564
:10140000134CD4F89803102198473968DFF8C407C3
:10141000FCF784FC0020386048F0020806E02CB19C
:1014200038680B49C1F8680348F48048361DB9F1A3
:101430000109A1D15FEA08011CBFDFF89C0716F083
:10144000ADFEFFF785F8FFF7FFFA05B0BDE8F083C2
:10145000A001002014310020000500200405002018
:1014600030B5DFF8784781B0B4F96C03B4F96E1386
:10147000884217D1FCF7BBFB054694F8940300F0B3
:10148000F70084F8940394F89403010704D4082126
:1014900004F56E7016F082FE284601B0BDE83040BB
:1014A000FCF7D6BB01B030BD0720FFF7D4B82DE95B
:1014B000F041074682B0D7F8A860884614461D461A
:1014C00006B1B047D7E928012040294008BF0028CD
:1014D00000F08E80DFF80457B5F9306000244645EF
:1014E00002BF2A690092BA4203D195F8332016064A
:1014F00063D4B5F988600124464502BFAA6E009204
:10150000BA4203D195F88B20160656D4B5F9E0609F
:101510000224464502BFD5F8C0200092BA4203D14A
:1015200095F8E320160648D4B5F9386103244645FA
:1015300002BFD5F818210092BA4203D195F83B2199
:1015400016063AD4B5F990610424464502BFD5F891
:1015500070210092BA4203D195F8932116062CD43B
:10156000B5F9E8610524464502BFD5F8C8210092C7
:10157000BA4203D195F8EB2116061ED4B5F94062A4
:101580000624464502BFD5F820220092BA4203D174
:1015900095F84322160610D4B5F9986207244645FB
:1015A00002BFD5F878220092BA4203D195F89B2267
:1015B000160602D4C7E92C0110E0582616FB04F4E5
:1015C000C7E92C012C44D4E9082322EA000023EACD
:1015D0000101C4E90801D7F8A850A5600020C7F8A8
:1015E000A80002B007F15000BDE8F04116F057BE68
:1015F00002B0BDE8F081704700B581B016F0CCFDB7
:10160000DFF8D8250146D2F89803D2F8882301B034
:101610005DF804EB1047DFF8C4050FF2D152D0F8A3
:101620008813914208BFFFF70AB9042100F56E70D4
:1016300016F0B4BD020000400100010430B581B0D5
:101640004FF0FF3016F0CCFCDFF890550FF29D51B3
:101650000446D5F88803884232D10022DFF8881585
:1016600005F57D70FCF7D5FA022085F88403D5F8DE
:1016700098138A6801F1380300E00246506890B17F
:1016800098421EBF0246506800280CD098421EBFE8
:1016900002465068002806D098421FBF0246506894
:1016A00000289842E9D1507B10F00F0F02BF488FFD
:1016B00040F60901884203D0FEF74AFFFFF7C4F95C
:1016C000DFF8BC0C044208D005F56E7001B0BDE82F
:1016D00030404FF0005116F061BD01B030BD00B593
:1016E00081B04FF0FF3016F07BFC800708D501B0C9
:1016F0005DF804EB4FF40061DFF8DC0416F04EBD3A
:1017000001B000BD2DE9F041DFF8D074D7F858637F
:10171000002E00F0AB80F068082140F6040240F68D
:10172000030301E04068491E68B1CCB25CB1048893
:101730009C4218BF9442F5D1316901F138021AC8B0
:101740001AC21AC81AC2D6E90A450022C6E90A22F4
:10175000B068D0B115F0E24310D024F00F0235F09C
:10176000E24308BF002A05D0B6F930103069D6F838
:1017700008C0E04704F0000405F0E245B6F9301077
:1017800030692246B4682B46A047FCF730FA04467D
:10179000B7F86E03401CC0F30B00A7F86E036FF0A0
:1017A0000201002086F83300318607F55670FCF7F9
:1017B0008EFA2046FCF74CFAB7F96E03B7F96C13B2
:1017C000884253D1D7F89823D7F82863D7F82C53F9
:1017D00092F8FC100024A046052001B10720FEF776
:1017E0003AFF2EB196F8FC0000B9346886F8FC8008
:1017F0003DB195F8FC0008B9D5F80080002085F8C7
:10180000FC00444538BF4446E4B9B7F96C03B7F966
:101810006E1388422AD1FCF7EAF9044697F894033C
:1018200000F0F70087F8940397F89403010704D4B5
:10183000082107F56E7016F0B1FC2046BDE8F041B6
:10184000FCF706BA14F1010F10D0F7F7A0F9B4FBBA
:10185000F0F1012998BF012107F2AC40F7F7ADF98B
:1018600007F2AC40BDE8F041F7F7ABB9BDE8F08155
:10187000DA4A92F884130020022904BFD2F86013D8
:10188000002903D1D2F8641301B90120704770B563
:10189000DFF8F01A0446D148D0F89C630868256840
:1018A000026B9047864231BF861B401E861B761C0A
:1018B000360BAE423CBFAD196E0840F6C4108642EE
:1018C00088BF064604D8B6F5967F38BF4FF49676A3
:1018D000266070BD30B50D46A80781B0BF4C12D54B
:1018E000FFF710FFD4F8580340B145F0020104F5AA
:1018F0006E7001B0BDE8304016F050BC01B0BDE8DC
:101900003040FEF79CBF680767D5012184F8961325
:101910000420F7F7A7FADFF86C0A01680A6B904712
:10192000C4F89C03D4F8500398B10569D4F898031F
:10193000002818BFA8420AD095F82800410704D50E
:101940006B6A002204212846984701206876C4F873
:101950009853D4F898034168DFF82C0A0A7802609B
:101960000220F7F77FFA1020F7F791FA012084F8A8
:1019700084031C49887810B90D20F7F788FAD4F849
:10198000980341688868002804BFC868002806D00A
:10199000DFF8B80CDFF84C2C0021C1610260072091
:1019A000DFF8441C08600021DFF8A00C42694161A7
:1019B00082698161426942F0402242F00202426142
:1019C0000FF22900C4F888031A20FCF714F901B0BB
:1019D000BDE830401920FCF70EB901B030BD000061
:1019E00008100440F02F000020000E002DE9F04305
:1019F0000446880081B040F1B180DFF8E081D8F87A
:101A00009803416848688E68CF68010018BF804716
:101A10003000DFF8385C01D138000ED0E8690028CA
:101A2000FCD00021E961300018BFB047380018BF72
:101A3000B847DFF81C0C16F0D9FA0020E86140F630
:101A40000A09DFF8101C2960A8F87093A8F872033F
:101A500098F87C1301F0F00188F87C13C8F874033F
:101A6000204698F87D1301F0F00141F0010188F85B
:101A70007D13FEF786FFA668374640F6040140F660
:101A8000030200E00746786828B103884B451CBF75
:101A900093428B42F6D17B7B08F55C70786003F053
:101AA000F0037B73D8F8500328B1C06800889042D7
:101AB00018BF88421CD0208FD0B100216187E1631C
:101AC00094F8450094F8441000F0F00040F0010054
:101AD00084F8450001F0F00184F8441004F1380066
:101AE000C8F8740398F87D1301F0F00188F87D13AD
:101AF000E8690028FCD00021E9610FF2F10298F8B2
:101B00009103C8F8882330B1F7F77DFB0028FBD09C
:101B1000F7F794FB10E032490A68136801209847F0
:101B2000012809D0787B00F0F00040F001007873C4
:101B30000FF23100C8F888030021E9612E602948BE
:101B4000436819000AD0007AC10707D5D8F898036E
:101B5000324601B0BDE8F0430121184701B0BDE8AD
:101B6000F0830000DFF8F02A114200D1704710B571
:101B70001B490A6813680120984701280DD1DFF836
:101B8000DC0A0FF26901C0F888130022DFF8BC1AE2
:101B9000CA6100F55C70086010BDF6F7F8FF3221ED
:101BA000B1FBF0F10129DFF8B44A98BF012104F537
:101BB0008D60F7F702F804F58D60BDE81040F7F787
:101BC00000B800000C10044094300440850300214C
:101BD000FDBFFFFFF804002058050020A0010020F1
:101BE000E0010010F02F0000151301002DE9F04F67
:101BF00004460E46700483B0DFF8608A2CD5FBF7EC
:101C0000F6FFD8F8687317B3D7E90A2302F00A047D
:101C100013F0E04508BF002C19D1D7E90A45D7E9F0
:101C20000A23A243AB43C7E90A23FCF711F8B868BB
:101C300078B1002D08BF002C0BD0B7F930103869EF
:101C40002246BC682B46A04726F4804623E3FBF7D8
:101C5000FFFF26F480461EE3B00040F18580DFF8E8
:101C6000540CD0F88C1041F08001C0F88C1098F81A
:101C7000960328B10420F7F78AF8002088F8960325
:101C8000FBF7B5FFDFF8FC164A6D13680546042024
:101C90009847D8F8B423014691421DD1207E0028F0
:101CA0001CBFD8F89C03002816D0D8F8600370B188
:101CB000C1680A8840F603039A421FBFC0680188C2
:101CC00040F60402914208BF04F1140001D004F16F
:101CD0001000FFF7DCFD05E040F6C41020616061F4
:101CE000C8F8B4132846FBF7B3FFD8F898138A68EE
:101CF00001F1380300E00246506890B198421EBFDF
:101D00000246506800280CD098421EBF0246506818
:101D1000002806D098421FBF02465068002898420B
:101D2000E9D1507B10F00F0F02BF488F40F6090237
:101D300090420FD1256A00224FF000736FF480713A
:101D40002046A847D8F8500310B1FEF778FD01E00F
:101D500046F002062046E46900224FF0806300212D
:101D6000A04726F0005696E2B00709D5FFF7CAFC57
:101D7000D8F85803002840F08E8226F002068AE246
:101D8000700540F1BA80FBF732FF0546FFF770FDA2
:101D9000D8F85043012840F0AA80002C00F0A7801A
:101DA000042088F884030022DFF80C1B08F57D70FE
:101DB000FBF72FFF2846FBF74BFF08F2AC40F6F786
:101DC00002FFDFF8C00501680A6B9047C8F8A0035E
:101DD000012088F896030420F7F744F82069C8F832
:101DE000980390F828104A0703D5436A002204217B
:101DF0009847D8F89803DFF8545841688F68D1F8AD
:101E00000C904868002F08BFB9F1000F04D00021E2
:101E1000E961DFF8D0272A6008B116F011F9002F28
:101E200008BFB9F1000F0ED0E8690028FCD00021EE
:101E3000E96107B1B847B9F1000F18BFC847DFF82B
:101E4000100816F0D3F8D8F898030121417640F62F
:101E50000A07FEF796FDD8F898339A68114640F6BF
:101E6000040C40F6030E00E00146486830B1B0F8BB
:101E70000090B9451CBFF145E145F5D1002048600F
:101E80004F7B07F0F00747F001074F73E0680088C9
:101E9000704518BF604503D10020C8F8A00315E0C5
:101EA000188F98B103F13800002444804460047B0B
:101EB00004F0F0040473447B04F0F00444F00104E3
:101EC00044734860487B00F0F00048730020E861EC
:101ED0002A60DFF8E809446821000BD0007AC107C6
:101EE00008D501211846A04726F48066D3E128468C
:101EF000FBF7AEFE26F48066CDE1310564D598F897
:101F0000960328B10420F6F742FF002088F89603D4
:101F1000D8F8984304F1080104F138050B6800E093
:101F20000346586890B1A8421EBF0346586800286F
:101F30000CD0A8421EBF03465868002806D0A8420D
:101F40001FBF034658680028A842E9D1587B10F00B
:101F50000F0F02BF488E40F60902904207D120467B
:101F6000246A00224FF000736FF48071A047D8F804
:101F7000A00398B1DFF80C140868026B9047D8F8FA
:101F8000A013814231BF401A401E401A401CD8F8AD
:101F90009813000BC8600020C8F8A0030022DFF8E7
:101FA000201908F57D70FBF734FE022188F88413B0
:101FB000D8F8580318B108F56E7016F0EFF8FEF770
:101FC0003EFC26F4006666E1300740F15E81FBF7D7
:101FD0000EFE0190FFF74CFC002800F04E8198F8AF
:101FE0009403010700F1498198F89403010600F178
:101FF0004481D8F850030024002520B3C1680A7B2F
:10200000012502F00F02022A1DD10A88192140F68B
:1020100003039A421CBF40F604039A4219BF0269A7
:10202000136902695369528B406B9A1898F82233EE
:1020300011FB0321FEF7C2F90746F6F7A8FDB7FB2F
:10204000F0F1009100E0009400274FF0FF39A24624
:102050005FFA8AF002281FDC08F5307101EB4012AC
:10206000907AC8B1107A0127022820D0D8F89803B6
:102070000169408B98F822330918192010FB0311CD
:102080005069FEF79BF98346F6F781FDBBFBF0F044
:10209000484598BF814600BF0AF1010ABAF1030F13
:1020A000D6D33D4205D0009C4C4507D905E0A1465A
:1020B000F7E70DB1009C01E007B14C463D4302D06B
:1020C000002C00F0DA8098F82103002840F0D58039
:1020D00000270125F8B202281FDC08F5307101EB5A
:1020E0004011887AC8B191F909008D7205FA00F99A
:1020F000FBF77DFD044698F8940320EA090088F870
:10210000940398F89413080704D4082108F56E7016
:1021100016F044F82046FBF79BFD7F1C032FD9D314
:10212000032088F8840308F2AC40F6F74CFD0198D0
:10213000DFF81845FBF78CFD606900216161002222
:10214000E068E16008F57D70DFF8381BFBF761FDA2
:102150008C4801680A6B9047D8F89C13814231BFC4
:10216000401A401E401A401CD8F88C134FF0FF3222
:10217000A2EB10328A4234BF4FF0FF3001EB103037
:10218000C8F88C0398F8900330B1D8F8A403D8F8B5
:102190008C13C00288422FD2DFF818070268D107DB
:1021A00025D5DFF8E40A0068010620D540F60900CD
:1021B000A8F870030021A8F8721398F87D0300F0C6
:1021C000F00040F0010088F87D0398F87C0300F0EF
:1021D000F00088F87C03C8F87413E16108F55C71BD
:1021E000216000BFB8F8720310F4406FFAD00021EC
:1021F00088F89053C8F88C1315F005FFDFF8E81342
:10220000DFF8B846002008606368180007D0207A1D
:10221000810704D5D8F898030022022198470220AC
:10222000F6F7B5FD1020F6F7CBFD98F8950320B929
:10223000D8F89803503016F032F8A07810B90D2075
:10224000F6F7BEFD98F8910328B1002188F89113A4
:102250000520F6F79CFDDFF8E80BC8F8880300219D
:1022600088F884130220B8F96E13B8F96C239142F0
:1022700008BF0720FEF7EFF902E00198FBF7E8FC42
:10228000FEF7DDFA26F0080605E0700003D5FEF73C
:10229000D6FA26F080463EB1314608F56E7003B09E
:1022A000BDE8F04F15F07ABF03B0BDE8F08F000035
:1022B0002DE9F54CDFF8A4A3DAF8504381B09B4632
:1022C00000250E4600E02468002C55D0B4420ED004
:1022D0002468002C50D0B44209D02468002C4BD084
:1022E000B44204D02468002C46D0B442EBD1002C78
:1022F00042D0206901992768884237D1FBF777FCE3
:10230000D4E90A2343F08051C4E90A21D4E908231F
:1023100043F08051C4E90821FBF79AFCBBF1000FA0
:1023200018D0FBF764FCD4E90A2343F08071C4E9B8
:102330000A21D4E9082343F08071C4E90821FBF79E
:1023400087FC9AF84C133069CAF8480341F0010140
:102350008AF84C1321460AF55470FBF709FD214613
:102360000AF55670FBF7DAFC15F101059DF8080037
:10237000002818BF3C46BAD1284603B0BDE8F08C0F
:10238000020000408C010010D02108402DE9F047E8
:1023900092460326BAF1000F84B081461D4614BF51
:1023A0004FF080474FF000570C46FBF720FC4FF0F2
:1023B000FF318C420190DFF8A48256D1D8F8600337
:1023C000002846D00069484543D1D8F86043002C26
:1023D00000F0018194F83300010640F1FB808DF894
:1023E00000500C9ED8F8600384421CBFD8F86413D8
:1023F0008C4240F0D880D8F86053FBF7F8FB844655
:102400004DB1D5E90A013943C5E90A01D5E90823E7
:102410003B43C5E908236046FBF71AFCD8F8645330
:10242000FBF7E5FB84464DB1D5E90A013943C5E91F
:102430000A01D5E908233B43C5E908236046FBF7B9
:1024400007FCBAF1000F14BFDFF8F809DFF8F8094C
:1024500067E0D8F8640328B10069484508BFD8F898
:102460006443B4D0D8F85043B1E7B8F93010002035
:10247000A14202BFD8F8103000934B4505D1582136
:1024800011FB00F008EB0004A1E7B8F98810012067
:10249000A14202BFD8F8683000934B45EFD0B8F99D
:1024A000E0100220A14202BFD8F8C03000934B4593
:1024B000E5D0B8F938110320A14202BFD8F818318D
:1024C00000934B45DBD0B8F990110420A14202BF24
:1024D000D8F8703100934B45D1D0B8F9E8110520F8
:1024E000A14202BFD8F8C83100934B45C7D0B8F914
:1024F00040120620A14202BFD8F8203200934B457B
:10250000BDD0B8F998120720A14202BFD8F87822AE
:1025100000924A455FD1582111FB00F008EB0004FE
:1025200055E715F063FD96B3D8F86053FBF75FFBF2
:1025300002465DB1D5E90A0141F08073C5E90A039D
:10254000D5E9080141F08073C5E908031046FBF79F
:102550007FFBD8F86453FBF74AFB02465DB1D5E92F
:102560000A0141F08073C5E90A03D5E9080141F089
:102570008073C5E908031046FBF76AFB98F84C1313
:102580002069C8F8480341F0010188F84C139DF810
:102590000000E8B10246D8F8501333464846FFF72A
:1025A00087FE832617E033462A4621464846FFF732
:1025B0007FFE78B198F8840301281CBF98F8840343
:1025C000042805D0DFF8F41B08F56E7015F0E6FD61
:1025D000832600E004260198FBF73AFB304604B05E
:1025E000BDE8F087510007060000046010B50C46F6
:1025F0001A4991F88423022A0BD115F0F7FC04B193
:10260000206000F0FF00012801D1812010BD0220D0
:1026100010BD012010BDF0B581B004460D46164630
:10262000FBF7E5FA07460D48D0F898138C4218BF1F
:10263000032404D131462846FFF7D8FF0446384624
:10264000FBF706FB204601B0F0BD0000001004407F
:102650000100070601010E0404000020A001002073
:1026600030B5144681B00546502340F2FF3215F0D4
:10267000E8FC24B1014655F82110890A216001B017
:1026800030BD002942D00A0E202A08BF10221AD0DD
:10269000212A08BF202216D0A02A08BF302212D03B
:1026A0000AB940220FE0102A08BF50220BD0112A8D
:1026B00008BF602207D0402A08BF702203D0502AEA
:1026C0000CBF802290228901090A42EA012141F0CF
:1026D0000F0100E0001D026812F1010F18BF8A42CD
:1026E0001CBF50F8042F12F1010F0ED08A421CBFFC
:1026F00050F8042F12F1010F07D08A421EBF50F884
:10270000042F12F1010F8A42E4D1016070470029C1
:1027100044D00A0E202A08BF10221AD0212A08BF4E
:10272000202216D0A02A08BF302212D00AB9402297
:102730000FE0102A08BF50220BD0112A08BF6022D8
:1027400007D0402A08BF702203D0502A0CBF802235
:1027500090228901090A42EA012141F00F0100E0BB
:10276000001D026812F1010F18BF8A421CBF50F809
:10277000042F12F1010F0ED08A421CBF50F8042F13
:1027800012F1010F07D08A421EBF50F8042F12F138
:10279000010F8A42E4D14FF0FF31016070472DE90B
:1027A000F04381B01E46089DDFF8CC3B1B685B0EF2
:1027B00013F00108038840F6020765D0BB4207D03A
:1027C000B3F5C15F10D043F60607BB4218D022E034
:1027D00000F112030B604169116082693260C169C6
:1027E0002960C77B047C22E000F112030B60416981
:1027F0001160426A3260816A2960C77B047C16E0FE
:1028000000F11A030B600027C1691160026A32608F
:10281000416A29600AE000F11A030B60C169116086
:10282000826A3260C16A296090F82470047E306840
:1028300004F0070488B105234FF6FF7240F20371DC
:1028400015F0FFFB8146B9F1050F06DA214638463F
:1028500015F00EFC316841F82900286830B30523D3
:102860004FF6FF7240F2037115F0EBFB0646052EA2
:102870001CDAFF21384615F0FBFB296841F82600D9
:10288000404601B0BDE8F083BB4218BFB3F5C15F5D
:1028900004D100F112030B60406903E000F11A0358
:1028A0000B60C0691060002030602860404601B0B5
:1028B000BDE8F08340210840DF160100F02F000042
:1028C000151301002DE9F04186B015460C46002293
:1028D000029204920392019201A9009103AB04AA0F
:1028E00002A9FFF75CFF8326E20F30D130B30398D3
:1028F00000281CBF019800281AD00298048040F2DA
:102900002B28039F41463846FFF7AAFEFF281CBF2D
:1029100048EA842147F8201001990498FFF7F7FE50
:102920001520288030460399696006B0BDE8F08123
:10293000029801884FF6FF72914249D002980480B4
:10294000102129806C80304606B0BDE8F081002857
:102950003ED0039800281CBF019800281CD0029884
:102960004FF6FF7101800022019F2B213846FFF7AF
:1029700077FEFF2804D0A40244F02B0447F820403F
:1029800001990498FFF77DFE1520288030460199B3
:10299000696006B0BDE8F081049F00222B21384613
:1029A000FFF75EFEFF2804D0A10241F02B0147F89B
:1029B0002010FF280CD002994FF6FF7008801422D7
:1029C0002A80C4F315046C60304606B0BDE8F0817F
:1029D0000326304606B0BDE8F0812DE9F04391B002
:1029E0000D460021DFF8948A089101910791069124
:1029F0000646D8F8089014461F4615F05FFC2628B6
:102A000003D015F05BFC252826D1208843F607016A
:102A1000884212D194F8240002281DDD2069DFF8D5
:102A2000602B20F06041914216D020F06040DFF82A
:102A3000541B884240F021810EE040F60202904291
:102A400003D1E07B022807DD17E1B0F5C15F03D1B8
:102A5000E07B022800F31181002D18BF002C00F04C
:102A60000C81287829FA00F0C10740F10681002185
:102A7000204615F03AFB7560B460DFF80059D5F8D0
:102A8000AC0388B106A9009107AB01AA08A92046AA
:102A9000FFF785FE019850234FF6FF720B2115F0CA
:102AA000D0FAFF2800F0E980FBF7A1F8814695F8FD
:102AB0009503022880F2DE80002840F08680F6F739
:102AC000B4F8DFF8C40ADFF8C44A016841F0020133
:102AD0000160DFF8BC0AC8F8000002A815F026FB68
:102AE0006078DFF8B01A049002AA05F56E7015F050
:102AF00025FB02AADFF8A01A05F5826015F01EFB7F
:102B000002A8FBF79DF820785E4A039002AB1921DA
:102B100005F57D70FBF748F802ABDFF8802A1A2133
:102B200005F24C40FBF740F800230022DFF8701A52
:102B300005F58D60F5F7DAFF00230022DFF8641A4F
:102B400005F2AC40F5F7D2FFDFF85C0A0168C1F38B
:102B5000814038B10023DFF8C82A042105F59E60C2
:102B6000F6F7FFF8A078012804BF0D20F6F78FF9DB
:102B700005F55670FBF7A0F805F55470FBF79CF8C7
:102B8000002085F88403C5F88C030021072085F810
:102B9000901385F8911385F82003C5F89C13002045
:102BA0000521C5F8A003C5F8A41385F89403A4492A
:102BB000C5F888136368180007D0207A410704D548
:102BC000D5F8980300220421984795F8950305EB62
:102BD0008002401CC2F8286385F895033C464846AD
:102BE000FBF736F83CB90FF2BC6191E8BC5109A87B
:102BF00080E8BC5109AC206830604FF4FA71F16094
:102C0000A069B0620120218A71837076E169316325
:102C1000606828B13061002160687061317605E03C
:102C200040F6C4103061706101203076DFF8F4099D
:102C300030627062F061E06800B13062606900B1DA
:102C40007062A06800B1F061C82106F13800F5F7A4
:102C50001FF9002106F1500015F0E0FA00230022D0
:102C6000DFF8E81A06F1B800F5F740FF304611B07A
:102C7000BDE8F0834846FAF7EBFF002011B0BDE84D
:102C8000F08300003D16010000000440F0B5DFF8BD
:102C9000EC4694F89513002981B000F09E80B4F9B9
:102CA0006C13B4F96E23914205461BD004F55471A0
:102CB000FDF726FB68B9D4F8600328B10069A84283
:102CC00008BFD4F8600304D004F556712846FDF718
:102CD00017FB38B1B0F930100A224FF0E043284614
:102CE00000F0AFF9FAF783FF0646D4F828038542CF
:102CF00007BF0021C4F828130020C4F82C0394F85F
:102D00009503401E84F89503C0B2002850D1C4F842
:102D1000985394F88403022820D1FAF768FF0746F5
:102D200094F8940300F0F70084F8940394F8940363
:102D3000010704D4082104F56E7015F02FFA384607
:102D4000FAF786FF3046FAF783FF4FF0FF3105F1BF
:102D5000500015F099FAFAF74AFF064604F56E702E
:102D600015F016FA04F57D70FAF73FFF04F582605E
:102D700015F00EFA04F24C40FAF737FF04F58D60B7
:102D8000F5F701FF04F2AC40F5F7FDFED4F8B013FF
:102D900011B104F20450884704F59E60F6F711FA69
:102DA000DFF8E8078178012904BF0D20F6F708F85D
:102DB000D4F89803A84204BF0021C4F89813304601
:102DC000FAF746FF05F1500015F05CFA05F1B8007E
:102DD00001B0BDE8F040F5F7D6BE01B0F0BD2DE979
:102DE000F04DFAF704FFDFF8944594F884130229B4
:102DF0001CBF94F88413042907D1DFF8042A14684F
:102E0000FAF726FF2046BDE8F08DFAF721FFDFF83C
:102E1000F409DFF88C8A01680A6B904710F50036D8
:102E200041F1000AD4F88013A8FB067B002008FBC0
:102E30000ABB3C184BEB01052C462046BDE8F08D43
:102E4000D518010001000204010001040021016005
:102E50004FF0FF3301718360C16001744161816192
:102E60000177417770472DE9F04F83B081460F46D7
:102E700015469B46FAF7BBFE01906FF00106DFF89E
:102E8000FC84D8F82803814508BFD8F82C0330B15A
:102E9000B830F5F783FE10B16FF00206AAE0FDF737
:102EA00042FA040000F0C680DDE90C6A08F2AC408A
:102EB000F5F789FEB8F86C03401CC0F30B00A8F8C6
:102EC0006C03E760002084F83200C4F808B02021C9
:102ED000B8F86C23DFF8CC092286C4F81090304093
:102EE0000AEA0101C4E90601002284F83320C4E99A
:102EF0000822EE6826642A7C84F844202B686363E9
:102F00002A7984F83820AB68E3636A69A264AB6904
:102F1000E3642A7F84F850206B7F84F851302A7C48
:102F200022B9EA6812B1012384F844302A79002AD0
:102F300002BF3A7B02F00F02022A04D1012284F878
:102F40003820BB686363082301E017465B1E7A687C
:102F5000002A18BF002BF8D13A8802F47C42B2F55F
:102F6000305F0AD194F8332042F0100284F8332005
:102F700040F00800C4E9060103E040F00202C4E9A1
:102F80000621D8F84803484507D198F84C03C107F3
:102F900044BF00F0FE0088F84C03DFF8B80906686B
:102FA0006FF002050EB92E461DE0D8F8642308F52F
:102FB0005670009008F55473D8F860132046B04757
:102FC0000646AE420FD0B8F96C03B4F9301088420F
:102FD00006D0B8F86C03411EC1F30B01A8F86C13BE
:102FE00016F1020F0FD1B8F86C03411EC1F30B01AB
:102FF000A8F86C13C8F8489398F84C0340F0040004
:1030000088F84C0316E0B4F9306094F8330040F0CF
:10301000800084F83300002189F8FC10D8F85003B0
:10302000A0421FBFE168087B00F00F00022808BF24
:10303000FDF705FC0198FAF70BFE304603B0BDE83A
:10304000F08FF0B506460F46380081B014461D4695
:1030500003D50020002101B0F0BD15F09BF8DFF88A
:103060001C23B2F930300021BB4202BF1369009328
:10307000B34203D192F833301B0660D4B2F98830E2
:103080000121BB4202BF936E0093B34203D192F879
:103090008B301B0653D4B2F9E0300221BB4202BF91
:1030A000D2F8C0300093B34203D192F8E3301B064C
:1030B00045D4B2F938310321BB4202BFD2F81831EE
:1030C0000093B34203D192F83B311B0637D4B2F9D7
:1030D00090310421BB4202BFD2F870310093B34259
:1030E00003D192F893311B0629D4B2F9E8310521B6
:1030F000BB4202BFD2F8C8310093B34203D192F869
:10310000EB311B061BD4B2F940320621BB4202BF91
:10311000D2F820320093B34203D192F843321B0617
:103120000DD4B2F998320721BB4202BFD2F87872AF
:103130000097B7420BD192F89B723B0607D55823F4
:1031400013FB01F1571897F833100A0605D415F050
:1031500029F80220002101B0F0BDD7E9082344F08E
:103160000A0445F0E04522402B4008BF002A0ED05B
:1031700015F018F8D7E9080120402940C6E92C01CC
:10318000D7E9082382438B43C7E9082312E0BA68D2
:10319000DFF8C4178A4203D0BA68C6F8A820B9601D
:1031A000C6E9284514F0FEFF4FF0FF3106F150004C
:1031B00015F06AF8D6E92C0101B0F0BD020000401C
:1031C00070B50646FAF713FD0446DFF890574FF046
:1031D000FF30C5F88C0306F1B800F5F7F4FCB5F93B
:1031E0006E03B5F96C13884210D195F88403022858
:1031F0001CBF95F84C03002808D02046FAF728FD9C
:103200000720FDF728FAFAF7F2FC0446B5F96E0339
:10321000B5F96C13884219D105F2AC40F5F7D3FC2F
:10322000FAF7E5FC064695F8940300F0F70085F8F8
:10323000940395F89403010704D4082105F56E70F2
:1032400014F0ACFF3046FAF703FD02E0012086F8E7
:10325000FC002046BDE87040FAF7FABC00B581B02A
:10326000930803F001030093530803F0010302F0F5
:103270000102FFF78BF801B000BD00B581B09308E3
:1032800003F00103009302F001020123FFF77EF82F
:1032900001B000BDF0B500BF02A191E8FC5080E88C
:1032A000FC50F0BDFFFFFFFF000000000000000029
:1032B000000000003A013A01000000000000000098
:1032C000000000000022FFF7A6B90022FFF7A3B913
:1032D00000B581B06A46DFF88816FFF79CF98128AF
:1032E00003BF0098000200166FF07F0001B000BD20
:1032F00070B50E461546FAF77AFC8324052E36D8AB
:10330000DFE806F0030F15351F28DFF85026D2F846
:10331000601321B1D2F860130A8E2A8028E080243D
:1033200026E0DFF8381691F820232A8020E0DFF825
:103330002C1691F88423022A0CBF01210021297048
:1033400016E0DFF81816D1F828232A60D1F82C13DC
:1033500069600DE0DFF80426D2F8281301B1C968CE
:103360002960D2F82C1301B1C968696000E0032418
:10337000FAF76EFC204670BD94120050A0010020A8
:1033800070B4DFF8D835B3F93040002281B08C42F8
:1033900002BF1E690096864203D193F833502C0673
:1033A00060D4B3F9884001228C4202BF9E6E009621
:1033B000864203D193F88B502C0653D4B3F9E040E6
:1033C00002228C4202BFD3F8C0600096864203D12D
:1033D00093F8E3502C0645D4B3F9384103228C42CC
:1033E00002BFD3F818610096864203D193F83B518F
:1033F0002C0637D4B3F9904104228C4202BFD3F893
:1034000070610096864203D193F893512C0629D41B
:10341000B3F9E84105228C4202BFD3F8C861009697
:10342000864203D193F8EB512C061BD4B3F94042EA
:1034300006228C4202BFD3F820620096864203D156
:1034400093F843522C060DD4B3F9984207228C42CC
:1034500002BFD3F87812009181420BD193F89B02FE
:10346000010607D5582010FB02F29818C06801B079
:1034700070BC704701B070BC00207047CC21084080
:1034800010B504460C21F4F703FD4FF0FF32227112
:1034900010BD002101704170704700002DE9F04B14
:1034A0000E4682B096F90480346883461746FAF7D0
:1034B0009EFBDFF8A82492F8201300906FF001091A
:1034C0004FF0000C5FF0010303FA0CFE11EA0E0F3F
:1034D00050D04FF0FF35A84518BFE0454AD15FFAFC
:1034E0008CF0032846DA02EB401505F53075A87A12
:1034F00000283FD121EA0E0082F82003AB7285F844
:1035000009C00A2192F82203401C82F82203C5F860
:1035100000B02B72002343486860298295F90900A6
:10352000401DA874B06868617FB13B7878785B0112
:1035300043EA800395F90900401D43EA00234FF652
:10354000FC710B40DFF81C040343AB6104B16C60F9
:10355000D2F8980310B92968C2F89813FDF76FF9EB
:1035600095F909900098FAF773FB484602B0BDE858
:10357000F08B00BF0CF1010CBCF1030FA4D3F1E7F9
:103580000F0000010F00000500200940F02F00008F
:10359000110000E0F91501004B120100C5110100F6
:1035A0001716010061140100B44F0050F0B581B04E
:1035B00006460F468024FAF71AFBFFB2032F054692
:1035C00027DADFF8983303EB471101F53077B87A43
:1035D000F8B13968B1421CD193F88403022812D1A2
:1035E00097F90910D3F89803491D0906090C41F011
:1035F0008161002241F00101FFF70DF804463846D1
:10360000FCF760FF05E03846FCF75CFFFDF717F9B3
:1036100081242846FAF71CFB204601B0F0BD0000CB
:1036200007060100F71501002DE9F04107460D4698
:1036300016468324FAF7DBFA092D804600F27F80D4
:10364000DFE805F005081114171D42546A6F306851
:10365000386075E0386960303861012178697976C1
:10366000603078616CE03068788369E03168B985F2
:1036700066E03068DFF8E412C1F8A40360E0306867
:1036800048B9FAF7B4FAB54991F8942342F08002A8
:1036900081F8942315E0012851D1FAF7A8FA0646DB
:1036A000AE4890F8941301F07F0180F8941390F8DD
:1036B00094130A0704D4082100F56E7014F06EFD0F
:1036C0003046FAF7C5FA3BE0A44991F88403002894
:1036D00004BFD1F85003002811D131681920FAF73E
:1036E000ABFA31681A20FAF7A7FA29E09B4F97F84E
:1036F0008403002804BFD7F85003002801D0002419
:103700001EE0316807F56E7014F04EFD316807F564
:10371000826014F049FD13E03078904981F820036D
:103720000EE09148436819000AD0007A810607D557
:103730008A48D0F8980332462021984700E00324B5
:103740004046FAF785FA2046BDE8F081A914010049
:103750002DE9F04F0F4681B03C68DFF800B280469B
:103760000025A4088148844228BF0325FAF73FFAC0
:103770008246DBF82C030026804508BF012686F030
:1037800001000BEB8001B8F1000FD1F8289304D0B1
:1037900008F1B800F5F702FA10BBB9F1000F04D038
:1037A00009F1B800F5F7FAF9D0B906EB46000BEBD2
:1037B00080003968C0F830133A7A80F83823F5F77A
:1037C000E6F9B4FBF0F1012998BF012108F1B80036
:1037D000F5F7F3F908F1B800F5F7F3F9832507E0F9
:1037E0009BF84C03CBF8488340F002008BF84C0365
:1037F0005046FAF72DFA284601B0BDE8F08F0000D8
:10380000043004408C01001030B5044683B0A06839
:103810006A46FFF757F88328054604D10022694617
:103820002046FEF7F8FE284603B030BD30B585B01F
:103830000FF24012002301AD146804930393029326
:103840000193009502AB806803AA04A9FEF7A7FFC5
:10385000049909884FF6FF7291421BD1E8B1029892
:1038600000281CBF0198002802D06A462B2102E0E4
:1038700003986A462B21FEF7F3FEFF280DD000982F
:10388000A40DC0F3150040EA845444F000442046DF
:1038900005B030BDA40D41EA8454204605B030BDCA
:1038A00000093D00FFEFFF9FF0B400BF32A26FF0B0
:1038B0007F054CB21368AC4282B012D141788DF8CA
:1038C00000108DF8041083788DF800308DF80530E5
:1038D000C2788DF800208DF8062001798DF800104F
:1038E00032E000220446224D01E0521C641D94F98E
:1038F00000607F2E1EBFD4F80160C6F31506AE42ED
:1039000004D094F900704EB2BE42EEDA1AB902B099
:10391000F0BC1846704702EB8202811811F8040CC3
:103920008DF800008DF8040011F8033C8DF800308C
:103930008DF8053011F8022C8DF800208DF8062046
:1039400011F8011C8DF800108DF80710019802B0D5
:10395000F0BC704714310020AF140100A00100201A
:103960000100030401000406F02F000041420F0093
:10397000FFFF3F00FFFF3F00FFFF3F0080B5FAF76A
:1039800036F9DFF81C241178002313708A0713D549
:10399000FAF75EF9DFF80C24D068C06800780028D8
:1039A00005D1002101209268D2F858249047FAF7F7
:1039B0001EF9FAF74DF901BD4907FAD5FAF748F9AA
:1039C00000210020DFF8DC239268D2F858249047C9
:1039D000F1E780B5FAF70BF9DFF8C4130A7852F073
:1039E00002020A70FAF734F90021DFF8B8038068A0
:1039F000D0F894000078F4F762FD01BD012800D0F2
:103A0000022800207047F8B5DFF89C0300683C30BE
:103A100000688047DFF89443DFF894130968401A80
:103A200021788900B0FBF1F20023DFF88853286881
:103A300000218B4253DC01DB824250D22868DFF840
:103A40007813096888424AD228680021861A71EBE7
:103A5000030720780021A0FB062300FB073301FBAE
:103A60000633DFF85803016809690068408B0818BD
:103A700064300021141A73EB0105012000218D42EE
:103A80000CDB01DC844209D3F5F781F80200002346
:103A90002000290014F068FC04000D000120002122
:103AA0008D422EDB01DC84422BD3F4F7D1FE0600DD
:103AB000C34F3868F5F772F8002802D03868F5F778
:103AC00082F83000F4F7CFFE21003868F5F775F87A
:103AD0003868F5F776F80020BA49087014E0B64D5A
:103AE000286800218B4208DC01DB824205D228686D
:103AF0000021861A71EB0307ABE70120B14908707A
:103B000002E00120AF490870F1BD80B50023AE4A44
:103B10000721AE48F5F725F901BD7FB5A64800217C
:103B200001600068A2490860A24C5FF47000206048
:103B300000209B4908700020A2490870F4F788FE15
:103B400005009F4E306800280AD03068F5F726F847
:103B5000002802D03068F5F736F83068F5F70BF832
:103B60006846F5F725F800208DF800000020019048
:103B70006A4601219648F4F7DCFF3060306800287F
:103B800004D188488068D0F84C0580473068F5F744
:103B900018F82800F4F767FE0F2082498968D1F8E9
:103BA00014158847206814F0F1F87FBD80B5FFF741
:103BB000B4FF01BD38B50400FAF719F805007E48D6
:103BC0000460200014F016F92800FAF741F831BD1E
:103BD00010B5040078480068844204D371488068B6
:103BE000D0F84C058047002C04D56E488068D0F88A
:103BF0004C058047F9F7FBFFFAF72AF810BD38B5F6
:103C0000F9F7F5FF0400684800683C300068804719
:103C100067490968401A654909788900B0FBF1F5E0
:103C20002000FAF715F8280032BD62480068704796
:103C300038B5040060480068844204D3594880685D
:103C4000D0F84C058047F9F7D2FF050059480460C9
:103C5000200014F09BF82800F9F7FAFF31BD10B4EA
:103C600053495C4AD3680868181A504B1B789B006C
:103C700090FBF3F34B488468D4F8EC408068D0F8AC
:103C8000D400407B54F82040B3FBF4F004FB103028
:103C9000D2680A6010BC704780B5FFF7E0FF02BD34
:103CA00080B540488068D0F8DC048047F9F79FFF72
:103CB000F9F7CEFF01BD10B53B4800683C30006805
:103CC00080473A493C4A1468087880004443424897
:103CD00009788900B0FBF1F01168884204D23148BC
:103CE0008068D0F84C058047314801686118016050
:103CF0000068041921003948F5F797FE29488068C3
:103D0000D0F8E4048047F9F772FFF9F7A1FF10BD7E
:103D100080B529490868002806D0086814F06AF8B8
:103D20002448006814F032F801BD80B51C480178C1
:103D300051F00401017000211A488068D0F8940005
:103D40000078F4F7BCFB01BD80B54FF40070154955
:103D50008968D1F82C13884701BD10B5114CE06873
:103D6000C0680078002805D100210120A268D2F89F
:103D700058249047F9F73BFFF9F76AFFA068D0F89D
:103D8000B800806E804710BD80B5F9F730FF0A4952
:103D90000968084A1160F9F75BFF01BD00000000E7
:103DA000328A00200C01002024890020308A002063
:103DB000488900204C890020448900201089002077
:103DC00050890020318A0020FD390100C88500207B
:103DD000D3390100C8860020FFF6C2FF799B00009E
:103DE000E0B56A460221DFF880080068DFF87C3819
:103DF0001B6844331B6898479DF800000EBD80B5D2
:103E0000DFF86C180868006900280AD0DFF8640839
:103E10008068D0F8D40090F8530080B2096809692E
:103E2000884701BD70B58AB0DFF83C48206800289B
:103E300014D1DFF838582868002805D1DFF8340895
:103E40008068D0F84C058047DFF82C68300029687E
:103E5000203109688847DFF82408F061FFF7CFFFB9
:103E6000DFF81068B068D0F8D40090F9420000F094
:103E700022F910F1010F0CD00100C90F002903D164
:103E8000DFF8FC17488204E04FF6FF70DFF8F01708
:103E90004882DFF8EC570020688000206860687B6B
:103EA00010F0F00050F001006873287B50F08000A3
:103EB0002873B068D0F8C4038047002807D11020C9
:103EC000DFF8C01708701420F1684968087020688E
:103ED00000280ED1DFF8A0372A00DFF8AC07016810
:103EE000DFF8A807DFF884572D682D68A847206001
:103EF00022E00020F5F73FFDDFF8706702A8316887
:103F000064310968884700200590DFF884178868C5
:103F1000002802D088688047089008200021CDE959
:103F20000001002302AA2900206834685034246864
:103F3000A047DFF8600705600AB070BD80B5FFF7E5
:103F400071FF01BD0020DFF850170870FF20DFF877
:103F50002417C968096908705FF0FF30DFF83C1763
:103F60000860DFF83C1708607047704780B513F0B1
:103F7000F3FE02BD30B40100C9B2002901D0802295
:103F800000E00022DFF81C371C881D884FF67F7187
:103F90000D402A4322431A80DFF80C17C0B20A8B67
:103FA00060F3C7120A8330BC7047DFF8F816C88187
:103FB000DFF8F41648867047DFF8E8168881DFF8E6
:103FC000E8160886704738B5040008222100DFF89B
:103FD000DC562800F3F760FF0822DFF8D4562100F2
:103FE0002800F3F759FF31BD80B540B200F063F807
:103FF00010F1010F01D1E82002E000F07EF800206E
:1040000002BD30B40200DFF8AC361868002824D0B6
:1040100018680078121A18680078081A0C00E4B2C0
:10402000FF2C18D00C001D682D78E4B2AC4212D3DE
:10403000C9B21C6824781D686D7855FA84F4A142D1
:1040400009DA19684968D2B289561A685268C0B24A
:104050001056814201D0012000E0002030BC7047A2
:1040600070B40200DFF84C361868002821D091F9AE
:10407000004010001D682D78C0B2A84219D310006E
:10408000C0B21D682D781E68767856FA85F5A8426C
:104090000FDA18680078121A186840681500EDB237
:1040A000405764B2A04204DA18684068D2B2805621
:1040B000087070BC704701B56946DFF8B805C06884
:1040C00000690078FFF7CCFFDFF8EC0500689DF988
:1040D0000010DFF89825126860321268904781025C
:1040E000890ADFF8D825914204D0DFF8B0150860BE
:1040F000086801E05FF0FF3002BD10B5F9F777FD09
:10410000DFF89C45DFF8942511682368994216D0A2
:10411000DFF8AC150978002911D1DFF8A815097866
:1041200009060CD4DFF8A0150978002907D1116819
:104130002160F9F78DFD2068F5F73DFC01E0F9F706
:1041400087FD10BD10B504002000C0B2812805DB3A
:10415000DFF820058068D0F84C058047F9F747FD67
:10416000DFF834150C70DFF80C158968D1F8B81039
:104170000978002909D1DFF84C150978002913D1F5
:10418000F9F766FD00F04AF811E0DFF83815097814
:10419000090609D4DFF830150978002904D1F9F7A8
:1041A00057FD00F03BF802E0F9F752FD012010BD89
:1041B00010B504002000C0B2812805DBDFF8B4048C
:1041C0008068D0F84C058047F9F711FDDFF8C81476
:1041D0000C70DFF8A0148968D1F8B81009780029AC
:1041E00009D1DFF8E0140978002913D1F9F730FD7F
:1041F00000F06CF811E0DFF8CC140978090609D456
:10420000DFF8C4140978002904D1F9F721FD00F082
:104210005DF802E0F9F71CFD012010BD38B5DFF8AC
:104220005444A068D0F8B8000078002809D1DFF81D
:1042300094040078002803D0A068D0F84C0580478B
:104240000DE0DFF880040078000604D4DFF878047D
:104250000078002803D0A068D0F84C058047F9F713
:10426000C6FCDFF834542978E2681269127891426A
:1042700004D1DFF858140978490723D5F9F7E8FC89
:10428000FAF736FB2878F5F790FB012817D1E0689C
:10429000006901782878FFF7B4FE00280BD0287851
:1042A000E16809690870A068D0F8D40090F942006C
:1042B000FFF79AFE03E02878E16809690870FAF7C9
:1042C000B3FA02E0F9F7C4FC012032BD38B5DFF8DB
:1042D000A443A068D0F8B8000078002809D1DFF81E
:1042E000E4030078002803D0A068D0F84C0580478C
:1042F0000DE0DFF8D0030078000604D4DFF8C8032F
:104300000078002803D0A068D0F84C058047F9F762
:104310006EFCDFF884532978E268126912789142C2
:1043200004D1DFF8A8130978490721D5F9F790FCE3
:10433000FAF7DEFA2878F5F738FB01281AD1E06899
:10434000006901782878FFF75CFE00280BD02878F8
:10435000E16809690870A068D0F8D40090F94200BB
:10436000FFF742FE06E02878E1680969087001E07D
:10437000F9F76EFCFAF758FA012032BD70B5050066
:10438000DFF84C432078002804D0BA488068D0F881
:104390004C058047B74EB068D0F8D400C08CCD49EA
:1043A00008802800C0B2002802D1012020702DE032
:1043B0002800C0B2032804D1F5F799F80320207033
:1043C00024E02800C0B205280AD02800C0B2012885
:1043D00006D0EDB2022D03D0B068D0F84C0580476E
:1043E00002202070F5F783F84FF6FF70B168D1F81E
:1043F000D410C884B068D0F8D400C08CA949C88152
:10440000B068D0F8D400C08CA749488670BD0020A1
:10441000AF4908709748AF4909888268D2F8D4201C
:10442000D1848168D1F8D410C98C9E4AD18180682A
:10443000D0F8D400C08C9C494886704780B58A4823
:1044400000688A49096840310968884740B200F02D
:1044500002F8C0B202BD10B47FF059017FF0130220
:1044600003000C005BB264B2A34201DA080006E06C
:104470001100030049B25BB2994200DA100040B269
:104480005A30FF214843462190FBF1F0C0B210BCE6
:10449000704780B540B2FFF7DEFF02BDFEB50400F5
:1044A000744DE8688069007800281AD16F4E6E4F0D
:1044B0006A4602213868336844331B6898479DF880
:1044C000000000280DD0E4B2002C01D1F5F795FBD7
:1044D0000120E96889690870386831681C31096809
:1044E0008847F7BD38B50400624DE86880690078F8
:1044F000012814D1FFF774FC00280ED0E868806909
:10450000007801280BD10020E96889690870E4B2BD
:10451000002C04D1FFF7FCFB01E000F001F831BDF5
:1045200070B58AB00020514D02A82968643109682D
:104530008847694C28683C3000688047A060207B31
:1045400010F0F00050F00200207300206080A0689E
:10455000029001208DF80C0000200590F9F747FB30
:10456000060002204349C96889690870484988687B
:10457000002802D088688047089002200021CDE9F9
:1045800000010FF2750302AA2100374800682D6868
:1045900050352D68A84705003000F9F759FB2DB2BA
:1045A000002D05D541F288310320F5F7FDFB05E02C
:1045B0004A480178491C0170364804600AB070BD51
:1045C00010B52C4CE06880690078022808D1E068BA
:1045D000C0680078002803D0A068D0F84C05804758
:1045E000E068C0680078002804D1E068806900783D
:1045F0000228FAD010BD000070B514001D001D4E39
:104600000120F168C9680870F068806900780228A4
:1046100003D0B068D0F84C058047200080070FD445
:1046200014F0000015F08071002909D1002807D18D
:1046300014F0000015F08051002901D100280AD0A3
:1046400026480178491E01700020F16889690870C8
:10465000FFF75EFB03E0B068D0F84C058047002010
:10466000F168C968087070BD108900202489002095
:10467000208900200C0100202084002054F10080BB
:1046800058750020308A00200489002050720020D4
:1046900030570000148900201C8A00200089002067
:1046A000FC880020D886002000750020DB860020D2
:1046B000287500200C89002008890020FFFF3F009A
:1046C0002A8A0020338A0020348A0020278A00208A
:1046D000298A0020CC890020EC1B0020238A00209E
:1046E000F0B587B0044604A800250026002780E81E
:1046F000E0008DF819501E26087A8DF818005B1C12
:104700000988DFF8200CADF810104168257801F811
:10471000015C03964E1E4578DFF80C1C02950930AB
:104720000190009604A80EF0DCFF010002D1217870
:10473000491C217007B0F0BDF8B5DFF8E85B069CB6
:104740006E681F4603E014F801CB06F801CBBC46A7
:10475000ACF101075FFA8CFCBCF1000FF3D1079CB0
:1047600004B140246C70FFF7BBFF00246C70F2BDF5
:1047700010B500F0ADF80223014604F10800BDE8D1
:104780001040ADE72DE9FF41DFF8987B80460D46EC
:104790007C68DFF8180C1646414608F0EEF838B988
:1047A0000F214FF6FD728DF80810ADF8002007E0DC
:1047B00002218DF80810DFF8F82B1188ADF80010F1
:1047C0004146204608F0E8F80A23057046700022AA
:1047D000694607F10800FFF783FF04B0BDE8F081E8
:1047E0007FB5DFF8404B6568ADF8000002268DF814
:1047F00008602870A970000A6870EA70042301221A
:1048000000F0AAF804B070BD2DE9F047099E984663
:10481000B4460CEB0803DFF80CABDAF804505B008D
:104820000C469B1DD9B25129A8BF102042DA01467F
:104830004FF6FD700F7A4FF6FF790F2F18BF022F3A
:1048400003D10F884F4508BF08804C4508BF044678
:104850002C70681D240A6C70AA70120AEA70B8F1F4
:10486000000F85F804800DD0089A002432F8145007
:1048700000F8015B32F81450641C2D0A444500F81E
:10488000015BF3DB00F8016B6EB10A9A002432F889
:10489000145000F8015B32F81460641C360A644559
:1048A00000F8016BF3DB0AF10800BDE8F047DBB26A
:1048B000062215E7BDE8F08710B500F009F89A70F8
:1048C000014604F10800BDE810400323042207E775
:1048D000DFF8504A63681970090A597070472DE96A
:1048E000F0411546DFF83C6A2C7880467068102C41
:1048F000A8BF10240170C71C090A417084702022CF
:1049000010213846F9F7F6F82246691C3846F3F7C5
:1049100093FF414606F10800BDE8F041132314223D
:10492000DEE67FB5DFF8FC4963680F254FF6FD76BC
:104930008DF80850ADF800601870000A5870002912
:1049400014BF4020002060700223152200F004F8FC
:104950000021617004B070BD694604F10800BFE633
:104960003EB54FF6FD75ADF800501446DFF8B4596A
:104970006A680F238DF808301070000A5070901C80
:1049800008F00AF8686884720B23132200F001F81B
:104990003EBD694605F10800A2E62DE9F84FDFF8B3
:1049A00084490D7A9C4663680F2D04BF4FF6FC7551
:1049B0000D80DDF82880012648F21F05A84503D1A7
:1049C0000025022603F8015B994603F8012B0546F2
:1049D00000278A469346CDF800C01846009A2378EF
:1049E00002EBC30107F0D8FF2178491C217008367B
:1049F0007F1CC9B2594503D0F9B20A29EEDB04E0A5
:104A000089F800700020207017E00A2189F8001052
:104A10002078584511D2B8F11F0F02D1F8F7EDFEFA
:104A20000BE048F21F01884507D1DFF888090078BC
:104A30000A224FF48041F3F79BFAF3B24246514603
:104A4000284601B0BDE8F04F4AE62DE9FC470FF6D5
:104A500070110646D1E90023CDE90023F0894FF615
:104A6000FE7900244D4600280CBF08210221B369BD
:104A7000DFF8B07813F80180DFF834A9DFF82C29CB
:104A800040B91C462146104607F077FF88B1BAF8B6
:104A9000005009E01878597800EB0125BAF80000B9
:104AA000ADB2854205D114464D451CBF002C786837
:104AB00006D1307B88BB78684D4518BF002C0BD0E1
:104AC000B8F1000F14BFB8F1010F00220BD0317BF9
:104AD0008022012907D120E0F189812200290CBF21
:104AE0004FF6FF756C4600F8012B1CB1214607F00C
:104AF00053FF02E0694607F04FFF05702D0A45702D
:104B0000102078700B23F28942F40042B11C06F1A8
:104B10001100FFF7E5FD00207870BDE8F38710B5C0
:104B200000F03EF8117801F01F01D9705178197129
:104B300094785C71D17899711479DC71517919721A
:104B400094795C72D17999721489DC721189090A9D
:104B50001973917A5973D47A9C73117BD973811C20
:104B6000BDE81040102348F2020217E010B500F033
:104B700017F811680C0901F00F0141EA0411D9700E
:104B800011680A0B090A01F00F0141EA02111971BB
:104B9000811CBDE81040052348F2030211309FE557
:104BA000DFF880375B6800241C705970090A99701F
:104BB000704770B5DFF86C375C680D000AD14AB1F8
:104BC000D379157BEB185B000C33DEB2512E02DB80
:104BD000102070BD04232170DEB281690D786570EC
:104BE000042E81694D78A5703FDD191FE17015789D
:104BF00025715188617155882D0AA5719188E171DF
:104C000095882D0A2572917901F00F016172D17991
:104C1000A1720B34D17989B100210CE0956835F887
:104C2000116004F8016B956835F81160360A491C6B
:104C300004F8016BC9B2D579A942EFDB167B04F801
:104C4000016B117B99B10021157BA9420FDA16691E
:104C500036F8115004F8015B166936F811502D0A28
:104C6000491C04F8015BC9B2EEE70021E170811C28
:104C7000BDE87040DBB248F204028FE72DE9F34152
:104C8000DFF8A0460427D4F804C048F20601054620
:104C9000904688420CBF10260026099A08988CF886
:104CA00000308CF801008CF80320000A8CF8020018
:104CB000100005D00A99171D0CF10400F3F7BCFD94
:104CC0006670FBB22A46414600F01FF80021617071
:104CD000BDE8F68171B5DFF84C0640680C4600214E
:104CE00081B01D7801704270591C120A82702D1D0E
:104CF0001E78C670001D1A78F3F79EFDEBB248F2DD
:104D00001102214600F001F876BD01A8E8E411B5D2
:104D1000DFF81046636881B004981A70587048F242
:104D20001502000A9870032310206070FFF7EDFF52
:104D30000021617016BD31B5DFF8E845646804985C
:104D40002270637000251B0AA3700246E5700423DD
:104D500000F001F832BD6846C2E42DE9FE4F0C9C1C
:104D6000DDF83880DFF8BC9508EB04068246760053
:104D70001D46D9F8040001900F36F3B29346512B2B
:104D8000A8BF10203DDA0F46009705F012FC0099ED
:104D900089B2814218BF022033D1019807703F0ABF
:104DA00001994F7005F0FCFB01460198801C07F04B
:104DB000F3FD002280F800B045702D0A8570C470A4
:104DC000001D0D998DF8304001E000F01CF89DF8B1
:104DD00030309A42F9DB00F8018B00220F998DF8F0
:104DE000388001E000F00FF89DF838309A42F9DB86
:104DF0005146F3B209F1080003B0BDE8F04F20229C
:104E00006EE4BDE8FE8F31F8123000F8013B31F856
:104E10001240240A00F8014B521C70472DE9F0475C
:104E2000099EDFF8005589468046317A68680C276C
:104E30009A46032908BF152702D0012908BF0E276B
:104E4000089C114607F0A8FD80F800A04470240AD1
:104E50008470317AC170001D317A032905D10A9C12
:104E6000314607F099FD047006E0012904D131882C
:104E700001703288120A4270102068703B46424628
:104E8000494605F10800FFF72BFC00216970BDE8D9
:104E9000F087F8B5DFF88C740446786815461E462E
:104EA000F3F717FD21460570467007F1080001B0C1
:104EB000BDE8F0400623302212E470B5DFF86464E8
:104EC00004467068154607F067FD70680572214654
:104ED00006F10800BDE8704009233522FFF700BC49
:104EE0003EB5DFF840540446686801704270207A8D
:104EF000022818BF0F2816D120884FF6FF7188426C
:104F00001FBF4FF6FC7290424FF6FD7188420AD1E6
:104F100002228DF8082005F04CFBADF800000223BA
:104F20003622FFF736FD02233622214605F108001E
:104F3000FFF7D6FB3EBDF8B5DFF8E85304466868D6
:104F400016461F4607F028FD686800210172012EF1
:104F500004BF40210172012F03D1017A41F0800189
:104F60000172214605F1080001B0BDE8F0400923B7
:104F70003422FFF7B5BB2DE9F041DFF8A863804686
:104F8000706817461C46F3F7A4FC0525062F07702A
:104F900002DA062544700DE0FE2F18BFFF2F01BF77
:104FA000069906254170FF2F04D1079981700825C5
:104FB000090AC1702B46414606F10800BDE8F041E0
:104FC0003822FFF78DBB2DE9F14FDDF82C90884694
:104FD0004E460C2111FB06F6361DF0B215461C4656
:104FE00000F0ACF85FEA000A08BF10203AD00A9837
:104FF0000AF101074FF0000B3D707C70B87087F824
:1050000003903D1D0C9C1BE004F10C01284607F0A9
:10501000C3FCA0782872A0796872617940EA011017
:105020006872FF20A8724FF6FE702189814207BF87
:105030000020E8720122EA72A4690C350BF1010B21
:105040005FFA8BF04845DFD300F0D2F848F2300227
:10505000FFF781FE05465046F3F7F9FB04F10D001A
:1050600060602846BDE8F28F2DE9F14F82B0100054
:105070000E9DDFF8B06288469A4648F2310907D0A3
:105080007468227001234A4602A8FFF729FB53E007
:105090000D9C2746162010FB07F73F1DF8B200F0C5
:1050A0004DF8009008B9102046E000990C984A1C71
:1050B00001921146002281F801A00A708870CC701C
:1050C00001F1040B924623E0A91C584607F064FC4A
:1050D00005F10A010BF1080007F05EFC698A017016
:1050E00000F1060B6A8A120A42700AF1010A297D50
:1050F00081706A7D41EA82018170AA7D41EA0211D4
:105100008170E97DC1702A7E0271697E41711A3514
:105110005FFA8AF0A042D7D301987060FBB24A468A
:10512000414602A8FFF7DCFA04460098F3F78FFB2C
:1051300006F10D0070602046BDE8FE8F401CF3F7BD
:1051400085BB2DE9F14781B08846DDF82CA01521FB
:105150001AFB01F0001DC0B214461D46FFF7EEFF1A
:105160005FEA000908BF102040D00A9809F1010742
:1051700004263C707D70B87087F803A0381D0C9C25
:10518000002522E0A18900F8011B0E36A289120A2F
:1051900000F8012B17E0214607F0FEFB217A017091
:1051A000628942706189090A8170217DC170001D88
:1051B000217D0329E6D104F10C0107F0EDFBA17D6F
:1051C00000F8011B153618346D1CE9B25145E2D3C5
:1051D00000F00EF848F23302FFF797FD0546484607
:1051E000F3F735FB04F10D0060602846BDE8F68753
:1051F0004C4C41466760F3B270472DE9F14FDDF842
:10520000308008F10A095FFA89F00D4692469B4604
:10521000FFF794FF040008BF10202DD00B9F0A9EBB
:10522000601C594600F801ABF3F753FB0670360AD1
:105230004670877080F804803F0A5FEA0801C770F3
:1052400004D00D994246401DF3F7F6FA29460E9810
:10525000344D621C6A6068705FFA89F348F2380264
:10526000FFF779FD06462046F3F7F1FA05F10D0048
:105270006860002169703046BDE8F28FF8B54E4C89
:10528000276805460E46384607E00179A94204BF63
:10529000C388B34210D0074600680028F5D1082023
:1052A000F3F7D4FA50B10571C6800022026021687C
:1052B000002914BF386020600020F2BD1020F2BD2C
:1052C000F8B506463C480468002727E0F089E188E5
:1052D000814207D04FF6FF7291421ED1010401D4E2
:1052E00013281AD1B07C2030F3F74BF8050014D006
:1052F00020223146F3F7A0FAB07C38B105F1200145
:10530000A961B27CB169A869F3F796FAD320287035
:1053100029462079F3F758F801272468002CD5D1C5
:105320003846F2BD142D0020F82C002038B588B086
:1053300002218DF80A100024C188ADF80210417DC9
:105340008DF80C108188ADF80E10417E8DF810108C
:10535000818C4A1E8DF81220816A4A1C0692816A4D
:105360000A788DF81120418AADF81410818DADF8BE
:105370001C106846FFF7A4FF104900E0641CE2B26D
:1053800031F832304FF6FF75AB4209D0BDF80E5000
:10539000AB42F3D101EBC20168464A68904703E093
:1053A00010B96846F8F76BF909B030BDBC8700202A
:1053B000B02C0020BE2C0020488800201051000096
:1053C000FFFFFFFFFFFFFFFFDFF8FC0A8068704769
:1053D00070B500F020F808B9102070BD0021016000
:1053E0008480C5808660DFF8E01A4A6812B9486098
:1053F00004E00A4611680029FBD11060002070BD4E
:1054000070B500F008F808B9102070BD00F040F841
:10541000DFF8501B31E004460D4616460C20F1F72C
:10542000ECBDF8B505460E4617461820F1F7E5FD28
:10543000040001D11020F2BD18220021F1F7DFFD98
:1054400000202060A060257126746761DFF8180BCA
:10545000016811B9046004E0014608680028FBD126
:105460000C600020F2BD70B5FFF7D5FF08B9102021
:1054700070BD00F00DF8DFF80C1B0A6812B9086067
:1054800004E00A4611680029FBD11060002070BDBD
:1054900000210160047145718660704738B50C4683
:1054A000154600F063FD18B18460C560002032BD70
:1054B000012032BD1FB501248DF800400AB9062B2A
:1054C00001DB032901D101200FE001AB12220021F1
:1054D00000F05AFD20B1002201A9684600F026FF25
:1054E0009DF80000012818BF002004B010BD2DE970
:1054F000F04F87B005468A46164699460EF004FAE4
:10550000040008BF022032D0ADF8186031462846AA
:1055100000F081FD80465FEA4860DFF8AC6906D4A0
:10552000B06820B1407E012808BF48F04008109FB5
:105530000822002104A8F1F762FD2FB1049901208F
:1055400060F30101049103E0049880088000049056
:10555000A06858B14088049ABDF8181000904B46D6
:1055600002F003022846FFF7A5FF08B9012079E001
:105570001398010005D0049AADF8140042F004021B
:10558000049211980028049814BF40F0080020F0FD
:105590000800049012980028049814BF40F01000EE
:1055A00020F0100004908DF81790032114988DF8C6
:1055B00016000498C0F3800000B10521DDF854B056
:1055C0000BEB0107B8B2F1F718FD050048D00498BD
:1055D00000F0030028706B1C049989088A0002F00F
:1055E0000402104328700499C908CA0002F0080296
:1055F00010432870049909090A0102F010021043AF
:1056000028700498C0F3800038B1BDF814001870F9
:10561000BDF81410090A59709B1CDDF85C901699AE
:105620009DF816001870981C9DF817205A705A465D
:10563000F1F7EFFC71780391CDF80880B9F1000F14
:1056400001965046BDF818200095BBB2214602D005
:10565000F1F71BFD01E00EF044F800F08AF800E0DD
:105660001024204601F07FBB05462046F1F7DBBC45
:105670002DE9F84F88B082468946002400259046DF
:105680001E4616E012884146504600F081FE0EE0AC
:10569000731C03EBC002E41C907848B95068641C8A
:1056A0000028A4B2EED05168D07800F024FE24186F
:1056B0006D1C3178E8B28842EAD300F092F9050017
:1056C00052D0AB46002731E001A800905B46BCF801
:1056D00000204146504600F06FFEBDF804008344B0
:1056E00023E0711CFAB201EBC20CBCF800000BF80D
:1056F000010BBCF800301B0A0BF8013B9CF80210B0
:105700000BF8011B9CF8020078B99CF803000BF819
:10571000010BDCF804000028D6D0DCF804109CF85B
:1057200003005A4600F0F1FC83467F1C3178F8B242
:105730008842D6D3A4B2059401239DF85040079324
:1057400006950494002603969DF84C309DF8484039
:105750000293019450464246494600960123FFF7C2
:10576000C6FE00F006F800E01024204609B0BDE8AF
:10577000F08F04462846F1F756BC2DE9F8431C4645
:1057800088B02778054607EB470700F089F85FEAFD
:10579000000930D000210AE001EB4102A21800F01C
:1057A00079F8538800F8013B528800F06FF82278AE
:1057B0009142F1DB012A02BF6078002801272846C8
:1057C0000123079331469DF848509DF844300495D5
:1057D000029300269DF84050CDF818904246059758
:1057E0000396019500960423FFF781FE054648467F
:1057F000F1F719FC00E01025284609B0BDE8F08358
:105800002DE9F8431C4688B027780546BF0000F014
:1058100047F85FEA000937D000210EE004EB81026F
:1058200000F038F8937800F8013BB2F8033000F844
:10583000013BB2F8032000F029F822789142EDDB19
:10584000012A02BF607800280127139B28464246A0
:1058500031461D0018BF01259DF848300493079577
:1058600000269DF840309DF844500193CDF81890E3
:1058700005970396029500960723FFF738FE054625
:105880004846F1F7D0FB00E01025B5E7120A00F812
:10589000012B7047491C537800F8013BC9B270478F
:1058A0000E4690463846F1F7A8BB2DE9F04788B080
:1058B0008046894692461D46002400261BE0A41C13
:1058C00018E0F2B2691CC2EB02121144241D0878E0
:1058D00080B948780028F2D10879641DA0F1200130
:1058E0000F2981BF18390229A839022902D800F0EE
:1058F000A2FC2418761C2978F0B28842E1D300F08B
:1059000070F8070068D0002644E0B3F8091000F8EA
:10591000011BB3F80920FFF7B9FF3AE0F3B2691CA5
:10592000C3EB03130B441A7800F8012B597800F8E5
:10593000011B5A8800F8012B5988090A00F8011B3D
:10594000197831BB59780029DFD1197900F8011B8A
:10595000B3F8052000F8012BB3F80510090A00F888
:10596000011BB3F8072000F8012BB3F80710090A50
:1059700000F8011B1A79203A0F2A81BF183A022A2F
:10598000A83A022A05D8D3F80B100246187900F07D
:10599000BCFB761C2A78F1B29142BFD3139D5246CC
:1059A0004946404605B101259DF8483004930795C6
:1059B000A4B29DF840309DF8445005940193002412
:1059C00006970394029500940923FFF790FD04467F
:1059D0003846F1F728FB00E01024204608B0BDE867
:1059E000F087A0B2F1F709BB2DE9F04788B000F0CD
:1059F00050F803E000F030F80419E41C3978E8B2FC
:105A00008842F7D3FFF7EDFF050023D0002601E021
:105A100000F02DF83A78F1B29142F9D3139E524634
:105A20004946404606B101269DF848300493079642
:105A3000A4B29DF840309DF8446005940193002481
:105A400006950394029600940A23FFF750FDFFF792
:105A500090FE00E01024C0E7E9B2781CC1EBC10160
:105A600008446D1CD0F80310807800F044BCF2B2FA
:105A7000791CC2EBC2028B18C21C19880170761CFB
:105A80001988090A417099788170D3F803109878C1
:105A90003BE38046894692461F4600240025704716
:105AA00078B589B01C788DF8204001245B788DF89A
:105AB0002130079408AB069302259DF84440BDF8B9
:105AC00040300595049403939DF83C409DF8385070
:105AD00002940026019500960B23FFF708FD0AB0FB
:105AE00070BD2DE9F0471D4688B0AE78761C824621
:105AF000F6B2894690463046F1F77FFA0027040057
:105B000029D0297800F8011B002104E02A44491C0F
:105B1000D27800F8012BCAB2AB789A42F6D395F846
:105B200001E0DDF840C0119D129BBEF1110F5046FF
:105B30004946424603D100F011F8122305E0BEF1B8
:105B4000130F05D100F00AF81423FFF7D0FC074625
:105B5000FFF78BFD00E0102738463FE7049301274D
:105B60000023039300930797069405960295CDF8BA
:105B700004C070472DE9F8431F4688B07C7804EBD9
:105B8000440400F067F85FEA000817D0397800F89D
:105B9000011B002107E001EB4102BA1800F03BF8BD
:105BA000127900F8012B7A789142F4DB00F03DF88D
:105BB0000D23FFF79CFC00F003F800E010251BE626
:105BC00005464046F1F72FBA2DE9F8431F4688B045
:105BD0007C78A40000F03EF85FEA000819D039781C
:105BE00000F8011B002109E007EB810200F013F827
:105BF000137900F8013B527900F8012B7A78914231
:105C0000F2DB00F012F81623FFF771FCFFF7D8FF64
:105C100000E01025F0E5491C538800F8013BC9B2AB
:105C200053881B0A00F8013B704701230793CDF806
:105C300018802846059431469DF848509DF8443018
:105C40000495029300269DF8405003964A4601951C
:105C5000009670470546641C0E4691462046F1F7B3
:105C6000CCB9F0B506468DB0B08C0024022840F3C4
:105C7000D380954D0596AE600A940894ADF8244003
:105C800006A8B16A00F02CF90890B28C121AB06A1A
:105C90008218ADF82420307D0DF036FE10B9A860D2
:105CA00002200FE1806860B140889DF818209DF8BF
:105CB0001F30009002F00302B188307DFFF7FAFB3D
:105CC00010B9AC600320FDE0B188307D00F0A3F98D
:105CD0000146B388686800E0006800283AD08288EE
:105CE000934224BFC7889F42F6D39DF8182012F034
:105CF000070F04BF9DF81F200B2A2BD04A0629D579
:105D0000717E39BB0599487D002804BF488800286A
:105D10001DD1307D0022194600F083F901208DF855
:105D2000110004AB9DF81F00BDF81C108DF8100089
:105D300002919DF81E0006990390C9080120019068
:105D400000F0C4F8B188307D012200F06AF9AC603F
:105D50000520B7E0069911F0030F61D1C1F380006F
:105D600008B1842772E09DF81F00172856DADFF883
:105D7000C07657F83010002950D0307D8DF82C00B7
:105D8000BDF82400ADF82E0008980C900BA88847A9
:105D90000A9028B3391D9DF81F0051F8301019B131
:105DA00005A888470A9810B10A98F1F73CF99DF8C0
:105DB0001F00002818BF02283CD0032818BF052860
:105DC00038D0062818BF082834D00C2818BF11284E
:105DD00030D013281CBF15280B282BD0002735E006
:105DE0000599487D002804BF4888002813D19DF8F4
:105DF0001F008DF8100080218DF8111004AB9DF864
:105E00001E00BDF81C10039002910120069901901C
:105E1000C90800F05BF8AC60012053E0822715E070
:105E200000281CBF8168002909D005A88847FF28E1
:105E3000074602D10020A86044E0012806D1069858
:105E4000C0F38000002814BF832781270599487D6F
:105E5000002804BF4888002823D10699C1F3001008
:105E600018B1380008BFAC601FD09DF81F00BDF806
:105E70001C208DF81000C9089DF81E00039001F049
:105E8000010101200190029281F0010105988DF835
:105E900011700091811D8288007D04ABFFF700FE28
:105EA000012400213A00A96001D100200AE0842FDA
:105EB00004D1002C0CBF0620072003E0002C14BFE7
:105EC000092008200DB0F0BDA42C002001F0010134
:105ED000059881F001010091811D8288007DDFE538
:105EE00038B50D46044608220021F1F788F82978D4
:105EF000206861F30100206020F0040029788908FF
:105F000001F0010140EA8100206029780A074CBFB6
:105F100040F0080020F00800206015F8011B206800
:105F2000090920F0100001F0010140EA0110206091
:105F30002068C0F3800028B12878697800EB01223E
:105F4000A280AD1C2878A071A81C6978E17132BDCF
:105F500001460448006800281CBF02798A42F9D132
:105F60007047000024880020288800200146DFF8C0
:105F7000C404006820B102798A4218BFFF2AF8D110
:105F8000704700002C880020F8B50C4615461E46C8
:105F9000FFF7ECFFB0B14269002100E0491C037C2F
:105FA00099420FDA0C234B43D75AA74202BFD718A6
:105FB000BF88AF42F2D1D01890E80E0086E80E00FC
:105FC0000120F2BD0020F2BD80B5FFF7CFFF00B188
:105FD000806802BD80B5FFF7C9FF00B1C06802BD8F
:105FE00070B50A46DFF85014096891B10B79834205
:105FF000FAD1002300E05B1C4D79DCB2AC42F3D255
:106000008C68DDB234F825609642F4D104EB85004B
:1060100070BD002070BD80B5FFF7E2FF00B1807851
:1060200002BD10B51446FFF7DBFF38B18178002CB4
:1060300014BF41F0400101F0BF01817010BDF8B5FF
:1060400000F036F890B3069A0023214603E0E77883
:106050003F0724D45B1C4479A34227DA876807EB07
:10606000830427888F42F5D1A77892F800C067454E
:10607000F0D3112D07D1012EE9D03700EAD1E7780E
:106080007F07E7D50BE0132D10D1370002D1E77859
:10609000FF07F6E7012EDDD1E778BF07DAD50798CD
:1060A00021680160807810700120F2BD0020F2BDEF
:1060B0000C4615461E464BE7F8B50D4616461C46DF
:1060C000FFF754FFF8B1002100E0491C027C914227
:1060D00019DA43690C224A431A441788AF42F4D1B3
:1060E00093882788BB42F0D3D379DF09B74201D028
:1060F0005B06EAD592E86200069880E86200808834
:1061000020800120F2BD0020F2BD03460029104688
:1061100000D1704710B5082B59D0092B5BD00A2B42
:1061200061D00B2B6BD0102B18BF182B4FD0192B15
:1061300051D01A2B57D01B2B61D01C2B64D01D2B98
:1061400064D01E2B64D01F2B64D0202B3FD0212B7A
:1061500041D0222B47D0232B51D0242B54D0252B98
:1061600054D0262B54D0272B54D0282B2FD0292B7A
:1061700031D02A2B37D02B2B41D02C2B44D02D2B98
:1061800044D02E2B44D02F2B44D0302B1FD0312B7A
:1061900018BF382B1FD0392B31D03A2B3AD0412B96
:1061A00018BF422B38D0432B18BF442B37D0E02BDD
:1061B0001CBFE12BE22B22D0E82B18BFE92B0AD021
:1061C000EA2B1CD0F02B25D0F12B2FD010BD097855
:1061D00000F8011B10BD0A8800F8012B0B881B0A70
:1061E00000F8013B10BD0A6800F8012B0B681B0A80
:1061F00000F8013B0C68240C00F8014B10BD096845
:10620000BDE81040F0F714BF052210E006220EE0B2
:1062100007220CE008220AE00A78521C07E00A78FC
:106220004B7802EB032292B2921C00E01022BDE8F0
:106230001040F0F7EEBE082849D0092849D00A28B6
:1062400049D00B2849D0102818BF18283FD019284A
:106250003FD01A283FD01B283FD0202837D02128F4
:1062600037D0222837D0232837D0242837D02528E4
:1062700037D0262837D0272837D0282827D02928D4
:1062800027D02A2827D02B2827D02C2827D02D28E4
:1062900027D02E2827D02F2827D0302817D03128D4
:1062A00018BF382815D0392817D03A281DD0E02833
:1062B0001CBFE128E22810D0E82818BFE92808D040
:1062C000EA280AD0F02810D0F12810D011E00120DF
:1062D0007047022070470320704704207047052054
:1062E000704706207047072070470820704710202D
:1062F00070470020704780B5442818BF43280CD150
:106300000878497800EB0120821C92B283B29A424D
:106310002CBF801C4FF6FF7006E0422813BF4128B7
:106320000878401CFFF787FF80B202BDF8B50E4623
:106330000546B168144609B90120F2BDB079FFF7EE
:10634000DAFF0746B1683A462846F0F762FE04B124
:1063500027800020F2BDF8B584B01F4604460D46E4
:10636000164601ABFFF710FE08B901200EE00A9AAD
:10637000039820B101A93846FFF7D8FF06E0009244
:106380003B4632462946204600F016F805B0F0BDDF
:106390007CB50C460021ADF804101546FFF714FE3D
:1063A000060006D001A800900023002229462046BE
:1063B000B047BDF8040076BDF8B5069C0D461646FC
:1063C0001F46FFF701FE84460CB100202080BCF17F
:1063D000000F06D000943B46012231462846E04794
:1063E000F2BDC120F2BD70B514461D46E279930797
:1063F0001AD5224600F040F8060016D1DFF88C0BC3
:1064000002681AB129462046904758B1D5F80310C2
:10641000A079FFF770FFD5F803100246A068F0F7E7
:10642000F8FD02E0872600E08826304670BD0000B7
:1064300058500000288800202C8800207CB5144685
:106440000646E07982071D4614D52246304600F004
:1064500013F801000FD13046FFF7B6FD060007D054
:10646000002000902B46A18820880222B04776BDEC
:10647000C12076BD882076BD38B515460C46E97931
:106480008A060AD5FFF7A6FD030006D02946204656
:1064900001B0BDE8304002221847002032BD70B57F
:1064A000054668886C68C10701D5002070BD401C96
:1064B00080B2F0F7A2FD98B1698849080170002107
:1064C0000AE02278637802EB0325CEB200EB4602A5
:1064D000A41CA2F80150491C0378CAB29A42F0D316
:1064E00070BD2DE9F04706460025D6F80480778870
:1064F000A946002402E08044041981447068718830
:106500000144884513D26D1C98F80200E41C002851
:1065100008F10308F2D118F8010B4146FFF7EBFE32
:10652000641C10FA84F18F42E5DA00202EE0EC00C2
:1065300000F0F7F85FEA000827D0766888F8005086
:1065400008EB040900241CE008EBC000471C31786C
:10655000707801EB00223A80B078B870F61C78B9F8
:1065600016F8010BF8703146FFF7C5FE8246524619
:1065700031464846F0F74DFDC7F804905644D144E3
:10658000641CE0B2E9B28842DED34046BDE8F08741
:10659000F5E0F8B50446002661886568022908DB45
:1065A0000322B1FBF2F202EB4202881A01D0002072
:1065B000F2BD491C88B2F0F720FDD8B161880129ED
:1065C00012D12A784270012613E0F1B201EB4101A9
:1065D00015F8012B431C761C5A542F786A7807EB68
:1065E0000223871CAD1C7B52616862880A44954275
:1065F000EBD30670F2BD2DE9F84F06464FF00008C8
:1066000077687588C146002401E07F1DA41C70686E
:10661000718801448F421DD23878E41C002808F1AB
:106620000108F2D1F8780837641DA0F120010F2984
:1066300081BF18390229A8390229E8D8FFF7FBFDE4
:1066400010FA84F18D42A2BF3F1804198144DEDAAA
:10665000002064E037460E2606FB08F400F061F8DF
:106660005FEA00095AD07D6889F8008009EB040AC6
:10667000002717E008784A7800EB022323818D1C5D
:106680000FE01BF8010B0AF80300D3180846411E5F
:106690000028F6D1C4F80AA0E078FFF7CCFD2D1849
:1066A00082447F1CF8B25FFA88F1884236D2704388
:1066B0004844441C0E2200212046F0F7A0FC287814
:1066C0002070691C0A784B78891C02EB0322002891
:1066D000A4F80120CED111F8010BE0700A784878B7
:1066E00002EB0023881CA3800178427801EB02238F
:1066F000E380851CE078A0F120010F2981BF1839C3
:106700000229A8390229CCD85146FFF7F4FD01220D
:10671000AB460146ADF800200023B7E74846BDE888
:10672000F28F641CE4B2A1441FFA89F0F0F765BC53
:1067300070B5446840880322B0FBF2F505EB4501D3
:10674000401A01D0002070BDE8B200F009FAA0B1F3
:10675000057000210EE001EB410214F8013B8518A1
:10676000491C6B70C9B22678637806EB0325861C3A
:10677000A41CB55202789142EDDB70BD00BF2DE93B
:10678000F0470646002571687488A846002703E094
:1067900009EB0001C7198044706872880244914275
:1067A0000DD2887801F103094946FFF7A4FDFF1CCB
:1067B0006D1C10FA87F18C42EADA002032E0C5EB5A
:1067C000C5077F1CFFB2B8441FFA88F0F0F715FC2C
:1067D0005FEA000825D0716888F80050474400241B
:1067E0001BE0C0EBC0004044461C0A78487802EB2E
:1067F0000023338001F103098878B0704946FFF720
:106800007AFD8246524649463846F0F702FCC6F801
:10681000037009EB0A015744641CE0B2EAB29042EB
:10682000DFD34046BDE8F08710B52FE010B54468CF
:106830000320F0F7E2FB30B12178627801EB02230C
:106840000380A178817010BDF8B500F069F801D01F
:106850000020F2BD6D1EAD052D0E05EB450000F0CC
:1068600066F888B100F056F80CE02378667803EB00
:10687000062701EB4102831C491C9F520244A67863
:106880001671E41CA942F0DBF2BD10B54468022089
:10689000F0F7B3FB18B1217801706278427010BD37
:1068A00038B5418844684D1EEDB2E81CF0F7A5FBF1
:1068B00068B114F8011B01708570002104E014F820
:1068C000013B0244491CD370CAB2AA42F7DB32BD75
:1068D00070B500F025F801D0002070BD6D1EAD052B
:1068E0002D0EA80000F023F898B100F013F80EE088
:1068F0002278637802EB0326821C22F8216000EBE9
:106900008102A3781371491CE6785671241DA942AF
:10691000EEDB70BD14F8011B01704570002170475B
:106920004468458805F1FF0010F0030F7047801C94
:10693000F0F763BB2DE9F843064686B077693878EF
:10694000C00000F00FF95FEA000808BF002055D032
:10695000387888F80000002406E08621A97001E05C
:106960008F20A870641CE4B23878844238DA08F1C9
:106970000101781C01EBC40530F8141029807A1C41
:106980003068818832F81420007D03ABFFF7FCFAF1
:106990000128E2D19DF81300410605D47168C209AF
:1069A000C1F3C0018A42D8D1C207D9D53168C00627
:1069B00001F1060909D5087DFFF70CFB030004D09F
:1069C000012203A94846984700E00020A870A87853
:1069D0000028C7D1059868609DF81200E870C1E7EB
:1069E0003068B17A00F0B7F800F00BF843468288BF
:1069F000007DFEF73DFEFFF7E4F8012007B0BDE89B
:106A0000F0837368DB0803F0010383F00103009354
:106A100070472DE9F84F044684B0E07A6669022891
:106A20004FF0000907D1307800F09AF85FEA000AC9
:106A300018BFC8462DD100206FE0862068703988C5
:106A40006980D94623E0B8789DF80A10884240F062
:106A50007F800398D4F800C000286AD0BCF80410E6
:106A6000032904BF388800285AD1D7F8031002221E
:106A70006846F1F7E1FE2068007D05F015FC05F0A1
:106A800035FC2068017DBDF80000F3F74AFA08F1F3
:106A9000010831785FFA88F0884223D25FFA88F2E1
:106AA000701CC2EBC202871820683A888188007D7A
:106AB0005FFA89F303EB43030AEB030501ABFFF72E
:106AC00063FA002809F1010BB7D09DF80B0061684B
:106AD000C009C1F3C0018842B5D086206870D9468C
:106AE000398869808AF800909AF8000028B9002156
:106AF0008AF8011001208AF800002068A17A00F0CD
:106B00002AF86368FFF77EFF53468288007DFEF710
:106B100034FE5046F0F787FA012005B0BDE8F08F4B
:106B20009CF814003B4601AA0CF10601FFF75BFC40
:106B300008E0D7F803309CF8140001AA0CF1060114
:106B4000FFF77CFC0100A2D068703888688078E785
:106B50008D216970F9E7029101220192811D704730
:106B600000EB4000401CF0F748BA2DE9F04F054615
:106B700087B0D5F8149099F80000FFF7F1FF4FF0B7
:106B8000000AD046060008BF00204DD000241DE0BA
:106B9000286881883A88007DFFF7FAFB0FE09DF8AE
:106BA0001600B978814240D19DF817108A073ED56A
:106BB00089063ED406990029EAD0FFF79CFBADF880
:106BC0000C00641CBDF80C008244E4B299F800107B
:106BD0008C4213DA09F10100C4EBC402871828685B
:106BE00081883A88007D04ABFFF7CEF90028D6D122
:106BF000862070704FF001083988718086F8008017
:106C00003178002940F0A2804446C4EBC404E4B2C9
:106C10000AEB040080B2F0F7F0F95FEA000A0AD14B
:106C20003046F0F700FA00209DE08D20E1E7882053
:106C3000DFE77E20DDE7CDF804900AEB04000027B3
:106C4000814604E0BDF80C007F1C8144FFB201982E
:106C500001788F426FDA0199C7EBC7004A1C1418FC
:106C60000AEB000B286881882288007D04ABFFF7BF
:106C70008BF900285FD02088ABF80000CBF8039098
:106C8000069860B103AA04A94846FFF74FFB28689D
:106C9000811D007D234604AAFFF7A5FB10E02868AC
:106CA00003A900914B4681882288007DFFF784FB71
:106CB000D4F803302868811D007D04AAFFF7BEFBCD
:106CC0000100BFD008EB4801721CB31C505408F1FE
:106CD00001082088585200241EE0DBF800302868A4
:106CE000811D007D6A46FFF7A9FB14E00AF103004D
:106CF00000EB090BDDF80890B9F1000FEDD0DBF8DF
:106D000000109DF80600FFF7F6FA0246DBF80010C7
:106D10004846F0F77EF9641CA0B2B8420BD228684E
:106D20008188007DC4EBC4096B463AF80920FFF75F
:106D30002BF90028DAD186F800805046317819B94D
:106D40000022727001213170F0F76DF92868A97A7C
:106D5000FFF701FF6B6800F09DF8FEF70EFD30466F
:106D6000F0F761F9012007B0BDE8F08F2DE9F84395
:106D700004468AB067693888002503E0BDF80C0036
:106D80006D1C401CADF80C00E8B2B97888420CD2FA
:106D9000206804AA009203AB81886268007DC2F378
:106DA000C002FFF789F90028E8D1E17A0C295FFADF
:106DB00085F9E8B228D100EB4000FFF7B8FD0600E6
:106DC0004FF0010851D0E8B2C8B13988ADF80E10C3
:106DD000002700F069F868B107EB4700BDF8201004
:106DE00032187F1C5180321D9DF82210115400F082
:106DF00040F8EEDB00F058F808B14FF0000800F062
:106E00003FF8FEF7B7FE2DE015292ED18000FFF7E1
:106E10008EFD06004FF0010827D0E8B2F0B13988A6
:106E2000ADF80E10002700F03FF890B106EB870098
:106E3000BDF820104180321D9DF8221002F8271065
:106E40007F1C9DF8231001F00701417100F011F83B
:106E5000E9DB00F029F808B14FF0000800F010F865
:106E6000FEF7B2FE3046F0F7DEF801200BB0BDE8C9
:106E7000F083BDF80E00401C4F45ADF80E00704782
:106E800086F8008075702068A17A02910122019233
:106E9000811D6368DB0803F0010383F001030093A5
:106EA00033468288007D7047206807A900910DF164
:106EB0000E036168C1F3C0028188007DFFF7FCB852
:106EC0002DE9F841064685B0776938780024A04658
:106ED00006E008F101005FFA80F89DF80C00401C04
:106EE0008DF80C007878804503DA00F03EF8002831
:106EF000EFD108F10300F0F780F8050008BF00208B
:106F000030D0B8F1000F12D0387807E09DF81200A9
:106F1000E919641CC8709DF80C00401CE7B2474595
:106F20008DF80C0003DA00F020F80028EED100F014
:106F30001CF8401E8041C00F28700122F17A697050
:106F4000AC703068B17A02910192811DFFF759FD52
:106F50002B468288007DFEF7C4FDFEF70AFC601E0A
:106F60008041C00F06B0BDE8F081306804A90191EE
:106F700003AA00927168F27AC1F3C0038188007D90
:106F8000FFF75DB8024800787047000020880020B5
:106F9000A42C00202DE9F04186B00400E57ADFF84A
:106FA000F40A0078002801D1BA201CE1012600274C
:106FB0000C210022E8464046F6F79CFD01208DF8A2
:106FC0000500207E40070AD59DF8020050F04000E1
:106FD0008DF80200207E000701D456F00206207EC4
:106FE000C00601D556F04006207E000715D59DF855
:106FF000020050F0C0008DF80200207E800606D509
:107000009DF8030050F001008DF8030005E09DF8A5
:10701000030050F002008DF80300208B10F4C070C4
:10702000B0F5C07F01D156F00806207A00280AD1B9
:1070300003F0BFFAADF800009DF8020050F0040024
:107040008DF8020048E0207A0F280BD19DF802004D
:1070500050F008008DF802002088ADF8000056F0CE
:10706000040639E0207A022807D19DF802008DF845
:1070700002002088ADF800002EE0207A032808D115
:107080009DF802008DF802006946200000F070F9BA
:1070900022E0207A01281FD1DFF8400B90F8680029
:1070A00000280CD09DF8020050F008008DF8020076
:1070B0002088ADF8000056F48056FF250BE09DF8BF
:1070C000020050F00C008DF802004FF6FD70ADF894
:1070D000000056F004062788207EC00711D59DF8D1
:1070E000020010F00C0F0CD120880DF043F800289E
:1070F00001D1BB2077E09DF8020050F020008DF810
:107100000200207EC0070BD59DF8020010F00C0095
:10711000042805D19DF8020050F020008DF80200EF
:10712000608A8DF80400684600F0B0FE9DF81400F7
:10713000002856D10398C682E07E03994876207FC6
:1071400003998876207A012805D1DFF8900A90F813
:10715000680003990877A07E03990885208B03991E
:107160004885E07F039981F82C00208B10F4C070D3
:10717000B0F5C07F05D10398417D94F8200011F04F
:107180001FFBA07A039981F83A00039880F83B50DE
:1071900003988787E0890399C887208A0399A1F813
:1071A0004000A07E039981F84A00A07F039981F8EE
:1071B0004B00607F039981F84900628A61690398F6
:1071C000406CF1F739FB207E400607D5DFF8081B3D
:1071D0000868002802D0684609688847684600F0B9
:1071E000A2FE9DF8140006B0BDE8F08110B541780C
:1071F000012901D1092400E00824D4F16C040078AD
:10720000002804D005200DF03AFF241A0D3CDFF8C9
:10721000CC19087B002804D0087B0DF030FF241A1D
:107220000E3C2000C0B210BD13B511001A00DFF8EB
:10723000AC4A2368002B0CD001AB00930123D2B2DF
:10724000C0B22468A047002801D0002002E0B2208C
:1072500000E0B62016BD38B5DFF8845A2C68002C43
:1072600005D0DBB289B2C0B22C68A04700E0B620DE
:1072700032BD38B503000C001500B520DBB2A22BDF
:107280000ED0A32B02D0AB2B15D01CE0DFF8542A74
:107290001168002903D0106880472880002012E080
:1072A000DFF8442A1168002904D02900200080B2A8
:1072B0001268904707E0DFF8340A0168280005F0FB
:1072C0006BFB0020FFE7C0B232BD80B51100B522D4
:1072D000C0B2AB2806D1DFF8140A006805F05CFBE9
:1072E0000022FFE71000C0B202BD70B504000E001E
:1072F0000125DFF8E808C08A210089B2884206D15A
:1073000003F04EF90100300005F046FB2DE003F0DC
:1073100054F9210089B2884203D1300003F051F9B9
:1073200023E03100200080B211F098FB0500DFF867
:10733000C0090078002818D1F3F7E4F8002814D128
:107340002800C0B2002810D12000DFF8A819098851
:1073500080B2884209D1A4B2002C06D00822DFF8FE
:1073600098193000F1F768FA01252800C0B270BD05
:1073700070B504000D00012603F012F90100200091
:1073800005F0FBFA012804D1DFF85008C08A2880F4
:1073900004E02900200011F075FB06003000C0B2A7
:1073A00070BD10B504000E20F1F750FA00281BD074
:1073B00094F83810017094F83910417094F83A102C
:1073C000817094F83B10C170E18F8180B4F8401057
:1073D000C18094F84210017294F84A1001736188D8
:1073E000418194F84910417310BD10B50C00B320D1
:1073F000DFF80829D17A00290FD192F8411001292C
:107400000BD1A07D0DF0B8FCA082A08A4FF6FF71D1
:10741000884201D0002000E0A120C0B210BD1CB500
:107420000C00217F052906D114F1080180B2FFF775
:107430005CFF00282BD0694614F108000CF0BEFE5A
:10744000BDF800004FF6FF7188421ED02078012859
:1074500016D1DFF8301ABDF800200C20424301EBB2
:107460000200001DA1690268914207D3BDF8001017
:10747000A182A169491C0160002009E0A22007E067
:10748000BDF80000A082002002E0A12000E0C8209A
:10749000C0B216BD1CB50400DFF86018C87A002819
:1074A00029D191F84100012825D13A236A460121CA
:1074B000002004F0E9FB00281AD1012020749DF877
:1074C0000000A075002060823A20A082DFF8B80991
:1074D0000168A1610168491C0160006801280AD1A6
:1074E0004FF40071DFF8800A0078F0F7E8FF02E05F
:1074F0004FF6FF70A08213BD1FB50C0001A980B22A
:10750000FFF7F3FE002834D0694601A80CF056FEC0
:10751000BDF800004FF6FF7188422AD00C21DFF839
:107520006429BDF800004843104400232374062357
:107530006382BDF80030A3820368A36103685B1C0B
:10754000036000684FF47A73B0FBF3F403FB14009C
:1075500000280ED1BDF8000001FB00F102EB010094
:10756000012101724FF40061DFF8FC090078F0F7A7
:10757000A6FF1FBD38B505000C004FF6FF70A082B6
:10758000A06910F1010F43D0207C012807D1002011
:1075900060822100280080B2FFF727FF39E0207CBD
:1075A000002812D1062060822100280080B2FFF757
:1075B00036FF0100C9B200292BD0042060822100CF
:1075C000280080B20CF022FF23E0207C022812D198
:1075D000062060822100280080B2FFF720FF010012
:1075E000C9B2002915D0042060822100280080B291
:1075F0000CF00CFF0DE0207C032807D104206082F2
:107600002100280080B20CF001FF02E0A12000E080
:10761000A320C0B232BD70B504004FF6FF752069DB
:10762000858221692088FFF767FF206910F1080132
:107630002088FFF75AFE00F009FF002810D0002034
:1076400021694882682021698882022021690874A2
:10765000DFF88C090168226991610168491C0160A9
:107660002069808AA8421FD1DFF8806631682069CE
:10767000083005F082F900280BD102F091FF0100DB
:10768000306805F07AF9002803D100F0DFFE002809
:107690000AD0216920880CF04DFF002801D0206914
:1076A00085820020216908742069808AA84208D157
:1076B0002069FFF7EFFE2069808AA84201D1A1204E
:1076C000207570BD38B504002C20F1F7BFF820619B
:1076D0002069002847D02C21002225692800F6F7D0
:1076E00009FA2000FFF797FF2069808A4FF6FF71A3
:1076F000884232D02069007C012803D10E20216904
:10770000087714E0A068002803D00D2021690877CD
:107710000DE000F09BFE002802D1A078C00703D541
:107720000D202169087702E0052021690877A078FB
:10773000C0B210F00300012803D105202169487070
:1077400004E0DFF8B805007B2169487020694078C3
:107750000DF095FC2169487707E02069F1F777F88B
:107760000020206101E01020207531BD80B5082285
:10777000FF21F1F7B7F802BD2DE9F04188B0040010
:107780000D002C20F1F762F80600002E00F00581B4
:1077900002F00FFF698B80B2814202D1022030706B
:1077A00001E0012030702869697B4942084470601B
:1077B000687BB070002086F82600002086F827003D
:1077C00030000DF04CF9287810F00300012802D1A8
:1077D0000520707003E0DFF80404007B707070789F
:1077E0000DF04DFC70772869317F08442861297DB0
:1077F000307F091A707F091A2975287DF0703100D1
:10780000200080B2FFF7B6FE07003078022806D1CC
:1078100002F0C6FE010016F1080005F0BDF83800C0
:10782000C0B2002840F0B5800024DFF8C4542878A6
:10783000012802D0287802281CD196F826000128B9
:1078400003D096F82700012814D1F078B1780818F1
:10785000317F4018001DF0F7F9FF0400002C09D01B
:10786000F078B1780818317F4218121D7168200035
:10787000F0F7E2FF30000DF04FF9070028780128FB
:1078800003D02878022840F07F803800C0B200285A
:107890007AD0002C78D000E02F0096F8260001283E
:1078A00003D096F8270001286ED13D00F078B1781A
:1078B0000818317F4218121D21007068F0F7BCFFD4
:1078C00096F82600002807D0002070826820B08239
:1078D000002086F826000BE096F82700002807D045
:1078E0000020708240F20310B082002086F827004A
:1078F00030000DF011F907003800C0B20028CCD1DB
:10790000142100220DF10C084046F6F7F3F801208F
:107910008DF81D00708A00281BD1B08A682818D104
:107920007068C07B0528B7D170682A30FFF71EFF4A
:107930000028B1D00821FF2201AD2800F6F7DAF8BF
:1079400001AA0021AB20FFF7C0FCFC208DF81C0031
:107950000AE0708A002807D1B08A40F203118842F9
:1079600002D1FF208DF81C000022694605A800F016
:10797000EBFB9DF80010002906D003AB1422010098
:1079800089B20420F1F70EF8002C02D02000F0F7A5
:107990005EFF3000F0F75BFF00E010273800C0B258
:1079A00008B0BDE8F08110B50400E06890F8380038
:1079B000C0B210F00300012819D12069007C002812
:1079C00015D1E068406C0078052810D1E068406C63
:1079D00040780100C9B2012902D0C0B2062803D103
:1079E00002202169087402E0032021690874002044
:1079F00021690870E06890F8480021698870E068A3
:107A000090F842002169C870E06800692169486007
:107A100002F0C6FD01002069083004F0BDFF2069B6
:107A20000DF07AF8207510BD01207047DFF8BC0713
:107A3000DFF8BC170860DFF8BC07DFF8BC17086088
:107A4000DFF8B807DFF8B8170860DFF8B807DFF825
:107A5000B8170860704738B504002068857802F0D0
:107A6000A8FD2168098880B2814210D0A8060ED5F1
:107A70002068DFF87C1709688847206800690028BB
:107A800005D12068807810F0DF002168887031BD52
:107A9000000000005B31002030B4C16891F838204C
:107AA00012F00303C16809690A704D1C1900C9B2BC
:107AB000002903D01900C9B2022955D112F00C04D3
:107AC0002100C9B2002907D02100C9B2082903D07A
:107AD0002100C9B204290AD11900C9B2022901D171
:107AE000D10604D4C16891F83B1029706D1C2100A7
:107AF000C9B20C2909D1C168898F2970691CC56870
:107B0000AD8FADB22D0A0D704D1CDBB2022B01D131
:107B1000D10629D4C168C98F2970691CC368DB8F5D
:107B20009BB21B0A0B70491CC368B3F840300B7042
:107B3000491CC368B3F840309BB21B0A0B704D1C44
:107B40002100C9B200290AD02100C9B2082906D0F3
:107B50002100C9B20C2902D0E4B2042C04D1C168BE
:107B600091F83A1029706D1CC16891F8391011F024
:107B7000030F06D1910704D4C16891F82A100906B1
:107B800005D5C16891F849102970691C0BE0DFF830
:107B90002C170B78C46884F849300B782B700B785D
:107BA0005B1C0B70691C130616D5C36893F839303B
:107BB0000B70491CC36893F8393013F0030F0BD0D6
:107BC000C36893F84B300B70491C920704D5C0680A
:107BD00090F84C000870481C30BC7047347A002084
:107BE00010B401688A7812F00303012101711900B1
:107BF000C9B2002903D01900C9B202293AD112F042
:107C00000C042100C9B2002907D02100C9B20829FB
:107C100003D02100C9B2042908D11900C9B2022930
:107C200001D1D10602D40179491C01712100C9B2E8
:107C30000C2902D10179891C0171DBB2022B01D11F
:107C4000D10617D40179891C01710179891C017150
:107C50002100C9B200290AD02100C9B2082906D0E2
:107C60002100C9B20C2902D0E4B2042C02D101795E
:107C7000491C017111060FD50179491C0171016878
:107C8000C97811F0030F07D00179491C01719107E0
:107C900002D50179491C01710179491C017110BC9F
:107CA000704780B50169002902D00069F0F7CFFD67
:107CB00001BD10B5040000202168C86000202168C3
:107CC00008610020216808752000FFF789FF200067
:107CD000FFF7C1FE10BD000074880020248300203F
:107CE00088880020288300208C8800208488002039
:107CF00052310020C2890020B4870020347A00204D
:107D000018B585B04189ADF80010416849788DF803
:107D100002104168891C01919DF80210042906D1C6
:107D200041681231029140681A3003901BE09DF8BF
:107D30000210012903D09DF8021006290AD14168DA
:107D4000897C8DF8031041681331029140681B3023
:107D5000039008E0002102914168123103914068CC
:107D6000807E8DF810000124029800280BD0029824
:107D700010F050FE012806D102F012FC010002981A
:107D800004F0FBFD0400E4B2012C03D1684611F0BD
:107D9000BDF8FFE706B010BD80B54189ADF8001011
:107DA000406840788DF80200684611F0D3F801BDB4
:107DB000E0B54189ADF80010416849788DF80210AE
:107DC000416889788DF808109DF80210002902D1C9
:107DD000407A002802D0684611F0CFF807BD80B580
:107DE00041680978052904D0092905D0102906D051
:107DF00008E0FFF785FF05E0FFF7CEFF02E0FFF7A1
:107E0000D7FFFFE701BD10B588B0040001A9608964
:107E1000FFF76BFA03AA694601A800F095F99DF8EF
:107E20000000002813D09DF81C00FD2803D09DF809
:107E30001C0000280BD1DFF828060078002806D1A6
:107E4000607A002803D160680078062817D0607A2D
:107E5000002803D160680078072810D0207B002814
:107E600008D160680078052804D04FF49A7011F0AA
:107E7000FBF804E02000DFF8EC150968884708B03B
:107E800010BD000064820020608900201FB504003E
:107E9000019401A8FFF70DFF207D002842D150205A
:107EA0008DF8000021799DF8080041188DF8011027
:107EB00060798DF802002069002809D09DF8011032
:107EC0002069027F2069407F821851188DF80110C7
:107ED000684600F02CFD00281FD021884180012138
:107EE0004176A17880F83810E17880F8391021794E
:107EF00080F8421001699DF80820114441649DF802
:107F0000081080F848102169002904D0416C2269CA
:107F1000127F11444164E06004E02000FFF7C1FEDD
:107F2000102020751FBD10B50400207D002817D13A
:107F30002000FFF7B1FD2069002804D02000DFF801
:107F4000B81209688847207D002804D1E06800F055
:107F5000BCFC207504E0E068F0F779FC0020E060EC
:107F60002000FFF79EFE10BDBE2C002038B5040097
:107F70000D0002F01EFB698B80B2814207D0200009
:107F800080B20CF0F7F8002801D1012006E02900AA
:107F9000200080B2DFF870221268904732BD10B521
:107FA0000400002C0FD100242000DFF8BC14098845
:107FB00080B2884212D21022210089B20520F0F747
:107FC0005AFD641CF0E7217811F07F011022C9B23C
:107FD00089B20520F0F74FFD0020207010BD000091
:107FE0006489002038B588B04FF6FF7000208DF806
:107FF00000000821002201AC2000F5F77BFD03AA58
:10800000694601A800F0A0F804009DF800000028CF
:1080100001D1012010E01421002203AD2800F5F762
:1080200069FDFF208DF81C0003AB1422210089B2EA
:108030000420F0F7B7FC002009B030BD2DE9F8436B
:1080400086B004000D004FF6FF773800380000209E
:108050008DF80000DFF814040078002806D1DFF85E
:1080600010040078002801D1012024E0002C01D068
:10807000002D01D102201EE001AA6946280000F06F
:1080800063F80600300080B2B84201D1B22012E09D
:108090009DF80000002811D09DF8140000280DD193
:1080A0009DF8171011F07F012300102289B20520DE
:1080B000F0F778FC002007B0BDE8F083002700E06F
:1080C0007F1CDFF8A4833800B8F8001080B2884223
:1080D00033D223001022390089B20520F0F71FFCAB
:1080E0000928EDD13C000822290003A8F0F7A4FBE1
:1080F000002002900020019000208DF8140054F020
:1081000080048DF8174001AB1422310089B204209D
:10811000F0F748FC0C2100220C24DFF85853300003
:1081200080B2604305EB00094846F5F7E3FCB6B2C0
:10813000664305EB060001214172B8F80000BFB2AA
:108140008742B7D3B220B6E738B58CB00D00140023
:108150004FF6FF71ADF81010002D01D0002802D1AC
:10816000BDF810003EE000212970039009A907A87E
:10817000091A89B202910820019007A800901423DF
:10818000002204A90420F0F74AFCC0B2002817D04E
:108190000821002205AD2800F5F7ACFC05A80390E6
:1081A00009A907A8091A89B202910820019007A815
:1081B00000901423002204A90420F0F730FC01E011
:1081C00001202870BDF81000DFF8B4120988884239
:1081D00006D2002C04D0142207A92000F0F72CFBB3
:1081E000BDF810000DB030BD00000000C5760100E4
:1081F00060880020A779010064880020297A0100A6
:1082000068880020797701006C88002038B586B036
:1082100004000C2100226D462800F5F76BFC208835
:10822000ADF8000009208DF8040001208DF805004C
:10823000207A012816D121208DF80200DFF82C02C7
:108240000078002811D1F2F75DF900280DD108223D
:108250006168DFF82402F0F7EFFA2088DFF81C12DB
:10826000088002E001208DF802006846FFF70EFE4C
:108270009DF8140000280AD10398406C0721017072
:108280006168401C04F088FB6846FFF74CFE7748A5
:10829000007800280CD1F2F735F9002808D1082120
:1082A0000022754C2000F5F725FC0020734908805A
:1082B0009DF8140007B030BD00000000058A0020C2
:1082C00038B586B0040000208DF814000C2100227F
:1082D0006D462800F5F70EFC6078012802D0607822
:1082E000042803D102208DF8040009E060780228F8
:1082F00003D10A208DF8040002E0B3208DF81400A9
:108300009DF8140000281FD12078ADF8000021202E
:108310008DF8020001208DF805006846FFF7B6FDD4
:108320009DF8140000280FD10398406C08210170BB
:10833000617841706178022903D16168801C04F082
:108340002BFB6846FFF7EFFD9DF8140007B030BD2A
:1083500038B596B004002079042807D14348007846
:10836000002803D000F072F8002801D0C22064E099
:1083700001AA0021AB20FEF77CFF216801A810F0C4
:108380005DFB002801D1C22057E011AA6946206890
:10839000FFF7DAFE9DF8000000284DD09DF854004C
:1083A000012849D10DAB102200214FF48170F0F764
:1083B00059FB03208DF8010009AB0DAA08210DF12E
:1083C000010000F063F800208DF820000C2100224D
:1083D00003AD2800F5F78EFB0020ADF80C0041201E
:1083E0008DF80E0001208DF811001A208DF8100074
:1083F00003A8FFF74BFD9DF8200000281CD106982C
:10840000456C0F2028702079687002F0C9F80822A6
:10841000010001A8F0F710FA01A9A81C04F0BCFAA9
:10842000102209A915F10A00F0F706FA03A8FFF7D0
:108430007AFD9DF8200000E0C22017B030BD80B565
:10844000FFF7F4FA0F480749086001BD80B508221C
:10845000FF210D480068F0F745FA02BD000000005A
:10846000FC890020708800209EC901005231002044
:108470003C310020D8820020B4870020C28900202F
:10848000A6C20100DF7D010084880020F0B589B01C
:1084900014001D00002209E01300DBB2E35C93F03E
:1084A000360301AE1700FFB2F355521C1300DBB2C6
:1084B000102BF1DB00950B009BB20200012101A8FB
:1084C00000F01EF81022290005A8F0F7B5F90020E9
:1084D00009E00100C9B2615C91F05C0101AA0300EE
:1084E000DBB2D154401C0100C9B21029F1DB009568
:1084F000802305AA012101A800F002F809B0F0BD0F
:108500002DE9F84F88B082460C0091461D00129E5E
:10851000280080B2082190FBF1F1080080B21022FF
:1085200090FBF2F789B2102091FBF0F800FB1818CD
:1085300010210022B3465846F5F7DCFAE4B2002CCD
:1085400020D0102231006846F0F776F9102251460B
:108550003000F0F771F93100684600F002F90021AF
:108560000BE00800C0B2325C0800C0B21AF800008C
:1085700042400800C0B23254491C0800C0B2102862
:10858000EFDB80354C463800471E80B200281DD0F6
:10859000102231006846F0F74FF910222100300018
:1085A000F0F74AF93100684600F0DBF800210800D6
:1085B000C0B21028E7DA0800C0B2325C207842402E
:1085C0000800C0B23254641C491CF0E74046C0B2F7
:1085D00000282DD1102231006846F0F72DF90E2128
:1085E000002234002000F5F785FA80203070280042
:1085F00080B2000AB073F5731022310004A8F0F7BE
:108600001BF93100684600F0ACF800210800C0B248
:10861000102880F2A3800800C0B2325C04A80B00CE
:10862000DBB2C05C42400800C0B23254491CEDE7E6
:108630004046C0B20E285BDB102231006846F0F7DE
:10864000FBF81021002237003800F5F753FA4246B4
:10865000D2B221003000F0F7EFF880205FFA88F8FE
:1086600006F808001022310004A8F0F7E5F8310000
:10867000684600F076F800210BE00800C0B2325CDA
:1086800004A80B00DBB2C05C42400800C0B2325408
:10869000491C0800C0B21028EFDB102231006846E8
:1086A000F0F7CAF80E21002234002000F5F722FA74
:1086B000280080B2000AB073F5731022310004A8BC
:1086C000F0F7BAF83100684600F04BF800210800D6
:1086D000C0B2102842DA0800C0B2325C04A80B0015
:1086E000DBB2C05C42400800C0B23254491CEEE725
:1086F000102231006846F0F79FF80E210022370063
:108700003800F5F7F7F94246D2B221003000F0F711
:1087100093F880205FFA88F806F80800280080B2F5
:10872000000AB073F5731022310004A8F0F784F842
:108730003100684600F015F800210BE00800C0B2D7
:10874000325C04A80B00DBB2C05C42400800C0B23F
:108750003254491C0800C0B21028EFDB09B0BDE854
:10876000F08F10B588B00C001022010004A80EF0A4
:10877000ABFC684610F083FC04A8009001940294BE
:108780001020039069460348006810F046FD08B0C9
:1087900010BD0000CC58002038B584B000F05DF862
:1087A0000024C00748BF0124434A01215520F0F7A7
:1087B000DDF820B920001CBF0020F2F70EFB3F4976
:1087C000E22003F0F0FB204600F01FF8684600218D
:1087D00000220023002580E82E006A461021622036
:1087E000F0F7C4F830B9200004D06A4610216220A6
:1087F000F0F7F5F820460CF01AF81CB10121002022
:1088000000F03AF8002005B030BD2DE9F0412C4BC6
:108810000122044600251A7017E033463A4600212B
:108820004046F0F71FF90EE04E684F88804632460A
:108830003946F0F79BF830B92000EED03246394681
:108840004046F0F7CCF86D1CEDB21E4901EBC501B6
:1088500008880028E8D1BDE8F08180B500208DF8B7
:1088600000006A4601210320F0F780F808B900F003
:108870001DF89DF8000002BD38B5054600208DF8B2
:1088800000000C4600F012F801000ED19DF8000027
:10889000FF2D0EBF044384F0FF0404408DF8004018
:1088A0006A4601210320F0F79AF832BD6B46012297
:1088B00000210320F0F7D6B87E1B0020782D002081
:1088C000FB890020A0510000704738B50400DFF894
:1088D0003C0690F8261008290CD090F826100429A0
:1088E00008D0217811F00301012919D121690978F3
:1088F000062915D161884FF6FE72914210D0618829
:10890000C08A814202D1207F002804D0200001F0DB
:10891000F7FA050005E0200001F08DFB050000E0FE
:10892000C2252000EFF793FF2800C0B232BDF8B592
:1089300005002878697851FA80F080B2EFF786FF59
:108940000400002C16D026002978002237003800B9
:10895000F5F7D0F84FF6FE70708001F02AFEB08077
:108960002878204430616878307501F030FE7075E9
:10897000A87830762000F2BDF0B587B006000D0073
:10898000DFF8884594F82600042803D094F82600E0
:10899000082801D1C2201BE0A66284F82E501C21B9
:1089A00000226F463800F5F7A5F800968DF80550BF
:1089B00001208DF8040000208DF80700022084F8C3
:1089C00026000020DFF848150870684603F06EFBAB
:1089D00007B0F0BD30B587B00400DFF8385528681F
:1089E000002829D10820EFF731FF286028680028E7
:1089F00020D020682968086020792968087160798A
:108A000029684871A079296888711C2100226D4667
:108A10002800F5F76FF82068009020798DF80500A0
:108A200060798DF8040000208DF80700684603F097
:108A30003DFB02E0102000E00120C0B207B030BDD5
:108A400010B5DFF8D0442068002804D02068EFF784
:108A5000FEFE0020206001F00EF902F0CFFD10BDF7
:108A60002DE9F04387B006000C00170098461198D6
:108A70000025C0B2002817D05FF00109129D01E067
:108A80005FF000094846C0B200280DD0280080B22F
:108A90004FF6F871884203DA280080B20028EFD13F
:108AA000EFF72FFF0500EDE70E9A1000C0B20F2878
:108AB00004D10F990800C0B20F2801D0C12061E095
:108AC0001098DFF84894C9F8287089F82E8089F842
:108AD0002C2089F82D1089F82F004FF6FF703100F7
:108AE000020089B291420DD1DFF82C140A8882422B
:108AF00004D1EFF706FFA9F8240005E00888A9F8DB
:108B0000240001E0A9F82460002C09D0200003F023
:108B1000A9F8012804D1210019F1390003F03CFF24
:108B200019F13904200003F09DF8002803D1210039
:108B3000E22003F038FAA9F816500020A9F81A002C
:108B4000002089F838000F2089F82C000F2089F8C0
:108B50002D00052089F826001C2100226C462000EB
:108B6000F4F7C8FF00208DF80400D9F82800009021
:108B700099F82E008DF8050000208DF80700684652
:108B800003F094FA07B0BDE8F0830120DFF87C130E
:108B900081F82600704780B50122C9B200F007F8BD
:108BA00002BD80B50022C9B200F001F802BD2DE976
:108BB000FC4105000E009046DFF850733200D2B23F
:108BC000B98C280001F014F80400002C01D1CA204F
:108BD0008EE020894FF6FE71884201D1C32087E0E4
:108BE00001F0E7FC218980B2814201D1C2207FE0FF
:108BF000B88C2188884201D02088B884B88C02F0D3
:108C000032FEE07A401C87F83800290017F139005D
:108C100003F0C2FE02208DF80100684602F03BF925
:108C20000500002D5DD0286906210170401CB97B2C
:108C30000170401C0120A87701F0B2FC686201209D
:108C4000A8764020E8822089688085F8188028006E
:108C5000FFF73BFE05002800C0B2002842D10020EB
:108C6000092087F8260020897883387E3100C9B230
:108C7000884200D03E7617F11A014B2003F0A6F986
:108C800017F12401502003F0A1F917F11801E12098
:108C900003F09CF917F11601532003F097F9012115
:108CA000082001F0ECFD00214FF4005001F0E7FD39
:108CB000DFF868424FF480612078EFF75DF9DFF864
:108CC00060020078012802D14FF4DC6203E0082042
:108CD00001F092FD82004FF480612078EFF748F9AF
:108CE00000E010250020DFF83C1208702800C0B218
:108CF000BDE8F6812DE9F24187B0070015001E009E
:108D0000824C94F82600042803D094F82600082802
:108D100001D1C2204EE0BDF838004FF6FE71884206
:108D200001D1C32046E01C210022E8464046F4F76A
:108D3000E1FE032084F8260007A9502003F046F93D
:108D40000EA94B2003F042F9BDF81C00A084257643
:108D5000BDF838006083A673390014F1390003F0C0
:108D60001BFE16F0CE0656F080068DF81A60022023
:108D70008DF81600BDF83800ADF80E00BDF81C00E7
:108D8000ADF818008DF80B5000208DF808000F206A
:108D900084F82D0014F12D01542003F017F90F2051
:108DA00084F82C0014F12C01472003F00FF96846D9
:108DB00003F029F908B0BDE8F0811FB5002441791E
:108DC0008DF8081001798DF80A10574909788DF847
:108DD0000B100168002904D000680FF01BFE00286A
:108DE0000ED100208DF8090001F0DAFB01904FF65A
:108DF000FD70ADF80000684601F030FF0400FFE7A9
:108E00002000C0B204B010BD1FB5040000203F49CF
:108E100091F82620082A03D091F82610042915D1AC
:108E20004FF6FD70ADF8000001F0BAFB0190002094
:108E30008DF8090060788DF8080020788DF80A0018
:108E400000208DF80B00684601F008FFC0B204B0A6
:108E500010BD10B5012003F08BF8040003F005FAF3
:108E60000FF0BAFD10F0D0FC00F005FF2B480078A1
:108E700000F06CF82000C0B210BD38B5140000221C
:108E800000250200D2B2802A0CD0872A1BD08B2A60
:108E900029D0982A0FD09C2A11D09D2A21D09E2A11
:108EA00004D022E01948808C20802BE0174890F8ED
:108EB0002600207026E01548807C207022E002F019
:108EC00069FC20701EE0C125080080B202F093FC0E
:108ED000002805D01C2201002000EFF7ADFC002582
:108EE00010E0C9250EE0C9250CE00100C9B28139A6
:108EF000582901D3C92505E00449C0B2084410F837
:108F0000810C20702800C0B232BD0000347A0020ED
:108F1000F7890020AC8800202C310020078A00202F
:108F2000F9890020BD2C002046310020E0B50090DA
:108F30008DF8041000208DF8050000208DF8060043
:108F40006846FFF747FDC0B20EBD0E0080B5DFF8E2
:108F5000641B08700020DFF8601B81F8260007F012
:108F6000D9FF10F029FA0020DFF8501B086002F04A
:108F700089FB07F0D2FF0020DFF8441B086001BD29
:108F800038B504000D0000220421002010F0CEFBB3
:108F90000300002B01D100201EE01889208007E08B
:108FA000188904E0208819898842F9D22088208015
:108FB00000220421180010F0B9FB03000028F1D1B1
:108FC0002800218880B2884203D22088451B258052
:108FD00001E000202080012032BD38B50024EFF7E9
:108FE000D9FD0500EFF7D3FD45434FF47A70B5FB8B
:108FF000F0F1DFF8D02A106800280BD01068814209
:1090000006D25FF0FF301468041B1068041901E0F9
:1090100014680C1B200032BD2DE9F04391B00E0006
:10902000300405D500F0D5FE96F40046300025E169
:10903000B00405D500F0F0FE96F4005630001DE1B6
:10904000F00714D5DFF8701A91F82C000F280AD118
:1090500091F82600002806D091F82600012802D0B9
:10906000002000F00EF996F00106300006E1B0068F
:1090700040F1BC800120ADF8000000200020DFF8A6
:10908000347A20213878EEF7A3FFDFF8388AD8F851
:1090900000100843002801D1012503E0FFF79DFFE0
:1090A00005006D08002D66D000220421002010F07C
:1090B0003DFB04003DE0FF208DF804008DF8050025
:1090C0005FF0FF308DF8060004AA2068C17F206899
:1090D000006A01F013F901281FD1608A50F0800066
:1090E000ADF83E00A07B8DF84000A07A000708D5BF
:1090F000BDF83E0050F48070ADF83E00207B8DF846
:1091000042006069002803D06069007BADF8200050
:10911000002201A904A810F080FC06206073207BC7
:1091200010F027FA04E0A07B0028C4D1012060736E
:109130004C46002C1FD000220421200010F0F6FA2B
:1091400081462089A84203D32089401B208101E069
:109150000020208120890028EAD1A07B0128E2D1CB
:10916000A07A4007DFD406206073B7212068407BD7
:1091700000F011F9DCE710F024F9002201210020B1
:1091800010F0D4FA002803D020213878EFF797F9AF
:10919000290089B26846FFF7F3FE00281FD0BDF80A
:1091A0000000002807D120213878EFF788F9002047
:1091B000C8F8000016E0BDF8000042002021387811
:1091C000EEF7D6FEEFF7E6FC0400EFF7E0FC4443D1
:1091D0004FF47A70B4FBF0F0C8F8000002E0002011
:1091E000C8F8000096F02006300047E0B00724D50C
:1091F000DFF8D408007800280CD1DFF8BC08418BD8
:10920000012010F071FD0121DFF8A8080078EEF7C9
:10921000B3FE0EE002A801F0D4F901F0CEF9DFF8B8
:10922000C0190B78DFF8BC190A7802A980B202F0E5
:10923000BDF896F00206300020E0B00505D502F03A
:10924000EAF996F40076300018E0300707D50120DF
:10925000DFF89419087096F0080630000EE07005EB
:109260000BD5F0F7A2FF0121DFF84C08808C10F03D
:109270002DFD96F48066300000E0002011B0BDE8BE
:10928000F08310B586B0182100226C462000F4F758
:1092900031FC02208DF80800DFF81C08418BADF886
:1092A0000010808CADF80A0000208DF8140068468C
:1092B00002F03BFF06B010BD18B58DB00C00002CBD
:1092C00015D06A460100C9B2200001F017F89DF8D8
:1092D000060000280BD09DF81C309DF801202100CD
:1092E00000200BF0BFFE002801D0A42000E00020E9
:1092F0000EB010BD38B5040001204FF6FE752800F1
:10930000A07A40060BD52068008801F0F0FD002807
:1093100002D04FF6FF7004E02068008801E001F001
:109320004CF9010089B2A94214D02168088080B2AA
:1093300001F0DDFD002803D000202168C88102E093
:1093400001202168C881DFF8A418206802F009FF15
:10935000050000E0CD252800C0B2002809D1DFF8C3
:109360000409007800280DD10121202001F087FA9E
:1093700008E02900C9B22068407B00F00CF8002802
:1093800000D00024002C03D00121200010F042F86E
:109390002800C0B232BD38B504000D001420EEF72D
:1093A000F0FF00280DD00C21017084704570002161
:1093B00081730100DFF8FC060078EFF705F8002064
:1093C0000FE02000C0B210F0CDF9002808D006212F
:1093D0004173007B0DF02AF82000C0B210F0C9F8EC
:1093E000102032BD01000020896A0978032907D0C6
:1093F000042905D0072903D00A2901D00C2900D15E
:109400000120C0B270477FB50500A87810F0AAF916
:109410000400002C51D000266878E0736878F128A9
:109420000ED06878CD280BD068781A2808D06878D4
:10943000E92805D06878E12802D068781D280CD189
:10944000002120000FF0E6FF002806D0628969782D
:10945000208907F0C2FD20810126F6B2002E24D11A
:1094600068788DF808000194A87B8DF80900207CAD
:10947000002803D101A810F03DFA02E001A801F094
:10948000D6FC9DF80800E92803D09DF808000028C4
:109490000AD1012000909DF80830EA7B20684189BC
:1094A0002068008801F0A8F8FFE7607B022801D15E
:1094B00006206073A87810F05CF80FF082FFDFF8E8
:1094C000A407007800280AD100208DF80000694622
:1094D000522002F07BFD0121202001F0D0F97FBD58
:1094E00038B50400002500206079002819D055F017
:1094F00008056189FF2010F079FC002807D055F09D
:10950000040555F02005607950F001006071607924
:1095100010F00300012858D155F0010555F0100551
:1095200053E0607F002823D094F82100002803D066
:1095300094F82100FF2810D1DFF87C056189C28AE8
:10954000914204D155F0020555F020053DE090F818
:109550002600042839D1012037E0626A94F82110EE
:1095600094F820000CF0AAFE00282ED101202CE057
:10957000608901F0BCFC022801D155F00105608929
:10958000DFF83415C98A884201D155F00205280058
:10959000C0B2002807D0A078002802D155F02005DD
:1095A00001E055F04005608901F0A1FC012801D1DE
:1095B00055F00105A078002807D0A06A007801F0D6
:1095C0005AFC012801D015F0FE052800C0B232BDBA
:1095D00038B504000125A078022800DB0025207999
:1095E000022800DB002560894FF6F87188420ED012
:1095F00060894FF6F971884209D060894FF6FA7197
:10960000884204D060894FF6FB71884200D1002562
:1096100001F054FCE178C0B2814200D0002528005E
:10962000C0B232BDF0B58FB005004FF6FE7000201D
:109630000020DFF830060078002812D128890028A1
:1096400004D00121102001F01AF903E0002130209C
:1096500001F015F900208DF800006946522002F053
:10966000B5FC02AA2989C9B2686800F047FE002843
:1096700004D002A8FFF7ACFF002803D1D3200FF0DD
:10968000F3FC28E19DF83900002803D0D3200FF027
:10969000EBFC20E1288DADF83400688EADF81600A3
:1096A0009DF80E0000280DD09DF824309DF809206B
:1096B000696801200BF0D6FC002803D0CF200FF002
:1096C000D3FC08E102A8FFF70BFF06009DF80E008F
:1096D00000281CD1DFF8E003C07A002817D0300042
:1096E000C0B210F02200222811D03000C0B210F019
:1096F0004200422807D10C980078062807D00C9821
:109700000078072803D0CF200FF0AEFCE3E070060E
:1097100015D502A8FFF766FE002810D1BDF812008B
:10972000DFF89413C98A884205D10C980178BDF8F6
:10973000140001F0F0FCD3200FF096FCCBE0700693
:109740000DD50C980078032803D10C9840780D288B
:1097500005D002A801F0BFFC012800F0BC80DFF8B2
:109760005873B5F84400B98C884209D100200090A4
:10977000002395F84620B5F84210288D00F03CFFF4
:109780009DF80E00002822D0B5F84210288D02F076
:1097900089F80400002C48D068689DF80910084436
:1097A000407BE1780200D2B2914202D0E07000200A
:1097B0006060042168689DF809201044401CEFF7A0
:1097C00063F861688842C0F08680401C606097F84A
:1097D0002600042803D097F8260009287BD1B0067C
:1097E0004DD595F846008DF8040095F847008DF8A2
:1097F000050095F848008DF806009DF81A0001282C
:109800000DD1BDF81400298D884208D1BDF8120091
:1098100001F06DFB022802D100208DF81A00EA6BDE
:1098200001A902A810F0F9F854E09DF839000028C9
:1098300010D00420EEF7A5FD0100002909D0642016
:10984000087001204870288D48809A480078EEF70B
:10985000BBFD40E097F86C000128B8D10C98007867
:10986000062801D17006B2D4BDF816004FF6FF717C
:10987000884203D0290002A800F02FF82BE07006E0
:1098800028D50C980078042808D19DF824000228D7
:1098900004D102A9002001F02FFA1BE00C980078F7
:1098A000072807D19DF82400042803D102A801F05D
:1098B00095F90FE00C980078032804D1002102A844
:1098C00001F08AFC06E00C9800780C2802D102A86E
:1098D00001F09CFDFFE70FB0F0BD38B504000D00AE
:1098E000DFF8E0050078002807D060897249C98A4E
:1098F000884202D10CF097FA18E00021C9B26089C1
:109900000CF0E0FD00280CD0807910F0180F08D082
:10991000688E00902B8D627F6189A0890CF0A0FE7B
:1099200004E000226189A0890CF0A9FA31BD3EB59E
:109930000500614C94F82600032807D094F826000F
:10994000012803D094F82600092877D168780028E8
:1099500053D10021022007F03FFB6888E082A91C58
:10996000532002F033FB94F82600092802D0A08C83
:1099700001F079FF01208DF800006946422002F0D5
:1099800025FB042084F8260001A94A2002F00BFBE5
:1099900001A914F11C0002F0FFFFDFF82C0501788B
:1099A0000B2902D10621017003E00021A08C10F0E8
:1099B0008DF9E18A032007F00FFB618B042007F08B
:1099C0000BFBA07B000703D501208DF8000002E00F
:1099D00000208DF800006946522002F0F7FAA07BC3
:1099E000000705D501214FF4004000F048FF23E0B7
:1099F0000121012000F043FF1EE0697889B241F2A5
:109A0000030007F0E9FADFF8C00401780B2901D15F
:109A10000A2101700020DFF8B41408704FF480416F
:109A2000DFF8AC040078EEF7A7FA6978A08C10F0A4
:109A30004DF9002084F8260000F01DF937BD80B5EF
:109A40001F4A1168002903D11B4991F8261000E034
:109A50000221C9B2052902D0062908D00FE0DFF89B
:109A600074241168002901D01168884720E0DFF8CC
:109A700068241168002901D01168884718E011682E
:109A8000002903D011688979012903D1407810F0A9
:109A900014F90DE011688979022902D101F06EFDF7
:109AA00006E0DFF838241168002901D011688847E2
:109AB00001BD0000078A0020347A0020B888002009
:109AC000AC880020BC880020018A002038B58CB00A
:109AD0000500287C0F28C0F281806C6801AA297CCF
:109AE000686900F008F99DF8040000280AD1287C74
:109AF0000B2807DB207A022804D1207B00F0FF002E
:109B0000FF2800D06AE09DF80600002803D09DF8E9
:109B10000600022862D1DFF8C81391F82600022857
:109B20000CD091F82600062808D0DFF8BC23106876
:109B3000002844D010688079012840D1DFF8A803BC
:109B40000068002807D1002000900023627C618912
:109B5000208800F051FD2088ADF818006089ADF82C
:109B60001A00A07B8DF81C00A08980B2C00B8DF874
:109B70001D009DF808008DF81E009DF80A008DF864
:109B80001F009DF805008DF821009DF806008DF856
:109B90002000607C8DF822009DF809008DF82300DC
:109BA0009DF816008DF8240008220DF10B010DF12F
:109BB0002500EEF741FE06A810F084F80EE091F8BB
:109BC0002600082803D091F82600042806D19DF825
:109BD00006200DF10B01608900F0BCF80DB030BD1E
:109BE000F8890020493100200A8A0020B99201003A
:109BF0002DE9FC4105000E0017006846BB49D1E97C
:109C00000023C0E900235FF000082900684602F045
:109C1000B4FE002801D15FF00108B248046800E0FA
:109C2000A469002C1AD04046C0B200280CD02900EC
:109C300014F10C0002F0A1FE0028F1D0A078390048
:109C4000C9B28842ECD109E02088310089B288424B
:109C5000E6D1A0783900C9B28842E1D12000BDE840
:109C6000F6810000F98900209E48006870470020B6
:109C70009C490860704738B59A4D286803E08469AC
:109C8000EEF7E5FD20000028F9D10020286031BD65
:109C900070B50400150020780870481C61780170C8
:109CA0000178A27851EA02110170401CE17801703C
:109CB0000178227951EA820101700178627951EAD2
:109CC000C20101700178A27951EAC2110170461CEB
:109CD0000822E11D3000EEF7AFFD0836032214F133
:109CE0000F013000EEF7A8FDF01CEDB20F2D01DBE7
:109CF000A17C017070BD38B5140001782170401C42
:109D0000017811F00F0161700178C9B20909A170E1
:109D1000401C017811F00301E1700178C1F380016A
:109D200021710178C1F3C30161710178C9B2C90918
:109D3000A171451C08222900E01DEEF77DFD0835C4
:109D40000322290014F10F00EEF776FDE81C0078DD
:109D5000A07431BD3EB50400634B1868002808D0DC
:109D600018688079022804D1200080B201F0E6FB57
:109D70002EE05B4DA88C23009BB2984228D1D2B232
:109D8000012A05D015F1390002F0F7FD00281FD196
:109D90004FF400714E480078EEF71AF9002817D1F9
:109DA000A86A009095F82E008DF8040001208DF827
:109DB000050002208DF806006846FEF70BFE00281D
:109DC00004D1200080B201F0B9FB01E0FEF738FEBB
:109DD00037BD10B53E480078EEF748FB0400002C74
:109DE00019D0002100E0491C414A0800C0B212F815
:109DF0003000FF280CD00800C0B212F830002378E1
:109E00009842F0D12000C9B202EBC10149688847ED
:109E10002000EEF7CAFA10BD10B50FF034FD0400B3
:109E2000002C05D02000FFF7FDFB2000EEF7BDFA67
:109E300010BD38B5040060780FF05CFF6078E12851
:109E400008D06078F12805D060781A2802D06078B0
:109E500019280BD1274D2878002802D10020FFF7C0
:109E600010FA287890F00100287002E000202149C3
:109E7000087021480078002809D16078EB2802D0CA
:109E80006078E92803D10021302000F0F8FC144864
:109E90000121009163780022818C408B00F0ACFBA3
:109EA0000FF08FFA31BDC0B2002803D10020134952
:109EB000087002E001201149087070470F480078CF
:109EC00070470000F4890020C02C0020F789002092
:109ED000078A0020B0880020B48800207C880020F9
:109EE000347A0020B8880020AC8800206453000039
:109EF0006C5300000B8A0020F9890020098A002099
:109F0000F0B587B00500002400204FF6FE7637003C
:109F10000FF069FA002801D011208AE0287F00287C
:109F200018D0DFF85C0B01780078400150EA81001E
:109F300028776988FF200FF059FF00280AD00124F4
:109F40004FF6FF77E88A50F00400E882287F50F04F
:109F500001002877688800F0CAFF002801D000209F
:109F60006876A87E002803D1DFF8180B0078A87661
:109F70002878000604D5287810F00300287009E03E
:109F8000E87E002806D1DFF80C0C0178E97601782C
:109F9000491C0170287E012809D1DFF8F80BC07A2E
:109FA000002804D12878002801D1002028762878BC
:109FB000012807D128690078022803D1E88A50F0E7
:109FC0004000E882A87D400601D4E4B2002C04A938
:109FD000280000F0BEF80400380080B2B04200D182
:109FE0006F88002C22D028788DF814000695688D93
:109FF000ADF8160005A8039095F82C000290E88AA9
:10A000000190687D00909DF81030DFF8880BC28ABF
:10A01000390089B2200000F044F805002800C0B2E1
:10A02000102804D12000EEF712FC00E010252800D3
:10A03000C0B207B0F0BD10B58EB0040001A8342145
:10A04000F3F78CFDA088ADF810006088ADF80E0025
:10A05000207D8DF8200020690B90207F8DF809006D
:10A06000208DADF81400207E8DF80A00607E8DF8FA
:10A070000800608DADF8320094F82C008DF83400A3
:10A08000FF208DF800008DF801005FF0FF308DF8A3
:10A0900002000022694601A80FF0BFFC00200EB0AC
:10A0A00010BD2DE9F84F88B006000F009046994684
:10A0B0005FF0100A2420EEF7C9FB019001980028F8
:10A0C00042D0149C139DDDF848B08DF80090ADF897
:10A0D00002805FF0000824210022DDF80490484649
:10A0E000F3F708FDDFF8AC0A808C01994881BDF8D0
:10A0F0000200ADF81C0002200199087302200199AA
:10A100000872019807809DF800000199C8770198AE
:10A1100080F80DB001980662ADF80E508DF810B0C1
:10A120001598D0E90023CDE905238DF81E4041465E
:10A13000C9B201A80FF06EF9012802D15FF0000A40
:10A1400002E00198EEF783FB5046C0B209B0BDE8CB
:10A15000F08FF8B505000C0008206870687F0028B3
:10A1600002D0687808306870A87F002802D068782C
:10A1700008306870287F002802D06878401C68701A
:10A18000A879002806D06878297AC9B24900891CC4
:10A1900008186870287E002801D00E2600E00026EE
:10A1A000DFF82C0A007801280BD12878012808D084
:10A1B000DFF8240A0078002803D0012085F8340055
:10A1C00002E0002085F83400297D68784118711874
:10A1D0002170287E002807D0DFF8B809007B0AF03C
:10A1E0004EFF2178401820702078752801DB00246C
:10A1F00003E02078EEF72AFB0400002C54D028005E
:10A2000000F054F8207080B2000A60706888A07076
:10A21000688880B2000AE070A8882071A88880B29F
:10A22000000A6071A87EA071E87EE0710827687F4F
:10A23000002806D0296A3800C0B2204402F0ACFBE6
:10A240000837A87F002806D0696A3800C0B22044C9
:10A2500002F0A2FB0837A879002815D0287A390027
:10A26000C9B260547F1C687A3900C9B260547F1C3F
:10A27000287A4200E9683800C0B22044EEF7DCFAE0
:10A28000287A400050FA87F7287F002804D0287FDA
:10A290003900C9B260547F1C2A7D2969687820443E
:10A2A000F6B23044EEF7C8FA2000F2BD10B5040053
:10A2B00000F004FE2178C0B251EA8001607E800186
:10A2C00010F0C0000143207F002801D0012000E0F1
:10A2D000002051EA0021207E51EA4021607F51EAAE
:10A2E000C021A07F51EA0031A07951EA802194F881
:10A2F000340051EA4031080080B210BD2DE9F04130
:10A3000006000F001400012534210022A04640461B
:10A31000F3F7F0FB3800C0B2082801DA002094E01F
:10A32000277030787178090251FA80F0210080B2EC
:10A3300000F08DF8002800D00025B078F1780902EF
:10A34000081860813079717909020818A081B07904
:10A35000A074F079E07408206070E079002805D0DE
:10A36000607830446061607808306070207A00283E
:10A3700005D060783044A0616078083060700020BB
:10A3800084F82000002060626079002805D06078A1
:10A39000305C60716078401C6070607F002834D051
:10A3A00000206078411C6170C0B2305C84F82000ED
:10A3B0006078411C6170C0B2305C84F8210094F870
:10A3C000210094F8201088421DD2DFF88808007818
:10A3D00094F82010884201D20C2701E094F82070F4
:10A3E000DFF874883800C0B24200607806EB0001E4
:10A3F0004046EEF721FAC4F824806078FFB2790075
:10A400000818607001E00020607720786178884249
:10A4100001D2002019E060783044A0622178607891
:10A42000091A2177A07900280DD0207F0E382077D7
:10A43000A06A0E30A062DFF89C07007B0AF01FFEC6
:10A44000217F081A20772800C0B2BDE8F08110F003
:10A4500003028A70C0F38302CA70C0F381120A71CA
:10A46000020092B2521212F001028A71020092B2FC
:10A47000121212F001024A71020092B2921212F00C
:10A4800001024A77020092B2D21212F00102CA719E
:10A49000020092B2121312F001020A72020092B28A
:10A4A000521312F0010281F8312080B2800BC0B249
:10A4B0007047020000209179002909D0DFF81417B5
:10A4C000C97A00290ED1917800290BD1012009E029
:10A4D000DFF80037D97A002904D05189DA8A91420D
:10A4E00000D00120C0B27047F8B506000D0014007E
:10A4F00030787178090251FA80F0210080B2FFF7BC
:10A50000A6FFB078F1780902081860813079717976
:10A5100009020818A081B079A074F079E0740820CD
:10A520006070E079002805D0607830446061607820
:10A5300008306070207A002805D060783044A0612F
:10A540006078083060706079002805D06078305CF1
:10A5500060716078401C60702000FFF7AAFF070060
:10A560003800C0B2002818D1A079002806D1607840
:10A570003044A06260782D1A25770EE06078304470
:10A580000E30A062DFF84C06007B0AF078FD61789F
:10A590006D1AB5F10E01081A20773800C0B2F2BD6D
:10A5A00010B5DFF894492100E22001F0FCFC200006
:10A5B00010BDDFF82006C08A7047DFF81806408B10
:10A5C000704780B501004A2001F0EDFC01BD10B5D7
:10A5D000DFF8840904780178491C01702000C0B2BA
:10A5E0000FF0C0F8002800D000242000C0B20028DE
:10A5F000EED02000C0B210BD2DE9F04706008A461B
:10A6000091469846089D00240027514689B23000A3
:10A6100080B201F047F900280CD12900C9B2002905
:10A6200008D14A46D2B2514689B2300080B201F018
:10A6300077FA7FE000282CD02900C9B2002908D081
:10A640004146C9B2002903D100210170012727E04A
:10A6500026E04146C9B2002913D181785FFA89F911
:10A6600019EB010189B2490881708178002901D173
:10A67000012181704178002903D1DFF8E0180978C1
:10A680004170DFF8DC1809788078814208D2012710
:10A6900006E02800C0B2012802D14046C0B200281E
:10A6A000EDB2012D2BD14046C0B2002803D0404668
:10A6B000C0B2EB2804D10020DFF8A81808701EE013
:10A6C0004046C0B2E1281AD04046C0B2F12816D0A8
:10A6D0004046C0B21A2812D05FFA88F8B8F1190FB4
:10A6E0000DD0DFF880080178491C01700178DFF88F
:10A6F0002C291278914202D3012400210170FFB26B
:10A70000002F03D12000C0B2002813D0E4B2002CE7
:10A7100010D03000DFF8BC14498B80B2884209D1D8
:10A72000310089B201200FF0DFFA01214FF400500F
:10A7300000F0A5F8BDE8F08710B4DFF8E42812783F
:10A74000002A4BD1C20707D5DFF884291160136AAC
:10A75000934201D100231362020708D5DFF8702964
:10A760005160136A141DA34201D100231362C20673
:10A7700009D5DFF85C299160136A12F10804A3423D
:10A7800001D100231362820609D5DFF84429D16084
:10A79000136A12F10C04A34201D100231362820751
:10A7A00009D5DFF82C299161136A12F11804A3422C
:10A7B00001D100231362420709D5DFF81429D161C2
:10A7C000136A12F11C04A34201D100231362C204D4
:10A7D00004D54FF47A72DFF8F8385A61400409D58D
:10A7E000DFF8EC080161016A10F11002914201D119
:10A7F0000021016210BC7047C10703D5DFF8D00803
:10A80000006830E0010703D5DFF8C40840682AE09B
:10A81000C10603D5DFF8B808806824E0810603D5B7
:10A82000DFF8AC08C0681EE0C10403D5DFF8A0085B
:10A83000406918E0810703D5DFF89408806912E0C9
:10A84000410703D5DFF88808C0690CE0410403D54F
:10A85000DFF87C08006906E010F4204F01D00020EA
:10A8600001E05FF0FF307047002804D0DFF8601887
:10A87000096A09680160DFF85808808C704738B5AC
:10A880000022DFF89C271278012A02D14CF6C07210
:10A890001040C9B2002905D0DFF834188A8C104363
:10A8A000888405E0DFF828188A8C32EA0000888462
:10A8B000DFF81C48A08C000406D501208DF80000AC
:10A8C0006946522001F082FB00F02BF8002807D1E6
:10A8D00020620121DFF888090078EDF74DFB1FE0C9
:10A8E000216A002904D00168226A1268914217D0B7
:10A8F0002062206A0068012806D10121DFF8600982
:10A900000078EDF7DCFD0BE0DFF8545901212878E1
:10A91000EDF732FB206A026801212878EDF72AFB67
:10A9200031BD81B00020DFF8A827918C890464D460
:10A93000918C090405D5918C490401D512F11000C0
:10A940005BE0918C002958D05FF0FF3000906846A2
:10A95000DFF8CC16097800294BD192F82410C907EA
:10A9600004D511680368994200D2100092F82410AF
:10A97000090704D551680368994200D2101D92F866
:10A980002410C90605D591680368994201D212F1D5
:10A99000080092F82410890605D5D1680368994209
:10A9A00001D212F10C00918C490405D5116903689C
:10A9B000994201D212F11000918CC90405D5516958
:10A9C0000368994201D212F1140092F82410890709
:10A9D00005D591690368994201D212F1180092F8E5
:10A9E0002410490705D5D1690368994201D212F1B3
:10A9F0001C006946884200D1002001B0704710B5A4
:10AA00000024644A74212120EDF7B0FF0A2801D107
:10AA100054F001040EF09BF90A2801D154F002040D
:10AA2000DFF80C190868002805D0086880470A2854
:10AA300001D154F008040FF089FA0A2801D154F02A
:10AA4000100409F0F8FB0A2801D154F0200420007A
:10AA5000C0B210BD80B506F060FA4E4A74212120C4
:10AA6000EDF7BDFF0EF098F9DFF82C190868002803
:10AA700001D0086880470FF08BFA09F03DFC01BD5A
:10AA80004F310020BB16030038B50024414D2A0089
:10AA900074212120EDF76AFF002856D12B00742283
:10AAA00000212120EDF7DEFF00284ED1E88A4FF685
:10AAB000FE71884249D0012495F82600082803D069
:10AAC00095F8260004283DD101208DF80000694644
:10AAD000422001F07BFA15F12F01432001F076FAB4
:10AAE00015F12C01472001F071FA15F11C014A20E3
:10AAF00001F06CFA15F11A014B2001F067FA15F11B
:10AB00002401502001F062FA15F11601532001F0E2
:10AB10005DFA15F12D01542001F058FA15F11801D4
:10AB2000E12001F053FAA87B000703D501208DF83E
:10AB3000000002E000208DF800006946522001F07C
:10AB400045FA02E006F0E9F900240EF0CDF8DFF84E
:10AB50004C180868002801D0086880470FF050FAA8
:10AB60002000C0B232BD10B50400E00704D5094A88
:10AB700074212120EDF733FF200701D50EF0CAF82C
:10AB8000600706D5DFF818180868002801D00868A3
:10AB9000804710BD347A002078B585B004000D4898
:10ABA00080F87240DFF8FC57DFF8FC676A463178BE
:10ABB0002800FFF7A0F88DF8124032782900684687
:10ABC000FFF766F82900452001F000FA06B070BDD5
:10ABD0004A310020347A0020F789002070B5060041
:10ABE000DFF87C564FF480612878EDF7C5F909202D
:10ABF000DFF8701681F826000020DFF8C41808700E
:10AC0000FFF7CEFC0100706901F0B7FE012820D1EA
:10AC10001020EDF7B6FB0400002C1AD002202070A3
:10AC2000B06A4078B16A8978090208186080B06A11
:10AC3000C0786070B1694A2001F0C8F9B079002885
:10AC400003D10520DFF8F018087021002878EDF70F
:10AC5000BBFB70BD89F70200CC84002038B505002D
:10AC600002208DF80100684600F015F90400002C60
:10AC70003FD020690421017000214170297A012907
:10AC800003D1417851F020014170697A012903D143
:10AC9000417851F040014170A97A012904D14178ED
:10ACA00051F08001417001E00120A076687A01280E
:10ACB00006D16868002801D00120607768682062AA
:10ACC000E87A012801D10120E082288800F00FF9FC
:10ACD000002803D0E08A50F00400E0820120A07731
:10ACE000FFF75EFC6062288860802000FDF7EDFDC4
:10ACF00000E01020C0B232BDF8B584B005000E00EF
:10AD000000240E2100226F463800F2F7F3FEB06AED
:10AD1000407810F01F0F04D0D3200EF0A5F90020CA
:10AD200057E0810602D501218DF80C10010602D5ED
:10AD300001218DF80B10400602D501208DF80A0084
:10AD40009DF80A00012804D1F079002805D0746923
:10AD500003E0307A002800D0B469002C04D0210030
:10AD60000DF1020001F018FEB089ADF800009DF869
:10AD70000A00012828D1DFF800180878002802D03E
:10AD80000878012804D1DFF8BC080078002818D022
:10AD90000878002815D0FFF710FCB18980B28142F5
:10ADA0000FD1708900F0A3F800280AD1002C0BD035
:10ADB000FFF7F6FB01000DF1020001F0DEFD0028B7
:10ADC00002D12800C0B204E068460EF089FF2800D6
:10ADD000C0B205B0F0BD7FB504000D000E21002209
:10ADE0006E463000F2F786FE6889ADF80000A86A6A
:10ADF0004078810602D501218DF80B10010602D59D
:10AE000001218DF80A10400605D569690DF102008F
:10AE100001F0C2FD04E0A9690DF1020001F0BCFDE2
:10AE200020798DF80C0068460EF056FF7FBD18B5EE
:10AE30008DB004002068807AC0071AD52068418947
:10AE40004FF6FE700140206841816A462068006824
:10AE5000C17F20680068006AFFF746FB002808D120
:10AE60000A980078042804D169462000FFF7B3FF50
:10AE7000FFE70EB010BD010000200A00D2B2042A84
:10AE800006D00A00D2B20A2A02D0C9B2032900D1E0
:10AE90000120C0B2704710B53821017001218170C6
:10AEA000FDF745FD0400002C06D001202070012094
:10AEB000A077FFF775FB6062200010BDDFF8A403E8
:10AEC000807C7047DFF8AC1708707047DFF8A81770
:10AED00001220A70020703D50A7852F002020A70B2
:10AEE000800703D5087850F004000870704702000E
:10AEF0000020002192B24FF6F873D21A032A0BD920
:10AF0000121F05D0521E05D0921E07D1012105E067
:10AF1000042103E0022101E00821FFE7DFF85827C0
:10AF200012780A4201D0022003E0C9B2002900D001
:10AF30000120C0B270470000BC87002080B50178B6
:10AF4000002906D14168002903D04068FCF729FA9E
:10AF500000E0002002BD0000008A00202AF8020064
:10AF600030310020028A002010B4002100E0491C8A
:10AF70000A00D2B2032A12DADFF800270B00DBB294
:10AF800002EB83035B880400A4B2A342EFD1DFF895
:10AF9000F0060078C9B202F82100C5203BE000218C
:10AFA00000E0491C0A00D2B2032A17DADFF8CC26E7
:10AFB0000B00DBB202EB83035B884FF6FE74A34207
:10AFC000EFD10B00DBB202EB83035880DFF8B00651
:10AFD0000078C9B202F8210000201CE0002200E045
:10AFE000521C1100C9B2032914DADFF8903611009F
:10AFF000C9B213F821100029F2D11100C9B203EB34
:10B0000081014880DFF878060078D2B203F8220088
:10B01000002000E0C72010BC70470000383100203D
:10B02000F98900207FB504000D001226200080B2AF
:10B03000002801D1002049E020008A49C98A80B255
:10B0400088420AD1FFF7ACFA0100280001F095FC14
:10B05000002801D1012600E0002600208DF8000024
:10B06000ADF8024068460DF065FD00280CD001A83F
:10B070000DF0D0FC012807D1012601A9280001F01C
:10B080007CFC002800D000262900200080B200F0BF
:10B0900014FC0100C9B20A2901D101260BE0C0B29B
:10B0A000A02808D12900200080B200F0F7FC200081
:10B0B00080B200F098FD3000C0B2012804D1002118
:10B0C000200080B200F006F83000C0B204B070BDBD
:10B0D0008C820020704710B50400207A00280AD026
:10B0E000A169A089FFF79EFF012804D1A089FFF77D
:10B0F0003BFF01200EE0E07900280AD061696089F9
:10B10000FFF790FF012804D16089FFF72DFF012090
:10B1100000E0002010BD7CB504000D0001260520D4
:10B120008DF801006846FFF7B6FE00280ED00169D1
:10B1300003220A7013224A708C70220092B2120A03
:10B14000CA700D714480FDF7C0FB06003000C0B22C
:10B1500076BD2DE9FE4306000F0090461D005FF00E
:10B16000010904208DF801006846FFF794FE0400F1
:10B17000002C2DD0EDB2002D08D00120A077A780A3
:10B18000207850F0800020700020E07620690321B4
:10B19000017080F801808770BFB23F0AC77030002D
:10B1A00080B2FFF7A4FE00280BD101A9300080B2C5
:10B1B0000DF054FC002804D00120607701A8206223
:10B1C00001E00020607766802000FDF77EFB81466D
:10B1D0004846C0B2BDE8FE8370B504000D000126EC
:10B1E000A06A4178A06A8078A26AD2781202121806
:10B1F000207F042804D0D3200DF036FF00202DE05E
:10B200000800C0B2002802280AD9C01E07280AD99F
:10B210000838012806D9801E03D0401E03D003E061
:10B2200003E002E001E000E0002592B2C9B26089CB
:10B230000EF09AFD6089FFF75AFE00280DD0A07C21
:10B2400002280ADBA0890749C98A884205D0F6B2DC
:10B25000012E02D12800C0B200E0002070BD000025
:10B26000078A0020347A00202DE9FE4305000F00F4
:10B2700090461E005FF001090A208DF80100380099
:10B28000C0B2002808D19DF801003100C9B24900C0
:10B2900051FA80F08DF801006846FFF7FCFD0400CC
:10B2A000002C40D0206909210170401C06700178F3
:10B2B00051EA4711017010F101094146484601F079
:10B2C0006BFB19F10801FFB2002F17D100220A9879
:10B2D0000EE01300DBB230F813300B70491C130082
:10B2E000DBB230F813309BB21B0A0B70491C521CA6
:10B2F00013003700DBB2FFB2BB42EAD30120A077D4
:10B30000FFF74EF9606201A9280080B20DF0A6FB9C
:10B31000002803D00120607701A82062658020000A
:10B32000FDF7D3FA81464846C0B2BDE8FE8300006F
:10B33000308300202DE9F04705000E0017009946E4
:10B34000DFF88484D8F80000002822D04846C0B234
:10B3500040000E3080B2EDF714F80400002C18D035
:10B36000DDF820A0D4202070658026713900601D92
:10B3700001F012FB84F80D905FFA89F95FEA490247
:10B38000514614F10E00EDF757FA2000D8F80010DE
:10B390008847BDE8F0870000348300203883002010
:10B3A0003C830020788600205C3100202DE9F843A2
:10B3B00005000E0090461F005FF0010903208DF884
:10B3C00001006846FFF767FD0400002C1AD02069D1
:10B3D0000B210170401C80F80080401C0770012088
:10B3E000A077FFF7DDF86062012060772662658054
:10B3F0000120A0760020DFF8401508702000FDF73E
:10B4000064FA81464846C0B2BDE8F28370B5806AEE
:10B41000401C0578401C0478294A147001215120F1
:10B42000EDF7DDFA0120DFF810150870EDB2002D00
:10B430001BD1DFF80C150878002808D1DFF8FC04D0
:10B44000097850F821104FF47A70414307E0DFF893
:10B45000EC04097850F821104EF660204143DFF8E3
:10B46000E4040078B1FBF0F50AE0DFF8D004016AEB
:10B470004EF660204143DFF8CC040078B1FBF0F5D4
:10B4800000214FF48040FFF7FAF90E4E0221307888
:10B49000ECF772FDE0070AD529004FF48040FFF772
:10B4A0004BF901214FF48040FFF7E9F906E0A007CE
:10B4B00004D52A0002213078ECF75CFD70BD000055
:10B4C000F7890020078A002070B4010000220023C1
:10B4D00027E01800C0B205FB00F504EB0500008B67
:10B4E00082181DE01C25DFF860441800C0B26843D4
:10B4F000205A4FF6FE76B04212D01800C0B2684310
:10B500002044008B00280BD00800C0B20028E0D0F7
:10B510001800C0B205FB00F504EB0500002404830D
:10B520005B1C1800DFF8B4452478C0B2A042D9D320
:10B53000100080B270BC7047C02C002038B50400E9
:10B540000021DFF8A055286800E04068002805D0F9
:10B55000028823009BB29A42F7D10121C9B2002987
:10B5600008D10820EDF772F9002803D0048029687B
:10B570004160286031BD0000523100207CB50025BB
:10B58000DFF86065306801E06D1C40680028FBD181
:10B590002800C0B24000EDF759F90400002C2AD071
:10B5A0000021306806E002880B00DBB224F813208B
:10B5B000491C40680028F6D1DFF82C05B0F86E1061
:10B5C000C28A91420AD100942B00DBB210F13902F9
:10B5D0000021B0F86E00FFF7ADFE09E000942B00EB
:10B5E000DBB210F139020021B0F86E00FFF73CFE2B
:10B5F0002000EDF72CF9FDF723FA73BD10B5DFF845
:10B60000E444206804E041682160EDF720F92068F7
:10B610000028F8D110BD38B5DFF87C04848CDFF841
:10B62000C054298881842900502000F0CFFC29884B
:10B63000200080B200F0A6FA2A880121002000F044
:10B6400003F831BD45310020F8B504000D001600A7
:10B65000DFF80C76386800280BD00620ECF791FE56
:10B66000002806D0D52101708470C57086803968A5
:10B670008847F1BD5A310020FF8900204C87002007
:10B680007A14030010B500240AE0DFF8BC1222008F
:10B69000D2B21C20424301EB020000F0D3F8641C3C
:10B6A0002000DFF838140978C0B28842EDD30020BA
:10B6B0000EE0DFF804164FF6FE720300DBB201EB7A
:10B6C00083035A8000220300DBB201F82320401CD0
:10B6D0000100C9B20329ECDB10BD70B4002200E008
:10B6E000521C1300DFF8F4432478DBB2A3421ED2CD
:10B6F0001C23DFF8C8451500EDB25D43655B06000D
:10B70000B6B2B542ECD11500EDB25D4325446D896A
:10B710000E00B6B2B54205D00D004FF6FF76ADB2C1
:10B72000B542DDD1D2B25A4304EB020000E0002062
:10B7300070BC704770B54FF6FF714FF6FE70FFF7A3
:10B74000CCFF002825D100241CE01C257E4E2100C2
:10B75000C9B269433144897C002906D02100C9B2AD
:10B7600069433144497C00290BD12000C0B26843B1
:10B77000305A0AF0A8FF2000C0B205FB00F506EB26
:10B780000500641C2100DFF838251278C9B2914207
:10B79000DBD370BD10B4002000220BE06A4B140014
:10B7A000E4B21C214C43195B4FF6FE73994200D062
:10B7B000401C521C1100DFF808351B78C9B29942B1
:10B7C000ECD380B210BC70473C88002038B5040030
:10B7D0000D00290089B2200080B2FFF77EFF07E04C
:10B7E00000F030F8290089B2200080B2FFF775FF21
:10B7F0000028F5D131BD70B40022002101E0521CB7
:10B80000491C0B00DFF8D4422478DBB2A34216D2E5
:10B810001C23DFF8A8440D00EDB25D43655B4FF6D5
:10B82000FE76B542ECD01500EDB20600ADB2B6B270
:10B83000B542E4D1C9B2594304EB010000E0002055
:10B8400070BC704738B50400002C0BD01C210022BE
:10B8500025002800F2F74EF94FF6FE7020804FF6D3
:10B86000FF70608131BD38B50400002512E01C2056
:10B8700035492A00D2B242430A44528923009BB27E
:10B880009A4206D02A00D2B200FB02F00844FFF729
:10B89000D9FF6D1C2800DFF828140978C0B288424F
:10B8A000E5D331BD80B589B280B2FFF716FF00281D
:10B8B00001D0103000E0002002BD2DE9F843040063
:10B8C0000D0000265FF0000926E01C27DFF87880D5
:10B8D0004846C0B278434044801C0DF09BF80028D5
:10B8E00018D04846C0B2784338F80000210089B229
:10B8F000884201D156F00A0629004846C0B207FB2B
:10B9000000F708EB0700801C01F037F8002801D091
:10B9100056F0A00619F101094846DFF8A41309788A
:10B92000C0B2884203D23000C0B20028CDD030006F
:10B93000C0B2BDE8F2830000018A0020A42D0000FF
:10B940004931002048310020A87A00202DE9F84F25
:10B9500004000D0016005FF0000A002101270122FB
:10B960004FF6FE79C8460BE0ECF7CBFFC0B25FFAAA
:10B970008AFA90FBFAF10AFB11015FF0000A00223B
:10B980003800C0B2002800F08480002306E01800D0
:10B99000C0B20CFB00FC3EF80C805B1C1800DFF80A
:10B9A0003CC19CF800C0C0B260455AD25FF01C0C8C
:10B9B000DFF808E31800C0B20CFB00F03EF800000E
:10B9C0004845EAD01800C0B20CFB00F03EF8000079
:10B9D000A3461FFA8BFB5845DFD01800C0B20CFB02
:10B9E00000F03EF80000AB461FFA8BFB5845D4D060
:10B9F0001800C0B20CFB00F03EF80000B3461FFA7E
:10BA00008BFB5845C9D01800C0B20CFB00F0704445
:10BA1000407C0028C1D01800C0B20CFB00F070447C
:10BA2000407C0828B9DA1800C0B20CFB00F0704462
:10BA3000407C0728ABD01000C0B2012802D11AF117
:10BA4000010AAAE71AF1010A50468B46C0B25FFA12
:10BA50008BFB5845A1D3DBB20CFB03F33EF803008C
:10BA600018E05046C0B200280AD00800C0B2002832
:10BA700006D15046C0B201287FF476AF01217CE7A1
:10BA8000404680B2484501D1002779E7404680B260
:10BA900000E04846BDE8F28F347A00202DE9F041FD
:10BAA00004000D00002600E0761C30000B490978E8
:10BAB000C0B2884210D21C27DFF800822900300073
:10BAC000C0B278434044801C00F057FF0028EBD000
:10BAD000F6B27E4328F80640BDE8F08187F2020006
:10BAE000C489002078880020347A002001000720D3
:10BAF0000A00D2B20D2A01DB01200FE00A00D2B207
:10BB0000072A01DB032009E00A00D2B2032A01DB85
:10BB1000052003E0C9B2002900D10020C0B270475F
:10BB20002DE9F04106000F001500FFF703FE0400A9
:10BB3000002C25D01C210022A0464046F1F7DAFF58
:10BB4000268067812800C0B2002801D0A57401E0DA
:10BB50000120A074DFF86C0190F86C00012805D179
:10BB60002800C0B2FFF7C2FF607401E007206074D4
:10BB7000DFF840010078401C022190FBF1F02074B6
:10BB8000BDE8F08170B504000E00002523E02A0016
:10BB9000D2B242430A44528933009BB29A4219D02E
:10BBA0002A00D2B200FB02F00844FFF74BFE11E07E
:10BBB0001C20DFF808112A00D2B242430A445289FD
:10BBC00023009BB29A42E2D12A00D2B200FB02F0DB
:10BBD000084446816D1C2800DFF8E4100978C0B2E3
:10BBE0008842E5D370BDF8B5040000252AE01C2684
:10BBF000DFF8C8702800C0B27043385A210089B2FB
:10BC000088420DD020004FF6FF7180B2884218D1D3
:10BC10002800C0B27043385A4FF6FE71884210D0E7
:10BC20002800C0B270433844801C0CF0F3FE00289A
:10BC300007D12800C0B206FB00F607EB0600FFF7AD
:10BC400001FE6D1C2800DFF878100978C0B2884228
:10BC5000CDD3F1BD80B54FF6FF70FFF7C4FF01BD36
:10BC6000408800203EB50400082100226D462800CF
:10BC7000F1F740FF6946200000F07FFE012801D166
:10BC8000002000E001203EBD10B51C0023009BB247
:10BC90003A2B03D023009BB23B2B09D113000A009F
:10BCA00092B2010089B2200080B2ECF7DBFE00E026
:10BCB0000A2010BD8BF702004C870020A87A0020D4
:10BCC00087F20200347A0020DFF800F01D870310AD
:10BCD00002460020117801B10120517809B140F0ED
:10BCE0000200917809B140F00400D17809B140F028
:10BCF0000800117909B140F04000517909B140F0D4
:10BD00008000704703B49DF800100020012908BF8F
:10BD100001209DF80110012908BF40F004009DF8A2
:10BD20000210012908BF40F008009DF80310012906
:10BD300008BF40F010009DF80410012908BF40F032
:10BD400020009DF80510012908BF40F040009DF833
:10BD50000610012908BF40F080009DF80710012956
:10BD600008BF40F4807002B070470A7A02720B7A02
:10BD7000022B1CBF0822ECF75FBD0A8802807047C7
:10BD80003EB50D46F7F7FAFDA806DFF8A44412D435
:10BD900029043DD445E09DF80000162804D1A1688F
:10BDA000D1F8542301A890479DF80000162802D02E
:10BDB00000F0B0F88847A068C16B081DECF71AFCCA
:10BDC00000280190E4D0F1F712FFA168CA6B117B43
:10BDD000A2684B1ED16B0B73F1F73AFF0198017803
:10BDE00001988DF8001000F08AF8506001994878A9
:10BDF0000028D0D10846A168D1F840239047D3E766
:10BE000000F07DF800F06EF8904700F083F8884766
:10BE1000A068D0F894100878ECF728FB002801906F
:10BE2000EED1E80603D52E2100F07CF89047E80714
:10BE300003D5252100F076F89047A80703D52621E1
:10BE400000F070F89047680703D5272100F06AF8E2
:10BE50009047280703D5292100F064F89047680629
:10BE600006D500218DF801102D2200F04CF89047E6
:10BE7000280606D500218DF80110302200F043F885
:10BE80009047E80506D500218DF80110352200F015
:10BE90003AF89047280503D50021372200F028F80A
:10BEA000E80403D50021382200F022F800F027F83A
:10BEB0001068A8B1F1F79BFE00F021F81368A268A2
:10BEC00001930021D2F898301960F1F7C1FE00F01B
:10BED00016F8019800F006F8904700F01BF8884724
:10BEE00000203EBD5060A1680198D1F84023704702
:10BEF0008DF801108DF800206846FFF7E5BEA168B7
:10BF0000D1F898207047A1688DF800206846D1F8D4
:10BF100040237047A068A268D0F89810081DD2F896
:10BF2000541370478DF800106846A168D1F840237B
:10BF3000704738B5DFF8F842A068D0F8E0138847BA
:10BF4000A068D0F8F01288470025A068D0F8A010AB
:10BF500051F8250000B180476D1C072DF5DBA06866
:10BF6000D0F858138847EB20FEF7ACFF012032BD14
:10BF700038B5010018BF0121DFF8B4420846A168B6
:10BF8000D1F8C82390470546A268002000F0C7F802
:10BF900056209847A268DFF89C12D2F83034E2208D
:10BFA0009847284632BD80B5E2280A4606D1DFF818
:10BFB0008412104600F0F0FC002002BDDFF8702271
:10BFC0009368D3F82824BDE80840104738B5E22824
:10BFD00004460D460DD1DFF85C0200F0DDFCDFF811
:10BFE00050229368D3F8302429462046BDE83840D3
:10BFF00010475228F3D1DFF8402229781078014306
:10C00000EDD1012032BD38B5044688B00020207241
:10C01000202100F0A3F800F044F8E07A8DF80B003E
:10C020000022217B8DF80C108DF80D2004F10E01FB
:10C030000A220DF10E00ECF7FFFBA57E06210DF1A3
:10C040001A00EBF725FFE80744BF01218DF81A100D
:10C05000A80744BF01218DF81B10680744BF0121C8
:10C060008DF81C10280744BF01218DF81D106806AB
:10C0700044BF01218DF81E10280644BF01218DF810
:10C080001F100021ADF80C10DFF8A411208B8A6876
:10C09000ADF818006846D2F8F4128847002009B0BD
:10C0A00030BD0B2221466846ECF7C6BB10B50446EE
:10C0B0008AB00020A071282100F050F80B2204F172
:10C0C0000B010DF11900ECF7B7FB20685B49086024
:10C0D00068462168ECF7FDFB20798DF811000021FE
:10C0E00060798DF81200E0798DF81500207A8DF8CE
:10C0F0001600607A8DF81700A07A8DF814108DF86C
:10C1000013108DF8180000F006F8D2F87C14884758
:10C1100000200AB010BD684645498A6870478DF80E
:10C1200000006946D2F83034704710B5044686B036
:10C130000020207500F011F80A22FFF7B3FF3C49F8
:10C1400060898A68ADF80A006846D2F8F812884714
:10C15000002006B010BD0020207218216846F1F7BB
:10C16000FDBC30B58FB000F05DF80A22FFF79AFFF2
:10C170006089ADF80A00207B8DF80C00607B8DF89B
:10C180000D000DF10E00E18900F05AF8207C8DF8C9
:10C190001600607C8DF81700A07C8DF83700E07CDD
:10C1A0008DF83800E07FADF82800ECF74FFB0990E0
:10C1B00080B1E27F216AECF73FFB28000AD0BDF88E
:10C1C00028000999C0B2A84720B10998ECF73FFBB5
:10C1D0001A2008E000F020F888470446099808B1C2
:10C1E000ECF735FB20460FB030BD80B50BF058F8AA
:10C1F000002002BD0BF070B80BF0CDB880B50BF08D
:10C20000E7F8002002BD0A4A01B59368D3F830244C
:10C210006946E020904702BD05498A68D2F8881235
:10C220006846704704460D463C216846F1F796BCC7
:10C230000C010020646500204B3100205088002054
:10C24000CA0744BF012303704A0744BF0123437058
:10C25000CA0644BF0123C3708A0644BF0123037189
:10C26000C90544BF0122C271704780B510208DF806
:10C2700001000DF101015A20FFF7A8FE4FF4FA71F9
:10C28000ADF8021055200DF10201FFF79FFE0320CB
:10C290008DF8000069465920FFF798FE0020FFF74F
:10C2A000B2FF01BD00000300DFF85416CA7A11077F
:10C2B00001D501207047FF280DD0010010D0F128D2
:10C2C0000EDADFF84016096851B14A6813788342E4
:10C2D000F9D1517821B1DFF8302610750020704770
:10C2E00002207047DFF82006007D704710B5DFF8A8
:10C2F0001406DFF818260168DFF80C3611601B7D84
:10C30000FF2B02D10AE008681060116899B14868F3
:10C3100004789C42F7D110BD08681060116851B1D3
:10C320004B6818780028F7D0F128F5DA58780028FB
:10C33000F2D0184610BD002010BD30B585B00021E8
:10C34000009101F08CF9040037D0FFF7CFFFDFF840
:10C35000B8556188287800F0C5FA009050B3017B89
:10C36000812927DB207810BB6188ADF806100422F4
:10C370008DF80420211D02A80CF03EFB01A80CF052
:10C3800070FC78B9DFF88815DFF88845087000F090
:10C3900029F8284600F09EF900F0F6F80C2000F08D
:10C3A00093F90AE061886A46012000F01FF80099BD
:10C3B000FF2008732046ECF74AFA05B030BD10B5EF
:10C3C000DFF84C25DFF84C450020107000F00AF82B
:10C3D000DFF84405EEF74BFD00F0D6F8BDE810405D
:10C3E0000B2071E140212078EBF7C6BD2DE9F24F1B
:10C3F000DFF81885DFF81065DFF804B50746D8F8D0
:10C400000000012500288AB0924600F0AE80D8F8DE
:10C4100000004468BBF808004FF6FF7398424FF0E5
:10C4200000090DD0207806F120020121F9F71BF850
:10C43000BBF80810ADF8101001228DF8182008E0A4
:10C4400003208DF8180027B1BDF8280004A90CF0CE
:10C4500005FB2846002510E0012000F089F8086956
:10C46000B368F27900F08BF8B2282AD0002804BF14
:10C470004FF00109002F2BD06D1CA1680B7BEAB295
:10C480009A42E9D30546B22D1CD0B9F1000F00D075
:10C49000FFB1002506E0002804BF4FF00109002F7E
:10C4A00016D06D1CA168CB79EAB29A4209D200205D
:10C4B00000F05EF888683369327B00F060F8B228DB
:10C4C000E9D10546B9F1000F25D017B1FF2001E0F1
:10C4D00000258020DAF8001008734FF6FF70BBF8D3
:10C4E000083083421BD0BDF82810ADF81C10022282
:10C4F00031788DF824208DF825100020012203903A
:10C500000290019206F1180100910022207807A9FB
:10C510000DF0E5FD03E0DAF80010FF200873B22DFE
:10C5200005D0307DFF2820D1D8F8001016E0DFF8C4
:10C53000E013DFF8E04300220A70FFF753FF3046B4
:10C5400000F0C8F800F020F80C2000F0BDF80CE076
:10C550004868007810B1F128FFF659AF0868C8F8AC
:10C560000000D8F800100029F2D10BB0BDE8F08F20
:10C570000390029704AB3278019200937047E9B2BE
:10C5800030F81110207879E020784FF48041EBF7F3
:10C59000F3BCF8B586B00446002000900025FFF7F4
:10C5A000A5FEDFF86803DFF8606301684A68507829
:10C5B000C1072CD5A2695078917800EB012302279E
:10C5C000ADF804308DF80C70BDF80410107900F04F
:10C5D00089F90090F0B1304600F07CF8A06931464E
:10C5E000001D01F030FA0098008804A90CF036FA1A
:10C5F000002812BF012500980661BDF804106A46A4
:10C600002846FFF7F3FE0098017BFF2902D1304650
:10C6100000F060F807B0F0BD70B50446BF4EA068EA
:10C620008168C0793346182200F069FA0025012894
:10C6300008BF0225A0680169007B3346182200F07C
:10C640005EFA012808BF45F00105A068B44E816874
:10C65000C0793346302200F052FA012808BF45F075
:10C660000105A0680169007B3346302200F047FADB
:10C67000012808BF45F00205284670BD73B5054680
:10C680000999BDF8040014461E4600F006F930B9B9
:10C6900001AB01223146204600F031FA08B9B12041
:10C6A00076BD089800281EBF9E480468002C09D05B
:10C6B00001A80090079A069901232846A04708B9C7
:10C6C000B22076BD002076BD8D49887201210620FA
:10C6D000EDF7CABD10B50446A06818B1ECF7B7F87D
:10C6E0000020A060206918B1ECF7B1F800202061AB
:10C6F00010BD8D490860704770B504000D46844E2A
:10C7000014D0307808B900210FE0824A1078402117
:10C71000EBF75EFC3178491E00F2E7304FF47A7295
:10C72000C1EB0111B0FBF2F0411821700DB130786E
:10C73000287070BD7D490860704718B58BB00446FD
:10C740004FF6FF700221FF22ADF820008DF828106F
:10C750008DF82920FAF716FC002107910591039125
:10C76000002201210692049002910192012300937C
:10C77000032208A92046F8F7BAFE040007D165484D
:10C78000007842F210724FF48041EBF7F1FB204643
:10C790000CB010BD38B55F4C0546FFF7F5FE2946D5
:10C7A0005D48EEF737FB60B129680A7A02720B88A0
:10C7B0000380497A41722A685189418100220273BB
:10C7C00002614FF480412078BDE83440EBF777BE3A
:10C7D0007FB5684600210022002380E80E004E4C01
:10C7E000534D24682868534E38B9204600F071F83C
:10C7F0002860B0B98CB90B200FE0007BFF2805D072
:10C8000001060ED420F0800004280ADB306838B915
:10C81000204600F05EF8286018B9FFF755FF7FBD8D
:10C82000286045483B4C0178012908BF40F6B832E2
:10C8300004D00120FDF7E0FF00EB400220784FF428
:10C840008041EBF795FB3D490A782868082A1AD001
:10C850000188ADF80010027A8DF80820017B491C90
:10C86000017329680A7B0888130605D50023002276
:10C870000021F7F7B5FF0AE04A7A0146002368462F
:10C88000F8F71AF803E0017B41F0400101732868D2
:10C89000406900F01EF830607FBD20B561B1002115
:10C8A0001E4ACBB232F81330834210D0491CCDB2AD
:10C8B000182DF6DB012020BD194ACBB232F8133017
:10C8C000834204D0491CCDB2302DF6DBF2E70020C4
:10C8D00020BD00E0406920B1017B21F080010429E6
:10C8E000F8DA704720B502460B48006800E040695E
:10C8F00028B103888B4204BF457A9542F7D120BD09
:10C90000701B0020941B0020B81B0020981B0020E7
:10C91000881B0020891B00209C1B0020A017000002
:10C92000D0170000248300200488002008880020FD
:10C93000A01B0020A41B0020F9890020841B0020DC
:10C94000027A0B7A9A420CD15AB1022A05D1008898
:10C950000988884205D101207047032A08BF00F0EA
:10C960000CB8002070470A7A0272032A04BF08221A
:10C97000EBF762BF0B880380704710B5082210F8F0
:10C98000013B11F8014BA34202D1521EF7D101E045
:10C99000002010BD012010BD0822EBF74DBF0100A3
:10C9A00080B5DFF8A01A00200860DFF89C1ADFF8D5
:10C9B000180BFFF7F1FF08F09DFBBDE80140FBF706
:10C9C00083BF2DE9F84185B00E46144698460128EC
:10C9D00018BF022829D1310018BF032E30D1FBF730
:10C9E00035FDDFF8E87ADFF8E85A002818BF032E93
:10C9F00013D0EBF786FF04900021012003900291F1
:10CA0000CDF804800094DFF8CC0A6B7B3A6800888C
:10CA1000DFF8C41AFCF724F806E00220F0F7E3FE82
:10CA2000697B3868FBF7A8FF38B1DFF8B00A0078F7
:10CA30004FF47A720121EBF79BFA06B0BDE8F08162
:10CA4000012E08BF0128F0D10A20F0F7CCFEDFF854
:10CA5000900A00784FF48061EBF78EFA6946502017
:10CA6000FFF7A1FADFF8640BBDF800108184002104
:10CA7000808C0DF02BF9E0E738B504460D46D12146
:10CA80002846EBF7CEFCA0B90220EBF77AFC0100B8
:10CA900007D1BDE83440DFF8440A00781021EBF7F5
:10CAA0000EBDD12008704C702846BDE83440EBF72D
:10CAB0008BBC447031BD38B50546DFF8140B0468F3
:10CAC00008E06168087820B14A6811782846FFF7C5
:10CAD000D3FF2468002CF4D1DFF8F80A005F10F1CE
:10CAE000010F03D0C1B22846FFF7C6FFFDF761FD75
:10CAF000DFF8E41A0880BDE83140FDF751BDF0B51C
:10CB0000002400E0641C84420EDA002500E06D1C65
:10CB1000EEB29642F6D2EFB231F8146033F81770E5
:10CB2000BE42F4D10120F0BD0020F0BD70471CB51D
:10CB300000F024F807D102B0BDE81040DFF89C2ACD
:10CB400089B2F7F7ECBF48F202030DE01CB500F024
:10CB500015F807D102B0BDE81040DFF8842A89B289
:10CB6000F8F704B848F20303027C009301928BB2F9
:10CB7000811C407C8022F8F7DEF813BD81690A78B9
:10CB8000497802EB0121DFF8502A14888BB2A342C6
:10CB900070477CB50546002000900024A9690878FC
:10CBA0004A78897800EB022000260A0014BFFF298A
:10CBB00082260ED0DFF8202A138880B2984207D14F
:10CBC000684606F0A7FE0446009810B9832600E0E8
:10CBD0008026009A31462846F7F7EBFF002C1EBF4F
:10CBE00000980028EBF733FE73BD70472DE9FF4135
:10CBF00004460025A069DFF8EC890178407801EB54
:10CC00000027FDF7D6FC0026B9B2814207D106F015
:10CC1000A1FE451E0121404606F0A6FE00E080264A
:10CC2000207CEDB2BFB20390CDF80880019500974B
:10CC30003346617CA21C48F20500F8F71FF8BDE8F6
:10CC4000FF81F0B5002308E00C784D7804EB052651
:10CC5000DFB222F81760891C5B1CDCB28442F3D37C
:10CC60000846F0BD2DE9F84F804684B0D8F818701A
:10CC70003878797800EB0124B878F97800EB012254
:10CC800092B20192A0B2FEF732F9002600250128E7
:10CC90004FF0000909D0A0B2FEF729F9B0B9DFF8CA
:10CCA00038190A88A0B2904210D098F8100003906A
:10CCB000A4B2029501950094802398F8111008F110
:10CCC000020248F20600F7F7D9FFCDE03C7907F100
:10CCD000050A5CB16000EBF7B9FD060006D03246EC
:10CCE00051462046FFF7ADFF824600E000241AF8C7
:10CCF000017B57B17800EBF7A9FD050005D02A4666
:10CD000051463846FFF79DFF00E00027DFF8C018C6
:10CD10000968CDF80880AB46B24600970D4626E07C
:10CD2000002131610EE00020B06000980028F7D0AB
:10CD300006F1140101EB440030615946009A52009B
:10CD4000EBF77AFD6868426810783146EBF73CFBF8
:10CD50003878DFF890185FFA89F209F101098854F0
:10CD6000B8F1000F1CBF3846EBF771FD2D68002DA0
:10CD700047D0686801780029F8D0AA7BD307F5D599
:10CD8000AA682AB10120904707464FF0010802E047
:10CD900087684FF00008002FE8D078880199884212
:10CDA0001EBF08464FF6FF718842D9D1BB68FA7999
:10CDB00051462046FFF7A3FE40B900983B693A7BF5
:10CDC0005946C0B2FFF79BFE0028C9D00098201832
:10CDD00040001430C0B2EBF7D4FA0600B8D0D2202D
:10CDE0003070002C0299488870803471009830733C
:10CDF00099D006F11400B06062005146EBF71CFDBB
:10CE000093E70299DFF8D0275FFA89F058B1087CE0
:10CE1000DFF8D037039002935FFA89F00190002386
:10CE2000128800920BE0087B78B9DFF8B837087CED
:10CE300012880293002603900196009200238A1C18
:10CE4000497C48F20600F7F719FFBAF1000F1CBF42
:10CE50005046EBF7FCFCBBF1000F05D0584605B07F
:10CE6000BDE8F04FEBF7F3BC00F0D5BB70B58CB06C
:10CE7000032204468DF82C200D4609A8FFF78CFDEF
:10CE8000FDF78EFB014609A8FFF777FD20B1297D4C
:10CE9000032918BF012901D084206BE0287A0028DB
:10CEA00018BFFF2806D0032906D1A87D002818BF87
:10CEB000FF2801D182205DE035A0DFF82C67D0E9A2
:10CEC000002307A9301DC1E900230822EBF7A6FCC7
:10CED00028BBDFF8F8166088CA8A90421FD03078E5
:10CEE000FF281CBF297A814207D070884FF6FF7156
:10CEF00088421CBF6A89904211D100208DF80C0035
:10CF00000822311D04A8EBF797FC03A80BF04BFE99
:10CF1000BDF80E006188884218BF8D202AD1E089B3
:10CF200021281CD18C218DF8081000F035F8FAF773
:10CF30007BF908BB8DF80800F0F729FC287D032851
:10CF40001AD1694605F10C00FAF712FAA0B90023CC
:10CF50000022002105F10C00F7F714FC0CE000F0B2
:10CF60001BF8FAF778F920B98DF80800F0F70FFCF4
:10CF700002E088208DF80800207C019002A9009131
:10CF80000123E28942F4004200F0DCF90CB070BDEC
:10CF9000FFFFFFFFFFFFFFFFAB7D6989287A05F1E7
:10CFA0000C027047F8B50023ADF802008DF8003090
:10CFB00001A80BF021FD68460BF053FE05B000BD43
:10CFC0008169DFF818360A78497802EB012219895D
:10CFD0000A4000D17047E0B5017C00920191811CAC
:10CFE000DFF8F4251388407C0022F7F790FE07BD98
:10CFF0002DE9F14F92B081690B78059304AA0021C5
:10D000009C20FBF73AFF4FF00009DFF8E0150878A5
:10D010000191CA46002818BF01280BD10421002025
:10D0200009F0B2FB9DF810105FFA80FA51448DF8B8
:10D03000101002E001228DF8102005989DF81010C4
:10D04000884280F2BA800E1AF6B2022EC8BF0226BB
:10D050001A2010FB06F0EBF7F9FB5FEA000900F07D
:10D06000AD80059F4FF000084C464FF0FF0B58E095
:10D07000FF22082104F10A00F0F73CFD42E0012004
:10D0800020750099087D401E43E00098017D491CF1
:10D0900021762879022806DC0221217528790128C9
:10D0A00006D0012005E0012020752979032900D14F
:10D0B0000020012130E009F0E8FB05467F1C75B334
:10D0C0000099DFF808050A88228000F13901A01CC8
:10D0D000FFF762FC288860820221E17584F818B0AD
:10D0E0000022A97A61768DF8182006A82988ADF863
:10D0F0001A100BF01FFD0128BAD107A904F10A008C
:10D10000FFF74AFC28790028BFD129880029B6D129
:10D110002075207600210220A17560751A3408F16F
:10D1200001085FFA88F1DFF8C8040090B1423FDAE5
:10D13000F8B25045BFDB05988245B4BFA0EB0A07A3
:10D14000002735E0012161750020A0750099087D58
:10D15000401E20E00AAAF9B28720FBF78EFEBDF838
:10D160003200DFF8901420807F1CA01CFFF714FC15
:10D170000DF12A0104F10A00FFF70EFCBDF82800AA
:10D18000608201990878002818BF0128DAD10220AE
:10D190006075A075FF2020760220E0759DF83A00AA
:10D1A0006076608A00B1012020751A3408F1010808
:10D1B0005FFA88F0B042CDDB00E000260020059940
:10D1C0009DF810300390C9B20091CDF808900196F7
:10D1D00000221298811C407CF7F746FFB9F1000F3E
:10D1E0001CBF4846EBF733FB13B0BDE8F08F3EB5EC
:10D1F00004460421A5692846EBF746FB009001226E
:10D2000028798DF80400012069798DF805208DF8C2
:10D2100006200223DFF8E0231070DFF8E00303723A
:10D2200062880280DFF8D803DFF8D82301706846EF
:10D23000617C1170FBF7CEFB08B1FBF701FC37BD39
:10D2400038B584B0FCF710FD0446FCF70DFD002551
:10D2500001E080696D1C0028FBD1DFF8A403007891
:10D26000E9B2814238BF00210BD3291ACAB2062A7B
:10D27000A8BF0521002201E0A469521CD3B2834259
:10D28000FAD30090C9B2DFF87C0301910022039227
:10D290000294EBB20078DFF86413F7F794FE05B060
:10D2A000BDE83040FBF7CCBB2DE9F847064685B01A
:10D2B000B069077804AA0021A320F9F7DAFFBDF8C6
:10D2C00010000024874205DAC51BADB2032D16DD20
:10D2D000032516E00025A04600200390EDB202943D
:10D2E000019500974246BDF81030707CDBB2B11C4E
:10D2F000F7F727FF14B12046EBF7A9FA1FE0002D3E
:10D30000E9D018206843EBF7A1FA040013D04FF0DE
:10D310000008A146C2465FFA8AF0A842DCDA57FA52
:10D320008AF14A4689B2A220F9F7A3FF09F1180948
:10D330000AF1010AEFE74FF0B5080025CCE706B087
:10D34000BDE8F087A11C04F11100F7F7F5B930B57D
:10D35000044685B0A56928460BF05CFB38B1FDF7A3
:10D360001FF901462846FFF708FB012802D10021DA
:10D37000039100E003959549A08B4A8B904204BF2E
:10D38000207B00282AD12D7A15F0400118BF0121F9
:10D390008DF8101015F0800118BF01218DF81110C3
:10D3A00000229DF811008DF81220002804BF039878
:10D3B000002804D101214FF40050FDF760FA03A8C2
:10D3C000FBF7FBFC00F00CF848F23402FFF7BAFF61
:10D3D000290603D4039808B9ECF7C5FE05B030BDA3
:10D3E0008DF8080002A900200190009101237047E8
:10D3F00078B5044687B0A0690178407801EB002534
:10D4000075490E88AAB2B2420ED102AB1122002198
:10D410008120EBF727FB38B9009002AB607CAAB201
:10D42000A11CF7F757FC0AE0207C019048F211019B
:10D430000091ABB2607C8422A11CF7F77CFC08B0A1
:10D4400070BD000044880020C487002070B50446E9
:10D4500088B0A0690178427801EB02255E490E8808
:10D46000ABB2B3421ED181781029A8BF10218DF82C
:10D470000C10C11C9DF80C200DF10D00EBF7DCF930
:10D4800003AA11218120EBF7AAFA54499DF80C0058
:10D490000A78002814BF42F0100202F0EF020A706E
:10D4A000002000E084208DF8080002A902A8457041
:10D4B00085700323207C0190009148F21402FFF74D
:10D4C00041FF08B070BD0000F02C0020E82C0020C7
:10D4D000701B00202C310020AC870020BE2C0020C7
:10D4E000078A0020484A1178002900D1704718B5F2
:10D4F000364C94F8261089B0082918BF042962D147
:10D50000694600F0EBFAFDF74BF80DF10201FFF769
:10D5100034FA28B1FDF74DF8BDF80010814252D021
:10D52000FEF798FBBDF800000DF10201FDF77AFD52
:10D53000012848D007A8FDF744F80DF1020107A81B
:10D54000FFF71BFA58B1FDF738F8BDF8001081421B
:10D5500005D061834B2004F11A01FEF737FDBDF8B9
:10D560000000002108F0D4FEA18CBDF80000FEF7F9
:10D570002DF90020BDF800108DF80C00ADF80E104C
:10D5800003A80BF0D7FA60B107A80021C0E9001189
:10D5900004A9FFF7F2F920B100F038F803A80BF066
:10D5A00060FB00F033F803A80BF0FDFA00281EBF63
:10D5B000BDF80E00BDF80010884204D0ADF80E1082
:10D5C00003A80BF04EFB0AB010BD0000347A002017
:10D5D0006C1B002020310020B02C00206886002029
:10D5E0003888002034800020082D0020523100208F
:10D5F000587A00206D7A0020BC2C00204087002043
:10D60000F0890020EF890020F98900200DF1020146
:10D6100004A80BF0F1B905B0BDE8F08F38B5856905
:10D620000C4629462046FFF7B7F9287A207205F103
:10D63000090000F046F86381C51C81782175032933
:10D6400007D1294604F10C00FFF7A6F9287AA07546
:10D6500031BD2978687801EB0022A28131BDF8B58F
:10D6600007460026B87C0C28A4BFB869C67A3446A1
:10D6700060000E30EBF7EAF8050020D0B9690878B1
:10D6800028704F1CD8B93946281DFFF785F907F1D6
:10D69000080000F016F800216B8029737EB18278B3
:10D6A0002A7305F10E01C3786B73001D027843786D
:10D6B000801C02EB0326641E21F8026BF6D128467B
:10D6C000F2BD0178427801EB0223704730B500F0DB
:10D6D0005AF8B8BB9378087963F30200087100F038
:10D6E000F700937803F008031843087100F0EF0087
:10D6F000937803F0100318430871D378487900F049
:10D70000070003F0F80318434871D37863F302006D
:10D710004871107988715379CB7190790872D379F7
:10D720004B72107A887202F10A00537ACB72027837
:10D73000437802EB03248C8182788A73C378CB739D
:10D740000079087430BD30B500F01DF8D0B94B68D1
:10D75000907823F0F003000943EA00134B609078BF
:10D7600060F303034B6023F47043D078000943EA6D
:10D7700000334B6023F47063D47804F00F0443EA61
:10D7800004234B6030BD826912F8010B08701378D6
:10D79000547803EB04254D800878704738B5FFF7BF
:10D7A000F2FF20B9D01CBDE83440091D4BE131BD6A
:10D7B000F8B5856915F8016BAF78B81DEBF746F839
:10D7C00004000BD0267028786978277100EB0122BD
:10D7D0006280E91C3A46601DEBF72EF82046F2BD48
:10D7E000826913780B7080694278807802EB00239D
:10D7F0004B8070472DE9F047866916F801AB00278A
:10D80000B846BAF1000FC14605D196F80090777876
:10D8100096F80280F61C1A2000F036F8040032D088
:10D8200084F800A0A770251D84F8019084F8038077
:10D83000002725E0002028803146A81CFFF7ACF81F
:10D840000836314605F10A00FFF7A6F806F1080090
:10D85000FFF737FF6B82861D817801F003022A757E
:10D860007F1CC1F381026A75C1F30211A975C178E9
:10D8700001F00301E9750179297642796A761A3552
:10D88000F8B24045D6DBC0E010FB08F0001DEAF717
:10D89000DDBF2DE9F843866916F8019B00250027B6
:10D8A000B9F1000FB84604D13778757896F8028040
:10D8B000F61C4FEA0810FFF7E9FF040029D084F8AE
:10D8C00000906770A57084F80380271D00251DE077
:10D8D00031463846FFF760F83078717800EB012266
:10D8E0003A816D1C307AB872717A01F00F01F972C9
:10D8F000707A00093873B07A00F00F007873B07A4C
:10D900000009B873F07AF8730C361037E8B2404566
:10D91000DEDB2046BDE8F2832DE9F041856915F88C
:10D92000018B002600270024B8F1000F03D12E78C8
:10D930006F78AC78ED1CE000FFF7A8FFF8B180F835
:10D940000080011D46708770C470002214E02B789F
:10D950006E7803EB06270F80EB1CAE7806F0070508
:10D960004D71521CC6F3C2058D715E781D7805EBB2
:10D9700006274F809D1C0831D3B2A342E7DBBDE8E8
:10D98000F0812DE9F047866916F801AB0027BAF15E
:10D99000000FB946B84605D1377896F8019096F849
:10D9A0000280F61C1820FFF76FFF04002DD084F8CA
:10D9B00000A06770251D84F8029084F8038000277A
:10D9C00020E03078717800EB0122AA81B61C17E0C4
:10D9D00031462846FEF7E0FF307A287206F109004A
:10D9E000FFF76FFE6B81C61C817829750329E8D18A
:10D9F000314605F10C00FEF7CFFF307AA8750936E5
:10DA000018357F1CF8B24045E2DB2046BDE8F087C0
:10DA100070B586693078002400B9F478A01DEAF763
:10DA200015FF05000DD0307828707178B0782C7112
:10DA300001EB00226A8024B12246311D681DEAF7FD
:10DA4000FBFE284670BDF8B50D4610F8011B297085
:10DA50000278437802EB0321698010F8022F4178A5
:10DA600002EB0123AB80061D81780909A971C178F9
:10DA7000E9710C0011D06000EAF7E8FEA860E0B19F
:10DA8000002107E03378777803EB072320F8123082
:10DA9000B61C491CCAB2A242F4DB16F8010B28736B
:10DAA000040019D06000EAF7D1FE286138B9A868EF
:10DAB00018B1EAF7CCFE0020A8600120F2BD0021D9
:10DAC00007E03378757803EB052720F81270B61C51
:10DAD000491CCAB2A242F4DB0020F2BD38B580690D
:10DAE00042780C46017801EB02232380851C2946ED
:10DAF000A01CFEF751FF287AA07231BD2DE9F04736
:10DB0000876917F8018B00240026B8F1000FB24690
:10DB1000B14610D104213846EAF7B6FE0646381D54
:10DB20000178427801EB022A10F8021F42788478CB
:10DB300001EB0229C71C04F11000EAF787FE05007B
:10DB40000ED085F800806E60A5F808A0A5F80A90B0
:10DB50002C732CB12246394605F10D00EAF76CFE14
:10DB60002846BDE8F08738B585690C46042128466B
:10DB7000EAF78AFE206028792071062802DA68799F
:10DB8000607131BDFE2818BFFF280AD1687921795C
:10DB9000A071A81DFF2904D10278407802EB002172
:10DBA000218131BD4A484B4990F835000871002861
:10DBB0001CBF0021E9F7ECBE70474649487070472A
:10DBC000444A12790021002A00D1704710B5930908
:10DBD00003F00103040008BF194604D0012814BF54
:10DBE000022883F00101BDE810401046E9F7C0BEED
:10DBF000384A117941B11378D17803F0FE0360F30C
:10DC000003011370D17012E070473249087918B1DE
:10DC100001228A700320EBE770472F48017801F05A
:10DC20000301032904BF0120FFF7E2BF704770B56D
:10DC30002A4D28780221EAF79FF9264A1079002810
:10DC400044D0107800F0FE0300F0010080F00100E5
:10DC50000343137013F0010014BF642441F28834AD
:10DC6000D17811F00F0F0CD018B14B1E63F30301E4
:10DC7000D170917811B1B0B9C8241AE04FF4FA7498
:10DC800017E0517889B9164E317809291CBF072948
:10DC900006290ED11049097801F00301022918BFA5
:10DCA000032902D008B1642403E003F0FE0300243A
:10DCB0001370107800F00100FFF782FF34B128786C
:10DCC0002246BDE870400221EAF752B970BD00005B
:10DCD00030230000FC870020028800207D280020DF
:10DCE0007C2800202DE9F8430024002888B007464E
:10DCF000904600F0D180082880F2CE800E4600F0D9
:10DD00000DF90025300006D0012F3AD00122012163
:10DD1000012000F0D0F8781E062865D8DFE800F072
:10DD200031393C2E045D5D0000F0F8F80CF0A4FDE4
:10DD30000CF0AAFD08B9012556E00FF240670F2349
:10DD40003A46002104200CF0D9FD032598B9DFF8EC
:10DD5000F4950F234A46002104200CF0B2FD022561
:10DD600048B9394648460CF0FFFD042500B90025A6
:10DD700000200CF0E4FD0CF09AFD35E000F0D7F93E
:10DD800031E000F048FA022805462DD100F052FAA1
:10DD900029E000F040FA26E0684600F079F9050035
:10DDA00022D10A20EAF752FD0446082020700127FC
:10DDB0004FF000095FFA89F2E1191DF802000CF03A
:10DDC000EFFD09F10109E1195FFA89F22020FF1C3A
:10DDD000022A8870FFB2EDDD06E0062F0CBF01209D
:10DDE000002000F076F905466EB1280002D00A2224
:10DDF000012105E0B8F1000F4AD0012201210220E3
:10DE000000F059F844E08DF81050012604B10226C4
:10DE1000B046C8EBC80808F1010087B23846EAF7F7
:10DE200015FD050034D03946EAF732F82E704FF46C
:10DE30008040A5F801002021E97004A8686034B191
:10DE400044F2010042212881A972C5F80B4002204A
:10DE50008DF81C000021ADF814100122DFF8E80451
:10DE60000188DFF8E804ADF81E108DF81D202B4660
:10DE7000017802914A1C0270002101200191009159
:10DE80000390192205A9F7F7AFFD2846EAF7DFFC52
:10DE900014B12046EAF7DBFC09B0BDE8F08380B599
:10DEA0000120FFF78DFE462004F03CFBBDE8024058
:10DEB0000020FFF785BE2DE9F0410D46DFF89014F4
:10DEC000044690460878474630B3002612E0012009
:10DED000FFF776FE28000CBF4FF42F704FF49670BA
:10DEE00004F020FB0020FFF76BFE4FF4967004F067
:10DEF00019FB761CF0B2A042E9D3280014BF4FF4FE
:10DF00007A604FF4FA6004F00DFB5FEA0800DCD0A1
:10DF10007F1EF8B20028D8D1BDE8F08138B5DFF80F
:10DF200034442078FF2828D0DFF82C14DFF82C5454
:10DF300008F020FEDFF828040078294608F01AFED1
:10DF4000DFF820040078294608F014FEDFF81804F2
:10DF5000DFF81814007808F00DFE207800F07BF848
:10DF60000120F0F781F9207800F08BF84FF40C7065
:10DF7000F0F77AF9AB2000F01FF831BD1CB5DFF8DF
:10DF8000D4432078FF2816D0FFF7C8FFB92000F04F
:10DF900013F82078EFF775FEDFF8C4030078EFF789
:10DFA00070FEDFF8C0030078EFF76BFEDFF8B80310
:10DFB0000078EFF766FE13BD8DF80000012168467A
:10DFC0004CE02DE9F24F80460026DFF89C93DFF805
:10DFD00094A3DFF88C5326E018F806B00027082435
:10DFE00000F038F84FEA0B619AF80000C90F08F00A
:10DFF0003BFE287800F045F80420F0F735F999F851
:10E00000000008F0B0FD4FEA4B0B7F0008B147F06D
:10E0100001070420F0F728F9641EE1D100F01AF896
:10E0200008F80670761C9DF800008642D4DBBDE837
:10E03000F18F80B5DFF82803007800F00CF801209C
:10E04000F0F712F9DFF80C030078BDE80440002176
:10E0500008F00ABE2878002108F006BE38B504464C
:10E060000D46FFF7E6FF280003D029462046FFF7BC
:10E07000A8FF00F003F8BDE8324005E0DFF8D40265
:10E080000078012108F0F0BD4FF42F70F0F7ECB8E4
:10E090001CB504466846002101609F228DF80020CF
:10E0A0000421FFF7DBFF44B19DF8010020709DF8CB
:10E0B000022062709DF80300A0709DF80100002806
:10E0C0001CBF9DF80200002801D0002016BD0220D0
:10E0D00016BD1CB504460021ADF80010200014BF89
:10E0E000042006208DF8000001216846FFF7B6FFE6
:10E0F000210008D101208DF8000002218DF80110C7
:10E100006846FFF7ABFF05208DF800000221684646
:10E11000FFF7A4FF9DF80100400800F0010080F027
:10E120000100844201D1002016BD032016BD78B540
:10E1300085B00CF059FC68460CF08AFC6946012059
:10E140000CF064FC040008BF012028D001A90CF0E9
:10E1500047FC002500260AE00398B6FBF0F000F02B
:10E160000300032808BFFFF79AFE03988619029858
:10E17000864208D2039A314620460CF02CFC80B22D
:10E180000028E9D00325042304AA002120460CF02E
:10E1900063FC00B1022520460CF01AFC284606B0AC
:10E1A00070BD38B58CB001F0ACFF7149714D4B6B4F
:10E1B0000024AB4228BF00202BD228182F2269460A
:10E1C000C01A0CF08CFB002804BF9DF800005028FA
:10E1D0001ED19DF82600502801BF0DF10D010868E1
:10E1E000D5F80D10884213D10DF111010868D5F84A
:10E1F0001110884202BFBDF80900B5F80910884225
:10E2000006D1BDF80B00B5F80B10884208BF0124F9
:10E2100020460DB030BD10B50CF036FB01240128AE
:10E2200006D1FFF7BEFF022400B100240CF03FFB33
:10E23000204610BD2DE9F04F8FB001F062FF4C4E2B
:10E240000546706B00900024D6F824900CF01CFB5F
:10E25000B0460128A9EB08096AD1FFF7A2FF10B167
:10E260000CF025FB64E00CF06AFB18B10CF01FFB0E
:10E27000032064E0706A716B401A401C07032E0B88
:10E280003F0E010BB0EB01301CBF7F1CFFB2B34649
:10E2900007E00AF00300032808BFFFF700FE0BF1B8
:10E2A000010B5FFA8BFA57FA86F0824506DA5FFABD
:10E2B0008BF00CF044FBFF28EBD12FE0009E4A4688
:10E2C000314628460CF02AFB40BB01A82A493822D7
:10E2D000E9F7F2FD2C2206F1080103A8E9F7DCFDBD
:10E2E0000E9800944B4600224FF40051C0B20CF03F
:10E2F000DDFBFE218DF815100390FF220A99A1EB9A
:10E30000080007908DF8142005208DF816000C9554
:10E31000342201A900200CF001FB00B103240CF011
:10E32000C6FA032C0AD8DFE804F0030507029FE7CA
:10E33000002004E0012002E0042000E006200FB0ED
:10E34000BDE8F08F8C7E00202C310020E489002075
:10E35000008800203231002001620020006200208D
:10E3600033310020343100203531002002200020DC
:10E370000000000054280000842800004F41442081
:10E380004E564D2031323334353600002DE9F84FEA
:10E39000002814BF01260026DFF8988298F8C011E3
:10E3A00001F0010186F0010211422ED10024DFF8B4
:10E3B00088924FF0010B074608EB0400457A0DB335
:10E3C0000BFA04F290F8381099F80000D2B210401D
:10E3D00001F00301824618BFDA46680648BF8AF09A
:10E3E000010AA6B1B8F8291011420BD005F01F059B
:10E3F00038680BFA05F5BAF1000F0CBF20EA0505E5
:10E4000005433D60641C082CD6DBBDE8F18F28462F
:10E41000E9F7BEFA51462846E9F7AAFAF2E7854934
:10E42000B1F8290028B1844B012201211020EAF71C
:10E43000B9BA7047012202FA00F07F4A1378002926
:10E4400014BF184323EA0000107070472DE9F84FFD
:10E450008146784848440C46457A002D90463DD088
:10E4600090F83860B108484603F0ECFD002835D03C
:10E47000714801780122002702FA09F212EA01002C
:10E4800018BF01208DF80000802CACBF4FF0010AAE
:10E49000BA468DF80170B108484604F07F0B03F0CE
:10E4A00007FE002450B10DF101036A46B108484649
:10E4B00004F013FB040011D04FF0010ABBF1020F6E
:10E4C00004D19DF8000080B901270EE006DCBAF106
:10E4D000000F04BF9DF80000584501D1002053E013
:10E4E0005F46390002D0012100E0394648460CF071
:10E4F000C0FB00B9002739464846FFF79BFF84B1AF
:10E50000B8F1000F04D03946204604F05DFA3AE035
:10E51000236A002B37D09DF801103A460220984715
:10E5200031E0B108484603F095FD08B3002100E052
:10E53000491C424A1378C8B2984222D2CCB22C224B
:10E540003F4854432044037803F07F03B3EB960F16
:10E5500004BF42784A45EBD1036A93B1B8F1000F8A
:10E5600018BF47F00207BAB2C9B20220984708E0C4
:10E57000680602D57F1EBF41FF0F39462846E9F7DE
:10E58000F7F9FFF74CFF0120BDE8F28F2DE9F84FB6
:10E590002C4D04460127A7402878FFB23842884610
:10E5A000914632D0234B1A19507A30B192F8380084
:10E5B0008008461EB641F60F00E00026224A12F8F7
:10E5C00004B05946204603F045FD82465946204690
:10E5D00003F06EFD002E08BFBAF1000F00D1A0B10C
:10E5E0002879384214D0E878384205D0B9F1000FC4
:10E5F00007D10122022101E0012241462046FFF716
:10E6000025FF0121204603F088FC0020BDE8F28FA1
:10E61000B8F1000FF9D0B9F1000F04D101220221A5
:10E620002046FFF713FF0121204603F076FC01206E
:10E63000ECE7000030230000E1890020E28900209F
:10E64000346F0020188600207C8700204A4901236F
:10E65000CA6800F01F0003FA00F01043C86070475A
:10E6600038B5454C00202070E060002502F015FB15
:10E670006019007908B1FFF7E9FF6D1C082DF7DB81
:10E68000E06820B13D490A6822EA000008600020E5
:10E690002061607031BD38B5374C394DA0702161B3
:10E6A00040B1607801280FD128784FF08041E9F718
:10E6B00063FC09E0E06810B10421E9F773FA2878F7
:10E6C0004FF08041E9F7FBFE0120607031BDF0B5ED
:10E6D0002C48294D03680021012200240127E0B2C3
:10E6E0002844007960B100F01F0607FA06F64006DC
:10E6F0004CBF304600201E40864204BFD0B20143CA
:10E70000641C5200E0B20828E9DBC8B2F0BD80B555
:10E71000FFF7DDFF18490B7898420BD030EA03036E
:10E7200008701CBF0A69002A04D01846BDE80840DA
:10E730000021104701BD80B51148007819224FF023
:10E740008041E9F715FCBDE804400121192002F0E1
:10E75000C8BC38B504460D460520E9F712FE50B195
:10E76000D62101700571C4700146BDE834400448EB
:10E770000078E9F729BE31BD14850020D020024081
:10E780007D280020C0200240F0B5DFF840375C68EB
:10E790001E78014600200022142700E0521CD5B24A
:10E7A000B54204D27D43635D8B42F7D16019F0BD61
:10E7B0002DE9FE4F8B46DFF814174B68019319467D
:10E7C0004FF01409034619FB03F35600CF18002538
:10E7D000F6B296B35FEA0B0114BFD7F80880D7F8FA
:10E7E000108000248DF80000154616E00198E1B273
:10E7F00019FB01F108445FEA0B0107BF017BD0F868
:10E8000010A0C179D0F808A08D4205D132465146FA
:10E81000404603F0A5FB78B1641C9DF80010E0B2FF
:10E820008842E3D33046EAF711F805000AD03246B1
:10E830004146EAF701F800E05546BBF1000F06D06B
:10E84000BD6005E0BBF1000F04D1002038733D61CD
:10E85000BDE8F78F0020F871F2E72DE9F14F82B0A3
:10E860000024DFF86C06DFF86C9600900027A046C5
:10E87000002509EB050000F13801427A002A1ABF91
:10E880000B784FEA930C4FF0000C407E00281ABF23
:10E890000E7CB608002600234FF0010E0EFA05FE8E
:10E8A000002818BF002E0CD03346DFF82CA600F04D
:10E8B0007F060AF805600E7C06F0030B009E06F842
:10E8C00005B0002A18BFBCF1000F0BD002F07F0684
:10E8D000DFF804A60AF805600978009E01F003013C
:10E8E00071556346DFF8F4154B556E1CB9F8D4A189
:10E8F0005FFA8AF111EA0E0F06D0D9B2614502D152
:10E900000023002204E00022D9B2052900D194B9E5
:10E91000002808BF002A00D10DB908F10108D8B2BB
:10E92000052802D13CB9344605E003F06FFB10B175
:10E93000F8B200B96F1C3546082D9ADB029929B14F
:10E940000CB10C7002E0FAB202B10F705FFA88F0FD
:10E95000BDE8FE8F2DE9F84FDFF87805017892B019
:10E96000502901BFDFF878050D900079502818BFB5
:10E97000002040F08E8200218DF802108DF80910E1
:10E980000DF10200FFF769FF040008BF01249DF8A4
:10E990000210DFF85025DFF8343511701C70142098
:10E9A00044432046E9F752FFDFF82015486021462E
:10E9B000E9F76EFA00218DF80B1007910027DFF8B8
:10E9C0001405DFF81025C0190024417A0691D219E8
:10E9D000069802F1380100281ABF08784FEA90081B
:10E9E000A046DFF8F004C019427E0592002A1ABF43
:10E9F000097C890800210491DFF8E014CA5D0498BD
:10EA00000192C0B203F0E0FA10B90498202801D1B5
:10EA1000059404940121B940C9B20C91404603F019
:10EA2000D3FA38B9B8F1200F04D00D980C9A0188A8
:10EA3000114205D00199884508BF0194A04606946B
:10EA400005980699084301D1002F05D101980528A2
:10EA500007D19DF80900002840F0D78101218DF8E9
:10EA600009101420DFF86454079E6968464388192A
:10EA7000DFF874141422E9F71FFA07996868491C33
:10EA8000C9B2079130440390781C039908704FF67F
:10EA9000FE76ADF80040A3468DF803408DF808409F
:10EAA0000025A146DFB9012102259DF80200ADF83D
:10EAB0002040ADF83840ADF82210ADF83A10A94624
:10EAC00018B11421ADF824100325DFF82004417E8D
:10EAD000FF2904D01920ADF83C004FF0030901983C
:10EAE00050B3042806DCDFF80814087840F004006E
:10EAF000087003E00E2818BF0F28F4D0DFF8F413D5
:10EB000001980A78904217DA01460C204143DFF859
:10EB1000E823535AADF800301A040DD5C3F30E00A4
:10EB2000ADF80000DFF8D403001D425822B147F0D1
:10EB300080006946C0B29047BDF800000006000F93
:10EB400010F0010A06D0BDF800104FF6EF7001403A
:10EB5000ADF80010BDF80000BDF80010000B00F08B
:10EB600001008DF80A004EF6FF700140ADF800106C
:10EB700001993A291AD1F8B20CF01CFD0328A246DB
:10EB800014D8DFE800F0020609114FF0010B02264D
:10EB90000CE04FF0010A09E001218DF803108DF817
:10EBA00008108B46032601E001240626BDF800006C
:10EBB000410512D508AA0A202B4622F813000EA9F7
:10EBC0004A4621F812004FF6FF30BDF80010014010
:10EBD0006D1C09F10109ADF80010BDF80000D0B1BD
:10EBE0000021C74812E0BDF80020D30708D5CAB2FB
:10EBF00030F8122008AB5FFA85FC23F81C206D1C4E
:10EC0000BDF800205208ADF80020491CBD4B1B7810
:10EC1000CAB29A42E7D30198C0B203F00BFA50B1DE
:10EC200003989DF802200178914204D11FB108A9F0
:10EC3000142000F031F905980028069879D00028B2
:10EC400000F08780B0490C9B0A781A4267D101997D
:10EC5000002970D14FF0010B0124049858B94146A6
:10EC6000F8B203F0F7F930B14FF6FE714FF0010B37
:10EC70008E4208BF02260198C1B2F8B203F018FA1A
:10EC800038B19DF8080080F0010A01208DF80300DA
:10EC90008346BAF1000F03D008A90C2000F0FCF85D
:10ECA000059838B1049828B908A80721EAB220F8D5
:10ECB00012106D1C9DF80A1051EA0B0003D008A930
:10ECC000062000F0E9F85FEA0B000EA905D0062245
:10ECD0004B4621F8132009F101099DF8030050B1BA
:10ECE00008A80822EBB220F813206D1C4FF6FE7224
:10ECF000964208BF0326002C5FD0122000F0D1F806
:10ED00000598002859D00498002856D17E4AD21977
:10ED10005379012B29DCBBF1000F4ED13AE0019869
:10ED200020B14146F8B203F095F920B14FF0010B44
:10ED300093E7002891D05FEA080007D14FF6FE71F3
:10ED40008E424FF0010B88D1022686E705980028F5
:10ED500083D004980028F8D101244FF6FE718E422A
:10ED60004FF0000B00D1062679E79C1E09F1010047
:10ED70004A46042C38BF08231CD39C1F062C38BFDE
:10ED8000052317D30AD1082321F81230BBF1000F55
:10ED9000814612D1062000F084F80EE0A3F10D04A4
:10EDA000032C38BF4FF4407304D3203B0E2B04D206
:10EDB0004FF4A06321F81230814603990020C871F6
:10EDC0000399886003990873039908610398868002
:10EDD000E8B207994C1E48B10398C57108A9039879
:10EDE0008160EAB20121E0B2FFF7E2FC5FFA89F04C
:10EDF00058B1039880F80C900EA9039801615FFA4E
:10EE000089F20021E0B2FFF7D3FC7F1C082FFFF648
:10EE1000D6AD2E4E3D4F34783D4DDFF8F8902001B1
:10EE2000E9F714FDB0602101E9F732F89DF80B40D5
:10EE30004FF0010A29E07068142101FB0AF1014436
:10EE4000A1F1140898F8070098F80C100918002987
:10EE500017DDB06898F8002000EB0A11012401F8D2
:10EE6000102DC1F8088099F80000E8F73BF898F8F1
:10EE700000002946E8F785F898F8000039460BF0BD
:10EE8000EDF80AF101005FFA80FA30785045D2DAE5
:10EE9000204613B0BDE8F08FEAB221F812006D1CD5
:10EEA00070474A4621F8120009F10109704780B500
:10EEB00019481A4A0178FF20F6F7B3FABDE808406E
:10EEC000174A1849FF20F6F7E9BA0000108700201A
:10EED0008C87002030230000848700207C8700205E
:10EEE00004250000E08900207C2D0000542800004B
:10EEF00002880020769D0200582500005025000061
:10EF000038280000779D020018860020B8280020CD
:10EF100029C400007D280020BFC40200A4290000ED
:10EF200015C40000D9150200DFF8B015087070474D
:10EF3000C1694A78952A00D0704710B5DFF8A0154E
:10EF4000CA681378022B02BF807A0B78984202D1EC
:10EF5000002414700C7010BDF0B516468BB000F094
:10EF600068F83178012906D1B18900F8011BB2890E
:10EF7000120A00F8012B0126DFF864154A78049282
:10EF800000F0A4F808AF00F0A8F801239AE0F8B563
:10EF900016468EB0044630788DF820000D4608A83D
:10EFA000B1884170B288120A8270F188C170F2880B
:10EFB000120A02710DF12500B16800F055F8F168F0
:10EFC00000F052F80746307C07F8010B3178CA0789
:10EFD00005D506F111013846FDF7DEFC083730781B
:10EFE000810706D5708B07F8010B718B090A07F8AA
:10EFF000011B012300F008F800F00DF80323FFE7E0
:10F0000000F02DF80FB0F0BDDFF8D4044178049182
:10F010004A1C4270704708A8002107933F1A01203C
:10F02000039102910191009008AEBFB20696059738
:10F030007047044630788DF820000D4608A8B18846
:10F040004170B288120A8DF82220F1888DF82310C1
:10F05000F188090A01710DF12500B16804E0192257
:10F0600029462046F6F743BA01700A0A0B0C090E2E
:10F0700042708370C170001D7047F0B58BB00446BC
:10F0800010788DF820000D4608A89188417001265F
:10F0900093881B0A8DF8223008AFD1888DF8231091
:10F0A000D188090A01710DF125009168FFF7DCFF95
:10F0B000DFF82C144A780A7000F008F8049200F087
:10F0C0000CF80623FFF7CBFF0BB0F0BD531C4B70C1
:10F0D00008A9401A80B20590704700200390029062
:10F0E0000190079606970096704700002DE9F04FB3
:10F0F000DFF8EC23DFF8EC43D3686569D4F81090AF
:10F10000A3B01F78012F40F066818DF8041000270E
:10F110009DF8042008910392029010E002202070D4
:10F12000039FDFF8BC2350680168491C0160DFF8C9
:10F13000B8030368994280F07C817F1C7FB20398FA
:10F14000874280F2A781DFF898138B684E68DFF85A
:10F150009C1309786288A0880F29E2D8DFE801F0C3
:10F16000090909091520293441474E585F656B820A
:10F17000D7E702980FF28C33C25D585C82422FD1E0
:10F18000DFF86803491C0170CBE730680628C8D156
:10F190000298C15D61800522DFF850030270C0E76C
:10F1A0000299C85D42EA002262800621DFF83C0332
:10F1B000E9E73268122AB4D10298C15D19800722AA
:10F1C000DFF828331A70ACE702991888CA5DC7497E
:10F1D00040EA02201880082008701A88022AA0D06D
:10F1E000A0E03068521E90429BD10921DEE70299CF
:10F1F000C85DA0800A22BD490A7092E7029AD15DDB
:10F2000040EA0120A0800B20B8490025087088E75B
:10F210000298B64A10F807900C21117081E7029805
:10F22000C15D49EA01290D22B6E70299C85D49EAA4
:10F2300000490E22DFE7029AD15DAC4A49EA016932
:10F240000F23A94913700A683168511A494569D3D7
:10F25000002806D100212170E1803821A448EEF772
:10F260007DFC5EE70028FCD12078DFF8848218B1AD
:10F27000012800F0B58054E79EA206A9D2E900302B
:10F28000C1E900309DA204A8D2E90062C0E9006291
:10F29000E088382807D20299CA5D08F80020401C8F
:10F2A000E0806D1C3DE70822404602F059FE98BB05
:10F2B00098F80C0003282FD1B8F80E004FF6F7711C
:10F2C000884204BF98F81200072825D10BF0DCFA19
:10F2D000002800F08080342209A900200BF0FFFAFA
:10F2E000082204A909A802F03BFE002871D1D8F831
:10F2F00018600F98360B06EB1030801C4FEA003A6E
:10F30000CAF57F2AC4F808A0C4F80CA0761C4FEAFE
:10F310001A3A4FF0000B14E00020E08038214046FC
:10F32000EEF71CFCC4F8109065619620B6E05FFA19
:10F330008AF00BF004FBFF284BD00AF1010A0BF115
:10F34000010B5FFA8BF0F1B28842F0D301200BF091
:10F35000F6FA00283DD12C22414616A8E9F76CFAAE
:10F36000082204A916A8E9F767FAE16821910022AA
:10F370002292342316AA002101200BF0BFFA40BBD1
:10F38000A0680003382342460021000E0BF0B6FAB5
:10F39000F8B9A06802999DF804303830A060CA1905
:10F3A000C0F30B01DB1B00039BB2000E0BF0A6FAAF
:10F3B00078B90398A168C71B79184948A1607D19DD
:10F3C000406801687F1E7F1807600120039F20703E
:10F3D000A7E60BF06CFAC4F81090656195205DE02B
:10F3E000089845190BF050FA002821D0A668E26869
:10F3F000D8F81830DDF820C0300BB44403EB020E0F
:10F40000F445C6F30B0118D2029A9DF804303A4431
:10F41000C0B20BF073FA0028DBD1A1680898039AF8
:10F4200041182F48A160521E4068016851180160C0
:10F4300076E6D168022008702CE09E1B9619029A8D
:10F44000B3B23A44C0B20BF059FA0028C1D1A06857
:10F450003018A06034232248406801687618761E70
:10F46000066009AAE768002101200BF02AFA9DF83E
:10F4700035000B9E3F03FC28ABD0012100910022F8
:10F480000F9B4FF48051380E0BF010FBB0423FF44D
:10F4900045AE9EE7C4F810906561002023B0BDE83A
:10F4A000F08F30B500220E4B02E0A4689C60521C25
:10F4B0008A4212DA0C24544304442588192DF6D1CB
:10F4C000A588012D06D0052DEFD0062D04BFA46818
:10F4D000DC60ECE7A4685C60E9E730BDED89002002
:10F4E00058860020E87D002054290020482900206B
:10F4F000B07D002043433133783252314F414420B4
:10F500004E564D311EF1EE0B1CB5DFF8144C206445
:10F51000E17319200FF2F1021921F5F759FF0021CB
:10F5200001910091002364220FF6E91104F16400B7
:10F53000EEF796F9606400F040F80FF6E51104F17B
:10F540008800EEF78DF9A06400F037F80FF6E111AE
:10F5500004F1AC00EEF784F9E06400F02EF80FF649
:10F56000F51104F1D000EEF77BF9206500F025F8E5
:10F570000FF6ED1104F1F400EEF772F9606500F09A
:10F580001CF80FF6E91104F58C70EEF769F9A06527
:10F59000002300200190009041F288320FF6D9112B
:10F5A00004F59E70EEF75CF9E06500F091FC00F068
:10F5B0006FFCBDE813400BF05FB900230020019001
:10F5C000009064227047F8B50D4616463C21DFF8DE
:10F5D000502B0446B6FBF1F7D7822846EEF76AF9BE
:10F5E000012804BF2846EEF76CF93C2101FB1766A1
:10F5F0004FF47A70464331462046EEF764F92846C8
:10F60000BDE8F240EEF754B92DE9F04F89B0054658
:10F61000F5F7DAFE0024007D00F06AFC01282FD106
:10F62000D5F800E0DFF8606B9EF81400317888426E
:10F6300002BF696801F00300012808D1C1F380000E
:10F64000002840F0C782C1F3C00008B98124C2E29B
:10F65000DFF8387BE87A796AD7F82CA07A6BBB6B35
:10F66000D7F830C0DFF8288B58B102286CD00528B5
:10F6700000F0EA80072800F0D581092800F05D82BB
:10F6800060E0298A891E082901D98024A3E2DFF8D5
:10F69000040B0178002955D09CF80000002851D1B6
:10F6A000E968087891F8018011F802CF91F801908B
:10F6B00011F802AF0CEB092C91F801900AEB092923
:10F6C00011F802AF91F801B00AEB0B2A91F802B0E1
:10F6D000C9780AEB0B4A0AEB016A9EF81510E9B1EA
:10F6E00088B111881FFA8CF28A42CFD1012804DD3B
:10F6F00019881FFA89F28A4223D1022803DDB86AE9
:10F7000001688A451DD000F0C7FCC0B2642290FB9E
:10F71000F2F2642101FB1200804512DB796B8DF857
:10F7200000406A460888ADF80400B86B0188B86AE2
:10F73000ADF80610016802912868811D3078FFF746
:10F740000BFC48E2012446E2288A0D2818BF012854
:10F750009BD19CF800000128F5D0EE6816F8010B4B
:10F760008DF80400002860D13478707804EB002014
:10F77000B41CADF808002678607806EB0020ADF8E0
:10F780000A0014F8026F607806EB0026A07806EBFA
:10F790000046E07806EB0066201D0396047890F89A
:10F7A00001E004EB0E298478C07809EB044404EBF3
:10F7B00000600490BDF80A401888844202BFBDF87A
:10F7C000080012889042C3D1CAF800600022049851
:10F7D000B8610A603A7301208CF8000038462A6844
:10F7E000911D0C22E8F758FB082202A907F5B0701A
:10F7F000E9F722F8F86B0288B86D414600F0D3FBB8
:10F800002868C188ADF800100022ADF802206946D2
:10F81000F87BEEF7F5F807F1F4042046EEF74AF826
:10F82000012804BF2046EEF74CF80320E9F70EF854
:10F8300040B13621017000219DF804204270817092
:10F8400000F0C6FBFF24C6E19CF800000128FAD1B5
:10F85000D5F80CE01EF8019B8DF800900EF1010B1D
:10F860009DF80000002807F1D00970D1288A0E28E1
:10F87000FFF60BAF9EF800C09BF800000CEB0020D9
:10F88000ADF804000EF1020090F800E090F801B02D
:10F890000EEB0B2EADF806E010F802BF90F801C099
:10F8A0000BEB0C2E90F802B090F803C00EEB0B4E51
:10F8B0000EEB0C6ECDF808E000F1040E9EF800B0DF
:10F8C0009EF801C00BEB0C209EF802B09EF803C01E
:10F8D00000EB0B4000EB0C6003909EF804008DF8E9
:10F8E00010000EF1050005901B88BDF80600984237
:10F8F00002BFBDF804001288904202BF0298DAF8F5
:10F900000020904227D10398096888429BD148463D
:10F91000EDF7D7FFB98A3C744FF6F7700140B98212
:10F9200005989DF81010FFF7E1FB5FEA0009386BBE
:10F9300055D10078022807D100F051F98DF8184010
:10F9400006AA2968891D55E0F86B028842E09728CD
:10F9500054D1288A0B287FF498AE9EF800109BF8AB
:10F96000000001EB00229EF802109EF8030002EB5B
:10F97000014202EB00620EF104000192017842782C
:10F9800001EB02238178C27803EB014303EB0263AE
:10F99000029310F8041F407801EB002202980199AD
:10F9A000ADF80C20401A0FD03C744846EDF782FFAA
:10F9B000012804BF4846EDF784FF029A0198121A05
:10F9C000786C07F16401ACE0F86BBDF80C200280A4
:10F9D00002F59672B86D414600F0E5FAFBE004705E
:10F9E000002000F085FA00F0FAF88DF8189006AAC9
:10F9F0002868811D3078FFF740FBECE095285DD149
:10FA00008CF80040002000F073FA3C744846EDF793
:10FA100051FF012804BF4846EDF753FF952000F041
:10FA2000EBF9D8E01188DFF87067ADF8001018889E
:10FA3000DAF8001034702E8A102E3FD1ED682E783F
:10FA400095F801E01B8806EB0E2E15F8026F95F86D
:10FA5000018006EB082815F8026F95F8019095F8DB
:10FA600003A006EB0929AE7809EB064606EB0A6906
:10FA70002E1D357896F801A096F802B005EB0A2500
:10FA800096F803A005EB0B4505EB0A6506F1040AA1
:10FA90009AF800B09AF801600BEB06269AF802B0CB
:10FAA0009AF803A006EB0B461FFA88FB06EB0A66E2
:10FAB0009B4502BF12881FFA8EF393427FF4E5AD97
:10FAC0009CF80020022A04D0032A0CD116F1010F61
:10FAD00029D04FF6FF7293421FBFBDF8003093420A
:10FAE0001FFA8EFE9E4576D11FFA88F393421EBF01
:10FAF00090421FFA88F282426DD119F1010F1CBFAA
:10FB000011F1010F894566D1B86C16F1010F07F1AB
:10FB1000880109D00022B54238BF721B04238CF83B
:10FB20000030FFF750FD56E003228CF800204FF420
:10FB30006162FFF748FD7C744DE0288A0D2818BFEC
:10FB40000128BBD19CF80000012844D0EE6816F8CB
:10FB5000010B00283FD1307896F801E01B8800EBBC
:10FB60000E2006F1020E9EF800609EF801801EF83D
:10FB7000029F9EF803B006EB08269EF8018009EB71
:10FB800008289EF8029008EB09481EF8049F08EB2D
:10FB90000B689EF801B009EB0B299EF802B09EF8A5
:10FBA00003E009EB0B49B6B209EB0E699E4202BFB6
:10FBB000128880B290427FF468ADCAF80080C7F81E
:10FBC00018900C6001218CF800102A68901D00F03C
:10FBD0002CF900E08324204609B0BDE8F08F08220C
:10FBE00001A907A8E8F728BE2DE9F841DFF89C45F0
:10FBF000207DC10785B04EF6602816D5E08A38B959
:10FC0000206B017801290BD1204600F00EF907E0A6
:10FC1000401EE0824246606C04F1640100F0C3F9CA
:10FC2000A18A4FF6FE700140A18204F5B076207DD6
:10FC3000DFF8545581072BD5E08A04F18807D8B93D
:10FC4000206B0078042807D003281CD1607C401C5E
:10FC50006074C0B2022803DD002000F0CDF812E08D
:10FC6000002000F0A0F800F099F8A06C4FF4616259
:10FC70003946FFF7A8FC06E0401EE0824246A06C31
:10FC8000394600F090F9A18A4FF6FD700140A1823B
:10FC9000207DC10613D5226B107858B90320E8F7F0
:10FCA000D5FD38B1362101700122002342708370E6
:10FCB00000F08EF9A18A4FF6EF700140A182207DFD
:10FCC000010716D5207C401C2074C0B20B2808DB2D
:10FCD000952000F068F800F061F8952000F08CF8AD
:10FCE00002E0204600F0A1F8A18A4FF6F77001402B
:10FCF000A182207D410721D5226B1078C8B900214F
:10FD0000606B8DF800106A460188A06BADF8041096
:10FD10000188A06AADF80610016828780291214692
:10FD2000FFF71AF9606D42F2107204F1F40100F06D
:10FD30003AF9A18A4FF6FB700140A182207D81062D
:10FD400007D5204600F071F8A18A4FF6DF70014018
:10FD5000A182207D41061DD54FF6FF71ADF8001040
:10FD6000ADF8021001204FF48271ADF80410A074B8
:10FD70008DF8060004F16001029100228DF80C203C
:10FD800004926946E07BEDF73FFEA18A4FF6BF7013
:10FD90000140A182002006B0BDE8F08128786A46C3
:10FDA0002146FFF76AB98DF800000822314601A804
:10FDB000E8F742BD38B5DFF86843A27C012A19D1C3
:10FDC0000178A9B9017999B10222227204F59E75D0
:10FDD00041882180427962722846EDF76BFD012847
:10FDE00004D12846EDF76DFD002060730021A17459
:10FDF000012032BD002032BD10B50446DFF88C036F
:10FE0000026B002111708069A62814BF38280124D4
:10FE10000320E8F71BFD38B1362101704470012240
:10FE20008270BDE81040D3E010BD18B587B004461D
:10FE300002208DF80000DFF8E802416B0A88816B30
:10FE4000ADF804200A88C16AADF806200A68416A44
:10FE500002920A68039209688269531A202B34BF00
:10FE6000511A20218DF8101041F28832C16B0B8895
:10FE7000ADF81A3000F1D001006D00F094F8DFF811
:10FE8000080300786A462146FFF781F808B010BDE4
:10FE900010B500F001F9DFF888420121A173E16992
:10FEA000B0FBF1F201FB12000A18E06C04F1AC01A6
:10FEB00000F079F80120607341F28832E06D04F5BA
:10FEC0009E7100F070F8DFF8D0120020087010BDAD
:10FED00010B5934C206AFF220421EDF70BFEA06BB6
:10FEE00041F23421018045F27862616B0A8010BDD5
:10FEF00080B5DFF89422117829B910700FF20D1136
:10FF0000E7F73FF801E0884201D1012002BD00205F
:10FF100002BD0000DFF87402818A41F0010103E0B4
:10FF20007F48818A41F002018182006CE8F72CB998
:10FF300010B5964CA08A40F00400A082A07B38B196
:10FF4000E169E06CEDF7BFFC04F1AC00EDF7B0FC4B
:10FF500024E000008D48818A41F00801E4E70000B8
:10FF60008A48818A41F01001DEE700008748818AD3
:10FF700041F02001D8E7000010B5694CA08A40F09C
:10FF80004000A082607B40B1E06D41F28831EDF726
:10FF90009AFC04F59E70EDF78BFC00BF206CBDE869
:10FFA0001040E8F7F1B870B504460D4616462846ED
:10FFB000EDF780FC012804BF2846EDF782FC3146AE
:10FFC0002046EDF780FC2846BDE87040EDF770BC98
:10FFD00010B50446A17811B1012906D010E060786F
:10FFE00070B901214FF4FA6008E0607818B9012077
:10FFF00000F05EF804E000214FF0FF3000F032F82E
:020000040002F8
:100000002046BDE81040E8F722BC000038B50546A0
:100010002020E8F7B6F904001CD034202070D5E980
:100020000123C4E9012329688888A081891D04F17E
:100030000E000C22E7F730FF2868017DA176686981
:10004000E17AE0610B2904BF2046FEF771FF2046EC
:10005000E8F7ABF9686918B1E8F7F9FB00206861C7
:10006000002032BD78B599B004460D46684664213B
:10007000EDF774FD02214548C07BADF81010012654
:100080008DF858608DF859508DF8086003946946D2
:10009000EDF79EFC1AB070BD10B5EDF7C5FE044635
:1000A000EDF7C2FE0006000C50FA84F080B210BDDD
:1000B00080B501289AB01ED10AF0E6FB01281ED1B6
:1000C00034230DAA00210AF0FCFB34220DA9684656
:1000D000E8F7B2FBFE208DF8100034236A460021B9
:1000E00001200AF00BFC0AF0E2FBEEF7B5F82B4911
:1000F00001200860FEE7042808BF0BF079FB1BB065
:1001000000BD2749486A411A080B090B090318BFAB
:10011000401CC0B2401C0003C0F5801070470000B6
:100120003C29002030B50023184A05E0A468D463B8
:1001300001E0A46894635B1C8B4224DA0C245C43CA
:1001400004442588192DF6D1A588092DF3D8DFE8B8
:1001500005F0080B0E05110514170706EBE7E5E798
:10016000E7E7A4681462E6E7A4685462E3E7A468DA
:100170009462E0E7A468D462DDE7A4681463DAE778
:10018000A4685463D7E730BDEE8900203C290020E5
:10019000542A0020ED890020588600207C05204349
:1001A000000000007FB500230293044602AA01214B
:1001B000E6F732F8E8B1029800F007000528A8BF7A
:1001C00000200299C1F3C1010329A8BF0021002228
:1001D0000192DFF87833029A0FF2D4350FF2BC3671
:1001E0000093C2F340136A5C56F82000082102F025
:1001F00097F80020029002AA02212046E6F70CF8A8
:1002000060B10298DFF84813029A0870B2F5807F57
:1002100014BF01200020DFF83C1308707FBD10B52B
:100220000446607900F07F0001F0D7FE48B16178A4
:100230002078E7F7ADFBE178A078BDE81040E7F75C
:10024000A7BB10BDF8B50E46C34905460878E5F7CB
:10025000FBFE0746307900F03F00787039787079FE
:1002600060F3060139703278BA706C78A40807D050
:100270002046E8F7EBFA786150B12146E7F708FE2F
:100280006A6830793146BDE8F84000F03F00104719
:10029000F1BD2DE9F14FB148417841F04001417085
:1002A00084B002F01EF84FF4B071AD48EDF756FC83
:1002B000A949AC4A00208346087000211078002527
:1002C00068B90498049A0078A64B401C1070187006
:1002D0000498049A0078A44B401C10701870FF20FA
:1002E0008DF802008DF8000000268DF80810E6F762
:1002F000D9FA99480378082B80F203819B48845DE2
:1003000054B95FEA0B0006D09DF80820E9B2E6F781
:100310000FF84FF0000BF0E0701C0828BABF9448AB
:10032000875D00279348944910F80680934811F898
:100330000690B0F829200123B340D0B218420CD067
:100340008E4AF1B2114408F03F004B7A03F03F03AC
:10035000984208BF4FF0010A01D04FF0000A062C66
:1003600018D149464046E7F713FB01214046E5F71F
:10037000BCFF0020029002AA0121F0B2E5F74CFF79
:1003800048F0800B052500B1029D734801788DF877
:100390000810B2E02146F0B201F054FE18B9204630
:1003A00001F09DFE60B1BBF1000F09D06A480378EF
:1003B0009DF80820E9B25846E5F7BAFF4FF0000B68
:1003C0003E2CE6DA0C2212FB04F26D481044039036
:1003D0000399087800281EBF6A498858002814BF6E
:1003E000012100216648431C9B5C13F0030F29D0B8
:1003F0009DF805208DF8008064F306028DF8052035
:10040000FF229DF805008DF8019000F0BFF806F07E
:100410003F0040EA83108DF804000006800F022898
:1004200004D18DF802208DF8022066E09DF80200CC
:10043000FF2818BF0A2FF6D000295ED06846FFF7C4
:10044000EEFE56E0FF270A2C18BF0D2C3AD19DF87E
:10045000051011F07F0F22D09DF805208DF8028045
:1004600002F07F020C214A4300EB02088DF8039052
:1004700098F8000000281CBFD8F80400002808D015
:100480000A2C04BF6846FFF7CAFE69464046FFF7DC
:10049000D9FE9DF8050000F080008DF805009DF85C
:1004A00004008009022807D19DF804008DF802702D
:1004B00000F03F008DF8040000202E492B4B88559A
:1004C00098551AE09DF804208DF8008066F3050227
:1004D0008DF804208DF801908DF802709DF80520AC
:1004E00064F306028DF805209DF8050000F04EF833
:1004F00019B103986946FFF7A5FE761C082EFFF692
:10050000F6AE58469DF80820C3B223B1124C2378AA
:10051000E9B2E5F70DFF1C49087808B101F037FF93
:100520000D49087840B90F48049B01784A1E1A709B
:1005300000210D4A11700170E5F7E8FE0748417887
:1005400001F0BF01417005B0BDE8F08F5D220200EF
:100550001E2900201F290020E28900200288002097
:10056000346F00207F280020802800207C87002016
:100570007D870020848700208C87002030230000A6
:100580005025000054250000E089002000F07F0085
:1005900040EACA108DF80500704700008025000071
:1005A000004B00000096000000E1000000C20100C6
:1005B000000102002DE9F0420D46DFF8081804465C
:1005C000087808B100F07BFDDFF8FC67317A8C42D7
:1005D0005CD2DFF8F80700EB040999F848008008BE
:1005E000202804D12046BDE8F0420BF018B90028BD
:1005F0004CD1375DB80606D42A4601212046FDF7C6
:10060000C5FF002842D199F81990B9F1000F3DD0EB
:100610003519B80622D5DFF8B8174878012202FA52
:1006200004F4204209D0287BC0F34102511E8941C5
:1006300000F0FE0040EAD1702873287BC0F341012E
:10064000032904DA4108491C61F3420028730021A0
:10065000287B00F007002873002014E001212046C9
:10066000ECF759F917F0060F10D0287B00F0F800CE
:1006700040F003002873BF0907F001014846E7F77F
:1006800047FA00210120BDE8F04289E0BDE8F08290
:100690002DE9F041DFF830170E5C720780467DD4FB
:1006A0000F1897F80CC0CCF34100002876D0DFF883
:1006B00020476378012101FA08F100205FFA81FEEA
:1006C000CCF3410213EA0E0F14BF0CF0010100211C
:1006D0004FEADC0311B1152B05DB03E0052B01DA32
:1006E000022A00DD01200025084206D0032A19D085
:1006F0004CF006003873042516E0022A05DDE37885
:1007000013EA0E0F18BF03250ED1002846D0012A88
:1007100005DDA07810EA0E0F02D0022504E01AB120
:10072000012501E0002839D009B900203873B3074A
:1007300004D5002200214046FDF728FF28002DD0D7
:1007400045F010070024DFF88C660EE0487842463A
:10075000904208D191F82830D80604D50B6A13B11D
:10076000E1B2F8B29847641CE4B231788C4207D207
:100770002C23DFF864266343D1180878C009E5D13B
:10078000012D05D1002201214046FDF7FFFE28B9C9
:1007900029464046BDE8F041ECF7BDB8BDE8F08120
:1007A0002DE9F84F4FF00008C146C2460025DFF89A
:1007B00018468DF801008DF8001041E0142801DA88
:1007C000700730D500223A730021E8B2ECF7A3F8A5
:1007D00029E0CA081F2A08DA9DF8000028B101F0B4
:1007E0000701521C41EAC2013973387BC1071AD58F
:1007F0005FEA090004D1FDF76AFF82464FF0010964
:100800001AEA0B0F0FD1397BC80801F0FE013973CA
:10081000B107D3D57207D1D400203873002200214C
:10082000E8B2FDF7B3FEE8B2FFF732FF387BC0F362
:10083000410020B116F0060F08BF08F101086D1C39
:10084000217AE8B2884214D22718265C397BC1F39A
:1008500041000028F3D09DF801000028E3D00120DA
:1008600000FA05FBB007B4D501F0070141F008011B
:10087000BAE75FFA88F078B1DFF8604520780821A0
:10088000E7F7A6FB40B9207864220821E7F770FB60
:100890000021C82000F025FC5FFA88F0BDE8F28F47
:1008A00038B5DFF824450D46A17A024609B9002083
:1008B00032BDDFF8280500780A420AD064220421FC
:1008C000E7F756FB0120607229460020FFF772FE11
:1008D00004E00421E7F750FB00206072012032BDE4
:1008E000F8B504460D46FFF7DBFF060018BF0126EA
:1008F000DFF8D47408E00120B040044203D0294658
:10090000F0B2FFF757FE761C397AF0B28842F2D384
:10091000F1BD2DE9F041FDF7DAFE80460027DFF852
:10092000C044DFF8C054DFF8A0641CE0C80618D546
:10093000217821EA0202227013E0E85DF15D0200F5
:100940000FD00122BA40CB07F0D512EA080118BF38
:100950000121420648BF81F0010181F00101E7F762
:10096000D7F87F1CFFB2307A8742E6DBBDE8F08122
:100970000846FDF7E0BEDFF858340D2206211020AE
:10098000E8F710B870B50246DFF83C04DFF84054D1
:10099000845C002041B110390BD043F6F176891BFD
:1009A0000BD0491E11D070BDE10710D4E00602D56E
:1009B00009E0E1070BD4022070BD2978012303FA76
:1009C00002F2114203D0012070BDA818407970BD19
:1009D000F8B505460520E7F739FF04001CD00122D1
:1009E0000FF22441E7F728FF661C0027F9B2601CCC
:1009F000C1EBC1017F1C415A2846FFF7C3FF06F82F
:100A0000010BF8B20428F1DB0221009105232246F4
:100A100007212846E6F717FFF1BDF8B50546DFF8D0
:100A2000B003002490F804E00126AE40F34300290F
:100A300046EA0E0700EB050C44D1032A46DAFF2AEA
:100A400003EA0E042AD1DFF88413B1F833203240D0
:100A5000224302718478B1F82F201C4032401443A5
:100A60008470B1F83120C4781C4032401443C47003
:100A7000B1F82D2044781C40324014434470B1F842
:100A80002B200478234016403343037005EB850088
:100A90000144D1F84D018CF805003FE0110007D169
:100AA0000771C178827819401340C170837035E0B6
:100AB000022A0471F5D1C178827831431643C1709E
:100AC00086702BE0102914D1032A01DB8720F2BDA8
:100AD000012A06DC07718178C47819401C408170B6
:100AE000C470022AC17819BF0B40C3700E43C67090
:100AF00014E044F20107B94212D111000CBF0421E5
:100B00000021B14C675D07F0FB0739436155012AAD
:100B1000017807BF0E4306700B400370012405E007
:100B200044F20200814208BF8CF80520FFF723FF42
:100B30001CB10021284600F011F82846FFF748FFB5
:100B4000A648007847F230522021E7F711FAA6486C
:100B5000018841F0100101800020F2BDF8B5024685
:100B600016469A48304490F84840437EC4F38505C1
:100B700023B12DB1100008BF202D01D00020F2BDFF
:100B8000934F012000FA02F23879D2B212EA000C37
:100B900004F00304604618BF01204FF0000E8DF8EA
:100BA00000E08DF800005FEA000E08D097F800E042
:100BB00012EA0E0EF44604D04FF0010C01E04FF0A3
:100BC000000C9DF800E00EF0FD0E4EEA4C0E8DF884
:100BD00000E050B197F800E002EA0E0EBEF1010C01
:100BE0006CEB0C0C4FEADC7C01E04FF0000C9DF844
:100BF00000E00EF0FB0E4EEA8C0E8DF800E0202D8A
:100C00000CBF082500259DF800E00EF0F70E45EA20
:100C10000E058DF80050032C18BF022C05D15D067F
:100C20004CBF23F0400343F04003002C14BF032CBF
:100C300004249DF800504FEA931C05F0BF050CF00A
:100C4000010C45EA8C1505F0CF058DF80050D0B9A0
:100C5000B878104201BFFD7815427D7812EA050090
:100C600000D001209DF8002042EA40128DF80020BB
:100C70009DF80000420902F0010282F0010240EA00
:100C800002108DF80000574883559DF800204E4B08
:100C90009A5501B10C700120F2BD2DE9FC4101A86B
:100CA000E7F734FE4A4C23460D2206211020E7F7D1
:100CB00036FE002638B900940D23002206211020AC
:100CC000E7F792FE00B30D212046E7F7E1F83F4831
:100CD000B0F82F10A170B0F83120E270B0F82D10EC
:100CE0006170B0F833202271B0F82B102170002110
:100CF00001EB81028318D3F84D216318491C0829A0
:100D00005A71F5DBFFF737FE00242F4FDFF8D48050
:100D10000DF10501E0B2FFF721FF90B318F80400D0
:100D20008DF80400611C3D5DE80709D41CB128075B
:100D300058BF397207D5B87A10B90122A240BA72E9
:100D40002807397200D4761C9DF8040000F03F009B
:100D5000282813DA9DF805109DF80400E6F73CFEFC
:100D6000AD0905F001059DF8040085F00101E6F7E5
:100D7000CFFE9DF80400FDF769FC02E0002008F8B2
:100D80000400641C082CC3DBF6B2002E14BF08203C
:100D900000201649164B0A78164C02F0F702104351
:100DA000087001201449154A0870126818782178D3
:100DB0001043084303D0124801680A430260BDE8AB
:100DC000F3810000EB8900202885002030230000FB
:100DD00018860020E2890020346F00207D28002042
:100DE0001485002018850020B48900200288002086
:100DF0001E010020DE8900201685002020850020AD
:100E000098870020FDF7A5BC04000030000000001A
:100E100010003000000000014020000000000240EF
:100E2000200000000000704770B507F0B5F90446D7
:100E3000314801780A070BD5FF2221460020FFF731
:100E400097FD2E48007819224FF48051E7F790F86B
:100E500000262B4D0BE02B48310600EB115359684F
:100E6000214003D01A7ADB6800209847761C297845
:100E7000F0B28842EFD370BD0146234807F08EB927
:100E8000014622480278530703D5012000FA01F1F8
:100E9000F3E77047002900D17047F0B5184C25786A
:100EA0000C2D08DA174F07EB05166D1C30707160BA
:100EB0003272F3602570606801436160F0BD38B53F
:100EC00084B0ECF794FE114D0446287841070ED407
:100ED000684607F02BF90021029103916A460C49FC
:100EE000094807F02BF9287840F0040028702046C4
:100EF000ECF7AEFE05B030BD028800207D28002052
:100F000094870020807600204C7F0020E789002015
:100F1000290E02001A2007F03DBD70B54B4CE7F7D3
:100F2000F0FC207004F12C050220A0740F21484A27
:100F300021712970697004F1660610784549E071E5
:100F40000A784548627000220178A17001200121D1
:100F5000E172B07105212173607322813F49887865
:100F60003F49A0730A783F48228201783E4AE174E3
:100F7000002110782176207504F11C0100224FF623
:100F8000FE70C1E90022E0826083A08404F1390090
:100F90003649FBF701FD002068750F2131700322EF
:100FA0003348727004F16E030178324A317110785F
:100FB0003149F07001200A787271B070022200216C
:100FC0008920E7F74FFD08B1002030810020F9F7B4
:100FD000E3FD0020708170BD704780B5E12918BF26
:100FE000F12907D112F0300F04D0E7F78AFC00F0A6
:100FF0000700801C02BD21490878002800D07047F6
:1010000080B500214FF6FF70F9F739FC4FF0FF3142
:101010000120F9F791FB4FF4DC710820F9F78CFB04
:101020004FF47A711020F9F787FB64212020F9F73B
:1010300083FB4FF47A714FF48050F9F77DFBBDE8E4
:1010400008400F4A28213520E7F7C9BC347A002030
:1010500041310020403100203F31002068860020CF
:101060003A3100203D3100203E310020782D002013
:10107000F5890020F489002042310020F989002000
:101080008C82002010B5114C201D0AF063FC211D3C
:1010900000200AF03FFC206041F288310AF063FC36
:1010A00001462068BDE810400AF05ABC10B5074C54
:1010B000206818B10AF02BFC0020206010BD034806
:1010C0000068002818BF0AF01FBC7047488600203F
:1010D000C04A0146507800281CBF0220F9F7CFBB58
:1010E000704738B5044611B1BA4900208880200005
:1010F00008BF64244FF40061B74D2878E6F768FF15
:10110000A04209D200F083F928782246BDE8384091
:101110004FF40061E6F72CBF31BD00210020E0E76D
:10112000F8B5AC48AD4F00218180C1800020E5F7C3
:10113000DFFAE5F740FBAA480078002600250628DC
:1011400042F2107401DB0A280CD1387881060CD5E4
:10115000787800F00105400758BF49F6404485F013
:10116000010602E006280DD0012601212046FFF7E6
:10117000B8FF15B1E5F70CFB00B10EB1ECF7E6FADC
:10118000FCF755FD3878797800F0DF00387001F011
:10119000FE017970F1BD92480178052907D9891FB0
:1011A00001290DD9891F09D0891E07D00AE08B4B70
:1011B0005878410706D44FF4E17004E0962002E02D
:1011C000012000E064208349488070472DE9F04702
:1011D00004462005814E7F4F40F1E280814AB98864
:1011E0001078491C00B10021B980B88879888842FC
:1011F000C0F0D0807C4A1088002840F0CB80707806
:10120000317800F0DF0001F07F01707041F02001C3
:1012100031700120E5F76CFA71490878062801DB86
:101220000A2803D1E5F7BFFA012400E000246A4D43
:1012300000F0EDF8E5F7C8FA48B9787838B134B974
:1012400028780A224FF40061E6F792FEBEE0287883
:10125000DFF89891DFF898A14FF40051E7F76DF9A6
:1012600028780221E5F7F8FA0020FCF7A9FC002C09
:101270004FF0000858D05F495F4A012008700121F3
:101280001078E7F75AF9E5F741F8E5F70BFBE5F7D2
:1012900042FB0446B8680022A04203D204F1780160
:1012A000B96001227178387801F0FE011143717044
:1012B0000346DAF80010D9B14EF66026B1FBF6F11C
:1012C00089B201B901213D2900DA08B90B460AE0CB
:1012D0004AB10A28B4BF012105210818C1B2B529B5
:1012E000A8BFB4200346D9B24EF6602000FB01F837
:1012F0003B700020FFF7ECFE4046E5F779FAE5F792
:10130000D1FAE5F708FB041B08D028782021E7F77D
:10131000D6F800F075F80021B98038E028784FF44D
:101320000061E7F7CCF832E0DAF80000B0B12878D5
:101330004021E6F74DFE5FEA000807D1DAF8002009
:1013400028784021E6F714FEDAF800802B48804523
:1013500004D9317841F0800131708046E4F7D6FF3E
:101360000120FFF7B5FE4046E5F742FAE5F79AFAA5
:101370000020FFF7ADFE3078C00902D001213220F5
:1013800018E028782021E7F79AF800F039F8FFF7FD
:10139000C4FE03E000210020FFF7A3FE012016E0B9
:1013A00031788A060DD5C80909D001F07F01317066
:1013B00032200121FFF795FE6420B88006E0FFF798
:1013C000AFFE1CB101210020FFF78BFE0020BDE81D
:1013D000F08700001C8700207D2800200288002064
:1013E0007C280020E3890020BE890020B4890020E9
:1013F00010880020C02C0020BE2C0020002E93025C
:10140000B9F8000040F00400A9F8000070472878FF
:101410004FF40061E5F720BA38B504460D460121C6
:1014200000F03FF850B1012D09D1002201219DF8B3
:101430000000FDF70BF80CB100F036F831BD2800C4
:1014400002D100220021F2E7022DF7D10022022171
:10145000EDE71CB5040022D000F022F8F8B19DF8A9
:101460000010DFF8C4060144487AC0B191F8380092
:10147000800814D19DF8000000220121FCF7E6FF4E
:101480009DF90000DFF8A43664214C43012181401E
:1014900018782246C9B2E6F76BFD00F005F813BDD7
:1014A00000216846EAF7DDBE9DF80000002100F04B
:1014B00034BDF8B507460D4614461E46380018BF21
:1014C000012F10D1012C0DD1DFF864160A78521CBF
:1014D000D3B243F69820072BA8BF41F288300A7098
:1014E00000F07FF974E0FFF7DBFF08B90120F2BDDF
:1014F00040F605318F4208BF012D04D19DF8000050
:10150000002868D066E09DF80000DFF81C160A1875
:1015100092F838108908062F0DD1022C1CBF507A82
:10152000002853D09DF8000000F08CFD00284DD01D
:10153000002D4DD04EE0072F18D1507E002845D009
:1015400092F84800800841D1280018BF102D07D01C
:1015500044F201018D421CBF44F20200854239D1A0
:10156000302E18BF202E33D08720F2BDDFF8C415EF
:10157000095C142F09D1DFF8C025107828B19DF837
:101580000000002818BF05291ED019B3012C16BF72
:10159000002C01200220002100E0491CDFF89C35CE
:1015A0001C78CAB2A24215D2CDB22C23DFF8902506
:1015B0005D432A449DF8003054789C42EDD192F866
:1015C0002810014204D101E0022C01D08120F2BD9B
:1015D0000020F2BD8620F2BD2DE9FF4780460C4673
:1015E00016461F46002103A8EAF73BFE00286DD0EF
:1015F0009DF80C2021460C9C002A04BF40F60533C0
:10160000984513D1012952D1022E18BF8F2007D13E
:101610003878812803DB00F07F00082801DB872071
:10162000AFE000220021FCF75DFBA1E00125B8F14D
:10163000120FDFF810A508D104B12580012EF4D1D6
:1016400000F0C7F818BF012027E0B8F1060F19D144
:10165000DFF8D404104490F838108908022E1CBF1B
:10166000407A002803D0104600F0ECFC002800F07F
:10167000998004B12580012E7AD100F0AAF818BF14
:1016800001200AE0B8F1070F11D104B12580012E25
:1016900005D19DF80C00FFF775F9387068E0022E4F
:1016A00066D13A789DF80C00FFF7B7F960E0DFF8F3
:1016B0008404835CB8F1140F07D1DFF87C542878D8
:1016C00018B1002A18BF052B64D0002B58D04FF05A
:1016D0000009DFF868548A4614E0022E10D19CF805
:1016E0002800810754D502940197022000905346A8
:1016F000DCF824C0424600215FFA89F0E047B8BB1D
:1017000009F1010929785FFA89F0884238D25FFA35
:1017100089F22C23DFF828045A4300EB020C9DF8D1
:101720000C009CF801108142EAD1012E18BF002E56
:10173000D3D19CF82800C107CFD54246002564B11B
:101740005FEA0A0118BFBAF11C0F04D0BAF1550FB5
:1017500002D1042500E0012525800294019700961E
:101760005346DCF8248000215FFA89F0C04708B1B5
:10177000002006E0012E08BFBAF11C0F04D138701A
:10178000012004B0BDE8F087002CF9D02580F8E7EF
:101790008820F6E7022E05D127B12AB1184600F0BD
:1017A00049FC08B98120ECE7394611F8010B002803
:1017B000DED00246002000F086FEDFF88C130878A9
:1017C0000028D5D00122DFF88413002000F07BFE32
:1017D000CEE79DF90C009AF80010854015EA01004B
:1017E000704780B5DFF8681308800121FFF779FCA6
:1017F000BDE8014038B5DFF85C13087808B1FFF7A1
:101800005EFCDFF85423DFF85443DFF84453537889
:1018100020782988A9B143F0200353704FF47A72DD
:101820000121E6F7A5FB20784021E6F7D1FBE8B1DE
:101830002A8890421AD22078BDE838404021E6F745
:1018400097BB03F0DF0353704021E6F7C1FBB0F50F
:101850007A7F05D920784FF47A724021E6F788FB29
:101860002078BDE834400121E6F786BB31BD000099
:101870002DE9FE4FBA4A1C7810444FF0060990F843
:1018800005B0270018BF012706290CBF4FF001083B
:101890004FF000080C9D0B212846FF26E6F7F8FACA
:1018A000ABF10C02032A4FF0FF0A4FF4407053D8FB
:1018B000DFE802F0021F1F3C042C20D8DFE804F010
:1018C0001503060609000026022788E000260027E7
:1018D00085E00020287085F801A00121A9704FF053
:1018E000080905270426E97079E003274FF0080965
:1018F00030E081466CB3012C02D0042C0BD06CE09C
:10190000BBF10D0F0CBF02270527012028701921FC
:101910000526697063E0BBF10D0F0CBF012704279A
:1019200001202870042685F801A058E0814684B182
:10193000012C02D0042C03D04FE04B270B2601E0F2
:101940004B2709260120287085F801A00021A970E5
:1019500045E04727022642E0B8F1000F03D1012CF1
:1019600018BF002C40D1BBF1010F05DC0026BBF1F4
:10197000010F09D1022707E0ABF120000E2803D2A6
:101980004FF4A06906262F70B8F1000F01D1012C89
:1019900023D1ABF10200042816D2BBF1040FB4BF6F
:1019A0000227062706264FF00809BBF1020F16BFD3
:1019B000BBF1040F0020012028701920687085F801
:1019C00002A085F803A00AE0ABF10600062804D2C5
:1019D0000527B9460326A87001E0FF2E04D0019820
:1019E000A0F80090029807703046BDE8FE8F000016
:1019F00070B5FF24049D0C380FD040F2F636801BE2
:101A000037D0C01E40D0C01F01284AD91E3848D048
:101A100040F2DA66801B4ED07FE055297DD192EDF1
:101A2000000A85ED000A002B01D1107908B95F206A
:101A300070BD5079B0F1250110D00C39082915D9A5
:101A4000103911D0891E07D00D3909D0891F09D04E
:101A5000491E08BF2F2460E03E245EE01D245CE0A8
:101A600035245AE0052458E0032456E000F13804F8
:101A700053E0002951D1105E00EE100AB8EEC00A02
:101A8000DFED270A3E2409E0002946D1108800EE48
:101A9000100AB8EE400ADFED220A1D24C0EE200A2B
:101AA00039E0002939D192ED000ADFED1E0A6024E9
:101AB00060EE200A2FE04FF48070091A0CD0C91E86
:101AC0000CD0C91E0CD040F2FF30091A0CD0C91E30
:101AD0000ED0C91E19D020E0505E06E0505E08E02E
:101AE000505E2F240A2107E010880524642103E0BA
:101AF000108803244FF47A7190FBF1F100EE101A74
:101B0000B8EEC00A85ED000A07E0505E00EE900ACC
:101B10000324F8EEE00AC5ED000AE0B270BD000053
:101B20000000C84200247449302300007E280020B1
:101B3000E68900207C870020E0890020E2890020DF
:101B4000346F0020E18900201F2900201E29002079
:101B5000BE890020EB890020028800207D2800201B
:101B6000188600200246DFF8C80300784021E6F717
:101B7000FFB938B5DFF8BC43257805F0030545EA21
:101B800080052570491C607861F3460005F0FD056D
:101B9000607045EA4305DFF8983325708021187896
:101BA000BDE83840E6F7E4B938B5491C04461546A7
:101BB000C9B2E4F777FA002808D4C1B22B464FF433
:101BC00096722046FFF7D5FF012032BD002032BDBE
:101BD000DFF8640370B508440C4690F83860407A2A
:101BE0001546A8B1B108204600F02CFA20B9B1087A
:101BF000204600F05DFA58B1DFF840030278012179
:101C0000A140114018BF01212A462046E5F7B5FD45
:101C1000012070BD2DE9FE4F0446C948C94D00782A
:101C2000C34E88461746062818BF07280FD0FF2C3A
:101C300009D1307847F230522021E6F799F9298806
:101C400041F008012980C04A107800280BD0DFF845
:101C5000FCA29AF8011030788A0605D541F2883244
:101C60004021E6F785F94DE129884FF6F7721140DA
:101C7000298004BF2021E6F77FF9FF2C0CBF002547
:101C80002546FE2CA6BF072101910194FE2CA94EEA
:101C900030788DF8008008BF850832D0FF2C1ED127
:101CA00000F0030040EA850000F0FD0000F02CF990
:101CB000019A95420CBF0120002001F0FE01014372
:101CC000717009F059FEE9F7E9FF40B9E4F723FE26
:101CD00040F61161884202D39D4A0020107087B9F6
:101CE0009DF80080019C2F4605E00022F9B2404695
:101CF000FFF76EFF7F1CF8B28442F6DA8DF80080A1
:101D000001942C46DFF84C9200E0641C0199E0B28B
:101D10008142C0F2BB80072800F3B8808E490A5C7C
:101D2000002A18BF082AF0D0062A1CBF3C2A202A05
:101D3000EBD08A49737811F80080C3F3450000BBEB
:101D400000252C27DFF808C200E06D1C9CF800106D
:101D5000E8B2884280F08980784309EB000191F86D
:101D600000E00EF07F0E964501BF09F1010E1EF84E
:101D700000005FFA84FE7045E7D189784145E4D1DF
:101D800000E0451E6DB2002D6FD42C20684309EB96
:101D90000008C3F3450020B13078810701D4C207A1
:101DA0001FD498F8040048B13178880706D401217F
:101DB000E8B2E4F7A1FA98F805708FBB307840F0EC
:101DC00001003070D8F818305BB14FF4FA7002900F
:101DD00002AA9DF80010E8B29847002838D002986F
:101DE00050BBD8F81C20002722B19DF80010E8B2A3
:101DF0009047074698F8040040B1681CC0B2E4F769
:101E0000A5FA18B90021E8B2E4F776FA002F6FD0EE
:101E10003878002869D09DF800804FF0000B5DE015
:101E20006420474301233A46E9B2E0B2FFF7A1FE3E
:101E3000002107F5FA7063E002460023E9B2E0B240
:101E4000FFF797FE029800F5FA70002180B257E084
:101E5000327802F0FE0232702946520802F0010286
:101E6000E0B2FFF7A1FE00284CD1317801F0030168
:101E7000317001F0FE01707800F0810070703170F7
:101E8000C1077FF542AF00F0FE007070307800F0BF
:101E9000030000F039F89AF8010040F008008AF8D1
:101EA0000100E4F733FA244890F83610C80647BF1B
:101EB00000214FF4FA600021C82021E05FFA8BF185
:101EC0000C22381D51434218CDF800805FFA8BF385
:101ED000E9B2E0B2E5F762FC0BF1010B39785FFA89
:101EE0008BF08842EAD38DF800803846E6F7AFFCE5
:101EF00000222946E0B2FFF757FE0028B5D001E0E6
:101F0000FFF7EFF8BDE8F78F307000F0FE00717852
:101F100001F081017170307070470A4608490978F4
:101F2000072918BF062902D10146002050E6704754
:101F30007D280020BC89002030230000E18900209A
:101F40007C280020B48900202E3100200288002047
:101F5000E2890020346F00207C87002084870020E5
:101F60000300002013F0030F09D0521E22BF13F804
:101F7000010B11F801CBB0EB0C00F3D0704711F05E
:101F8000030F14D1121F22BF53F8040B51F804CBD6
:101F90006045F7D0121D0AD200BA9CFA8CFCB0EB57
:101FA0000C0038BF6FF0000088BF01207047521E40
:101FB00022BF13F8010B11F801CBB0EB0C00F6D0E7
:101FC000521C08BF104670470A281CBF06280D285F
:101FD00001D10120704700207047172818BF18282A
:101FE00010D01F2818BF1C280CD01D2818BF262869
:101FF00008D0272818BF282804D032281CBF2E2834
:10200000332801D10120704700207047152818BFE0
:1020100016280BD01B2818BF1E2807D0222818BF4F
:102020002A2803D03B2818BF2C2801D10120704753
:102030000020704780B5052802D0FFF7E7FF00B108
:10204000012002BD80B50A0002D000F003F800B103
:10205000012002BD70B50D4604460C2D18BF212D80
:102060001ED0232D18BF082D1AD0352D18BF372D9F
:1020700016D00D480178A94207D32E460C200B4BF1
:10208000464398190189C8040AD42946204600F01D
:102090000FF828B93A2D05D1204609F08BFA08B976
:1020A000012070BD002070BD769D0200502500000B
:1020B00080B5192918BF1A290DD0142918BF36293F
:1020C00009D0282918BF382905D03A2905D109F0A7
:1020D00071FA022801D1012002BD002002BD202892
:1020E00018BF03280CD0042818BF292808D030288E
:1020F00018BF2B2804D02E281CBF3C282F2801D124
:1021000001207047002070472DE9F043AA4E87B0A8
:10211000347A012C814612DD0121A8483172007801
:10212000072818BF06280AD1651EE9B239B1082070
:10213000E6F78CFB5FEA000803D100203BE00120BA
:1021400039E00821E5F7A4FE9D480570012188F8D3
:1021500000100E2208F1010141230A808B70C1F8A2
:102160000300012202208DF818008DF819200027A5
:10217000944801889448ADF81A10ADF81070019792
:102180004346017802914A1C02700120039000909E
:1021900014228E48007804A9F3F726FC20B1FBF73F
:1021A00034FDB9F1000F01D0012700E03472404640
:1021B000E6F74DFB384607B0BDE8F083F8B50546B5
:1021C00001291CBF0229042903D0F1BD5F7002213F
:1021D0002172284600F06BF90028F6D001226946EA
:1021E000284600F068F9744C94F909000028F0D4EE
:1021F0002278207A724BD60708D59DF80070667851
:10220000B74208BF0128E1D00128E2DD9DF8006057
:102210001E54401CC1B28129207213DA910704D5E3
:102220009DF80020A1788A42D3D1411EE07818B1F0
:102230008142CED3014601E0080003D062680AB1B2
:10224000581C904701202072C3E713460A465A499A
:102250004872C1E90023012008727047F8B5491E91
:102260000129044601D9C91E3AD10027544E524DC6
:1022700002E00020FFF748FF204600F018F9F0B117
:1022800001226946204600F016F9E87A20B19DF84F
:102290000010AA7A9142ECD0297A9DF8002072545D
:1022A000491C2972C9B2802907DB10B90120FFF748
:1022B0002BFF012028720027DEE70127DCE7FEF76D
:1022C0002CFF6FB1E87A40F6B8324FF4007118B9BC
:1022D0004FF496724FF480713D480078E5F748FE60
:1022E000F1BD10B5344C216951B92C20E6F7AEFA96
:1022F000206110B90120207210BD2C21EBF72EFCBB
:1023000001202072206950B1001D09F0BDFB206939
:10231000304B012101704FF41652C261836210BD2F
:10232000F8B5254F0C46396900292FD0069E01F1DA
:102330001C0544EAC204EE6044EA43143E7BB44206
:1023400004BF7E69B04221D078613C732860012BC4
:1023500007BF0120687100236B71012A1CBF022A8C
:102360000022AA71079888B11B48026832B11B4845
:10237000036833B100210420984702E0002000F0F8
:102380005EF8BDE8F2400A2000F0CCB8F1BD10B50F
:10239000094C206900281CBF007800280AD00E498B
:1023A000086838B900F01CF82169BDE81040002029
:1023B00000F045B810BD0000142900207C28002042
:1023C000A07800202C310020E4890020E089002042
:1023D0007D2800205D22020004870020088700205D
:1023E00070474048016800291CBF0878002805D0C4
:1023F0008A6A1AB13C4B186804211047704710B51F
:1024000041680A6852F8404F09F014FE600615D57D
:102410003449096800291CBF087800280ED0886A52
:1024200000281EBF30490868002807D02F480078D0
:10243000BDE810404FF00051E6F741B810BD38B587
:1024400002220A71012300220B764A71091D264CD3
:1024500009F08EFB002201002060626026D0244833
:10246000006858B1027A530702D502698A4203D044
:1024700000680028F6D101E0C0686060E5F780FEE2
:1024800022681C49A06010680C30EBF7C2FB25687D
:10249000284609F080FD686809F094FD284609F097
:1024A00075FC2068BDE8324009F0ACBF31BD0E4874
:1024B000006809F0C3BF80B50B480068002309F02D
:1024C000D4FF80B202BD1CB5002000906B46064CC4
:1024D000206809F0DCFF08B1002016BD009880B22A
:1024E00016BD000024290020048700207D2800203C
:1024F000782F0020FF23020080B5E4F711FB0022B3
:10250000064BE3F7A5FF0022054BE3F7A1FF09F017
:10251000C5FFBDE80240401EEBF7A6BE00004840E4
:102520000000D03F10B5044603E04FF47A70FFF787
:10253000E3FF2046441E80B20028F6D110BD4FF0C4
:10254000FF3070471CB5CAB94279130016D0037C1E
:102550008B4234BFCC1A5C1AA4B26243FF2392FBB5
:10256000F3F293B253B10B0016BFFF2901230023EE
:102570000024009492B200F0C8F813BD02B0BDE888
:102580001040012212E038B504460D4600F09DF8D7
:102590000DB1617C05E0A07C002182075CBF207C3E
:1025A00060742046BDE838400022CBE72DE9F843AF
:1025B000064691467269B47C8DF800103174640946
:1025C000B07C00F0FE00B07404F0010492F9021037
:1025D00084F001044FF0FF0800291CBF9DF80000A3
:1025E00000280ED0081800B2B0F5807FA8BF8DF883
:1025F000008006DA002846BF00218DF800108DF813
:10260000000050789DF80010884226BF1078814263
:102610008DF8000054B19DF8001006F1080009F093
:102620005BFF06F1080009F051FF05E0B3681BB13C
:102630006A460021304698479DF800000027002593
:10264000022802DA8DF8005004E0FE2803DB8DF842
:10265000008001270125B07C010707D534B1B1788E
:1026600085F0010206F1080009F053FFB07CC106B5
:1026700048BF87F001075CB1B0783946E5F734FA16
:1026800015B1B07C010703D506F1080009F018FF69
:10269000DFF80C47317C25787078FBF7CBFEB9F179
:1026A000000F02D0C822042108E02078854207BF2D
:1026B0004FF4FA6201214FF4FA720221F07C00F02B
:1026C0000F00E3F765FDBDE8F18370B50546012114
:1026D0006E69E87C746800F00F00E3F778FDE87C31
:1026E000022100F00F00E3F772FD6CB12046E6F71F
:1026F000AEF8002070606422E87CBDE870400421E0
:1027000000F00F00E3F735BD70BD2DE9F843044636
:1027100008980D469146984648B18DF80050694694
:10272000204600F051F89DF8000000B16074267C4E
:10273000B54203D12046FFF7C8FF43E067697868D8
:1027400060B91020E6F782F808B9002518E00021EA
:10275000002200238C4680E80E1078604FF47A71D6
:1027600032464A4342600570B542827B39BF751BD1
:1027700002F0FE02AD1B42F001028273EDB24D4346
:10278000642000FB09F2142192FBF1F080B20028D2
:102790001ABF4FF6FF7290420120616949688A7B37
:1027A000888102F0FD0242EA48028A73B5FBF0F02C
:1027B00000B9012088601422E07C012100F00F00A4
:1027C000E3F7CAFCBDE8F1834069406858B1807BFB
:1027D000820708D50878FE2808BFFF2002D001280C
:1027E00001D10020087070472DE9FC41884616464B
:1027F00043462C21DFF8A0254B43D41802286569F5
:1028000004F1080708D1E878820704D406F0010132
:102810002046FFF7B8FEA7E0012822D00028FAD111
:10282000700714D5B97A480611D5397A787A01EB50
:10283000002292B20092F87AC0F3011001280CBF76
:102840000121002160786B460422E3F7C9FDE069AD
:10285000002805D0607806F001020021FFF7DAF9C0
:1028600082E0B00747D50123DFF83815E0560A7833
:1028700083401A421FD0F97A01F03F008909491CB0
:1028800040EA81100106890F0329F8720BD100F08C
:102890003F00F8722046E97841F00201E97001F04A
:1028A000010100F06FF8F87A6422022100F00F00B5
:1028B000E3F752FC1BE0E978480706D5C90801F0A8
:1028C00001012046FFF75FFE09E0880707D501F008
:1028D000FE0201F0010181F001011143E970F87A73
:1028E00000F03F00F872E87800F0FD00E870E8784A
:1028F00000F0FB00E870F00736D5616948680028F1
:1029000032D0818909B1491E8181818919B9007844
:102910008DF8000015E0817BCA0703D54268816805
:102920008A1802E0436882689A1A4FF47A7142600A
:10293000B2FBF1F18DF800109DF800200078824282
:1029400007D169462046FFF73FFF2046FFF7BDFE4F
:1029500004E0142201214046E3F7FEFB9DF800103D
:1029600001222046FFF722FEBDE8F3812C21DFF88B
:102970002824484311184869406808B10078704716
:10298000087C704770B5054600262C7C59B9FF2C91
:1029900008BF002409D02146C1F1FF011429ACBFB2
:1029A0001434FF2407E014B9FF24012603E0142C9B
:1029B000B4BF0024143C6C74FFF787FE3246E1B2CA
:1029C0002846BDE87040BDE510B5827C4369940798
:1029D0001BD5D20916D0DA7842F00402DA7001B1C0
:1029E000082102F0F7020A43DA704FF49672C37CB2
:1029F00003F03F03C3740221BDE8104003F00F0051
:102A0000E3F7AABBBDE81040BDE5BDE810400021DA
:102A1000B8E77CB504462C20DFF87C53444305F12D
:102A200008010E19082A02D0142A03D03EE018002B
:102A300002D03BE0552B39D10699080034D00798D5
:102A400002291CD1082A03D1002B2FD1017809E0DB
:102A50000C2A08BF552B29D190ED000ABDEEC00A03
:102A600010EE101AB07A820703D5307A08B9717265
:102A70001AE00122C9B22819FFF798FD14E00129D4
:102A800014D1552B08D1317A00EE101AB8EE400A55
:102A90008DED000A042204E043B9317A8DF800106C
:102AA00001226946E4F7B5FA012076BD002076BD23
:102AB0007FB52C21B84A484310440024012500F179
:102AC00010060294019500962023407800220821E8
:102AD000E4F735FD002004B070BDF0B5002500E03E
:102AE0006D1CAE4E3778ECB2BC421BD25FFA85FC4F
:102AF0002C26A94C16FB0CFC6444277807F07F07B2
:102B00008F4204BF66788642EAD11D7060694068D2
:102B1000002814BF0078207C010018BF012111702B
:102B20002046F0BD0020F0BD000000002DE9FE4F62
:102B300006460D46904699460820E5F787FE0400B4
:102B400000F028818DF800508DF801600821E5F72C
:102B50009FF9DFF848A2904A9AF8000003462C211A
:102B60004B43D1184E69E3F76FFA05469DF80070A4
:102B70008D4800BF95A110F807B06F701422287817
:102B800000F07F00287085F802B09DF8010000F089
:102B90007F00287005F11800E5F78EF9EE606C6192
:102BA00001228248C15DE9709AF80000E97C9DF934
:102BB000006060F30301E97402FA06F69DF8010073
:102BC000F6B219281ABF1A2801200020A97C784AD9
:102BD00001F0DF0141EA4011A9741378334205D0B6
:102BE000127916EA020002D0012000E0002001F074
:102BF000FD0141EA4001A974FF2788072F7405D51C
:102C0000674A1378334204BF00222A7401F0BE01E0
:102C100041EA88114FEA9B1001F0EF0100F001003A
:102C20006F7441EA0011A9740020B8F1000F0BF095
:102C30003F0B01901AD0E87CC0F3011001280CBFB3
:102C4000012100219DF8000001AB0422E3F7B1FB54
:102C500028B1019828740199090A697406E0E87C92
:102C60006422042100F00F00E3F783FAA87C8107B7
:102C700005D54B480278324204BF00202874002159
:102C80002170677001915FEA89711BD5E87CC0F300
:102C90000110012816D09DF8000001AA0121E3F7D8
:102CA000BBFA78B10198000A20700199090C617093
:102CB00020786178884202D30020207067700198E4
:102CC000000EA0700020019001AA9DF800000221D2
:102CD000E3F7A2FA00281CBF0198002809D0687108
:102CE0000199C80505D5A87C81075CBF40F082002A
:102CF000A8749DF8010019280CBF01240024A87CA9
:102D0000810636D4E9785846E4F742FE00264FF0B3
:102D100000084FF00F09200008BF4FF0030904D04E
:102D2000A87CC1064CBF282630269DF80000CDF8AF
:102D3000048001AA0121E3F76FFA20B10198C1B222
:102D4000894528BF8046A87C00F0F70040EAC4000F
:102D5000A87433465FFA88F205F10801584609F075
:102D6000E5FB002816D4042803DC9AF90010114A68
:102D700011549AF80000401C8AF80000297841F0AC
:102D800080012970A87C810604D4297C0022284671
:102D9000FFF70CFCBDE8F78F346F0020E2890020BC
:102DA000E189002014850020848700208C87002082
:102DB00018860020A42A002010B54C790146E209AB
:102DC00004F07F00BDE810400223AFE600000000E1
:102DD000B12A0200E9270200132A020003000000C2
:102DE00010B5DFF85436DFF854461988207841438F
:102DF000FF22DFF84C06EAF77DFEDFF848060FF207
:102E00008D010FF25D02416082600FF2ED210FF241
:102E10005952C16002610FF295510FF2BD524161EA
:102E2000826100220FF2E951C161027010BD70B5DC
:102E30000021DFF80C260E2600E0491CDFF8FC45D7
:102E40002578CBB2AB4206D27343D45CFF2CF4D1CD
:102E50000170D01870BDFF210170002070BD00000E
:102E600010B500200021DFF8D82508E00E234B43E1
:102E7000D45CFF2C02D013445B79C018491CDFF8E6
:102E8000BC351C78A142F1DB80B210BD2DE9F04FBA
:102E90000D4685B00746287A93469846012818BF04
:102EA000032808D1002F18BFFF2F04D0032808BF24
:102EB000BBF1000F01D1002099E00A2201A8E5F73B
:102EC000BBFC8DF80EB000F0DFF9284600F007FAE1
:102ED0000646287A0024012806BF4FF0010AA346BF
:102EE000A2464FF6FE7086424ED08DF8018000203B
:102EF000DDF83890DFF84855DFF84C8500E0401CDD
:102F0000DFF838150A7890423ADA0E234343EC187A
:102F100021788F4204BF62789245F0D161888E4259
:102F200004BF22799345EAD19DF8016025464FF010
:102F3000000A074611E0DFF8000502882346B9B20F
:102F40000220E5F72FFD39F81A00D8F80010ADF887
:102F5000100091B101A888470FE0B24545DA39F871
:102F60001A10284600F04FF838B939F81A102846D8
:102F700000F07AF80028DED100250AF1010AECE71A
:102F80006846FFF754FF040030D0277084F801A092
:102F9000668084F804B0DFF8B4049DF80110067868
:102FA0008E4288BF0E46002709E039F81700D8F88E
:102FB0000010ADF8100009B101A888477F1CB74286
:102FC000F3DB667172004946A01DE5F735FC9DF8FC
:102FD0000010DFF8642412880E2041436B189DF81E
:102FE00000100220E5F7DEFC00E02C46204605B08C
:102FF000BDE8F08F80B5DFF840140988FF22EAF7BA
:1030000079FD012002BD10B568B1002200E0521C1C
:103010004479D3B2A34206D200EB4303DC888C424E
:10302000F5D1012010BD002010BD30B500281CBF17
:103030004279002A16D0831D00240DE045796D1ECB
:103040004571EDB23DB90DE000EB4405ED888D42D0
:10305000F4D023F8025B641C9442F5DB407908B19C
:10306000012030BD002030BD10B568B1DFF8DC3381
:1030700042791C78A24207D200EB4202D18041790A
:10308000491C4171012010BD002010BDF8B50D464E
:103090000446287A1646012808BF2A8803D0284605
:1030A00000F0BCF802464FF6FE70824221D00023A9
:1030B00005E0012804BF4888824218D05B1CDFF875
:1030C0007C0301788B4214DA0E20DFF874735843C6
:1030D00039180878A042F1D12F7A4878012FE8D02A
:1030E000002801BF488882420F79B742E6D10846DE
:1030F000F2BD0020F2BD000070B50446207A012820
:1031000008BF258803D0204600F088F805464FF612
:10311000FE70854220D0002617E0002804BF4888B2
:10312000A84211D10846FFF765FF0DE00E21DFF838
:103130001003227A71430144012A4878EDD1012815
:1031400004BF4888A842EDD0761C00F006F8EDDBFD
:103150002846BDE8704043E070BDDFF8E00201782A
:103160008E4270472DE9F04105468846002700262B
:10317000B34C0BE00E214843225CAA4205D14146E4
:103180002044FFF740FF00B17F1C761C00F009F9D6
:10319000F0D3B8B2BDE8F0812DE9F04781468A4608
:1031A000904600260025A64C01E0761C6D1CA34924
:1031B0000A78E8B2904211D20E235843215C494567
:1031C000F4D1271851463846FFF71DFF0028EDD0EF
:1031D000F0B24045E9D33846BDE8F0870020FBE770
:1031E0001FB54FF6FE72904217D094490B7800221B
:1031F0000CE00E21924C51430C446178012904D01B
:10320000002904BF6188814207D0521C9A42F0DB3A
:1032100003D100F032F805F04FFC1FBDF8B50421D2
:103220008DF80010027A022A02D100F07AF804E048
:1032300000F051F8684605F0B6FC6EE038B584B091
:103240000422ADF80C008DF800200C46684605F00D
:10325000E2FC050005D00320207201A92046F9F701
:103260009BFB284605B030BDF8B500F006F805F028
:10327000D2FCBDF8020005B000BD0422ADF80C0080
:103280008DF80020684670471FB56E4C207808BB4B
:1032900004218DF800106E48C18AADF80210F7F7CE
:1032A0007FF900F018F8684605F0DBFCF7F785F9C0
:1032B000BDF8021088421CBF4FF6FE72904207D044
:1032C000ADF8020001A8F7F77CF9684605F0C9FCE3
:1032D000012020701FBD014601A805F08DBBF8B587
:1032E00004218DF80010017A022903D100F019F8A9
:1032F00098B907E0032909D1FFF7EDFF684605F00B
:1033000052FC50B9684605F0ACFC06E0012914BF38
:103310004FF6FE700088ADF80C00BDF80C0005B04B
:1033200000BD0188ADF80210684605F003BCF0B599
:103330000146002000220023414C4FF00E0C00E01B
:103340005B1C3E4E3778DDB2BD420AD21CFB05F550
:10335000665DFF2EF4D01646721CF6B28E42EFD197
:103360006019F0BD0000000070B533490D88284693
:10337000E5F76CFA040012D0FF222946EAF7BAFBFF
:10338000002606E023462A46F1B20220E5F7C7FAF6
:10339000761C00F006F8F5D32046E5F758FA002031
:1033A00070BD26490A78F0B2904270471FB5FF22DF
:1033B0000E21684601F080FE002407E01E480288C6
:1033C0006B46E1B20220E5F7EDFA641C1B490A786E
:1033D000E0B29042F2D31FBDF8B500250026184C8C
:1033E00010E00E277743E01900900022124803886E
:1033F000B1B20220E5F7F8FA18B9E05DFF2818BF6E
:103400006D1C761CFFF7A9FEEBDBA8B2F2BD000035
:1034100070B500240A4D084E08E00E23634332883D
:103420002B44A1B20220E5F7BDFA641C03480178E1
:103430008C42F2DB70BD00004A8F0100F21B0300DA
:10344000C47F00202083002008880020F31B030095
:10345000347A0020F8B505460F4616461420E5F7E5
:10346000F5F9040019D0DFF84C15486820604C606D
:103470003220207301226560A7606273A273266107
:10348000287850B1F12808DA4868DFF82C15086070
:103490006068F9F7C1F8616848702046F2BD10B560
:1034A0000446207800F024FA08B1022010BD002262
:1034B00000212046FFF7CEFF08B9102010BD0020E4
:1034C00010BD38B5DFF8EC345A68BAB154682578C5
:1034D0001168854204D15960104609E00A46194630
:1034E00051B14C6825780B688542F7D113600846C6
:1034F000E5F7ADF9002032BD022032BD012032BD1A
:103500002DE9F04105460E461746984600F0FCF9B5
:10351000040011D00620E4F734FF01000CD0FD2098
:10352000087081F801808D708F80CE70606800789F
:10353000BDE8F041E4F748BFBDE8F081F8B50546C5
:103540000E46174600F0E0F9040013D00820E4F717
:1035500018FF01000ED00798069AFE230B704870E2
:103560008D70CA700E71CF8060680078BDE8F4403D
:10357000E4F72ABFF1BD2DE9F74F0746DFF8340421
:10358000446838780E9EDDF83CA000F00C000C2852
:1035900098464FF0FE090BD1B888FE2106F040FC9A
:1035A000FE28814603D000F0AFF905000BD196E06C
:1035B000B878FF2802D1002CF9D08CE000F0A4F9F3
:1035C000050000F08980287800F092F904460E96F4
:1035D00007E000F099F90500E9D0287800F088F9B3
:1035E0000446A2684FF6FE763AB129780220904749
:1035F00030B10688E5F72BF902E0A86800B14688EB
:1036000039892878B14207D010B9002950D103E098
:103610004FF6FF7291424BD197F802B0B8703869FB
:103620000090387D3030C0B2E4F7ABFE06003DD0EC
:103630001A203070B9887180F888B080B01D019967
:1036400000F0BEF9F878F07329783175387B707521
:1036500098F80010B17598F80100F07598F802100C
:1036600031769DF8340070760E99F1619DF8300046
:1036700086F82000798BB18578897082BDF80810B2
:103680003182387DB08486F82EA0B08C40B106F12E
:103690003001B162B28C0099B06AE5F7CDF800E074
:1036A000B062686800783146E4F78EFE87F802B0B1
:1036B000387800F00C000C2807D1B888494606F08D
:1036C000AFFBFE28814684D109E0B8780E9EFF2822
:1036D00005D124681CB16568002D7FF478AFBDE882
:1036E000F78F2DE9F8430C008AB09146984635D003
:1036F0000646307A149D8DF8020028070FD5317ADE
:1037000002292BD1F6F755FF01463088884206D0B2
:103710000322012102F036FF08B1CD20C1E0307A4A
:10372000022818BF0F2814D13088F7F7E0FB60B1EA
:103730000F203072307A8DF80C00307A03280FD1C8
:10374000314601A8F9F728F90DE0307A0F28F1D1B8
:1037500004E003281CBF01280028EBD00220A0E0D1
:103760003088ADF80400A807924F04D54FF6FF71DA
:10377000ADF814101BE00020ADF81400786800E0EC
:10378000006878B14168A142FAD18268100009D07E
:1037900021780220904750B10188ADF81410E5F768
:1037A00056F804E0A06810B14088ADF8140000207D
:1037B000ADF81C00E80607D59DF80C000F281EBFC9
:1037C00001280420ADF81C00280605D5BDF81C0012
:1037D00040F01000ADF81C00680609D5BDF81C10BB
:1037E00041F00101ADF81C1001218DF8011002E03B
:1037F00000208DF80100680705D5BDF81C1041F0C8
:103800004001ADF81C1000218DF80010A80647BF3C
:1038100004218DF81F1038788DF81F00139D2B7828
:103820001598129A8DF81E3021788DF80E10737A43
:103830008DF820008DF80F30ADF81290ADF816809D
:103840000692207800F054F800281FBF0169002973
:1038500001A88847684600F071F8404507D25748EC
:10386000016811B101A8884704E0022603E001A81D
:10387000F3F790FB06469DF80C0002280BD1F6F7F3
:1038800098FEBDF80410814205D12978207833468E
:103890004A46FFF735FE300002D12878401C2870D8
:1038A00030460BB0BDE8F083F8B584B004460D4651
:1038B00016460E990F9A20881F4602F017FC010049
:1038C00010D19DF834009DF83010039002913B46D2
:1038D0000B980A9901900091324629462046FFF73D
:1038E00000FF03E005280CBF0220102005B0F0BD4A
:1038F00001463048406800E0006800281EBF42686A
:1039000013788B42F8D1704780B5FFF7F1FF00B113
:10391000406802BD38B504460D462846FFF7E8FF6B
:10392000002140B1826822B129460120904701213F
:1039300001E0406880682060084632BD10B501781B
:1039400001290CBF08240024401CF3F74FFC041B82
:10395000E0B210BD17484168002001E00968401C32
:103960000029FBD1C0B2704770B5024611484068CB
:10397000002413460AE045682D780E0001D02E0081
:1039800003D0641C02F8015BE4B200680028F2D1A5
:1039900009E0195C5A5D8A423CBF1A5459556D1CA6
:1039A000A542F6DB3046A04202DA461C3546F7E770
:1039B00070BD0000681B0020941B00209888002028
:1039C00010B50446087A20720A7A032A03D12046E9
:1039D000F8F7E2FF01E0088820800021618110BD36
:1039E00010B50C46FFF784FF20B93220207001216A
:1039F000617010BD00F10C012046BDE810400222AC
:103A0000E4F71ABF10B50C46FFF772FF08B90220A1
:103A100010BD022221460C30E4F70EFF002010BD3D
:103A20001FB500F00DF8684605F01BF9BDF80C1045
:103A300001280CBF0020C820FFE7218004B010BD82
:103A40000223ADF802008DF80030144601A804F0FE
:103A5000D3BF1FB50C4602228DF80020014601A8F5
:103A600004F0CAFF684605F09EF8BDF80C10012866
:103A70000CBF0020C820E0E718B585B06946FFF705
:103A8000E8FF04000CD10220BDF800108DF80400FE
:103A9000ADF8101001A805F00FF8012818BF012497
:103AA000204606B010BD2DE9FE43DFF8A866716A16
:103AB00004464FF006084FF6FE7989B91220E4F764
:103AC000C5FE0028706256D000214FF6FF73851C9A
:103AD00008FB01F2491C20F80290AB520229F7DDE5
:103AE000002C48D101AB00F01FF900283CD1BDF8F3
:103AF0000400002838D0042836D200F06AFB0446BF
:103B00000027706A08FB07F508FB07F14319891CB9
:103B1000062289B24C20E4F7A5FFF8B9706A415B30
:103B2000494518BF002C19D0801C00941823415B14
:103B300000F023F8206900F2E93020610C23716A5B
:103B40008A1C515B0A465A432346B050B21860693A
:103B50005060182200F00CFC00F03EFB7F1C022F8E
:103B6000CFDD0CB100F03CFBDFF8EC350822002182
:103B70007120E4F777FFBDE8F78300220620E4F721
:103B800033BF70B500220A60DFF8C8355A6A7AB1CF
:103B9000002306259CB26C43165B864204D05B1C56
:103BA0009CB2032CF6D303E010190860002070BD0E
:103BB000C82070BD38B50C46002222606946FFF768
:103BC00048FFC82528B9BDF800002146FFF7D9FFF6
:103BD0000546284632BDF8B50C4615466946FFF73E
:103BE00038FFB0B9DFF86C05406A90B100210623B8
:103BF0008AB25A43BDF80070865ABE4204D0491CAE
:103C00008AB2032AF4D304E0104420602980002003
:103C1000F2BDC820F2BDB0B5DFF83825526A72B1E6
:103C2000002306259CB26C43145B844204D05B1CC9
:103C30009FB2032FF6D302E00B800020B0BDC82056
:103C4000B0BD2DE9FE4F05460DF102012888FFF7B2
:103C5000E2FF074600F0BDFA04000CD01821E4F79B
:103C600017F9688822461821E4F7B9FE4FF6FF706D
:103C7000688000F0B5FA4FF6FE7BA5F800B0002092
:103C8000002F28714DD1DFF8CC44BDF802A0606A46
:103C90004FF0060808FB0AF768B300F02AFB5FEA5A
:103CA000000928D000F03FF8002616FB08F0801C21
:103CB00080B2564509EB000506D1606AC11906229B
:103CC0002846E4F7B9FD0DE008FB06F1891C01ABBD
:103CD000062289B24C20E4F7C5FE062201A9284637
:103CE000E4F7AAFD761C022EDFDD4A4600F0C3FA97
:103CF0004846E4F7ACFD00F016F890B9606A48B1A8
:103D0000C15B594506D1BDF8000028B1411EADF890
:103D1000001001E000F0E7FA6A4602214C20E4F7C7
:103D20005EFEBDE8F78F6B46022200214C20E4F7CF
:103D300099BE70B500210160DFF81824516A91B175
:103D400000234FF6FE7606245C430D5BB54203D09C
:103D50005B1C032BF7DB06E0214401600020516A65
:103D60002144087170BDC82070BD1CB500F0FFF97A
:103D7000040004BF0098FFF764FF204616BD10B58D
:103D800088B00446F6F715FC2189814224D1606889
:103D900001900021ADF80810606802F01DFD0028B8
:103DA0001CBF017900290AD0042908DC407900F001
:103DB0000800401E8041C00F8DF80A0008E0F6F7A9
:103DC000F8FB2188814228D1002201928DF80A2037
:103DD00001A8F4F7F2FF20E0ADF80C1006AA606825
:103DE000049000F02AF80022694606A8F4F7ACF91E
:103DF000DFF83C070178012904BF9DF80000002886
:103E000005D100218DF8141003A8F4F7FFF9012063
:103E10008DF8140003A8F4F7F9F908B010BD01AA51
:103E20006946F4F791B980B5FFF73DFEFFE700F072
:103E30000BFEBDE80140F4F702BB0021AB20F3F715
:103E400018BA18B585B0002204468DF80420214622
:103E500002A8F8F7A1FDF4F7F9FA48B901A804F0AF
:103E6000A2FE012804D06A4621460020FFF7D8FDB3
:103E700006B010BD70B504468EB004F1160000F017
:103E800033FDDFF8F41A0878012818BF022828D17A
:103E900000208DF812000DF112011022012009AB53
:103EA00003910292019000930022142304A904209C
:103EB000E4F7B5FD48B1DFF8C40A006809AAFFF7C6
:103EC000AFFF0328ADF810000BD2082204F1160151
:103ED0000BA8E4F7B1FCBDF8101009AB142200F0F8
:103EE000D0FB04F11600FFF7ACFF2079012818BFC2
:103EF000062841D10021A21DCBB2D05C18B9491CC3
:103F0000CAB2102AF7DBC9B21029DFF8745A15D1EA
:103F100095F8410020BB05AA622100F025FC002194
:103F200005A800F07BFE002000F08FFE05A8002110
:103F300000220023002480E81E0011E06179DFF8F0
:103F4000446AA01D00F06AFE95F8410000281CBFDD
:103F50003178012904D1607900F077FE00203070BB
:103F6000DFF88C180A78052A5DD1DFF8200900787F
:103F70008021E4F7A4FA56E004282BD1DFF8085A90
:103F8000287801284FD109AA694604F11600F4F7F0
:103F9000DBF801469DF80000002844D001220023F0
:103FA0008DF834208DF835300A9309938DF836302A
:103FB000142209AB00F065FBA21D00F0F9FC10B95A
:103FC000A21D00F0FAFC0020287003210120E6F772
:103FD0002DFC28E0032826D1694604F11600FFF7DE
:103FE00038FD68B16A4604F116014FF6FE70FFF71E
:103FF00017FD00230022002104F11600F0F7C2FB98
:1040000000F014F9019838B901A8FFF792FE18B929
:104010000199BDF800000880A11D04F1160000F010
:1040200065F800F02CF90EB070BD1FB5044660882D
:1040300070B96946201DF3F79BF9012808D1F6F7FE
:10404000B8FAADF80800211D01916846FFF797FE08
:104050001FBD80B5007900F0F8FDBDE80140E9F72B
:1040600096BBF8B584B00446150001F00F0618BFE2
:10407000002C24D06B461022002140F20110E4F7FE
:10408000F1FC3746C7F110020DEB07012846E4F7B3
:10409000D3FB7F42EB193246694603F11000E4F787
:1040A000CBFB0020295C225C514029542A18215C5A
:1040B000137A4B402918401C08280B72F2DB05B01C
:1040C000F0BD10B588B00446102204A9684603F07C
:1040D00001F8DFF8B8080068694602F041FF01996D
:1040E00010222046E4F7A8FB08B010BD7FB50E46AD
:1040F00001AA02A9FFF76FFD050028D10299BDF8BA
:104100000400488000F065F8040020D00298009474
:1041100018234188FFF731FD102231462046E4F78D
:104120008BFB0020606120612346029841881822A1
:1041300000F01EF900F050F800F052F8029949889A
:104140000C20414303480022425001444A60284663
:1041500004B070BD64820020A48700201CB500F06C
:1041600005F8010004BF00990C7116BD0C466946A4
:10417000FFF720BD1FB5044601AAFFF75EFEF6F764
:104180000FFA014601A8F8F7F8FB90B101A9204603
:1041900004F064FC78B103A901A8FFF70BFD18B97E
:1041A0000398007940B104E0694601A8FFF751FC8B
:1041B00008B9012000E0002004B010BD1CB5FFF7D5
:1041C000D5FF010006BF009949884FF6FF71218095
:1041D00016BD1820E4F73ABB18212046E3F758BE75
:1041E0002046E4F734BB3EB515460C466A46FFF759
:1041F00017FC08B101203EBD00F018F8019838B94D
:1042000001A8FFF796FD78B90199BDF80000088074
:1042100029462046FFF76AFF01212046FFF79EFF4F
:1042200000F02DF800203EBD11203EBDBDF800007D
:1042300001A9FFF7A6BC38B500F05BF8040016D062
:104240001421E3F725FE224614214C20E4F78EFBCF
:104250000928054601D100F00DF8FFF7C1FFDFF88E
:10426000302708217120E4F781FB054300E00A258F
:10427000284632BD224614214C20E4F7B0BB2DE97C
:10428000FC410021ADF8001000F033F85FEA0008AF
:1042900027D0DFF80057686A00B300270626686A4F
:1042A00006FB07F4011917FB06F0801C80B20622FA
:1042B0004044E4F7C1FA686A015B4FF6FE7291422E
:1042C00001D000F010F87F1C032FE8DB02226946C2
:1042D0004046E4F7B1FA4246FFF7CDFF4046E4F727
:1042E000B6FABDE8F381BDF80000401CADF800004F
:1042F00070471420E4F7AABA3EB50020ADF80000DC
:10430000062101A8E9F72AFCFFF7F3FF04001BD000
:10431000DFF88016486AA8B10025062015FB00F0DA
:10432000801C80B2062201A92044E4F785FA6D1CA6
:10433000A8B20228F1D9022269462046E4F77CFAA5
:10434000FFF798FFFFF74CFFFFF743FF04000CD087
:104350001821E3F79DFD0025234600F007F86D1CAA
:10436000A8B20228F8D9FFF73BFF37BD1822A9B23F
:104370000620E4F717BBF8B588B0054601A8002170
:10438000C0E9001103A81421E9F7E8FBFF268DF826
:104390001C60002703AB1422B9B20420E4F7BFFA73
:1043A00058BB0C21DFF8F00579434418290006D0EA
:1043B00000F064F900202060606060721DE003A8D6
:1043C000009014230022B9B20420E4F70DFB082268
:1043D00001A905A8E4F722FA38B903980B30039035
:1043E0002060012004996160607200F047F9142197
:1043F00003A8E9F7B3FB8DF81C607F1C032FC9DB12
:1044000015B10020F3F7CBFD09B0F0BD2DE9F04167
:1044100088B00C46002106468DF8001004F1080013
:1044200004F0F8FAA12520B904F108013046F2F7AA
:104430005CFF03AA00F028F9DFF83C7501463878E4
:1044400040F203164FF6FF78012818BF022810D15A
:104450009DF8000068B901A80021C0E9001103AA75
:10446000FFF7DEFC0146414556D001208DF80000E3
:1044700005E09DF80000002818BF41454CD09DF88C
:104480001C20002504F12600C2B1012A06D0022A10
:1044900018BFFD2A21D0FF2A06D045E0397801292E
:1044A0002CD0022903D129E03978012901D0022931
:1044B00001D1012101706582A68235E0052161826A
:1044C000DFF8D8249DF81F1001F07F01A182117838
:1044D00001B101210170417026E00C20DFF8B82401
:1044E00041435018A16950F8042F914212D3491C3E
:1044F00001603878012818BF022804D14FF4817177
:104500006582A18210E0082205A904F11E00E4F7EB
:1045100093F909E0A22507E0387828B9E5F7F2FF1A
:1045200010B96082A6820025284608B0BDE8F08157
:10453000513100202DE9F8438AB00022ADF81A006D
:104540000C468DF8182004F1080004F063FAA12548
:10455000002800F0868001AA00F096F84FF6FF725E
:104560009042804640F2031676D045460C214D43DA
:10457000DFF8D8919DF8000009EB050778B39DF8A6
:10458000140098B1012806D0022816D0FD2818BFC3
:10459000FF2807D046E0DFF8E0130878012818BFAD
:1045A000022811D0A682002060823BE09DF817000F
:1045B00000F07F00A082052133E0DFF8BC03007823
:1045C000012818BF022803D14FF48170A08227E090
:1045D000082203A904F11E00E4F72EF922E00822C4
:1045E00004F1080103A8E4F727F9FF2101228DF85F
:1045F00014108DF81520E4F784F900F00F00002165
:104600008DF816000191029101AB1422414600F091
:1046100038F80C213846E3F73BFC01207872A6827B
:1046200000216182002020740A223968A1610A21D8
:104630003868401C3860B0FBF2F201FB120070B920
:1046400009F108010120DFF8582348554FF4806133
:104650001078E3F734FF02E0A68200206082002594
:1046600007E006A804F066FA012804BF06A804F0D3
:1046700023FA28460BB0BDE8F083000003AB1422F8
:10468000B9B20420E4F78EB9694604F10800F3F7E3
:104690005BBD70B58EB00546684600210022002340
:1046A00080E80E00F4F7D9F80024000648BF012482
:1046B000002606E000F052F810B90CB100F048F8FE
:1046C000761CB84801788E42F4DBFF22082101A84D
:1046D00000F0F2FC761E00F041F810B90CB100F0C9
:1046E00037F8182108A8E9F739FA08AA1821822012
:1046F000E4F73CF9002808BF012D04D108AA1821CD
:104700008220E4F76CF9112103A8E9F727FA03AA3C
:1047100011213A20E4F72AF9002808BF012D04D11D
:1047200003AA11213A20E4F75AF903AA11213B20E8
:10473000E4F71CF9002808BF012D04D103AA1121B8
:104740003B20E4F74CF90EB070BD0000D882002089
:104750006B460C22B1B20720E4F724B96B460C2259
:10476000B1B20720E4F7DBB81CB5044608462100C7
:10477000134628D13A2818BF3B2802D11022012124
:104780001CE040F20312904202D11022864909E057
:1047900068280CD178480078012818BF022824D155
:1047A000102282491846E4F747F8002016BDB0F5FC
:1047B000817F18BF622818D11022002102B0BDE805
:1047C0001040E4F74FB9052C05D1009301461023A2
:1047D0000022052006E0062C07D100930146102395
:1047E00000220620E4F700F916BD0A2016BD0000DD
:1047F000C02C002038B586B0044618216846E9F779
:10480000ADF900256B461822A9B20620E4F787F817
:10481000002808BF012C05D16B461822A9B206203A
:10482000E4F7C0F86D1C032DECDB07B030BD10B50C
:104830000446FFF72EFF2046FFF7DCFF2046BDE8C9
:10484000104098E57CB5FFF7C4FC04001DD000259E
:104850000C21504869434618327A012A0FD100943E
:1048600018230022A9B2FFF789F940B93068206106
:10487000234671686161FFF779FD002030726D1C7D
:10488000032DE5DBFFF7A8FC28E073BDBE2C00205C
:104890007CB5FFF72EFD04001FD000250C213E48FB
:1048A00069434618327A012A13D100941423002256
:1048B000A9B20420E4F798F858B93068206023467C
:1048C000716861601422A9B20420E4F76BF800203B
:1048D00030726D1C032DE1DB00E073BD2046BDE8A6
:1048E0007640E3F7B4BF00003EB500BF35A1040039
:1048F000D1E90023CDE9002308BF6C462246002100
:10490000AB20F2F7E2FC224D21462846F8F744F8A6
:104910002A4608217120E4F762F837BD18B58BB03C
:10492000182105A8E9F71AF905AA18218220E4F749
:1049300056F811216846E9F711F96A4611213A2023
:10494000E4F74DF86A4611213B20E4F748F80C499A
:10495000094A002081F841001078012818BF022878
:1049600007D1114C224600F023F810B9224600F07E
:1049700024F80CB010BD00005231002084880020C3
:10498000347A00208D1B00208E1B0020D058002080
:10499000A487002064820020D8820020F3890020B0
:1049A000BE2C00209FDE0200F42D0000E42D00004C
:1049B00010214FF48170E3F7D9BF10214FF48170BB
:1049C000E4F70DB8FFFFFFFFFFFFFFFF80B500F02A
:1049D00003F8BDE801401CE01848194B40220221B1
:1049E0004270017080211A78012A08BF88218170E5
:1049F000A0220021C1700171827182725021417127
:104A000000210289C17142F43052C17202810173E6
:104A1000704710B50120F5F7EFFE0A4C002814BFCF
:104A200001200220216860F30301216040F622008A
:104A3000216860F30F11216010BD0000688600201E
:104A4000F9890020388800200FF29D30DFF84416E5
:104A500008600FF21530DFF840160860704770B537
:104A600004006068A17800EB0105287810F00700C9
:104A700060702878C0F3C10020742878C0F3401615
:104A80000421681CE3F700FFA06105202077F6B23F
:104A9000012E0AD1207F05EB000114F10800F7F781
:104AA0007BFF207F0830207706E00821002214F1E8
:104AB00008063000E9F71EF8207C012805D1207F88
:104AC000285CA075207F401C207770BD70B5040065
:104AD000207F0D2801D1012500E000256068A17824
:104AE00008446178227C51EAC20151EA4511017003
:104AF000401CA169E3F7EDFE0600EDB2012D05D1E2
:104B000014F108013000F7F747FF0836207C012830
:104B100001D1A07D307070BD30B591B004006068E7
:104B2000A17800EB01052078002803D12000FFF7D1
:104B3000CDFF03E029786078014329700DAB2A7816
:104B4000A16914F1080000F000F9A0788DF80400C4
:104B5000207F8DF80500E0788DF8060060788DF8EC
:104B60000700608A00280CD1A08A40F20111884217
:104B700007D105AA94F8281014F11E00FFF771FA66
:104B800004E005AAA18A608AFFF7EEFD05A804905B
:104B9000FF208DF80000207C022803D100208DF832
:104BA000000005E0207C032802D102208DF80000DF
:104BB0009DF80000FF2807D009AB05AA0821684628
:104BC000F3F764FC09A8049063680DAA01A9207892
:104BD00000F0BFF90400287810F0F80028701021C8
:104BE000002209AD2800E8F785FF1021002205AD5D
:104BF0002800E8F77FFF2000C0B211B030BD10B52B
:104C000004002300112200213A20E3F72BFF0028A3
:104C100003D1DFF888040068606110BD18B585B065
:104C20008DF80010102201000DF10100E3F704FEE1
:104C30006A4611213B20E3F7D2FE112100226C4687
:104C40002000E8F757FF06B010BD70B586B005002C
:104C50001120E3F7FBFD0400002C4AD023001122B1
:104C600000213B20E3F7FEFE002839D12078EDB289
:104C7000A84235D11120E3F7E9FD0500002D2FD022
:104C80002B00112200213A20E3F7ECFE00281ED170
:104C9000220011213A20E3F7A2FE0120DFF80014E0
:104CA00081F84100DFF8F4633068DFF8F8138842D8
:104CB00001D300203060112221006846E3F7BCFDDB
:104CC000306805906A4618218220E3F788FE11219A
:104CD00000222E003000E8F70DFF2800E3F7B7FDB3
:104CE0001121002225002800E8F704FF2000E3F747
:104CF000AEFD06B070BD7CB50D001400069950EAFB
:104D0000C50050EA44100870481C1900E3F7E1FDA3
:104D10000600E4B2002C06D0F5F742FC010030009A
:104D2000F7F73AFE0836EDB2012D0DD13A236A4667
:104D300001210020F6F7A8FF002803D19DF800000C
:104D4000307001E00020307073BD70B50C001500AC
:104D50001E0001003000F7F71FFE16F108002100C9
:104D6000E3F7B7FD057070BD022110F0030011FAE2
:104D700000F010F01C0070477CB504004FF6FF7681
:104D800035003A230DF1010201210020F6F77CFFE6
:104D9000002824D120009DF80110C0B2884201D122
:104DA0003A251DE03B236A4601210020F6F76CFFFF
:104DB000002815D19DF80000E4B284420DD19DF881
:104DC00001009DF80010884205D29DF80000FFF711
:104DD0003CFF3A2504E03B2502E0350000E03500C9
:104DE000280080B276BD0000F8B58EB004000D003A
:104DF00016000E208DF805008DF804608DF8063041
:104E0000A748007B8DF8070001208DF808002000DE
:104E1000C0B2002834D13A2305AA11210020F6F7A8
:104E200033FF002829D10DF1150004909B4F3B68FA
:104E3000581C38603000C0B2284400900122012183
:104E40009DF80700FFF757FFF5F7AAFB01000AA836
:104E5000F7F7A2FD94480188491C0180934909682D
:104E60000088814202D33868012846D14FF400718E
:104E70008F480078E3F723FB3FE0002004903CE0FC
:104E80003000C0B22844407BFFF776FF010089B2B2
:104E90003A290ED13A2305AA11210020F6F7F4FE93
:104EA000002803D10DF11500049016E000200490B5
:104EB00013E080B23B280ED13B2305AA112100202C
:104EC000F6F7E2FE002803D10DF11500049004E08E
:104ED0000020049001E0002004903000C0B2295C62
:104EE0009DF8070001433000C0B229543000C0B221
:104EF0002844411D0AA8F7F74FFD04223000C0B234
:104F00002844411C0CA8E3F797FC3000C0B2285C91
:104F10008DF834000498002801D1A12017E02B005F
:104F20000AAA01A92000C0B200F013F80400300062
:104F3000C0B2285C10F0F800F6B2A855102100228B
:104F40000DF115052800E8F7D5FD2000C0B20FB01F
:104F5000F0BD2DE9F84F98B00C0093460025E168AC
:104F60000291267861788E19E178042903DAA17814
:104F70008E19002700E0A77898468DF80000E3F727
:104F800067FC0190E07800F07AF881463000C0B20A
:104F900040443900C9B200EB010A1022029914A85A
:104FA00002F092F89DF80010002928D1E178042938
:104FB0004DDB00284BD10BA807F04CFB14A80B903D
:104FC000CDF83080F6B211962078404461780844DC
:104FD0000D9020784044617808440E90FFB21297FB
:104FE000CDF83CB00D208DF84C00CDF840A08DF8E8
:104FF0004D900BA92F48006807F077FC27E0E17877
:10500000042924DB002822D102A807F023FB14A8DE
:105010000290CDF80C80F6B2089620784044617872
:105020000844049020784044617808440590FFB219
:105030000997CDF818B00D208DF82800CDF81CA0E8
:105040008DF8299002A91B48006807F050FC002841
:1050500000D005000198E3F706FC2800C0B219B0A3
:10506000BDE8F08F38B50B4D2C68002C05D0DBB2B5
:10507000D2B2C0B22C68A04700E0012032BD80B59A
:10508000054A1168002903D0C0B21168884700E0C2
:10509000002002BD688900206C8900206089002002
:1050A000347A002001000080DA890020E02D000021
:1050B000BE2C0020C858002062F30F2262F31F426A
:1050C00000B500BF130096469446103928BFA0E8EB
:1050D0000C50FAD85FEA417C28BF0CC048BF40F8AA
:1050E000042BC90728BF20F8022B48BF00F8012B6A
:1050F00000BD704780B5FDF773FE0FF29D10DFF81D
:10510000701B08600FF2DD10DFF8681B08600FF2FB
:105110009520DFF8641B08600FF2C120DFF85C1BEC
:10512000086001BD80B50021DFF8542B1170DFF855
:10513000541B0870DFF8501BDFF8500BF7F72CFCFE
:10514000DFF84C0B0078DFF84C1B0870DFF8480BD9
:10515000DFF8481B086000F0E2FB01BD38B584B001
:105160000D00280438D5DFF81C0B0078E3F77EF932
:105170000400002C2CD0A07F002805D1608C1328BF
:1051800002D1608800F058FD94F83110A01C00F0A6
:10519000E6FC002819D12078012810D1607E039008
:1051A00060690290E07C0190207E009014F1100371
:1051B000A289A11C14F11C00FEF7DDF905E020789E
:1051C000022802D12000F2F71EFE2000E3F7EDF8DE
:1051D00095F4004528002BE0A80707D50120DFF84B
:1051E000C01A087095F00205280021E0DFF8B40A23
:1051F0000078012807D1680705D500F0ACFB95F0D1
:105200000405280014E0280711D500F047FC002809
:1052100009D10020DFF8901A08600821DFF8640A3D
:105220000078E2F7A9FE95F00805280000E00020CC
:1052300005B030BD38B505006868007D1030C0B2DB
:1052400080B2E3F79EF80400002C23D002202070E7
:105250000020607028886081A87820736868007DCD
:10526000207214F11000606068680078800602D532
:105270000120607201E0002060726868027D686849
:1052800001696068E3F7D8FA2100DFF8F8090078CF
:10529000E3F79AF831BD000038B50D0011001A008F
:1052A000D2B2C0B2FDF7F2FE0400002C17D02900E4
:1052B00089B22000FDF7A7FE002810D0290089B28E
:1052C0002000FDF7B2FE002807D165882000FDF719
:1052D00091FE280080B2FDF783FF002000E0B4209B
:1052E00032BD00002DE9FE4306000D005FF0B3085B
:1052F00000275FF0000901E019F101094846DFF8D5
:10530000AC190978C0B2884248D24846C0B280B2CF
:10531000FEF70DF80400002CEED06079C7193000BC
:105320003900C9B280B289B28842E5D21821002280
:10533000A8464046E8F7DEFBF61B60798619F6B210
:1053400004EB4600C0886881F5F72AF901002800BF
:10535000F7F722FB6078012804D1012028756088C6
:10536000A88115E069466088FDF768FF00280FD026
:105370009DF8080028759DF80800032805D16946A6
:1053800015F10C00F7F708FB02E0BDF80000A8815A
:10539000207828722079A8755FF000084046C0B2D6
:1053A000BDE8FE8380B5827A120715D5827A92070E
:1053B0000ED5427B062A0BD00A00D2B2E92A07D0CA
:1053C0000A00D2B2CD2A03D00A00D2B2F02A03D109
:1053D000C9B200F0E5F900E0002002BD2DE9F94F67
:1053E00085B00F00914600245FF0000AF988F87834
:1053F000FDF7B8FE8046404680B2002800F0978056
:10540000397D4046C0B203F025F90400002C00F0BD
:105410008E80149EDDF84CB00022F988F878FDF7F4
:10542000BBFE0500F8786071F888E080B87D608187
:10543000002020723A7D3969E068E3F7FDF9A4F8AD
:1054400012B026755FF0000BCDF81090119E55E05C
:10545000688889F807006888FDF706FFA9F8020048
:1054600013E05846C0B204EBC00010F1160900204A
:1054700089F8000068780128EAD15FF0010A01206C
:1054800089F800006888A9F80200287989F80400E2
:105490003878400605D599F8060050F0020089F8E2
:1054A00006005046C0B200281ED1DFF80408B9F843
:1054B0000210C28A914217D199F80410B9700021E4
:1054C0000391129902913100C9B20191002100911A
:1054D000049B828C0599380003F0BBFC99F8060008
:1054E00050F0050089F806001BF10102D2B2F988DC
:1054F000F878FDF751FE05001BF1010B002D06D0D9
:105500005846C0B2414680B289B28842A9D3109DA4
:105510009DF81890200003F0BCF800943300DBB233
:105520002A00D2B24946C9B2380000F021F84046FC
:1055300080B2002801D0002C17D1F8788DF8030034
:10554000B87D8DF80400F888ADF806001FFA88F8D9
:10555000B8F1000F03D1B9208DF8080002E0102047
:105560008DF80800684603F06CFC07B0BDE8F08FCA
:105570002DE9F84F8CB08246894690461C0016985B
:1055800003F02CF80600169803F045F805003000EB
:10559000C0B2002801D10020FFE00027CDF800A014
:1055A0008DF806908DF805808DF8044073E098F82A
:1055B000060050F0080088F806006BE0B8F802001A
:1055C000ADF808008DF80AA00098007D8DF80C0059
:1055D00001208DF80D0002A8F2F758FC9DF81C0080
:1055E000002848D10598407D88F805000598A0F866
:1055F00016909DF805000599487698F80000002857
:1056000005D0DFF8AC0690F8680005990877169881
:105610004089059908851698408A05994885169805
:10562000007D059981F82C0016984079059981F83C
:105630003A0098F80400059981F83B000098C0886A
:105640000599C887009800890599A1F8400000983D
:10565000407D059981F849000098808805998887E0
:105660000098027D009801690598406CE3F7E4F822
:1056700002A8F2F758FC98F8060050F0010088F8EC
:1056800006009DF81C00002891D1E4B2002C00D047
:105690006D1E761E7F1C38001699097CC0B28842A8
:1056A00077D23000C0B2002873D016983900C9B242
:1056B00000EBC10010F1160898F80600C007E9D405
:1056C000002400212000C0B2002805D02800C0B26C
:1056D000002802D0012100E00121C9B20029D9D05F
:1056E0005FF0000A5FF008099DF80400002801D06F
:1056F0005AF0200A0C2100220DF1080B5846E8F759
:10570000F9F998F8000000281ED0DFF8A40590F8F9
:10571000680001280BD15AF0080A59F48059B8F8EA
:105720000200ADF80800FF2088F804004AE75AF0AC
:105730000C0A59F00409B8F80200009988804FF665
:10574000FF70ADF808003DE79DF80600002803D083
:105750005AF0400A59F002094FF6FE7BB8F80200F1
:1057600058457FF42BAF04208DF8200098F80700EF
:10577000ADF82C0008A803F04EFA0098A0F804B089
:10578000ADF808B000230022002109A8EEF7FAFFC7
:1057900018E70021169800F05EF80DB0BDE8F08F14
:1057A000F0B589B006000F000020307B02F0C6FF84
:1057B0000500002D01D100204BE074693800C0B213
:1057C000002805D10422317B280002F0D4FF13E029
:1057D0000822317B280002F0CEFF00280CD0002CDC
:1057E0000AD0FFB201976989C9B200910379428852
:1057F0000178A078FDF7A2FE002C29D0A088ADF892
:105800000E00E088ADF81000207A8DF81C00E868E2
:105810000690607B8DF81D003068006A0078316862
:10582000096A4978090251FA80F0C0F38112100028
:10583000C0B2002800D104220095237813F0200381
:10584000D2B2217811F0400102A8FFF791FE00E0EA
:10585000002009B0F0BD7FB501230124002219E02A
:10586000002416E01500EDB200EBC5052D7FED0715
:10587000F6D51500EDB200EBC5052D7F15F00C0F28
:10588000EED01500EDB200EBC5052D7F6D0700D5FC
:105890000023521C1500067CEDB2B542E2D3027A19
:1058A000002A17D1E4B2012C02D0C9B2012911D1CA
:1058B0000121017241798DF8031041898DF804109E
:1058C000C088ADF806008DF80830684603F0B9FAD4
:1058D000012000E0002004B070BD80B50121FFF779
:1058E000BAFF01BD80B50200100080B200280BD0C5
:1058F0000020DFF8AC13087092B20221DFF88403B5
:105900000078E2F735FB09E00120DFF89413087016
:105910000221DFF870030078E2F72EFB01BDF8B535
:105920000624DFF89053297861430022DFF888636A
:1059300037003800E8F7DEF8002006E04FF6FE7189
:105940000200D2B26243B152401C01002A78C9B2AF
:105950009142F3D3F1BD70B5002100252BE0012168
:1059600028E04FF6FE720623DFF84C432800C0B251
:105970005843205A90421DD02800C0B258432044BA
:105980002E00F6B25E432644B688761E8680280036
:10599000C0B25843204480880028E0D12800C0B21B
:1059A000584322522800C0B203FB00F304EB03006B
:1059B000002282706D1C2800BE4A1278C0B290424C
:1059C000CFD3C9B2002906D04FF4FA720421AD48F2
:1059D0000078E2F7CDFA70BD70B50500B54C2078BF
:1059E000002859D0A87C002856D06889F5F77FFA9E
:1059F000022802D0687900284ED0002000E0401C28
:105A000001002278C9B2914213D20621AA4AAB8979
:105A10000600F6B24E43965BB342F0D1EB7C060033
:105A2000F6B201FB06F1114489788B42E7D10020E0
:105A300033E0002000E0401C01002278C9B291420E
:105A400028D206219C4A0300DBB24B43D35A4FF6BF
:105A5000FE76B342EFD1AB890400E4B24C4313535A
:105A60000300DBB24B431344EC7C9C70C0B2484350
:105A700010440C218180834C04212078E2F7A8FA9D
:105A8000002805D14FF4FA7204212078E2F770FA69
:105A9000012002E0002000E0012070BD2DE9F84364
:105AA0000027DFF81882D8F800400025012680483A
:105AB000807B000734D4E3F76DF80600E3F767F85E
:105AC00046434FF47A70B6FBF0F1774A1068081A33
:105AD0007B4B1E88B04201D201203EE01E88B0FB05
:105AE000F6F6DFF8E0C19CF800E0B1461FFA8EFE42
:105AF0001FFA89F9CE4502D29CF80060FFE7B3F89F
:105B000000C0B0FBFCF30CFB13039BB2CB1A136079
:105B100006E06068C8F800002000E2F798FE4C46F6
:105B2000002C18D03000E178C0B2884203D2E0786F
:105B3000801BE07001E00020E070E078002806D1D2
:105B4000D4F80490002DE4D060686860E4E77F1C1E
:105B500025006468E4E7380080B2BDE8F28310B540
:105B6000564A1268037A022B01D0002018E0008800
:105B700000E05268002A0ED013880400A4B2A342A9
:105B8000F7D193780C00E4B2A342F2D14D480078EB
:105B9000D070012004E0C9B280B200F002F8002009
:105BA00010BDF8B506000F000021444D2C68286890
:105BB000002808D0491C01E0491C6468002C02D070
:105BC00060680028F8D14048008889B2814232D20A
:105BD0000820E2F73BFE00282DD006808770394967
:105BE0000978C170002141602968002901D06060F6
:105BF00010E028602E48807B00070BD4E2F7CAFF34
:105C00000400E2F7C4FF44434FF47A70B4FBF0F0B1
:105C1000254908602648807B00070CD5194C0821CF
:105C20002078E2F7D5F9002805D125480288082117
:105C30002078E2F79FF9F1BDF8B505001F4E3068F6
:105C4000002404E041683160E2F701FE38000028DA
:105C50000DD001882A0092B2914205D14768002CEC
:105C6000F0D041686160EFE704004068EFE7F1BD04
:105C7000888800208C88002090880020948800204C
:105C8000058A0020048A0020AC870020C4870020F9
:105C90004E310020068A0020A4870020848800203E
:105CA0005B310020F9890020A8880020F21B030046
:105CB000347A002031310020187B0020A488002095
:105CC00028310020503100202A3100202DE9FF41E9
:105CD00006000F001500F80709D54FF6FC76B80747
:105CE00002D557F010074AE057F0080747E039009F
:105CF000C9B2300080B200F0A0FCDFF82C43E18A8A
:105D000080B2884201D100208AE03A00D2B202215A
:105D1000300080B200F036FC002801D100207FE086
:105D20003B00DBB202224FF6FE71300080B200F081
:105D3000E5F8002801D0C72072E017F0DF077806E9
:105D40001DD4002002A9300080B202F087FE002896
:105D500002D057F0200712E0A18C300080B2F5F796
:105D6000BCFC040000280AD0A01C02F053FE00284E
:105D700005D0A11C02A8F6F70FFE57F02007DFF8A8
:105D8000784194F80080DFF8A00201210091C38AD5
:105D900000222178C08A00F0D6FA2178491C2170AF
:105DA000C0B200283AD1B80601D50E2000E0062086
:105DB0008DF8050001A8F5F76EF80400002C2BD033
:105DC0000120A077F4F7ECFB6062206901210170EB
:105DD00017F07801417080F80280C670B6B2360ABA
:105DE000067100214171B90603D502A9801DF6F79D
:105DF000D3FD4FF6FC7060802800C0B2002807D0A9
:105E00002800DFF8CC120978C0B2884200D2A5760B
:105E10002000F2F75AFD02E0102000E0C720C0B2D7
:105E200004B0BDE8F08110B5DFF8C8404FF48051F0
:105E30002078E2F7CDF8002804D00120DFF8941292
:105E400008701BE0DFF890020078012807D1DFF826
:105E50008C02027801210020FFF738FF06E0DFF80E
:105E60007C02027803210020FFF730FFDFF8700288
:105E700002884FF480512078E2F77AF810BDF8B527
:105E800007000C000125DFF860623800F18A80B25B
:105E9000884208D00023D2B2210089B2380080B2F3
:105EA000F5F757F905000021380080B200F0C5FB76
:105EB000F18A80B2884219D10021200080B200F01E
:105EC00001FB00280DD0817911F0180F09D04FF691
:105ED000FE71009143880022F18A008800F0C0FB27
:105EE00004E00121200080B203F018FF2800C0B2B6
:105EF000F2BD0000078A0020038A00202DE9F84344
:105F00000C0016001F0001004FF6FC7289B291428E
:105F100001D10020DAE0002180B200F08EFB804643
:105F2000414D4046E98A80B2884203D1780601D4C7
:105F30000020CBE03900C9B2404680B200F0C2FA7E
:105F4000002827D100214FF6FE7000F0BBFA002890
:105F500020D117F0180F3DD0002000E0401CDFF8E2
:105F6000BC1402000B78D2B29A4209D2DFF8A824FE
:105F70000300DBB202EBC302927912F0180FEDD1ED
:105F800002000978D2B28A4222D2DFF88C14C0B261
:105F900001EBC000A0F80080210089B24FF6FE722C
:105FA000914200D044808771F90703D5817951F07F
:105FB000040181713100C9B2012910D1012141715F
:105FC000817911F0180F07D046490978017114E062
:105FD00002207BE0022079E0297D01710DE041790A
:105FE00001290AD0817911F0180F03D03D490978B1
:105FF000017101E0E97C01714671F6B2012E64D1B4
:10600000A98C200080B2F5F74DFC00285DD1002658
:1060100000E0761C3000DFF808140978C0B288422E
:1060200053D2002103E000BF347A0020491CDFF87E
:10603000EC2308001378C0B2984212D2DFF8D803DC
:106040000B00DBB200EBC3004388DFF8D873B44623
:106050005FFA8CFC1C2000FB0CFC37F80C00834220
:10606000E4D11078C9B28142D3D11C2100221C276F
:10607000DFF8B0833000C0B2784308EB000948462F
:10608000E7F738FD3000C0B2784328F80040300010
:10609000C0B278434044A98C41813000C0B27843FB
:1060A0004044AA2181743000C0B2784340440121A9
:1060B0004174F6B27E4308EB0600DFF8501209780F
:1060C000491C022291FBF2F101740020BDE8F28329
:1060D000BB160300088A0020F68900204231002008
:1060E00062DB00007B140300347A00202DE9F041CC
:1060F00007000C0015002000DFF82C130978C0B24F
:10610000884201D3052080E0380080B200F081F899
:106110000600DFF85883300098F80010C0B28842BB
:1061200025D14FF6FE7000F074F80600300098F8A4
:106130000010C0B288421AD10026DFF8342311784B
:1061400001200EE00300DBB212F833308C465FFA18
:106150008CFC634504D20100C9B212F8311006006C
:10616000401C030098F800C0DBB26345EAD3DFF8B7
:1061700000834FF6FE703100C9B208EBC1014880C0
:106180003000C0B208EBC000406800280CD03000DE
:10619000C0B208EBC0004068E2F759FB00203100B4
:1061A000C9B208EBC10148602000C0B200281BD072
:1061B0002000C0B24000E2F749FB3100C9B208EB51
:1061C000C10148603000C0B208EBC0004068002840
:1061D0001DD02000C0B2420029003000C0B208EB40
:1061E000C0004068E2F728FB3000C0B208EBC000F6
:1061F00047803000C0B208EBC0004470DFF8740282
:106200000078F6B208F836000020BDE8F0810120E1
:10621000FBE738B5002400E0641CDFF850122200D0
:106220000B78D2B29A420AD2DFF844222300DBB2C2
:1062300002EBC302528803009BB29A42ECD12200C7
:106240000B78D2B29A4235D14FF6FE72130080B26B
:1062500098422FD1002400E0641C20000B78C0B2CB
:10626000984207D2DFF808022300DBB210F83300AF
:106270000028F1D120000978C0B288421AD2DFF894
:10628000F0512000C0B205EBC00042802000C0B237
:1062900005EBC000406800280CD02000C0B205EB20
:1062A000C0004068E2F7D3FA00202100C9B205EB34
:1062B000C10148602000C0B232BD0000F8B5040042
:1062C0000D0016002000DFF860110978C0B2884286
:1062D00001D3002018E0002700E07F1C38002100D7
:1062E000C0B2C9B2884208D2F4F763F93900C9B222
:1062F00036F8111080B28142EFD1FFB2EDB2AF4259
:1063000001D1012000E00020F2BD00008BF7020067
:1063100010B50C00002180B200F08FF92100C9B245
:1063200080B200F0CFF800280BD04FF6FE7101804C
:106330004180002101710021417100218171002003
:1063400000E0042010BD2DE9F84305000E00170001
:106350009846089C3100C9B2280080B200F08CF841
:10636000DFF8A493010099F80020C9B291421CD231
:106370000A21DFF898233B000500EDB24D43154498
:10638000ED79DBB2AB420ED2E4B2002C09D00300AF
:10639000DBB24B431344DF71C0B248431044A0F852
:1063A0000480002036E0032034E000214FF6FE7028
:1063B00000F062F8010099F80020C9B2914201D1C1
:1063C000022027E0E4B2002C23D00A21DFF83C238E
:1063D0000300DBB24B4313445D800300DBB24B434D
:1063E0001344A3F804800300DBB24B431344DF7172
:1063F0000300DBB24B431344FF249C710300DBB268
:106400004B43D654C0B248431044DFF8B410C97CA3
:1064100001720020BDE8F283947000205AF002005F
:1064200087F20200A87A002089F7020010B4002148
:1064300000E0491C0A00DFF8D8321B78D2B29A4239
:1064400012D2DFF8D0220B00DBB2D35C0400E4B23E
:10645000A342EED100200B00DBB2D0540020DFF8C5
:106460001423C9B242F8210010BC70475BF002004F
:10647000587C00204331002070B4002200E0521C00
:106480001300DFF884422478DBB2A34214D20A233B
:10649000DFF878421500EDB25D4325446D880600B3
:1064A000B6B2B542EBD11500EDB203FB05F3E35CE8
:1064B0000C00E4B2A342E2D11000C0B270BC70473D
:1064C000347A002070B511F04001002500E06D1C09
:1064D000DFF8A4422A002378D2B29A421CD2DFF815
:1064E0009C222B00DBB232F833300600B6B2B34246
:1064F000EDD103009BB24FF6FE76B3420CD02B00D9
:10650000DBB202EBC302927912F040020B00DBB265
:1065100013F040039A42DAD12A002378D2B29A4289
:1065200023D14FF6FE7280B290421ED1002500E0CA
:106530006D1C28002278C0B2904208D2DFF83C02DD
:106540002A00D2B200EBC20000790028F0D1280066
:106550002278C0B2904208D2C9B2DFF820022A00E5
:10656000D2B230F83200FFF7D3FE28002178C0B253
:10657000884205D2DFF80402EDB200EBC50000E06E
:10658000002070BD2DE9F04104000D0016004FF60B
:10659000FE77B8462800C0B201280AD1DFF8E00132
:1065A0000178200080B200F0B7F8002801D0002068
:1065B00041E00021200080B200F03FF83100C9B274
:1065C00080B2FFF77FFF2900C9B2012909D0002856
:1065D00005D04079EDB2A84201D100202BE0012086
:1065E00029E0002807D041792A00D2B2914202D195
:1065F000B0F8028007E0EDB2012D04D1700602D49C
:10660000A04600E0A046404680B2B84212D0DFF873
:1066100070010178404680B200F07EF8002801D079
:10662000002008E020001FFA88F880B28045E9D1F8
:10663000B846E8E70120BDE8F08180B549060DD5F0
:10664000010089B2FF2003F0D1FB002803D0DFF85E
:106650003401C08A03E04FF6FE7000E080B202BD54
:10666000F8B505000E001F00D2B2002A08D00023A2
:106670000B22310089B2280080B2F4F76AFD21E0D4
:106680000021300080B2FFF71DFF0400002C19D05C
:10669000A079C00716D506982A0092B2390089B2AF
:1066A00080B2F5F753F9010089B24FF6FE729142BC
:1066B00008D0608000230C22290089B2300080B20B
:1066C000F4F747FDF1BD10B4DFF8B020002111E070
:1066D0009379DB070CD453880400A4B2A34207D1FA
:1066E0005379012B04D1032353714FF6FE7353806A
:1066F000491C08320B00DFF880402478DBB2A3424B
:10670000E6D310BC7047000086F20200607D0020D6
:106710002BF802002887002070B50D00194EB18CAF
:1067200080B2F5F7BFF80400002C21D0A078F5F76F
:10673000DDF901006078002803D00800C0B200280D
:1067400001D1002015E0707B012806D160780A0095
:10675000D2B2904202D3617800E061780800C0B202
:10676000002805D0EDB2C9B28D4201D3012000E06E
:10677000002070BDB48200205AF002009470002006
:106780002AF80200347A0020F0B40022002317E037
:106790002424DFF840511E00F6B266432E443679B9
:1067A0000700FFB2BE420AD30E001F00FFB204FB77
:1067B00007F42C442479F6B2A64200D3521C5B1C89
:1067C0001C00DFF80C512D78E4B2AC42E0D3D2B219
:1067D000100080B2F0BC704780B5002100F001F8D5
:1067E00002BD2DE9FF4104000D00280080B24FF6E4
:1067F000F871884201DB002C43D0002600E0761CB3
:106800003000DFF8CC100978C0B2884239D2242792
:10681000DFF850813000C0B2784340440079FF284F
:10682000EDD0002C13D1280080B24FF6FF718842C2
:10683000E5D028003100C9B2794338F8011080B2A0
:106840008842DCD1F6B27E4308EB06001AE0012054
:106850008DF800003000C0B2784340444088ADF865
:106860000C00684602F0D7F90028C8D001A9200022
:10687000F6F783F80028C2D0F6B27E4308EB060094
:1068800000E0002004B0BDE8F08110B4002101E078
:10689000401E491C0A00DFF838301B78D2B29A42F9
:1068A00012D22422DFF8BC300C00E4B254431C4462
:1068B0002479052CEDDA0400A4B2002CE8D1C9B289
:1068C000514303EB010000E0002010BC70470000C2
:1068D0007FCA02006C6500207FB504000221012000
:1068E000FFF752FF20702078002837D02078C000B2
:1068F000E1F7ACFF0400002C2ED02500002630006C
:1069000019490978C0B2884229D224201549320099
:10691000D2B242430A441279012A06D03200D2B2DE
:1069200042430A441279022A14D101228DF8002030
:106930003200D2B200FB02F008444088ADF80C00EF
:10694000684602F068F9002804D001A92800F6F78B
:1069500023F80500761CD2E7002000E00024200088
:1069600004B070BD6C6500207FCA0200DFF800F043
:106970007DE8021000E006E0EFF31180202181F3B2
:1069800011887047000080F311887047F4E7FAE738
:10699000FFF7ECBFF0E7F6E7EEE7F4E70000EBE720
:1069A000F1E70E49C20744BF01230B60820744BFD1
:1069B0004FF480730B60400744BF4FF480320A608D
:1069C000704710B5064AC30748BF1160840748BF27
:1069D0005160400748BF916010BD0000042009408D
:1069E000182009400020704710280CD3A0F1100295
:1069F0000549520901EB82031038012100F01F0004
:106A00008140C3F88012704700E000E0DFF800F03A
:106A100021D40210F8B504460B480C4F0668F869FB
:106A20000D4650F82510B1420AD109480090294678
:106A30002046FFF7EBFFF86950F82510B14201D16D
:106A40000020F2BD2046F2BD1C12000050110020B3
:106A5000882D0020102803D302491038C1F8000FF8
:106A6000704700BF00E000E0816042607047FEE7D1
:106A7000FF2806D0724901EB8001087800F0FB0086
:106A80000870704770B56D486E4E0468046000254C
:106A90007CB17168B4FA84F0C0F11F000122824019
:106AA00051F82010944300290EBF1543C0B2884707
:106AB000EEE715B12846FAF7DFF970BD2DE9F84188
:106AC000A3B0E7F794F8604D2978002411B1E7F7F7
:106AD000BFF845E001212970E7F7BAF8E2F7A5F819
:106AE0000820E2F7D4F96846E7F7AAF84FF0FF303C
:106AF00001906B46554A1021281DE7F755F8544878
:106B0000544905780F78DFF83C812E4613E0D8F819
:106B1000000050F826100A0A03A8120240F82620A6
:106B20008A0707D40120B040044301F00101F0B20C
:106B300000F09AF8761CB742E9D2474804607F1CFF
:106B40007F1B03A94548BA0001EB850100EB8500D6
:106B5000E1F7A2F942480268202161F30D220260A8
:106B600024B0BDE8F08101463E480068C84000F00E
:106B7000010070472DE9F04105468846FF2808BF0F
:106B80004FF0FF3036D0354F07EB80074FEA5804FF
:106B900038684FEA182604F00104360284F0010434
:106BA000000618BF3E600ED1E7F721F87A1C310AC3
:106BB00007F1020C1170330C8CF80030360E07F818
:106BC000036FE7F745F824B108F00101284600F00B
:106BD0004BF8E7F70CF8012101FA05F51E49002CE6
:106BE00019BF0A6815430B6823EA05050D60E7F72E
:106BF0002FF80020BDE8F08138B5FF280C4610D0F2
:106C00000F4D05EB8005E6F7F2FF2978240C01F023
:106C1000F80104F007040C432C70BDE83240E7F79C
:106C200017B831BDFF2808D00C4A02EB800210686B
:106C300000F0FF00884218BF11707047E02002404A
:106C400002100840182B002040830020856A0200B3
:106C50001E4803001F480300D020024000100840D7
:106C600000300940C0200240FF2806D000F18040DB
:106C700000F5083001F00101017070472DE9F04185
:106C800082B0E6F7B4FFDFF81C7480467878002401
:106C9000012823D1DFF8105428680321C007A96018
:106CA0001CD5DFF8086431684A68022090470090DC
:106CB000012031684A6890470190694607F1280031
:106CC00005F06BFEDFF8E8130C600322AA600220D7
:106CD000E2F75DF80720E2F773F87C707D683DB35A
:106CE0000EE0686AA96AEB690E1A082E88BF0826AA
:106CF000324669461844E1F7CFF8686A36186E6282
:106D0000686AA96A884207D2694607F1280005F037
:106D100015FE10F1010FE4D1686AA96A884207D311
:106D20002946381DE7F724F80020012485F83200B1
:106D3000787868BB786818B1806800F051F827E06F
:106D400007F1280005F021FE10BB01207870072014
:106D5000E2F79DF80220E2F785F84FF0FF3131208D
:106D6000E6F76AFFDFF84003DFF840330321816074
:106D70004268DFF8401342F00302426000221E68BE
:106D8000D6F800C00020E047DFF824130120086097
:106D90004046E6F75DFF04B3A86804680021E1629D
:106DA000A16909B102220A7094F83010022906D1B3
:106DB00004F1340001F073FA02B0BDE8F08101295A
:106DC0000BD1E16AA26922B1E368984702B0BDE83D
:106DD000F081A36AE2692469A04702B0BDE8F081AE
:106DE0000268406892F8301052690078042914BF94
:106DF0000121002170B514460E46DFF8A8220121BA
:106E0000054651700720E2F742F80220E2F72AF81F
:106E100029463120E6F710FFDFF89C02032141608C
:106E200026B1016841F00301016003E002689208A5
:106E3000920002602146DFF874321C682568002247
:106E40000020A847DFF868120120086070BDF0B587
:106E500081B0E6F7CCFEDFF84C520446287888BBB8
:106E60000023DFF85822312105F10C00E6F79CFEE3
:106E70000823042205F1480105F1280005F054FD1E
:106E8000012068700720E2F702F80220E1F7EAFF2C
:106E90004FF0FF313120E6F7CFFEDFF81C02DFF8BC
:106EA0000C32032141600268DFF8081242F003024D
:106EB000026000221E6837680020B8477C49012024
:106EC00008602870204601B0BDE8F040E6F7C0BE7B
:106ED000F0B5054681B02E686F680C46E6F787FE70
:106EE00096F8311011B96F4A117821B9E6F7B0FE62
:106EF000002001B0F0BD0121002286F8311086F893
:106F00003220E6F7A5FE04B96D4C2178012904BFB3
:106F10006068002801D1A068B0B186F83010E06840
:106F2000684A30626168F160A0683061B560B86835
:106F3000A0F58071914228BF5E487061002106F182
:106F4000340001F06BF9284601B0F0BD10B50468BB
:106F500004F1340001F096F9002184F8311010BDDD
:106F600000BF10B481B0002903681CBF4A68002A22
:106F700004D00C78042C01D18A6822B901B010BC6D
:106F80006FF00200704700225A6299614A68DA6124
:106F90008968996201B010BCFFE72DE9F041054610
:106FA0004FF0FF342E683F4FF462E6F720FE804634
:106FB00096F83000042804BF7878012806D13A48B2
:106FC00003218160426892089200426070693949E9
:106FD000884205D0786818B97878012817D108E078
:106FE00096F83000042812D1786880B178780128AA
:106FF0000DD12F482C4B0021016003229A60022002
:10700000E1F7C5FE0720E1F7DBFE0020787096F877
:10701000320080BB96F830000428314603D1381D79
:10702000E6F791FE02E0381DE6F778FE012086F8CB
:1070300032004046E6F70CFE0020FFF71FFE2D68E9
:1070400095F8300004281CD1686AA96A88421FD2CA
:107050000120E7F709F91448006810F0030FF7D092
:107060000020FFF70BFE686AA96A8842F0D3EC6A39
:107070002046BDE8F0814046E6F7EAFD2046BDE83F
:10708000F081022808D1296A05F1340001F0FCF8EA
:10709000EC6A2046BDE8F081012808BF00242046A4
:1070A000BDE8F081F07B002008800240CC01001098
:1070B000A802504280A903000C8002407D6C0200AF
:1070C0004048030001FFFF0002230370416082601B
:1070D00000207047042303704160826000207047E5
:1070E000DFF800F0C5EA021070B5FFF743FC094E67
:1070F0000446B0680021FFF7F3FF05467069B169E7
:10710000451BA94238BF00252046FFF734FC28461E
:1071100070BD00BF80100020F0B5564981B0054613
:107120000C6855490A684BF2F5204443240A02F4DE
:107130004022B2F5802F11D1504801688A030DD446
:107140004F4EF06801688847E7F714F93168CA685C
:1071500090472709C010474304EBE7342DB949484D
:10716000006820F07F402418640847480460240C1D
:1071700044600121816001B0F0BD44480068C0F363
:107180000720704742480068C0F384407047414878
:107190000068C0F38120704770B53F4C82B080B268
:1071A0000090082325683D486E684FF47F423021E7
:1071B000B04702B070BD70B5374C82B080B200905D
:1071C0001223256835486E684FF4F8020421B04751
:1071D00002B070BD70B5304C82B080B20090112307
:1071E00025682E486E684FF400320421B04702B083
:1071F00070BD70B5284C82B080B200900A2325681B
:1072000026486E684FF440622021B04702B070BD3E
:10721000F0B581B00226204C204D00960723266849
:1072200077684FF4C07200212846B8472468284682
:10723000E56807234FF4C0720021A84701B0F0BDF4
:10724000F0B5002818BF022881B011D1124C134D9F
:1072500080B20090042326687768702200212846B7
:10726000B84724682846E568702370220021A847A3
:1072700001B0F0BD08400C40B44F00508C130050DA
:10728000E0010010102009407C600C4030A00C4050
:1072900004A00C4020A00C40A401001000A00C4051
:1072A00080B5DFF86403018B51F001010183018B8C
:1072B00051F004010183018B51F010010183018B16
:1072C00051F0400101830120DFF84013C96849698A
:1072D000087000F07BF901BD7CB504000E00002CA5
:1072E00005D0207A022804D0207A032801D0E82093
:1072F00050E0310089B2200000F0B5F8FF2801D03D
:107300001E2047E0207A00F090F805002800C0B267
:10731000052802D1207A022806D02800C0B205280C
:1073200004D1207A032801D11A2033E0207A0228E0
:1073300018D120888DF800006846218889B2090A92
:1073400041708670B6B2360AC67004226946B048EB
:107350002B00DBB200EB830010F108063000E0F7F1
:107360009BFD0BE008222100AA482B00DBB200EBBA
:10737000C30010F108063000E0F78EFD217A2800E6
:10738000C0B200F0CAF8227A01212800C0B200F091
:10739000D8F8002076BD10B50400002C05D0207A66
:1073A000022804D0207A032801D0E8200FE089B217
:1073B000200000F058F80100C9B2FF2901D1E820EF
:1073C00005E0227A0021C0B200F0BBF8002010BD19
:1073D000C0B2012808D101208F4908708A48018B6A
:1073E00051F02001018308E000208B490870864994
:1073F0000A8B4FF6DF7002400A8370478648007898
:10740000012801D1FE2000E0FF207047824800786B
:10741000002801D0012007E080480078FF2801D033
:10742000012000E00020C0B2704710B50400200029
:10743000C0B200F0B9F80100E4B2022C01D105227B
:1074400000E00522002000E0401C03001400DBB235
:10745000E4B2A34205D20B00C340DB07F4D4C0B2B0
:1074600000E0C0B210BD2DE9FE430400207A0228DE
:1074700010D120888DF800006846228892B2120A46
:107480004270817089B2090A8DF803106D46042696
:10749000052702E02500082605275FF0000801E027
:1074A00018F1010840463900C0B2C9B2884231D251
:1074B000217A4046C0B200F06AF80028F0D0207A65
:1074C00002280ED13200D2B251484146C9B200EB77
:1074D000810010F108010DF104094846E0F7DCFCD9
:1074E0000DE03200D2B24B484146C9B200EBC100B8
:1074F00010F108010DF104094846E0F7CDFC320017
:10750000D2B201A92800E1F789F90128C8D1404683
:10751000C0B200E0FF20BDE8FE8338B504000D00D6
:107520002800C0B200F049F8012111FA04F4044324
:10753000EDB2022D02D13648446001E03548446086
:1075400031BD70B504000D0016003000C0B200F06F
:107550002BF8EDB2012D0CD1012111FA04F40443F2
:10756000F6B2022E02D12A4804600FE029480460D6
:107570000CE0012111FA04F430EA0404F6B2022E00
:1075800002D12348046001E02248046070BD10B5B8
:1075900004000800C0B200F007F8E040C00701D5C1
:1075A000012000E0002010BDC0B2022802D118491D
:1075B000086801E0174908687047C0B2022802D184
:1075C0001349486801E01349486870473EB542F2E4
:1075D0000200ADF8000002220B4C14F118010DF16D
:1075E00002052800E0F758FC012214F11A0101AC51
:1075F0002000E0F751FC694609480068094A126812
:1076000024321268904737BD007500200C0100201D
:107610009884002064810020158A0020168A0020AA
:107620001089002024890020DFF860060021C18134
:10763000DFF85C168A68D2F8D42092F83120027400
:107640008968D1F8D41091F824104174817C11F02C
:10765000DF018174817C11F0E00151F0010181743E
:10766000817C11F03F0181740021C174DFF8241680
:107670000978017500214175704780B5FFF7D4FF87
:1076800001BD10B5DFF80846A068D0F85C0280475D
:10769000002803D11C20E8F74AFC2CE0DFF8EC15A9
:1076A0000022CA81A268D2F8D42092F831200A744C
:1076B000A268D2F8D42092F824204A748A7C52F02E
:1076C00020028A748A7C12F0E00252F002028A746C
:1076D0008A7C12F03F028A740022CA74DFF8B42553
:1076E00012780A7500224A75DFF8B425127800FB7B
:1076F00002F08000C86110BD80B5FFF7C2FF01BD78
:107700002DE9F04106000F0014001D00DFF8808510
:107710000120D8F80C10C96808700020DFF8841523
:1077200008700020DFF880150870D8F80800006C99
:107730000068002804D1D8F80800D0F84C0580472C
:10774000DFF868C5DCF8000000280CD022002B0010
:10775000DFF85C054188D8F80800006C00680C3040
:10776000DCF800C0E04714F0000015F0E241002909
:1077700001D100281DD0DFF83C050178491E0170B9
:10778000DFF82C054068002804D0DFF82C05C189FB
:10779000491CC181D8F80800006C00684068007876
:1077A000800603D5E920E8F7C2FBCFE0E8F705FB48
:1077B000CCE0200740F1B880DFF8F8442078401E84
:1077C0002070DFF8C854688842F20141884204D032
:1077D000688842F20541884245D1DFF8D404406808
:1077E000002804D0DFF8D004C189491CC1813900C8
:1077F000300009B2DFF8A0241268483212689047BE
:10780000002830D0008842F6014188422BD0DFF8B2
:10781000A8044189491C4181688842F20541884297
:1078200003D11C20E8F783FB02E0E120E8F77FFBAF
:1078300094F90000002807D100210020D8F8082082
:10784000D2F85824904708E094F90000012804DA9F
:10785000D8F80800D0F84C0580470020D8F80C1064
:10786000C96808708EE0DFF848044188B1F5105F00
:1078700016D14069DFF844140860E8F77DFADFF8B4
:1078800040040078002861D0DFF83804016811F165
:10789000010F02D00168491C01600021018155E0FF
:1078A000418842F60602914232D14068002804D055
:1078B000DFF80404C189491CC181DFF804040078A1
:1078C000002843D0DFF800040078022805D1DFF853
:1078D000E803C188491CC18004E0DFF8DC0381882B
:1078E000491C8180DFF8DC03416811F1010F02D0EF
:1078F0004168491C41600189491C01814189028913
:10790000914201D201894181E920E8F710FB1DE095
:107910004068002804D0DFF8A003C189491CC18158
:107920001D20E8F704FB11E0DFF88403406800281D
:1079300004D0DFF88403C189491CC181DFF87403D6
:107940000178491E01701D20E8F7F1FADFF8641391
:1079500091F90000002807D100210020D8F8082064
:10796000D2F85824904708E091F90000012804DA81
:10797000D8F80800D0F84C0580470020D8F80C1043
:10798000C9680870BDE8F08180B509B2FFF7B8FE9C
:1079900001BD2DE9F0478AB08146DFF8FC7202A8EC
:1079A0003968643109688847DFF8E442A068006CF0
:1079B0000068002803D1A068D0F84C05804701205A
:1079C000DFF8E4120870E068C0680078002805D18C
:1079D00000210120A268D2F858249047A068006CCA
:1079E0000068B0F808A0A068006C006846683178AC
:1079F000C9B2490911F00101504680B2E2F735F9E8
:107A00000790DFF8A8522869002805D0A068006C0C
:107A100000680C3029698847A868002802D0A86847
:107A200080470890DFF898020078002835D0286A4F
:107A300000282DD0286A804700280CD0DFF88C025F
:107A400001788DF824100178DFF87C2211704078DD
:107A50008DF825000BE0DFF8740281788DF8241092
:107A60008178DFF864221170C0788DF82500DFF886
:107A700058020078022805D1DFF83C024188491CF1
:107A800041800AE0DFF830020188491C018004E0EF
:107A9000DFF824020188491C0180E6F7F0FEDFF8D8
:107AA000108288F80FA0DFF828020078002813D091
:107AB000A068006C0068007D00280DD01FFA8AFACB
:107AC0005046E7F79DFEE7F763FEC0B2002803D1FA
:107AD000E120E8F72CFA9CE0C8F810600020A8F834
:107AE0000200E6F784F806000020A8F80200002053
:107AF00005904846C0B2012804D1DFF8D801DFF86C
:107B00008C11C8614846C0B2012804D05FFA89F9D7
:107B1000B9F1000F44D1DFF8740100214180C0F8B1
:107B20000480417B11F0F00151F002014173017BAF
:107B300011F0F0010173C17D11F0F00151F0040169
:107B4000C1750021C8F8041098F80D1011F0F0016B
:107B500051F0010188F80D10A168096C09684968A5
:107B60000978890611D5DFF87011C8F80410A268E9
:107B7000126C1268526892788A7398F80D1011F09E
:107B8000F00151F0020188F80D10DFF850C1CCF877
:107B900004009CF80D0010F0F0008CF80D0000E0DF
:107BA000C446DFF83C9108200021CDE90001DFF850
:107BB000343102AA6146DFF8300100683F6850376F
:107BC0003F68B847A9F80000B9F90000002814D5AB
:107BD0002868002808D0002200230021A068006C3B
:107BE00000680C302C68A04741F288310120E2F790
:107BF000DBF83000E6F72CF80BE0DFF8B80001788E
:107C0000491C0170DFF8E400C0F800803000E6F79E
:107C10001FF80AB0BDE8F08780B5C0B2FFF7B9FE23
:107C200001BD70471A481D490A688168D1F8E01003
:107C30000968C0680068007851FA80F11848007837
:107C4000800000FB01211A488160017B11F0F001E6
:107C500051F002010173704780B50220FFF7DCFF8D
:107C600001BD13490E4802780948C0684068007891
:107C700042431F480078424390008860087B10F020
:107C8000F00050F00300087370470000C874002033
:107C90000C010020368A0020248900204889002019
:107CA000308A0020218A0020208A002030570000DE
:107CB00040750020238A0020B48500201C89002004
:107CC000268A0020648700201D8A0020DC8700208F
:107CD000458A0020801A0600E8740020FC1B002062
:107CE000DC89002089790200108900201489002095
:107CF000378A002080B50620FFF78EFF01BD0120E6
:107D00007047704770B588B0554C206800281CD06B
:107D100000250FE0C9B2CA000300D3406A460E0036
:107D2000F6B256FA85F69355491C0A00D2B2042AD7
:107D3000F0DB2D1D2800C0B2202803DAE6F774F826
:107D40000021F2E76846216888474648018B51F0D8
:107D50000401018308B070BD80B5E6F765F8C0B2D4
:107D600002BD41490968401A404909788900B0FBC1
:107D7000F1F201FB120080B270473B490968401ADA
:107D80003A4909788900B0FBF1F0704710B5384ADC
:107D9000D16889690978002903D001203549087024
:107DA00027E03249304B1B680C78A40004FB0034F8
:107DB000314B09788900B3FBF1F1814203D290681D
:107DC000D0F84C0580472D4800683C30006880475B
:107DD000211AB1F54871002907D5021B28498A18D4
:107DE000002A02D5040014F5487421002548E1F763
:107DF0001CFE10BD38B504001D49C86880690078B4
:107E0000002803D001201B49087027E0174D1A48AD
:107E10002A789200B0FBF2F0A04203D28868D0F832
:107E20004C058047104801682878800000FB041446
:107E3000124800683C3000688047211AB1F548714B
:107E4000002907D5021B0E498A18002A02D5040012
:107E500014F5487421000C48E1F7E7FD31BD00003E
:107E6000F48800200075002048890020308A002016
:107E70000C010020318A0020FFF6C2FF2489002077
:107E800000F7C2FFA19B0000799B000030B51400F1
:107E90006408002500196941002300F087FA30BD0D
:107EA00010B5ECF74BF8ECF74DF8434CA068D0F860
:107EB000D40090F84300E1F709FB00210120A268FB
:107EC000D2F858249047FFF71DFFE6F727FCEBF7A1
:107ED00024FE3A4800210160002141600021018117
:107EE000002141813648002101800021418000218C
:107EF00081800021C1800021018100214181002178
:107F000081810021C1810021018200202D4908705A
:107F100000202D490870E7F7C3FBEBF7F6FD10BD15
:107F200080B5E6F70BFDE7F79FFC01BD80B5ECF7E8
:107F30006EFAEBF73BFE01BD80B5FFF7F1FFEBF703
:107F4000FDFF01BD10B50124E5F751FE1F49097879
:107F5000002910D11E49097800290CD11D49097842
:107F6000002908D11C490978002904D11B49097846
:107F700011F0FD0F00D00024E5F76AFE2000C0B22A
:107F800010BD38B504002000C0B2EA380A2811D26A
:107F9000094D69462000C0B2AA68D2F8282490474B
:107FA0000098401C009069462000C0B2AA68D2F830
:107FB0003024904731BD00000C0100206487002070
:107FC000B48500201D8A00201E8A0020288A0020F7
:107FD0002A8A0020338A0020348A0020278A002041
:107FE00046490A681040C2430A607047444A116813
:107FF0000029FCD10023D3611060D0690028FCD097
:10800000D161506870473F48016821F0020141F496
:108010000871016003213C48016041F23002C260F6
:10802000012343605021C16043604FF4CA61C160C5
:1080300043604FF48651C160436034490B60704720
:10804000704770B40446002000E0401C98420BDAF0
:10805000256815F1010F07D054F8046B16408E42C5
:10806000F3D170BCC0B2704770BCFF2070470000F5
:108070001E281DD8DFE800F0101C131C1619161C52
:108080001C1C191C161C1C191C1C1C1C1C1C1C1C3C
:108090001C1C1C1C1C1C190040F2025209E04FF46D
:1080A000817206E04FF2011203E041F2011200E09A
:1080B0000022FF2909D14FF6FF30024042F0C002F2
:1080C00040F2037040EA02407047080008BF42F0E7
:1080D000300205D0C8074CBF42F0100242F0200227
:1080E00040F2037040EA02407047002070470849A0
:1080F0000A681040C2430A60704700001010044034
:10810000001004400000046054600440004104403A
:1081100008100440DFF800F091D80210DFF800F0FA
:10812000F1EB0210DFF800F0BDE802100021016061
:108130004160C1604FF0FF318160704770B514003D
:108140008AB005460E4604D1002204F059FC0AB05C
:1081500070BD1B49A0680A68904204D310F1010F5A
:1081600018BF002012D10823282200216846FFF7FB
:10817000D5FF206804906A46606805903146E06843
:108180000790A0680690284604F03AFC0AB070BD3B
:10819000FFF7C8BFE5F7DCBF04F03EBC04F042BC0B
:1081A000FFF7B8BFE5F7D8BF054A1368994202D375
:1081B00011F1010F01D104F045BC7047000000002F
:1081C00024120000DFF800F049DC0210DFF800F0B4
:1081D000DBEC0210DFF800F0FDE6021070B51400D1
:1081E0008AB005460E4605D10022E2F70FFF284669
:1081F0000AB070BD0823242200216846E2F702FF7E
:108200002078012804BF01218DF818106A463146F4
:108210002846E2F7FBFE28460AB070BD30B589B0AB
:1082200004460D460823242200216846E2F7EAFEB0
:1082300001218DF818106A4629462046E2F7E6FE2D
:10824000204609B030BD10B58AB004460823242268
:1082500000216846E2F7D6FE01218DF8181020466D
:10826000034A6946FFF7AEFF0AB010BD00000000E8
:10827000882D002000B581B000906846FFF7A6FF6A
:1082800001B000BDFFF7A6BF00B581B0DEF7EEF983
:1082900000280CBF4FF0FF30002001B000BDDFF719
:1082A00073BF704728490968C1F30F314BF6773225
:1082B0004FF0FF30914208BF0520704710B5FFF71F
:1082C000F1FF20490B6805284FF0FF34C3F3C0527B
:1082D000C3F3406117D11B0B03F00F03082B02D02F
:1082E0000F2B06D00FE081F001010A420BD01724BA
:1082F00009E022B100290CBF19241A2403E0002947
:1083000014BF1C241B24204610BD0F480F4970B514
:1083100005680E682D0F06F0FF06802E28BF002688
:10832000FFF7C0FF05284FF0FF3407D125B1012D1D
:1083300008BF06F10B0401E006F10A0460B270BD4B
:10834000000000009412005018130050A0100050BC
:1083500080B5FFF7A7FF052800D101BDFEE7026841
:10836000531C03601170704713F0004C03D55B423F
:10837000524263F100039CEA210C00F0178010B513
:10838000644603D34942404261F1000100F00EF817
:10839000640004D34942404261F10001244203D504
:1083A0005B42524263F1000310BD0000BBBBE1B170
:1083B000B2F5803F80F07E80022A1ED98C46B1FB48
:1083C000F2F102FB11C31B0443EA1043B3FBF2FCBE
:1083D00002FB1C3380B240EA0343B3FBF2F002FB22
:1083E000103240EA0C4000237047022A05D9844627
:1083F000B0FBF2F002FB10C270474AB105D100F0A9
:10840000010249085FEA30007047002200237047EC
:1084100004F034BB0B0002000021002070479042A2
:1084200071EB030CF6D3B3F5803F2FD2F0B5B3FA5E
:1084300083F7B1FA81F4A7F10F0E3D1B5340CEF143
:10844000200602FA0EF2F3415340B5F10F0746D869
:108450000F3C2C444140C4F12006A040F141414072
:10846000B1FBF3F603FB1611A2FB0645001BA94165
:1084700002D2761E8018594180EA010221FA0EF3D9
:1084800062FA0EF200215A403046F0BD30B4B1FB22
:10849000F3FC03FB1C11A2FB0C45001BA94103D2FA
:1084A000ACF1010C8018594130BC02460B466046C5
:1084B00000217047B2F1807F65D3F0B5B2FA82F740
:1084C000B1FA81F4C7F10F063D1B22FA06F307F15A
:1084D000110EF24120355A40B5F10F07B8D941408D
:1084E000C4F12006A040F1414140B1FBF3FC03FB85
:1084F0001C11A2FB0C45001BA94103D2BCF1010CCD
:10850000801859410F2F12D30F3FC90341EA504140
:10851000B1FBF3F603FB1611A2FB0645D4EBC0300A
:10852000A94102D2761E8018594146EACC3C07B3D5
:108530004140C7F12006B840F1414140B1FBF3F69C
:1085400003FB1611A2FB0645001BA94102D2761EB1
:108550008018594180EA010221FA0EF3C7F1200484
:1085600062FA0EF20CFA07F05A402CFA04F130438A
:10857000F0BD80EA010221FA0EF3002162FA0EF248
:1085800060465A40F0BD8C46B1FBF2F102FB11C3CC
:108590001B0243EA1063B3FBF2FC02FB1C331B0219
:1085A0004CEA002043EA1063B3FBF2FC02FB1C33ED
:1085B0001B024CEA002043EA1063B3FBF2FC02FB0F
:1085C0001C331B024CEA002043EA1063B3FBF2FCAD
:1085D00002FB1C324CEA00200023704710B402005A
:1085E0008848007800230AE01900C9B202EBC101F3
:1085F000097F11F00D01012900D1401E5B1C1900FB
:10860000147CC9B2A14203D20100C9B20029EBD146
:10861000C0B210BC704710B402007B480078002341
:108620000CE01900C9B202EBC101097F0C0604D5A8
:1086300011F00D01012900D1401E5B1C1900147CB2
:10864000C9B2A14203D20100C9B20029E9D1C0B226
:1086500010BC70472DE9F04105002800C0B2C600EB
:10866000183656FA81F000B2E0F7F0F8040027005F
:10867000002C0BD0310089B20022A0464046E5F71D
:1086800039FA3D74B6B204EB0600F8603800BDE874
:10869000F08110B5040000F014F859490978C0B20F
:1086A000884203D35948006800F015F8584801780B
:1086B00021710178491C0170200000F02EF820790A
:1086C00010BD00205149096801E0401C09680029DB
:1086D000FBD1C0B2704710B50400002C1CD04B4A2F
:1086E0001068002818D01068002101E0010000681F
:1086F000002801D0A042F9D1A0420DD110688442D7
:1087000002D12068106001E0206808602000FDF7B9
:10871000E4F82000E0F79BF810BD3C4B196800E03E
:108720000968002902D00A68002AF9D100220260F3
:10873000002901D0086000E01860704710B4010003
:108740003248006800E00068002811D0002200E0F4
:10875000521C1300047CDBB2A342F4D21300DBB240
:1087600000EBC303DB7E0C00E4B2A342F0D100E0D7
:10877000002010BC704730B4002300E05B1C1C00DC
:10878000057CE4B2AC4218D21C00E4B200EBC40495
:10879000E47E0D00EDB2AC42F0D11900C9B200EB9D
:1087A000C101097F0A431900C9B200EBC1010A7770
:1087B000DBB200EBC300163000E0002030BC704795
:1087C00038B504000D002000C0B2FFF7B7FF002845
:1087D00015D000210EE00A00D2B200EBC202D27E18
:1087E0002300DBB29A4204D10A00D2B200EBC202EB
:1087F000D576491C0A00037CD2B29A42EBD331BD34
:108800006331002064310020653100207889002028
:10881000438A002080B5017851F080010170E4F7AF
:1088200027FF01BD010000208A89DFF8A0351B88E1
:108830009A420AD2DFF8982512688B890C214B43A3
:10884000D15C11F00F0F00D00120C0B2704710B5FD
:10885000DFF87C25136884890C2254431C440A00E9
:10886000D2B2012A03D00A00D2B2022A0CD1428825
:108870006280C9B202290BD1001D00F0CBF800289C
:1088800006D10020207003E0011D201D00F0B4F887
:108890002000FFF7BFFF10BDF8B504004FF6FE70D3
:1088A000A08100212078002829D0002620E0DFF8D0
:1088B00020050C2203683700BFB25743DB5D13F07D
:1088C0000F0F14D10068310089B202FB01F200EBF6
:1088D00002072078387060887880211D381D00F0EC
:1088E0008BF8A6813800FFF795FF01212E88761CB2
:1088F000DFF8D85430002A8880B29042D7D30800DD
:10890000C0B2F2BD70B505001400012600290FD0D9
:108910008889A88101212800FFF799FF002C36D013
:108920004FF6FE70608002212000FFF790FF2EE0DE
:10893000002C1CD0A089A881201D00F06BF8012814
:108940000BD12800FFF7A8FF06004FF6FE706080ED
:1089500002212000FFF77BFF19E0281D00F05AF8E4
:10896000012814D103212800FFF771FF0FE0688868
:108970004FF6FE71884204D1281D00F04BF8012803
:1089800004D12800FFF788FF060000E00026300031
:10899000C0B270BD38B5DFF834140880010089B268
:1089A000002914D00C2110FB01F4DFF8245420001E
:1089B00080B2DFF74BFF2860286800280BD0A4B2F4
:1089C00000222D6821002800E5F794F803E000203C
:1089D000DFF8FC13086031BD10B5DFF8F443206800
:1089E000002808D02068DFF732FF0020DFF8DC1312
:1089F00008800020206010BD10B50400002903D0BD
:108A00002000F3F7C9FF04E0082100222000E5F769
:108A100071F810BD02000020002A0DD0002307E0ED
:108A20001900C9B2515C002901D0012008235B1C48
:108A30001900C9B20829F3DBC0B2704780B5012222
:108A4000884208D0002805D0002903D0F3F795FF0D
:108A5000020000E000221000C0B202BD1FB50C00F1
:108A600000218DF80010ADF80200684600F062F8B1
:108A700001A92000FFF7C0FF2000FFF7CBFFC0B225
:108A800004B010BD1FB50C0000218DF800100100CE
:108A900001A8FFF7B1FF684600F085F8BDF80200B5
:108AA000208020884FF6FE71884201D0012000E02E
:108AB0000020C0B204B010BD38B504002000FFF79C
:108AC000B1FE05002800C0B201280ED1C0480168DF
:108AD000A2890C20424301EB02000178227892F037
:108AE000FF0211400170FFF795FE2800C0B232BDB1
:108AF00038B5050000242878002818D02800FFF792
:108B000091FE04002000C0B2012810D1B0480168D5
:108B1000AA890C20424301EB020001782A78114215
:108B200005D1027829780A430270FFF773FE20000E
:108B3000C0B232BDF8B504000021201DFFF75CFF74
:108B40004FF6FE71A181002062888A4229D000265A
:108B500021E09F490C220B683700BFB25743DB5D11
:108B600013F00F0F16D0096833009BB202FB03F21B
:108B700001EB020761887A8891420BD1381DFFF71B
:108B800049FF012803D1391D201DFFF735FFA681BC
:108B900001202E88761C8D4D31002A8889B29142A1
:108BA000D7D3C0B2F2BD2DE9F04104004FF6FE70FC
:108BB0006080A0810025201DFFF72CFF012826D111
:108BC00000271EE082480C2102683B009BB24B4309
:108BD000D25C12F00F0F13D000683A0092B201FB82
:108BE00002F100EB010818F10401201DF3F7C5FEA6
:108BF000012805D1B8F802006080A78101253788D7
:108C00007F1C724E3800318880B28842DAD3280047
:108C1000C0B2BDE8F08170B504004FF6FE70608010
:108C20000021201DFFF7E8FE2000FFF7FBFD0500F7
:108C30002800C0B2012811D165480168A2890C2022
:108C4000424301EB020670886080301DFFF7E2FEB0
:108C5000012803D1311D201DFFF7CEFE2800C0B230
:108C600070BD2DE9F04188B004004FF6FE70A08180
:108C700001275FF000080025002600208DF8000085
:108C8000211D01A8FFF7B8FE6846FFF78CFF0128F9
:108C90000BD1BDF80C00A081BDF8020061888842AC
:108CA00002D15FF0010800E06D465FFA88F8B8F184
:108CB000000F11D100208DF810006088ADF812006F
:108CC00004A8FFF737FF012800D104AE32002900C5
:108CD0002000FFF717FE07002000FFF709FF38000C
:108CE000C0B208B0BDE8F08110B500240BE03848F0
:108CF0000168220092B20C2042431144200080B24D
:108D000000F07CF8641C20003049098880B2884259
:108D1000EDD310BD10B5002412E02D4801682200EB
:108D200092B20C20424311440878000607D5087817
:108D300010F07F000870200080B200F04BF8641C37
:108D400020002249098880B28842E6D310BD70B560
:108D50000C25280080B2DFF779FD0400002C19D023
:108D6000ADB2FF22260029003000E4F7C3FE002543
:108D700007E023000C22290089B20120DFF7CFFD94
:108D80006D1C28001149098880B28842F1D3200067
:108D9000DFF75DFD002070BD1FB50C21FF226C4682
:108DA0002000E4F7A7FE002407E06B460C22210018
:108DB00089B20120DFF7F6FD641C20000349098811
:108DC00080B28842F1D31FBD00000000C689002098
:108DD000C08800203EB504000B000878002806D1AA
:108DE0000C21FF226D462800E4F784FE6B460C221E
:108DF000210089B20120DFF7D5FD37BD1CB50C007D
:108E000000940C230022010089B20120DFF7ECFD61
:108E1000002804D12078FF2801D10020207013BD44
:108E200080B50B00416900290AD04069417811F0F2
:108E3000030F05D1DBB28288017B8078FAF760FBF3
:108E400001BD80B5037AC2880179C078FAF758FB72
:108E500001BD2DE9F24F804691469B4698F81400DB
:108E60003830C0B280B2DFF78CFA0400002C4BD04F
:108E70000D9DDDF830A00B9E0A9F012020701C2262
:108E8000414614F11C00DFF7D7FC0A220099A01C10
:108E9000DFF7D2FCA4F80C909BF8000020749BF83C
:108EA0000200A0749BF801006074E6740020E06288
:108EB000C4F814A02776B8F80A00E081657698F81F
:108EC0001400002809D014F13800E06298F814204A
:108ED000D8F81010E06ADFF7AFFC607F10F0030FE6
:108EE0000CD0DFF874110868002803D0200009684E
:108EF000884709E02000DFF758FA05E02100DFF895
:108F00005C010078DFF760FABDE8F18F38B5050045
:108F10002020DFF736FA0400002C1AD0042020703D
:108F200028886080A8782071E878607110226968CC
:108F3000A01DDFF781FCE96814F11600FFF75CFD66
:108F4000287CA077687CE077210045480078DFF72F
:108F50003BFA31BD10B504000620DFF712FA0028F5
:108F60000AD00821017021884180A1780171010097
:108F70003B480078DFF728FA10BD10B586B0040032
:108F80002088F1F7B4FF002803D1EFF75FFA00283B
:108F900000D05EE0A07800282BD1207A042828D1C8
:108FA00001AA69462F480068EFF7CEF804009DF843
:108FB000000000284DD09DF81400012849D102205E
:108FC0008DF814009DF81700000603D50DF1170069
:108FD000EEF7E5FF01AB1422210089B20420DFF790
:108FE000E1FC0020E1F7BBF801210120E1F73CF9A9
:108FF0002FE0A07800282CD0207A042829D101AABB
:10900000694618480068EFF79FF801009DF80000D6
:1090100000281ED09DF8140001281AD100200290CB
:10902000002001909DF81700000603D500208DF860
:10903000140005E001208DF81500FF208DF81400C4
:1090400001AB142289B20420DFF7ACFC0220E1F767
:10905000EAFB06B010BD0000A0880020048A0020B2
:10906000BE2C0020848800207047008030B400BFF0
:109070000AA191E83C0080E83C0030BC7047002128
:10908000002200238C4680E80E107047024A02EB53
:10909000C00000F064B80000682F0000020000006B
:1090A00000000000FFFFFFFF0000000030B5054694
:1090B00081B02C68E4F79BFD002184F8241094F81B
:1090C000211003291EBF0429002184F82510E4F78C
:1090D000BFFDDFF8BC028168002944BF4FF0FF32BA
:1090E000E261DFF8B0120160284600F014F894F84D
:1090F0002000022806D101B0BDE83040DFF8980218
:10910000FFF7CDB894F821302268E16964682846F9
:10911000A04701B030BD10B50468DFF880024021DF
:109120000160802202600023C0F8FC3294F826100F
:1091300031B1DFF86C02FFF7B2F8002184F8261095
:109140000220BDE81040DFF722BE00B581B003F079
:1091500098FCDFF850120120087001B000BD70B516
:1091600005460C462E68E4F742FDDFF838221178F8
:1091700011B196F8221019B1E4F76AFD002070BD14
:10918000012186F82210E4F763FD0CB9DFF81842DC
:10919000207886F8200061687160207802280CBF72
:1091A000A0680020B0600021012086F8230086F826
:1091B000241086F8251086F826100A20DFF767FEAF
:1091C000284670BD0268002182F822100A20DFF7CD
:1091D000F7BDF0B5044681B027680D461646E4F7A2
:1091E00006FD97F8251029B1E4F732FD4FF0FF3066
:1091F00001B0F0BD012187F82510E4F729FD2968A9
:1092000007F10C0091E88C1080E88C10324629465A
:10921000204601B0BDE8F04003E00122D9E7022278
:10922000D7E72DE9F04780460E46D8F80040D8F839
:1092300004706569D4F8109094F82300924658B1F0
:10924000A1685748FFF720F818B16FF00100BDE89A
:10925000F087012084F8260084F821A026600020F1
:10926000E061424651495248E4F7D3FC397827205F
:10927000E4F7E2FC0622A9B2484603F05CFC70B1B8
:1092800094F8260028B14648FFF709F8002084F832
:1092900026004FF0FF31E161E069BDE8F0873F4D06
:1092A000444FD5F8800320F00200C5F8800394F8FD
:1092B0002000042803D139684A69272090470220FA
:1092C000C5F8FC020620F96C4A689047A8B1402115
:1092D000296080222A6094F8260028B13048FEF7E1
:1092E000DEFF002084F826000021C5F8FC124FF0B4
:1092F000FF30E061E069BDE8F0870220DFF7B2FDF2
:10930000BAF1020F1CBFBAF1040FBAF1060F01D176
:10931000002000E00420C5F84C010020F368C5F8E7
:109320005031C5F85401012184F824101946FC6C11
:10933000B26870682669B047D8F8004094F82000F9
:10934000042818D1F96C13488A699047002844BF53
:109350004FF0FF31E161E669002084F8240094F8C1
:10936000210003281EBF0428002084F82500404661
:10937000FFF7D1FE09E0022806D14FF0FF31064881
:10938000FEF782FFE66900E000263046BDE8F08780
:109390008847024001000080947700200444024086
:1093A00044770020408A00209C900200AD9002008B
:1093B000E4770020B00100100020DFF810150860ED
:1093C000704780B5F0F77AFD00280BD1002201210B
:1093D000002000F0ABF9002804D00168002901D07A
:1093E000EFF788FF01BD80B5042000F088F9DFF8B1
:1093F000E0140978C0B2814208D3FF2000F07FF961
:10940000DFF8D0140978C0B2814201D2012000E017
:10941000002002BD2DE9F04180460D00002698F89D
:109420000C0000F09FF904000127002C35D1B8F89A
:109430000A2098F80C10D8F8000000F001F9040098
:10944000002C29D00020208198F810002074B8F852
:109450001200608218F11000F1F770FD6061B8F839
:109460001800208398F81A00A076012661894FF62B
:109470007F4001406181A07A400708D46089DFF80D
:1094800058140978491C50EAC110608105E06089D0
:1094900050F08000608100E000273800C0B2012851
:1094A00063D16189C90911F00701EDB2002D19D00E
:1094B000022060732068807B400703D5DFF81C041E
:1094C000008A20810800C0B200283AD062894FF695
:1094D0007F40024062816089C9B2491E50EAC110D2
:1094E00060812EE0C9B2002901D1002729E0A07ACD
:1094F000800606D5DFF705FA10F07F005F30208187
:1095000017E0A07AC00606D5DFF7FBF910F00F00D0
:109510000A3020810DE0A07A400708D5DFF7F1F985
:10952000DFF8BC1309880840801C208101E001207D
:109530002081042060732021DFF8A8030078DEF783
:10954000BEFFF6B2012E10D12289617B200000F00F
:1095500090F8002809D06069002802D06069DFF720
:1095600076F92000DFF773F900273800C0B2BDE8B4
:10957000F0811FB50024C0B200F0F4F800281FD01D
:10958000417B06291CD144890168097A8DF80810AD
:1095900001680988ADF8001000F01EF920050ED50D
:1095A000BDF80010002000F00FF8002807D1DFF808
:1095B0002C03818C6846F2F71FFE00F020F801248E
:1095C0002000C0B204B010BD002801D0406804E003
:1095D000DFF8F802006800E0406800280DD04289FA
:1095E0001205F9D50A0092B2002A05D00268128845
:1095F0000B009BB29A42EFD100E00020704710B5FB
:1096000000210020FFF7E0FF040004E0002120001B
:10961000FFF7DAFF0400002C0ED0206800884FF618
:10962000FF71884207D0DFF8B402818C2068F2F71E
:10963000E1FD1A28EAD102E00020F2F7DFFD10BDBB
:1096400070B504000D0016001C20DFF7FFF800289D
:109650000ED0002141730573468100210181002154
:1096600081730021C17304600021416100214160C8
:1096700070BD70B504000E001500002C3DD0300008
:10968000C0B201280AD1012000F039F8DFF85812E1
:109690000978C0B2814216D211202FE03000C0B24A
:1096A00004280AD1042000F02AF8DFF824120978EF
:1096B000C0B2814207D2112020E03000C0B202289F
:1096C00001D0C1201AE06673258100206060DFF8B8
:1096D000FC110868002807D0096800E0496848685C
:1096E0000028FBD14C6000E00C602021DFF8F40181
:1096F0000078DEF7E4FE002000E0C12070BD10B469
:1097000002000020DFF8C41109680AE04B7B140056
:10971000E4B2A34203D01300DBB2FF2B00D1401C04
:1097200049680029F2D1C0B210BC704710B40028BB
:1097300001D0406803E06548006800E04068002808
:109740000DD0437B0C00E4B2A342F7D11300DBB28F
:10975000002B03D003689B7B5B07EFD400E0002065
:1097600010BC704701005948006800E040680028BC
:1097700005D0027B0B00DBB29A42F7D100E000205B
:109780007047F8B505000E000027280000280DD00E
:109790004E48046801E027000024002C06D0310068
:1097A0002000A8470128F6D06468F6E73800F2BD2B
:1097B000464B1968002201E00A00496800290AD0D6
:1097C0008142F9D11868814202D14868186001E0ED
:1097D00048685060FFE7704710B50400002C12D0B5
:1097E0002000FFF7E5FF2068006ADFF730F8206807
:1097F000DFF72DF86069002802D06069DFF727F8ED
:109800002000DFF724F810BD70B5304E34680EE04C
:1098100065682068006ADFF71AF82068DFF717F834
:109820006069DFF714F82000DFF711F82C00002C36
:10983000EED10020306070BD10B50100002901D1CB
:1098400005201FE051F80C0C002803D111F8020C80
:10985000FF2804D00800DEF7A8FD052012E0214C07
:10986000207801F8020C214802782148DEF7A3FE97
:10987000012806D14FF400512078DEF720FE0020A9
:1098800000E0042010BD70B5E4F7B1F90500184EF2
:109890003468002C15D054F80C0C002806D04FF476
:1098A000005110480078DEF70AFE05E04FF4005141
:1098B0000C480078DEF741FE002221003000DEF780
:1098C000E3FE2800E4F7C4F9200070BD58890020A9
:1098D0009FD602009EDE020037310020347A00203D
:1098E00066F80000078A00209ED602008AF7020070
:1098F0005C89002070B505002C68002C00F08C807D
:10990000DFF83C24106800280BD029792000126869
:109910009047C0B2012804D161894FF6FE70014022
:109920006181607B022840D1A07A80073DD52879EB
:10993000CD283AD02879F02837D0A07C00060FD562
:10994000A07E00280CD0A07EA07320680088F1F7CC
:10995000CEFA002809D14FF49870FFF785FB04E098
:10996000DFF8E0030078401CA073287900280BD1B1
:10997000002604E04FF49B70FFF776FB761C300066
:109980006979C0B28842F5D3A07B401EA073A07B4A
:10999000A07604206073DFF8B003008820812021C6
:1099A000DFF8A8030078DEF78AFD607B022802D08A
:1099B000607B062830D1A07AC0072DD529792000F8
:1099C000FFF72EFA61894FF6FE7001406181206831
:1099D0000088F1F78CFA002817D1287900280FD1D8
:1099E00040F22F10FFF740FB002420006979C0B23D
:1099F000884211D24FF49B70FFF736FB641CF4E7EA
:109A000040F23110FFF730FB06E02879002803D13F
:109A100040F22D10FFF728FB70BD2DE9F84F9AB0EA
:109A200007008846914605A81C21E4F797F8002412
:109A30005FF0000A012605A9380003F0EFF89DF851
:109A40002100002803D19DF82800002808D09DF8A7
:109A50001400400609D57889F1F749FA002804D0A6
:109A600040F23510FFF700FB24E19DF8140010F0E0
:109A70000C00042801D1012500E000259DF8140008
:109A800080062ED55FF0010A2800C0B2002828D138
:109A9000F0F78FFDB98980B2814203D197F82E008B
:109AA000000609D4F0F785FDB98980B2814218D04B
:109AB00097F82E00000614D497F82E00000604D55F
:109AC0007889B989ADF82E1000E0B88905A980B26F
:109AD000EEF74CFA002804D04FF49A70FFF7C4FA5E
:109AE000E8E097F82E00000617D49DF81400400611
:109AF00012D59DF8150010F0030F0DD19DF814003C
:109B000010F00C000C2807D09DF8140010F00C0089
:109B1000082801D0012400E000249DF8140010F072
:109B200003000100C9B2022904D105A9B88903F0D4
:109B30009CF9BFE00100C9B2012916D1E4B2002CA2
:109B400007D097F82E00000603D405A9B88903F0C2
:109B500008F905A80D90B889ADF83000B8798DF8EE
:109B600032000CA8FBF766FBA4E0C0B2002840F06E
:109B7000A180DFF8DCB19BF80B00012807D1B87990
:109B8000002804D14FF49A70FFF76EFA92E0022099
:109B90008DF86400B889ADF85C0097F82E000006D7
:109BA0003FD502208DF840007889ADF838009DF847
:109BB00017008DF842009DF816008DF84300BBF8A1
:109BC0002400ADF84400BDF81A00ADF84600BDF819
:109BD0001C00ADF848009DF82800ADF84A0009982F
:109BE0001390F88DADF85000388A8DF8520038790E
:109BF0008DF85300B87C8DF854009DF829008DF83D
:109C000055009DF82B008DF8560097F830008DF820
:109C1000570097F832008DF858000EA8EDF7BAF902
:109C200048E0EDB2002D22D0388A8DF82A00494D47
:109C3000286800283ED0F0F7BCFCBDF85C1080B26C
:109C4000814237D197F830000490F88D0390CDF819
:109C500008905FFA8AFACDF804A0387900902300C2
:109C6000DBB2424605A917A82C68A04722E0E4B25F
:109C7000002C03D005A9B88903F073F836480078A2
:109C8000012803D13800FBF7A7FE0600F6B2002E2C
:109C900010D0B87C0390CDF808905FFA8AFACDF81E
:109CA00004A0F87C00904346BBF8242017A905A81F
:109CB000FFF7CFF81BB0BDE8F08F80B5C0B2E3F777
:109CC0007DFB01BD80B5E3F7A8FB01BD80B5C9B23E
:109CD00080B2E3F71FFC01BD80B5E3F763FC01BD73
:109CE00080B5E3F777FC01BD80B589B2C0B2E3F778
:109CF000AAFC01BD10B504001548807B000708D4FC
:109D000016480068002804D0082115480078DEF7BE
:109D1000D6FB2000C0B2E3F7A8FC10BD10B50400CC
:109D2000C9B201290BD10021200080B2FCF7F0FA62
:109D30000C4802780021200080B2FBF7C7FF10BD5D
:109D4000908800204C31002022310020078A00201A
:109D5000347A002094880020F9890020A888002007
:109D6000048A0020BA16030080B592B2C9B280B24C
:109D7000E3F77CFC01BD3E0DF8B506000F001400B2
:109D800039883000C0B200F031F8002801D0B82086
:109D90002BE000F0D1F8AF490978C0B2884201D376
:109DA000B22022E01820DEF751FD0500002D01D180
:109DB00010201AE0002028602E7112223900A81D00
:109DC000DEF73AFDA4490868002801D10D6006E0DD
:109DD000096800E0096808680028FBD10D60E4B25A
:109DE000002C01D000F0EFF80020F2BD10B49A4A28
:109DF000126800E01268002A0FD013790400E4B260
:109E0000A34203D00300DBB2FF2BF3D1D3880C00B5
:109E1000A4B2A342EED1901D00E0002010BC704718
:109E200030B40A00D2B2FE2A01D1012400E000249D
:109E3000894A136806E00A001D79D2B2AA4200D10D
:109E400001241B68002B0AD0DA880500ADB2AA42B3
:109E5000F7D12200D2B2002AEDD0187900E0FE201E
:109E600030BC704730B4030000207B4A12680BE01E
:109E700014791D00EDB2AC4205D1D4880500EDB2D5
:109E800021F81540401C1268002AF1D1C0B230BC44
:109E9000704770B5704C2268002301E0130012680F
:109EA000002A17D015790600F6B2B542F6D1D5884A
:109EB0000E00B6B2B542F1D1002B02D1106820607D
:109EC00001E0106818601000DEF7C1FC00F07BF8BC
:109ED000012000E0002070BDF8B505005E4E30683E
:109EE000002405E0016821600768DEF7B0FC380057
:109EF00000280CD001792A00D2B2914204D1002C62
:109F0000F0D101683160EFE704000068F0E700F08D
:109F10005AF8F1BD10B4020000204F49096806E06C
:109F20000B791400E4B2A34200D1401C0968002957
:109F3000F6D1C0B210BC704700204749096801E063
:109F4000401C09680029FBD1C0B2704718B585B024
:109F50001421FF226C462000E3F7CCFD002400E032
:109F6000641C20003B490978C0B288420DD26B4680
:109F700014222100C9B289B20820DEF7D0FC01000A
:109F8000C9B20A29ECD1C0B200E0002006B010BD71
:109F900018B585B01421FF226C462000E3F7AAFD16
:109FA000002408E06B4614222100C9B289B20820BF
:109FB000DEF7F8FC641C200026490978C0B288420C
:109FC000F0D306B010BD30B585B000252248046836
:109FD00012E020798DF800001222A11D0DF102007F
:109FE000DEF72AFC6B4614222900C9B289B2082088
:109FF000DEF7D8FC6D1C2468002CEAD105B030BD1A
:10A0000038B586B00025002419E001A8009014237B
:10A010000022210089B20820DEF7E6FC00280DD1DD
:10A020009DF80400FF2809D000220DF106019DF8DB
:10A030000400FFF7A1FE002800D16D1C641C200065
:10A040000449097880B289B28842DED3280080B200
:10A0500007B030BD7E1C03008088002070B5DFF89B
:10A060007467044630780D4630B90FF2552214213A
:10A07000EBF7AEF9012131700C20DCF7BEFF0100D7
:10A0800001D1102070BD002008600C718D607268D5
:10A0900012B9716070BD024610680028FBD11160D2
:10A0A00070BD0322EBF723FA0AB070BD3CB589B04E
:10A0B00008AC8DF820200225120A8DF82120069484
:10A0C000012207920595029300249DF838200492FE
:10A0D000012503940195009500230322ECE02DE96E
:10A0E000F84F88B08346129D2E78F61CF6B28A4649
:10A0F00091461F463046DCF780FF040026D0DDF88D
:10A1000054802770691C3F0A67702878A070E01C93
:10A110002A78DCF77EFF5FEA080018BF012007906D
:10A12000069400220596039201929DF850109DF826
:10A130004C0004910122029000924B4604225146A9
:10A140005846EBF7D4F900F007F801E04FF010089B
:10A15000404609B0BDE8F08F80462046DCF763BF7B
:10A160002DE9F047054688B00E4692461F4601206D
:10A1700007B10220DDF8489000EB4904E4B2204624
:10A18000DCF73BFF5FEA000832D0414617B1119877
:10A1900001F8010B01F8019B0022139809E030F847
:10A1A000123001F8013B30F812301B0A01F8013B74
:10A1B000521C4A45F3DB01220792CDF8188028464D
:10A1C000059431469DF854509DF850200495002682
:10A1D0000396029201269DF8405001955346009641
:10A1E0000422EBF784F905464046DCF71CFF00E04B
:10A1F0001025284608B0BDE8F08778B589B003255A
:10A200000E9C8DF820308DF821400123240A0793FD
:10A210008DF8224008AC9DF84030059506940493D3
:10A2200000249DF83C5001261346039402950196A4
:10A230000096042236E72DE9F843804617460426A7
:10A24000380088B089461D4602D1AE78361DF6B278
:10A250003046DCF7D2FE040028D0277028886070D2
:10A260002988090AA1703FB9A878E070E91CAA788A
:10A27000201DDCF7CEFE01E00020E07001210791F7
:10A280000694059600229DF844009DF84010049025
:10A29000039201200291019000900123042249467B
:10A2A0004046EBF724F9FFF757FF01E04FF01008A5
:10A2B000404609B0BDE8F083EBF719F90BB030BDAB
:10A2C0002DE9F047064694B0736803F007000128B3
:10A2D00040F07A823268DFF8FC04117D406800E0CB
:10A2E0000068002806D004798C4218BFFF2CF7D1F3
:10A2F0008768002F00F06882908800284FF0FF09DF
:10A3000000F05782032800F00382042800F09F80A9
:10A31000062861D008286ED1C3F3C00000210028B0
:10A32000894619D1F07A082865D8DFE810F03F0097
:10A330003100210017003E00300020001600090007
:10A34000796B002908D0F0680278437802EB032487
:10A35000ADF800406846884738E20121386B002894
:10A36000FAD08DF800106846396B88472EE201213B
:10A37000F86A0028FAD000F04BFA8DF80120F06856
:10A380008278C37800F036FAF96A88471EE2012124
:10A39000B86A0028FAD000F03BFA8DF802108DF868
:10A3A00001206846B96A884710E20121786A0028CE
:10A3B000FAD0F06802788DF80020002A18BFFF2A32
:10A3C00007D0F0684278837800F014FA796A8847F9
:10A3D000FCE14FF08709F9E1C3F3C00000284FF01A
:10A3E0000009F8D1F07A02282CD9B0F1400121D02F
:10A3F000491E1AD0491E40F0E781386A0028EAD089
:10A40000F06801788DF80010F0684178827801EBEF
:10A410000223ADF80430C178007901EB0022ADF8D9
:10A4200006206846396A8847D0E1F8690028FBD0E1
:10A430008047CBE1B8690028FBD000F0F0F9B9699A
:10A440008847C3E179690029FBD08847BEE1C3F39F
:10A45000C000002840F0E480ADF81800122200216E
:10A4600007A8DCF7CCFDD6F80C8000F0BAF900277D
:10A47000F17A0024052900F2D080DFE801F0B094E1
:10A480003E241203009406AB3068007D00220321B5
:10A49000EBF761FFBDF81800002801D000F09CF92F
:10A4A000BCE03068007D0CA9FFF7DCFC0100F7D0B0
:10A4B000002000E0401CC2B28A42FBDB3068007D15
:10A4C000FFF70AFDAAE03068BDF81C10007DFFF719
:10A4D000E0FC002814BF00238B233768787D002818
:10A4E00004BF78880028EDD1BDF81C20B07A009216
:10A4F000012102900191032289E018F801AB20208C
:10A50000DCF77BFD04003AD0BAF1000F06D13068C9
:10A51000007D2146FFF7A6FC074618E0002511E064
:10A5200000F05FF908F102083068BDF81C10007DEA
:10A53000FFF75CFC28B1BDF81C00F9B224F811004B
:10A540007F1C6D1CE8B25045EADBF8B2A0B1FFF702
:10A55000F3FCC0F110003568B17A0591C0B2012258
:10A56000FFB2019004920394029700920123287D88
:10A570000222A91DFFF7F4FDFFF7EFFD4BE0F17A92
:10A580008DF8101089228DF811203068B17A03916E
:10A590000297012301930093811D8288007D04AB03
:10A5A000EBF77EFA37E03268507D002804BF508810
:10A5B000002833D1BDF81C10107DFFF717FC0028D0
:10A5C00012BF00228B2207A801233468B17A0093BE
:10A5D00001910346207DA11DFFF72DFE1BE000F039
:10A5E000FBF8010003D0B8280CBF8A208920376807
:10A5F000797D002904BF798800290FD1BDF81C306E
:10A60000B17A009301220192029103460022387D23
:10A61000B91DFFF7F2FDFF2400E00124A146D5E0BB
:10A62000F5681222002105A8DCF7E9FC14220021BC
:10A630006846DCF7E4FCF07A03284FF0000900F2EA
:10A64000C380DFE800F03232023229788DF80C1036
:10A65000002495F80180AD1CB8F1000F14D04FEA2A
:10A660004800DCF7CAFC04000ED08DF806800020FC
:10A6700007E02A786B7802EB032224F81120AD1C46
:10A68000401CC1B24145F4DBB86B48B13168881D4C
:10A6900000906846F17A8DF804100294B96B8847EF
:10A6A000002C01D0FFF759FD90E015F8010B8DF853
:10A6B00005002978687801EB00229DF80500ADF8C7
:10A6C0001420002804BFF07A01280DD1AA78E91CD3
:10A6D000102AA8BF0F228DF816200DF11700DCF705
:10A6E00098FC0DF116000490B86B00286ED031680C
:10A6F000881D00900122F17A8DF804108DF8062053
:10A7000005A902918DF80C906846B96B88475DE009
:10A71000C3F3C0000028F07A32D128B900F072F8F3
:10A7200098B2DFF7FEFB4CE0012820D10020ADF805
:10A730000400B96819B1901D0090684688473068D8
:10A740000021009101AB8188007D0022EBF703FE20
:10A75000BDF80400002834D03068B17ABDF8042078
:10A7600000910123811D007DFFF7A0FC2EE0402811
:10A770002AD1386928B300F052F83969884720E0B7
:10A7800010BB911D0291F0680178407801EB002226
:10A79000ADF80C2002A8F1F7FDFFF96889B1306827
:10A7A000821D009200F02EF8ADF80430684688470C
:10A7B00007E0C3F3C00020B9F07A28B9386800B1C7
:10A7C00080474FF0000901E04FF00109484614B0FE
:10A7D000BDE8F0879C8700203068007D424607A9CD
:10A7E00029E098F8000098F8011000EB0122ADF87C
:10A7F0001C2070478DF8041002EB0324ADF80240D2
:10A8000068467047F0680278407802EB0023704792
:10A81000F06802788DF80020F06842787047911D4A
:10A820000091F06801788DF80410F06841788DF897
:10A83000051068467047FEB50446164600208DF8A0
:10A8400004000D46B778009001AB00220421204699
:10A85000EBF781FD9DF8040040B1102FA8BF0F2732
:10A86000AF703A46F11CE81CDCF7D3FB0122294605
:10A870002046FFF781FAFEBD80B500F0B5F8BDE8CF
:10A880000240374800F0E4B810B5364C207860B983
:10A8900004F11401012000F0B9F8606028B1012131
:10A8A000217004F1080100F09BF8207810BD10B56C
:10A8B0002C4C207820B1606800F08AF800212170CB
:10A8C00010BD70B5274E3478FF2534B101EB00314F
:10A8D000706800F0C1F800B90025284670BD38B591
:10A8E000204D13462A78FF2432B10A460146686893
:10A8F00000F0B2F800B90024204632BDF8B5194E78
:10A900003478FF2544B101EB0031042770680097CB
:10A9100000F0A9F800B900252846F2BD7CB5114E1B
:10A9200034781346FF2544B1062200920A460146B8
:10A93000706800F098F800B90025284676BD10B57B
:10A94000084B01461878FF2438B158684FF48052FC
:10A95000090300F040F800B90024204610BD0000B3
:10A96000C8840020B484002010F8012B11F8013BAA
:10A970000AB19A42F8D0D01A704701010146000985
:10A980000A2212FB00100909A0EB0110C0B27047A7
:10A990000A2290FBF2F2062101FB0200C0B27047CE
:10A9A000020900BF06A30F2A94BF9A5C2A2200F076
:10A9B0000F000A700F2894BF185C2A204870704757
:10A9C00030313233343536373839414243444546E5
:10A9D00001680A68104710B503689C68A04710BD5D
:10A9E0000268D3681847000030B51648047881B073
:10A9F00034B1154D55F80C0B01698847641EF9D127
:10AA000012490120087001B030BD000070B50C463D
:10AA10000E4905460878002608B9FFF7E5FF094901
:10AA20000A78284690420BD20CB900BF13A405EB5C
:10AA30004503054A9B002146D458A2699047064623
:10AA4000304670BDAE7F0300882F00000C8A0020C6
:10AA50000AA10A680260704730B581B00468E569F0
:10AA6000A84701B030BD70B582B0069C009405685F
:10AA70006E6AB04702B070BD000000000000000028
:10AA800010B518B910BD93B2CC5CC45413465A1E0D
:10AA90009BB2002BF7D110BD08214208C007104619
:10AAA00044BF564A5040491EF7D170472DE9F04F38
:10AAB00087B016461C00059018BF14F1010F0DD089
:10AAC0009DF84020012A02D14D4B9C4206D2DFF86E
:10AAD0003491019122B94C4A944208D3002089E074
:10AAE0004FF480734A460021FFF7EBFE05E0414337
:10AAF0004FF480724846FFF7C3FF0198059A641E21
:10AB0000B4FBF0F15218D2B204924FF4807B01985A
:10AB100000FB114405A8641CA4B202944FF0FF345A
:10AB2000057802980299ADF8026000120390039A2A
:10AB3000A1EB0221069101E09DF800500498A84283
:10AB400055DB854206D103AA0698167828B1761CF3
:10AB5000F6B202E0019E3604360E681C4FF0000883
:10AB60008DF800000BE0701E80455B464A4612BF20
:10AB7000E8B200219DF80000FFF7A3FEB846B045FB
:10AB8000DADA701E804504BF04998D4208D1069818
:10AB900030B102990398A1EB00201FFA80FA00E07F
:10ABA000DA460598854209BFB8F1000F0027BDF8C5
:10ABB00002700C3709E019F80000604000F0FF0057
:10ABC000FFF76AFF80EA14247F1CB8B25045F2DB1D
:10ABD00008F101079DF8400039020028C3D1019B0C
:10ABE0005A4603FB05114846FFF74AFFC6E74FF0F8
:10ABF000FF30604007B0BDE8F08F00002083B8ED63
:10AC000001001000BC06002001000B002DE9F041FE
:10AC10000E462C21AE4A4843104447697D7805F022
:10AC20000F05022D18BF032D21D090F801800021BF
:10AC30004046F7F772F906B10126012D08BF00263C
:10AC40003C780027F8B240450DD024FA07F0C00741
:10AC500009D500223146F8B2F3F7F8FB18B101210B
:10AC6000F8B2F7F75AF97F1CF8B20828EADBBDE81A
:10AC7000F0812DE9F84F03460A464FF0010909FA21
:10AC800003F1C9B24FF0000C05E0022C5CD0032C9C
:10AC900026D00CF1010C8F4C25785FFA8CF0A8427D
:10ACA00054D25FFA8CF72C2489486743C61935784B
:10ACB00005F07F05212DECD175692F786C780F4256
:10ACC00004F00F04E5D0012C834FDED196F901107A
:10ACD000387809FA01F10140481E8041C00F36E082
:10ACE0000020824232D10026984609FA06F1022C51
:10ACF00014BF4FF0000C8C462A780A421CBFF2B2F7
:10AD000090451CD03B7819405FFA8CF0814216D1F7
:10AD1000022C19BFCA4681214FF0000A802100226F
:10AD2000F0B2F3F793FB83465146F0B2F3F782FBA0
:10AD3000BBF1000F03D00121F0B2F7F7EEF8761C5B
:10AD4000F0B20828D1DB01E00120CAE70120BDE80C
:10AD5000F28F02280B4603D102F00101184655E795
:10AD600070470000FEB51C4605462F462C231046B2
:10AD7000574E089A5F43F319FE2A5E6947D17278ED
:10AD800002F00F03042B42DB12098A423FD1099AD9
:10AD900001AF009700232146F6F72AFE0146FF295E
:10ADA00035D0B078002818BF814230D172789DED3F
:10ADB000010AF2EE040A60EE200A02F00F02FDEE34
:10ADC000E00A0021121F10EE900A032A00B21ED8DA
:10ADD000DFE802F0020C1115B6F90420904200D110
:10ADE00001212846FFF712FF0120FEBDB6F904201D
:10ADF0009042F6DBF4E7B6F904208242F9E7B6F9AF
:10AE000004209042A4BFB6F906308342F1E7002047
:10AE1000FEBDF8B52F4D2E492A7804462C2042431A
:10AE20008F1807F108062D497E61396200230093CF
:10AE30006A4601212046DBF7EFF938B100987178B6
:10AE400030700098000C60F303017170802087F867
:10AE5000280023497962707800F00F00042814DB81
:10AE60000099090D40EA0110707000210098000E51
:10AE7000B07000916A4602212046DBF7CDF920B17F
:10AE80000098B0800099090CF180707800F00F00F4
:10AE9000012818D03078134AB2F829600021012324
:10AEA0008B40DBB2184218BF1E4204D1491CCBB202
:10AEB000082BF4DB07E008480178194018BF01218E
:10AEC0002046F3F7B7FA2878401C2870F1BD00003F
:10AED000346F0020E2890020E189002053AD020098
:10AEE00065AD02003023000070B50023002412E09D
:10AEF000DB2D0BD1DB2301F8013BDE2505E03B2DEB
:10AF0000F6D1DB2301F8013BDD25334601F8015B77
:10AF1000401C5B1C641CE5B2954208D205785E1C9F
:10AF2000212DECD1DB2301F8013BDC25EDE7D8B284
:10AF300070BD37B521228DF80020102300F00F02DC
:10AF40008DF8012019B1FE280CBFF023E0231A432D
:10AF50008DF801200DF10201012202A8FFF7C4FFC4
:10AF6000851CE9B23B200DF801006D1CE9B2684672
:10AF700001F0A2FFE9B26D1C0DF80100EAB26946CA
:10AF80000020F7F7A0FA2FBD38B505460120DBF702
:10AF900098F904001FBFE8686060287C002849D049
:10AFA0000021032828D0052823D00F2830D01028CE
:10AFB00028D01B2829D01D2815D01F282ED02528A1
:10AFC00029D027282DD02F2819D035280ED03E285B
:10AFD00006D0492828D0602808BFDFF87C1725E074
:10AFE000DFF8781722E0DFF878171FE0DFF8741732
:10AFF0001CE0DFF8741719E0DFF8701716E0DFF8CF
:10B00000701713E0DFF86C1710E0DFF86C170DE035
:10B01000DFF868170AE0DFF8681707E0DFF8641761
:10B0200004E0DFF8641701E0DFF8601711B1201DBC
:10B03000DBF742F9204632BDF8B5DFF854673778C0
:10B0400004461546F3F7F6F93278974205D02946BB
:10B050002046BDE8F440F6F760BFF1BD2DE9F84F9A
:10B0600084B08246012918BF022906D0042940F085
:10B07000278102E07870022121705046F7F717FA15
:10B08000002840F6B83BDFF80C6700F0138101227E
:10B0900003A95046F7F70FFA9DF80C00DFF8F87691
:10B0A000DFF8F846212804BF21780129E2D0207872
:10B0B0000128E2DD7D1E9DF80C302A5C3B54401CCB
:10B0C000C1B28129207051DA3B2AD6D1A0F1010802
:10B0D000A8F10101C9B2781C01F0EEFE21786A5C8A
:10B0E000904243D10023002100220FE07B1CCDB20F
:10B0F000585508E0DE2806D11946DB237D1C5FFA8F
:10B1000081FE05F80E30491C0346521CD0B2404562
:10B110000FD2781CD5B2DB2B405DE7D14B1EDC286B
:10B1200002D119462123E9E7DD28E3D119463B2363
:10B13000E4E7C91EC8B2012818DDBB781A090E2A37
:10B140000CBF01200020491EFD780F2A03F00F08D4
:10B1500024D1022D0BD0032D17D0E02D06D1DFF81E
:10B1600040060178A1F12005EAB29AB99FE0307853
:10B170002021DDF7A4F9DFF82C06018841F0020157
:10B180000180022200F06EF904E001220021FF207C
:10B19000F6F740FDEAB200F065F988E04FF00009EB
:10B1A00001E009F10109DFF800361B785FFA89F246
:10B1B0009A427CD25FFA89FE2C23DFF8F02513FB3C
:10B1C0000EFE02EB0E067278424502BF337803F0A2
:10B1D0007F033A2BE5D160B1032D68D10322012111
:10B1E0004046FFF7A6FE012200214046F6F712FD79
:10B1F0005DE0F078CAB2012A00F00F0037D138B311
:10B20000022808D0032852D1042D50DC294640469C
:10B21000E1F781FB4BE006F108077868057000F064
:10B2200052F83D72F078810641D40022294640460A
:10B23000FFF702FF0020012107F1080202900191AF
:10B2400000922023002208214046DCF778F92EE006
:10B2500029464046FFF7F0FEF078410627D5307AC0
:10B260005A46402100F00F00DAF783FF1FE0C9B211
:10B27000042908BF01281AD1F91C06F10C00DDF7DA
:10B28000DBFA00F020F8F078810610D43046FFF7A2
:10B290007BFE05000BD00020009000232A1D5FFAE2
:10B2A00089F14046DCF77AFA2846DDF7D0FA01202A
:10B2B0002070E2E630785A464FF40071DCF758FE11
:10B2C00005B0BDE8F08FF01C017841F0100101706D
:10B2D000704738B52C23DFF8D44458432044C57850
:10B2E00005F00F05012D01D0002032BD80290AD0C4
:10B2F000C11C0B7803F0EF030B7043F020040C70BB
:10B300004FF4FA7100E00021116001224078012120
:10B31000FFF70FFE012032BD2C21DFF890244843B7
:10B320001044C37803F00F03012B06D1C11C0A7827
:10B3300002F0DF020A70D20601D40020704723E633
:10B340007FB50C2A08BF552B4BD108990A0003D1B1
:10B350000A980421018042E02C22DFF85034099D34
:10B3600050431C18012915D1E078060900F00F00A0
:10B37000012806F0010603D160780122FFF7D9FD0C
:10B38000300005D0042204F10C012846DDF754FA00
:10B39000304627E02968039121228DF800200422FD
:10B3A000607800F00F0040F090008DF801000DF182
:10B3B000020103A8FFF798FD841CE1B23B200DF8C1
:10B3C0000100641CE1B2684601F076FDE1B2641C44
:10B3D0000DF80100E2B269460020F7F774F8012089
:10B3E00000E0002004B070BDF8B504460D466806C4
:10B3F00048BFF3F714F8A80614D5DFF8A463DFF804
:10B40000B07330783978814206D0A0F12002D2B2F0
:10B4100000F028F8307838704FF47A7220212046F6
:10B42000DAF7A7FEE9061CD52C20DFF88023444379
:10B430001319D87800F00F00022806D1197C18469D
:10B44000BDE8F8400022F7F7B1B850B95878D049B4
:10B450000B78012282401A4018BF0122BDE8F84053
:10B460001AE0F1BD0121FE2063E502280B460BD155
:10B470002C20CE494343C818C37813F00F0F0AD1CC
:10B48000407802F0010207E0012818BF002802D12D
:10B4900011461846A8E7704700214AE5F8B504466A
:10B4A00016460D462A462C20C04942438818022CD5
:10B4B000C76804D106F00302294602200EE0012CE1
:10B4C00001D020000FD131462846FFF78DFF4FF6FF
:10B4D0008F70064007D03246294620467B6801B06F
:10B4E000BDE8F0401847F1BDC36831B1C078C1066E
:10B4F0004CBF18780020107070471278407818E51B
:10B50000FCB586462C26A94F16FB0EFE83B007EB32
:10B510000E060A9D0B9CDDF830C0F7680C2A08BFA8
:10B52000552B3FD1280003D10420ACF8000037E0B0
:10B53000012D12D1F5782D0915F001050BD03B78BE
:10B5400000EE103AB8EE400A8DED000A042269467A
:10B550002046DDF771F928462AE004222146684694
:10B56000DBF757FD9DED000ADFED7A0A0025B4EE0A
:10B57000600AF1EE10FAA8BFFF2508DAB5EE400A1E
:10B58000F1EE10FAA4BFBDEEC00A10EE105AF01C86
:10B59000EAB2FFF799FE3D7000217078FFF7C9FC11
:10B5A000012005E00194CDF808C00095BC68A047D3
:10B5B00005B0F0BD80B5002100916A460221DAF79E
:10B5C0002BFE0098000B00F00F0002BD2DE9FC4798
:10B5D000754F764DDFF8DCA1814638782C24604326
:10B5E0002E18DAF80000884600281ABF00780028D4
:10B5F000F6F777FEDAF800106F4888625FF0140201
:10B6000006F1180070A1DCF757FC002000906A4694
:10B6100002214846DAF700FE0098F178000B00F0AE
:10B620000F0001F0F0010143F17001F0BF0198F843
:10B630000520D20941EA8211F170002297F800C07A
:10B6400000E0521CD3B263453BD26343EB5C03F092
:10B650007F033A2BF5D100240099090CCA0705D5C0
:10B6600096F8283043F0010386F82830890705D57D
:10B6700096F8282042F0020286F8282002283AD0C4
:10B680003978327A61F30302012832721ED10098B0
:10B69000000E307400253878401C38703CB14FF4EF
:10B6A0007A723878401E2021C0B2DAF762FD35B1D7
:10B6B0003878401E64221021C0B2DAF75AFDBDE886
:10B6C000F38741F080010124F170C5E700250328CC
:10B6D000F5D8DFE800F004031008F0E7DBE798F89E
:10B6E0000550ED09D7E706F1180000BF3BA1142271
:10B6F000DCF7E2FBCFE798F80500F578C2090023F4
:10B70000494600F07F00F7F711FA0020F570B0719C
:10B7100086F8019098F800102848B060B1700C20AD
:10B72000DDF794F8F06018B93878411E3970C6E733
:10B7300000210022002380E80E00316A4160726A15
:10B740001F49826071621F48306298F80550ED0908
:10B75000A4E7000001007F432C250000FA650000EB
:10B76000866E0000202500006E6800001E6B000041
:10B770003E6C000014250000182500001C25000068
:10B7800028250000AA6E0000242500004C2500009A
:10B79000E18900207D280020A07800201C290020BD
:10B7A0007C280020B4890020E2890020346F00202A
:10B7B000EA890020242900205DB00200E9B40200DB
:10B7C00001B502009DB40200D3B2020019B3020019
:10B7D0006BB4020041B30200000000000000000052
:10B7E000000000000000000041B302000000000063
:10B7F00080B5E2F7FCF9FC208DF800000122054934
:10B80000684601F088FBE2F727FD03490120086044
:10B81000FEE700BF110000007C0520431046344ABB
:10B820001378984200D3704710B52C21314C48430F
:10B83000205C00F07F00202820D12F482F4C017879
:10B840000B0705D5207819224FF08041DCF790FBDB
:10B850002B48417841F0010141704FF4006120789C
:10B86000DCF76BFE0021C820F5F73BFC2078BDE833
:10B87000104064224FF40051DCF77ABB10BD2DE973
:10B88000F8430C7804F03F08B8F1280F2EDA4E7810
:10B89000174D012004F01F012A7800FA01F92C202D
:10B8A000144942438F1807F108037B613146204653
:10B8B000DCF792F8032E18BF022E05D160064CBFAC
:10B8C00024F0400444F04004BC7049462A780D4BF3
:10B8D0004046F5F7DFFAA10901F0010181F001010D
:10B8E0002046DCF715F92878401C2870BDE8F18364
:10B8F000E2890020346F0020288500207D28002068
:10B90000028800201DB8020001680A68104701681B
:10B910004A68104730B50C4C237881B000227BB1C7
:10B920000A4C2578A8420BD209B900BF0FA100EB41
:10B9300040029200064B98189B581A69904702469D
:10B94000104601B030BD0000428A00209AA00300DA
:10B950003830000005A191E80C1080E80C10704709
:10B96000026853691847026893691847000000008D
:10B9700001000000000000001CB5DAF7CCFF3D4CD0
:10B980000146606810B1081AB42871D36160802044
:10B99000DAF70EFB01230A2204210820DAF70BFB59
:10B9A000642290FBF2F2D3B26FF0630111FB030348
:10B9B000332BA8BF521C40F6B83122708842A8BF72
:10B9C000C82040DA40F6543188420ADD40F6B832E9
:10B9D000101A3A214843642390FBF3F0C0F164004D
:10B9E00027E040F6B422904208DD081A18214843A7
:10B9F000A02290FBF2F0C0F12A001AE040F6881372
:10BA0000984209DD101A0C2148434FF4967390FBBD
:10BA1000F3F0C0F112000CE040F63502904211DB69
:10BA2000181A062148434FF4AA7290FBF2F0C0F1B5
:10BA3000060000EE100AB8EEC00ABEEEEF0A10EEE5
:10BA4000100A00E0002060700F20DCF7FFFE040009
:10BA50000ED0022020700E2207A1601CDCF7ECFE45
:10BA6000012000900F23224601210020DBF7EBFE8E
:10BA700013BD0000FC280020210020FD280020200C
:10BA80000020FC280020000001492422DCF714BA21
:10BA9000345000004068026802F204521068084006
:10BAA00018BF0120C0B270474068026802F2045219
:10BAB000116070474068026842F82C1F704738B523
:10BAC0004368DFF8AC48256818686B6801B0BDE8CA
:10BAD0003040184750F8382F11430160704750F834
:10BAE000382F22EA01010160704740F8441F704777
:10BAF00038B504460D46E2F77AF854F8481F0D436E
:10BB000008E038B504460D46E2F771F854F8481FCE
:10BB100021EA05052560BDE83240E2F799B8F8B59D
:10BB2000056846680C46002707E00168C9B205F1C0
:10BB3000440001F034FA7F1C641E306800F11801E3
:10BB40000A68D30601D4002CEFD13846F2BD90FA32
:10BB5000A0F0B0FA80F070474FF00041B0FA80F2E8
:10BB6000D14008407047C069012818BF00207047C5
:10BB70002DE9F843DFF800381C78A04286B015D2D2
:10BB80008046DFF8F89759F8385009F104000C4660
:10BB900050F838702078012804BF6068002805D06C
:10BBA0006078012804BFA068002801D10020BCE013
:10BBB000E2F71DF82979CA0702D5E2F749F8F5E757
:10BBC00041F00101297105F5E876E2F741F8E879DD
:10BBD00000F06100E871287A00F0FA0028722178FC
:10BBE00069716078A871E979207D60F30001E971DD
:10BBF00005F5847160680860A268326005F12C0266
:10BC0000E068D06023691361A369AB62637F5370FE
:10BC1000237F1370A37F93700023246A54610B6207
:10BC2000002405F15C035C608C62DC604C629C600B
:10BC3000546094601C61CC621C7000230B77B3606D
:10BC400018B90FF2ED30D060136197F84000DDF7BE
:10BC50001EF93A69F96805F1440001F069F9BA6919
:10BC6000796905F5867001F063F9DFF808170A684D
:10BC70003868D368984709F1040050F83840606A82
:10BC8000616C00F055F8206AA16C00F051F8E06991
:10BC9000012807D1A06AE16C00F04AF8E06A216D42
:10BCA00000F046F801F0DEF9B06009EBC804204668
:10BCB00000F0E0FA23460FF2E562042105F5EE708C
:10BCC000DDF74FF803A8E1F7BBFF039403AB387A25
:10BCD0000FF26132049005F10C007968E1F764FF1E
:10BCE000002105F17400FCF799FA0022002105F506
:10BCF0009E70FCF773FA6846DCF75AFF02946B46B5
:10BD000000220FF2A96105F1C400DCF7EFFE6B46DB
:10BD100000220FF2A96105F5C670DCF7E7FE796B2A
:10BD2000386808603A6B5060204607B0BDE8F08381
:10BD3000C0B2FAF777BF006850F8301F21F4807165
:10BD40000160704770B505462E68D6F8D801446882
:10BD5000F06ED0B16968C86BFFF7F9FEDFF8102606
:10BD60001368014620689C69A047040006D1284654
:10BD700000F0B6F82846BDE8704007E0F16E091BF8
:10BD800006F1440001F031F9F46670BDF8B50468BD
:10BD9000D4F8D8114E684568E1796F6B4A074DD5E4
:10BDA000E16E00294AD1A16CE26C891AFFF7B7FE57
:10BDB00018B104F17400FCF772FA694604F144000A
:10BDC00001F031F90028E06638D0E07900F07F001A
:10BDD000E0716079002818BF012805D12869E16E5B
:10BDE0004008884238BFE066E06EB0F5806F84BFDF
:10BDF0004FF48061E1660098E16E01444A1E7A606A
:10BE000043F6F072DFF87805B860B968E06E401E5E
:10BE100002EA00121143B960E86BFFF798FE32683E
:10BE2000012101FA00F042F8180F00F07FF8E86BEA
:10BE300043F8280F01212868FFF75AFEF1BDF8B535
:10BE400007463D68D5F834017E68002847D1694629
:10BE500005F5867001F090F80028C5F834013ED051
:10BE600000F003FA95F83C00C10606D5AC6B24B18E
:10BE70002B6C002210213846A047D5F83401B0F5CC
:10BE8000806F84BF4FF48061C5F834110099D5F8F4
:10BE90003421306B0A44531E036043F6F073DFF81D
:10BEA000E41481608268D5F83411491E03EA011355
:10BEB0001A438260D5F8D8114A681368B06B43F80A
:10BEC000280F02213068FFF713FEE879810706D4B6
:10BED0000220DCF7C7FFE87940F00200E871F1BD0D
:10BEE00070B504684668D4F8D8014168E06E0D4624
:10BEF000D8B10A68F06B42F82C0F01213068FFF7C7
:10BF000000FE00F013F8F06B00F041F8DFF8602459
:10BF10001368014628689D69A847E16E091A04F173
:10BF2000440001F062F80020E06670BDD4F8D8113A
:10BF30004A6813687047F8B504684568D4F8D801B2
:10BF40004168D4F834010E460027F0B10A68A86BA6
:10BF500042F82C0F02212868FFF7D3FDFFF7E6FF18
:10BF6000A86B00F014F8DFF8082413689D690146F7
:10BF70003068A847D4F834110746C91B04F5867009
:10BF800000F0DFFF0020C4F834013846F2BD03F2B0
:10BF900004531860DBE510B501684468886B60B134
:10BFA00091F83C00010708D5206800F144034FF4E4
:10BFB00080621A601146FFF78DFD2068BDE81040D1
:10BFC000402187E5006850F8301F41F4007101609E
:10BFD0007047006850F8301F41F48071016070476D
:10BFE0000220DCF73FBF80B5FFF7B6FD404202BD3F
:10BFF000F8B505460C461646002701E07F1C641E76
:10C0000054B1DFF87023136816F8011B2868D3F8C1
:10C0100018C0E0470028F1D13846F2BD006818305A
:10C02000006800F00800401E8041C00F704700000B
:10C03000704700002DE9FE4F8246DAF80460306850
:10C04000DAF8007000F14001D1F8008040F8448F28
:10C0500018F4F06F1CBFB86B002839D0F87900F0E5
:10C060007F00F87100215FEA485039601AD5B96C39
:10C07000F86C091A5046FFF752FD306804E0016879
:10C080008DF800109DF8002000F118010B68DA0609
:10C09000F5D53868401C3860F979C80904BF41F00B
:10C0A0008001F971306850F8049FF86B09F00F05B2
:10C0B0002840FFF751FD01001CBFBC6B002C03D0D2
:10C0C0003B6C3A685046A0472846FFF78CFF386320
:10C0D00007F5E879F16BD9F80800FFF7DBFC10B938
:10C0E0005FEA48604AD55046FFF7FAFE5046FFF730
:10C0F0004DFE787901283DD1B86E00283AD0DAF8A3
:10C1000000B00BF15C0501A90BF1440000F034FF15
:10C110000446E868A04238BF044668686B69019924
:10C1200022461844DBF7B8FE21460BF1440000F02C
:10C1300008FFE868001BE860696961186961002C04
:10C1400018BF0028DFD15046FFF7CAFE5046FFF760
:10C150001DFE9BF80700C10701D4E86850B9002113
:10C1600029700091DBF840306A696968DBF80841A2
:10C170005046A04707F17400FCF791F8B16BD9F86D
:10C180000800FFF787FC00281EBF07F5927420699E
:10C19000002843D05046FFF7CEFE5046FFF74FFE33
:10C1A000B87901282FD1E06868B307F5867502A930
:10C1B000284600F038FF8346E068584538BF83467C
:10C1C00060686169014402985A46DBF765FE59468A
:10C1D000284600F00AFF6069E16858446061A1EBFD
:10C1E0000B00E0605046FFF72AFEE16859B920785D
:10C1F00048B12170002000903B6C62696168D9F8F9
:10C2000000C05046E047206920B930684FF4006113
:10C21000FFF760FC07F59E70FCF741F85FEA0850F5
:10C2200021D5306850F8301F21F480710160F87911
:10C23000810710D500F0FD00F87197F83C008106E9
:10C2400006D5BC6B24B13B6C002220215046A04790
:10C250000220DCF79CFD00F008F8B87918B907F562
:10C260009E70FCF71CF8BDE8F78F30684FF4006152
:10C27000FFF735BCFEB50468456800BF5AA668469E
:10C28000DCF783FC04F1280156A00A79835C4A7923
:10C29000B05C8A7955A60343B05C364E37680A68AD
:10C2A000DDF80410D7F804C054A603432868E0471B
:10C2B000D5F8000040F2F271FFF717FC05F15400C9
:10C2C0004CA102788B5C41782A68705C034342F889
:10C2D000343F2846FFF747FC00281CBFA86AFF2808
:10C2E00004D000F051F841F4004103E000F04CF8B4
:10C2F00021F400410160E869012807D1E86AFF28BC
:10C3000004D000F041F841F4804103E000F03CF833
:10C3100021F4804101602A6802F12C00016841F09B
:10C320001001016002F13000036843F00103036073
:10C33000E86B00281CBFA86B002817D0012110460D
:10C34000FFF7DFFBE96BD4F8D801FFF7B3FBE96B2C
:10C35000D4F8D801FFF7A8FBE86BFFF7F8FB00F073
:10C3600017F8A86BFFF7F3FB00F012F8F7BD000019
:10C37000D4010010D00100103394030028300000D5
:10C380000180000C018000C0286850F8301F704701
:10C390000146D4F8D8010222FFF791BB80B50428EA
:10C3A00004BF1046FFF766FF002002BD0068C17998
:10C3B00041F02001C1717430FBF771BF38B50468DA
:10C3C000E17941F04001E17104F59E752846FBF7E3
:10C3D00066FFA07920B92846BDE83240FBF75FBF71
:10C3E00031BD000000204060000800000006028609
:10C3F0008200000000010203040000000008101881
:10C400002000000070B504462568E1F7F0FB064601
:10C41000E87941070DD440F00400E8712046FFF7A9
:10C42000BAFD6068FFF7CEFD2046FFF7AFFCFFF7CF
:10C43000D7FD3046BDE87040E1F70ABCF8B50446C8
:10C4400000262568E1F7D3FB07462879C10707D501
:10C450002046FFF777FC05F1440000F08BFD06460F
:10C460003846E1F7F5FB3046F2BD38B505686C7922
:10C470003CB9EC79E50704D401B0BDE8304000F0E8
:10C4800043BE4FF0FF34009400F059FE32BD1CB59E
:10C490004FF0FF34009400F03FFF16BD400D40F216
:10C4A0001E4C40EAC120BCEB115C40F0004003D4BC
:10C4B0008CF30701C84070476FEAE1707047035280
:10C4C0000068002818BF01F09FB870470068002876
:10C4D00018BF01F09CB8704770B50468C4B1FE295C
:10C4E000A8BF4FF0FF300DDA64256943FF2691FBAA
:10C4F000F6F6F6B24FF0FF30A0FB060164220023EF
:10C50000FBF754FF01462046BDE8704001F079B8C2
:10C5100070BD817A8B0607D4006828B1002A18BF45
:10C5200001F072B801F073B8704700002DE9F843CC
:10C5300080463348DFF8CC900C46017816468A07CF
:10C5400086B01F4610D441F002010170002004E0C3
:10C55000FF21C2B209F81210401C2B4A1378C1B255
:10C560009942F5D301F00AF800252848E9B241566E
:10C57000002904D46D1CEAB2042AF7DD37E06DB25D
:10C58000002D34D484F80480657109F81580E1F732
:10C590002EFB0C21804611FB05F11D4A5018515805
:10C5A0008A6890474046E1F753FB684601F020F85F
:10C5B000282F0CBF012000208DF8100001214FF41E
:10C5C000FA30102E8DF80010019006DA11A131F822
:10C5D00016100191802908BF019001218DF80810E3
:10C5E000002203926946E8B200F0E2FF10B94FF072
:10C5F000FF3001E02060284607B0BDE8F08300006E
:10C60000E7890020502B0020AF7F0300A42A0020E0
:10C61000A02F0000E803D007A00F401F803E007D40
:10C6200000FA8000040008000F001E003C007800A3
:10C63000F000E00130B400BF08A191E83C0080E8C0
:10C640003C0030BC7047024A02EBC00000F075B8F5
:10C65000602F00002421E1F781BA000002000000F1
:10C6600000000000FFFFFFFF0000000030B505469E
:10C6700081B02C68E1F7BBFAA178C1B900226270E1
:10C68000E1F7E6FA9B488168002944BF4FF0FF328A
:10C69000626099490160284600F016F8207A022865
:10C6A0000AD101B0BDE830409448FBF7F8BD01B0B5
:10C6B000BDE83040E1F7CCBA637A62696168246909
:10C6C0002846A04701B030BD10B584B00468606949
:10C6D000617A8B4A012990F8211004D112684069CF
:10C6E0009368984710E012689368684698476069B5
:10C6F00090F821204169684600F098FF002814BF97
:10C7000060686FF00300606040217E480160802215
:10C7100002600023C0F8FC320220DCF738FB7A48C4
:10C72000FBF7BDFD04B010BD00B581B000F0A9F964
:10C7300076490120087001B000BD70B505460C4671
:10C740002E68E1F754FA71490A780AB1317819B1C3
:10C75000E1F77EFA002070BD01213170E1F778FA2F
:10C7600004B96B4C207830726168316120780228FE
:10C770000CBFA0680020F0600A20DCF788FB284688
:10C7800070BD0268002111700A20DCF719BB2DE989
:10C79000F04F0D46804681B02868D8F80060846864
:10C7A000D0F80490D8F80470DFF85CA1F1689346E3
:10C7B0005046FBF769FD20B16FF0010001B0BDE804
:10C7C000F08F00217060B17086F809B07561424643
:10C7D00050495148E1F71DFA39782720E1F72CFA42
:10C7E0000622A1B2484600F0A6F988B94B4F454C45
:10C7F00039684A69272090470220C4F8FC020620C5
:10C80000F96C4A68904758B140202060802121602F
:10C810005046FBF744FD4FF0FF3001B0BDE8F08F0C
:10C820000220DCF71FFBFA6C95F820102869D36909
:10C830009847FB6C95F8211095F82000D3F800C0BC
:10C84000BBF1010F0CBF01220022E047E869C4F8E8
:10C8500050010021C4F85411A969C4F8581159B104
:10C86000D7F84CC06868DCF8109000230022C84755
:10C87000F96C2B488A699047307A042803D03968CC
:10C880000A6927209047EA68A868EB69FD6C2E6961
:10C890001946B047D8F8005001206870287A04285B
:10C8A00014D1F96C1F488A699047002844BF4FF0A3
:10C8B000FF3169600020687040460F49C4F8841356
:10C8C000FFF702FF686801B0BDE8F08F022808D1C9
:10C8D0004FF0FF310948FBF7D7FC686801B0BDE8AD
:10C8E000F08F002001B0BDE8F08F01224FE7022257
:10C8F0004DE7000088470240030000809477002045
:10C90000FC01001004440240447700203F8A0020CC
:10C910005CC602006DC60200E4770020B001001082
:10C920000200008001000080016042600021521E70
:10C930008160C260016141618361704770B50446E6
:10C940000E46E1F754F90546A06828B92846E1F7F4
:10C950007FF94FF0FF3070BDA0692169236802465E
:10C96000484319183046DBF797FA20696168401C84
:10C97000B0FBF1F201FB12002061A068401EA06034
:10C980002846E1F765F9A06870BD8168406881427A
:10C9900001D10120704700207047F0B581B00446F6
:10C9A0000F46E1F724F905466668A068B0421CD03E
:10C9B000E0682368401CB0FBF6F106FB1106A06995
:10C9C0000246704339461844DBF766FAA06861698D
:10C9D000E660401CA060884238BF08466061284677
:10C9E000E1F736F9A06801B0F0BD2846E1F730F96B
:10C9F0004FF0FF3001B0F0BDDFF800F019D70210A2
:10CA000010B50446034BFFF7F7FFA06800B90024F8
:10CA1000204610BD882D002001488068704700BF67
:10CA2000E410002038B504460D46F9F7B3FF616AFB
:10CA30000D436562F9F7AFFF2046BDE83240FBF7D2
:10CA400069BBAB0070B50D46044615F1010F08BF78
:10CA50000525F9F79FFF06460120A840A061656102
:10CA60002946054A5069F9F793FFA0623046BDE8B0
:10CA70007040F9F790BF00BFE41000207047001528
:10CA8000FEE730B583B0E1F7B2F8124D04462878DE
:10CA9000D0B96846E1F7D4F84FF0FF310022019198
:10CAA0008DF808206B460C4A272105F1A400E1F718
:10CAB0007BF80121281DFBF7B1FB002105F1540093
:10CAC000FBF7ACFB012028702046E1F7C1F803B06A
:10CAD00030BD00004077002081CA0200F0B5002977
:10CAE00018BF0028444C0BD0444D03262E60AF687D
:10CAF00017F0030FFBD10125414E35602060A16086
:10CB0000002B18BF002A04D03E4901200860226291
:10CB1000A362F0BD10B504460120E1F7A5FB37493B
:10CB2000886820406FF39D000028F5D08868044095
:10CB30000C60204610BD2DE9F04788B080460D46B8
:10CB4000924620216846E1F709F80026102D05D00D
:10CB5000182D05D0202D08BF032602E0012600E095
:10CB600002260127284CDFF8A49007FA0AF767602D
:10CB70002720D9F800104A69904725480121016013
:10CB800003222449426001230B608260A068864230
:10CB900018BFA660182D27600BD1182241466846A1
:10CBA000DBF77AF90023002220216846FFF796FF81
:10CBB00005E00023002229464046FFF78FFF164874
:10CBC000FFF7A8FFD9F800100A6A0546272090470A
:10CBD000D9F800100A692720904715F0404F04D17A
:10CBE000606820FA0AF0C10701D4012000E00020AB
:10CBF00008B0BDE8F08700000440024088470240CA
:10CC0000000048420004484200440240B0010010C5
:10CC10008047024000470240030000C010B40022D9
:10CC20008A700022CA70027F0A75826A00234B73E1
:10CC300000238B80838D4B83C3894B8113780B70CA
:10CC4000531C0C7814F003042200D2B2032A04DB34
:10CC5000002048730020087581E02200D2B2002A2B
:10CC600002D0E4B2022C3FD10A7812F00C02140078
:10CC7000E4B20C2C05D00C78E40602D41C788C703D
:10CC80005B1C1400E4B2082C02D101240C7301E0F7
:10CC900000240C73D2B20C2A07D11A785C782402D3
:10CCA00054FA82F28A809B1C0AE0427912F0030255
:10CCB000012A05D10A7852F00C020A7042898A8052
:10CCC0000A78D20610D41A785C78240254FA82F2D8
:10CCD000CA809A1C13785478240254FA83F30B8187
:10CCE000921C1378CB70531C1A784A755B1C0A7817
:10CCF000120620D51A784A705B1C4A7812F0FC0F95
:10CD000004D14A7812F00302032A04D100204873A8
:10CD10000020087523E04A7812F0030F0DD01A782E
:10CD2000CA755B1C0A7812F00302022A05D11A7830
:10CD30000A765B1C01E000224A700B610C7D826A5E
:10CD40009B1AE31A0B75037F0A7D9B1A4B73007FB6
:10CD50000A7D904203D2002048730020087510BC61
:10CD60007047F8B586B005000C00267816F00C0662
:10CD70002078000601D556F0800656F0020620788D
:10CD800010F00300012801D156F01006207880062B
:10CD900001D556F020060C2100226F463800E0F73E
:10CDA000A9FE8DF8026060788DF80300ADF80050A0
:10CDB00001208DF805006846EBF768F89DF814002F
:10CDC000002820D1012003994876A078039981F8A2
:10CDD0003A00E078039981F83B00E0880399C8871E
:10CDE00020890399A1F84000607D039981F84900EA
:10CDF000207E039981F84C00E07D039981F84B0077
:10CE00006846EBF790F807B0F0BD10B40022437B02
:10CE1000042B26D1037C002B23D14369002B20D087
:10CE20004069037813F00303DBB2002B19D1437B75
:10CE30004C68647DA34214D143890C88A34210D16D
:10CE400083884C68E488A3420BD180784B689B7838
:10CE5000984205D04868007810F00C00042800D1F2
:10CE600001221000C0B210BC70471CB50B005978ED
:10CE700011F0030F0AD00E4C2168002916D00022B1
:10CE8000010089B21800236898470FE0ADF8000050
:10CE9000019369460748FCF774FC002806D0062178
:10CEA000417300210068407BECF775FA13BD000068
:10CEB0009C8800200BCE020010B502460020002303
:10CEC00002E0145D00195B1CDCB28C42F9D3C0B2E5
:10CED00010BD30B50346FF20002400E0641CE2B220
:10CEE0008A420BD29A5C504008224500000654BF8B
:10CEF000284685F03100521EF7D1EFE7C0B230BDB1
:10CF00000221E6E780B508490A6853699847074A4D
:10CF10000021116002BD38B5034B1C68A569A84704
:10CF2000024A0021116032BDA80100108404604251
:10CF3000016042600021521E8160C2600161416156
:10CF4000704770B504460D46E0F751FEA16862686F
:10CF50000E46AE4288BF2E46891BA160216971181A
:10CF60002161B1FBF2F302FB13112161E0F770FEC6
:10CF7000304670BD8068704770B504460D46E0F7D6
:10CF800036FE21696268A668521A964288BF164624
:10CF9000226811442960E0F75BFE304670BD30B571
:10CFA00081B004460D46E0F722FE6168A2688A421D
:10CFB00015D0E268521CB2FBF1F301FB1321226889
:10CFC0005554E160A1686269491CA160914238BF73
:10CFD00011466161E0F73CFEA06801B030BDE0F7AA
:10CFE00037FE4FF0FF3001B030BD70B504460D463E
:10CFF000E0F7FDFDA1686268531AAB4238BF1D46D9
:10D00000E368EB18B3FBF2F6691802FB1632A16075
:10D01000E260A1686269914238BF11466161E0F740
:10D0200017FE284670BD70B506460C46E0F7DFFDDA
:10D03000F1687268491CB1FBF2F302FB1313B1688B
:10D04000D51A521AAA4238BF154632681A442260CD
:10D05000E0F7FEFD284670BD40680268012142F8F5
:10D060004C1F7047F0B5164C666883B0276830795E
:10D07000DBF70DFFE0F7BBFD05463878D0B9684611
:10D08000E0F7DEFD00946B46B0790E4A0190381D42
:10D090007179E0F789FD012038704FF0FF31326877
:10D0A00042F82C1F01233068074900F10802116083
:10D0B00040F8043F2846E0F7CBFD204603B0F0BD22
:10D0C000782F000059D002000018002070B5446885
:10D0D0000568E0F78CFD0646287880B12079DBF7FB
:10D0E00085FD012808D12168002041F8040F281D82
:10D0F000E0F77BFD002028702079DBF761FE3046E9
:10D10000BDE87040E0F7A4BD2DE9FC4180460F4624
:10D1100014461D46002000266CB14FF0FF300090F1
:10D1200001ABA21BB919404600F009F801998E190C
:10D13000641A0028F0D005B12E60BDE8F6812DE913
:10D14000FE4F80460026D8F8004089461746002B3F
:10D150000CBF0DF1080A9A46CAF80060E0F747FDD7
:10D160002179CA0704D4E0F773FD6FF00E00D1E017
:10D1700004F15C05297821B1E0F76AFD6FF0080041
:10D18000C8E001212970E27902F0D702E271C5F806
:10D190000490AF60EF606E612663E0F759FD404692
:10D1A000FFF730F9607938BB0C9911F1010F23D0EA
:10D1B00011B304F1C400DBF700FD04F1C400DBF798
:10D1C00000FD19E058B14046FEF7E0FD6179E079D5
:10D1D000012962D0C1075FD4E86800285CD03846D6
:10D1E000E0F736FD6079012800F081804FF0FF31D3
:10D1F00004F17400FBF748F8E0F7F9FC0746E8682B
:10D20000002877D0E07901070DD4800611D440467C
:10D21000FEF798FD002104F17400FBF735F838465D
:10D22000E0F716FD08E000F0F700E0716FF00D0682
:10D2300060E06FF00C065DE001A904F14400FFF727
:10D240009BFE0746E0F7D3FC8346E868B84238BF48
:10D250000746686901993A464844DAF71DFE39469F
:10D2600004F14400FFF76DFEE868C01BE860584613
:10D27000696979186961E0F7EBFC002F02DDE86865
:10D280000028D9D1E0F7B3FC617907466869022923
:10D2900098D190BB6FF00F062FE0C10701D4E8686A
:10D2A00088BBEE602E703846217A41F0020121726F
:10D2B000E0F7CEFC207A00F00300022817D1E0F757
:10D2C00096FC217A01F0FD0141F001012172E0F7A5
:10D2D000BFFC0096236C6A696968D4F808C14046AF
:10D2E000E047207A00F0FE0020728007E7D4E0F7E4
:10D2F0007EFC07466079012805D00021297004F1E1
:10D30000C400DBF760FC6869CAF800003846E0F743
:10D310009FFC3046BDE8FE8F2DE9FE4F8046D8F8D1
:10D320000040D8F80400009089461746002617B937
:10D330006FF0090020E1002B0CBF0DF1080A9A469E
:10D34000E0F755FC83462079C10705D45846E0F73D
:10D350007FFC6FF00E000FE104F59275287828B17C
:10D360005846E0F775FC6FF0080005E1E07900F041
:10D37000EF00E07101212970C5F80490AF60EF6003
:10D380006E6100F0BF00E07166630098FEF721FE59
:10D390005846E0F75DFCE0F730FC78BB94F83C00C1
:10D3A000C10605D5236CA66B002210214046B0476C
:10D3B0003E46009F686909EB000231463846FEF799
:10D3C00017FE69694118361A6961F3D13846FEF7CC
:10D3D00025FE0028FAD03846FEF7ADFC94F83C0054
:10D3E000810605D5236CA46B002220214046A0476E
:10D3F000002028706969CAF80010BDE0A079E0B982
:10D400000C9911F1010F18D0B9B104F5C670DBF712
:10D41000D4FB04F5C670DBF7D4FB0EE00129E86805
:10D4200063D0002800F085803846E0F711FC4FF00B
:10D43000FF3104F59E70FAF727FFE0F7D8FB0746A7
:10D44000E868002812D0E079C1060AD440060ED45C
:10D45000002104F59E70FAF717FF3846E0F7F8FB55
:10D4600008E000F0EF00E0716FF00D0674E06FF07F
:10D470000C0671E001A904F58670FFF7D4FD07469C
:10D48000E0F7B5FB8346E868B84238BF07466869ED
:10D4900009EB000101983A46DAF7FEFC394604F53B
:10D4A0008670FFF7A2FDE868C01BE860584669690E
:10D4B00079186961E0F7CCFB002F02DDE8680028ED
:10D4C000D8D1E0F794FB0746686928B10098FEF7C9
:10D4D00080FD4046FEF7B3FCA17902299ED1686920
:10D4E00000283CD16FF00F0639E000283DD1002123
:10D4F00029703846E0F7ACFB207A40F00800207233
:10D5000000F00C00082824D1207A00F0F70040F049
:10D51000040020720096236C6A69D4F8D0C1494691
:10D520004046E047207A00F0FB0020720007EBD471
:10D530000FE089B93846E0F78BFB04F59E774FF092
:10D54000FF313846FAF7A0FE4FF0FF313846FAF7C0
:10D550009BFEE0F74CFB0746A079012805D000218F
:10D56000297004F5C670DBF72EFB6869CAF8000065
:10D570003846E0F76DFB3046BDE8FE8F70B5E0F74A
:10D5800036FB18490546087860B9012216480A702A
:10D5900004783CB1154E304656F80C1B8A6890470B
:10D5A000641EF8D12846BDE87040E0F751BB00008A
:10D5B00030B50C4C237881B000227BB10A4C257821
:10D5C000A8420BD209B900BF12A100EB40029200A1
:10D5D000064B98189B58DA6890470246104601B0EF
:10D5E00030BD00000E8A0020AF7F0300A02F000096
:10D5F000F0B400BF07A191E8FC0080E8FC00F0BC9B
:10D6000070470268136918470168CA6910470168C2
:10D610000A6A10470100000040420F0001000000AC
:10D6200000000000000000000000000003B481B012
:10D6300000208DF800005AB3D1070DD5019802994A
:10D640009DF8003090F800C0087880EA0C0C4CEA95
:10D6500003038DF800300120520819D00199029B74
:10D660009DF800C0095C1B5C594041EA0C0C8DF828
:10D6700000C0401C0199029B9DF800C0095C1B5C26
:10D680005940401C41EA0C0C521E8DF800C0E5D1F7
:10D690009DF80000401E8041C00F03B07047080590
:10D6A00030B514462C219D4A4843104400F108052A
:10D6B00085B02B788DF80030817801F03F028DF82D
:10D6C000042001F01F01012202FA01F10291C17848
:10D6D00000F0A4F804918DF80C306846E97800F069
:10D6E000ABFA01001CBF28792060080018BF012098
:10D6F00005B030BD2DE9F0432C21884A4843161867
:10D7000006F1080789B038788DF810000122B0784A
:10D7100000F03F0100F01F008DF8141002FA00F035
:10D7200006900225F17800F079F88DF81C30089108
:10D730006A46022104A800F071FB02280CBF0124F4
:10D74000002404A800F01AF914B96D1EF0D161E0AC
:10D750009DF800009DF8011041EA0021F1810C20A4
:10D76000FA8842430A21B2FBF1F0BA78012A08BFD5
:10D77000400800034FF40061002428B99FED650ABA
:10D7800034E04000A4F58054B0F5805FF9D3B0F5E3
:10D79000005F24BF400804F58054F8D202460023FD
:10D7A0000C20A2FB028902FB039903FB02994FEABA
:10D7B00029334FEA1832002B42EA095207DB02DC18
:10D7C000B2F5005F03D35B104FEA32020C19491027
:10D7D000401EE6D140F2D1404443241300EE104AEB
:10D7E000BAEECA0ADFED4C0A20EE200ABDEEC00AEE
:10D7F00010EE100A401CADF80C000221002002902F
:10D8000003AA019100922123707800224FF48061D5
:10D81000D9F795FE002009B0BDE8F08301F03F0381
:10D8200001F01F0102FA01F170472DE9F0473C4D6C
:10D830003A4A2B7881462C2086B043430120D618E3
:10D8400091F800A091F802803649B07186F8038003
:10D85000B16100243448F06100946A4601214846D1
:10D86000D8F7DAFC00281EBF0098002804460027DD
:10D8700000976A4602214846D8F7CEFC30B1009F97
:10D8800007F00F07022F08BF1E2000D0C8203073FA
:10D89000B7722020012FF07204D0022F04BF232082
:10D8A000F07201E02121F17223213172E0B200B166
:10D8B0003472317A8DF804100AF03F0201210AF027
:10D8C0001F008DF8082001FA00F0039008F03F02D5
:10D8D00008F01F008DF8102001FA00F0059001A853
:10D8E00000F024F8707A00F0FE007072012101A8A7
:10D8F00000F0A2F9232101A800F09EF9012806D129
:10D90000707A40F0010070722978491C297006B0C5
:10D91000BDE8F0870000000000401C46346F002086
:10D92000E2890020A1D60200F5D6020081680069D4
:10D93000DFF8B424136C0B4313641160116C0143C2
:10D94000116410607047F8B500F0A3F8064600F0C7
:10D9500033F93C600C20396C294339643D60F4F79D
:10D96000CBFD00F029F93C610C20F4F7C5FD00F077
:10D970009CF8BDE8F2400C20F4F7BEBDF8B5846811
:10D980000769DFF86464E0F732F90546306C20433C
:10D9900030643461306C384330643760FA20316B66
:10D9A000394201D1401EFAD100F04FF8306C2043CB
:10D9B0003064346000F049F82846BDE8F240E0F7F2
:10D9C00047B92DE9F843067984680569DFF81874CA
:10D9D00000F0E3F8D6F80090E0F709F98046386CDB
:10D9E000A043386449F00059E0F701F90021731CA5
:10D9F00031704FEA1922B11C1A704FEA194C81F8A4
:10DA000000C04FEA196906F8039FE0F721F9386C66
:10DA1000284338643D6100F018F800F03FF8002614
:10DA2000FA20396B21420ED0401EFAD100F02EF8B8
:10DA300000F00EF84046E0F70BF96420F4F75CFDC7
:10DA40003046BDE8F2830126F0E74420E0F70CBC45
:10DA5000386C284338643D61386C204338643C613D
:10DA60002E20E0F701BCF8B500F013F80646FFF7EA
:10DA7000EFFF00F00BF800F011F800F016F800F0DE
:10DA800005F8BDE8F2402E20E0F7EEBB2E20E0F7CF
:10DA9000EBBB84680569D44FE0F7A9B8386C28431C
:10DAA00038643D602E20E0F7DFBB386C28433864D3
:10DAB0003D613046E0F7CCB82DE9F14F84B0826883
:10DAC000049BC94F00928B461C69E24302924FF0BF
:10DAD0000109E0F78CF801904FF0080A00F065F8B2
:10DAE00000F06AF83C61FFF7B0FF5FEA0B6005D514
:10DAF000396C009801433964009939604FEA0B6032
:10DB0000800F00F0010080F0010800F006F900F03D
:10DB100053F8B9F1000F3C6026D00498067B00F062
:10DB20003CF84FF000093568396C029801403964BF
:10DB300045F00055E0F75BF80021731C31702A0AAC
:10DB4000B11C1A704FEA154C81F800C02D0E06F872
:10DB5000035FE0F77DF89620396B214201D1401E2A
:10DB6000FAD100F029F83C6000F0D7F800F024F872
:10DB7000B8F1000F4FEA4B0B3C6101D000F015F8F3
:10DB8000BAF1010AB1D100F010F8FFF765FF019872
:10DB900005B0BDE8F04FE0F75BB8B60006F0FC0654
:10DBA00006F1804606F501267047396C009801435E
:10DBB0003964009939617047386C20433864704784
:10DBC00004B56B46012200F001F802BD2DE9F041D9
:10DBD00005460E4614469846FFF7B5FE29784906D5
:10DBE000090E00F04BF800F047F80027E0B1310AC9
:10DBF00004D000F043F800F03FF8A8B1F1B200F013
:10DC00003DF800F039F878B1200008BF01270BD0AB
:10DC100018F8011B00F032F800F02EF820B100F0E7
:10DC20002FF87F1C641EF3D12846FFF7A7FE00F0F3
:10DC300027F8F8B2BDE8F08180B500230022FFF795
:10DC4000C5FF012818BF002002BDF8B505460C46E7
:10DC500000271646200008BF01270BD016F8011B2D
:10DC600000F00CF800F008F820B100F009F87F1C73
:10DC7000641EF3D1F8B2F2BD2846A2E628461BE79F
:10DC80003220F4F739BC2DE9F0470479D0F8088048
:10DC90000769554DA40004F0FC0404F1804404F528
:10DCA00001244FF000092668DFF7A1FF8246286CA7
:10DCB00020EA0800286446F00056DFF798FF0021AC
:10DCC000631C2170320AA11C00F031F804F8036FC4
:10DCD000DFF7BEFF00F024F801260824286C384343
:10DCE00028642F6000F019F816B1002600F07EF8C5
:10DCF000286B4FEA490910EA080F18BF49F00109DB
:10DD000000F00BF800F00CF8641EE7D15046DFF786
:10DD10009FFF5FFA89F0BDE8F0872220E0F7A4BA00
:10DD2000286C384328642F612E20E0F79DBA1A70C2
:10DD30004FEA164C81F800C0360E70472DE9F84FB7
:10DD4000044689462178490041F001019046C9B254
:10DD5000FFF7B2FE00F09EF800284FF0000A3FD017
:10DD60005FEA090008BF01203BD0CA461E4D31E0E2
:10DD7000A6682769DFF73BFF83460C20F4F7BCFB5E
:10DD8000286C304328642E60FFF7C7FF286C3843A7
:10DD900028642F6000F02AF8FFF778FE286C3843DB
:10DDA00028642F61286C304328642E61FFF7B5FF8B
:10DDB0005846DFF74DFF0BE02046FFF764FF88F879
:10DDC00000005FFA89F00028D2D02046FFF74BFE12
:10DDD00008F101084846A0F10109C0B20028EBD1C2
:10DDE0005046BDE8F28F000090200240FA20296BD7
:10DDF000394201D1401EFAD17047F8B504460D46AC
:10DE000016461F46FFF79FFD380018BFF4F774FB56
:10DE1000324629462046BDE8F8408FE770B50446F3
:10DE20000D461646FFF78FFD324629462046BDE8CF
:10DE3000704083E72DE9F04104460D4616469846AA
:10DE4000FFF781FD21784906090E2046FFF734FED1
:10DE500000F020F80027A8B1290A05D02046FFF7D6
:10DE60002BFE00F017F868B1E9B22046FFF724FE58
:10DE700000F010F830B1424631462046FFF7CEFFA1
:10DE800007462EB12046FFF779FDFFF7F9FE384629
:10DE9000BDE8F081204694E513460122CAE70C054F
:10DEA0002DE9F04780469946154643462C20DFF879
:10DEB0000C244343D71807F10806BA7850068A465F
:10DEC00002D5491E8941C90F1046D9F70DFE307998
:10DED000C0F38204B9F1000F18BF002C29D0BAF1A9
:10DEE000000F26D102214046D8F77AF9DFF8D00397
:10DEF00001780122B856824012EA010018BF0120C1
:10DF0000032C18BF062C09D020B1012C06D0042CFC
:10DF10000FD103E0022C18BF052C0AD1307972888A
:10DF2000810744BF4FF47A70424302214046D8F73C
:10DF300020F9F87848B1410602D56D1EAD41ED0FCC
:10DF40002946BDE8F047D9F7CFBDBDE8F08770B5E9
:10DF5000054613462C462C20DFF860234443101955
:10DF60004A1E00F108069241D20F2846FFF798FF9B
:10DF70003488C4B13079C0091CBF4FF47A7044436F
:10DF8000707900F007000228A8BF44430121284609
:10DF9000D8F71DF9224601212846D8F7DDF8307957
:10DFA00040F00100307170BD2DE9F84F89461546EB
:10DFB0004A462C214A43C14B9E18022806F1080705
:10DFC00042F2107449D1985C00F07F00232805F0DC
:10DFD00001013DD17879020721D5C10603D500F0B2
:10DFE000EF00787112E0411C61F3020000F00702BB
:10DFF000052A787104DB00F0F80040F00100787128
:10E000007979707801F00701D8F7F7F900F098F8FE
:10E010007879BDE8F24F00F00700EFF7E9BD3879F5
:10E02000420912F0030212D0022A00D010D2C00717
:10E030000DD501214846D8F7CAF800F086F838799E
:10E0400000F0FE003871C0F34110012876D00121A4
:10E050004846BDE8F84F012279E714281ED17879A7
:10E0600000F0F701C00800F0010080F0010041EA73
:10E07000C001797148460421D8F7B2F878790107D0
:10E0800004D540F01000787100F05AF80320EFF743
:10E09000AFFD7879C00800F001004BE0012808D1FD
:10E0A000E8074BD500F051F8387900F0FE003871E0
:10E0B00044E0002842D13879A907C0F382042FD563
:10E0C00074B3DFF8FCA170789AF80010012288463A
:10E0D000824011408B4618BF4FF0010B611E05298D
:10E0E0000CD8DFE801F00609030609038BF0010BE9
:10E0F00004E04FF0000B01E04FF0010B5946F0F740
:10E1000099F9042C04DB002259464846FFF71FFF0B
:10E110009AF80000804503D070780121F3F7FDFEE6
:10E1200068070BD5797901F0F70179710320EFF7D2
:10E130005FFD0020BDE8F24FEFF73FBDBDE8F18F76
:10E14000224604214846D8F714B8012300220021B2
:10E150004846A5E62DE9FE4FDFF868B19BF80020A0
:10E1600082460E462C2055494243707900F07F08C4
:10E170008F18B0785449F8703962642038810023D0
:10E1800000936A4601215046D8F746F858B10098E6
:10E19000C0F30E0038810099387B00F07F00C90B76
:10E1A00040EAC110387301256A4602215046002416
:10E1B00005FA0AF5D8F730F8A146EDB240B3009C55
:10E1C000B8F1230F04F00F041AD10098397B000C2A
:10E1D000788101F0FD01C20B41EA4201C0F30E005B
:10E1E00039737881009A120962F384013973009AB5
:10E1F000120A62F34611397310B901F0E301397361
:10E20000072C16D8DFE804F00415130804151308CA
:10E210002B490A782A4209E02C490A792A4208D077
:10E22000C978294205D1F0F752FA284201D04FF0BF
:10E2300001097178B878D9F7ABFBB8F1230F04D096
:10E24000F178F878D9F7A4FB1CE00020019001A92F
:10E250005046D8F7CEF820B10198797B60F30201DF
:10E260007973DDF71BFD00B1102087F82800787B5B
:10E2700010F0070F04D100F0F80040F001007873AF
:10E280000020F8701CB149465046F0F7D3F89BF8CF
:10E290000000411CB8F1230F8BF8001007D1032CAC
:10E2A00005DC002300220021FFF7FAFD03E0012234
:10E2B0004946FFF74CFEBDE8F78F0000346F0020A1
:10E2C000E1890020E2890020A9DF020018860020F1
:10E2D000E0B501788DF8001042788DF80120817842
:10E2E0008DF80210C1784A1E8DF8032041798DF80F
:10E2F0000410C188ADF806106846D8F7AFFB0EBD14
:10E300001CB50C4601686846D8F708FB9DF800006C
:10E3100020709DF80110617000219DF80200A0702E
:10E320009DF80300401C8DF80300E0709DF8040088
:10E330006071BDF80600E08061819DF804109DF8D1
:10E340000320BDF80600491CC9B200F0EDFD072806
:10E3500008BF0020207100202081204616BD4FF00C
:10E36000FF314181B4E7CBE78A1030B500F00BF8FC
:10E370002143C15430BD8A1030B500F004F824EABE
:10E380000101C15430BD01EB5272D210D3B201254C
:10E39000C45CA1EBC20105FA01F170478A1001EBE0
:10E3A000527210B5D210D3B20124C05CA1EBC201ED
:10E3B00004FA01F1084018BF012010BD70B5040037
:10E3C0000D460ED0002605E054F8260008B1DAF715
:10E3D0003EFA761CAE42F7D32046BDE87040DAF72D
:10E3E00036BA70BDF8B505000E4610D0771C384619
:10E3F000DAF72CFA040001D10020F2BD3946D9F732
:10E4000047FD324629462046D9F746FD2046F2BD53
:10E41000F8B504000D4616461F460BD000E0761CEA
:10E42000AE4207D231462046FFF7B8FF0028F6D0AB
:10E43000F0B2F2BD012038700020F2BD00281CBFF0
:10E440004FF0FF33994200D17047002250F822303C
:10E450008B42F9D0521C072AF8DB002250F82230F8
:10E4600013F1010F03D0521C072AF7DB704740F865
:10E470002210704710B500281CBF4FF0FF34A14296
:10E4800024D0062922D8DFE801F0040D1115151952
:10E490001D00017852180270FFF761FF10F1010FA3
:10E4A00016D113E0417852184270F5E7817852187E
:10E4B0008270F1E7C1785218C270EDE741795218C5
:10E4C0004271E9E7C1885218C280E5E7012010BD1A
:10E4D000002010BD80B500281CBF4FF0FF339942CB
:10E4E00021D006291FD8DFE801F0040C0F121518FF
:10E4F0001B0000210170FFF732FF10F1010F14D152
:10E5000011E000214170F6E700228270F3E700215C
:10E510000171F0E70122C270EDE700214171EAE7E5
:10E520000022C280E7E7012002BD002002BD70B5D5
:10E5300005000C4618BF002C01D1012070BD00263B
:10E5400054F8261011F1010F05D049B22846FFF703
:10E55000C1FF0100F2D1761C072EF1DB002070BD57
:10E5600010B500281CBF4FF0FF34A1421AD0062975
:10E5700018D8DFE801F0040B0D0F1113150002701D
:10E58000FFF7EDFE10F1010F0ED10BE04270F7E73F
:10E590008270F5E70271F3E7C270F1E74271EFE7CD
:10E5A000C280EDE7012010BD002010BD2DE9F84329
:10E5B0001E4600238DF800300746089C8846154605
:10E5C0006B46FFF725FF81469DF80000B8B109981A
:10E5D00041B201223046FFF74DFFF8B961B2304633
:10E5E000FFF778FFD0B98DF800006B460022414656
:10E5F0003846FFF70DFF81469DF8000008B9A94590
:10E600000AD04A4661B23046FFF7AAFF30B90A99EC
:10E610003046FFF78CFF08B9484603E00B9801210C
:10E6200001700020BDE8F2832DE9F84F86B00D4659
:10E63000002180468DF8101000F055FC06004FF0C8
:10E64000FF0A08BF8DF810A000F0A08000F04CFC7D
:10E650005FEA000900F0908000204FF0FF3146F89B
:10E66000201049F82010401C0628F8DD00F028FC96
:10E67000FFF79CFF00F08DF80AD189B28F4201D1DB
:10E6800000F00CFC00F00EFCFFF790FF00F081F8AA
:10E6900074D189B28F42059403D1012100F0FFFBB0
:10E6A00007E0224600F07BF88DF8100000F072F8C9
:10E6B00064D100F0E5FBFFF779FF00F06AF85DD167
:10E6C00089B28C4203D1022100F0E9FB06E000F0A0
:10E6D00065F88DF8100000F05DF84FD1E878ADF8DE
:10E6E000000004462F794FF0000B05E0EC782F79FD
:10E6F00031462846FFF71BFFE1B208F11400FFF78F
:10E700004DFE10B100F0EAFB70B900F0A5FB0BD292
:10E7100045B1E878401CE8702846FFF720FE10F16C
:10E72000010FE3D1012024E000F034F826D1BDF838
:10E730000000A04203D1042100F0B1FB06E000F08C
:10E740002DF88DF810009DF81000B8B900F08AFB84
:10E75000FFF72CFF01469DF8100078B989B28C4272
:10E760000CD0E9880598091A052905D2024600F05F
:10E7700016F88DF8100001E08DF810A000F03CFBB9
:10E78000B9F1000F1CBF4846DAF761F89DF8100098
:10E7900055E101469DF8100000287047059A29466A
:10E7A000404641E738B5040001D1012032BD0025C3
:10E7B00003E000F0E1FB60556D1C605D0028F8D1BE
:10E7C00032BD38B505460C46DFF79CF800210160E4
:10E7D00000226946284600F01EFC0546DFF792F845
:10E7E000DFF80C1600680A68904205D00099087896
:10E7F00010B9B5F5004F03D301202070002032BDC1
:10E8000000212170284632BD2DE9F04F85B0924697
:10E810000026002500270022002300280C46BB46C6
:10E820000392029372D004E07F1CB7F5807F6DD213
:10E83000521C815C0029F7D1994680460FE00846BA
:10E8400000F0EBFB48B96D1C07E018F809108C428A
:10E85000F5D1002DC4BF0646002509F10109701C41
:10E86000B945F2D3002DC8BF0646002E49D0781C0A
:10E87000D9F7ECFF5FEA000948D0781C0190014607
:10E880004846D9F705FBB000D9F7E0FF5FEA000B77
:10E8900039D0B100DFF762F98DF800400497002508
:10E8A000039C029F1DE000F0B8FBC8B918F80500F2
:10E8B00009F80400641C13E018F805009DF8001026
:10E8C0008142F0D164B121464846FFF78BFDD0B1BB
:10E8D0004BF8270048460199D9F7DAFA7F1C002443
:10E8E0006D1C04988542E7D3210005D04846FFF708
:10E8F00079FD40B14BF827004846D9F7A8FFCAF880
:10E900000060584609E04846D9F7A1FF314658460D
:10E91000FFF754FD0020CAF8000005B0BDE8F08FF5
:10E920002DE9F64F85B00025012102900191009557
:10E930002DE02946204600F07AFBA0EB040B5A4656
:10E940002146304600F08AFB0499584400F0BEFB93
:10E95000D34400EB09065C443846471E0028E8D142
:10E960002146304600F0B2FB45460398D9F76FFFC9
:10E97000019810B90298D9F76AFF002D43D0019889
:10E98000029508B1002101910098401C0090009868
:10E990000699884252D2054600F0A4FB01210A22C2
:10E9A00002E0B0FBF2F0491C0028FAD1C9B20A29F2
:10E9B00024DA481CD9F74AFF04001FD02A4621A1B7
:10E9C00000F094FB002816D403942646059800997D
:10E9D00050F82150029C64B305B91BA506B91AA6CC
:10E9E0002846D7F73FFE82463046D7F73BFE8146A2
:10E9F000204600270BE02046D9F729FF019810B9DF
:10EA00000298D9F724FF002019E050447F1C2946C2
:10EA100000F00DFB0028F8D12046D7F723FEA9EB24
:10EA20000A0107FB0100401CD9F710FF5FEA00084C
:10EA300001D1002599E7049606468DE7284607B0E0
:10EA4000BDE8F08F256400000000000038B5040028
:10EA50000D460BD0D7F706FE002100E0491C81428D
:10EA600004D2625CAA42F9D1012032BD002032BD3D
:10EA70002DE9FE43814600260F4690461D4601962D
:10EA80000820D9F7E3FE0400287826D026606660C7
:10EA90004846D7F7E7FD012804BF99F800002A2867
:10EAA0000BD12760A8F101016160206840453CBF9F
:10EAB0006168414542D386200FE02D214846FFF78B
:10EAC000C5FFC0B98DF8000069464846FFF779FEDA
:10EAD00001469DF8000060B1812028703046019900
:10EAE000FFF76CFC14B12046D9F7B1FE0020BDE859
:10EAF000FE832160D8E701AA2D214846FFF784FE56
:10EB000006460198022818BF8520E6D100208DF81E
:10EB1000000069463068FFF754FE20609DF8000051
:10EB200008B18220D9E770686946FFF74AFE606045
:10EB30009DF800000028B8D08320CEE7B8422CBF53
:10EB4000B9428720C9D3814238BF8820C5D30199F3
:10EB50003046FFF733FC002028702046C7E72DE938
:10EB6000F04F85B01E460E9D00238A46174602933D
:10EB700002AA2C21FFF748FE5FEA000906D189208E
:10EB8000287048460299FFF719FCC6E64FF0000BC3
:10EB90000497039610E031465046FFF7E5FBBE1997
:10EBA0006068B042F7D201994046FFF707FC204663
:10EBB000D9F74DFE0BF1010B02988345E1D259F8CC
:10EBC0002B002F21FFF742FFD0B9039A049959F87F
:10EBD0002B002B46FFF74CFF0646287808B937680C
:10EBE00009E0002ECDD000F007F9CAE739465046BB
:10EBF000FFF7BAFB7F1C7068B842F7D23046D7E700
:10EC00000020019001AA59F82B002F21FFF7FCFDED
:10EC100080460198022821D1039A0499D8F800006F
:10EC20002B46FFF725FF04462878F0B9D8F80000F6
:10EC30002D21FFF70BFF10B90398401E60600020E4
:10EC40008DF800006946D8F80400FFF7BAFD0746C2
:10EC50009DF8000078B98FB12668A1E78A20287056
:10EC600040460199FFF7AAFB8BE7002CF8D020461D
:10EC7000D9F7EDFDF4E784202870F8E78B202870A1
:10EC8000F5E7FEB50C46002115460291002705B9AF
:10EC900001AD297008B98E20A3E00CB98F20A0E047
:10ECA00002AA2021FFF7B0FD07460298062818BFE8
:10ECB0009020F4D11A212046D9F7EAF800953C2398
:10ECC000386800222146FFF74AFF2878002809D13A
:10ECD00000953C237868002204F10801FFF73FFF0C
:10ECE000287800287CD100951823B868002204F108
:10ECF0001001FFF734FF2878002871D1FE683046F4
:10ED0000D7F7B0FC012801BF30783F282A213170A5
:10ED100000952023012204F114013046FFF71FFF64
:10ED2000287800285CD13E693046FFF73BFD0D2274
:10ED300030493046FFF7F4FD060008BF8C2034D080
:10ED400000950D23012204F11801FFF708FF00F0E0
:10ED500053F80126314604F11800FFF71FFB48B1B4
:10ED6000711E04F11800FFF7FFFA314604F1180094
:10ED7000FFF701FB761C0D2EECD3287880BB7E6953
:10ED80003046D7F76FFC012801BF30783F282A2191
:10ED900031703046FFF706FD07220FF27011304642
:10EDA000FFF7BEFD060002D18D20287018E0009507
:10EDB0000823002204F11301FFF7D1FE00F01CF834
:10EDC000072104F11300FFF7E9FA48B1002104F12B
:10EDD0001300FFF7C9FA072104F11300FFF7CBFA7C
:10EDE0002878287038460299FFF7E8FAF7BD000046
:10EDF000A8590000801800003046D9F728BD72B528
:10EE0000050083B01CD000F075F8040018D0FFF79F
:10EE1000A6FA064616F1010F12D000F018F878B9DC
:10EE200000F065F810F1010F0AD0B0420BD10122B9
:10EE300000212046FFF71EFB10B900F008F810B1C2
:10EE40004FF0FF3001E000F052F804B070BDE288EE
:10EE500021462846FFF7E8BB5846B0F5B77F00F1DA
:10EE6000010B70476C7904A80621052203900191DB
:10EE7000009202962B4622460C2108F1180070479A
:10EE8000AC7804A80321022203900191009202961B
:10EE90002B462246182108F1100070470021304609
:10EEA000FFF7CCBA6F7804A80221012203900191E8
:10EEB000009202962B463A463C2108F10800704722
:10EEC0002F7804A801210022039001910092CDF82F
:10EED00008902B463A463C2140467047394608F197
:10EEE0001300FFF75BBA14461C20D9F7AFBC2046CD
:10EEF000FFF735BA6A4600200021002382E80B00A4
:10EF0000694603A8FFF72FBA000000003018000080
:10EF100034180000381800003C18000040180000A9
:10EF2000441800004818000070B50329BCBF0C311C
:10EF3000401E80B2642590FBF5F3DDB2C9B2491CD6
:10EF400064240A2604FB13001A23594391FBF6F1AB
:10EF5000C0B28918411801EBA00105EB85004118EA
:10EF600001EBA501491D0720B1FBF0F0C0EBC0008B
:10EF7000091A491CC8B270BDA0F161011A2938BF35
:10EF8000203870472DE9FC4106460D001C4608BF9D
:10EF90006D46B04601E008F1010898F80000A0F1C4
:10EFA00009010529F7D32028F5D007462D2F18BFD2
:10EFB0002B2F08D118F8010FA0F1090105290AD358
:10EFC000202801D107E02B272946404600F0AEF863
:10EFD0002968884503D12E600020BDE8F6812B2FDB
:10EFE00004D1B0F1004F06D2BDE8F6812D2FFBD140
:10EFF000B0F1004F0CD9DEF77CFC0CB10120206091
:10F000002D2F14BF6FF000404FF00040BDE8F68197
:10F010004042BDE8F6810023B4E7A0F109010529CB
:10F0200001D3202801D1012070470020704770B51E
:10F030000D462C7834B970BD11F8013F1678B342F3
:10F0400006D0401C214600F013F928B101462A469B
:10F0500012F8013F002BEFD170BD280C01B58B07D2
:10F060001AD1830724D1121F21D351F8043BA3F1F5
:10F07000013C2CEA030C1CF0803C04BF40F8043B2C
:10F08000F1E79CFA8CFCBCFA8CF1C1F118018B40C1
:10F09000CB4040F8043B13E0042A09D311F8013BAC
:10F0A000521E00F8013B5BB18B07F7D1D9E7121D67
:10F0B0005AB111F8013B521E00F8013B03B1F8D1DF
:10F0C00011001CBF0022DEF719FD01BD5FEA000C34
:10F0D00011F8012B00F8012B12B111F8012BF9E7FF
:10F0E00060467047002848BF404270470CB430B5B6
:10F0F00083B00A4606A902910446002501940095B2
:10F1000002AB01A9084878441E3000F0BDF8019A0E
:10F11000157000284EBF04460198041B204603B01A
:10F1200030BC5DF80CFB00BF3792FFFF2DE9F84FB4
:10F1300084B00BB100241C600446A04601E008F135
:10F14000010898F80000A0F10903052BF7D3202847
:10F15000F5D02D2816BF2B2818F8015B2B25002A87
:10F16000019103D4012A01D0252A03DB002959D0BB
:10F170000C6057E0002A0CDD102A04BF98F800004C
:10F18000302802BF98F8010040F02000782811D103
:10F190000CE098F80000302818BF0A220AD198F82D
:10F1A000010040F02000782803D1102208F1020865
:10F1B00000E00822CDF80C8001E008F1010898F881
:10F1C00000003028F9D0074E7E4418364FF0000971
:10F1D00006F12800CDF80880CA468DF800001746D1
:10F1E0000CE000BFC867FDFF9DF80010401ACA463A
:10F1F0005FFA80FB07FB09B908F1010898F80010D5
:10F20000A1F141001A2838BF20313A4606F1280002
:10F2100000F0BCFA0028E7D10399414504D10198D8
:10F2200000B10460002020E00299F05DA8EB01012C
:10F23000081A002810D406DCB9EB0B0103D3B1FB8C
:10F24000F7F0504508D0DEF754FB049808B10121CF
:10F2500001604FF0FF3903E02D2D08BFC9F100090F
:10F26000019808B1C0F80080484605B0BDE8F08FAD
:10F27000C9B202788A421AB11CBF10F8012FF9E70F
:10F2800018BF0020704708042DE9F84F94B01746C6
:10F2900002910DF12E011E9ADFF8A08312914A709F
:10F2A0000021089182464FF0FF311D460CAE1391AC
:10F2B0000CE025280FD017F8011B0298D047002832
:10F2C000029000F0B9800898401C08903878002817
:10F2D000EFD10898B4E100200021002205900691AA
:10F2E000079201E041F0010117F8010F2028F9D041
:10F2F00023280CD02B2804D02D2805D0302809D065
:10F300000BE041F00201EFE741F00401ECE741F0CE
:10F310000801E9E741F01001E6E72A280CD12A6844
:10F3200052F8040B2A6000280A9003D540420A9044
:10F3300041F004017F1C10E00A9209E00A98404560
:10F3400005DA00EB800302EB4302303A0A927F1C9D
:10F350003A78A2F130000A28F0D338782E2802D06B
:10F360001398099021E017F8010F2A2806D1286880
:10F3700050F8042B286009927F1C16E02D280CBF42
:10F380007F1C0020002209920AE040B9099A4245F8
:10F3900005DA02EB820403EB4403303B09937F1C44
:10F3A0003B78A3F130020A2AEFD3ADF82C100FF20C
:10F3B000B4303978FFF75CFF08B117F8010B8DF80E
:10F3C0002E009DF82E00682804BF3978682903D1E3
:10F3D00062208DF82E007F1C0CA8049017F8012BDA
:10F3E000252A114613D0582A4BD0632A00F0A88052
:10F3F000642A18BF692A6FD06F2A42D0702A37D08A
:10F40000732A07D0752A18BF782A3AD0A1E00122C2
:10F4100005929BE0286850F8044B2860039494B947
:10F420001299487858B10FF2443000F0DBF94FF0F0
:10F43000FF34241A00F097804FF0FF3000E10FF204
:10F44000483003908FE0DDF82490B9F1000F04D527
:10F450002046D7F707F9044608E04A46002120462F
:10F4600000F094F9002814BF041B4C4606947AE07F
:10F47000286850F8041B286001910CA90391782199
:10F480005AE09DF82E00622802D0682806D00BE0D2
:10F49000296851F8040B2960C0B209E0296851F8C5
:10F4A000040B296080B203E0296851F8040B29603D
:10F4B00001909DF82C00010739D50198002836D01D
:10F4C00042F02001782932D1059830213154401C76
:10F4D000431C059332542AE09DF82E00622802D086
:10F4E000682806D00BE0296851F8040B296040B267
:10F4F00009E0296851F8040B296000B203E029688B
:10F5000051F8040B29600028019002D505982D219F
:10F510000AE0BDF82C00810702D505982B2103E0F5
:10F52000C00704D5059820213154401C05900CA833
:10F53000059901440391114601A800F084F812E0F6
:10F5400001200590286850F8041B28608DF83010C1
:10F5500009E001210591252311008DF8303002D0FA
:10F560000220059072700A980599079A401A069928
:10F57000801AA0EB01099DF82C00410711D420202E
:10F58000B9F1000F8DF800000BDD4C4601236A46EF
:10F5900001A9504600F0CFF800287FF44DAF641E5B
:10F5A000F4D1059C0DF1300B64B11BF8012B01A9BE
:10F5B000504600F0B0F8002801D4641EF5D10028B0
:10F5C0007FF43AAF079C3020002C8DF800000ADD54
:10F5D00001236A4601A9504600F0ADF800287FF4E7
:10F5E0002BAF641EF4D1DDF80CB0069C64B11BF89F
:10F5F000012B01A9504600F08EF8002801D4641EAA
:10F60000F5D100287FF418AF9DF82C0041077FF555
:10F610005DAE2020B9F1000F8DF800007FF756AEE7
:10F620004C4601236A4601A9504600F084F80028A0
:10F630007FF402AF641EF4D148E60000CBCCCC0CC2
:10F6400015B0BDE8F08FF0B402466F29D46808BF4A
:10F65000082605D041F02000782814BF0A2610267D
:10F66000136818251846642918BF692902D1002B90
:10F6700048BF404258B9136A4BB9082E27D192F8B7
:10F680002800010723D530201725E0751FE0B0FBC7
:10F69000F6F706FB170030306D1EC3B23A2B03DAC3
:10F6A0006055380003D106E040185138F8E79368F8
:10F6B0006719BB42EBD3082E09D192F82800010745
:10F6C00005D5605D302802D06D1E30206055C5F133
:10F6D0001803106A536161198342916008DA118D31
:10F6E000C31A4FF6EF70014093611185F0BC70476B
:10F6F00000280ED592F8280000F01400102808D138
:10F70000546A11699069641A241AE31A012BA8BF7C
:10F710009361F0BC704710B503460C461146606813
:10F720009847606020B1E069401CE061002010BD96
:10F730004FF0FF3010BDF8B505460E4617461C4683
:10F7400000205CB117F8011B7068A847706030B1E9
:10F75000F069401CF0610020641EF3D1F2BD4FF04F
:10F76000FF30F2BD686C747A4C0000007072696EF4
:10F7700074665F733A20626164202573206172674A
:10F78000756D656E74000000000C0A03C9B2830732
:10F7900006D0521E22D310F8013B9942F7D11FE048
:10F7A000083A13D302F1040241EA012141EA01417E
:10F7B00050F8043B121F21BF4B40A3F1013C2CEA3F
:10F7C000030C1CF0803FF3D0C9B2001F083210F8C0
:10F7D000013B521E28BF91EA030FF8D818BF012041
:10F7E000401E704780B500B906A005490B681BB1E3
:10F7F00022220021984701E000F014F8222002BDE7
:10F80000AC890020636F6E73747261696E742068D6
:10F81000616E646C65723A20626164206D65737319
:10F8200061676500012000F001B8030980B5AFF3FE
:10F830000080024A11001820ABBEFBE72600020040
:10F8400010B5054C03E011F8013B5840205C13460D
:10F850005A1E002BF7D110BDB4180000F8B52C22A9
:10F86000DFF82435504318440C00426918BF0124C6
:10F87000467815780027F8B2B0420DD025FA07F087
:10F88000C30709D500222146F8B2EEF7DFFD18B113
:10F890000121F8B2F2F741FB7F1CF8B20828EADB3D
:10F8A000F1BD10B50C4623462C21DFF8DC244B4378
:10F8B000D118012849690BD18868B0B100F0D1FA9C
:10F8C0002046BDE810404FF4FA720121D6F744BC3F
:10F8D00058B9487900F0FB00487100212046FFF735
:10F8E000BDFF2046BDE8104020E010BD38B50446FD
:10F8F00022462C20DFF89014424388184569688816
:10F9000098B101212046FFF7A9FF68796A8840F085
:10F910000400687101214FF47A7042432046D6F703
:10F9200028FC2046BDE8344000E031BD0021FCE069
:10F930007CB50C46150004BF6C460125D6F736FD94
:10F9400000F0D5F90246B1B21020D9F794F8234659
:10F950002A46B1B21020D8F7E2FF73BD2DE9F04777
:10F960008AB0512B18BF552B03D06F2B18BF672BB4
:10F9700001D1012100E00021112A34D1042B18BF4C
:10F98000432B01D00A002ED0804645462C20DFF8BC
:10F99000F823129CDDF850A0454302EB05091D46F3
:10F9A000D9F81460200018BF012813D1042D02D00B
:10F9B000432D07D008E099F80100D6F7F7FC00F0D6
:10F9C00040F903E0042001E011B10120AAF8000091
:10F9D000200037D0139F022869D1042D04D0432D75
:10F9E00031D0552D37D09CE03C782CB3601CD8F733
:10F9F0002DFF05004FF0000A1CD02246791CD8F7D5
:10FA00001BFF05F804A02946684600F065FA30712E
:10FA100048B999F8010022462946FFF789FF404678
:10FA200000F014F982462846D8F711FF002140461D
:10FA300000F07BF8504675E099F8010000220021A3
:10FA4000FFF776FF6BE03C6899F801002146D6F796
:10FA5000D4FC748063E03878C8B1D9F81440608869
:10FA600000285CD001214046FFF7F8FE60796288EB
:10FA700040F00400607101214FF47A704243404627
:10FA8000D6F777FB0021404600F04FF847E0707949
:10FA9000410744D501214046D6F7A2FB707900F01A
:10FAA000FB00707100214046FFF7D8FE37E0012CC3
:10FAB00037D1042D0AD0432D13D0512D19D0552DF7
:10FAC00020D0672D23D06F2D26D02AE0BAF8002051
:10FAD0002AB399F801003B46D2B20121D6F769FC5E
:10FAE0001DE070880090042269463846D8F7A4FECD
:10FAF00015E0B06890F8E111880701D5307948B178
:10FB0000012007E07079800800F0010002E0307900
:10FB100000F07F00387002E000F089F839700120B1
:10FB200000E000200AB0BDE8F0872DE9FC472C2159
:10FB3000954A484315186E69707910F0030F14BF89
:10FB40004FF004094FF006094F46C7EBC7070421E1
:10FB500000247F1C10F0030FFFB207D16878D6F79E
:10FB600025FC00F06EF80446E1B209317818D8F7A8
:10FB70006DFE5FEA000857D088F80090C9EBC9090C
:10FB80004A46824908F10100D8F756FEB06890F85D
:10FB9000E111880708EB070A01D5307900B101208F
:10FBA0008AF80000C8F804A07079800800F001000D
:10FBB0000AF8010FC8F80BA0307900F07F000AF8AE
:10FBC000010FC8F812A000F032F80AF8011FC8F8B7
:10FBD00019A00AF10109707910F0030F1BD1C8F8C0
:10FBE0002090E0B209F8014B38B168784B46E2B298
:10FBF0000121D6F7DEFBE4B2A14470880090042214
:10FC000069464846D8F718FEC8F827907079411C15
:10FC100061F301007071022000903F1D6878FBB213
:10FC200042461121D7F70FFE0020BDE8F687B068E5
:10FC300090F8E111490801F0010181F00101C900CA
:10FC40007047411C89B21020D8F795BE2DE9F843C2
:10FC5000814649462C224C4851434418012167698A
:10FC60004846D6F7B4FAB86800F0B5F86078D6F729
:10FC70009DFB00F03CF88E255FEA00081DD008F1DE
:10FC80000100D8F7E3FD04001FD000944346002292
:10FC9000B1B21020D8F7A8FE50B904F8080000212E
:10FCA00000914B46B8683A4A214600F02DF90546C6
:10FCB0002046D8F7CCFD802D09DBB86890F8E1111B
:10FCC00001F0FD0180F8E1113D7100200DE0B86800
:10FCD00090F8E11141F0020180F8E1114FF4FA725D
:10FCE00001214846D6F738FA0120BDE8F283461CC8
:10FCF000B1B21020D8F73FBEF8B5264D224A2E7873
:10FD00002C214E430446164406F1180022A1142269
:10FD1000D8F7D2F806F1080777614FF4F270D8F7F8
:10FD200095FD306170B3002100916A4601212046A3
:10FD3000D6F772FA00281EBF009800283072002102
:10FD4000009120466946D6F754FB68B96A460221FD
:10FD50002046D6F761FA00281CBF0098002805D07D
:10FD600001462046D6F749FB009870816B46002279
:10FD700001212046D6F71DFB2878FFF767FF28787A
:10FD8000401C2870F1BD0000346F0020B419000041
:10FD9000EDF80200E2890020000000002BFB0200C9
:10FDA000A3F802005DF902000300000038B5044624
:10FDB0000D4694F82500C1070CD500F0D5F8014692
:10FDC000206A38B1E069814200D21DB12046FFF7B8
:10FDD00016F8E06131BD38B50446002500F075F82D
:10FDE000E9B2204600F01DF86D1CE8B20C28F7DBE4
:10FDF00031BD38B500F012F848B100F009F841F013
:10FE0000010180F825100021BDE83440CEE731BD66
:10FE100028204543601990F82510704704460D4688
:10FE200014E038B5FFF7FAFF78B1282045432C4499
:10FE30001A212046D8F72CF800202062E06194F8BF
:10FE4000250000F0FC0084F8250031BD0C2906DAFD
:10FE5000282251430144086A08B10120704700205C
:10FE60007047FFE72DE9F041044694F8E10181076E
:10FE700029D5C20727D440F0010084F8E10100260B
:10FE800000F072F88046F0B228214843204400F187
:10FE900024077978CA0710D5C36998450DD3056A38
:10FEA000890704D5F1B22046FFF7BBFF02E000212D
:10FEB000FFF77CFF0DB13878A847761CF0B20C280C
:10FEC000E1DB00F002F8BDE8F08194F8E10100F018
:10FED000FE0084F8E101704738B500220D468DF828
:10FEE000002004461A21DDF739FE6A4621462846DD
:10FEF000FEF7C7FE9DF8000018B11A212046DDF775
:10FF00002DFE9DF8000032BD2DE9F84307468846D6
:10FF100014461D460026F1B23846FFF797FF20B180
:10FF2000761CF1B20C29F6DB1BE0F1B2282041432C
:10FF300007EB010941464846FFF7CEFF010011D10A
:10FF4000089809F120014A790C6002F0FD0242EAAA
:10FF500040024A710D71F1B23846FFF74AFFF0B224
:10FF600000E09120BDE8F283D6F7D5BC7FB50D4601
:10FF700002AB07220021FDF75DFF072840D102AE4A
:10FF8000B079FAF7FBFC0446687A01070AD440F01E
:10FF900008006872002C14BF0421002100F0FB004F
:10FFA00008436872687A41072AD59DF80800FAF775
:10FFB000E5FC8DF8000004F5FA647078FAF7DEFCD1
:10FFC0008DF80100B07800F03F00FAF7D7FC8DF80B
:10FFD00002003079FAF7D2FC401E8DF803009DF83C
:10FFE0000D0000F01F00FAF7C9FC411E8DF8041047
:10FFF000ADF806406846D6F731FDE860012000E024
:020000040003F7
:10000000002004B070BD70B586B02C21B64A4843BC
:10001000141804F108052078C00935D028788DF827
:1000200004000122A07800F06CF9E17800F062F998
:1000300005918DF810302146FFF798FF20B3D6F7D1
:100040006AFC01466868884234BF091A411A0629C9
:1000500028BFD6F75DFC0C20D8F7F8FB020013D0C0
:100060000121117002F108006B680360511C00252A
:10007000E2260D808E70C1F803000C230220009050
:100080000A216078D7F7DFFB002006B070BD2DE9AC
:10009000F0410A2A8AB0044602D1180018BF012B89
:1000A00040F0B3801099080018BF01290BD11298B5
:1000B0001A0002D10425058002E0012B08BF03804D
:1000C000080000F0A0802C204443874D11982E1981
:1000D000022906F108077BD119006CD10068029053
:1000E00078604FF00108787840F003007870786805
:1000F000D6F70EFC3078C0095BD038788DF8140044
:10010000B07800F03F0100F01F0008FA00F00790FF
:100110008DF81810E81C015D01F03F0301F01F018C
:1001200008FA01F109918DF8203068460299D6F756
:10013000F5FB9DF80400401C8DF8040003AC9DF80D
:100140000300401C8DF803009DF80000FAF720FC26
:100150008DF80C009DF80100FAF71AFC60709DF80C
:100160000200FAF715FCA0709DF803209DF804101A
:10017000BDF80600FEF7D8FEE0709DF80300FAF720
:1001800007FC20719DF80400FAF702FC8DF81100BD
:10019000BDF806003030C0B2FAF7FAFBA07103AB2D
:1001A0000722002105A8FDF711FD072818BF4FF011
:1001B000000840462AE0012B27D1007879784008D2
:1001C00001F0FD0100F0010041EA400179701AE000
:1001D00001291AD119000ED14FF0FF3102917A781E
:1001E000510703D57A6841498A180292042202A96C
:1001F000D8F722FB07E0012B07D17A78002193077B
:1002000048BF02210170012000E000200AB0BDE8D3
:10021000F08100002DE9F041354C86B026780F467C
:100220002C25314915FB06F680468D1905F118007D
:1002300039A11422D7F740FE01200021BF78A87110
:10024000EF70009105F1080068616A46012140469F
:10025000D5F7E2FF682700281EBF00980028074650
:100260006A4602214046D5F7D7FF00281CBF0098F8
:10027000002803D0687A40F0100068722F720122C3
:10028000287A8DF80400A87800F03BF8E97800F0AF
:1002900031F88DF810300591FDF748FB687A00F0D1
:1002A000FE006872C0064CBF07210E211D2201A866
:1002B000FDF786FC01280CD1294601A8FFF756FE60
:1002C000697A01F0FE0108436872E868D6F720FBFE
:1002D00003E0287800F07F00287006B02178491CE0
:1002E0002170BDE8F0810000346F002090CA92C7F1
:1002F000E289002001F03F0301F01F0102FA01F141
:10030000704700F03F0100F01F008DF8081002FA5E
:1003100000F0039001A870470700030000000000F0
:10032000000000008F0003000300000010B5DFF89C
:10033000980990F90010481EDFF890192C2300E06E
:10034000401E42B2002A08D412FB03F28C5C04F077
:100350007F043D2CF4D140B210BD4FF0FF3010BDF2
:100360007CB50C4600F022F9437A03F00F03042B0E
:100370001DD14569297801F07F018C4217D06E6844
:100380002146684600F01BFD9DF8000004F07F0444
:1003900044EAC0142C703046019900F0CBFF30467F
:1003A00000F0B6FF3046BDE8764000F0C0BF73BD38
:1003B000002A00D170472DE9F64F8B4600F0F6F881
:1003C00000F1080583B095F900309DF810A013FBEB
:1003D00001F156184FF0000870690190D94668780D
:1003E000C0F3C3008DF8000069792879471E707A40
:1003F0004C1E00F00F01FFB2E4B203291CBF00F055
:100400000F00042824D1E8789DF810108146894512
:10041000B8BF824609F10100D8F718FA5FEA000870
:1004200000F0BB8052465946D8F706FAA9EB0A01FC
:10043000CA4508EB0A0B029106DA029920225846B7
:10044000DDF758FB0298834400218BF80010C14669
:10045000717A01F00F00401E022838D9C01E32D137
:1004600001994E689DF800102878FFF779FF002168
:10047000304600F0E4FF06F1710090F90F2090F98A
:10048000101090F90030511A019A10781AFB03FAF3
:100490005346C0091CBF49005B00C9B20091DBB2E2
:1004A00022463946304600F0D1FF0121304600F0A7
:1004B000C6FF01990878C0094B46224639463046A6
:1004C00002D000F0F2FE5FE000F0E9FE5CE0080917
:1004D000012818BF002001F00F01022905D16A7917
:1004E0000121022A02D1012201E00021002218B9D3
:1004F000F37A13FB04F4E71901B17F0002B17F1C0A
:10050000019BED785B889DF810C0DDF804E0DFF812
:10051000C067ECB2002C37D05FFA8CF4002C19BF06
:1005200019F8014BACF1010C202409F101096D1EF1
:10053000A4F1200ABAF1600F28BF20245FFA8CFAD8
:10054000BAF1000F18BF99F800A04AB3202C1ABFC7
:10055000302C0124002460B1BAF12E0F09D1DFF84C
:1005600074A79AF800B04BEA040409F10109ACF150
:10057000010C1FFA87FAF2447F1C8AF8084001B187
:100580007F1CBCB29C42C4DBB8F1000F05D04046D2
:1005900005B0BDE8F04FD8F75AB905B0BDE8F08F07
:1005A0000028E6D0341914F8204CD5E72C21DFF8C8
:1005B0001C27484310447047F8B50D46D1B209B91D
:1005C0000020F2BD2944491E0024C3B2042BA8BF59
:1005D00003200FF22473C6B253F82660B5EE400A2A
:1005E000F1EE10FA4CBFDFED5D0ADFED5D0AF8EECB
:1005F000E00A01EE106A60EE800AB8EEC11A20EE41
:10060000811ABDEEC11A11EE103A93FBF6F706FB04
:100610001736B6B2FDEEE00A0A23C7B2C7B1C0B2C0
:1006200096FBF3F703FB1766303601F8016D641C87
:10063000BEB2E7B25FFA82FE774531D2401EEFD1FB
:10064000641CE6B2D7B22E20BE4201F8010D27D2BB
:1006500010EE906A601C012E0EDB0A2496FBF4F467
:1006600003FB1466303601F8016DD7B22646044606
:10067000C0B2B842EED313E0B5EE400AF1EE10FA84
:1006800003D52D2301F8013D0446E0B2D2B29042D9
:1006900006D2E2B22846D8F7CFF8E1B2002068547B
:1006A000E0B2F2BD2DE9F84F0346012B084652D1C6
:1006B000154603462C21DFF814264B43D618EA07CB
:1006C00006F1080734D5F979CA062DD506F10801D7
:1006D00011F8013F726903F00F035B1E032B27D84B
:1006E000DFE803F01F1F021BD2F8048091F801908D
:1006F00091F802A002F1080B0024E0B2484517DA95
:100700000022E1B2404600F04BFF524659464046B7
:1007100000F024FFD344641CEFE7506800F0C4FFEE
:1007200006E001F042F903E064220121D5F714FD4F
:10073000280710D5F979706941F01001F971446802
:10074000204600F0DBFE204600F042FF2046BDE8D8
:10075000F24F00F012BFBDE8F18F0000FFFFFFFF76
:100760000100000010B50246030AD4B204B9012208
:100770000A701A46DBB203B90122030CDCB204B9D9
:1007800001238B70030E08BF0123CB704A7010BD8C
:10079000F8B50D4605F108070446BFB216463846BF
:1007A000D8F754F8606198B13946D7F771FB67699B
:1007B00030007D800BD0D8F749F8786020B96069A7
:1007C000D8F745F80020F2BD3146D7F761FB01208C
:1007D000F2BD00002DE9F84FDFF8EC94DFF8ECA44F
:1007E000074699F800000E464FF02C088EB018FB13
:1007F00000F00AEB0005B178DFF8DC04E97028624C
:100800000021019101AA01213846D5F705FD0024F8
:1008100060B1019C200A28720198000CA873A87B83
:1008200000F03F002828A4BF0020A873687A64F372
:100830000300687201AAE87B40F01000E87302210F
:100840003846D5F7E9FC019805F10A01FFF78AFF60
:10085000E0B20127401E032800F21281DFE810F009
:10086000040004004B008C00697A01F00F0141F094
:100870001001697230787178D7F78AF8A87B30B1A7
:100880007178D7F785F8A87B0121D7F771F8F1784F
:10089000B078D7F77DF8E87A0828C4BF0821E97254
:1008A000E87AA97AE4B210FB01F1022C08BF4900F2
:1008B000002289B22846FFF76BFF002866D0E87B4C
:1008C00040F00F00E8730AF1140199F8000018FBDA
:1008D00000F80AF10800404451F80840417801F05E
:1008E0000F02042A40F0AD80C079C10602D56068CD
:1008F00000F0ACFEBFE0DBF7D1F9002846D0E87A83
:10090000A97A10FB01F11C222846FFF741FF0028BD
:100910003CD0E87B6C6900F0EF00E873287A8DF832
:10092000080002A8A97801F03F0201F01F0107FAB0
:1009300001F104918DF80C20E97801F03F0201F0FB
:100940001F018DF814208F400697FCF7EFFF002061
:100950000090EB7AAA7A02A907A800F08FFD6068E0
:1009600007A91C22D7F7A8FA99F800004FF47A7269
:100970000821D5F7F1FBA6E7DBF790F9002805D0B1
:10098000862200212846FFF703FF002878D06E69F1
:10099000D24C307800F0800040F00F003070A97821
:1009A000287AEA78207001F03F0301F01F0107FA6E
:1009B00001F102F03F0002F01F022371A1602073D9
:1009C00097402761A87A20280CBFC54CC54C776892
:1009D000C54BC64AC6493846A0473868007C07F16F
:1009E00024010A7D10FB02FB4FEACB4B4FEA1B4070
:1009F000D7F72CFF040006D17068D7F728FF686985
:100A0000D7F725FF3CE04FEA1B41D7F741FA7C635B
:100A1000287A400087F82400384601F057F8002172
:100A2000384601F05AF80021384600F0C2FB002198
:100A3000384600F095FC99F800000021FFF790FC83
:100A400041E7032A4FF0200806D1C079C10609D535
:100A5000606800F097FD05E00909012904BF9C4882
:100A600090F800806188C8B228B14246C9B204F14A
:100A70000800F4F721FB99F80000401C89F80000F9
:100A80000FB0BDE8F08F70472DE9F84185B01546ED
:100A90000C9A1E4613003FD0804643462C20434309
:100AA0008A48C75C07F07F07122F46D1DDF834C0B3
:100AB0001844022A00F10807644631D0FE2A3CD1CE
:100AC000F879FF2839D0B87900F00F00884234D186
:100AD00001A800900023624631462846F0F788FFBF
:100AE0000146FF2929D0F879002818BF814224D176
:100AF00078789DED010A02AC0A2202A9C0F34100F8
:100B0000FFF75AFD024621464046FFF751FC387870
:100B100064220121D5F720FB012006B0BDE8F08159
:100B20000C2D0AD11C2E05D0552E06D178789CEDBF
:100B3000000AE0E714F8010BE4E70020EDE700000D
:100B4000F8B50546FFF7F2FB070035D45E4C5F4968
:100B500022782C2042438E1806F118006AA1142234
:100B6000D7F7AAF93772002000906A46012128467B
:100B7000D5F752FB0099707AB27B090961F3420004
:100B80007072009961F30302B2736A460099090A10
:100B9000F1730099090C61F3C60070720221002004
:100BA00000902846D5F738FB009806F10A01FFF7B8
:100BB000D9FD2078401C2070F1BD2DE9FE43804610
:100BC000FFF7B4FB00287AD43F4C404E22782C2704
:100BD00006F108017A438D1802AA2870022100202C
:100BE00002904046D5F718FB0298A91CFFF7BAFD02
:100BF000A879E97800F00F0001F0F0010843A8712E
:100C0000000901282ED0022856D1217806F10800CB
:100C10007943451895F9002012FB07F2B118487A7C
:100C200000F00F00042847D1DFF8C88098F80A7058
:100C300098F80C6056EA07003ED04869D0F8049056
:100C40000021484600F057FF08F10E000190009681
:100C50006A7929793B46484600F07DFF484600F016
:100C600023FD29E0E878697860F3C6016970002700
:100C7000029702AA01214046D5F7CEFA0021029B35
:100C80000DF801301DF8010030B102987F1C491C9D
:100C9000000A04290290F2DBF8B2042811D1A878E6
:100CA0008DF8040000B105270120A870EF70FAB29A
:100CB00020786946FFF77CFB2078401C2070BDE857
:100CC000F7830028F0D1FAE7E2890020346F002092
:100CD000E01900006B900200A50603007885002053
:100CE000E9DD0300B9DD0300790D03001D0D0300EC
:100CF000A04B00001C4C0000010000000A00000096
:100D000064000000E8030000000000000000000094
:100D1000870A0300890A03008200000038B50446F0
:100D2000084614281146354D0ED0172806D018282D
:100D30000ED019281BD0202804D016E01A462846C9
:100D4000FCF783FF012032BD2846FCF7EFFDF9E7F1
:100D50002846FCF7F8FD94F824102846FCF7ACFE72
:100D60002846FCF72EFE0028ECD1002032BD284694
:100D7000FCF704FEE6E7000010B52929144613D05D
:100D80001BD32B2903D006D32C2902D015E000BF9A
:100D900000BF012010BD2046441EC0B20028F8D07C
:100DA0000A20F1F7A9FBF6E72046441EC0B200284E
:100DB000EFD00120F1F7B6FBF6E7002010BD82B0BE
:100DC000002301938DF80030C9B201290C4A0D4B64
:100DD00004D00CD3032905D002D308E0019307E027
:100DE000019200E0019301228DF8002000E00192C1
:100DF000DDE90023C0E9002302B0704778850020B8
:100E0000683100004C39000008440178407800EB5C
:100E1000012080B2704738B50D460446287820700E
:100E200068786070A878A070E878E0702879207100
:100E300068796071A879A071E879E071287A2072E8
:100E400095F90900607295F90A10A17295F90B00E5
:100E5000E07295F90C10217395F90D00607395F906
:100E60000E10A173112195F90F00E073284695F932
:100E700010202274FFF7C8FFA4F8110013212846A0
:100E8000FFF7C2FFA4F8130015212846FFF7BCFFA7
:100E9000A4F8150031BD70B50246137B10680078C8
:100EA000CC18D840E4B2082C0ADB15686D1C15601C
:100EB000C3F1080315682E7806FA03F31843083CBB
:100EC0001473012202FA01F1491E0840C0B270BD3C
:100ED00010B50C46FFF7DFFF0122611E8A40801A21
:100EE00040B210BD2DE9FC4700F15C04257966791C
:100EF000804691460F4604E0A7EB0A07FFB20025A3
:100F0000761C94F90600401B5FFA80FA5346574559
:100F1000B8BF3B4620886288411952FA86F2B9F17F
:100F2000000F18BFA07A02D1607A48B9E07A88F839
:100F3000840092B20020009089B2404600F03AFA54
:100F40005745D9DA7F1927716671BDE8F3872DE916
:100F5000FE4F00F15C0494F804A066790290884684
:100F60008DF8042006E0A8EB0B005FFA80F84FF044
:100F7000000A761C94F90600A0EB0A005FFA80FBD9
:100F80005846D845B8BF40462188638801EB4A07D8
:100F90004FEA400931069DF8040003EBD15560B1DA
:100FA0000299A07A81F88400002100914B460298B2
:100FB00000F01FF8002100910EE0607A88B90299D4
:100FC000E07A81F884004B4600200090AAB2029893
:100FD00000F010F8002000906D1C02984B4600F0C5
:100FE00008F8D845BFDAD04484F804806671BDE8BB
:100FF000F78FAAB2B9B200F0DDB938B5044604F1F2
:101000006205A1650020A87004F15800A97AFFF7D5
:1010100042FF287004F15800E97AFFF73CFF68703E
:1010200094F884002871411E8941C90F697131BD4E
:101030002DE9F8430446FFF7E0FF04F15C0595F95C
:101040000760A97C00F07AF800F076F80746297D61
:1010500000F074F8804695F90600012826DB2988FF
:1010600068884944801B2980C71B6F800021297133
:10107000697100F066F80746E97B00F063F8814685
:10108000002239462046FFF72DFF0122494620461F
:10109000FFF728FF012100F055F80028F0D195F95D
:1010A0000500B042E5DBA97A84F884104046BDE82B
:1010B000F2832DE9F8430446FFF79FFF04F15C0536
:1010C00095F90780A97C00F039F800F035F806465C
:1010D000297D00F033F8074695F90600012827DB43
:1010E000298868884944A0EB48002980861B6E80C7
:1010F00000212971697100F024F80646E97B00F0AF
:1011000021F88146002231462046FFF720FF0122C8
:1011100049462046FFF71BFF012100F013F8002885
:10112000F0D195F905004045E5DBA97A84F88410F3
:101130007F063816BDE8F2838146E97C04F1580049
:10114000C6E6A97B04F15800A5E6D0B50C46016DB2
:1011500017317930B4F5807F0EDA612CA8BF408852
:1011600002DA412C01DB008801444878F8B10A78A2
:10117000A242F9D1881CD0BD80880E1837460021C4
:101180003846FFF741FE064402213846FFF73CFE91
:101190003F1DA042F3D33278707850EA022006D087
:1011A000A0421CBFB0783618F5D1F01CD0BD00208D
:1011B000D0BD80F8651070472DE9F04104460D461A
:1011C000616D16469846884704F15C0186190D80CA
:1011D0004E8041462046FFF7B8FF002720B1014668
:1011E0002046FFF725FF074630E02DE9F041044691
:1011F0000F46616D90461D46884704F15C0108EB7F
:1012000040000F80488029462046FFF79EFF0026B9
:1012100020B101462046FFF74CFF0646B0B2BDE8BC
:10122000F0812DE9F04100F034F8002708E000F0EB
:1012300042F805D00346324600F00BF84519C719AD
:1012400000F022F84FF6FF729042F0D1B8B2BDE83C
:10125000F081A9B22046AFE72DE9F04100F019F87E
:1012600000270AE000F027F807D003463246A9B26B
:101270002046FFF7BAFF4519C71900F005F84FF6E9
:10128000FF729042EED1E1E7626818F8011B204638
:10129000104704460D461646984600F0ABBC10B504
:1012A0002C4C4460BDE81040BBE710B5294C4460AD
:1012B000BDE81040D0E74FF6FE7290427047016DD6
:1012C000002900D17047B0B590F9752000F17F0377
:1012D0005A7090F976401978B9B101290AD190F97C
:1012E00077109142A8BF0A4690F97800A0420CDC22
:1012F00004460AE090F9741090F972504F19BA42FE
:10130000B8BF4A19A142D8BF0C469C705A70B0BDF4
:101310000021FFE780F87F10D1E7002070470E49D9
:101320004165704790F98000401C80B270470B49BE
:101330004165704710B50446206D884208D021658C
:1013400004F16800FFF767FD2046BDE81040B6E7EE
:1013500010BD0000FD1B03001B1303002513030039
:101360007047F0B504880D882D19AEB2A64204D29C
:101370009C4238BF5D1E02D314469C4202D2AFB2DB
:10138000BA4201D30020F0BDA24238BF2246ADB21E
:10139000AB4288BF2B46028001209A1A0A80F0BD1A
:1013A00038B5C48F121BC46A9DF81050009592B2D4
:1013B000A04731BD7FB5002B05463FD0089C022BCE
:1013C0000CDB022C04D1C91A491CADF8041005E04D
:1013D000032C03D1D11A491CADF8081004F0010404
:1013E000210005F148000FD1BDF808108288914214
:1013F00024D3C288914221D24388028803A901A83C
:10140000FFF7AFFF78B97FBDBDF8041002889142A5
:1014100014D34288914211D2C388828803A902A8BA
:10142000FFF79FFF50B1286B8668BDF80C30BDF800
:101430000820BDF8041000942846B0477FBD0A4636
:101440000329A8BF012280F8842070472DE9FC41C0
:10145000089C05460E461746984609E00020009075
:101460004346BAB231462846FFF7A4FF7F1C641EEC
:10147000A0B20028F2D1BDE8F38104FFFCB587B02B
:10148000054617460E9C1E4602A81422D6F714FDE8
:1014900000218DF80210022204218DF804108DF82D
:1014A0000070F1B201298DF801608DF803408DF8CC
:1014B000052005DD9DF8030040F008008DF80300CD
:1014C00044B1F6B2012E05D19DF8030040F00400AE
:1014D0008DF80300D5F71FFA10B96420F1F722F850
:1014E0000021684600F0A9F8284669461C22D6F774
:1014F000E3FC09B0F0BD0122204672E038B5044695
:10150000302100F09AF841F294152846F0F7F4FFE4
:1015100000F021F82846F0F7EFFF00F01CF89620C5
:10152000F0F7EAFF202100F017F8E17841F0200100
:10153000204600F055F8204600F04AF8204600F01A
:1015400021F8617941F00401204600F049F8204675
:10155000BDE8324032E03021204651E070B50D4602
:1015600004462978164604E0FFF7C5FF15F8011F69
:10157000761EF0B20028F7D170BD082181700021DD
:101580005BE0000010B50446012100F029F84FF49B
:10159000FA60F0F7B1FF2046BDE8104000220021BC
:1015A00038B500BF28A4256800951DF801108A18D9
:1015B00042F08002D1B200F013F831BD80B50221B3
:1015C00000F00EF8BDE802404FF4FA60F0F794BF67
:1015D000017941F00401FFE7017141F00801FFE7E3
:1015E000002270B50D46164605F0F0010446314361
:1015F00000F006F846EA0516F1B22046BDE8704054
:1016000038B504460D4600F018F829462046BDE8D6
:10161000344038B50D46044645F0040100F00DF89D
:101620002E20DCF721FE05F0FB01204600F005F836
:10163000BDE832403220F0F75FBF827811430830B6
:10164000FCF7FABA0000000000401454016890F85A
:101650003820097C5143426BC9001046D6F718BCAC
:101660002DE9FC41044604F13800067847782068EB
:1016700090F8118000252068037C606BE9B211FBB3
:1016800003F1C90400EB114200920021FAB2204696
:1016900000F000FA6D1C7F1CE8B2B042BCBFF8B28B
:1016A0004045E8DBBDE8F38110B50446FFF7D8FFFD
:1016B0002046BDE8104000F017BA1E1E2DE9F84F75
:1016C0008B462C21DA4A4843104400F1080300936A
:1016D00001258678D749B60006F0FC068E19D6F8A3
:1016E0000080C278920002F0FC028958847804F0ED
:1016F0003F02282AAEBF002404F01F0405FA04F4B8
:10170000C07800F03F016FEA04092829AEBF002528
:1017100000F01F0085404FF0080AC74F5FEACB700A
:101720004CBF3C603C612220DCF79EFD3D6000F038
:1017300039F93D6100F036F9BAF1010A4FEA5B0B65
:10174000ECD13C610098417801F00F0101294AD1A8
:10175000386C09EA0009C7F84090DCF748FA48F00D
:1017600000580021731C31704FEA182206F102095B
:101770001A704FEA184106F1030A89F800104FEA7F
:1017800018628AF800204FF0640BDCF761FA5020F1
:1017900000E02220DCF768FD386B204205D10BF118
:1017A000010B5FFA8BF16529F3DB3D6000F0FAF87D
:1017B0003D6128F06055386C04433C64DCF717FA4F
:1017C000002106F8011B2A0A32702B0C89F8003020
:1017D0004FEA15688AF80080DCF73AFABDE8F24F64
:1017E0002E20DCF741BDBDE8F18F2DE9FF4F024609
:1017F0002C208F49424385B0114401F10803029324
:1018000001238C788B4AA40004F0FC04141920688E
:10181000CD78AD0005F0FC0555192A6800928E7848
:1018200006F03F02282AAEBF002606F01F0603FA84
:1018300006F6F2430392CA7802F03F012829AEBFB0
:101840004FF0000A02F01F0103FA01FA02998979A8
:1018500001F03F026FEA0A08282AAEBF4FF00009E4
:1018600001F01F0103FA01F920F060500190724F5E
:10187000386C30433864DCF7BAF900212170611C00
:10188000019A120A0A70A11C019A120C0A70E11C3A
:10189000019A120E0A70DCF7DBF9009820F0605014
:1018A0000090386C4AEA00003864DCF7A0F90021A7
:1018B0002970691C009A120A0A70A91C009A120C5D
:1018C0000A70E91C009A120E0A70DCF7C1F9C7F819
:1018D00000A03E600A20F0F70FFE3E6100F062F8C3
:1018E00000F05EF80299887908B1C7F810909DF869
:1018F00018109DF81400FFF7E1FE9DF820B00AE0F3
:101900000798401C0790ABF1010B10F8011D9DF8E2
:101910001400FFF7D3FE5FFA8BF00028F0D1029994
:10192000887908B1C7F8009000F03AF83E6100F0FD
:1019300039F8C7F800A000F035F83E60009E386C1A
:1019400008EA0008C7F84080DCF751F946F0005675
:1019500000216B1C2970320AA91C1A704FEA164A22
:1019600081F800A0360E05F8036FDCF771F9019DD0
:10197000396C03980140396445F00055DCF737F9BC
:101980000021631C21702A0AA11C1A702E0C0E70F3
:101990002D0E04F8035F09B0BDE8F04FDCF758B92D
:1019A000C7F810A02E20DCF75FBC2DE9F04180467F
:1019B00042462C201E494243881800F10806476918
:1019C000707800F00F0002280CBF01200020F5788D
:1019D000347929460CB1641EE4B20A0026D08C4248
:1019E00024DA2D1BEDB28D4288BF0D4600B16D008B
:1019F0000023002240214046FFF7F7FE04F00F04C9
:101A0000EBB207F1080244F0C0014046FFF7EDFEDB
:101A1000F17911F0070118BF41F008014046BDE817
:101A2000F0410023002241F08001DEE6BDE8F081B4
:101A3000346F002000100840902002400160897C33
:101A400080F82210704738B500F03AF8E5680023B6
:101A5000002214212046A84700F017F820680279D8
:101A6000292100F014F8002200F010F82068027913
:101A7000292100F00CF800F008F82068427920468F
:101A8000BDE83840292100F0F5B801224B2120465D
:101A900000F0F0B81CB58DF805108DF806208DF813
:101AA00004306B4604990091012284680F21A047FD
:101AB00016BD10B58468002300220921A04710BD7F
:101AC00004460023656900222821284710B5846850
:101AD000002300220A21A04710BD10B50A468468E1
:101AE00000230B21A04710BD10B5846800230022FD
:101AF0001021A04710BD80F8831070472DE9FE4FDC
:101B000000F057F808E083461EE082B983467770FC
:101B10000020009000F040F81FFA8AF0D0B100F0E9
:101B200035F8227802400029EFD1002AEBD15B1C66
:101B30006D1C4006000E04BF0120641C00F020F85C
:101B4000EFD100298346E2D130780028E4D100F0BB
:101B50002AF8DFE711E02DE9FC4700F040F807E044
:101B600000F037F8FFF7CAFF05EBD6457F1C641E6F
:101B7000A0B20028F4D1BDE8F3877770BDE8F78FF5
:101B8000AAF1010A1FFA8AF2002A704721780BEAAB
:101B900001010023584670479BB2E91A4A4689B2B0
:101BA0004046FFF707BC9DF80400707000210091CB
:101BB0007047804608F183060D4677780C9C791EA5
:101BC0008941C90F91469A468DF804104FF0010BD8
:101BD000704700954346BAB251464846704798460A
:101BE0000A9C0B9D08F1070681468A461746360473
:101BF00070470404002180F82610704710B50A00D1
:101C000018BF0A2902D14FF6FF7010BD00F1200362
:101C10004FF6FE709A790ABBFC2905DB052201F01C
:101C2000010119809A7110BDF82903DB042201F02B
:101C30000301F6E7F02903DB032201F00701F0E7D7
:101C4000E02903DB022201F00F01EAE7C02903DBF0
:101C5000012201F01F01E4E7084610BD521E1C8856
:101C60009A7101F03F0141EA84111980D2B202B9A0
:101C700088B210BD10B544690023A04710BD1009FB
:101C80002DE9F0474768DFF8FC6788469146002554
:101C9000306C384328FA05F430645FEA090104F037
:101CA0000104376002D0DBF7A2FF8246306C384374
:101CB00030643761002C14BF08205020F0F71CFC62
:101CC000306C3843306437605FEA09011CBF50460E
:101CD000DBF7BEFF1CB15020F0F70EFC02E02E2017
:101CE000DCF7C2FA6D1CE8B20828D1DBBDE8F0874A
:101CF0002DE9FE4F07784668DFF88857BF0007F0E8
:101D0000FC0707F1804707F50127F243D7F800B039
:101D10008DF800104FF00008C1460192296C314344
:101D200029642E609DF8000010B1DBF760FF824649
:101D3000286C304328642E612E20DCF795FA286C3D
:101D40000199084028644BF0005BDBF750FF00214D
:101D50007B1C39704FEA1B22B91C1A704FEA1B44D6
:101D6000FB1C0C704FEA1B621A70DBF771FF082036
:101D7000F0F7C2FB286B16EA000418BF01249DF897
:101D8000000010B15046DBF763FF2820F0F7B4FBEA
:101D900024B1012000FA09F040EA080809F101091C
:101DA0005FFA89F10829B9DB5FFA88F0BDE8FE8F98
:101DB000F8B506784468DFF8CC56B60006F0FC06A5
:101DC00006F1804606F501264FF411703768296C3C
:101DD000214329642C61F0F78FFB286CA043286411
:101DE00047F00057DBF703FF0021731C31703A0AFC
:101DF000B11C1A704FEA174C81F800C03F0E06F86C
:101E0000037FDBF725FF4120F0F776FB286B14EA10
:101E1000000618BF0126AA20F0F76EFB286C2043AD
:101E200028642C604FF41170F0F766FBF0B2F2BD3D
:101E30002DE9F04F064687B07068DFF84C560090E9
:101E40006FEA00093478A40004F0FC0404F1804433
:101E500004F501244FF00108D4F800B0A8784FF041
:101E6000000A0028CDF818A0CDF8108040F0DF80DF
:101E70003046FFF79DFF20B100202870A8706870E1
:101E8000DAE00022F0213046FFF7FAFE009FDFF88B
:101E9000F465CDF81490E11C03918DF800A0A21C0C
:101EA000611CDDF81890DDF810A0029201910494F5
:101EB00000F0C5F8306C0599084030644BF0005BC9
:101EC000DBF795FE049A002111704FEA1B238DF871
:101ED00003304FEA1B43019A9DF8031011708DF8EF
:101EE00002304FEA1B63029A9DF8021011708DF8C0
:101EF00001301946039A1170DBF7AAFE0820F0F7AB
:101F0000FBFA306B3840044618BF01242820F0F754
:101F1000F3FA00F094F8306C059908403064DBF770
:101F200066FE049A00211170019A9DF80310117049
:101F3000029A9DF802101170039A9DF80110117019
:101F4000DBF786FE0820F0F7D7FA306B17EA0001BE
:101F500018BF01218DF801102820F0F7CDFA9DF867
:101F600001100C4255D1E0B2884216D058BB05EBA7
:101F70000900007920EA0A0005EB09010871306CBC
:101F8000384330643760E0B2316C394331643761D3
:101F9000002814BF082050201BE028785FFA88F141
:101FA00081420ED205EB09005FFA8AF300791840EE
:101FB000002807DC002408298DF80080D7DC697030
:101FC000D5E7F7D1012405EB090000794AEA0000C2
:101FD000D2E7F0F791FA306C384330643760E4B2FE
:101FE0001CB15020F0F788FA02E02E20DCF73CF913
:101FF0004FEA4A605FEA106A08F1010805D109F169
:1020000001005FFA80F94FF0010AB9F1080FFFF6FD
:102010004FAF5FFA88F19DF80000412907DB01000E
:1020200004BF0121A97028700121287918B9002165
:102030002970A9706970084607B0BDE8F08F306C50
:102040003843306437602E20316C39433164376156
:10205000DCF70AB9082210F8013B8B4202D1521E6C
:10206000F9D101E0002070470120704738B50D46D6
:1020700004462A460121D4F7CFF860B12A1D022177
:102080002046D4F7C9F8FF212846FFF7E3FF08B13F
:10209000022032BD012032BD38B504460D46FFF79F
:1020A000E5FF01000ED12B46082200212046D4F77F
:1020B00080F930B100212846FFF7CCFF08B9032092
:1020C00032BD002032BDFEB502280C462DD1D1070D
:1020D0002BD523462C20DFF8B4234343D018C178F6
:1020E00001F00701022920DD0022CDE900228578D8
:1020F00040786B4608220021D4F772F92046D3F7C6
:10210000B7FF0027DFF88843DFF88863F8B2315C57
:10211000072904BF205CA84203D12946F8B200F089
:102120007DF87F1CF8B20828F0DBF7BD2DE9FE4FE3
:10213000DFF864633578082D0446894690461EDA38
:102140004FF0000BDFF840A3D04F01E00BF1010B83
:102150005FFA8BF0A84214D22C2148433B18395C1B
:10216000C8090ED001F07F010729EFD108220AF13A
:10217000040103F10800EFF7F3FE0028E6D1002088
:102180004AE04046A046002404281BD10027C14D48
:10219000F8B2285C072808D16946F8B2FFF77CFF3F
:1021A000002802BF002C0124B8467F1CF8B2082882
:1021B000EEDB3CB10AF10403082200215FFA88F04B
:1021C000D4F70EF93078D3F73FFF0546307800BFDB
:1021D000B6A1401C307085F8018085F80290142269
:1021E000E87800F0780040EAC41040F00300E8709E
:1021F000287800F0800040F00700287005F11800F2
:10220000D5F75AFE0820A87108220AF1040105F149
:102210000800D6F711FB0120BDE8FE8FFEB504468D
:102220000D4605F03F00012205F01F0100F0DEF829
:10223000D0B995480021017081706846FFF7F8FD1C
:1022400090B10026954F3878761C08B1EEF737FF2D
:10225000042229462046FFF769FF6846FFF7E8FD9C
:1022600010B1F0B20828EEDB00212846D5F705FCB6
:10227000F7BD7CB514462C21844A48431044012103
:10228000857805F01F0005F03F0281408DF80020A1
:1022900001916846FFF78CFD002648B900F0A2F8CE
:1022A0000122442100F09CF840F2EE20206001263B
:1022B00000212846D5F7E1FB304676BDF8B52C2144
:1022C000724A48432DED028B141882B0A67806F0AE
:1022D0003F00012206F01F0100F088F8B0B9E07855
:1022E00000F00700022802D100F07CF80EE0012285
:1022F000552100F075F80025E8B220440122017A4A
:1023000000F06EF86D1CE8B20828F5DB0122BE2152
:1023100000F066F801216846FFF7EAFC0746012154
:102320006846FFF7E5FC05466846FFF741FD0021DA
:102330003046D5F7A2FBE61C9FED508AFF2F08BF61
:10234000FF2D14D005F0070147EA0120D4F79CFDCA
:102350000022534BD4F77CF8D4F750F92D0708EE40
:10236000100A12D59FED460A38EE008A0DE030784B
:1023700000F00701032908DBC0F3C201062904DAD3
:10238000C108491C61F3C500307018EE100AD4F77B
:102390003BF80022434BD4F75BF8D4F787FD01B23A
:1023A0006078D5F721F9307800F00701012906DDC2
:1023B000400604D40120D3F784FF040001D100209B
:1023C0000AE03078384940F04000307084ED018AEE
:1023D000201DD3F771FF204602B0BDEC028BF2BD89
:1023E00068464DE40122CC21684649E48DF800009E
:1023F0008A4001926846DBE4F8B5044622060E46A0
:10240000214F0BD5391D04F07F00FFF72FFE20B1BF
:1024100031884EF6FF7001403180F1BD357871781A
:102420002846D5F7D9FA391D2046FFF735FE0200B8
:1024300004D029462046BDE8F84077E60021134E37
:1024400000E0491C144A1378C8B2984211D2CFB2A6
:102450002C225743F2191378D809F2D003F07F03E6
:10246000072B04BF9378AB42EBD1D078C009E8D0FA
:10247000F1BD29462046BDE8F440CFE60000C8C2C1
:10248000000000C390200240F8860020346F002036
:10249000848700207C870020E2890020EB890020CF
:1024A0000000B03F00005940FA65000073220300AD
:1024B000BD220300C7200300000000000000000050
:1024C0002DE9F04104461521601CFAF7F5FCA17DC9
:1024D000884240F09D80DC4890F90000002800F11F
:1024E00097802C22D949E57C10FB02F0084400F1CA
:1024F00008014269DAA000230126984604EB060E83
:102500009EF8017014F806C000F084F89CF802E010
:10251000BE4410F8087000EE10EA3D42F8EE400AA2
:1025200027D004EB060E9EF804709CF803C000F060
:1025300071F85B1C9CF805E0BE4401EE10EA02EB6A
:102540008807B8EE411A80EE811AD7ED001A4F1CA9
:1025500021EE211A17F8087007F1010E4F1C07F839
:1025600008E002EB8807D7ED031A31EE811A87EDF8
:10257000031A08F10108B61DB8F1020FF6B2BDDD6D
:10258000267D647D10EE100A04EB062400EE104A4E
:102590000C78ED09660605D5E409AC4202D04C681A
:1025A000641C4C600C7844F040040C7004F07F0410
:1025B00044EAC5140C7092ED021AB5EE401AF1EE21
:1025C00010FA21DD00B34868000401EE900AB7EE6E
:1025D000002AF7EE002AF8EE611AB8EE400AC2EEC1
:1025E000200A82EE811A31EE800A20EE811A9FEDD8
:1025F000903A21EE033ADFED8F1A63EE211A80EE56
:10260000210A82ED060A5B1C087863F30300087058
:10261000BDE8F0813F0207EB0C4704EB060C704766
:10262000E0B5012000210190009100230022082143
:102630004FF41640EFF774FE83484FF0FF310170FE
:1026400007BD0000FEB50446154622462C207F49F2
:102650004243881800F108064769307800F0F0001E
:1026600030700321701CD5F713FC07F10C0000211A
:1026700000220023002780E88E003178744A41F060
:1026800020013170012001900092082101224FF4B5
:102690009650EFF745FE00BF72A0D0E90023114627
:1026A0001A462046EFF7D1FD4FF47A7028600120DA
:1026B000FEBD00002DE9FF472C21644A4843104429
:1026C00000F108042178456911F00F0F43D090F80C
:1026D00001800FF2981901260027EA46E019407898
:1026E00090B105EB870100EE100AB8EE400AD1ED7B
:1026F000030A0AEB870080EE800A80ED000A40465C
:1027000059F82710884700E000267F1C032FE5DBDF
:10271000D6B19DED000ADDED010A20EE200AB5EEEE
:10272000400AF1EE10FA07DDDAED020A9FED421AD7
:1027300020EE811A81EE000ABDEEC00A10EE101ADA
:1027400049B24046D4F7DAFF002195ED060A40462B
:10275000D4F7E0FF05E0FFF763FF207800F0DF002B
:102760002070002004B0BDE8F08700003949374BE5
:1027700070B504462C202DED028B0A781546454392
:102780003548521C1D440A7082B0E8610023287A43
:1027900032496E69A96100F0EF00287200936A4621
:1027A00001212046D3F738FD48B1009801280CBF1D
:1027B00010200020297A01F0EF0108432872B7EEBB
:1027C000008A287AC10654BFDFED1C8ADFED1C8A1F
:1027D0006A4602212046D3F71FFD00281CBF00983F
:1027E000002813D0BDF80000009900EE100AB8EEE2
:1027F000400ADFED110AC0EE208A090C00EE101A23
:10280000B8EE400ADFED0F0A80EE208A28EE880A33
:1028100086ED020AC6ED008A86ED018AFFF700FF09
:10282000287A00F0DF00287202B0BDEC028B70BD88
:10283000286B6E4E000061450000C842D7A3F03FF0
:10284000B81E074200007A441D290020346F002082
:10285000BD210200E2890020B526030045260300C1
:1028600040201000015A0017C1240300A97600007F
:10287000B7760000EF760000014902488860704793
:102880000C010020401A00002DE9F84F8A462C2147
:10289000B64A484310448278C578012002F03F01CF
:1028A0002829AEBF4FF0000B02F01F0100FA01FB18
:1028B00005F03F012829AEBF002505F01F0500FAED
:1028C00005F5AB4F00F048F8C7F800B04FF4FA74C4
:1028D00002E02220DBF7C8FC2046441E80B200281C
:1028E00038D0386B10EA0B0FF3D1DFF8888298F8F4
:1028F000000008B1EEF7E3FBDBF779F9002681462B
:10290000182400F02EF800F027F87600386B10EA53
:102910000B0F18BF761C641EF3D1022400F021F8BF
:1029200000F01AF82220DBF79FFC641EF6D148461F
:10293000DBF78EF9396C294339643D6098F8000063
:1029400008B1EEF7BCFB310244BF8B480643CAF81E
:1029500000600120BDE8F28F386C284338643D6187
:102960007047386C284338643D602220DBF77CBC1C
:1029700038B52DED028B82B0804D00950446694636
:10298000FFF782FF08B30098A84208BF00201CD0C0
:102990002C207649009A4443081900F10801436944
:1029A0001868121A00929DED000A4868B8EEC08AB5
:1029B00028B100EE100AB8EE400A88EE008A012025
:1029C000D3F77FFC08B180ED018A02B0BDEC028B29
:1029D00032BD10B54FF4E17313602C22634C5043A9
:1029E00022180021D078D4F7C3FF012010BDF8B51C
:1029F0000C4625462C215D4B4D431D4402286E6933
:102A000005F108071FD112F0010213D10121204660
:102A1000D3F7E6FB3878810707D5400705D56878F6
:102A2000334604220121D3F7DBFC387800F0FD00A7
:102A30003870F1BD397801F0FD0141EA420101F041
:102A4000FB0139701DE0D00721D5002100912046FF
:102A50006946FFF719FFA0B13878410707D53168FB
:102A60000098411801EBD1714910316004E040F049
:102A70000400387000983060012268788021EFF7F8
:102A8000C9F84FF47A7201212046D3F772FBF1BDE9
:102A900010B50C2A04BF0299022916D1039991EDB1
:102AA000000ABCEEC00A10EE101A71B12C222F4B96
:102AB00050431C18E1606078D3F79FFC60780122D6
:102AC0008021EFF7A7F8012010BD002010BD000005
:102AD0002DE9FC412A4D2A7880460C462C202349BA
:102AE00042438F18A178F9700026BE7107F11800D3
:102AF00024A11422D5F7E0F97E6907F10C02012127
:102B00004046D3F789FB324602214046D3F784FB87
:102B1000F86800B10120397A01F0FE0108433872EB
:102B20006946002000907878D3F763FC00281EBF28
:102B300000980028F86078786B4604220121D3F7CA
:102B400038FC08B10098306061782078D4F744FFF1
:102B5000E178A078D4F71CFFF8780121D4F708FFBA
:102B60002878401C2870BDE8F3810000346F0020F5
:102B700090200240EB890020000080FF19FCFFFF3D
:102B8000E2890020D329030071290300EF29030003
:102B9000912A0300020000000149024808607047C2
:102BA0000C010020A81F00002DE9F84D2C21DFF8B2
:102BB0007C244843161887B0776938788DF8080068
:102BC0000122B07800F03F0100F01F008DF80C10DA
:102BD00002FA00F004900025F17801F03F0301F0C3
:102BE0001F0102FA01F18DF814300691AA46D6F8B9
:102BF00014B09BF80240640814F001041ABF9BF85B
:102C000001104900022100F09AF802280CD100F0CE
:102C10008FF8317801F07F01392918BFC008ADF86D
:102C2000040001254FF0200A002C1DBF9BF8011065
:102C30004900491E042100F082F8022809D100F061
:102C400077F80CB10004C014ADF802006D1C4AF016
:102C5000100A84B96B460222032102A8FBF7EAF8A6
:102C6000022808D19DF800009DF8011041EA0028D3
:102C70006D1C4AF0400A5AEA050452D07578A00645
:102C800013D5B888BDF8041000EE900A00EE101AB3
:102C9000F8EE600A9FED251AB8EE400A80EE811A20
:102CA00020EE010A2846D4F7D0FCE00613D5BDF982
:102CB0000210F88800EE101A00EE900AB8EEC00A72
:102CC000F8EE600A60EE200A9FED181A80EE810A85
:102CD0002846D4F7C1FC600623D5F97830781FFA6E
:102CE00088F800EE108A00EE901A00F07F00B8EE2F
:102CF000400AF8EE600A392820EE200A0AD1F88846
:102D000000EE900AF8EE600A20EE800A9FEDC51AE8
:102D100080EE010ADFEDC41A80EE210A2846D4F7BE
:102D2000A7FC002008B0BDE8F08D00000024744925
:102D30009DF800109DF8010040EA012070476B46A5
:102D40000222C9B202A8FBF775B800002DE9F04FC6
:102D5000DFF8DC82B54A98F8003082462C204343E5
:102D600087B0D5184A7902F07F0200920E788C78ED
:102D7000B049EC700120A871E9610027019705F1C5
:102D800008036B6101AA01215046D3F745FA0028D8
:102D90001EBF01980028074600994FF0000B1D291F
:102DA000CDF804B00AD1A87A40F0020002214FF019
:102DB00001094FF0070BA872A97100E0D946402025
:102DC000287201AA02215046D3F726FA40B1019891
:102DD00010F00F0B04D1B9F1000F18BF4FF0070B23
:102DE000A97A6BF38401A972F8B200B12F72B9F11C
:102DF000000F2ED08D4A0098002302F1140723E023
:102E00004FF02C0C1CFB01F112F801E00EF07F0ECC
:102E1000864502BF02F1020C1CF801E0B64501BF75
:102E2000795891F800C095F808E0F4450BD18978FD
:102E300095F80AC041EA0C010CF0E30E01F01C0108
:102E400041EA0E01A9725B1CD9B298F800C0614535
:102E5000D6D3297A8DF8081006F03F028DF80C20A1
:102E6000012106F01F0601FA06F604F03F0204F005
:102E70001F0404968DF8142001FA04F4069402A8A5
:102E80006C69FAF753FDA07800F0FE00A0706B4665
:102E90006FA00088ADF8000000F0CEF80020ADF87B
:102EA000000000216B46022202A8FAF7C3FF0228A5
:102EB00040F0B4802978A078002701F07F011C2918
:102EC000C0F3820631D01D2902D0392913D04FE03A
:102ED0004FF4FA50A0802821DF27E180F00748BF97
:102EE00044F2DF07B00748BF47F4005770073FD5EB
:102EF00047F480573CE044F22737082EA8BF00264D
:102F000054A000BF57A130F8160031F8161040F257
:102F1000E242A280E180020AFA21E1708DF80020ED
:102F20008DF8010000F08DF822E04FF47A61A18065
:102F30000A223221012E4FF4005006D0022E08D171
:102F40004FF480506421142203E04FF420502821D4
:102F50000822E180E270000A8DF800008DF801700F
:102F600000F06FF8002E14BF43F61F4740F21F47D2
:102F7000380A8DF800008DF801706B4600F05CF89F
:102F80006B460222002102A8FAF754FF022804BF70
:102F90009DF80000B0EB272F02BF9DF8010007F05D
:102FA000FF07B84203D1A07840F00100A070A078DC
:102FB000C10733D598F80000401CB9F1000F88F81C
:102FC00000002BD04FF0010900260027174C7F1C72
:102FD0005FFA89F01BEA000F1BD0F0B208B9AA46CD
:102FE00013E098F800002C21484304EB000A2C223F
:102FF00029465046D5F720FC0AF10800CAF814000B
:1030000098F80010491C88F80010761CDAF81400B3
:103010004770F8B202284FEA4909D8DD07B0BDE889
:10302000F08F000000007A4400401C46346F0020FE
:10303000E2890020A92B03000222002102A8FAF74E
:10304000C5BD6B460222052102A8FAF7BFBD0000EC
:10305000800000008E06470350011B0D6210BD0862
:10306000BD088E061F003D00990099006202F6051A
:10307000EC0BD81701490248C86070470C010020CA
:103080001420000070B504463E4920683E4D08609B
:10309000202263683D48036005F19000A168D4F7E1
:1030A0000BFFE6681822314605F1B000D4F704FFA3
:1030B0001822314605F1C800D4F7FEFE2169182216
:1030C00005F17800D4F7F8FE95F8840040F0800010
:1030D00085F884004022616905F13800D4F7ECFEE0
:1030E00005F12C062022F07E40F0A500F07628465F
:1030F000A169D4F7E1FE05F1780068601422687BCD
:10310000297B00F0F00040F00200687341F080017C
:1031100029730520287404216974A87CE97D00F0D6
:10312000E00040F00100A87401F0F00141F001015D
:103130000320E975287505F12000E169D4F7BCFE8C
:103140003078F178124A40F08000307001F0700160
:10315000707800F0F00040F00100707041F08401E0
:10316000F1704FF458607060216A0A480160D168BC
:103170004A69107808B1F4F793F8BDE87040D6F7C3
:10318000B6B900BF04890020C87400200889002057
:103190000C0100200C89002000B589B06846044964
:1031A0002422D4F789FE6846FFF76CFF09B000BD02
:1031B0000C230000DFF800F009EC0210DFF800F04B
:1031C000D9D50210DFF800F0A5EA021010B50446C8
:1031D000304886B00470DAF7C5FC15216846DAF786
:1031E000BDFC234634A21521684600F071F8FEE7C5
:1031F00080B500F0ACF8DAF7E4FBBDE80240264801
:10320000D7F708BF0320E1E7F0B5244D244C25484B
:10321000254E60658FB02B681F6801220121304662
:10322000B8472A685368012130469847D8F7BCFB55
:1032300000F05DFAD8F706FD08221C492046D5F7B4
:10324000FBFA04F1080000F05DFAA16809B1002062
:10325000884717480460D8F7EBFA204600F044F896
:1032600008233C2200216846FFF7A4FF04F1AC00CC
:1032700040F6B831022207900891069200236A4670
:103280000C4904F15C00FFF799FFFFF79BFF00205A
:103290000FB0F0BDDF890020141C0020D801001001
:1032A0000C1C00200532030000400340F0120050C7
:1032B000BC580020F13103005B41737365727420C8
:1032C000526561736F6E5D20307825303258000092
:1032D00008B400B501AB01F097FA5DF808FB402097
:1032E000DFF800F011F7021078B5D14C89B005462F
:1032F00025640823242200216846D7F783FE002195
:103300008DF8181004F6CC466A463046D7F77EFE94
:10331000A66408233C220021201DFFF74BFF4FF439
:1033200040606062052104F1CC00E16120626561CA
:103330000023221D0FF21D0104F17C00FFF73EFF68
:1033400004F17C00606401F061FA0AB070BDB84815
:10335000007870472DE9F841B54D286C91B010B157
:10336000002180F84510296C01F14800D6F732FCA5
:10337000DAF73DFC06460720D5F789FDDAF72AFD86
:1033800018B100BFB2A0FFF7ABFFF3F760FD0CA8C8
:1033900001F046FA04208DF830000CA9002001F05D
:1033A00048FA6865F9F7C0F908A8F9F743F9042065
:1033B0008DF8200008A90020F9F745F9E864F5F731
:1033C000C4FE04A8F5F752FE04208DF8100004A9ED
:1033D0000020F5F75BFE2865E86C10B9A4A0FFF7A4
:1033E0007FFF286D18B900BFA6A0FFF779FF686DB1
:1033F00018B900BFA8A0FFF773FFE8F79AFD2C6C7F
:10340000AAA705F6E84824B9D7E90012CDE90012C9
:103410000EE000F013F9082269462046D5F7FEF9C0
:103420000128F1D0D7E90023CDE90023296C01BBA5
:103430000820D5F70BFA04004FD00027D5F761FA22
:10344000F9B27F1C6054F9B2000A60547F1CF8B2D4
:103450000628F3DB302121547F1CFFB2F820E05511
:10346000082221464046D5F7E7F92046D5F7EFF97F
:1034700003E008224046D5F7DFF96A46082101201B
:10348000D5F774FA002818BF092822D1E5F7E5F925
:10349000800713D400F0D2F8FF22082102A8F1F728
:1034A0000BFE02AB082200210120D5F7DBFA80B920
:1034B0000822694602A8D5F7B1F928B14246082189
:1034C0000120D5F78CFA04E0082202A94046D5F77E
:1034D000B3F94146E220E8F779FDE5F75DF92020F0
:1034E000D5F7B4F90028A86555D0A96C686C05F12A
:1034F0005C02D4F72FFF4F498A68D2F84C138847F3
:10350000A96D05F15C00086005F1600200F09BF810
:10351000E5F71CFDA96D05F16000486005F1640246
:1035200000F091F8F1F7FEFDA96D05F164008860E7
:1035300005F1680200F087F801F08CF9A96D05F13A
:103540006800C86005F16C0200F07DF8D9F776FAE2
:10355000A96D05F16C00086105F1700200F073F8C7
:1035600001F040FDA96D05F17000486105F174029C
:1035700000F069F8D6F7C0FCA96D05F17400886108
:1035800005F1780200F05FF8287001F033FFA96DB3
:1035900005F17800C861EDF72EFDF4F7C1FC304667
:1035A000DAF756FBF4F77CFCE8F71FFE0120E8F79A
:1035B000DFFCE8F75AFE20480178012904BF4FF4E8
:1035C0000040E7F75CF928783AA44FF48041D4F73B
:1035D00032FDA86C4FF0FF31D3F748F80026A96DF3
:1035E000F2B251F82230186818B9761CF1B20829E5
:1035F000F5D3F0B20828ECD2D5F72AF9A96DF6B2C6
:1036000051F826100F6800220A60D5F72CF954F8FB
:1036100026203946002090470746D5F719F9A96DAD
:1036200051F826100A683A430A60D5F71CF9D0E72A
:103630007C5800200C010020F9890020FF2208217D
:103640006846F1F739BDA96C686CD4F783BE0000F9
:1036500052616E646F6D5F736565644175746F6D03
:10366000617469632829206661696C6564000000E3
:1036700041455343434D206F70656E206661696C10
:1036800065640000414553454342206F70656E20DC
:103690006661696C6564000054524E47206F706526
:1036A0006E206661696C656400000000FFFFFFFF2B
:1036B000FFFFFFFF81BD0100199001005D51020075
:1036C000674F03008BCA00001B500300A1A8000035
:1036D0008954030070B504460D46164604F066FC96
:1036E000324629462046BDE8704004F061BC80B5F2
:1036F000D5F79BFAF3F7E2F9EAF740FCBDE80140A1
:1037000004F0E6BC0FF251010FF259320FF2AD3363
:103710000160426083600FF205410FF29D42C1607B
:1037200002610FF2D9510FF23D52416182610FF2F5
:1037300041610FF2E142C161026200210FF2A16218
:103740008162C162FFE7416202630FF289210FF2D9
:10375000DD224163826370472DE9F04FDFF8884A2C
:1037600006462078607003288DB040F0308100203C
:103770002070002161700823182207A804F022FE9F
:10378000002107A8DFF85C5A04F035FE28642E21DA
:103790002846DAF7E3F9FF220A2105F10C00F1F7D8
:1037A0008BFCF7F721F931460020F7F72FF9E86392
:1037B000064605F13001F7F713F9A86B696BB1FB09
:1037C000F0F2D3B2032BA8BF02222A70B0F5005F3B
:1037D0002A78E27003D1B1EB423F00D316B9012041
:1037E0002070F5E00021FF266971EE70E8802E71EF
:1037F000AE7000274FF00C0805E0EF7002E0FE28E5
:1038000008BFAF707F1CE178F8B2884263D218FB22
:1038100000F0284400F1160904236A460021F8B29A
:1038200000F079FC009889F800000099090A89F8ED
:1038300001100098C0F3854003281EBF0098000EB9
:1038400096283ED10098000C00F0030089F8030090
:1038500099F80000FF281CBFFE287E282ED001A862
:1038600000F0CEFA4FF4005A53464FF08852002130
:10387000F8B200F050FC4FF08852AAF1040A1FFA87
:103880008AF01044016811F1010F03D11FFA8AF385
:10389000042BF2D24FF0010B012201F0FF03FF2BAA
:1038A00018BF9346521C090AD3B2042BF5DD016000
:1038B000019800F0BEFA5AFA8BF000E01020A9F847
:1038C000060099F800007C2818BF782895D0702849
:1038D00095D12F7196E7E8780027FF2818BF0127B8
:1038E00017D12879FF2818BFE8700FD1A878FF28D2
:1038F00012D0401C90FBF1F201FB120188B205F1DD
:103900001C0308FB00F2985A10B1E970022700E08E
:10391000AE70E878FF280CD10021E970284600F04D
:103920001DFC6178084360707E220021284600F06B
:1039300020FDA878FF2813D1E878E178401C90FB9F
:10394000F1F201FB1200A8702846A97800F006FCED
:10395000617808436070FE22A978284600F009FDCE
:10396000E87805F11C0118FB00F86870012F31F8A8
:103970000810E980A77002D0022F22D027E0182972
:1039800025D3C91F002302AA89B200F034FC9DF898
:103990001300410715D5002001900322009202ABCD
:1039A000E888E978C21FBDF81600121A92B22846BC
:1039B00000F0F4FC58B9BDF8142042B100F0E8F86A
:1039C00005E0012068710021284600F072FD607852
:1039D00090E10000F8B5DFF80C48606C18B1804742
:1039E00008B90B20F2BD00F063F80546002606E09A
:1039F000204600F0B3FB797808437870761CF8789D
:103A0000F1B28142F4D3401E7E78A0700021A08BD9
:103A1000E0806170E1707E2200F07BFAA178FE22E6
:103A200000F077FA00F0F2F83046F2BD7CB5DFF82E
:103A3000B447E57804236A460021284600F06BFB72
:103A40000098002600F0FF00FF281CBF7E287C287D
:103A500005D10C2045436019868BC6F500563046CB
:103A600076BD00002DE9F041DFF878470546606C2F
:103A700018B1804708B90B2018E000F019F83E781B
:103A8000804676B9B4F90600C0F5005000B2A842ED
:103A900000DB2DB90021204600F00BFD7E7800E010
:103AA0000426206C414604F037FD3046BDE8F08125
:103AB000206CDFF8347704F06BBD0000F3B587B0FD
:103AC00011461C0018BF002902D1042009B0F0BD26
:103AD00000F063F8060006D1DFF80857686C20B1E3
:103AE000804710B90B263046F0E7286C04F050FDF3
:103AF000074600F057F8C1B209B90D2608E0C0B278
:103B00000A2804D1012300F03FF8060000D0012666
:103B1000286C394604F000FDE5E70000F3B587B0F6
:103B200011461C0018BF002902D1042009B0F0BDC5
:103B300000F033F8070006D1DFF8A856686C20B112
:103B4000804710B90B27F8B2F0E7286C04F020FD8D
:103B5000064600F027F80746C0B268B9022300F015
:103B600013F807000BD1BDF8142042B100F010F893
:103B7000DFF87406477802E00A2818BF0127286C8E
:103B8000314604F0C9FCDEE7224602A92846C2E11C
:103B90009DF81810284600F0B6BB032302AA89B28C
:103BA00007A850E10321002000910190EA88E978FC
:103BB00002AB284600F0F2BB73B588B000F042F8C3
:103BC000060006D1DFF81C46606C28B1804718B9A2
:103BD0000B26F0B20AB070BD206C04F0D9FC00F0E6
:103BE00036F80646C0B270B9BDF814209DF818101A
:103BF000204600F088FB00F02BF80A2806BFDFF80B
:103C0000E8054678012600F001F8E2E7206C294635
:103C100004F082BC73B588B000F014F808B100203D
:103C20000EE0DFF8C045206C04F0B2FC00F00FF8A5
:103C3000002814BF0026BDF81660FFF7E7FF3046E6
:103C40000AB070BD032302AA002108A8FBE00546C4
:103C50000321002000910190E288E17802AB204628
:103C600000F09CBB2DE9F34F8BB04FF6FF701A9E0E
:103C7000169C30809B46002C1CBF1FFA8BF000283E
:103C80000DD0199D002D1CBFDDF85C805FEA080097
:103C900005D0DDF8609042F20101894501DB042086
:103CA00028E0032306AA1FFA8BF10BA800F0CBF83B
:103CB00001001FD100F057F8824602A91220029598
:103CC000ADF80C80ADF80E900494ADF814B00191ED
:103CD0000090FA88F97806AB384600F05FFB04469E
:103CE000C0B210B9BDF81C0030805146386C04F0E9
:103CF00013FCE0B20DB0BDE8F08F00002DE9F343F6
:103D000087B01546109C1E46002C1ABFB0B2002882
:103D1000042025D0032302AAB1B207A800F093F82B
:103D200001001DD100F01FF8804603210020009102
:103D30000190FA88F97802AB384600F02FFB8146F3
:103D4000C0B238B900902346B2B2A9B202A800F0BE
:103D5000A8FA8146386C414604F0DEFB5FFA89F030
:103D600009B0BDE8F083DFF8007A386C04F010BCCD
:103D7000F3B585B011461C001CBF88B2002802D1E3
:103D8000042007B0F0BD03236A4689B205A800F0FD
:103D90005AF8050006D1DFF84C64706C20B18047FA
:103DA00010B90B252846ECE7306C04F0F1FB074610
:103DB000002322466946304600F0ADF805000AD1DE
:103DC000BDF80C203AB19DF81010304600F09BFA77
:103DD000DFF814044578306C394604F09DFBE1E7C8
:103DE00010B501460024080008D0C91D89B2DFF8CB
:103DF000F40300F060F8FF2808BF0124204610BD3E
:103E000070B5DFF86849DFF8685921688A680646A6
:103E10002846904700F00300306000212268536874
:103E20002846984721688A68284690470028F9D193
:103E300070BD10B5DFF8342913685C680146DFF8FF
:103E40003009A04710BD30B5B1F5805F01DB05201A
:103E500030BD0378402B01DB092030BD448840F29F
:103E6000FF339C4201DD072030BD84889C4201DD88
:103E7000082030BDDFF870331C78032C01D10320FB
:103E800030BDD181002191810378448881881B0352
:103E900003F47C33C4F309042343C1F3090545EA61
:103EA0000335156091804188D18096210078107289
:103EB0009172002030BDF8B504460F46E678042321
:103EC0006A460021304600F026F90098FF2500F0F0
:103ED000FF00782801D1FF20F2BDFF2818BF7E28FF
:103EE00002D17C2200F014F831460C2041436018C6
:103EF000E67042F20101828BE280808B38188842A2
:103F0000B8BFE57802DB782200F002F82846F2BD5F
:103F1000314620462DE22DE9F84F0F468AB0FE8942
:103F2000B14CF61D054691469846B1B2FFF7C3FF66
:103F3000FF284FF0000A0DD1B1B2284600F0B9FABF
:103F4000B6B2B0424FF0010A04DA6078002800D11E
:103F50000520D0E0607808BBB8F1000F05D0B8F1BB
:103F6000020F1BD1BAF1000F18D0387A8DF81C005F
:103F70000021F888ADF81A0005ABB888ADF8180034
:103F8000019103200090EA88E978284600F006FABB
:103F90009DF824003874BDF82000B8810423E98816
:103FA000ADF802100021EA788DF8002002AA9DF8F1
:103FB000000000F0B0F8029800F0FF007E2805D164
:103FC0009DF800107C22284600F0D3F9029800F0FA
:103FD000FF007C2818BF01207BD1F88900F1070A77
:103FE000BDF802001FFA8AF1081842F2010290425D
:103FF00080F28480FA88387A120A02F0030242EAD8
:1040000080028DF80C2003AEF8887070BA88920890
:10401000B270FA89B888920902F03F0242EA80122F
:10402000F270F88982003271B7F80EB0BDF8020064
:104030009DF80020BDF802805844ADF80400D0443B
:104040000C204243AF180C2923DC5A464946201D58
:10405000D3F722FF201D052203A95844D3F71CFFE4
:104060000BF10501002289B2201D00F087FB00F052
:1040700047F80722201D03A95844D3F70DFFBDF8C8
:1040800002109DF800001FFA8AF3221D00F049F883
:1040900020E000225946484600F070FB0246052108
:1040A00003A800F06BFB00F02BF85B46BDF8021094
:1040B0009DF800004A4600F034F860700723BDF810
:1040C00004109DF8000003AA00F02BF80146607868
:1040D00008430FD1E9885144E980A7F81C8060703B
:1040E000607830B1BDF804209DF80010284600F03B
:1040F0000AF9607860700BB0BDE8F08F0520F9E731
:10410000327942EA90128100327141F002017171FC
:104110009620B071704701EB40313248C06BF6F722
:104120009BBC2DE9F8432F4F0446786C0D46904612
:104130009946002618B1804708B90B260BE00420E9
:1041400000904B46F86B424605EB4431F6F78BFC8A
:10415000002848BF01263046BDE8F2832DE9FC4126
:10416000204F0646786C8846002418B1804708B96D
:104170000B2434E04546BA6BF86B6903F6F72BFC69
:10418000002848BF01242AD40C2010FB05F576191D
:10419000F07DFE28B4BF401C0120F075FF2700977A
:1041A0000423F07DDFF8CC1541EA002100916A4636
:1041B00000214046FFF7B5FF010002D10321B7758A
:1041C00071760023084A507000F010F8012300F0C7
:1041D0000DF8022300F00AF81020B083377620464D
:1041E000BDE8F681007E00202C2900204FF0FF3230
:1041F000FF214046A8E07CB505460E4614463BB17B
:104200004FF08851072231446846D3F745FE03E05A
:1042100007236A46FFF77FFFA68125749DF80000FB
:10422000800820729DF800209DF80100217A12027A
:1042300002F440720243E28009039DF803209DF8D6
:104240000200930943EA8003A38092019DF80430A1
:1042500002F47C6242EA9302E28101F47C319DF82F
:104260000500800840EA831060729DF8050000F0A8
:104270000300E0729DF80600A072E088C0F3090018
:104280000143A088C0F3090040EA01302060A17A10
:10429000E07A962914BF40F0010040F00400E0727B
:1042A00073BD2DE9FC4707460E460A9CF989BD8976
:1042B0000094924699466D1A3B7C7A7AA8B200F037
:1042C00063FA8046E0B9711952468BB2B8899E18DC
:1042D000B0420EDB48462CB14FF088511944D3F759
:1042E000DBFD0DE013460246387C89B2FFF713FF71
:1042F00006E0F889904234BF4FF005084FF00608F9
:104300004046BDE8F68770B505460C46561DB1B26D
:10431000204600F018FA00F0FD02B1B2204600F08D
:104320001AFA20460C2148430544687E58B1022100
:10433000204600F008FA00F0FC020221204600F0BE
:104340000AFA0020687670BD7CB50FF2B0452E6881
:10435000009692B28DF80210ADF800201C46641C45
:10436000A40404236A46210CFFF7DBFE0A4A5070BE
:1043700073BD70B504460D4616460021284600F070
:10438000EAF9054A507830B97C2E08BFE5700C2058
:1043900045436019867570BD2C2900202DE9F84F22
:1043A00086B01F7ADE889DF940A0119C3F0307F478
:1043B0007C37C6F3090637439E88C6F3090646EAEA
:1043C0000739002580461F468B462BE09DF80C20C0
:1043D000904204BFBDF80A00814242D1002C5AD05D
:1043E0000AF0F000102856D100200090A368A2899E
:1043F000002101A8FFF755FF38B9A068E388A2881B
:1044000021681844EDF7ACFD70B300259DF80F004E
:10441000410739D40021404600F04BF898F803B02A
:10442000B8F8062090B217283FD3D61F002301AA60
:10443000B1B25846FFF7DFFE9DF80F0000F0030011
:104440000228E3D10AF00F02387AF988032A19D832
:10445000DFE802F003130204B8E7BFE701988145E3
:10446000BCD02800D2D0B9E7142201A93846D3F72E
:1044700023FD002007B0BDE8F08F9DF80C108842A6
:10448000EFD1ABE70420F5E7BDF81220B1B28A42C4
:1044900005D2B21AC6E73846142201A9E7E7B2B23C
:1044A00059464046FFF72FFFB4E70020B8810A20A5
:1044B000E0E72DE9F04F0546AB48406C95B08A46E1
:1044C00010B18047002813D068788DF804000120CF
:1044D000E873042395F802B09DF8040003AA0021B4
:1044E000FFF719FE0398C0F3014018B1687900285E
:1044F00000F0BF809DF80400F822062100F02BF99F
:104500009DF804704FF00C0919FB07F705F118012D
:10451000F820C855039A02F0FF02702A04D09DF8D3
:104520000410702200F00DF9042303AA002158465C
:10453000FFF7F1FD039800F0FF00FE2802D0FE22F5
:1045400000F0FEF8FE220621584600F004F9594614
:1045500019FB01F10791FE2007992944069106995C
:10456000087605F11C00C25B834F6A8200207870D8
:1045700005F11C0095F80180AA78414619FB01F16C
:1045800019FB02F9465ACDF814908DF805200599CB
:1045900030F8019004A8FFF733FC14E04FF0885086
:1045A000C9F100010844A1B24942084400F5005293
:1045B000BDF80810A3B24046FFF7ADFDA1441FFAB5
:1045C00089F9BDF80660B1B27878172953DB002865
:1045D0004CD1F61F002308AAB1B24046FFF70BFEEC
:1045E000BDF82E00C41DB1B200F1100291421DD3DE
:1045F0009DF82A10962919D1311AADF806109DF8A8
:104600002B1001F003010229DBD1BDF80610ADF833
:1046100008100022009201469DF82920BDF80800EC
:10462000434600F0B1F80028B8D0761EB6B2172E77
:104630001CDBA6F120001728ACBF2024A6F116042D
:10464000361BB6B2A3B20DAA31464046FFF763FD52
:1046500000E0641EA0B20028E9D00DA8A1B2084471
:1046600010F8012C962AF4D1A619ACE70498FFF7AC
:10467000E0FB002061E00028F8D1C9F500514FF0BF
:10468000885089B2A9F1100342189DF805009BB229
:104690001021FFF746FD7978084378700498FFF7FA
:1046A000C8FB059905F11C00012320F80190AE829A
:1046B000A5F81090B5F91220697B9DF80500FFF769
:1046C00043FEB5F91420A97B9DF805000223FFF7EE
:1046D0003BFE5FEA0A0008BF4FF0100A288AC0F5C7
:1046E00000505045ACBF7C22782200F029F89DF89C
:1046F00004102846FFF732FD7870FC220621584648
:1047000000F029F80699FC2008769DF80400A870AE
:1047100085F801B085F803B005F11C000799425AED
:10472000EA80FE229DF8041000F00BF8002068716A
:10473000B5F90600C0F5005000B215B0BDE8F08F25
:104740005946284615E680B501236A46FFF7E3FC83
:104750009DF8000002BD04B501236A46FFF7E1FCA5
:10476000054B587001BD0000007E0020D8010010EC
:1047700000400340FF000F962C29002013460A46F4
:1047800001461846FBF75CB82DE9F84789B00546A5
:10479000129F8800904699468DF800000C1D4FF03E
:1047A000000A1CE0334601AAA9B24846FFF7B3FC51
:1047B0000DE0A6B2202EC8BF20263800F2D04FF060
:1047C0008851ABB23246194401A8D3F765FB324693
:1047D00001A95046FBF734F88246A41B7519A0B214
:1047E0000028E6D1524601216846FFF7C7FF404541
:1047F0000CBF002002200AB0BDE8F087FFFFFF9643
:10480000DFF800F0B9F80210FFF7FABF80B5FEF745
:10481000C3F9FEF731F8BDE80140FEF72BBC001EDE
:1048200070B400BF06A191E87C0080E87C0070BCF9
:104830007047024A02EBC000F2F74ABB203000008A
:10484000020000000000000000000000FFFFFFFF6A
:1048500000000000DFF8641708700FF2B100DFF805
:10486000601708600FF2C130DFF8581708600FF2C8
:10487000E960DFF8541708607047002810D0DFF8AF
:104880004C371A68002A01D1186006E01B6800E066
:10489000DB68DA68002AFBD1D8600022C26081712F
:1048A000704730B40300DFF82407006800E0C068F8
:1048B00000280FD0C4791D00EDB2AC42F7D1848836
:1048C0000D00ADB2AC42F2D184791500EDB2AC422C
:1048D000EDD100E0002030BC704710B5DFF8EC16D9
:1048E0000C680A68904205D10A68D2680A600C68B0
:1048F00007E0E468002C04D0E1688142F9D1C16886
:10490000E160D3F7A4FF200010BD00007CB50500D6
:10491000287A002807D0287A012804D02888E6F7CA
:10492000E6FA002801D002208FE0287A032808D177
:104930000DF102012800E2F71BFD002804D102203E
:1049400083E02888ADF80200688A4430D3F77EFF00
:104950000400002C78D04421002226003000D9F732
:10496000C9F86946A87AEFF73BF89DF8000084F88B
:104970003A009DF8010084F8390001212000FFF77A
:104980007CFF2422290014F11000D3F755FF14F105
:1049900044002064688AA0876A8A6969206CD3F71A
:1049A0004BFFBDF80200A080DFF824060178E1711A
:1049B0000178491C0170D4F7EDF80600D4F7E7F848
:1049C00046434FF47A70B6FBF0F02080FF2194F953
:1049D0003900814084F8371094F8370084F83600A5
:1049E00000208DF80400287EC00703D501208DF833
:1049F000050002E000208DF80500287A8DF80600F9
:104A000001A8EEF79BFF801E84F83400A08F94F875
:104A1000341090FBF1F02072A08F94F8341090FBCA
:104A2000F1F201FB1200002802D0207A401C207213
:104A3000208D50F0080020850121DFF880050078E6
:104A4000D3F73DFD002000E0102076BD38B504000E
:104A5000D4F7A0F80500D4F79AF845434FF47A70DC
:104A6000B5FBF0F0208094F83800DFF8681509787D
:104A7000884280F0838094F83600FF2808D194F8AB
:104A80003800401C84F8380094F8370084F8360069
:104A900094F83510002000E0401C020094F83930F2
:104AA000D2B29A420FD294F8362092F0FF0202411D
:104AB000D207F1D5411894F83620012313FA00F0FB
:104AC000104384F83600A38F0A00D2B294F8340061
:104AD00000FB1232100094F8343080B29BB298423E
:104AE00002D394F8342002E0FF2084F8360094F8D2
:104AF0003600FF280CD1DFF8E0040079DFF8DC3461
:104B00001B7810FB03F0642310FB03F0608002E0CD
:104B100094F83A0060800800C0B2002809D1208DC6
:104B200050F020002085207A84F82E00206C6062EE
:104B30000FE0238D4FF6DF700340238584F82E109D
:104B4000236C0D00EDB294F83400454303EB0500EF
:104B50006062E07984F82D00D2B26284DFF88024AC
:104B60001068002805D00800C0B2116888470028E6
:104B70000ED114F11000E2F70DFA09E0E923E28BFF
:104B800094F82A10A07EEEF7BBFC2000FFF7A5FEEC
:104B900031BD70B5DFF834040468D3F7FBFF0500BE
:104BA000D3F7F5FF45434FF47A70B5FBF0F14FF6BC
:104BB000FF731A000BE06688280080B2361A1000D6
:104BC00080B2864202DA60882A00821AE468002CE9
:104BD0001ED025884D1B2800668880B2B042EAD3DB
:104BE000A07902280AD12000017CFF2902D0806927
:104BF000D3F7DBFB2000FFF770FE02E02000FFF799
:104C000025FF0121DFF8B4030078D3F758FC0AE050
:104C1000100080B2984206D092B20121DFF89C03C6
:104C20000078D3F7A5F970BD70B505001600012214
:104C300089B2687DFFF735FE0400002C4FD03000AC
:104C4000C0B200284BD1E87D94F83510884246D197
:104C5000E87D94F839100818217A88420EDB287E06
:104C6000FF280BD13300DBB2E28B94F82A10A07E30
:104C7000EEF746FC2000FFF730FE30E0287EFF28EC
:104C800014D1FF2194F93900814084F8361094F84A
:104C9000360084F8370094F8351094F8390041183C
:104CA00084F83510002084F8380005E0287E84F868
:104CB0003700287E84F83600D3F76CFF0500D3F761
:104CC00066FF45434FF47A70B5FBF0F0208094F80E
:104CD0003A0060800121B9480078D3F7F0FB70BD3D
:104CE0002DE9FC470700894690461E00B878EEF78C
:104CF0000BFE0500002D01D1002060E01C20D3F741
:104D0000A5FD0400002C59D01C210022A2465046CB
:104D1000D8F7F0FE6946B878EEF762FE9DF801001C
:104D2000207502212000FFF7A8FDB9F80000A0803F
:104D3000787DE071FF2194F9140081406174686806
:104D400000782074387DA074F87DA17C4843303011
:104D500080B2D3F716FB0500A561002D2AD0DDF83F
:104D600028A01A2028700020687000206880F88829
:104D7000A8804946A81DEEF723FEF878E873964808
:104D8000808C2882788BA88578896882B878287585
:104D9000387B687598F80000A87598F80100E875E8
:104DA00098F8020028766E76C5F81CA015F1300040
:104DB000A86203E02000FFF790FD00242000BDE87A
:104DC000F6872DE9FC470600884691469A4600255D
:104DD000F77D83490868002806D03800C0B209680A
:104DE0008847002840F0B6800222B8F80010707D95
:104DF000FFF757FD0400002C14D17078C00711D5BF
:104E00000A9800905346DBB24A4641463000FFF70D
:104E100067FF0400002C05D0277201216748007845
:104E2000D3F74DFB002C00F095803800C0B2217AFA
:104E3000491E884200D10125207CFF2874D070785B
:104E4000C00700D500273800C0B2E17C227D511890
:104E5000884208DBE17C207D4118E174FF2194F950
:104E6000140081406174327D3169A069836ABC4657
:104E70005FFA8CFCA07C00FB0CFC03EB0C00D3F76E
:104E8000DBFC3800C0B2217D627C012390FBF1FC89
:104E900001FB1C0013FA00F0104360742800C0B23C
:104EA000002815D03800C0B2217D627CFF2390FB22
:104EB000F1FC01FB1C00401C13FA00F0104360746D
:104EC000A17C3A00D2B2307D02FB0101A06981844D
:104ED0002800C0B2002809D0607CFF2806D1A16953
:104EE000207CD3F771FAFF2020741DE0D3F752FE27
:104EF0008146D3F74CFE00FB09F94FF47A70B9FBF9
:104F0000F0F020806421354A334B93F804C01078C8
:104F100000FB0CFC1B79107843432E480078434378
:104F20004B4301FB0C316180FFB2E07C217D08180E
:104F3000401E874205D0607CFF2802D0EDB2002DD4
:104F400008D0E07CF075607C30763100B8F8000065
:104F5000F7F707FFBDE8F38780B501001748007831
:104F6000D3F732FA01BD38B50D00280418D4E8078C
:104F700021D5FFF70EFE95F0010528001CE00CE09E
:104F800020780128FBD1200041690091C37C10F1F9
:104F90001002811C1C30FFF714FF2000D3F705FA24
:104FA00006480078D3F762FA0400002CE8D195F4A3
:104FB0000045280000E0002032BD000062310020E2
:104FC000988800209C880020A088002070890020FC
:104FD000058A00204C310020347A00204D31002019
:104FE0007489002010B5DFF80044207648F21501DE
:104FF000E0F744F9207E3821E0F740F90FF28930DC
:105000000FF2BD31E062A16202210FF25530606201
:1050100021754FF6FE70A08110BD2DE9F043DFF839
:10502000C863DFF8C873307E88465FEA084189B0FC
:1050300007F16E054EF6602940F1F98034E000205A
:10504000E6F742FA03460020019000946A88707ED9
:1050500006F10C0100F037F9707908B3322208210B
:10506000307ED2F785FF1BE02888738C328CB081AC
:1050700010210191009406F10C01002000F023F9A9
:105080000121B07EF17630B93C21F1834A46307E71
:105090000221D2F76DFFB07E401CB0760020707107
:1050A0002046D3F782F9307ED3F7E0F9040000F010
:1050B000BB802078312800F08B80322800F0988067
:1050C000D328EDD1E189382907D048F21502914261
:1050D000E6D1204600F0E4F8E2E706A8002100222D
:1050E000002380E80E0006A92046E8F73CFD9DF865
:1050F0001C1005291CDC207B0028D1D19DF81D0047
:105100000028CDD00528CBDC0698E3F70FFF002858
:10511000C6D1607C707661889DF81D00B181411E0A
:105120008DF81D1006A890E80C4086E80C40B7E703
:10513000FE291DD129799DF81E00814203D3002844
:1051400008BFFF29ACD1E5F727FD00200699C14033
:10515000CA0703D4401CC1B21A29F7DD397EC2B296
:1051600091429DD030776420FA794243012177E75C
:10517000FF2919D129799DF81E00814203D3002807
:1051800008BFFF298CD1E5F707FD069800281EBF50
:10519000B86A069988421CBFB962D8F78FFABDF881
:1051A000200000F0D2F87BE7207B0028FBD160884C
:1051B000B081002100230591049103910293019194
:1051C00000918022607C06F10C01E0F716F867E799
:1051D000B07E0428FBDA97F82E108548E3F7A6FE88
:1051E0000028F4D160883084FF20A188718456E7BC
:1051F0007079FF287FF423AF397E62680020CA40AF
:10520000D30744BF04F10800405C00216268CA4033
:10521000D30705D504F10802525C8242FFF624AFA1
:10522000491C1A29F2DD39E788F4004035E05FEACD
:10523000C87110D5307F387606F11C01E120E6F701
:10524000C5FED8F73BFA002068800120E6F73CF95C
:1052500088F0010021E05FEA88710DD5F18B31B152
:10526000491EF1834A460221D2F782FE01E0002066
:10527000B07688F0020010E05FEA08710CD5707912
:1052800038B131793068E3F751FE10B97079411EB9
:10529000717188F0080000E0002009B0BDE8F083DB
:1052A0001CB504460020009069462046E8F798FAAD
:1052B0009DF8000030B99DF80200410644BF6088A7
:1052C00000F043F813BD2DE9F04786B080460E9DEF
:1052D0008A46164699460027002400206968C14086
:1052E000CA0748BF7F1C401C1B28F7DBF8B288B1F7
:1052F000D3F7ACFA04000DD0002100206A68C24048
:10530000D30704D52A18CBB2127AE254491C401CA8
:105310001B28F3DB9DF83C30049300220592039494
:10532000FFB20297CDF8049000966B68AA785146B8
:105330004046DFF762FF2CB1204606B0BDE8F047DB
:10534000D3F785BA06B0BDE8F0872849B1F86E20DA
:1053500082421CBFA1F86E00D8F7B0B970470000B8
:1053600010B504460620D3F70CF860B13121017066
:10537000228842806188818001461B48007EBDE80A
:105380001040D3F721B810BD38B505462420D2F718
:10539000F8FF040012D0322020701B222978A1705F
:1053A0006868606004F10800A968D3F745FA2146EF
:1053B000BDE834400C48007ED3F706B831BD00008C
:1053C00010B5094CE17E69B1C178002904BF40786D
:1053D000002807D1054AA2F870100120E6F774F8FA
:1053E0000021E17610BD000004810020347A002005
:1053F00000F8FF0710B5184C1849A0700020D8F726
:10540000DCF917490120D8F7D8F916490420D8F754
:10541000D4F915490620D8F7D0F914490720D8F750
:10542000CCF913490820D8F7C8F9A0784FF6FF71D6
:10543000DFF724FF0F48D5F74DFD0F48E7F759F97F
:105440000E48E7F777F90E48D5F747FDBDE810405D
:105450000C48D5F74BBD0000802D00206776030077
:10546000C3760300077703003D77030087770300C7
:10547000BD7703005B7F03002F7F0300EF7E0300F7
:10548000B37E0300757E03002DE9F04F0D4628041E
:105490009DB041F10887DFF8D067B078D2F7E6FF1A
:1054A000040069D02378DFF8C477B3F11A0007F15C
:1054B000680800F08E81173805285AD99F3858D0CF
:1054C000401E00F0D981401E53D0401E09D0401E1E
:1054D00002284ED9293800F03F81401E00F05D813E
:1054E000DBE1E289133A00F0278147F6ED73D21A27
:1054F00000F01781521E00F00981521E00F0FA8060
:10550000521E00F0EA80521E00F0CB80521E00F0C6
:10551000BD80521E00F0AF800B3A00F0A080121F39
:1055200000F090800B3A7DD0521E00F08380521E16
:1055300070D00E3A62D0521E54D0521E46D0521E27
:1055400038D0521E2ED0521E24D0521E18D0921E79
:105550000FD12046E8F7D2FA06000AD06188DFF8BA
:10556000103732464FF4000001F0EDFF3046D3F71C
:105570006EF92046D2F719FF85F4004001F09BBE7A
:10558000A069DFF8F03601F01BFF4FF4800001F056
:10559000DAFFEEE7A069DFF8E03601F011FF4FF423
:1055A0000010F4E7A069DFF8D43601F009FF4FF4EA
:1055B0008010ECE72046E8F7E4F90600D9D06188CE
:1055C000DFF8BC3632464FF40020CDE72046E8F73E
:1055D000A3F90600CDD06188DFF8A83632464FF433
:1055E0008020C1E72046E8F705F90600C1D06188B0
:1055F000DFF8943632464FF40030B5E72046E8F73E
:1056000048F90600B5D06188DFF8803632464FF49D
:105610008030A9E7A069DFF8783601F0D1FE4FF4B9
:105620000040B4E7A069DFF86C3601F0C9FE4FF422
:105630008040ACE7A069DFF8603601F0C1FE4FF4AE
:105640000050A4E70021009120466946E8F7C8F819
:105650006188DFF848366A464FF4006097E72046D5
:10566000E8F7D6F9060084D06188DFF83436324690
:105670004FF4807078E72046E8F79AF80600F2D0F9
:105680006188DFF82036324640206DE72046E8F793
:105690008FF80600E7D06188DFF80C36324620200C
:1056A00062E7182101F074FE69462046E8F776F8B3
:1056B0006188DFF8F8356A46102001F044FF03984E
:1056C00018B1D3F7C4F8002003900598002803D040
:1056D000D3F7BDF8002005904BE70021CDE900127B
:1056E00020466946E8F72FF86188DFF8C4356A4636
:1056F00008204CE701F04BFE69462046E7F7E6FF3D
:105700006188DFF8B0356A46042040E72046E7F7B5
:10571000A6FF0600E0D06188DFF89C353246022003
:1057200022E72046E7F79BFF0600D5D06188DFF827
:105730008C353246012017E768460021002380E8B7
:105740000E0069462046E8F7C9F96188DFF8703530
:105750006A464FF080701AE70A20D2F712FE060060
:1057600016D00A21D2F794FB91203070002171707D
:10577000A078707161783171E078B071A188318161
:10578000A07801F023FE20B100793146D2F71CFE4B
:10579000EFE63046D2F709FEEBE61620D2F7F1FD30
:1057A0000600F9D01621D2F773FB93203070002148
:1057B000717060783071A17831742079012807BF49
:1057C0000121B1710220B071E0883081E17831753A
:1057D000D6E73020D2F7D5FD0600DDD03021D2F754
:1057E00057FB9220307000217170A07B307103282C
:1057F00005D10822A11DB01DD3F71EF801E0E088F5
:10580000F080E07BB073218A318260887082A18849
:10581000B182608AF082217D3176607D00B1012005
:105820007076607E00B10120B07606F12407A07D7D
:10583000F076E17D3177207E7077E169316294F80E
:1058400020003870A18D798094F82E003871A18CD9
:10585000F980A08CD2F7FAFF0028B8601CD0A28C87
:10586000A16AD2F7E9FF207D01F0B0FD00288BD1BD
:10587000B868D2F7ECFF8CE76078F17881420BD002
:10588000F070F21CDFF83C3400214FF0007001F0A2
:105890005AFE707888F800006BE6DFF82C0494F864
:1058A00002900188DFF82424DFF824B4DFF8240410
:1058B0000191002B07F1280ADFF81C1401F0E184A4
:1058C000022B01F0E783032B01F07180042B00F021
:1058D0003F87072B01F0C883082B00F0E086092BD7
:1058E00001F01F84102B01F0CD83112B01F0E68312
:1058F000122B01F01C84142B00F01A85182B01F0D8
:10590000A683192B01F09B831B2B01F07E831C2B9C
:1059100001F04F831E2B01F02A831F2B01F02483FB
:10592000202B00F04484212B00F01D84222B00F05A
:105930006F83282B00F04D83292B00F029832A2B1D
:1059400000F01B832B2B00F011832C2B00F02783FE
:10595000382B00F00483392B00F0DD823A2B00F065
:10596000C2823B2B00F08D823C2B00F06A823D2BE3
:1059700000F053823E2B00F047823F2B00F03D8227
:10598000402B00F03382412B00F00E82422B00F0BE
:10599000F581432B00F0E781442B00F0CE81452BAD
:1059A00000F0BD81462B00F0A081472B00F09681CE
:1059B0004A2B00F0C0834B2B00F0AD834C2B00F042
:1059C0001E834D2B00F01183A02B01F08D82A12BA3
:1059D00001F0AD82A22B51D0A32B4FD0A42B01F00C
:1059E0003382A52B01F0D281A62B01F0A681A72B33
:1059F00044D0A82B45D0A92B01F09D81AA2B01F002
:105A0000FA83AB2B01F0D083AC2B01F0AD83AD2B2F
:105A100000F01681AE2B00F0EA80AF2B00F0D380AF
:105A2000B02B00F00581B12B00F0FB80B22B00F011
:105A3000EE80B32B00F0E680B42B00F0D080B52BC5
:105A400000F0BC80B62B00F09280B72B65D0B82B4D
:105A500059D0B92B4CD0BC2B42D0C02B38D0C12B45
:105A60002ED0C42B1DD0CD2B16D0CE2B21D0EB2B7E
:105A700009D0F92B02D0FA2B00D0FB2B01F0588172
:105A8000FC2B01F053B96168087810B1D7F711FC0D
:105A900030E3D7F71AFC2DE300206070D4F717FE2F
:105AA00028E3A068002864D000216170D4F7CFFB00
:105AB000B4E0606800285CD00068D4F743FE11E2CF
:105AC0006068002855D001F066FCD5F714FA11E3A0
:105AD000606800284DD041680078D4F747FA01E2A9
:105AE0006068002845D000F11201D4F761FAF9E1AD
:105AF000606800283DD0002161706068D5F70EFA1B
:105B0000A1680880F6E2A068002832D00021617008
:105B1000A068411CE6F7F0FDECE2A068002828D060
:105B200000226270A26808891081A268C87AD072C7
:105B3000A268887A9072A268087B1073A268887B3A
:105B40009073A26848685060A268487B5073A2684E
:105B500008681060A268C87BD073A268087C1074C3
:105B6000A268487C5074887CA1688874C2E260682E
:105B7000002800F09185002262706268107D08B1F3
:105B8000D07C48746268907D08B1507D88746268EA
:105B9000107C08B1D08908816268107B08B19068D8
:105BA00048606268907C08B1507C487362681079E4
:105BB000002800F06B8512680A609BE2002161708A
:105BC000D4F7DBFA96E2A06800283BD00021617090
:105BD000E6F78CFB08B1007820E0012082E1A068A4
:105BE0000028C6D000216170E1F7CCF916E06068AA
:105BF0000028BED000216068617081780088D4F7E9
:105C000090F977E200216170E6F7D9FB72E2A068B3
:105C10000028AED000216170E6F764FBA16808702F
:105C200068E260680028A4D00078E6F73DFB59E1FF
:105C3000606800289DD001F0AEFBD4F7D9F959E295
:105C40006168002900F081850822DFF8500BD2F747
:105C5000F3FD6068DFF8482B018911806068DFF888
:105C6000442B817A11707CE2802D0020347A002050
:105C7000117E0300F97D0300E17D0300BD7D03007B
:105C8000137D03008F7C0300E77B0300697B030027
:105C90003F7B0300277B03000F7B0300DF7A0300B9
:105CA0009B7A03005F7A03003F7A0300B97903000F
:105CB00053790300CB780300617803004178030037
:105CC00003780300577E0300A6C20100FA89002072
:105CD000688600201C2D0020701B002060680028B2
:105CE00064D001F02DFB112279E1606800285DD0BD
:105CF00001F004FB606801798DF800101029C4BF21
:105D000010218DF800106068816801F0F1FA606878
:105D1000418800236A4605A8DEF7E1FDE2E06068FD
:105D2000002843D00A3001F0E7FB02466068811C7E
:105D300000880023DEF714FED4E06068002835D028
:105D400002218DF8101060680188ADF808106068B5
:105D500081890191827A0092437A027A416802A88D
:105D6000DFF709F9BEE0606800281FD001F0F1FA02
:105D7000C27881786846DFF7B3F8B3E0606800283E
:105D800014D002218DF8081060680188ADF8001069
:105D900060680A3001F0B0FB02466068811C002395
:105DA0006846DFF78AF89DE06068002800F0748498
:105DB00002218DF80C104FF6FF7160680088884250
:105DC0001FBF4FF6FD7290424FF6FC71884206D11C
:105DD000E4F7EFFBADF8040001F0E9FA60706068E9
:105DE0000188ADF8041001F0E2FA7BE06168002957
:105DF000DCD001F0B8FA33220CE06168002974D0DD
:105E000001F0B1FA322205E0616800296DD001F09D
:105E1000AAFA3122DEF790FC64E06068002864D0C2
:105E200002218DF80C1060680188ADF80410002183
:105E300060680091437A027A416801A8DFF729F887
:105E400050E06068002850D001F066FA1CBF0128BD
:105E50000F2804D0032806D101F06BFA03E0606834
:105E6000018AADF8101000216068039104AB027E36
:105E700002920193821C8189009107A9837A2220D2
:105E80002EE06068002830D001F046FA1CBF0128DF
:105E90000F2804D0032806D101F04BFA03E0606814
:105EA000018AADF810106168BDF81C30FE8A887A4E
:105EB0000A7EB34209D10C310091012304A9ECF709
:105EC000E5FF002800F041844BE10292002304AA80
:105ED0000393019203468E8900968A1C07A921200C
:105EE000DEF79CFFD9E36068002800F0D58301F05D
:105EF00005FA00216068049142690392017C0291D5
:105F0000C2680192017A0091C3880279418805A88C
:105F1000DEF723FFC1E361680029E6D0087800229C
:105F200000B10122487808B142F00202887808B135
:105F300042F00402C87808B142F00802087908B1BA
:105F400042F01002487908B142F02002887908B185
:105F500042F0400200211046DEF7E3FC9DE360685A
:105F60000028C2D001F0ECF9102238E06068002867
:105F7000BBD001F0E5F9052231E060680028B4D01B
:105F800001F0E7F9027941886846DEF795FC84E381
:105F900060680028A9D001F0D3F903221FE06068EF
:105FA0000028A2D002218DF8181060680188ADF891
:105FB000101000216068039102690292017B019137
:105FC0008268009283798288418804A8DEF71CFCED
:105FD00063E36068002888D001F0B2F902226068AB
:105FE00041886846DEF7C4FB57E3606800283BD071
:105FF000C278817800880023DEF7F2FB4DE3606809
:10600000002831D0427A017A0023DEF7BBFB44E35B
:106010006068002803D0007D01F0D8F9002800F066
:1060200094836168D1F8188001F11C024FF00009D7
:10603000107808B14FF00209507808B149F0100902
:10604000907808B149F00809D07808B149F02009E2
:10605000107908B149F04009507908B149F0800938
:10606000087DEDF751FC060000F016836068817A28
:106070008DF8211060688189ADF822106068007881
:106080008DF8200002281CBF01280F2808D0032803
:106090000AD16068811C082206A8D2F7CDFB03E074
:1060A00060684188ADF818106168887B28B301F0FA
:1060B00009FC07001FD0002105E0006930F811201D
:1060C00027F81120491C6068827B9142F5DB00F1C2
:1060D0002201049205970A7801F0FCF8836A009384
:1060E000C28A4B88314606A8EDF7DEFB6070384661
:1060F000D2F7ADFBCAE21020CFE201F12200027814
:1061000001F0E8F88B6A0093CA8A4388314606A8F2
:10611000EDF7E7FAC1E260680028A5D040788DF875
:106120000000616888788DF8010069466068007831
:10613000EDF768FCB1E2606800281CBFA168002987
:1061400037D000786946EDF74BFC6068A2680178AB
:106150001170A1689DF800004870A1689DF80100C9
:106160008870002099E26068002803D0007801F070
:106170002DF9070000F09082387BEDF7A2F9002896
:1061800060700AD17168002907D008460022B84221
:1061900004D0024600680028F9D177E238688F42BF
:1061A0000CBF70601060384601F062F96EE2606802
:1061B000002800F0CA82007801F008F908B100F068
:1061C000B5B801F037F93178884228BFD120C9D25B
:1061D0004FF0000884F80180484601F01FF90700DD
:1061E00001D0387B58B11C20D2F730FB0700DDD03E
:1061F0001C21D7F7B3FC4FF0010887F804906068C2
:10620000017839736068017A3976B01C38611420DE
:10621000D2F71CFB002878614DD01421D7F79EFCE3
:1062200060684168887979698A7900F00F0002F026
:10623000F0021043887161684A68786991888180AA
:10624000626851680B78037061684A6878695188A0
:10625000418062685168CA79C27160684168087B90
:10626000796908737869C07901F02CFB79698860D5
:1062700068B1002008E0626853689A6832F810300C
:106280008A6822F81030401CCA799042F3DB087B00
:1062900001F018FB7969086168B1002008E06268C4
:1062A00053681A6932F810300A6922F81030401C1D
:1062B0000A7B9042F3DB07F10C00EDF7F0F806469D
:1062C000022E18BFB82E07D1387BEDF7FAF807F188
:1062D0000C00EDF7E4F806465EB9B8F1000F07D000
:1062E000384601F07FF8002802D1384601F0C0F8A6
:1062F000CCE1B8F1000F03D0384601F0B9F811E055
:10630000786958B1806808B1D2F7A1FA7869006954
:1063100008B1D2F79CFA7869D2F799FA07F10C0024
:1063200001F03EF8022E18BFB82EE1D1D020B4E122
:106330006068002800F0B08100216170484601F0DB
:106340006DF806000FD11C20D2F780FA0600CFD0DE
:106350001C21D7F703FC00F0B3FF20B93046D2F779
:1063600076FAD12099E16168087848B14878F288D6
:10637000002812BF42F001024FF6FE700240F28088
:106380006168887848B1C878F288002812BF42F066
:1063900002024FF6FD700240F2806168087948B150
:1063A0004879F288002812BF42F004024FF6FB70D1
:1063B0000240F2806168887948B1C879F288002883
:1063C00012BF42F008024FF6F7700240F280616897
:1063D000087A48B1487AF288002812BF42F01002C9
:1063E0004FF6EF700240F2806168887A48B1C87A4F
:1063F000F288002812BF42F020024FF6DF70024000
:10640000F2806168087B48B1487BF288002812BF9F
:1064100042F040024FF6BF700240F2806168887B14
:1064200040B1C87BB268002812BF42F00102520896
:106430005200B2606168087C40B1487CB2680028B4
:1064400014BF42F0020222F00202B2606168887C4E
:1064500040B1C87CB268002814BF42F0040222F0A8
:106460000402B2606168087D40B1487DB2680028CE
:1064700014BF42F0080222F00802B2606168887D11
:1064800040B1C87DB268002814BF42F0100222F06B
:106490001002B2606168087E40B1487EB268002890
:1064A00014BF42F0200222F02002B2606168887EB0
:1064B00040B1C87EB268002814BF42F0400222F00A
:1064C0004002B2606168087F40B1487FB26800282E
:1064D00014BF42F0800222F08002B2606168887FBF
:1064E00040B1C87FB268002814BF42F4807222F421
:1064F0008072B260616811F8220F38B100F0F4FECA
:1065000014BF42F4806222F48062B260616811F8C4
:10651000240F38B100F0E8FE14BF42F4006222F408
:106520000062B260616811F8260F38B100F0DCFE3D
:1065300014BF42F4005222F40052B260616811F8B4
:10654000280F38B100F0D0FE14BF42F4804222F48C
:106550008042B260616811F82A0F38B100F0C4FEC1
:1065600014BF42F4004222F40042B260616811F8A4
:106570002C0F38B100F0B8FE14BF42F4803222F480
:106580008032B260616811F82E0F38B100F0ACFEB5
:1065900014BF42F4003222F40032B260616811F894
:1065A000300F38B100F0A0FE14BF42F4802222F474
:1065B0008022B260616811F8320F38B100F094FEA9
:1065C00014BF42F4002222F40022B260616811F884
:1065D000340F38B100F088FE14BF42F4801222F468
:1065E0008012B260616811F8360F38B100F07CFE9D
:1065F00014BF42F4001222F40012B260616811F874
:10660000380F38B100F070FE14BF42F4800222F45B
:106610008002B260616811F83A0F38B100F064FE90
:1066200014BF42F4000222F40002B260616811F863
:106630003C0F38B100F058FE14BF42F0807222F0D7
:106640008072B260616811F83E0F38B100F04CFE04
:1066500014BF42F0007222F00072B260616811F85B
:10666000400F38B100F040FE14BF42F0006222F04B
:106670000062B260616811F8420F38B100F034FE78
:106680000CBF22F0805242F08052B260A0782146C6
:10669000D1F79AFEFEF770BF02206070F6E76068DF
:1066A000002852D0002161702A216068D1F7F0FBE8
:1066B0006168F88ADFF8042C0880616810788872B5
:1066C00008226168B88C88816168788BC88207F17C
:1066D000390160680E30D2F7AFF8E3F761FF014689
:1066E00060680822801CD2F7A7F86068082207F1CA
:1066F0001C011830D2F7A0F86168387E81F82300B9
:106700000120616881F822009BF80200C10703D5CF
:106710006168012281F82420810703D56168012284
:1067200081F82520410703D56168012281F82620E0
:10673000010703D56168012281F827204006A5D50D
:106740006068012180F82810A0E7022161709DE7B0
:1067500060680028A0D0002161706168087838B1B5
:10676000487800B10120107001216320D2F737F979
:106770006168087948B1487900B10120DFF8982CA8
:10678000107001216D20D2F72AF96268907958B112
:10679000D1794FF40050E4F772F81AE00C2D002084
:1067A0000A2D0020082D0020107A90B1108AD1689F
:1067B00010F0070F01D064290BD3E3F7BDFF0121CF
:1067C0000020E4F75CF8DFF8842C28213520D2F78C
:1067D00006F96168887C38B1DFF8742C888A1080EB
:1067E00002214420D2F7FBF86168887D38B1DFF8D8
:1067F000642C088B108002214620D2F7F0F86168E3
:10680000887E38B1DFF8502C888B108002218320DD
:10681000D2F7E5F86168887F38B1DFF8402CC87F8F
:10682000107001212920D2F7DAF8616811F8200FE1
:1068300030B1DFF82C2C00F053FD2B20D2F7CFF82D
:10684000616811F8220F30B1DFF8182C00F048FD14
:106850004320D2F7C4F8616811F8240F30B1DFF893
:10686000082C00F03DFD2E20D2F7B9F8616811F830
:10687000260F30B1DFF8F42B00F032FD2F20D2F7D5
:10688000AEF8616811F8280F30B1DFF8F02C00F095
:1068900027FD3020D2F7A3F8616811F82A0F30B134
:1068A000DFF8DC2C00F01CFD2C20D2F798F8616892
:1068B00011F82C0F80B148788DF800001028C4BF63
:1068C00010208DF800006068016B00F011FD6A4631
:1068D00011218120D2F783F8616811F8340F40B19B
:1068E00048781028C8BF10204A6801466220D2F7B5
:1068F00076F8616811F83C0F38B1DFF8882C4868E9
:10690000106004218420D2F76AF8616811F8440FFE
:1069100030B1DFF8742C00F0E3FC4B20D2F75FF8C5
:10692000616891F8460058B1DFF8607C0822473171
:106930003846D1F781FF3A4608214720D2F74FF871
:10694000616891F84F0028B101F15002082101203F
:10695000D2F745F8616811F8580F30B148788DF8D2
:10696000000069465220E5F731FB616811F85E0FBF
:1069700030B1DFF81C2C00F0B3FC3320D2F72FF835
:10698000616811F85C0F40B1DFF8082C00F0A8FC3A
:106990003220D2F724F8D6F7D3FB616811F8600FE4
:1069A000002803D04878707088F800006EE66068B0
:1069B00000281CBFA06800283FF4C7AE6368002110
:1069C0006170187830B1A06801210170107800F072
:1069D000DAFC48706168887838B1A06801210171DB
:1069E000DFF8341A00F0CEFC48716168C87858B1FD
:1069F0000020E3F739FFA2680121917110F40050E3
:106A000018BF0120A168C8716168087958B3A068EF
:106A100001210172A16801F10C00E3F725FFA168D3
:106A2000DFF8742B08821078E8B90120E3F7E4FE60
:106A3000A16848610220E3F7DFFEA16888610420B5
:106A4000E3F7DAFEA168C8610820E3F7D5FEA16884
:106A500008621020E3F7D0FEA16848622020E3F727
:106A6000CBFEA16888626168487940B1A0680121C5
:106A700080F82C10DFF8D819A0680A88C2856168F0
:106A8000887940B1A068012180F83010DFF8C4197E
:106A9000A0680A8842866168C87940B1A06801216F
:106AA00080F83410DFF8B019A0680A88C2866168DF
:106AB000087A48B1A068012180F83810DFF89C19E5
:106AC000A0680A7880F839206168487A48B1A068DF
:106AD000012180F83A10DFF88819A0680A7880F858
:106AE0003B206168887A48B1A068012180F83C1099
:106AF000DFF87019A0680A7880F83D206168C87ACC
:106B000048B1A068012180F83E10DFF85C19A06848
:106B10000A7880F83F206168087B48B1A0680121AD
:106B200080F84010DFF84419A0680A7880F8412006
:106B30006168487B48B1A068012180F84210DFF805
:106B40003C1AA0680A7880F843206168887B48B1C5
:106B5000A068012180F84410DFF8241AA0680A78A0
:106B600080F845206168C87B50B3A068012180F897
:106B700046106B46112200218120D1F773FFA168D6
:106B80009DF8000081F84700A16891F84700A8B17E
:106B90009DF80000D1F75AFEA1688864A168886C4E
:106BA00030B19DF800200DF10101D1F745FE07E05D
:106BB00081F847000021A068816401E000228A6416
:106BC0006168087C90B11020D1F740FEA16808658B
:106BD000A26802F14C01486840B101220A701022FB
:106BE000A068036D00216220D1F73CFF6168487CFA
:106BF00040B1A068012180F85410DFF88819A0681E
:106C00000A6882656168887C48B1A068012180F8C3
:106C10005C10DFF87419A0680A7880F85D2061685C
:106C2000C87C50B1A068012180F85E100822A068DD
:106C300007F139015F30D1F7FFFD6168087D58B178
:106C4000A068012180F86710E3F7AAFC0146A0685C
:106C500008226830D1F7F0FD6168487D70B169465F
:106C60005220E5F7A0F9A168012081F870009DF895
:106C7000001001B10121A06880F871106168887D61
:106C800038B1A068012180F872100021A06880F856
:106C900073106168C87D48B1A068012180F8741044
:106CA000DFF8F01800F06EFB81F875006168087E6F
:106CB00048B1A068012180F87610DFF8D418A068E8
:106CC0000A7880F877206168487E40B1A068012189
:106CD00080F87810707800F056FB81F879006168D0
:106CE000887E002821D0A068012180F87A10002633
:106CF00097F82600042818BF082812D090B9212040
:106D0000D1F74DFE74280DD16B467422002121204D
:106D1000D1F7A8FE30B99DF82600042818BF08282E
:106D200000D10126A06880F87B60AFE41220B4E4B3
:106D3000606800282CD0122108E56168002927D05E
:106D40000878F8B1002600E0761C01988642ECDA5B
:106D500002A9009100F0DAFA00286070F4D16068AE
:106D6000082204A9401CD1F759FD0028ECD11421B8
:106D700002A8D6F7F3FE02AB1422B1B20420D1F779
:106D800011FE8AE4481CECF7F0FF86E460680028F6
:106D90003FF482AC0178002935D007A800F000FB51
:106DA000002609E03EB96068082207A9001DD1F756
:106DB00035FD00B93E467F1C0198874213DA02A9CF
:106DC000009114230022B9B20420D1F70DFE00284F
:106DD0006070F0D16068082204A9001DD1F71EFD83
:106DE0000028DFD13E46002E9FDD6068011D00F0C7
:106DF000A3FA6068C169029102AB6068016A0391FD
:106E00001422B9B2BAE700F10C01102201A8D1F79F
:106E100013FD6068C16905916068016A0691694661
:106E20006068001DECF7C6FE607030B900984088BD
:106E300001AA1821D1F7D3FD2FE46068011D408815
:106E400001AAEDF7D0F928E4616800291CBFA06809
:106E500000289DD00978017008226068A368411C51
:106E6000581CD1F7E9FC62681078F8B1DFF82C07FC
:106E70000788002600E0761CBE4215DA01A80090C3
:106E800000F044FA00286070F5D16068082203A978
:106E9000401CD1F7C3FC0028EDD1A168029808621C
:106EA000A1680198C86140E731D1E8E16946501C0A
:106EB000ECF780FE0028607029D10098408801AB73
:106EC00018220021D1F7CEFD002860701FD1A168E3
:106ED000069808621022A1680598C86101A9A068F7
:106EE0000930D1F7A9FC20E7616800291CBFA06820
:106EF00000283FF4D1AB0978002914BF3A203B2089
:106F00006B4611220021D1F7ADFD002860707FF49F
:106F1000BDAB6068A268017811701022A1689DF86D
:106F2000000048700DF10101A068801CD9E761687C
:106F300000296FD00878002814BF3A263B264878ED
:106F40008DF800006168887830B11022C91C0DF1FD
:106F50000100D1F771FC03E00DF10100EDF7B1F88C
:106F60006A461121304665E7F2F7E6FF6BE7606895
:106F700000284FD000F00BFA60684188ADF800108F
:106F800060680279002A1CBF806800280AD0102A95
:106F9000A8BF0F228DF80220606881680DF1030000
:106FA000D1F74AFC6068007801226946F2F7E4FEF6
:106FB00049E7606800281CBFA06800283FF4C5AB03
:106FC0000021C0E90011606841880078F2F70EFFE7
:106FD000060018D000206070A06831880180A06889
:106FE000B1788170A168887800283AD0D1F72EFC5A
:106FF000A1684860A1684868002832D08A78F11CEE
:10700000D1F71AFC91E6B1201DE7606800281CBF8B
:10701000A06800283FF440AB00F0BDF9F2F77AFF1A
:10702000A1680870A068007800F04CFCA168486076
:10703000A068416860680078F2F714FF75E6606840
:107040000028E7D000F0A7F9F2F746FF6DE6606888
:1070500002210028617004D041880078F2F719FFFE
:1070600000283FF413AB0AE1606800285BD090F978
:1070700000603046E5F7C7F8A06808B9FFF771B8B7
:107080000670FCE060680028C4D000880021D5F7B5
:1070900088FD4AE66068002845D000216170012023
:1070A0006168087002226068427006216068827020
:1070B0006068C17003216068017136E6606800286D
:1070C00031D0484600F0AAF906000CD11C20D1F7B7
:1070D000BDFB0600C5D01C21D6F740FD00F0F0F83E
:1070E00008B9FFF73BB9F0880FF2B54140F00C004A
:1070F000F0800220D6F761FB0FF2FD410320D6F7A6
:107100005CFB6068016800910122606801798DF87C
:1071100004108DF805208DF806206846E1F75AFC2A
:1071200091E6606800283FF410ABC2208BE66068EF
:1071300000283FF4B1AA011D082202A8D1F77CFB68
:107140000320D6F750FB6068C07BD6F7C4FA6068AE
:10715000817B9BF8023001918289009241880278FC
:1071600002A8E1F7C7FD6EE660680028DBD0008862
:10717000ADF8040061684888ADF8020001A9532009
:10718000E4F724FF0DF102015020E4F71FFF6946E8
:10719000E120E4F708FF60689DF800100079814263
:1071A0006DD000F091F86AE060680028BBD00078EC
:1071B000E3F7F2FC6068397E407881420CD0387683
:1071C0006946E120E4F7EFFE60689DF80010407822
:1071D000814201D000F078F8626850780121814046
:1071E000CAF80010D6F76AFA0021A8F808100120A2
:1071F000E4F76AF943E06068002894D0007887F8E3
:10720000260061684888F8826168087A3876616883
:107210004889788361684868CAF80000616888898D
:10722000B8846168887B8AF810006168C87B7871CF
:107230006168087CF87061684869CAF8080061688C
:107240008869CAF80C006168087F98F80A108142C2
:1072500018BFE3F7A1FC606800F11D0107F13900D8
:10726000E5F79AFB97F82600082808D13A467421DA
:107270002120D1F7B4FB02210020E1F7FDFAFEF74F
:1072800070BF606860B1407818B10321FF20E1F75A
:10729000F3FAD6F7E1FFDFF80C1D01200860FEE7E6
:1072A0000222627041E5680404D5D0F7ADFE85F492
:1072B000804000E000201DB0BDE8F08FC02C002011
:1072C00086F8049030468DE08DF800006946E12094
:1072D000E4F77CBE0392CDF80890CDF804807047A7
:1072E00048781070012170474878B26800287047CC
:1072F0009DF800200DF10100D1F79EBA02218DF812
:107300001C1060680188ADF8141070471423002227
:10731000B1B20420D1F768BB02218DF82410606857
:107320000188ADF81C106068807B8DF81800022879
:107330007047606800F11001082204A8D1F77CBAF8
:1073400002218DF80810002360680188ADF8001054
:10735000704702218DF80810002360680188ADF89D
:1073600000106068704702228DF8102000236168C9
:107370000A88ADF808200193012361688A1C0092F5
:1073800002A97047087800B10120A1687047122156
:107390006846D6F7E3BB60680021617000787047EB
:1073A000002100220023002780E88E007047002182
:1073B00060680091837AC27A811C01A8DDF7BBBDA9
:1073C00001788DF800106A46618870470146DFF841
:1073D000D80B406800E0006800281CBF027B8A428E
:1073E000F9D1704710B5044600F024F8DFF8B82B47
:1073F0001178814201D2002010BD516821B100E016
:10740000014608680028FBD100202060002914BF35
:107410000C605460012010BDFB8900200146DFF89C
:10742000880B406800E0006800281CBF02798A428F
:10743000F9D17047DFF8701B4968002001E0096846
:10744000401C0029FBD1C0B2704700008C82002094
:1074500022310020243100202C310020383100203E
:107460003A3100204C3100203F31002040310020D3
:10747000002818BFD1F7EBB97047C20744BF0123FA
:107480000B70820744BF01234B70420744BF0123A6
:107490008B70020744BF0123CB70400644BF01221A
:1074A0000A717047C20744BF01230B70820744BFB3
:1074B00001234B70420744BF01238B70020744BF76
:1074C0000123CB70C20644BF01230B71820644BF67
:1074D00001234B71400644BF01228A717047C207E5
:1074E00044BF01230B70820744BF01234B70400748
:1074F00044BF01228A70704702460020117801B112
:107500000120517809B140F00200917809B140F0B2
:107510000400D17809B140F00800117909B140F0B8
:1075200040007047F8B500F021F809E0E0882840F5
:10753000A84204D1380002D020793146B8472468E7
:10754000002CF3D1F1BD2DE9F04100F00FF8984681
:1075500008E0A1682940A94203D120793A46314682
:10756000C0472468002CF4D1BDE8F0810546DFF85F
:10757000380A44680E461746704700004131002023
:107580003E3100204C8800204F310020AC87002085
:10759000F5890020F4890020F9890020A6C20100A5
:1075A00080B501460FF231020420FFF7BBFFE1F77F
:1075B00047FA0220D6F709F90320D6F706F900F0BA
:1075C00093FC4FF6F37203E0C1881140C18000685C
:1075D0000028F9D102BD000070B505460E7800F014
:1075E000EAF8040006D000F042FC782000F066F9CA
:1075F000E6705DE170BD000080B501460FF2050246
:10760000082035E070B505460E461A20D0F7B9FEC1
:10761000040027D01A21D0F73BFC792000F06DF848
:107620007088E08031792172707900B10120607238
:10763000B07900B10120A072F07900B10120E072B0
:107640000822307A2073717A6173B07AA073F17A6C
:10765000E17306F10D01307B207404F11100D1F7C4
:10766000EBF825E170BD80B501460FF20D02012057
:10767000FFF758FF002002BD70B500F010FC0400B9
:107680001ED00C21D0F704FC762000F017F9B0785A
:1076900000F018F9A06008B900F006BC3088A0809E
:1076A000B178A171B07850B1002005E0716831F86F
:1076B0001020A16800F0BFF9B1788842F6DBF7E04E
:1076C00070BD80B501460FF209020220D0E700002C
:1076D00070B505460E4600F0BFF904000CD000F06E
:1076E000EEF9772000F009F80822307AA071E01D49
:1076F0007168D1F7A1F8DBE070BD207000216170E6
:107700003288A280704780B501460FF2090210202E
:10771000AEE7000070B5054600F022FA04000CD078
:1077200000F019FA7A202070317861707088A0809A
:10773000E8B2B188E1802146BCE070BD80B5014669
:107740000FF20502402093E770B505460E46122061
:10775000D0F717FE040015D01221D0F799FB7C203A
:10776000FFF7CBFFB07AA073307B00B1012020740B
:10777000F07A00B10120E0730822B11CA01DD1F7FE
:107780005BF895E070BD80B502460FF20D03002155
:107790004FF0805019E0000070B500F00AF80400C6
:1077A00006D000F064FB962000F088F8E6707FE0D9
:1077B00070BD054616780420D0F7E3BD80B50246BB
:1077C0000FF2110300214FF00060FFF7BCFE002014
:1077D00002BD000070B5054600F03DF904000FD071
:1077E00000F06DF9952000F069F8B11C3288A28094
:1077F00004F108000822D1F71FF87089E08057E0F3
:1078000070BDF8B505460E4617461620D0F7B9FDEF
:10781000040014D01621D0F73BFB482000F04EF8AE
:10782000A68008223888E080B91C04F10800D1F74E
:1078300003F8B87A04F11001FFF71FFE27E1F1BD4C
:1078400070B500F008F8040004D01821D0F720FB30
:10785000602010E070BD054616461820D0F791BD97
:1078600070B5FFF7F8FF040004D01821D0F710FB23
:10787000612000E070BD00F021F8311D32782271E6
:1078800008227088E081601DD0F7D6FF307B6074DD
:1078900070B1307B00F016F8606148B1002004E060
:1078A00006EB4001CA8900F0C5F8617C8842F7DB2D
:1078B0002146E8B2BDE87040D0F786BD20700021B7
:1078C000617070474000D0F7C1BFF8B505460F465C
:1078D00016462C20D0F755FD040039D02C21D0F7C6
:1078E000D7FA622000F05FF804F11101B079FFF7D8
:1078F000C4FDB08904F11C01FFF7D4FD307900F01C
:10790000070020733079C00800F0010060733079FF
:10791000000900F00100A073707900F00700E07327
:107920007079C0082074317AF07900EB0122E2828C
:10793000707A2076B17AF07A01EB00226283B07B14
:10794000F17B00EB0122A2842146307CA0629FE003
:10795000F1BDF8B505460F4616461220D0F711FDC9
:1079600004001FD01221D0F793FA632000F01BF817
:1079700004F10B017068C0F30310FFF7B0FD7068ED
:10798000000A04F10E0100F00F00FFF7A8FD706877
:10799000000B00F00F0060742146307900F00F00FA
:1079A000A07275E0F1BD207000216170A780307871
:1079B000A071718821817047F8B505460F461646BB
:1079C0002020D0F7DEFC040033D02021D0F760FA6D
:1079D0006420FFF7E8FF30892082B17A01F00F01BF
:1079E000A17430792073F188E181F07AE074317C00
:1079F0002176F07AFFF766FF606148B1002004E06D
:107A0000F16831F8102000F015F8E17C8842F7DBCE
:107A1000307CFFF757FFE06150B1002005E071694D
:107A200031F81020E16900F006F8217E8842F6DB8B
:107A30002DE0F1BD616921F81020401C7047F8B5B8
:107A400000F007F8040003D000F039F8652010E0DA
:107A5000F1BD05460F4616461020D0F792BCF8B58A
:107A6000FFF7F7FF040003D000F029F8662000E0DC
:107A7000F1BD00F027F8E06048B1002004E03118C3
:107A8000E26849791154401CA17A8842F7DB21460B
:107A9000E8B2BDE8F440D0F797BCF8B5FFF7D9FFDE
:107AA00004000BD000F00BF8682000F00BF8E06049
:107AB00018B13279711DD0F7BFFEE8E7F1BD102192
:107AC000D0F7E6B9207000216170A7803078A071EE
:107AD000718821813079A0723079D0F7B7BEF8B5BE
:107AE00005460E4617460E20D0F74BFC04000DD07D
:107AF0000E21D0F7CDF96A20FFF7E0FEA680E11D48
:107B00003878A0717888FFF7CDFCC0E7F1BDF8B5F3
:107B100000F024F8040005D000F01DF86C2000F0FF
:107B200059F9B4E7F1BDF8B500F018F8040005D034
:107B300000F011F86B2000F04DF9A8E7F1BDF8B5A1
:107B400000F00CF8040005D000F005F86D2000F0FE
:107B500041F99CE7F1BD0821D0F79AB9054617789D
:107B60000E460820D0F70DBC2DE9F84300F035F89B
:107B7000040030D0FFF7A3FF6E2000F0C1F80E2103
:107B800000F080F84843D0F761FE0500E06021D0A6
:107B90004FF000091BE00E212846D0F779F907EBDA
:107BA00009160822311D2846D0F746FEB07B287200
:107BB000F17B6972307CA872717CE972B07C2873A9
:107BC000F07C00B10120687309F101090E35607A7B
:107BD0008145E0DBEBE0BDE8F18380460D461746CA
:107BE0001020D0F7CEBB2DE9F041FFF7F6FF0400DF
:107BF00046D0FFF764FF6F20FFF760FEA5801A26CE
:107C00003878A0717978E17100F03CF816FB00F04B
:107C1000D0F71CFE0500E0602BD0607A16FB00F662
:107C200031462846D0F734F93F1D00261EE00822D1
:107C3000B91C281DD0F700FE082207F10A0105F142
:107C40000C00D0F7F9FD38886880761C798A298085
:107C5000387D6875797DA975B87DE875F97D697697
:107C6000387E2876797E29751A351A37607A8642E9
:107C7000DDDB21465FFA88F0BDE8F041D0F7A4BB18
:107C8000BDE8F081B8782072F87860727047F8B576
:107C90000646FFF7A3FF040031D0FFF710FF702066
:107CA00000F02EF8FFF7EEFFC000D0F7CFFD050083
:107CB000E06021D0617AC900D0F7EAF8002118E02D
:107CC00007EBC10082882A80C3886B80427A2A71C0
:107CD000837A9A0744BF0123AB71827A530744BF6A
:107CE0000122EA71807AC20744BF01206871491CF1
:107CF0000835607A8142E3DB2146F0B2C9E6F1BD86
:107D0000207000216170A5803878A0717978E171C8
:107D100070472DE9F84380460D46FFF79CFE0400AE
:107D200043D0FFF7CCFE7120FFF7C8FDA5801A27CE
:107D30003078A0717178E171B0782072F07860725B
:107D400017FB00F0D0F782FD0500E0602CD0607AD0
:107D500017FB00F739462846D0F79AF84FF000098C
:107D60001FE0388AE88117E0182101FB09F1771834
:107D70000822391D2846D0F75FFD387B2872F98923
:107D80006981387E28730328EBD1082207F110019E
:107D900005F10E00D0F750FDB87EA87509F1010974
:107DA0001A35607A8145DFDB01E0BDE8F1832146C9
:107DB0005FFA88F0BDE8F443D0F706BBF8B5FFF7EB
:107DC000CDFE040005D0FFF7C6FE722000F002F8D9
:107DD0005DE6F1BD207000216170A680A77170473B
:107DE000F8B5FFF7BBFE040005D0FFF7B4FE732023
:107DF000FFF7F0FF4BE6F1BDF8B5FFF7AFFE04006B
:107E000005D0FFF7A8FE7420FFF7E4FF3FE6F1BDC1
:107E1000F8B505460F46FFF71FFD04001AD01821DC
:107E2000D0F736F87520FFF749FDA7803078A071AC
:107E30007168A1603089A0817189E181307B2074F3
:107E4000D0F704FD606120B1227C06F10D01D0F76E
:107E5000F3FC1CE6F1BD70B5FFF7ABFC040005D0E8
:107E600000F005F894202070E67021E570BD042133
:107E7000D0F70EB870B500F012F804000ED00C2147
:107E8000D0F706F800F030F8CB2100F062F8267247
:107E9000656010B1007921460CE505E070BD05462E
:107EA0000E460C20D0F76DBA2046BDE87040D0F7E2
:107EB0007CBA10B50320D0F764FA040013D0032174
:107EC000CFF7E6FF00F010F8CA2100F042F828B121
:107ED00000792146BDE81040D0F776BA2046BDE8CB
:107EE0001040D0F762BA10BD2F484068704770B597
:107EF00006461220D0F745FA050017D01221CFF719
:107F0000C7FF29484468C7212970002068700A22E9
:107F1000B18929823146B07AA873281DD0F78CFC2C
:107F200014B120792946C5E42846BEE770BD38B5AE
:107F30000546FFF740FC04000AD0FFF798FFFFF763
:107F4000D3FFC62100F005F8E57000B124E01EE083
:107F500031BD217000226270704738B5050015D020
:107F60000620D0F70EFA040010D00621CFF790FFBC
:107F7000FFF7BAFFC521FFF7ECFF2B78E3706978B4
:107F80002171AA78627100B106E000E031BD20469F
:107F9000BDE83240D0F709BA00792146BDE8344047
:107FA000D0F712BA7C052043802D002070470205CF
:107FB000F8B50746444804781646002C14BF04F070
:107FC0003F041C244578002D14BF05F03F051D25F6
:107FD000CA075BD500212046EEF746FE0021284661
:107FE000EEF742FE00211E20EEF73EFE37490A68FA
:107FF00052F8543F384698473188C00F40F6020285
:10800000914218BFB1F5C15F04D043F60702914217
:108010000BD003E0F37B13F07F0F0BD120B32F21A4
:108020002046EEF7FFFD322143E096F8241011F0D0
:108030007F0FF3D048B100212046EEF7F3FD322147
:108040002846EEF7EFFD2F2137E000212046EEF71E
:10805000E9FD00212846EEF7E5FD00211E20EEF7A0
:10806000E1FD01211E200DE000212046EEF7DAFDA2
:1080700000212846EEF7D6FD00211E20EEF7D2FDA6
:1080800001212046BDE8F440EEF7EEBD880719D582
:1080900000212046EEF7E8FD00212846EEF7E4FD3A
:1080A00000211E20EEF7E0FD00212046EEF7BAFD8C
:1080B00000212846EEF7B6FD0021BDE8F4401E2061
:1080C000EEF7B0BDF1BD00BFCD2400002489002033
:1080D00070471C1DDFF800F0C5F30210DFF800F058
:1080E0005DF10210DFF800F0F1EC0210DFF800F0B3
:1080F000D7DB0210DFF800F0E5F80210DFF800F03F
:108100001BD00210DFF800F059F50210DFF800F084
:10811000F1DC0210DFF800F031EC0210DFF800F0C3
:108120006BEC0210DFF800F0EBEC0210DFF800F06F
:1081300011EA0210DFF800F0B1F70210DFF800F0EA
:108140001FF90210DFF800F045F80210DFF800F028
:1081500059F80210DFF800F06DF80210DFF800F0B7
:1081600081F80210DFF800F095F80210DFF800F057
:10817000C9F40210DFF800F0F9F20210DFF800F0A5
:1081800067F302100C381F283ED8DFE800F0103DDE
:108190003D3D3D3D3D3D3D3D153D3D3D1A3D3D1F78
:1081A000243D3D3D3D3D293D3D3D2E333D38DFF8ED
:1081B000FC02016808687047DFF8F002016848684F
:1081C0007047DFF8E802016888687047DFF8DC0272
:1081D0000168C8687047DFF8D40201680869704711
:1081E000DFF8C802016848697047DFF8C00201681B
:1081F00088697047DFF8B4020168C8697047DFF822
:10820000AC020168086A70470020704700B5DFF8CB
:10821000A02213688BB00A21684698470BB000BDB6
:1082200000B581B000F0F6F9DFF88802DFF88822A7
:108230000168914203D001B05DF804EBAAE001B0FF
:1082400000BDF0B51E46154683B00B682F6813F8C5
:10825000012B0B6004460020242A41D113F8012B86
:108260000B604C2A0DD157F8040BB2682146FFF77A
:1082700031FF0023F3603168091A31602F6003B0C9
:10828000F0BD462A0DD157F8041B019157F8041B85
:108290000291ADF800002146B2686846FFF71EFF64
:1082A00016E0532A1CD157F8040BF0612F602B46BF
:1082B000308B0090F269B1682068FFF713FF2168E6
:1082C00029B1B2689042A8BF501E014421602F68B6
:1082D0000021F1603268121A32602F6003B0F0BDE5
:1082E000662A07D1318B01290FBF3F1DFF1D27F0E3
:1082F00007070837F1690A700122F2602F6003B0A6
:10830000F0BD4FF0FF309060704700B581B0FFF7CF
:10831000EDFEDFF8A801C06801B05DF804EBEFF7EF
:10832000F9BE00B581B0FFF7E5FE012818BFFFF7E1
:10833000E5FE0FF21D00FFF7E5FEFFF7E7FEFFF792
:10834000E9FEFFF7EBFE01B05DF804EBFFF7EABED4
:1083500000B581B0D5F7FCFECFF71AFF01B05DF88C
:1083600004EB0320FFF7E2BE10B504460320FFF73D
:10837000DDFE2046BDE81040FFF7DCBEDFF840110F
:10838000DFF84031DFF84001DFF840214A611B1A75
:108390008B617047FEE7FFF7D1BEFFF7D3BEFFF753
:1083A000D5BEFFF7D7BEFFF7D9BEFFF7DBBE000093
:1083B000086000222E2088808A8100BF4AA0886041
:1083C0000846704701B94249FFF7D0BE10B588B0E2
:1083D00002AA0193002300930B4600213D48FFF7BA
:1083E000C9FE040008BF002003D002A900F018F95C
:1083F000204608B010BD10B588B003460191002496
:10840000009402AA00213348FFF7B4FE040008BF1D
:10841000002003D002A900F003F9204608B010BDE7
:1084200010B582B00446002000904FF0FF33216861
:10843000294A2848FFF7A2FE0021216002B010BDA2
:1084400008600022322088808A8100BF26A08860D0
:108450000846704701EB410200B9204800EB82005A
:10846000704710B58AB002AA0193002300930B460F
:1084700000211B48FFF77EFE040008BF002003D048
:1084800002A900F0DBF820460AB010BD10B582B09A
:108490000446002000904FF0FF332168114A104835
:1084A000FFF76CFE0021216002B010BDB01000206B
:1084B0003013000000B40210551914118010002070
:1084C0005011002000400220003C0220003C02200D
:1084D00038150000181500005D150400282E002036
:1084E000BC150000791604007B756E6B6E6F776E9D
:1084F0002D696E7374616E63652D6E616D657D00AF
:10850000DFF800F021EB0210DFF800F0CDEB0210F5
:10851000DFF800F0B9DC0210F8B507460D46CFF7DA
:108520002FFE040030D0CFF733FE06463DBBBD68BA
:10853000204600F08FF8854203DAB968204600F043
:1085400093F8124801687C182046FFF7D9FFA0B9BC
:108550002046FFF7D9FF8468FC60204600F07AF8D7
:10856000B860EFF31185202080F31188294620465A
:10857000FFF7CEFF85F3118801E0012078603046D7
:10858000BDE8F240CFF708BEF1BD00BFF014000017
:10859000F8B584B00746CFF7F3FD040017D000F01C
:1085A00059F80546CFF7F4FD06467868012808D14A
:1085B00000217960FC60BD603046CFF7EDFD002002
:1085C00024E0F868A04204D13046CFF7E5FD012051
:1085D0001CE0204600F0A0F8002102940391C4F8AA
:1085E00018D02A460A4B18686946384400F0AAF8A1
:1085F000F86800F02FF8A84203DAF868294600F07E
:1086000033F83046CFF7C8FD0020A06105B0F0BDBB
:10861000F014000000F0B6B8DFF800F0E5DE02105C
:1086200005490A68012343600021C1600023024418
:1086300083601046FFF7F0BFF014000010B5044649
:1086400008690349A0600A689047606010BD00BFD8
:108650000016000080687047DFF800F02FEB021072
:10866000DFF800F0D9EB02102DE9F84F04460D4673
:10867000CFF78EFD8146EEF78FF9D4F80880A84534
:10868000824638D0002D204E05D5204801680027AD
:1086900006EB010B04E0B0690127AF4000EBC50B0E
:1086A000207D01281CD12046FFF7D6FF206CFFF764
:1086B00027FF18B17168E068814371603069A0429A
:1086C00007D1C6F814B02146DBF8000000F014F919
:1086D00003E021465846FFF7C3FF706838437060D7
:1086E000A560E760C4F840B0002D44BF0020706171
:1086F000012131815046EEF750F94846CFF74CFD45
:108700004046BDE8F28F00BF00110020E4100000D9
:10871000DFF800F0B1D7021038B50446EEF73CF9A7
:1087200005462046FFF7F4FF2846BDE83240EEF745
:1087300034B90000DFF800F0D3EC0210DFF800F0ED
:10874000D7EC0210F8B504460D461646FFF7F2FFC7
:1087500002E03846FFF7F2FF0746A7420AD0B868A2
:10876000FFF778FFB042F4DA29463846BDE8F44016
:1087700000F0C2B829462046BDE8F440FFF770BFBC
:108780001E02000038B54448444C056815F1010F3D
:1087900008BF0025EFF7DCFD414900200860206C90
:1087A000816C88473F4A106820B13F4908682846D5
:1087B00000F02AF83D49002008603D493D480A681C
:1087C0006FF31B4202430A603B490868C0F3013063
:1087D000012806D10A683948024042F400330B6090
:1087E0000A600120364DE861142021680A6A90472A
:1087F0003448354A016841F4E021016001212960D3
:1088000010680028FCD131BDF8B504462F484168F6
:108810008A0705D401682E4A090C41F0F001117055
:108820004FF001212B4B2C4A2C4E2D4F19601588EF
:10883000856831680A682846904705F04070B0F1B5
:10884000807F03D1397841F00201397029463268BE
:108850005368204698472348234A0068010B01F0DB
:108860003F011170C10502D54022FA7402E01F4A8F
:1088700040211170800900F038001D4940F460501B
:1088800008802846326893689847022000F03AF83A
:10889000184901200860F1BD1C130050B001001000
:1088A0008404604280012843800520438C210840D5
:1088B000482003400000390128000940EFFFFCFC7C
:1088C00000002443002009400C006842AC4F0050D7
:1088D0005662084004A40C4000A00C40F0010010B7
:1088E000096208400C1400500EB00C402C62084085
:1088F0006AB00C4094046042426808604A601160AB
:108900004160704730B50A490A4A09E0CC5C0D5C09
:10891000094B2344AC422CBF13F8013C5B78136035
:1089200013685468A342FCD18342EFD130BD00BF2D
:10893000A059000000600C40A4590000F8B592B0A6
:1089400014462C21DFF860244843131803F1080172
:10895000DA78920902F001028DF8242000228DF8C5
:10896000252001228D78280609D505F03F0028280A
:1089700005DA00F045F88DF828600B9501E000203D
:108980000B90CD78280609D505F03F00282805DA98
:1089900000F036F88DF830600D9501E000200D9064
:1089A0009D7805F03F00282805DA00F029F88DF8B9
:1089B0004060119501E0002011900126DB7803F062
:1089C0003F0503F01F039A408DF838500F9208AD11
:1089D000487840F0A20080278DF820000795069681
:1089E000059709A984B000F085F90FBC00F049FB98
:1089F000012803BF642020600120002013B0F0BDD7
:108A000005F03F0605F01F0502FA05F57047000066
:108A10002DE9F8432C212DED048BDFF88C234843FE
:108A200092B0141804F10805E078A978800900F0E4
:108A3000010C012308060AD501F03F00282806DAB8
:108A400001F01F0001F03F0803FA00FE01E04FF0C3
:108A5000000EEE7830060AD506F03F00282806DA28
:108A600006F03F0706F01F0603FA06F600E00026B0
:108A7000A17801F03F002828BDBF01F03F0201F0BE
:108A80001F0103FA01F100214FF000098DF824C005
:108A90008DF825908DF82880CDF82CE08DF8307079
:108AA0000D96E4788DF8402004F03F0604F01F0492
:108AB000A3408DF838600F93119108AC2878C0F36B
:108AC000C20001280CD102260127079406960597BB
:108AD00009A984B000F00EF90FBC00F044FB09E0D6
:108AE00002200694059009A984B000F003F90FBC98
:108AF00000F02BFB022820D108AE28787178C0F353
:108B0000C202012A01F0010440F0BA80400600D4FC
:108B100094B1687840F002008DF822000DF1220136
:108B20000791012080220690059209A984B000F0E7
:108B3000E1F80FBC00F0A5FA002C40F0C38070787B
:108B40009DF8201000EB012029780004400CC1F3AF
:108B500041019FED908A012907BFDFED8F8A9FEDCC
:108B60008F0AF0EE488A9FED8E0A00EE900AFBEE27
:108B7000600AB8EEC01A20EE819A00F0B7F80246FB
:108B80000B468A488A49CEF75BF8CDF737FD01EEF0
:108B9000900A9FED840A01EE890A10EE100ACDF7C3
:108BA00033FC41EC100BCDF7C9FF53EC102B4FF009
:108BB0008040804900F00EFB4FF060427E4BCEF7C4
:108BC0003FF8CDF71BFD09EE900AF5EE409AF1EE65
:108BD00010FA6BDA89EE280A20EE088A18EE100ADD
:108BE000CDF712FC754A764BCDF732FC4FF0604260
:108BF000744B00F0EFFACDF701FDCDF705FC68EE00
:108C0000088A00F071F8704A704BCDF721FC00F033
:108C100067F8CDF7F3FCCDF7F7FB68EE888A0646D8
:108C20000F4600F063F86A4A6A4BCDF711FC3246F2
:108C30003B4600F0CFFACDF7E1FCCDF7E5FB68EE5F
:108C4000888A00F051F8644A644BCDF701FC00F0CB
:108C500047F8CDF7D3FCCDF7D7FB044628EE880ABA
:108C60000D4610EE100ACDF7CFFB5D4A5D4BCDF7F8
:108C7000EFFB00F035F8CDF7C1FC09EE900A15E0E6
:108C800004BB9DF820209DF8200002F07F0201EB3C
:108C90000221890809EE901AC0098DF82020FBEE08
:108CA000479A18B1BFEE000A69EE809ABDEEE90A54
:108CB00010EE100A4C49884204D00120CDF701FB88
:108CC000040001D1002006E0C4ED019A201D4749AF
:108CD000CDF7F2FA204612B0BDEC048BBDE8F2836A
:108CE00022462B4600F076BA04460D4618EE900A4E
:108CF000CDF78ABB68462422CFF7DEB8F8B53C4DE5
:108D00002A7807460C462C20274942438E18A07823
:108D10003849F070F1610020B0710023307A00F022
:108D2000C700307200936A4601213846CDF774FAC5
:108D300058B10098317A000AF0720098000CB072B5
:108D40000098000E60F3C5013172307AC0F3C200A2
:108D5000012815D12848B0616A4602213846CDF76E
:108D60005BFA0099327A61F342023272032042F0D8
:108D70004002C1F381013272012908BF13207072D1
:108D80006278F17AB07A00F039F810B12878401C96
:108D90002870F1BD0000C84200007A44CC100000E9
:108DA000AE01000017839337346F002088CE19EE90
:108DB000AF60C3BE260270BFAF60B3BEF163CC5DCF
:108DC0004BC80140A3406EC0BB82C87D062F653FE3
:108DD00093C266C7E03DD4BECE563151E2425EBE7C
:108DE0003EFAE46127F3E43D19FCFFFFFA65000059
:108DF000E2890020118A03003D89030038B50C4642
:108E000015460021020609D500F03F02282A05DA9E
:108E1000294600F03F00CEF7DFFD0121200607D5EF
:108E200004F03F00282803DA2946CEF7D5FD0121BA
:108E3000084632BD0FB42DE9F0419DF82C70DFF8E3
:108E400030828C4E00F052F80C9C00F055F800F087
:108E50005AF8316C214331649DF81800002814BF82
:108E600034603461089C5CB19DF81C7000F03EF8E1
:108E700000F042F800F047F8306C20433064346072
:108E80000A98C8B19DF82440A40004F0FC044444AE
:108E90002768316C21EA0000306447F00057D4F7AE
:108EA000A6FE0021631C21703A0AA11C00F084F880
:108EB00004F8037FD4F7CCFE9DF83400800000F066
:108EC000FC0058F800100E9C306C20433064346075
:108ED0003820D5F7C9F9306C20433064346138202C
:108EE000D5F7C2F9BDE8F0015DF814FBBF0007F04B
:108EF000FC0747443D687047306C2043306425F0E0
:108F00006055D4F774BE00217B1C39702A0AB91C45
:108F10001A704FEA154C81F800C02D0E07F8035F58
:108F2000D4F796BE0FB4F8B59DF83400504D514CAF
:108F3000800000F0FC0029580E98216C0143216448
:108F400020609DF82C60B60006F0FC06AE1937686C
:108F5000216C0C988143216447F00057D4F747FEF9
:108F60000021731C31703A0AB11C00F025F806F894
:108F7000037FD4F76DFE0898D8B19DF81C108900C6
:108F800001F0FC016D182E68216C21EA00002064BC
:108F900046F00056D4F72BFE00216B1C2970320AD4
:108FA000A91C1A70340C0C70360E05F8036FD4F738
:108FB0004FFEF1BC5DF814FB1A704FEA174C81F8B4
:108FC00000C03F0E70470FB42DE9FE4F129D9DF873
:108FD0003110DDF85490109C01919246D4F707FEB1
:108FE0009DF8307000904FF0000B07B101270294FC
:108FF0004FF00808019C1F4E24B100F03DF814BF4B
:10900000356035615FEA09604CBFC6F800A0C6F85C
:1090100010A02220D5F728F900F02EF814BF3560F3
:1090200035612220D5F720F9306B02994FEA4B0BBE
:109030004FEA4909084218BF4BF0010B2CB900F068
:109040001BF80CBF3561356002E02220D5F70CF922
:10905000B8F10108D0D10098D4F7FAFD2E20D5F749
:1090600003F95FFA8BF0BDE8FE0F5DF814FB00001A
:10907000001008409020024087F00107F8B2002855
:1090800070470FB470B586B00AA9139D84B000F084
:1090900058F80FBCFFF7CEFE280A07D005900AA9A2
:1090A00084B000F04EF80FBCFFF78DFF149CEDB2BA
:1090B00005950AA984B000F044F80FBCFFF783FFC0
:1090C000200008BF012510D0159E254616F8010B7B
:1090D00005900AA984B000F034F80FBCFFF773FFC5
:1090E0000A20E9F709FA641EF0D10AA984B000F059
:1090F00028F80FBCFFF716FF284606B070BC5DF8D5
:1091000014FB0FB4F8B586B0159C200008BF0120F1
:1091100013D0169E2546FF2709E005970CA984B0B9
:1091200000F00FF80FBCFFF74EFF06F8010B2046CA
:10913000441EC0B20028F0D1284607B0F0BC5DF84C
:1091400014FB68462422CEF7B7BE0FB418B587B01B
:109150000AA984B0FFF7F5FF0FBCFFF76BFE9DF87F
:109160004C10149820E00FB418B587B00AA9139CCE
:1091700084B0FFF7E6FF0FBCFFF75CFE200A07D0C4
:1091800005900AA984B0FFF7DCFF0FBCFFF71BFFB7
:10919000E4B205940AA984B0FFF7D3FF0FBCFFF730
:1091A00012FF9DF850101598059106900AA984B0F9
:1091B000FFF7C7FF0FBCFFF7A4FF0AA9044684B05E
:1091C000FFF7BFFF0FBCFFF7ADFE204608B010BC95
:1091D0005DF814FB70B491EA030F4FF0004540F1C5
:1091E000BF806B40841A71EB030604D26E40001BF3
:1091F000B141121973414FF4001C1CEB410F34BFF5
:109200007CEB430683E00C0DA4EB1356362E00F3E3
:109210007C80012E45EAC32341DC43EA525312BF4E
:10922000D20292025B08240545EAC12141EA50516D
:10923000D2EBC020994125D407D1B0FA80F610FABC
:1092400006F162D00020203608E0B1FA81F6B14084
:10925000C6F1200220FA02F21143B0404FEAF47442
:10926000B4EB465434F001064FEA74040AD8D6F53C
:109270000016760D04F00044F04061FA06F250400A
:10928000F1404840C00A40EA415021F0004128BF67
:109290005FEA500550F1000044EBD12135E0DB0AD4
:1092A00045EAC121C90AB6F120050EDD42EA0242B3
:1092B000120CC5F1200603FA06F6EB4042EA060559
:1092C0006D42984161F100010DE062FA06F5F2404D
:1092D000554063FA06FC82EA0C02F3405A406D42A4
:1092E000904161EB030111F4801F05D1641E6205FA
:1092F00002D06D004041494121F48011430875F1CD
:10930000004350F1000041EB045170BC70471CEB6E
:10931000410F15D223F0004352EA43060BD04FEA27
:109320004C0CBCEB410F04D80C0D661E342EB7DD7F
:10933000EBE7801A994150EA410608BF0021E4E7B3
:1093400008BF1CEB430F28BF6FF00001DDE70000F2
:1093500070B491EA030F4FF000457FF543AF6B40C7
:10936000841A71EB030603D2001BB1411219734139
:109370004FF4001C1CEB410F34BF7CEB430442E074
:109380000C0DA4EB1356352E4FDC45EAC323DB0A44
:1093900045EAC121C912B6F120050DDD63FA05F6D3
:1093A000EB4086EA0305124218BF45F00105C018DC
:1093B00051F100010CD213E062FA06F5F24055407B
:1093C000F3415A40B340F3405A408018594107D303
:1093D00049085FEA30005FEA350528BF45F001051E
:1093E00001F58011420875F1004250F1000041EB97
:1093F00004514E0016F5001F70BC38BF70470020A6
:10940000090D090570471CEB410F10D252EA4306C3
:109410000BD0BCEB410F05D80C0DAB43661E342EB0
:10942000B6DD02E0AB438018594170BC704770BC98
:109430007047FF0170B5DFF87453044695F90000DA
:1094400001003DD42C23DFF8682310FB03F3134401
:1094500003F108060121C0B2CCF7C2FE1CB1B078FE
:1094600040F00100B0707078032814D11CB3E1788B
:10947000207950EA012004D0F080B07840F0040058
:1094800007E0607AA17A41EA0021B078B18040F02B
:109490000200B0700FE0822818BF812809D1832014
:1094A000707047F606423078BDE87040012100F048
:1094B000E6B9832804D1002070704FF0FF31297085
:1094C00070BD48B9B94890F90010002904D4D007FC
:1094D00044BF0020FFF7AEBF704780B50721401C96
:1094E000F3F7EAFC4042C0B202BD38B5044660184A
:1094F000851EB0484278FF2A2AD12046FFF7EDFFAB
:10950000697888422FD1A94890F9001000292AD4FF
:109510002C23A74A11FB03F1114408314FF0FF350A
:109520000570887840F001008870A278E37843EAFB
:10953000022340F002008B80887040F00400227902
:10954000A2F12803642413FB04F4CC80887031BD9D
:10955000891E204600F046F92988884203D120461A
:10956000BDE8324066E731BD3EB504460B0018BF8A
:10957000012301920022904D009508214FF41650CE
:10958000E8F7CEFE90A12046D1E9002303B0BDE864
:10959000304011461A46E8F758BE3EB505460C461F
:1095A00009216846D4F7DAFA2C20FF2280498DF889
:1095B000002045434819027A8DF801208DF80240B9
:1095C0006846FFF78AFF8DF80800092269460020E7
:1095D000E8F779FF37BD70B505462B462C201446B9
:1095E00073494343CE180122002128460836FFF76D
:1095F000BBFFB07800F0F800B07086212846FFF776
:10960000CCFF4FF496702060012070BD38B5054640
:109610002C2367495D4314464B1903F108050122C9
:109620000121FFF7A1FFA87800F0F8000322A8703D
:109630006A7004222878002100F01DF95B48007848
:109640004FF47A720121CCF794FD40F6B8302060D7
:10965000012032BD70B52C21484355490D1805F144
:109660000804A278D30729D5085C00F07F001628EB
:109670000CBF01260026900705D5A288687840F225
:109680000D41CDF7C9FFA078410717D58EB1012054
:10969000CCF717FE90B1B4F9061089B200EE101A9B
:1096A000B8EE400A80ED010A001D4449CCF704FEE3
:1096B00004E0B4F906106878CDF796FF002070BD7D
:1096C0002DE9F04180460C2A02BF552B069802284E
:1096D00010D10799364D91ED000ABDEEC00A4646FD
:1096E0002C2010EE104A4643E4B2AA19012C02F1D4
:1096F000080701DD002024E0A85D00F07F001628A7
:109700000CBF0121002101224046FFF72DFFA85D7B
:1097100000F07F0016280AD1002C0CBF8220812087
:10972000787000223878002100F0A9F808E00020C5
:109730007870002C0CBF872188214046FFF72DFF51
:109740000120BDE8F0810000F8B51D4C184A2378CF
:109750004F7900BF1EA105462C204343D61806F1C1
:1097600018001422CEF7A8FB07F07F07152F1DBFA6
:109770001448B061FE20012030726A46002000903B
:1097800001212846CCF748FD00281EBF009800287C
:109790003072162F0CBF0121002120780022FFF724
:1097A000E3FE2078401C2070F1BD00001D29002040
:1097B000346F002014290020BD210200482500003C
:1097C000E28900200D96030001FF0009EB940300DD
:1097D000D795030055960300C3940300C196030078
:1097E0000200000030B503464FF6FF70002400E091
:1097F000641CE2B28A420EDA9A5C504008220504E8
:109800006D0CC00752BF284685F4204080F001004F
:10981000521EF4D1ECE730BD38B50D460446A91E02
:10982000FFF7E0FF61192A4601F8020D000A4870AF
:109830002146BDE838400020E8F745BE3EB5714CF2
:10984000257860708DF8000045F0010568462570A8
:10985000417005F0FD05110A8DF8021025700021F8
:109860005D008DF804106D1DC2704371E570082114
:10987000FFF7D2FF37BD13460A460421DEE71CB5C9
:109880008DF80120140A8DF800406A4600F001F8B6
:1098900013BD1CB55B4B1C78587044F001041C7060
:1098A0008DF8000004F0FD041C708DF803100824EE
:1098B000DC7006230C0A8DF801308DF80240082177
:1098C00010788DF8040050788DF805006846FFF791
:1098D000A3FF13BD2DE9F0471D466E00824606F139
:1098E000090788469146F8B2CEF7B0FF040016D0BB
:1098F00084F800A0102060704FEA18210020A170A9
:10990000207184F803806571A671F2B24946E01DAA
:10991000CEF792FFF9B22046BDE8F0477CE7BDE8FC
:10992000F0872DE9F84501291CBF0229042905D13A
:109930008046354DDFF8D4A0354E04E0BDE8F18512
:109940007270022129704046E8F7B1FD0028F5D079
:10995000012269464046E8F7AEFD9AF90070002FF3
:10996000F1D428499DF800204878824204BF2B7822
:10997000012BE5D02A78012AE5DD9DF80030B354AB
:10998000521CD3B2812BA8BF012207DA032B05D1C9
:109990009DF800301B0644BF0523CB702A70C978A0
:1099A0002A784B1C9A4224D1727882421FD18C1E95
:1099B000E4B22146701CFFF715FF711C0A5B904250
:1099C00015D1144B19788F420DDAB07801060AD4FC
:1099D0002C22114817FB02F21044036A1BB12246E5
:1099E000F9B2002098474FF0FF308AF800000121BB
:1099F000A8E70A48007840F6B8324FF40071CEF775
:109A0000B7FAA0E7142900201C2900201D290020F6
:109A1000A0780020E2890020346F00207D280020FB
:109A200010B50446606918B1CEF711FF00206061DF
:109A300010BD38B501281446014629D040BBDFF8D7
:109A40005C03DFF85C2340561378984220DA042C3C
:109A50001EDD2C22D34910FB02F00D182846FFF71B
:109A6000DFFFA87B697AE41E40000909E4B20429FB
:109A7000A8BF4000C0B284420AD12046CEF7E6FE1D
:109A8000686128B12246BDE83840C749CEF7D4BE48
:109A900031BDE0B580780191C0F34013C349009116
:109AA000C0F3C102082100F00700E8F739FC07BD48
:109AB000F8B5054614462B462C20BA4A4343D7181E
:109AC00007F1080601213046FFF7E3FFB34A15709E
:109AD0003846FFF7A5FF717808090428ACBF0220BB
:109AE0000120B27912FB00F3B2883078DBB201F0CA
:109AF0000F01FFF7A3FE4FF4FA7020600120F2BDC2
:109B00002DE9F84F2C21A74A484310440090009AB1
:109B10005069002802F1080400F0838094F806A040
:109B20005046CCF7CEFB5FEA000B76D00098476931
:109B300060784FEA1018B8F1040FACBF012500257A
:109B400008EBD87040080124A8EB400919E0B0EEFA
:109B5000600ABAF1010F86ED000A0BDD711D204687
:109B6000CCF79BFD701DCCF77DFD3071721DC0B22E
:109B700000211154002D0CBF02200420641C074456
:109B8000E4B2A24549DB0C2060435844A0F108062A
:109B90007B7897F800C09FED800A0020DFED7E0AF9
:109BA000B5B1F978BA78B9F1000F08D00CEB0323FE
:109BB00003EB024202EB016C00EE90CA0FE001EBF6
:109BC000022101EB034101EB0C6100EE901A06E06B
:109BD000B9F1000F14BF0CEB032003EB0C20B8F11C
:109BE000090FB6D8DFE808F007070D0D1313161696
:109BF0000606AEE7ABE780B200EE100AB8EE400A08
:109C0000A7E700B200EE100AB8EEC00AA1E7B8EE6E
:109C1000600A9EE7B8EEE00A9BE70098FFF700FFB6
:109C20005846BDE8F28F1CB50C2A02BF552B04998B
:109C3000022901D0002016BD2C215A4B059A92ED25
:109C4000000A4843184400F1080460780009042819
:109C500007DB0121042818BF052812D1BCEEC00A79
:109C600019E00021002818BF012803D0022818BFDE
:109C7000032812D1BDEEC00A10EE102AADF8002064
:109C80000BE0062814BF0728BDEEC00A03D0082841
:109C900018BF092801D18DED000A00EBD0725208DF
:109CA000B0EB42001FD100299DF800100ED09DF8A6
:109CB00003208DF800208DF803109DF802209DF8F8
:109CC00001108DF801208DF802100EE09DF80120A2
:109CD0008DF800208DF80110A18820786A46FFF7E2
:109CE000D8FD012016BD0029F6D0A18820780223D6
:109CF0006A46FFF7EFFDF4E738B504462848294BDC
:109D0000027815462C214D43521C1D4480F800203A
:109D100005F1180028A11422CEF7CEF805F10800AD
:109D200023A10822CEF7B8F8002000906A4601214E
:109D30002046CCF771FA00281CBF009800280CD0F0
:109D400028720098697A000A60F30301697200982A
:109D5000A97A000C60F30501A9726A460221204627
:109D6000CCF75AFA00281CBF009800280DD0A88113
:109D70000099687A090C01F00F01A97300F00F0037
:109D80000099090E40EA01106872002105F10800EF
:109D9000FFF77FFE31BD0000000000001D290020FC
:109DA000E2890020346F0020A4780020239903006A
:109DB0000103000000000100B19A0300019B0300B1
:109DC000339A0300279C030000000000F8B586B01A
:109DD000C46823788DF804300126837803F03F05AA
:109DE00003F01F038DF8085006FA03F303931301E1
:109DF000C57805F03F0705F01F0506FA05F505953E
:109E00008DF8107000250095807CC50608D51000DF
:109E100008D0FF2A0AD040F6FF720020D31A0AE0C9
:109E2000FF2A02D11020002305E01AB900204FF4C8
:109E3000805300E000208DF8023000221B041B0E2E
:109E40008DF800208DF801008DF8033009B1FA215A
:109E500004E0617801F00F018900891D6B4604223E
:109E600001A8F3F7B3FE07B0F0BD002904BF1278D4
:109E7000FFF7ACBF70472DE9F8470F4687B0824621
:109E800097F8009097F802800020019001AA012124
:109E90005046CCF7C1F9702500281EBF0198002854
:109EA00005467848784A007800242C2102F10C06F7
:109EB00000E0641CE3B283421AD24B4302EB030C72
:109EC0009CF800E00EF07F0EBEF1280F04BF9CF856
:109ED00002C0CC4501BFF35893F800C05FFA85FE7D
:109EE000F445E6D15C78240914F0010401D1C5E001
:109EF0000224484316187A790023D20951462820B3
:109F0000E8F714FE0020B07186F801A086F80290F0
:109F100086F8038001AA5D48B0600221F7683D70B1
:109F20005046CCF779F94FF4482538B30198000B27
:109F30000190797860F3030179700198000901902C
:109F40000199787800F0BF0001F0010140EA81102A
:109F5000787000F0DF000199490801F0010140EA42
:109F6000411078700198C0F30B150DB9C82504E0B5
:109F700040F6AC508542C8BF05462D03022C78D16F
:109F800039788DF8081009F03F02012109F01F000F
:109F90008DF80C2001FA00F0049008F03F0208F060
:109FA0001F008DF8142001FA00F0069002A8F46852
:109FB000F3F7BCFC607800F0EF00607000218DF8D2
:109FC00001106A4602A8F3F767FF002851D00DF18F
:109FD0000102FE2102A8F3F75FFF10B32C48B0FB8B
:109FE000F5F56D1E032D38BF032502D3FF2D88BF65
:109FF000FF259DF80100A84213D09DF80010C80667
:10A0000008D441F010018DF8001000219DF80020C7
:10A0100000F040F88DF80150FE219DF8012000F07D
:10A0200039F80DF10102012102A8F3F735FFA0B1C3
:10A03000617800204A0648BF0420890648BF40F0E6
:10A0400010009DF80110884203D00246012100F063
:10A0500021F8607840F01000607021208DF8000039
:10A060002122002100F016F8002201213046FFF7DE
:10A07000ADFE317C00223046E8F798FA08B0BDE822
:10A08000F0870000E2890020346F00206B9E0300FF
:10A0900040787D0102A8F3F793BD0100F0B52C21B3
:10A0A0007F4A4843104400F1080487B023788DF8B4
:10A0B0000830817801F03F028DF80C2001F01F017B
:10A0C000012202FA01F10491C17801F03F0301F08D
:10A0D0001F0102FA01F18DF8143006916B46062239
:10A0E000012102A8F3F7A6FE06281BD100250026B1
:10A0F0006427F1B249420DEB0100761C8078F0F73D
:10A100003DFC07FB0505F0B20228F2DD6560012089
:10A11000CCF7D7F830B194ED010AB8EE400A80EDE3
:10A12000010A00E0002007B0F0BDF0B587B00C2AAE
:10A1300008BF552B4BD10C99594B2C2250431C185E
:10A14000022904F1080242D110780D998DF8080017
:10A150000125A07800F03F0300F01F008DF80C30BF
:10A1600005FA00F004906846E37803F03F0603F038
:10A170001F0305FA03F38DF814600693002591ED93
:10A18000000ABCEEC00A82ED010A0621D3F7E6FC04
:10A1900010EE100A0BE06421B0FBF1F701FB170091
:10A1A000C0B2F0F7F5FB0DF806006D1C384610B193
:10A1B000EEB2022EEFDD6B4600F076F8062806D1EF
:10A1C000607801220021E7F725FD012000E0002052
:10A1D00007B0F0BD2DE9F043324C314A2378804678
:10A1E0002C2089B04343D51891F800908F78EF70F8
:10A1F0000126AE7105F118002EA11422CDF75CFEE8
:10A2000050262E720020019001AA01214046CCF771
:10A2100003F800281EBF019800282872297A8DF8BB
:10A22000081009F03F02012109F01F008DF80C20F1
:10A2300001FA00F0049007F03F0207F01F078DF8C5
:10A24000142001FA07F7069702A8F3F76FFB687A64
:10A2500000F0FE00687200218DF800106A4602A826
:10A26000F3F71AFEB0B19DF8000020280ED020218F
:10A270008DF800102022002102A8F3F7A1FC06218E
:10A2800007A8D3F76BFC07AB00F00EF8687A40F034
:10A290000100687209B02078401C2070BDE8F0838E
:10A2A000346F0020E28900200622012102A8F3F782
:10A2B0008DBC0000000000009DA003000000000015
:10A2C0002BA103000200000080B5022806DB29B99B
:10A2D00007220FF21C510020E8F7F5F8DFF8D00450
:10A2E000DFF8D034012101704FF0FF321A7001BD48
:10A2F000DFF8C01491F90020002A10D4022803DBF3
:10A3000007220FF2E44107E0012807BF04220FF201
:10A31000CC4105220FF2BC410020E8F7D4B87047C9
:10A32000F8B50646DFF88C04DFF88C2490F90000BD
:10A3300001212C2410FB04F4C0B21444CBF750FFCD
:10A340001A20CEF783FA04F10805040000F0898092
:10A350001A21CDF79DFD28786C60000902D00128F4
:10A3600005D013E00221217000F07CF872E0072094
:10A370002070F179B07901EB0022628000F072F870
:10A38000F07AB17A00EB0122E28063E007202070CE
:10A390000021B01DA71C427810F8023B02EB0326F7
:10A3A0005FFA81FC491CCAB227F81C60022AF2DD60
:10A3B00029780909022901D004294BDB217841F0D1
:10A3C00038012170801C2A781209062A0FBF022149
:10A3D00041F0C001217004210022437810F8026B83
:10A3E00003EB0627D3B204EB4303521C1F81D3B205
:10A3F0009942F2DA2A78811C1209052A04D029D35D
:10A40000072A15D008D325E00121A17442780078ED
:10A4100002EB0021A1821DE00622A274437800789D
:10A4200003EB0022E2824878097800EB012210E079
:10A430000723A3744278007802EB0023A3824878B4
:10A440000A7800EB0223881CE3824178007801EB54
:10A45000002222832878BDE8F44000F001010009C1
:10A4600032E7F1BDF078B17800EB0122A2807047AD
:10A4700038B5891EC9B20023002402E0455D5B198E
:10A48000641CE5B28D42F9D34218445C527802EB69
:10A4900004259BB2ADB2AB4205D1BDE83440091FE3
:10A4A000C9B2001D3CE731BD38B54D1E0446E9B2C6
:10A4B000F2F702FDEAB2C043401CA15CC0B2884280
:10A4C0000AD1A0780B2818BF022805D1E01CE91E8C
:10A4D000BDE83440C9B223E731BDE0B501900023A7
:10A4E000B6480090002208214FF41650E7F718FFF5
:10A4F00007BD00002DE9F0410446154623462C21F6
:10A50000AD4A4B43D11801F108060120FFF7E5FFE2
:10A51000706818B1CEF79BF9002070603078A54FB5
:10A52000DFF89C820009012837DD00BFB4A200F0EB
:10A530004FF83278707802F0F30242F00402327081
:10A5400088F8030000243078810701D5C00706D4BD
:10A550005FF00702A8A10020E7F7B5FF01243078DB
:10A56000810707D440F00200307007229CA1002030
:10A57000E7F7A9FF54B141F2883028604FF4FA722E
:10A5800038780121CBF7E8FD2A6818E03078000917
:10A59000FFF7AEFE41F2680211E000BF9AA200F0A0
:10A5A00017F8707888F80300307800F0F30040F076
:10A5B000080030700009FFF79BFE4FF4FA522A6042
:10A5C000643238780121CBF7D4FD0120BDE8F08159
:10A5D000D2E900010A4601462046E7F736BE10B52B
:10A5E000012801D0030019D1724B93F90040002CCF
:10A5F00014D4D30712D52C226F4C51432144083177
:10A6000009780A09012803D1BDE8104010466FE619
:10A61000BDE8104001F00101104655E610BD0000F4
:10A620002DE9FE4F2C21644A484310440190019AC1
:10A6300002F10800009000994868002875D091F850
:10A6400002804046CBF73DFE0025040065D000980F
:10A6500046684FF0010900274FF00C0B307810EAE4
:10A66000090F25D006EB4700EBB24188221D1BFBEA
:10A6700003F300EE101A022F02EB030AB8EE400AB1
:10A6800003DC8AED000A4F4906E0DFED470A80EE61
:10A69000200A8AED000A4C495046CBF70DFE00BF58
:10A6A0005BA0C15D8AF809106D1CEAB2424504DA6C
:10A6B0007F1C082F4FEA4909D0DBB07CC10713D5B6
:10A6C000B18AEAB2201D1BFB02FB00EE101A5844AF
:10A6D000B8EE400ADFED350AC0EE200AC0ED000AF0
:10A6E0006D1C3A49CBF7E8FDB07C0A27810708D5F5
:10A6F000019AB6F9160010FB07F1507809B2CCF7B1
:10A7000073FFB07C410707D5019A308B10FB07F12E
:10A71000507889B2CCF770FF257000984068CEF76A
:10A7200096F80099002048602046BDE8FE8F0000A2
:10A73000F8B5274C204A26782C214E43054616446E
:10A7400006F1180038A11422CDF7B6FB377A47F08E
:10A7500001073772002000906A4601212846CBF796
:10A760005BFD70B1307A009900F00F0040EA0110F3
:10A77000307200F0FE000099090901F00101084360
:10A780003072307A000908280DDA00BF22A100BF1C
:10A7900023A30A5C7272185CB07200202178491CF5
:10A7A0002170FFF79AFEF1BD0000C84200007A4414
:10A7B0001C2900201D290020346F0020BD2102002B
:10A7C0001429002030250000382500002C25000029
:10A7D000E289002011020B01E1000000110102ECEE
:10A7E000424DE10000017000424DE20000017100A5
:10A7F000424DE40000017300424DE4000101740089
:10A800000142001C71A4030001160014A9A4030056
:10A8100031324130313234411410201820202028A8
:10A82000010308030809090BF5A4030021A603008E
:10A83000DFA50300000000000000000070B5DFF895
:10A84000341414460A78944246D221462C204143BF
:10A85000DFF82404425C02F07F030B2B1CBF02F0E4
:10A860007F022B2A38D1421802F108052B78DE0727
:10A8700027D443F001032B70405C00F07F002B28AD
:10A8800013D1D078CDF766F80028686814BF401E51
:10A89000401C6860287A002814BF50224FF4C87208
:10A8A00004212046CBF765FC02E06868401C686024
:10A8B0002878810705D54EF6602202212046CBF785
:10A8C00058FC6A78FF2A08BF4FF47A722046BDE828
:10A8D00070400121CBF740BC70BD2DE9FE4F894689
:10A8E0004B462C21DFF890434B43E71807F108084B
:10A8F0007B6900930128454604D1287800F0FE00CA
:10A900002870A2E00028FCD11646B00727D5DFF852
:10A91000641301914FF0000B4FF02C0A13E01AFB67
:10A9200000F0215C01F07F010B290AD104F108013C
:10A9300001440A78930704D5621C4968105CCBF780
:10A940005CFD0BF1010B01990A785FFA8BF09042E4
:10A95000E5D34EF6602202214846CBF70AFC700789
:10A9600073D52978287A01F0FE010028297055D086
:10A970004746786800284ED05FFA80F80026DFF856
:10A98000F4B24FF02C0916E0C1B269B10AE039788F
:10A99000C1F3C30101FB08F15FFA81F84044FF28CD
:10A9A000F2DDFF208AF81100C1B200225046E7F71D
:10A9B000C9FD761CF6B29BF800108E422BD209FB23
:10A9C00006F204EB020A9AF80000C00923D0631CC7
:10A9D00001219B56387A99400842EAD0601C9AF8C7
:10A9E0000010805C01F07F01E7F762FB0028E0D0F7
:10A9F0003046E7F7BBFF5FEA0861C8D53A78C8F18F
:10AA0000FF01C2F3C3025143C9B28842B8BF00205C
:10AA1000CADB401AB8E70020686016E041F0040184
:10AA200029700099686848600020686000990A6889
:10AA30001AB104214846CBF79CFB787803B0BDE8F7
:10AA4000F04F01228021E7F7E5B8BDE8F78F1CB58C
:10AA50000C2A08BF552B37D104990A0032D02C227A
:10AA6000854B50431C1804F10802606960B3059BD4
:10AA7000022911D193ED000ABCEEC00A82ED010A51
:10AA8000002141608021107800F0FA00107001224E
:10AA90006078E7F7BFF815E0FF2906D10021416093
:10AAA000107800F0FB0010700CE001290CD192ED41
:10AAB000010AB8EE400A8DED000A042269461846E4
:10AAC000CCF7A7FA012016BD002016BDF8B5064642
:10AAD0002C204643684FB81900F1080445692868DE
:10AAE000002818BF802905D1217A19B90120CBF798
:10AAF000E8FB08B90020F2BDB95D01F07F012B2908
:10AB000004D195ED010AB8EEC00A08E029680029D1
:10AB100014BF95ED010A94ED010AB8EE400A80EDEC
:10AB2000010AF2BD2DE9F84F0D4684B0814695F833
:10AB300000A068788DF80200A97850488DF80010C0
:10AB4000EA788DF8012010F809B00AF03F00039070
:10AB50002828AFBF4FF0000801200AF01F0100FABB
:10AB600001F8444C444927782C2616FB07F7CE19E8
:10AB700006F1180045A11422CDF79EF977690A2045
:10AB800070720021019101AA01214846CBF744FBD4
:10AB900098B10198BBF12B0F07D10199327A491C6A
:10ABA00061F3C6020A20327206E0C0B20528DABF9D
:10ABB0000FF2D001085C0A20707201AA02214846F7
:10ABC000CBF72AFB00281CBF0198002815D0BBF149
:10ABD0002B0F08BF307413D001464FF47A704143F5
:10ABE0003960042196F8282042F0080286F82820CF
:10ABF00020783A68CBF7BDFA11E0BBF12B0F0ED1EC
:10AC000096F8280040F0080086F828009DF800001B
:10AC1000F0709DF801109DF80000CCF7DDFE68791A
:10AC2000C0090CD0307A40F002003072002102914D
:10AC3000484602A9CBF7DDFB08B10298F060504608
:10AC40009DF80210CCF7C8FE039822780C4B4146C1
:10AC5000C0B2E6F71FF94FEA9A1000F0010080F049
:10AC600001015046CCF754FF2078401C207005B0FD
:10AC7000BDE8F08FE2890020346F00207C8700203F
:10AC80003DA8030001030A1464FF00000000000057
:10AC9000CDAA0300DBA803004FAA030003000000B5
:10ACA00070B50C4625462C213D4B4D4359190228C1
:10ACB0001FD1D0070DD502228878850901F108033C
:10ACC00005F00105D60785F0010117D55E6802255C
:10ACD00019E08878810901F00101CCF705FF012115
:10ACE0002046CBF774FA2046BDE870400221CBF72E
:10ACF0006EBA012818BF0028DED070BD91070BD5B1
:10AD00001E6829460125CCF7EFFE3246294620462B
:10AD1000BDE87040CBF720BA70BDF8B5214C204A91
:10AD20002378214F05462C204343D61837624878B4
:10AD3000F0700A214FF47A70F160B060F178B07869
:10AD4000CCF726FE002100916A4601212846CBF768
:10AD500063FA00281EBF00980028B0606A460221EE
:10AD60002846CBF759FA00281EBF00980028F0604B
:10AD70000E4A0F48B2F82930012101FA05F5EDB26B
:10AD800001782B4201D0294206D00D4305700222E2
:10AD900021780020FFF784FF2078401C2070F1BD4F
:10ADA000346F0020E2890020A1AC030030230000B2
:10ADB000E189002010B50446606818B1CDF747FD61
:10ADC0000020606010BD000038B50128144601461F
:10ADD00055D0002853D18748874A40561378984267
:10ADE0004DDA142C4BD32C22844910FB02F20A4476
:10ADF00002F108052846FFF7DDFFE11EC9B214295C
:10AE00003DD31420CDF722FD0028686037D01421EF
:10AE1000D2F7A4FE7A494A790B79686802EB0324D9
:10AE2000A4B200F032F8C0ED000ACA798B7902EBC7
:10AE300003244A7A0B7A00F023F800EE104AB8EEA9
:10AE4000400ADFED6A0AC0EE200AC0ED010ACA7BA3
:10AE50008B7B02EB03244A7C0B7C00F011F804612D
:10AE6000CA7A8B7A02EB03244A7B0B7B00F008F84A
:10AE700000F00BF8C0ED020A91F91510017331BD15
:10AE800004EB024404EB0364704700EE104AB8EE92
:10AE9000400AF2EE040AC0EE200A7047E0B50190C5
:10AEA000002358480090002208214FF41650E7F77D
:10AEB00037FA07BD70B5054614462A462C204F497F
:10AEC00042438B1803F108060120FFF7E7FF4949C9
:10AED0000D703046FFF76EFF30780A220021FEF732
:10AEE000CAFC4FF4FA702060012070BDE0B500F09C
:10AEF00054F800F10806477875682DB99FED3C0AB3
:10AF00003846CCF7D1FB25E095ED000A3846CCF762
:10AF1000CBFB95ED010A3846CCF7CDFB95ED020A47
:10AF20003846CCF7E4FB95F90C103846CCF7E6FB35
:10AF30002869CBF7F5FD0022334BCBF781FECBF729
:10AF40005DFB00EE100A00213846CCF7E3FB3046EB
:10AF5000FFF730FF0020E0BDE0B50C2A02BF552B03
:10AF60000499022901D000200EBD00F016F802213C
:10AF7000037A8DF8003042208DF801006846FEF714
:10AF800031FC8DF802000422000A8DF803006946A6
:10AF90000020E7F798FA01200EBD2C21174A4843FC
:10AFA0001044704738B504461348144B02781546D0
:10AFB0002C214D43521C1D4480F8002005F118003F
:10AFC00012A11422CCF778FF0020FFF767FFF820CA
:10AFD0002872002100916A4601212046CBF71CF916
:10AFE00000281EBF00980028287231BD00007A4456
:10AFF000000000001D290020E2890020346F00209D
:10B00000A07800202399030000408F40B5AE0300D4
:10B01000EDAE0300C9AD030059AF0300020000000C
:10B020001428A8BF132040B2E1F7EDB838B50C2AB8
:10B0300008BF552B2FD104990A002AD02C223A4B55
:10B0400050431C180598022904F1080514D190ED0D
:10B05000000ABCEEC00A10EE101A15291BD2297086
:10B060006078CBF7CAF92878FFF7DAFF6078012219
:10B070008021E6F7CFFD0CE001290CD1297800EE04
:10B08000101AB8EE400A8DED000A04226946CBF78B
:10B09000C0FF012032BD002032BD0020704710B536
:10B0A0002C23214C594321440831012805D1D207D2
:10B0B00003D50878BDE81040B2E710BDF8B51B4DC8
:10B0C000194A2E782C214E430446164406F11800E6
:10B0D00017A11422CCF7F0FE12273772002000903F
:10B0E0006A4601212046CBF797F808B100983072E4
:10B0F0000021009120466946CBF77BF910B10098FA
:10B10000307205E0307A009001462046CBF775F9A1
:10B11000307AFFF785FF287832220121CBF71CF81F
:10B120002878401C2870F1BD346F0020E28900208F
:10B13000000000009BB003009FB003002DB003008F
:10B140000300000078B50D4616462C21DFF82C27A9
:10B150004843104485B0037A8DF800300524817887
:10B1600001F03F028DF8042000F0E1F8029100F0B8
:10B17000E4F88DF80C30049129466846F2F75CFD3E
:10B1800028B96420E7F7CEF9641EF5D105E0300058
:10B1900018BFE7F7C7F9012000E0002006B070BD36
:10B1A0002DE9F84381464F462C204743DFF8CC86F3
:10B1B00008EB070000F108058AB029788DF8141013
:10B1C0000324817801F03F028DF8182000F0AFF8D9
:10B1D000079102AE00F0B1F88DF82030099105A872
:10B1E000F2F7A4FB687800F0FD006870092102A85E
:10B1F000D2F7B4FC0A2243F2F66100F096F80A2274
:10B2000043F6867100F091F802AB092243F28261A5
:10B2100000F019FA092805D102A8F1F771FEB178FA
:10B22000884202D0641EE5D108E0687840F0020050
:10B230006870322243F2466100F077F82C4660785D
:10B2400081076BD5002508F10100019501AAC05DB9
:10B250000221CAF7E1FF30B1019D01982D0C80B2A7
:10B2600005F00105019002AB032242F2223100F009
:10B27000EAF9002703281BD10198000A8DF8000085
:10B2800001989DF800108DF801009DF8080081429A
:10B2900002BF9DF801107078814209D000F0F4F8E7
:10B2A00000F0E7F842F2274105A8F2F78FFC0127EA
:10B2B00002AB032242F2133100F0C5F9032816D184
:10B2C00000208DF800008DF801509DF8080000283E
:10B2D00002BF9DF801007178884208D000F0D4F8D0
:10B2E00000F0C7F842F2164105A8F2F76FFC2FB143
:10B2F0004FF4487243F2156100F017F8607840F09F
:10B3000008006070000709D4002242F2B11100F079
:10B310000CF818B1607840F0040060706078400864
:10B3200000F001000BB0BDE8F08348460AE701F0E9
:10B330001F01012202FA01F17047C17801F03F03B9
:10B3400001F01F0102FA01F170472DE9F843804630
:10B35000144642462C20DFF824154243881800F199
:10B36000080686B071788A0758BF002070D500F1B2
:10B37000080542F2B11929788DF80410817801F09E
:10B380003F028DF80820FFF7D2FF0391FFF7D5FFAA
:10B3900005918DF81030697808094A0900F001001C
:10B3A00002F00102104348D0480705D54FF4FA7265
:10B3B00043F6867100F064F868780027C10614D55A
:10B3C000B5F9020000128DF80000688800F05AF804
:10B3D00000F04FF842F21D4101A8F2F7F7FB20B14F
:10B3E000687800F0EF00687001276878810613D54F
:10B3F000A888000A8DF80000A88800F043F800F043
:10B4000038F84FF4604101A8F2F7E0FB20B168780A
:10B4100000F0DF00687000E02FB14FF4487243F293
:10B42000156100F02DF86878010706D400F026F8C1
:10B4300018B1687840F0040068707078010708D58A
:10B4400041F27C502060002242F29D1100F018F879
:10B450000CE0400706D400F011F818B1707840F005
:10B46000040070704FF496702060012007B0BDE8B2
:10B47000F0838DF802006B46032270470022494694
:10B4800040465FE68DF801006846F1F739BD2DE9C9
:10B49000F0438FB00021CDE90011DFF8E0332C211B
:10B4A00048431D1805F108064FF0010830788DF863
:10B4B00014000027A87800F03F0100F01F008DF86D
:10B4C000181008FA00F0079000F0C0F88DF820205E
:10B4D00009917078010732D564240DF1080930789C
:10B4E0008DF8280002A8A97800F0B1F80C918DF829
:10B4F0002C2000F0ABF80E918DF834200321D2F708
:10B500002DFB02AB03224EF2B8410AA8F2F792FCDF
:10B5100003280ED102A8F1F7F3FC99F80210884233
:10B5200007D199F801009DF8081000EB01225005A1
:10B5300005D10A20E6F7F6FF641ED0D17FE0032490
:10B5400002AB09224EF6054100F07DF8092805D02E
:10B550000A20E6F7E7FF641EF2D170E002A8F1F7D7
:10B56000CFFC02ACA17888420DD160789DF808101C
:10B5700000EB01229DF80000ADF8022040F0010030
:10B580008DF8000001270DF10B00F1F7B9FC9DF8D3
:10B590000D10884217D12079E17800EB012292B298
:10B5A00044F25C4042434FF6FF739DF8000092FB6B
:10B5B000F3F341F29411591A40F00400ADF806106B
:10B5C0008DF800007F1C0DF10E00F1F799FC217A37
:10B5D000884215D19DF80F00A17900EB012292B2AB
:10B5E00042F2107042439DF800004FF6FF7392FB49
:10B5F000F3F340F00200ADF804308DF800007F1C3A
:10B60000EFB19DF800006C78C10706D5BDF80220A7
:10B6100040F20D412046CBF7FFFF9DF800004107A7
:10B6200004D5BDF906102046CBF7DEFF9DF80000DB
:10B63000810704D5BDF804102046CBF7DDFF0020BC
:10B640000FB0BDE8F08305A8F2F7F4BBE97801F08C
:10B650003F0201F01F0108FA01F17047DFED7D0A9A
:10B66000B4EE600AF1EE10FA0BDB9FED7B1AB4EE3C
:10B67000410AF1EE10FA04D5DFED780A80EE200AD7
:10B6800011E0DFED770AB4EE600AF1EE10FA15DB97
:10B690009FED741AB4EE410AF1EE10FA0ED5F2EEF7
:10B6A000040A20EE200A4278BDEEC00A10EE101AFD
:10B6B00042F02002818042700120704700207047D4
:10B6C0002DE9FC4105460C2A08BF552B1AD10898D4
:10B6D0002B462C21694A4B43D118099AFE2801F1C7
:10B6E00008040ED101AD0095002355210C20E6F78A
:10B6F0007FF9352804D19DED010A2046FFF7AEFF02
:10B700007AE002287AD192ED000AFDEEC00A10EE2E
:10B71000906AB6B24FF21867BE421FBF4FF219606F
:10B7200086424FF21A618E422DD10024F01BA046B2
:10B7300006D0401E09D0401E08BF43F2396408E01D
:10B7400043F232644FF4966803E043F246644FF0EC
:10B750003208424643F686712846FFF7F3FC42461C
:10B7600043F2F6612846FFF7EDFC424621462846A3
:10B77000FFF7E8FC040004D0BE4204BF2846FFF7F0
:10B780000FFD20463BE0DFED380AB4EE600AF1EE33
:10B7900010FA07DB9FED351A30EE010A2046FFF75D
:10B7A0005DFF2CE0DFED320AB4EE600AF1EE10FA34
:10B7B00024DB9FED301A30EE010ADFED2F1AB4EED4
:10B7C000610AF1EE10FA19D5B5EE400AF1EE10FA61
:10B7D00014DB10EE100ACAF717FE294A294BCAF7E4
:10B7E00037FE0022284BFDF7F5FCCBF75FFB6080AE
:10B7F000607840F010006070012000E00020BDE89B
:10B80000F6810000F8B5214C1C4A2378897805465A
:10B810002C204343D6180127F170B77106F11800A8
:10B820001BA11422CCF748FB62273772002000903E
:10B830006A4601212846CAF7EFFC00281EBF00987F
:10B84000002830722078FFF7ABFC2078401C207075
:10B85000F1BD000000BA5B49014786490000C842BB
:10B86000000061440180894401E87D4700E87DC70C
:10B87000010C784700007AC701004842346F00206D
:10B8800012143FC6DC6777400000E03FE2890020E9
:10B890004BB303008FB4030000000000C1B60300E7
:10B8A0008200000080B520B95FF00602B4A1E6F77F
:10B8B0000AFEA748A74B012101704FF0FF321A7012
:10B8C00001BD0000F8B5441C881E002100220023A1
:10B8D0000AE0332E04D1132602E0312EF9D11126CD
:10B8E00000226655491C5B1CDEB2C7B2BE42CDB217
:10B8F0000ED2A65D7D2E08BF0122F4D01700F0D035
:10B900005E2E08BF7E26EBD05D2EE6D17D26E7E7D2
:10B91000012D58DD05F1FF01C9B22046F1F7CCFA3F
:10B920006119C04311F8011CC0B288424BD1607844
:10B93000884991F90030112806D1002B43D4BDE885
:10B94000F840082290A198E038B9D8B2BDE8F84094
:10B9500041F268020121CAF7FFBB032833D1062D4B
:10B9600031DB681F241DC0B228282CD32C207A4A32
:10B9700013FB00F0104400F108050121D8B2CAF70A
:10B980002FFC2820CCF762FF6860E0B12821CCF7BB
:10B990007FFA0020E178A27801EB0223617814F8A5
:10B9A000042B03EB014303EB02630093C2B269680B
:10B9B000009B41F82230401CC1B20A29EADB6878BA
:10B9C000BDE8F2406EE7F1BDE0B5019000236348A9
:10B9D0000090002208214FF4E130E6F7A1FC07BDFA
:10B9E00070B5054614462B462C215B4A4B43D118B3
:10B9F00001F108060120FFF7E7FF00BF64A1284618
:10BA0000D1E9002311461A46E6F71FFC706818B109
:10BA1000CCF71DFF00207060002131705FF007023D
:10BA200053A10020E6F74FFD41F28830206041F23B
:10BA3000EC32484B18780121CAF79BFB012070BDFE
:10BA400010B5012801D0030016D1424B93F90040F4
:10BA5000002C11D4D2070FD5012805D1BDE8104024
:10BA60005FF0060244A108E02C203B4A41435018F5
:10BA7000407ABDE8104015E710BD0020E6F723BD71
:10BA80002DE9F84F2C21344A4843111801F10806DA
:10BA90007068002835D00A20CAF713FC5FEA000A54
:10BAA00029D074680FF2F00BDFF8B480DFF8B4909F
:10BAB00000270C210AF104007943451854F82700A7
:10BAC00000EE100A85ED000A042FB4BF4946414636
:10BAD0002846CAF7F1FB1BF8070068727F1C082F85
:10BAE000E7DD606A204900EE100A8AED1C0A0AF1BF
:10BAF0007000CAF7E1FB7068CCF7A9FE0020706007
:10BB00005046BDE8F28F00007CB504461748124B42
:10BB1000027815462C214D43521C1D4480F800200C
:10BB200005F118001FA11422CCF7C6F901266E7288
:10BB3000002000906A4601212046CAF76DFB18B12B
:10BB4000009800B1012068720020FFF73DFF73BD2F
:10BB50001C2900201D290020346F0020BD21020077
:10BB6000382500003025000040250000E289002033
:10BB7000FF7E001100EE7E007E000300FC7E0000D0
:10BB80007E000100FE7E00007E0000020103F97EBF
:10BB9000037E7E00C5B80300313234413031323487
:10BBA00041000000E1B9030081BA030041BA03007B
:10BBB000000000000000000038B50C460021009194
:10BBC0006A460121CAF728FB002500281CBF0098FF
:10BBD000002805D004B1207000980004000E01D1A7
:10BBE000002032BD0021A14A0B061B0DD45C04F0DD
:10BBF0001F04844204D0491CCBB20F2BF4D300E0C5
:10BC0000D518284632BD78B5044622462C209849DE
:10BC10004243114401F1080585B0686800283BD013
:10BC20006A78406868B302F0FE0228786A708DF87E
:10BC300000000123887800F03F0200F01F008DF81B
:10BC4000042003FA00F00290CA7802F03F0602F0E6
:10BC50001F0203FA02F28DF80C600492087800F0DB
:10BC60007F00172804BF6846F1F760FE6A685368D2
:10BC7000694620469847697801F0FE0108436870DC
:10BC800002E042F001026A706878C10743BF40F0E9
:10BC9000020068700120002006B070BD2DE9F0435D
:10BCA0009146804642462C2171484A43871807F145
:10BCB000080585B0686850B168780024810703D40E
:10BCC0004046FFF7A0FF01246878C10701D4002097
:10BCD0002CE068684688387920B114B94046FFF7EF
:10BCE00092FF6436C9F8006001206A689168E9B182
:10BCF00028788DF800000122B87800F03F0100F0AC
:10BD00001F008DF8041002FA00F002904046F97806
:10BD100001F03F038DF80C3001F01F0102FA01F130
:10BD200004914A466B689C686946A04705B0BDE827
:10BD3000F0832DE9F04103462C214D4A4B43D418A2
:10BD400004F108038AB0596800291CBFC96800299A
:10BD50003FD0484DADF80C50ADF80E50ADF8105036
:10BD600001261A788DF81420A17801F03F0201F025
:10BD70001F018DF8182006FA01F1079105A9E27854
:10BD800002F03F078DF8207002F01F0206FA02F25F
:10BD9000099203AA5B68DE68B047D0B103AE002702
:10BDA0000FF2E008B6F90000A8420ED0012F0CBF38
:10BDB000212329230221002001910290009638F8C6
:10BDC000171060780022CBF7BAFBB61C7F1C022F3D
:10BDD000E8DD00200AB0BDE8F081F8B502060C46A7
:10BDE0000CD5002100F07F00FFF7E6FE00283CD0D4
:10BDF0002188007841EA50112180F1BD1E4E1C4A75
:10BE000033782C214B43D7186179A278FA7001F06E
:10BE10007F0117290CBF01210021B9711749F96170
:10BE200007F10801FFF7C8FE0100F8601DD00A788D
:10BE3000787A920000F0030002F07C0210437872DE
:10BE4000886808B10E4ABA614D7845B12846CCF7EA
:10BE5000FDFC040009D02946CCF71AF87C61307843
:10BE6000FFF7D1FE3078401C3070F1BD042E000089
:10BE7000346F002019FCFFFFE289002033BD03006E
:10BE80009DBC0300020405040304000038B50D4600
:10BE900004460022F421F1F793FE2A78D00704D556
:10BEA0000222F2212046F1F78BFE2822F5212046BE
:10BEB000F1F786FE9122F4212046F1F781FEACE1F4
:10BEC000FEB50C462C21D64A4843104400F1080622
:10BED00045696A46D0212046F1F7DEFF00286ED082
:10BEE0009DF8000060280CBF01200020297801F097
:10BEF000FE01084328702B1D182288212046F1F7E7
:10BF000099FF18285BD12878C1072AD505F11C03B1
:10BF10000122A1212046F1F78DFF01284FD101AB6D
:10BF20000722E1212046F1F785FF072847D1BDF818
:10BF30000400A5F81D009DF80600E8779DF80800AC
:10BF40009DF8071000F00F0242EA01122A8400094E
:10BF50009DF8091040EA011068849DF80A0085F8F0
:10BF600024007078810728D440F0020070702946C0
:10BF7000287800F0070040F0500028700A2620467C
:10BF8000FFF784FF4FF47A70E6F7CCFA204600F012
:10BF900018F80746022F09D06420E6F7C3FA761C8A
:10BFA000012F0AD1F0B21D28F0DD06E0287800F05C
:10BFB0000700B61C40EAC60028700120FEBD002024
:10BFC000FEBD80B500218DF800106A46F321F1F71F
:10BFD00063FF30B19DF80000010701D5012002BDCB
:10BFE000022002BD2DE9FE43884614462C218C4ACE
:10BFF0004843111840464E69FFF7E3FF002501282A
:10C0000012D13078C1081D2905DC00F00700491C59
:10C0100040EAC10030703078C0F34101022902DCEF
:10C0200000F0F9003070DBE0022817D13078C0F35F
:10C030004101022904DC4108491C61F342003070CF
:10C040004FF008093078C10758BF4FF006096B461A
:10C050004A46F7214046F1F7EDFE484540F0BB80E7
:10C060009DF804109DF803009DF801309DF8002014
:10C07000090141EA00319DF8050041EA10111B0158
:10C080009DF8020043EA0233327843EA1013D007E6
:10C0900005D59DF806009DF8077047EA0027B0888F
:10C0A000C0EB2112C908A1EB4001B6F906004143DB
:10C0B0005243B6F9080012134243921302EBE122F5
:10C0C00002EB82018031091221805010A0F57A40E4
:10C0D0008510811001FB05FCB6F91210B6F914E0C9
:10C0E00041434FEAEC2549000EFB0515B6F9101047
:10C0F000090401EBA505B6F90E104FEA6C3C0CFBE8
:10C1000001FCB6F90C104843401000EBEC00801421
:10C11000718900F500404843C01324D0C3F5801353
:10C12000A3EB253340F635414B43B3F1004F39BF04
:10C130005B00B3FBF0F1B3FBF0F14900CB08B6F9BB
:10C140001A005B435B0B4343B6F918008D08684344
:10C15000401300EB2330B6F91630034401EB2311F2
:10C160006420B1FBF0F0A0803178C80732D5B6F971
:10C170002000B6F92210BF03A2F59632A7EB0057B4
:10C18000F07F02FB117796F9241051434243D212FB
:10C19000891202F500424A439212B6F91D0002F5D7
:10C1A0000012424307F5804702F50052FF13921335
:10C1B0007A43D1134943307FC9114143B2EB211275
:10C1C00011D50022121364204243511202EB915206
:10C1D0009212628001250022F4214046F1F7F0FC22
:10C1E0002846BDE8FE830F488242EBDB42F2107224
:10C1F000EFE738B50B462C21094C48432044642412
:10C2000041690D78ED0865431560007908B105F5C1
:10C21000FA7515601846FFF739FE00B1012032BDEE
:10C22000346F002001000019F8B50C4615461E4673
:10C23000002702E02220D2F717F83046461EC0B28F
:10C2400048B18D48016814EA010018BF0120C0B24E
:10C25000A842EFD101273846F2BD2DE9FC4B86B04C
:10C260002C21484304900122049984480144487ACF
:10C270000499800803908248445C059204F03F01D1
:10C2800002912829AFBF0026012004F01F0600FA02
:10C2900006F6A40004F0FC0404F1804404F5012433
:10C2A000254678482F68016C3143016406616FEAC6
:10C2B0000608039901294FF4617030D002292AD071
:10C2C00003292AD0102908BF4FF4FA70E6F714F9B1
:10C2D0006C48016C0246314311640660014647F028
:10C2E0000057086C08EA0008C2F84080D1F77FFCCC
:10C2F0000021631C29703A0AA11C1A703D0C0D70B4
:10C300003F0E04F8037FD1F7A3FC039810280CBF5D
:10C310001420322007E0C82002E0022000E01320B1
:10C32000E6F700F9D4E7E6F7E7F8D1F760FC8046D6
:10C330000298FA2300F0ABF818B900F0A5F8012430
:10C340008DE002985A23012200F0A2F818B900F0FB
:10C350009BF8022483E002985A2300F098F818B959
:10C3600000F092F803247AE00027B946029D0024E9
:10C37000A346462301223146E8B2FFF755FF38B302
:10C380001E20E6F7B9F83F48016B314204D005980A
:10C39000CBF1070188400443462300223146E8B22E
:10C3A000FFF742FFA0B10BF1010B5FFA8BF00828F9
:10C3B000DFDB5FFA89F009F101095FFA89F10DF815
:10C3C00000400429D2DD00F05FF81FB1042446E0EC
:10C3D0000127F8E79DF801009DF800209DF8024034
:10C3E0009DF803309DF804108218A2189A18D2B252
:10C3F000914218BF052432D1039F9DF800500A21B5
:10C4000022461E46012F18BF022F08D0120202F446
:10C41000FE429219E30912B200EB052006E006F095
:10C420007F0611FB0262DB0911FB05000BB15242D2
:10C4300012B202F5EA4330334EF66124A3420DD224
:10C4400083B242F21175AB4208DA069B12FB01F28D
:10C450001A8010FB01F05880002400E00624049AA2
:10C460000748805C0021CBF783FA601E8041C00F33
:10C4700008B0BDE8F08B0000C0200240346F0020FF
:10C48000366F0020902002404046D1F7E1BB0022E9
:10C490003146C0B2C8E600001CB50C466B4602220D
:10C4A000FE212046F1F7C6FC022819D16B46022274
:10C4B0000E212046F1F7BEFC022811D104210022F2
:10C4C0008DF800108DF801206B4602220E212046C7
:10C4D000F1F77CFB78208DF80000782207210CE032
:10C4E000002016BD1CB50C466A4604212046F1F713
:10C4F000D3FC01228DF800200F212046F1F760FBCC
:10C50000012016BDDFED1E0AB4EE600AF1EE10FA4E
:10C5100048BFB0EE600A08D4DFED1A0AB4EE600A34
:10C52000F1EE10FAA8BF9FED180ADFED180A30EE01
:10C53000200A9FED171A20EE011ADFED161AC1EE40
:10C54000211AFDEEE11A11EE900AC0B27047000008
:10C55000DFED110AB4EE600AF1EE10FAA8BF9FED0C
:10C560000F0ADFED0B0A20EE200A9FED0D1A80EE78
:10C57000011ABDEEC11A11EE100AC0B270470000D8
:10C58000000020C20100FA420000FA4200002242EC
:10C59000000080430000254301007A4400007A44F3
:10C5A0000000C84270B52DED028B82B00D461646D4
:10C5B00001AB042200212846F1F73CFC04280CBF03
:10C5C000012400242846F1F7D9F96A4604212846B7
:10C5D000F1F762FC0CB900204BE001AC9DF80410AF
:10C5E000607841EA002144F2740041430914A1F645
:10C5F000D2713180BFEE080AE078A17841EA0021CB
:10C6000042F210704143091471800A20B6F90010FB
:10C6100091FBF0F000EE900AB8EEE08A38EE000AE6
:10C62000FFF770FF8DF80400B7EE080A38EE000A35
:10C63000FFF768FF60700A21B6F9020090FBF1F184
:10C6400000EE101AB8EEC08AF9EE040A38EE200A9D
:10C65000FFF77EFFA070B1EE040A38EE000AFFF784
:10C6600077FFE07001AB04220A212846F1F7AEFA09
:10C67000012002B0BDEC028B70BD000038B586B061
:10C68000012818BF00283BD12C20394A41435018BB
:10C6900000F1080529788DF80410817801F03F0237
:10C6A0008DF8082001F01F01012202FA01F1039127
:10C6B000C17801F03F0301F01F0102FA01F1059179
:10C6C0008DF810306A46032101A8F1F7A7FB032873
:10C6D0000CBF0124002401A8F1F750F984B19DF8A2
:10C6E00000109DF8014044EA01249DF80210204604
:10C6F00000F042F820B92C81F52101A8F1F79CFA4D
:10C7000007B030BD38B504460D466A46E7212846D5
:10C71000F1F7C2FB012812D19DF8000000F07A0069
:10C720008DF800000246E6212846F1F749FA2C2050
:10C730000F4A1049444310190162012032BD002004
:10C7400032BD38B52C2204462546094B55430846D0
:10C750005A194FF619411182F321F1F76DFA28B1F8
:10C76000782201212046C9F7F7FC012032BD0000E4
:10C77000346F00207DC6030030B541EA0021434AF2
:10C780000020C0F1170321FA03F4E50748BF514028
:10C79000401C5208C3B2102BF3DBC8B230BD1CB52D
:10C7A0000C4601AB04224FF6C9412046F1F742FB8B
:10C7B000042812DB6A46E7212046F1F76DFB60B1E1
:10C7C0009DF8000000F07A008DF800000246E62196
:10C7D0002046F1F7F5F9012016BD002016BD80B501
:10C7E0000846F521F1F728FA00B1012002BD2DE934
:10C7F000FC412C23264E58438846144606446A467C
:10C8000003214046F1F70AFB03280CBF0125002550
:10C810004046F1F7B3F8002D35D09DF800009DF8A3
:10C8200001709DF8021047EA00273846FFF7A4FF81
:10C83000002540BB40F2E24047433F14A7F13C01D2
:10C840000A2211FB02F26280707880080A280CD15B
:10C850006B460222E0214046F1F7ECFA9DF8000019
:10C860009DF8011041EA002104E031894FF619409A
:10C87000814208D044F2A4404143064A02EB2142DF
:10C880002280012000E02846BDE8F6810080980063
:10C890003C6F0020B3EDFFFF3EB50D4694212846C6
:10C8A000F1F7CAF90220E5F73DFE89212846F1F7A4
:10C8B000C3F903246A4606212846F1F7AFFA062891
:10C8C00002D0641EF6D101E001203EBD00203EBD35
:10C8D000FEB50E461546032400276A46062130465B
:10C8E000F1F79CFA062802D0641EF6D100E0012779
:10C8F0003046F1F743F83FB39DF800009DF8017012
:10C9000047EA0027684600F02BF8002438B144F2CB
:10C910005C4047430D4901EB2741298001249DF8E4
:10C9200003009DF8046046EA00260DF1030000F0C4
:10C9300017F838B143F2D40046433614A6F51676FC
:10C940006E8001242046FEBD0020FEBD6CEEFFFF80
:10C9500080B50846FD21F1F76FF900B1012002BD55
:10C9600010B5FF220023D9B2415C4A40082154008F
:10C9700012064CBF84F031022246491EF7D15B1CDF
:10C98000D9B20229EFDB405CD2B2824201D1012050
:10C9900010BD002010BD1CB50C4643F2A20120467C
:10C9A000F1F74AF90520E5F7BDFD6B4603224FF28A
:10C9B0002D312046F1F73EFA032801D1012016BDA2
:10C9C000002016BD80B5084642F20B41F1F734F95C
:10C9D00000B1012002BDFEB50D4614466A4606218F
:10C9E0002846F1F71BFA06280CBF01260026284628
:10C9F000F0F7C4FF30002AD09DF800009DF80170C8
:10CA000047EA00276846FFF7ABFF002658B144F21B
:10CA10005C4047434FF6FF7197FBF1F141F29412EE
:10CA20008A1A228001269DF803009DF8045045EAE9
:10CA300000250DF10300FFF793FF40B142F21070A3
:10CA400045434FF6FF7195FBF1F1618001263046B9
:10CA5000FEBD00001CB500F063F848F25D01204601
:10CA6000F1F7EAF80120E5F75DFD6B4602224EF68C
:10CA7000C8712046F1F7DEF9022801D1012016BD68
:10CA8000002016BDFEB50F4615466A4606213846FB
:10CA9000F1F7C4F9002606280CBF0124002438460B
:10CAA000F0F76CFF4BF298013846F1F7C5F824B364
:10CAB0009DF800009DF8017047EA00276846FFF7DF
:10CAC0004FFF38B144F25C4047430D4901EB274129
:10CAD000298001269DF803009DF8044044EA0024C3
:10CAE0000DF10300FFF73CFF28B142F21070444300
:10CAF00024146C8001263046FEBD0020FEBD0000DF
:10CB00006CEEFFFF10B500F00BF840B10120E5F727
:10CB100009FD46F29C012046F1F78EF8012010BD78
:10CB20000C4643F217512046F1F786B87CB50D4606
:10CB300000F043F800F108067278900725D403242A
:10CB40006B46022201212846F1F774F9022813D11D
:10CB5000602080218DF800008DF8011070726B4606
:10CB60009DF80110B172022201212846F1F72EF83A
:10CB7000707840F0010070707078C10705D4012012
:10CB8000E5F7D0FC641EDBD101E0012076BD00207A
:10CB900076BD10B50C4600F010F810F8103FD9071C
:10CBA00009D4427842F080024270431C02220121E3
:10CBB0002046F1F70BF8012010BD2C211C4A4843F8
:10CBC000104470471CB5084614466B4602220021EB
:10CBD000F1F730F9022829D19DF80010FF2904BF90
:10CBE0009DF80110FF2921D09DF801009DF800104B
:10CBF000C20708D5C00840EA4110B0F5805F0ADBE3
:10CC000040F4604007E0000940EA0110B0F5006F11
:10CC1000A8BF40F47040C9F783FF0022054BC9F755
:10CC200017FCCAF743F92080012016BD002016BD6D
:10CC3000346F0020000019407CB50C4600210091A3
:10CC40006A460121C9F7E8FA002500281CBF0098B0
:10CC5000002805D004B1207000980004000E01D116
:10CC6000002076BD0021DFF8D0231424CBB263432B
:10CC7000D65C06F00F06864204D0491CCBB2012BCD
:10CC8000F4D900E0D518284676BD30B504462246D2
:10CC90002C20DFF8A8134243114401F1080585B0A8
:10CCA0006868B0B36A78806840B302F0FE02287802
:10CCB0006A708DF80000887800F03F028DF804203B
:10CCC00000F01F00012202FA00F002906846C978C5
:10CCD00001F03F0301F01F0102FA01F18DF80C3061
:10CCE0000491F0F723FE6A689368694620469847E6
:10CCF000697801F0FE010843687002E042F0010229
:10CD00006A706878C10743BF40F002006870012074
:10CD1000002005B030BD2DE9F04F8046C2462C20E2
:10CD200010FB0AFADFF814B30BEB0A0707F108054A
:10CD300085B06868914650B168780024810703D4B3
:10CD40004046FFF7A2FF01246878C10701D4002004
:10CD50002FE0686886880BF1040111F80A0020B101
:10CD600014B94046FFF791FF6436C9F8006001200E
:10CD70006A68D168E9B128788DF800000122B87896
:10CD800000F03F0100F01F008DF8041002FA00F0DF
:10CD900002904046F97801F03F038DF80C3001F025
:10CDA0001F0102FA01F104914A466B68DC6869468A
:10CDB000A04705B0BDE8F08FF8B503462C219F4A87
:10CDC0004B43D41804F1080386B0596800291CBFEE
:10CDD0000969002922D09A4DADF80250ADF80050F3
:10CDE0001E788DF804600126A17801F03F0201F061
:10CDF0001F018DF8082006FA01F1039101A9E278DC
:10CE000002F03F078DF8107002F01F0206FA02F2DE
:10CE100005926A465B681E69B04708B900201EE0AB
:10CE2000BDF90200A84205D082B2607840F20D41FF
:10CE3000CAF7F2FBBDF900100020A9420FD0012073
:10CE4000C9F73FFA58B1BDF9001000EE101AB8EE5C
:10CE5000C00A0122312180ED010A0272417207B03D
:10CE6000F0BD0000DFED6D0AB4EE600AF1EE10FADD
:10CE700013D59FED6B1AB4EE410AF1EE10FA0CDBFC
:10CE80002C21704A48431044BDEEC00A027A10EECD
:10CE9000101A42F0050281721DE000207047000068
:10CEA000DFED600AB4EE600AF1EE10FA11D5B5EECE
:10CEB000400AF1EE10FA0CDB2C21624A4843104480
:10CEC000BDEEC00A027A10EE101A42F00902C172D9
:10CED00001E000207047027201207047FEB519463C
:10CEE0002C2405462F46089B564E67431046F419DE
:10CEF000099AFE2B14D101AE00960023E4F778FDC9
:10CF00001D2807D03E2840D19DED010A2846FFF795
:10CF1000A9FF3AE09DED010A2846FFF7C1FF34E082
:10CF2000022B04BF0C28552931D192ED000ADFED08
:10CF30003E0AB4EE600AF1EE10FA07DB9FED3B1AF1
:10CF400030EE010A2846FFF78DFFFEBDDFED380AFF
:10CF5000B4EE600AF1EE10FA07DB9FED361A30EE00
:10CF6000010A2846FFF79CFFFEBDB5EE400AF1EE30
:10CF700010FA0CDBBDEEC00A10EE100A0004000E21
:10CF80006072207A40F0030020720120FEBD002074
:10CF9000FEBD0000F8B505462A060C460BD500215B
:10CFA00005F07F00FFF748FE002836D02188407842
:10CFB00001432180F1BD244E204932782C20424388
:10CFC0008F18A178F9700120B871142207F11800A8
:10CFD0001FA1CAF771FF07F108012846FFF72CFED1
:10CFE0000100F86019D008787A7A60F385027A72C5
:10CFF000C86808B1154ABA618D7845B12846CBF7A3
:10D0000025FC040009D02946CAF742FF7C6130782C
:10D01000FFF73BFE3078401C3070F1BD0100F0425C
:10D020000000A0C20100C84201E87D4700E87DC7BA
:10D0300001007A4700007AC740310000346F0020B9
:10D0400019FCFFFF3C6F0020E289002017CD030090
:10D0500000000000B9CD030000000000DDCE030099
:10D06000820000001CB500238DF800306A460021C4
:10D07000F0F712FF4FF6FF7408B19DF8004020460C
:10D0800016BD00003EB500200D468DF800000324BB
:10D090006A4620212846F0F7FFFE18B19DF80000EF
:10D0A000812806D00021641E8DF80010F0D10020E8
:10D0B0003EBD00BF69A10A6801A801AB0260FF2163
:10D0C00004222846F0F782FD0428F0D10320E5F77A
:10D0D00029FA2846FFF7C6FF00F011001028E6D114
:10D0E00001208DF801000DF101030022F4212846F2
:10D0F000F0F76CFD2846FFF7B5FF00F081008028AF
:10D10000D5D101203EBDFEB505460C4616466A4601
:10D1100001212046F0F7C0FE012878D19DF80020BB
:10D120009DF8001002F08F0242F010028A4205D0F2
:10D1300001212046F0F744FD002868D030683549C9
:10D1400000F2DC5030602C2045430D44287AC107A2
:10D150005BD5800701AE0CD5697A8DF804100020EC
:10D16000707001AB022211212046F0F72FFD02283A
:10D170004BD12B7A4FF4FA700A2102461F0744BFA5
:10D1800095F90B2012FB01F292B20A2392FBF3F302
:10D1900001FB132292B2082AA8BF5B1C5B008DF82A
:10D1A0000430D21E0023052A737005D29DF8042096
:10D1B00042F001028DF804202A7A530703D56856FD
:10D1C00010FB01F0FA3080B20A2290FBF2F201FB70
:10D1D000120080B20828A8BF521CC01E52000021B5
:10D1E0000528B2708DF8071003D2B07840F0010026
:10D1F000B07001AB042205212046F0F7E7FC0428BB
:10D2000003D1287A00F0FE0028720120FEBD002024
:10D21000FEBD00003C6F00207CB50D46144628463C
:10D22000FFF720FF0026000716D56B4604220221D7
:10D230002846F0F7FFFD04280ED19DF801109DF857
:10D24000002001EB022363809DF803109DF802008B
:10D2500001EB002222800126304676BD11E5728A5C
:10D260001FB50C462C21604A48431118487A8207A2
:10D270001ED45E48006850B100EE100AB8EE400AB5
:10D28000DFED560A5A4A80EE200A82ED000A48690C
:10D2900000F064F9062200218DF801208DF80010BD
:10D2A0006B4602222046F0F791FC0120E5F73AF99F
:10D2B0006B46092243F282612046F0F7BBFD092844
:10D2C00005D106212046F0F7B7FC012000E0002040
:10D2D00004B010BD2DE9FC410546884616466A4655
:10D2E00003214046F0F79AFD002703280CBF0124D4
:10D2F00000244046F0F742FBBCB16846EFF700FE61
:10D300009DF80210884210D19DF800009DF8011090
:10D31000354B41EA00212C204543581901AA4069A8
:10D3200000F05AF90198308001273846BDE8F681AF
:10D330003EB50C461168FA3111602C212D4A484344
:10D3400015189FED270A287A01070BD595F90B00D0
:10D35000C0EB004000EE100AB8EEC00ADFED210A73
:10D3600080EE200A10EE100AC9F74EF80022224B78
:10D37000FBF730FFC9F79AFD0104090E8DF8010093
:10D380008DF800106846EFF7BBFD8DF8020046F2FD
:10D390006660297A4A0707D595F90A002D30C0EB57
:10D3A0000040AF2190FBF1F00104090E8DF804005C
:10D3B0008DF803100DF10300EFF7A2FD8DF80500C5
:10D3C0006B46062242F20F612046F0F7FFFB06286B
:10D3D00001D101203EBD00203EBD000000007A4486
:10D3E00000FFFF460000C842346F00201088002074
:10D3F000A02C00203C6F00200000E03F70B50246EA
:10D40000150048BF6D42080048BF40422B0C040C79
:10D41000ADB280B205FB04F600FB03664543300C59
:10D4200004FB030305EB0644AC4238BF5B1CD80B7E
:10D4300002D04FF0004070BD04F50040A04238BF5C
:10D440005B1C000CD20F40EA0340B2EBD17F18BF47
:10D45000404270BD30B5044641B3230048BF5B4233
:10D460000D0048BF6D4200204FF4803201E06D0096
:10D4700052009D42FBD3CAB1002D06D5AB4224BF5A
:10D4800010465B1B6D08520806D02BB1AB4224BF7F
:10D4900010435B1B5B00F6E7AB4228BF401CE20F6A
:10D4A000B2EBD17F06D0B0F1004F02D14FF0004077
:10D4B00030BD404230BD30B5024600204FF08041C3
:10D4C00000E089088A42FCD3002300E08908151A8D
:10D4D00039B144080818824226BF6A1A0819204642
:10D4E000F4E7DCB25CB90004B2F5803F23BF2A0444
:10D4F000A2F5004200F5004012044FF480415B1C8D
:10D50000DCB2022CE3DB904238BF401C30BDF8B5E2
:10D510000446DFF8A407844202DB6FF00040F2BD4E
:10D52000DFF8F407844201DA0020F2BD002C46BF88
:10D5300064420FF618050FF604054FF480300646D6
:10D54000002704E055F82710FFF758FFA41BB4424A
:10D55000F8DAF6107F1C042FF9DBF2BD4FF4C80196
:10D5600001604FF4402242604FF434034FF44811FD
:10D5700000228360C16002614261826110B504468D
:10D5800000230022002100F063FA00230022002182
:10D59000204600F013FBA3686268E168204600F0B3
:10D5A00057FA00224FF48031204600F025FB204638
:10D5B00000F0FFFA0246E16A204600F01DFB002061
:10D5C00060662046216800F01AFB204600F01AFB36
:10D5D0002046BDE8104015E32DE9F84F2DED0E8BE8
:10D5E0000546DFF8000790ED00AADFF8D00682B00C
:10D5F0002C69844290469FED778B9FED789B9FED41
:10D6000079BB19DA00F018FA53EC1B2BC8F720FF8E
:10D6100041EC100BB5EE40AAF1EE10FA53EC102BD2
:10D62000ACBF51EC190B51EC180BFBF7D3FDC9F74C
:10D630003DFC04192C61E2E1481E4FF6E75290428E
:10D640000DD244F62160814203DB4CF61F6081421B
:10D6500000DD0146DFF86806411809046961E96DDB
:10D6600068692A6E01F55C014942801AFFF7F2FEF3
:10D670004FF46601FFF7C2FE0446AC61A4F5550104
:10D68000DFF84006FFF7BAFE074617F5481FB8BF98
:10D690004FF0FA7631DBDFF88C068742A8BF002610
:10D6A0002BDA002C16D4696E4FF4A020FFF7A6FEEB
:10D6B0004FF48021C0F1FA70FFF7CCFE06463846E1
:10D6C000FFF725FF00F5803106F1FA70FFF7C2FE83
:10D6D000861B12E03846FFF71AFF00F580314FF045
:10D6E000FA70FFF7B7FE0446686E4FF4C801FFF703
:10D6F000B1FE2146FFF782FE064605F17007387835
:10D7000020B901207E60BE60FE603870AE61A86EF8
:10D710007968C0F58030FFF771FE0446A86E314687
:10D72000FFF76CFE04197C60E86EB968C0F58030C4
:10D73000FFF764FE0446E86E3146FFF75FFE04190A
:10D740007868011B48BF4942BC60DFF87C05FFF7E1
:10D7500055FEFFF7DCFE01464FF0F070FFF74EFE7E
:10D7600000F5A01400F068F953EC1B2BC8F770FE0D
:10D7700041EC1C0B00F055F9ACBF51EC190B51EC0E
:10D78000180BFBF727FDC9F791FB2118FFF762FE85
:10D790008146F968C9F58030FFF730FE044631460E
:10D7A0004846FFF72BFE0419FC60B4F5004FB8BFE4
:10D7B0004FF40044AC616C69002C40F32081A969EE
:10D7C000009195F8200088B9012185F82010AC62FD
:10D7D00000230DE1000000000000E0BF0000000099
:10D7E0000000E03F000000000000F040686ADFF841
:10D7F000DC14DFF8DC240918914204D3A96A40182C
:10D80000A86200206862A86A241A00F015F902468E
:10D810000B460020DFF8BC14FBF79AFD41EC1D0B12
:10D8200053EC1D2B00F0B3F941EC1E0B51EC1D0B1A
:10D8300000F0BBF953EC1E2B94BF51EC190B51ECCB
:10D84000180BFBF7C7FCC9F731FB6F6C0646B742F4
:10D850000CDA00F0E6F8ACBF51EC190B51EC180BE8
:10D86000FBF7B8FCC9F722FBC7196F64AF6CB7426E
:10D870000CDA00F0D6F8ACBF51EC190B51EC180BD8
:10D88000FBF7A8FCC9F712FBC719AF6440F28F265B
:10D890003346DFF8442400F0D6F800F0BFF82A6BD6
:10D8A0000746686B3946801AFFF7A8FD8246286B49
:10D8B000A96C824400F0B3F800F0BAF841F20A799A
:10D8C00000F0BEF8009900F0AAF883465146FFF731
:10D8D00095FDE8633346DFF8042400F0B4F800F067
:10D8E0009DF8C11BA86B2A6B801AFFF787FD0646BF
:10D8F000286BA96C361800F092F800F099F800F047
:10D900009FF8009900F08BF83146FFF777FD286407
:10D91000CBF5803BDFF8C8135846FFF76FFDDFF803
:10D92000C42306461068C8F76FFD0022EE4BC9F706
:10D9300087F900F028F941EC1B0B00F034F953ECA7
:10D940001B2B94BF51EC190B51EC180BFBF742FC4D
:10D95000C9F7ACFAE5498919FFF750FDE96C4118A0
:10D9600048BF0021E869E9648842BCBF0020A86480
:10D97000686A4FF48001201AFFF76CFD0400E86A22
:10D980004CBF001B2018E5494FF480368842A8BFE1
:10D990004FF4802631464FF48000FFF72FFD0146FB
:10D9A000E86AFFF757FD0146E86AFFF727FD0746DB
:10D9B000286C2146FFF722FD3146FFF74BFD21463B
:10D9C000FFF71CFDC019FFF776FD296C0746C1F56E
:10D9D00080013046FFF712FDFFF76DFD3946FFF776
:10D9E0000DFDE8622146E86BFFF708FD6B6AC3187E
:10D9F000AA6AE96A6B62D218284600F0FDF8A869A5
:10DA000010F5004051BF0014404200144042C8F8D5
:10DA1000000002B0BDEC0E8BBDE8F18F696C2846AA
:10DA2000D0E0B5EE40AAF1EE10FA53EC1C2B704793
:10DA300001464FF42A00E1E41AEE100AC8F7E4BCEC
:10DA400000F1AA724B464FF480312846B6E0000040
:10DA500070B504462DED108B0020A24EE36184F8D2
:10DA600020006062A062E162154696ED008A18EE21
:10DA7000100AC8F7C9FC41EC190B00229C4BC9F7EE
:10DA8000DFF841EC1A0B9FED9EBB00F07EF800F032
:10DA900088F89FED9DCB9FED9EDB53EC1E2B94BF32
:10DAA00051EC1D0B51EC1C0BFBF794FBC9F7FEF975
:10DAB000064653EC1A2B00208E49C8F7C9FC41ECEE
:10DAC0001E0B9FED8DFB53EC1A2B51EC1F0BC8F76F
:10DAD000BFFC00F06AF853EC1E2B94BF51EC1D0BF9
:10DAE00051EC1C0BFBF776FBC9F7E0F97119FFF756
:10DAF000B1FC206318EE100AC8F786FC53EC1F2B0C
:10DB0000C8F7A6FC41EC180B53EC192B00F0D0F829
:10DB100000F041F800F037F800F043F853EC1E2B0A
:10DB200094BF51EC1D0B51EC1C0BFBF753FBC9F7D9
:10DB3000BDF9606353EC192B00207949FBF74AFBD0
:10DB400000F029F841EC180B53EC182B00F01FF8EB
:10DB500041EC190B51EC180B00F027F853EC192B82
:10DB600094BF51EC1D0B51EC1C0BFBF733FBC9F7B9
:10DB70009DF9A0630020E06320646064A064E06419
:10DB8000BDEC108B70BD41EC1A0B53EC1A2B51EC11
:10DB90001B0BC8F75DBC02460B4651EC180BC9F7CE
:10DBA0004FB841EC1E0B51EC1A0B0022002300F081
:10DBB000D5B80146486A896A081870470165436507
:10DBC0008265704710B50446A06D091A606DFFF7B5
:10DBD00015FC10F5481F01DA206D10BD514988422F
:10DBE00001DB002010BDFFF792FC00F58031206DB5
:10DBF000BDE81040FFF72EBCC16502667047416664
:10DC00007047000038B5374D2DED0C8B0446286861
:10DC1000C8F7FAFB41EC1A0B53EC1A2B00F048F84A
:10DC200000F086F841EC1B0B9FED358B53EC1B2B62
:10DC300051EC180BC8F70CFC41EC1D0B51EC1B0B05
:10DC4000FFF7B3FF9FED309B9FED31CB53EC1D2BC6
:10DC500094BF51EC1C0B51EC190BFBF7BBFAC9F745
:10DC600025F9A06653EC1A2B00202F49FBF7B2FAD6
:10DC700000F05EF841EC1A0B53EC1A2B51EC180B28
:10DC8000C8F7E6FB41EC180BFFF78DFF53EC182BA0
:10DC900094BF51EC1C0B51EC190BFBF79BFAC9F725
:10DCA00005F9E066002084F87000BDEC0C8B31BDF6
:10DCB00000201E49FBF78EBAAF650A0001002D0057
:10DCC000E0B1FFFF56FEFFFFCDCCFFFFFFFF63007B
:10DCD000FFFFC700C0FFDF4000008C0A0000641493
:10DCE000CD4C0100A02C002000004E4033B3FFFFBC
:10DCF0000020AC40000050410000000000005040F7
:10DD0000000000000000F040000000000000E0BF44
:10DD1000000000000000E03F6E37F4FF0100A005A6
:10DD20000088A3400100320000407F4000003440E2
:10DD300002460B4651EC1A0BC8F782BFE1B702004E
:10DD40001622010008040100800001002D5E000081
:10DD5000EBE1000008FC000080FF000041EA030C3A
:10DD600050EA4C0C52EA0C0C4FF4001C09D307D0BB
:10DD70001CEB410F9CBF1CEB430F994208BF904224
:10DD800070471CEB410FFBD88B4208BF82427047A3
:10DD9000042101E0000001210170002070470821EA
:10DDA000FAE7000000930D4613460446DFF81C20F6
:10DDB000DFF81C1000F04EB83EB5FFF7F3FF00F09F
:10DDC00029F800F02AF800F01FB8000041E0030035
:10DDD000BFE2030000930D4613460446DFF82020FF
:10DDE000DFF8201000F036B83EB5FFF7F3FF00F083
:10DDF00004F800F012F800F007B801A8FFF7C8BF58
:10DE000041E00300A1E1030000950146204600F037
:10DE100035F837BD01A8FFF7C2BF9DF80420DFF831
:10DE200004307047373C0400002070470021016037
:10DE3000002207498160C1600161416100F1230155
:10DE40000A70CA708261FF204870487170470000F4
:10DE500029DE03002DE9F041069F04460D461646D3
:10DE60009846FFF7E3FFA560E660C4F8108067619D
:10DE70002046BDE8F041F3F71CBE000010B5044693
:10DE800000202065E36204F1380061630270002124
:10DE9000417004F165000170817781760121C177BD
:10DEA00084F8851002982063206B0168204688471B
:10DEB000206B4168204688472046BDE81040F3F7B4
:10DEC0002EBA70B550F8381B02780478D2008280E0
:10DED0000A7CD20042804278D300C38016194D7C60
:10DEE000B542B8BFAC1A038103EBC40343818A8AED
:10DEF0008281C98AC18170BDE3E7403000218288F8
:10DF00000181428101884288FFE78181C281704797
:10DF10001CB59DF810400094F3F742FA13BD0000C1
:10DF200010B513460A4604691721A04710BD02B573
:10DF30006A460121FFF7F4FF02BD10B50469002312
:10DF400000221821A04710BD10B50469002300224B
:10DF50001921A04710BD000010B50A46C46800236F
:10DF60001521A04710BD10B50A46C468002316212C
:10DF7000A04710BD10B513460A46C4681721A04734
:10DF800010BD10B5C468002300221821A04710BDA1
:10DF900010B5C468002300221921A04710BD7CB52C
:10DFA00004460D4608E015F8010B8DF8000000232B
:10DFB0000246E6682046B04715F8011BA1F115009E
:10DFC0000128F0D9801E05D0401E012809D9E63865
:10DFD0000AD073BD15F8011B8DF8001000F00DF884
:10DFE000EAE700230022E4E715F8010B8DF80000B2
:10DFF0000246292100F007F8DEE76A4601212046A3
:10E00000B8E701222C212046F3F734BE70B5044650
:10E010000D461646FFF791FF402100F00DF82A4605
:10E020002569334617212046A8472046BDE87040A1
:10E03000FFF78ABF000029462046FFF778BF00009F
:10E04000F8B5264C054614392078052916461F4692
:10E050003DD8DFE801F02A0313163A3610B12846FE
:10E06000FFF772FF2846FFF768FF002100F032F843
:10E0700000F02FF8012020700120F2BD00F029F8F7
:10E08000FAE748B12846FFF75FFF05E01821284668
:10E09000FFF7BCFF183E1837F0B218283A46F5DCF7
:10E0A000F1B22846FFF7B2FF0FE005F11004207D22
:10E0B000FF2804BF78212175246814212846A04731
:10E0C000F2BD10B12846FFF73FFF0020D3E7002044
:10E0D000F2BD31462846FFF72ABF0000E98900203B
:10E0E000F8B50A390529044615461E4653D8DFE817
:10E0F00001F0030852112330F3F7A5FC3049204604
:10E1000005E0002D0CBF0FF2BC010FF2C001FFF7BC
:10E1100046FF08E04DB900BF2EA1FFF740FF206881
:10E12000807C84F822000120F2BD00BF2BA1FFF704
:10E1300036FF2068C07CF4E7FFF723FF812100F061
:10E140002CF829462046FFF70EFF2046FFF720FF58
:10E15000E9E7FFF716FF707994F8227007EBC00724
:10E16000FFB2390941F0100100F017F807F00F0174
:10E1700000F013F8B17941F0B00100F00EF83179F8
:10E180003268C906090E2046FFF7F4FE6D1EE8B29C
:10E190000028F4D1D9E70020F2BD2046FFF7DCBE0D
:10E1A00080B5092902D100BF0EA101E004E0000002
:10E1B000F3F744FC012002BDBDE8005090E70000E9
:10E1C000AC4B00001815AF19FF0000001815AE1970
:10E1D000FF0000001815A115C819FF001815A0159B
:10E1E000C019FF000001140A6464323200127A0080
:10E1F000000428961004000080002000F8B50B29C8
:10E20000044615461E4606D00D290DD00E291DD0F8
:10E210000F2929D051E0002D0CBF0FF2E4010FF2BD
:10E22000E801FFF7BCFE08E04DB900BF38A1FFF7D9
:10E23000B6FE2068807C84F822000120F2BD00BF79
:10E2400035A1FFF7ACFE2068C07CF4E7FFF799FE2C
:10E2500081212046FFF780FE29462046FFF783FEF6
:10E260002046FFF795FEE8E7FFF78BFE707994F8FC
:10E270002270402107EBC0072046FFF76DFEFFB27A
:10E28000390941F010012046FFF766FE07F00F0143
:10E290002046FFF768FEB17941F0B0012046FFF754
:10E2A00062FE31793268C906090E2046FFF762FE28
:10E2B0006D1EE8B20028F4D1D2E70020F2BD38B5D7
:10E2C00000F015F838B9092D07D00A2D04D100F057
:10E2D0000BF800F00FF8012032BD00F001F8FAE76A
:10E2E0000FA12046F3F7AABB2046F3F7ACBB0446C8
:10E2F0000D4683E701492046FFF751BEE44B00007D
:10E300001815AF19FF0000001815AE19FF00000026
:10E310001815A115C819FF001815A015C019FF0080
:10E320000001140A6464323200127A000004289654
:10E33000100800008000400010B50120C7F7C1FFA1
:10E34000040001D1002010BDC8F7E5FA00EE100A64
:10E35000B8EE400A84ED010A204610BD30B50649EA
:10E36000064C0A7815462C2045436019044BC361BE
:10E37000521C0A7030BD0000E2890020346F00207A
:10E3800039E303008A80CA7942F00402CA71120795
:10E3900008D58A884B889A4204D04A8000210122FD
:10E3A000E3F738BC7047F8B5DFF8D41315460A78A0
:10E3B00095423DD22C462C20DFF8C83344431E1929
:10E3C00006F10807317801F07F012D2930D1F87965
:10E3D000C30611D54FF4C87204212846C7F7BCFE06
:10E3E000F87900F0EF00F871B078BDE8F4408109E9
:10E3F00001F00101C9F78CBB042229460120C7F7AF
:10E40000FBFE040014D004212846C7F7E0FEC4F543
:10E41000C874A0B2C8F784FB4FF06632DFF86833E7
:10E42000C8F716F8C8F742FD82B27078394652E054
:10E43000F1BD0000F8B50E46DFF8501391F9002049
:10E4400004462C23DFF83C0312FB03F3C518AF7B13
:10E45000781E032833D8DFE800F0151502150020D8
:10E46000012104220A26D3B2521EE35C303B01FB99
:10E4700003007143D7B2002FF5D181B241F2883247
:10E48000914226E0711EC9B22046EEF715FD042F19
:10E4900008BF401CA119C0B211F8011C88420DD15F
:10E4A000012F0CBF05200120611C0A5C205C02EBDF
:10E4B000002082B2687805F108010CE0F1BD6078B7
:10E4C000217800EB012080B20028F7D042F21071D1
:10E4D0008842EEDBF1BDBDE8F84053E73EB54FF4AE
:10E4E0001654012808BF4FF4964401910023A84D0B
:10E4F0000095002208212046E3F712FF37BD0000F7
:10E500007CB5044622462C209E4942438D1805F1D5
:10E5100008062B7803F07F032C2B2DD1B079012135
:10E52000FFF7DCFFB079012809D100BF9EA000F001
:10E530003DF80622A0A10020E3F7C5FF15E0022860
:10E5400004D007D3042801D002D303E094A002E052
:10E5500097A000E090A000F029F855208DF8000069
:10E56000012269460020E3F7AEFF4FF4C872012193
:10E570002046C7F7FEFD16E0E8780121C9F7F8F953
:10E580000520E3F7CFFFF07940F01000F071A87894
:10E59000810901F0010181F00101C9F7B9FAE878B8
:10E5A0000021C9F7E5F94FF4C87076BDD0E9002322
:10E5B00011461A462046E3F748BE38B5144600F027
:10E5C00030F8D51805F10801CA7902F0F002CA71D5
:10E5D000FFF796FF0146287910B101EB810189B25E
:10E5E0002160080018BF0120C0B232BD10B500F094
:10E5F00018F8D41801210834C7F7F2FDE079410773
:10E6000001D4002010BD0120C7F75BFE40B1A288F5
:10E61000A188618000EE102AB8EE400A80ED010A60
:10E6200010BD03462C21574A4B4370472DE9F0415A
:10E6300088461546012818BF00283DD146462C20A3
:10E640004643504CA119E80701F1080714D5A15D14
:10E6500001F07F012C290FD1F879010705D5420778
:10E660000AD400F00301032906DA411C61F301001A
:10E67000F8714046FFF744FFA8071DD5A05D00F0E4
:10E680007F012C291CBF00F07F002D2814D1387881
:10E6900090B1F87900F0F80040F00800F8714046B9
:10E6A000FFF72EFF3A784FF47A7042434046BDE8B8
:10E6B000F0410221C7F75DBDBDE8F0812DE9F84FBB
:10E6C000814648794F780C7891F8028091F803B030
:10E6D00000F07F0A022F14BF032F44F04004284D9E
:10E6E000284928782C2616FB00F00E1806F1180091
:10E6F00033A11422C9F7E0FB00203072B073009000
:10E700006A4601214846C7F787FD08B10098307274
:10E710006A4602214846C7F77FFD18B1009800F00D
:10E720000F00B073BAF12D0F17D186F80380394668
:10E730002046C9F751F959464046C9F729F904F06E
:10E740003F002828AFBF0021012104F01F04A14091
:10E750002A78104BE2F79EFB03E0B07B0021FFF725
:10E76000BDFE327A32B14FF47A70424328780221EA
:10E77000C7F7FFFC2878401C2870BDE8F18F000027
:10E78000E2890020346F002066B664401D29002015
:10E79000BD210200A7E303000000000235E40300EE
:10E7A00001FF000435E403000155000835E40300CF
:10E7B00003520D0635E4030055AA110002120000B1
:10E7C000BBE50300EDE503002DE6030000000000BB
:10E7D0000000000030B503461046002222E01C5D18
:10E7E00044400020E50748BF5E20A50748BF80F0F1
:10E7F000BC00650748BF80F06100250748BF80F076
:10E80000C200E50648BF80F09D00A50648BF80F025
:10E810002300650648BF80F04600240648BF80F00C
:10E820008C00521CD4B28C42D9D330BD38B50546C9
:10E8300086B0687A40F0400068720122287A8DF82C
:10E840000400052400F0CDF88DF8081002FA00F05D
:10E850000390E97800F045F88DF8103005914D21CE
:10E8600001A8EFF7E9F948B9E8780021C9F73CF9C0
:10E87000C820E3F757FE641EF1D10CE000208DF8AC
:10E8800000004FF496736A46012101A8EFF7B5FA2C
:10E8900001A8EFF773F8687A00F0BF00687207B05C
:10E8A00030BD18B585B0017A8DF800100524817847
:10E8B00001F03F028DF8042001F01F01012202FA4D
:10E8C00001F10291C17800F00CF88DF80C30049140
:10E8D0005A216846EFF7B0F908B9641EF8D106B0BE
:10E8E00010BD01F03F0301F01F0102FA01F1704772
:10E8F00070B506460D4688B02846FFF797FF3046AC
:10E90000EFF714F8687A00F0FB00687200218DF8C8
:10E91000001030464D21EFF78FF9002858D04FF402
:10E9200096736A4601213046EFF767FA01280CBF5B
:10E93000012400243046EFF721F8002C48D00020B5
:10E94000029002A96878C7F754FD3C2400281CBF38
:10E95000029800280ED10020019001AA68780121B8
:10E96000C7F75AFC00281FBF0198C0F30F10019091
:10E97000002800D00446287A8DF80C00012200F00F
:10E9800030F88DF8101002FA00F0059001AEE97829
:10E99000747001F03F008DF8180001F01F01200491
:10E9A00002FA01F1000E07918DF804000022022105
:10E9B00001A8FFF70FFFB07001AB0322532103A89A
:10E9C000EFF704F9032803D1687A40F01400687265
:10E9D0002846FFF766FF687A800800F0010008B05B
:10E9E00070BDA87800F03F0100F01F0070472DE9CE
:10E9F000F047DFF8F893DFF8F8531BE017F0030F48
:10EA00000CBF0A270E27DC1913F807C094F8018001
:10EA100003EB070A0CEB08241F449AF802C0FF78A6
:10EA200004EB0C4404EB07647460777847F020072C
:10EA30007770521C2F78D6B2BE4216D22C2414FB0B
:10EA400006F619F8064004F07F04272C02BF4E4456
:10EA5000B778874204BF16F8084F8C42E9D177781F
:10EA6000002BCBD107F0DF07E2E7BDE8F0872DE907
:10EA7000F0462C21DFF874234843171807F10806E5
:10EA80008BB030788DF800000122B87800F03F019B
:10EA900000F01F008DF8041002FA00F00290F978DF
:10EAA00001F03F0301F01F0102FA01F18DF80C3073
:10EAB0000491707841060CD410F0180F0BD1394630
:10EAC0006846FFF715FF7078C10648BF4FF0000990
:10EAD00008D4002061E04FF0000900075CBF384611
:10EAE000FFF7A4FE7078010701D5800638D4BA7A02
:10EAF0003178B8780023FFF77AFF03254221684672
:10EB0000EFF79AF818B300244FF4966305AA012191
:10EB10006846EFF772F907E0002CF5D005A8021956
:10EB200001216846EFF77AF982466846EEF726FF3C
:10EB3000BAF1010F0BD1641C162CEDDD0022162159
:10EB400005A8FFF747FE9DF82A10884202D06D1EE7
:10EB50001CD0D3E7BA7A3178B87805ABFFF747FF16
:10EB60000120C7F7AEFB5FEA00090FD096ED010A5E
:10EB7000B8EE400A89ED010A7078C00906D07869BC
:10EB8000D0ED000A80EE200A89ED010A70780107B5
:10EB90005CBF3846FFF785FE48460BB0BDE8F086FF
:10EBA000F8B52DED028B88B00C2A08BF552B09D182
:10EBB00010998E4B2C22504300261D18022905F176
:10EBC000080401D0002077E0207811998DF8080022
:10EBD0000123A87800F03F0200F01F008DF80C2000
:10EBE00003FA00F004906846EA7802F03F0702F06A
:10EBF0001F0203FA02F28DF81470069291ED008A5A
:10EC00000621CEF7ABFF2846FFF710FEB5EE408A8F
:10EC1000F1EE10FA22D5BFEE000A28EE000ABCEE93
:10EC2000C00A10EE104A002C42D068782146C7F77F
:10EC3000E4FB2004000E8DF800008DF80140002256
:10EC400002216846FFF7C6FD8DF802006B460322DD
:10EC5000532102A8EEF7BAFF50B328E0BCEEC80A71
:10EC6000617810EE100A606001F00301020E8DF869
:10EC700000108DF80120010C020A8DF802108DF8A9
:10EC800003208DF80400002205216846FFF7A2FD4D
:10EC90008DF805006B460622432102A8EEF796FF89
:10ECA000062805D1687801220021E2F7B3FF01268A
:10ECB0002846FFF7F6FD304608B0BDEC028BF2BDEA
:10ECC0002DE9F04F4A4EDFF824B1824630782C25EA
:10ECD00087B068430BEB000491F8008091F8029034
:10ECE00084F803900127A77104F1180041A11422B0
:10ECF000C9F7E2F80A27277200213078A072019143
:10ED000001AA01215046C7F787FA00281CBF0198C5
:10ED1000002803D0617A60F3010161720020676905
:10ED200000906A4602215046C7F7A4FAB8B19DED9B
:10ED3000000AB5EE400AF1EE10FA1EBFF7EE000A27
:10ED4000B4EE600AF1EE10FA14BF01200020617ADF
:10ED500001F07F0141EAC011617200983860002320
:10ED6000217A0BF1080200E05B1C3778D8B2B84278
:10ED70001DD268431BF8007007F07F07272F02BFE2
:10ED80000BEB0007BF78474502BF101807788F428A
:10ED9000EAD14078800810F0010018BF012804D1A2
:10EDA000607A40F00C0060721AE0022818D18DF8E9
:10EDB000081008F01F0008F03F018DF80C1009F052
:10EDC0003F02012101FA00F004908DF8142009F0AF
:10EDD0001F0001FA00F00690214602A8FFF788FD07
:10EDE0003078401C307007B0BDE8F08F346F0020E1
:10EDF000E2890020000000006FEA0300000000002C
:10EE0000A1EB0300020000002DE9F0472C23854C04
:10EE1000584325180020EB68D40716D464225143C8
:10EE200040F2011291FBF2F4A1B26329C8BF63243E
:10EE3000D978DC70E2B2914202DA0120641A02E071
:10EE40008A425CDA0C1BE4B207E0920812F001027D
:10EE500018BF6320D87063241046AE78ED789F7891
:10EE6000012106F03F02282AAEBF4FF0000806F04D
:10EE70001F0201FA02F805F03F02282AAEBF002562
:10EE800005F01F0501FA05F507F03F02282AAEBF7D
:10EE9000002707F01F0701FA07F7634E0028306CC0
:10EEA00003D038433064376002E038433064376160
:10EEB0004FF0000A00F025F8C6F81080CEF797FE54
:10EEC00081460DE000F01DF82220CFF7CDF9306C1F
:10EED0002843306435612220CFF7C6F90AF1010AD0
:10EEE0005FFA8AF0A042EDDB4846CEF7B1FEC6F8E5
:10EEF000008000F006F8316C394331643760BDE8BA
:10EF0000F087306C284330643560704738B50D4663
:10EF10002C23444C5D4363190228DC6808BF02F0CF
:10EF2000030207D0012801D0030008D14FF6EF7388
:10EF30001A4004D0636801B0BDE83040184731BDC5
:10EF400011B1007C10707047C07C117800F00F0088
:10EF500000290CBF0322002256E72DE9F843DFF811
:10EF6000CC9099F8002080460D462C202D49424334
:10EF70008F180024009469464046C7F73AFA00B15A
:10EF800001246879C2090023414600F07F00E3F7BD
:10EF9000CDFD0020B87187F801806A462978B970E4
:10EFA000A8782349F870B960FE68386A2149706012
:10EFB00039620020009001214046C7F72DF9002852
:10EFC0001CBF0098002805D199F80010481E89F848
:10EFD000000024E0B07069782878C8F7D9FCE97897
:10EFE000A878C8F7D5FC6978B078C8F7D1FC387C28
:10EFF000F0707CB9B87841064CBF0020FF2038740F
:10F00000B87841064CBF0322052299F80000002180
:10F01000FFF7FAFE397C00223846E3F7C7FABDE86D
:10F02000F1830000346F002090200240E28900202C
:10F0300041EF03000DEF03002DE9F14F82B0057899
:10F04000ADA14F5DADF80070002F4FF0000859D012
:10F050000D2D4FF6FF7AA34E13D1B268D2F82834A3
:10F06000694653209847BDF800004FF6FE7188426C
:10F070001FBF504502990889002800F0D1800C4636
:10F08000B0E0052D4FF0240907D1029881780129BD
:10F0900038D0027CB81824300BE0072D0CD102992F
:10F0A000887800280FBF07F11B008A7D19FB02F248
:10F0B000D019ADF8000008E00C2D06D10298416887
:10F0C000C88AC10548BF4FF00108BDF80000C9F764
:10F0D00058F904001AD10C2D14D10299486800285F
:10F0E00010D0CEF784FD00F0DBF883460298001DB7
:10F0F0009047BDF80000C9F744F90400584602D112
:10F10000CEF7A6FDCAE0CEF7A3FD01E0072D1BD088
:10F1100002993A462046C9F78FFB052D12D1616846
:10F12000242204F11800C9F787FB04F1180060607D
:10F13000227C61692430C9F77FFB606800F12401FB
:10F1400061614FE0072D4DD1029801782170029A3C
:10F150005078607002998878A0700299CA78E2703D
:10F1600002994A798B7902EB0322CB7902EB0342B5
:10F170000B7A02EB0362626098B91B2020721B229B
:10F180000298816904F11000C9F756FB04F11000E0
:10F19000E06002998869C9F75AFB029900208861EA
:10F1A00020E00298807D207200281EBF02998969A4
:10F1B00000290AD019FB00F94A4604F11000C9F7EA
:10F1C0003BFB04F11000E06002E00021E1602172ED
:10F1D0000298806930B1C9F73AFB02990020886132
:10F1E000029988754048016819B12046884700286F
:10F1F0004BD10D2D30D1029840684178007800F055
:10F200000302022A0CDA394A937CC0F38300984245
:10F2100001BF11F0C00F029890F83010022904D0FD
:10F2200000F03EF802A8904738E094F8470004F157
:10F23000460100F03DF80298418E51451DD14168CC
:10F240008879022819DB2046EAF7F6FA30B300F095
:10F2500027F802A8904721E00C2D0ED102984178A2
:10F260001A291CBF6068002807D0807DC10704D51B
:10F27000207C04F10F0100F01BF8B8F1000F04D15D
:10F280001B4800782146C9F79FF80C2D06D102993A
:10F29000486818B1081D00F003F89047BDE8F78FE3
:10F2A000B168D1F8542370470020704700207047A0
:10F2B000104A1278A2B10B783228B8BF322002DB94
:10F2C0006F28A8BF6E20012A04D1323858433C224F
:10F2D00090FBF2F398B2B0F5807FA8BFFF230B70CC
:10F2E000704700000C01002054880020347A002070
:10F2F000078A0020FD890020001610000018151054
:10F300000200022414580000100000000100C9B2DD
:10F310008139032901D204201EE00100C9B201296C
:10F3200007D00100C9B2032903D00100C9B2802966
:10F3300001D1012010E00100C9B2022901D102204F
:10F340000AE00100C9B28439022902D3C0B2882878
:10F3500001D1032000E0002070470100C9B200295C
:10F3600005D00100C9B2062901DA012006E0C0B2C9
:10F3700080380A2801D2022000E0002070470100F6
:10F38000C9B24039252902D24038C0B208E0010094
:10F39000C9B2E039192902D24530C0B200E0FF20DD
:10F3A0007047C22070471CB50E218DF80010C0B206
:10F3B000F8282ED1DFF83C4DA068D0F8D40090F8A2
:10F3C0008400002812D014208DF80000A068D0F826
:10F3D000D40090F942009DF90010884215D069468A
:10F3E000E020A268D2F8302490470EE0A068D0F860
:10F3F000D40090F942009DF90010884205D069467A
:10F40000E020A268D2F830249047A068D0F8CC035E
:10F41000804713BDF0B58DB00500CEF7E8FB0600C0
:10F42000DFF8D07C1022696809A8BB68D3F80831DE
:10F430001B6838331B6898470400002C2AD16846A3
:10F44000B968D1F80811096810310968884709A816
:10F450000090A8680190288B0690E8680290E86800
:10F460000390688B0790686904900D208DF8200048
:10F4700028690590A88B8DF821006946B868D0F8F6
:10F4800004010068BA68D2F80821126814321268C0
:10F49000904704003000CEF7DBFB002C01D10020A8
:10F4A00000E0E420C0B20DB0F0BDF0B58DB00500B5
:10F4B000CEF79DFB0600DFF83C7C1022696809A8A6
:10F4C000BB68D3F808311B6838331B6898470400C1
:10F4D000002C31D16846B968D1F80811096810319B
:10F4E0000968884709A80090A8680190288B0690B1
:10F4F000E8680290E8680390698BA88B091A079165
:10F50000686904900D208DF82000E9686A8BA88B4B
:10F51000121A01EB02000590A88B8DF821006946B4
:10F52000B868D0F804010068BA68D2F808211268F7
:10F5300018321268904704003000CEF789FB002C87
:10F5400001D1002000E0E420C0B20DB0F0BD2DE9F3
:10F55000F8430D000026002D00D1E8260400002C01
:10F5600000D1E8263000C0B2002802D03000C0B27E
:10F5700078E06068401E60603F2061680870A06DA0
:10F58000002806D06068401E606000206168087036
:10F5900005E06068401E6060802061680870208916
:10F5A000801C20810220A4F8540000270AE0208952
:10F5B00019EB00002081B4F8540019EB0009A4F8FD
:10F5C00054907F1C3800C0B2022847DA3800C0B21D
:10F5D00015F83000FF2841D03800C0B215F83000CF
:10F5E0002A28EED13800C0B205EBC00040680028E0
:10F5F000E7D0DFF8008B3800C0B205EBC0004068F0
:10F60000D8F80810D1F8B810896988478146606831
:10F61000494689B24942084460603800C0B205EBEF
:10F62000C000007940071FD5D8F80C00806800782A
:10F630008DF800006B4622003800C0B205EBC00018
:10F6400041686068D8F808C0DCF8B8C0DCF81CC0B5
:10F65000E0470028ABD1EB20C0B203E06068206532
:10F660003000C0B2BDE8F283002322003800C0B2EF
:10F6700005EBC00041686068D8F808C0DCF8B8C085
:10F68000DCF81CC0E047002891D1EB20C0B2E9E7CC
:10F6900038B5DFF8584DA068D0F8D400457B00207D
:10F6A00000200020A16849694877A068C06890F8E8
:10F6B0003000401CA168C96881F83000A068C068AB
:10F6C00090F83000042808D1A068D0F86401804781
:10F6D000A068D0F86C0180474EE02020E168C96B3B
:10F6E0008847A068D0F8D40090F84F000F281CD0AD
:10F6F000A0684069807FA168D1F8D410497B884216
:10F7000013D2A068D0F8D40090F84F50A068406998
:10F71000807FA168D1F8D4104873A068D0F8D400D5
:10F72000407BA168D1F814158847A0680069EDB244
:10F7300030F815200121A068C06890F83000C0B2F0
:10F74000400081404A434FF47071A068D0F8D40063
:10F75000407B11FA00F08008904200D20200A068BD
:10F76000D0F8D400407B8140B1EB4201A068C06872
:10F77000A268D2F8F024904731BD10B500200020D7
:10F78000DFF870490120A16849694877A068D0F87E
:10F79000D400407B0F2804D1A068D0F864018047D2
:10F7A00033E00120A168D1F8A81008702020E1689A
:10F7B000096C8847DFF8380CA168C9688861A068BF
:10F7C0000069A168D1F8D410497B30F811100122EA
:10F7D000A068C06890F83000C0B240008240514339
:10F7E0004FF47072A068D0F8D400407B12FA00F099
:10F7F0008008884200D2010049009631A068C068A4
:10F800001030A268D2F8F024904710BD002100E02B
:10F81000491C0A0052B2082A06DA0A0052B2825C77
:10F82000FF2AF5D0002000E001207047DD2070475E
:10F83000DC207047F3207047F0B58BB00400002542
:10F84000DFF8A86BB068D0F83C038047002802D0EE
:10F85000FC20C0B267E0112221006F463800C8F7D3
:10F860001BFB607C8DF81100A07C8DF81200E07C01
:10F870008DF81300B068D0F8D40090F853008DF8DC
:10F880001400607D8DF81500A07D002801D00120B6
:10F8900000E000208DF81600E07D8DF81700207E36
:10F8A0008DF8180094F824008DF8240094F82500B1
:10F8B0008DF82500E08CADF826000B2214F119011B
:10F8C0000DF119073800C8F7E7FA607C00280ED15F
:10F8D0008120C8F7BBFF04000A94002C05D08121C9
:10F8E000FF222000CEF706F911E01A250FE00020D4
:10F8F0000A909DF81500002809D09DF815002421D4
:10F900004843C8F7A3FF0A90002800D11A25280011
:10F91000C0B2002805D169460720B268D2F8442356
:10F9200090472800C0B20BB0F0BD7CB5040094F83D
:10F930003000032803D194F83A00032807D0E820C8
:10F94000DFF8A81A8968D1F8F41048704AE0DFF8A7
:10F950009C5A0822A868D0F8D40010F1160114F1BE
:10F960002800E2F7FDFA002805D0EA20A968D1F8BE
:10F97000F410487036E014F128014A20AA68D2F841
:10F9800030249047606801784278120252FA81F17F
:10F99000ADF80010861C69465020AA68D2F83024C1
:10F9A000904730787178090251FA80F0ADF8000084
:10F9B000B61C69464B20AA68D2F830249047701CC8
:10F9C00001784078000250FA81F0ADF800006946F5
:10F9D0005320AA68D2F8302490470020A968D1F8B3
:10F9E000F41048702A2020702000DFF8001A89687F
:10F9F000D1F84013884773BD80B5DFF8F019FF22B6
:10FA000088684069027688684069C07E012825D1EF
:10FA100000208B685B69D8768868C06BC07A002844
:10FA20002CD08868D0F8D40090F843008DF80000FE
:10FA30008868D0F8D40090F852008DF801008868EA
:10FA4000D0F8D40090F853008DF802008DF8032010
:10FA500068468968D1F8D41388470FE08868D0F8E1
:10FA6000D40090F82C008A68D2F8D420527B9042BF
:10FA700004D0C868406C8047D4F757F901BDF8B589
:10FA8000DFF8544C2088002816D10121DFF85C09EA
:10FA90008068D0F8F400C08F8140491CDFF83C0C2E
:10FAA000007841434FF4707041434FF47A70B1FBDA
:10FAB000F0F0DFF82C1C08802088DFF8241C09886F
:10FAC000884221D2DFF81C0C0068DFF81C1C096892
:10FAD000403109688847DFF8141C0A780300DBB25C
:10FAE0009A4200D208702088401C2080C9F74FF845
:10FAF000DFF8FC3B0022DFF8FC1B4FF47A74B4FB08
:10FB0000F0F0C8F715FE46E0DFF8E05B95F900007D
:10FB100040B2D4F7A0FCDFF8D4289168D1F8F410F3
:10FB200089699368D3F8F43093F84430C8549068E6
:10FB3000D0F8F40090F8440008219368D3F8F4302A
:10FB400093F84430082693FBF6F39668D6F8F460F1
:10FB500033449668D6F8F46096F84460082796FB1C
:10FB6000F7F69768D7F8F4703E447679012790FB52
:10FB7000F1FC01FB1C0017FA00F036EA0000587196
:10FB8000002020800020287004219068D0F8940084
:10FB90000078C8F794FCF1BD30B585B00021DFF8DE
:10FBA0004C48A168096F91F82B10002935D1A16844
:10FBB000D1F8D410897800292FD0C168007AA268C2
:10FBC000D2F88821904705002800C0B2002824D030
:10FBD000A068006F90F82B0050F00400A168096F36
:10FBE00081F82B0002A8A168D1F85C138847012096
:10FBF000E168896A8847A068006F20300190012081
:10FC00000090A068D0F8D400C38C02AA2900C9B221
:10FC10000520A468D4F87843A04705B030BD38B5B6
:10FC20000500DFF8C847A0684069407F002800F061
:10FC3000FE80B5F84200A168D1F8D410C98C884282
:10FC400040F0F58015F12800A168D1F86C138847C1
:10FC5000002800F0EC800020A16849694877A0687E
:10FC6000D0F8D40090F82900002803D00220E168E1
:10FC7000896A8847A068006F90F82B00002803D09D
:10FC80000120E168896A8847287CC00608D51020D1
:10FC9000E168896A88478020A168D1F828138847DD
:10FCA0002020E168C96B8847A068C0681030A1684F
:10FCB000D1F8FC14884768680078696849780902B7
:10FCC00051FA80F0010089B2091211F00F01A26807
:10FCD00052695176010089B2090B11F00101A26845
:10FCE0005269917610F00F01A26852699177C0F3C2
:10FCF0000310A168D1F8D41081F82C00A068D0F8C6
:10FD0000D40090F84F000F2817D0A0684069807F7A
:10FD1000A168D1F8D41091F84F1088420DD26868CC
:10FD2000C078002809D1A068D0F8D40090F84F001E
:10FD3000A168D1F8D410487306E0A0684069807FBC
:10FD4000A168D1F8D41048730020A168C96881F86F
:10FD50003000A068D0F8D400407B0F285AD0A068AB
:10FD6000D0F8D400417B2800A268D2F80C25904737
:10FD7000A0684069C07E02281BD1A068C068A16845
:10FD8000D1F8FC1488474FF47071A068D0F8D40003
:10FD9000407B8140A0680069A268D2F8D420527BE1
:10FDA00030F81200091AA068C068A268D2F8F024DE
:10FDB00090472A89A068D0F8D40090F82C1002202F
:10FDC000A368D3F8B4319847A068D0F8D40090F86D
:10FDD0002C00A168D1F8D410497B884214D0A068C7
:10FDE0004069A168D1F8FC148847A068D0F87C016C
:10FDF000A16849698860A06840694169A068406954
:10FE0000A268D2F8F02490471020A168D1F82813F6
:10FE100088470CE0A0684069C07E022807D1A0682E
:10FE2000D0F864018047A068D0F86C01804731BDEC
:10FE300078B585B00500AF4CA068D0F8F40090F814
:10FE40004400822806D10020A168D1F8F41081F87E
:10FE500044000AE0A068D0F8F40090F84400401C88
:10FE6000A168D1F8F41081F84400A068D0F8F4003B
:10FE700090F84400082190FBF1F0A168D1F8F4104B
:10FE8000084490F82C00A168D1F8F41091F84410BF
:10FE9000082291FBF2F1A268D2F8F4201144A26882
:10FEA000D2F8F42092F84420082392FBF3F2A368DE
:10FEB000D3F8F4301A4492F82C20D2B2520881F8C8
:10FEC0002C20C0B2C00712D4A068D0F8F40090F87B
:10FED0004400401CA168D1F8F41081F84400A068E7
:10FEE000D0F8F40090F844008128BEDBFFE7A0685A
:10FEF000D0F8F40090F84400812877DAA068D0F8B0
:10FF0000F40010F14401E120A268D2F830249047B7
:10FF100002208DF810004FF6FF73ADF80830A0688E
:10FF2000D0F8F400807800281BD1C8F730FEDFF845
:10FF3000C0370022DFF8BC174FF47A76B6FBF0F03A
:10FF4000C8F7F6FB002862D01A20A168D1F8F41097
:10FF500048702A2028702800A168D1F840138847EB
:10FF600055E0A068D0F8F4008078022805D1280078
:10FF7000A168D1F86814884749E0A068D0F8F40077
:10FF80008078012802D10820802101E00720832108
:10FF9000A268D2F8F420493201920022009202AA0B
:10FFA000C9B2C0B2A668D6F87863B0470100C9B23A
:10FFB000DB290FD00100C9B2E5290BD00100C9B27D
:10FFC000F32907D00100C9B2DF2903D00100C9B26B
:10FFD000E8291CD1A168D1F8F41048702A202870B3
:10FFE0002800A168D1F84013884710E0A068D0F835
:10FFF000F4008078002803D1DFF8F406C8F7E6FBA8
:020000040004F6
:100000002A2028702800A168D1F84013884706B03C
:1000100070BDF8B584B004006078F32862D06078D1
:10002000DF285FD06078E8285CD06078DB2859D082
:10003000DFF8B8532000A968D1F8FC118847060002
:100040003000C0B200284CD1607C002849D094F820
:100050003400002845D1A868D0F8B80000780028FE
:100060003FD114F112010920AA68D2F83422904736
:100070000700002835D014F10B01E720AA68D2F858
:100080003024904714F108015020AA68D2F8302497
:10009000904714F10A01E120AA68D2F83024904771
:1000A00002208DF80C004FF6FF72ADF80420A07A04
:1000B0000090238901A93800AD68D5F8C051A84740
:1000C00006003000C0B2F3280BD03000C0B2DF28E9
:1000D00007D03000C0B2E82803D03000C0B2DB281F
:1000E00006D166702000C1498968D1F8041288479A
:1000F00005B0F0BD0C010020F8B584B00400BB4D84
:100100002000A968D1F8FC11884706003000C0B271
:10011000002846D12000A968D1F82C118847060094
:100120003000C0B200283CD1607C002839D094F85F
:100130003400002835D1A868D0F8B800007800282D
:100140002FD114F112010920AA68D2F83422904765
:100150000700002825D014F10B01E720AA68D2F887
:100160003024904714F108015020AA68D2F83024B6
:10017000904714F10A01E120AA68D2F83024904790
:1001800002208DF80C004FF6FF72ADF80420A07A23
:100190000090238901A93800AC68D4F8C041A04779
:1001A00005E066702000A968D1F84411884705B0C1
:1001B000F0BD0020704700207047002070470020ED
:1001C00070470020704700207047002070470020D3
:1001D00070470020704700207047002070472DE9CD
:1001E000F8438CB00600814CA068D0F80001807AFA
:1001F000C000C8F72BFB0A900A98002801D11A20EA
:10020000F1E0CDF7F4FC0500002719E0FF2202AB76
:1002100084465FFA8CFC6344DA70401C02000B00D9
:10022000D2B2DBB29A42F1D3002102AAC0B210448A
:10023000C17002A9D020A268D2F8942490477F1CF4
:100240003800A168D1F80011C97AC0B2884223D21F
:10025000ADF808608DF80A7002A9D020A268D2F823
:10026000882490470028EAD19DF81400012803D182
:100270009DF81300002807D19DF814000028DED156
:100280009DF80F000028DAD004219DF81400002802
:1002900000D008210020C1E7002713E011E0002171
:1002A0000A9A0300DBB242F833100A99C0B201EB9C
:1002B000C000A0F8048006A9D420A268D2F8942433
:1002C00090477F1C3800C0B2A168D1F80011C988DE
:1002D00080B2884280F08080ADF800603800C0B203
:1002E000ADF802006946D120A268D2F88824904770
:1002F0000028D3D14FF6FF78BDF804004045CDD09B
:10030000BDF80400ADF8180006A9D420A268D2F800
:1003100088249047002802D15FF0000909E02800F6
:10032000CDF796FC0A98C8F792FA19205BE019F10C
:1003300001094846A168D1F80011C98880B28842F5
:1003400011D2ADF80060ADF802906946D120A268E4
:10035000D2F8882490470028E9D1BDF80400BDF800
:1003600018108842E3D1A068D0F80001C0881FFAB5
:1003700089F98145A5D1ADF81C80ADF81E80082112
:10038000FF220DF120094846CDF7B4FB002000E024
:10039000401C0100A268D2F80021927AC9B29142B1
:1003A00009D20A990200D2B201EBC2018988320057
:1003B00092B29142ECD10100A268D2F80021927A67
:1003C000C9B29142FFF46BAF2800CDF741FC0A9807
:1003D000C8F73DFA192006E02800CDF739FC0A9845
:1003E000C8F735FA00200DB0BDE8F0830C010020FD
:1003F00091F603002DE9F8438CB0DFF8D456A868D5
:10040000D0F80001807AC000C8F720FA0A900A9854
:10041000002801D11A209AE0CDF7E9FB0600002759
:1004200034E0002418F101084046A968D1F8001111
:10043000C97AC0B2884225D2ADF808708DF80A801A
:1004400002A9D020AA68D2F8882490470028E9D1D0
:100450009DF814000128E4D19DF813000028E0D194
:10046000002000E0401C0100C9B2082906DA02A9F8
:100470000200D2B21144C978FF29F3D0C0B20828D3
:10048000CFD10124E4B2002C0CD07F1C3800A96825
:10049000D1F80011098980B2884251D201245FF05D
:1004A0000008C1E7002419E0ADF81C80ADF81E80FB
:1004B0000821FF220DF120094846CDF71BFB06A9B4
:1004C000D420AA68D2F894249047ADF804806946F5
:1004D000D120AA68D2F894249047641C2000C0B2AE
:1004E000A968D1F80011C98880B28842CDD2ADF890
:1004F00000702000C0B2ADF802006946D120AA68A1
:10050000D2F888249047002805D14FF6FF78BDF82F
:100510000400404500D1E0E7BDF80400ADF8180044
:1005200006A9D420AA68D2F8882490470028BBD016
:100530003000CDF78DFB0A98C8F789F9192006E03D
:100540003000CDF785FB0A98C8F781F900200DB07F
:10055000BDE8F08338B5DFF87845E068D0F888006A
:100560008047CDF744FB0500E068C06D8047A06878
:10057000D0F8D40090F94200E168496A8847A06841
:10058000D0F8AC000078E168896C8847A068D0F8A2
:10059000D400C08CE168096E8847A068D0F8D40008
:1005A000408DE168496E8847A068D0F8D400443097
:1005B000E168896E88472800CDF74AFBA068D0F82B
:1005C000D40090F84300E168096B8847A068D0F830
:1005D000D40010F129015220A268D2F830249047AB
:1005E00031BDDFF8EC048168D1F888138268D2F855
:1005F000B02011608168D1F89C138268D2F8B020D5
:1006000051608168D1F8A0138268D2F8B02091605F
:100610008168D1F880128268D2F8B020D1608168F8
:10062000D1F8A4138268D2F8B02011618168D1F8A2
:100630007C128268D2F8B02051618168D1F88412AE
:100640008268D2F8B020916100218268D2F8B0208F
:10065000D1618168D1F88C138268D2F8B020116220
:1006600000218268D2F8B02051620FF28D018268B9
:10067000D2F8B02091620FF28D018268D2F8B020DA
:10068000D1628168D1F848148268D2F8B420116030
:100690008168D1F8A8138268D2F8B42051608168CB
:1006A000D1F8AC138268D2F8B42091608168D1F897
:1006B000B4138268D2F8B420D1608168D1F8B01345
:1006C0008268D2F8B420116100218068D0F8AC00B3
:1006D0000170704700000000C8890020308A0020A7
:1006E000CA89002010890020248900200F8A002058
:1006F000C48800207FFA030080B5E920CFF717FCFB
:1007000001BD000080B5CEF78FF801BDF8B504003B
:100710000026DFF8BC53A868D0F8B800007800289D
:1007200042D094F8980000281AD125202075A86896
:10073000006C0068807D400605D5A868D0F8D4001C
:1007400090F84E0004E0A868D0F8D40090F8250096
:1007500084F86A0094F86A00801C84F86A0014E047
:1007600015202075A868006C0068807D400605D5BE
:10077000A868D0F8D40090F84E0004E0A868D0F83B
:10078000D40090F8250084F86A00042084F86B00F7
:10079000002084F869000A2214F1900114F1700716
:1007A0003800C7F779FB01E001202075B4F89E00FE
:1007B000E08294F8A000E07694F8A100207794F805
:1007C0002C000F2810D0B4F8A800002801D1012275
:1007D00000E000220023D2B214F12C012000AE6808
:1007E000D6F80463B04706003000C0B2002802D03B
:1007F0003000C0B23DE094F83C00FF2802D1A06D6B
:10080000002807D014F13C012000AA68D2F8FC228D
:10081000904706003000C0B2002802D03000C0B2BD
:1008200027E000200090B4F89A3014F1900294F878
:100830009C102000AE68D6F87463B0470600300004
:10084000C0B2002813D1A868D0F80001C08921895E
:10085000884207D2E52060702000A968D1F86C12A8
:10086000884704E02000A968D1F878128847300052
:10087000C0B2F2BD38B50400207D012808D0207D2B
:10088000152805D0207D252802D0207D352820D1AF
:10089000207E00071DD48E4DA868D0F8D40090F8B3
:1008A000820000280ED060781B280BD10120E96857
:1008B000896A88474FF48060A968D1F82C1388476B
:1008C0000020607061782000AA68D2F83023904739
:1008D00038E0207E40060BD57D498868006D0068B1
:1008E000002804D060788968096D0968884729E084
:1008F000207D012802D0207D152805D1207E00070B
:1009000002D53120207015E060781B2802D1232009
:1009100020700FE06078002806D16D488068406B39
:10092000217D405C207005E069488068806B217DF6
:10093000405C2070210066488068D0F89400007800
:10094000C7F742FD31BD38B5614CA0684069007EF3
:10095000FF2801D1002062E0A068D0F8D40090F810
:100960008300022818D1A068D0F804058047010050
:10097000A06840694069411AA068C06B0089081AE4
:10098000A1680969A268D2F8D42092F82C2031F825
:100990001210B0EB011038E0A0684069807E00289A
:1009A00018D0A0684069007E022813D1A068D0F852
:1009B000040580470100A06840690069091AA06821
:1009C000D0F8D4000079E26852681278083202FB4D
:1009D00010101AE0A068D0F804058047A1684969A2
:1009E0004969081AA168C96B0989401AA16809698F
:1009F000A268D2F8D42092F82C2031F81250451B6E
:100A0000E068D0F8B4008047281A002801D50020FB
:100A100005E04FF6FF71884200DB080080B232BD6E
:100A20003EB5417E090652D5017D012905D0017DE3
:100A3000032902D0017D042949D1254DA968D1F8A7
:100A40009810097A11F00A0F41D041684978C1F332
:100A500081018DF808109DF8081002290ED1416817
:100A600049794268927951EA0221ADF80010416853
:100A7000CC784068007954EA002408E09DF808101A
:100A8000032904D14068411D6846DBF785FF21003A
:100A900089B26846EA68526F90470100C9B21E29C0
:100AA00002D0C0B2002809D1E868006D8047FE2856
:100AB0000DD10020E968496D884708E0E868006DBD
:100AC0008047FF2803D10120E968496D884737BD79
:100AD0000C01002000203C4908707047704738B571
:100AE0000400394D28782100C9B2884201D1002084
:100AF00013E0287800280FD134488068D0F83803F4
:100B00008047002808D02000C0B200F07BF8002801
:100B100002D02C70002000E0E22032BD10B52A4C3B
:100B20002078002803D000F055F80020207010BD78
:100B3000254800787047F8B504000D00CDF757F848
:100B40000600E4B2002C15D0012120488068D0F8BE
:100B500094000078C7F7AEFD3000CDF779F8280093
:100B6000C0B2D3F7BFFCD3F73BF9002801D1D3F7CC
:100B700027FD27E0154CA068D0F8380380470028EF
:100B80001DD000F087F8002819D0E068806900784F
:100B9000002814D1D2F737FF0D4F387800280ED136
:100BA0000021A068D0F894000078C7F783FD0028E2
:100BB00003D12800C0B2D3F771FC00203870300098
:100BC000CDF746F8F1BD0000108A00200C0100208E
:100BD000318A002010B5414C2078002811D02078AF
:100BE000022802D1CDF70DFF07E02078012804D0BC
:100BF0003B488068D0F84C05804700202070CDF736
:100C000013FE10BD70B50400CCF7F1FF0500334EA4
:100C10003078002804D032488068D0F84C058047EE
:100C200030480078002804D02D488068D0F84C0562
:100C300080472D480078002813D12C4800780028E0
:100C40000FD12B48007800280BD12A4800780028C3
:100C500007D129480078002803D1284800780028C7
:100C600004D02800CCF7F4FF002012E0CDF740FEBE
:100C700034702800CCF7ECFF2000C0B2012807D068
:100C8000E4B2022C04D016488068D0F84C058047A6
:100C9000012070BD1448007800281BD1134800784B
:100CA000002817D112480078002813D11148007885
:100CB00000280FD11048007800280BD11048007888
:100CC000002807D10F480078002803D10E4800788B
:100CD000002801D0002000E0012070475F31002093
:100CE0000C010020298A0020288A00202A8A00205E
:100CF000338A0020348A0020278A0020318A00208D
:100D00001F8A0020208A0020218A0020DFF8C006E8
:100D100000218268D2F8D820116000218268D2F8C0
:100D2000DC2011605FF470018268D2F8E02011606D
:100D30008268D2F8E420116000218068D0F8E800D1
:100D40000160704710B5DFF888460020A168D1F82F
:100D5000E8100860A068D0F8D8000068002820D00B
:100D6000A068D0F8D80000684068A168D1F8E01009
:100D70000968884215DAD2F742FFA168D1F8D81085
:100D800009684968814204DAA168D1F8D810096875
:100D90004860A068D0F8D8000068A168D1F8E810D1
:100DA0000860A068D0F8DC000068002819D0A068AE
:100DB000D0F8E800006800280BD0A068D0F8DC006C
:100DC00000684068A168D1F8E8100968496888425D
:100DD00007DAA068D0F8DC000068A168D1F8E81054
:100DE0000860A068D0F8E8000068002812D0A06869
:100DF000D0F8E80000684068A168D1F8E010096800
:100E0000884207DAA068D0F8E80000684068D2F7A6
:100E10000FFF06E0D2F7B8FF0020A168D1F8E81074
:100E2000086010BD10B5DFF8A8450020A168D1F812
:100E3000E8100860A068D0F8D8000068002820D02A
:100E4000A068D0F8D80000684068A168D1F8E01028
:100E50000968884215DAD2F7D2FEA168D1F8D81015
:100E600009684968814204DAA168D1F8D810096894
:100E70004860A068D0F8D8000068A168D1F8E810F0
:100E80000860A068D0F8DC000068002819D0A068CD
:100E9000D0F8E800006800280BD0A068D0F8DC008B
:100EA00000684068A168D1F8E8100968496888427C
:100EB00007DAA068D0F8DC000068A168D1F8E81073
:100EC000086010BDF8B5DFF80845A068D0F8E80064
:100ED000006800286AD0A068D0F8E0000068A16827
:100EE000D1F8E81009684968884203DAA068D0F8A8
:100EF0004C058047A068D0F8E8000068002815D0AD
:100F0000D2F77DFEA168D1F8E810096849688842E7
:100F10000CD2A068D0F8D404804747E03800A1681C
:100F2000D1F8001588472800C0B2B047A068D0F8B3
:100F3000E8000068002839D0A068D0F8E800006810
:100F40004068002803D5A068D0F84C058047A06809
:100F5000D0F8E80007683D7BBE68D2F750FEA16874
:100F6000D1F8E810096849688842D7D2A068D0F85B
:100F7000E8000068002812D0A068D0F8E8000068F7
:100F80004068A168D1F8E0100968884207DAA068D3
:100F9000D0F8E80000684068D2F74AFE06E0D2F7D1
:100FA000F3FE0020A168D1F8E8100860F1BD38B563
:100FB00005000C0017E0606828186060DFF8100476
:100FC0008168D1F8E81009688C4204D16168002971
:100FD00001D5002161606168002903D58068D0F8DF
:100FE0004C0580472468002CE5D131BD38B5DFF8C9
:100FF000E053A868D0F8DC000468A868D0F8D800EE
:101000000168A868D0F8E00000684042AA68D2F8F9
:10101000E02490470EE06068A968D1F8E010096804
:10102000884206DB6168A868D0F8E0000068091A09
:1010300061602468002CEED1A868D0F8E000006858
:10104000A968D1F8E410096888420DD0A868D0F8E2
:10105000E4000068A968D1F8E0100860A868D0F83A
:10106000E0000068D2F7A6FDA868D0F8D404804755
:1010700031BD38B50400D6488068D0F8D850CCF7D8
:10108000B6FD296800E00968002905D08C42FAD134
:10109000CCF7DEFD012002E0CCF7DAFD002032BD06
:1010A000F8B504000D0000202060C94EF068C0684B
:1010B0000078002805D100210120B268D2F8582418
:1010C0009047CCF794FD07002900200000F043F87A
:1010D0002900286801E001000068002803D0626848
:1010E00043689A42F7DA0C6020602868A04203D176
:1010F000B068D0F8D40480473800CCF7A9FDF1BD22
:1011000038B504000D00D2F77AFDA84207D3B048E5
:101110008068D0F8E00000684519656000E065600F
:10112000AB4A9068D0F8DC1020009268D2F8EC242A
:10113000904731BD38B504000D00D2F760FD451968
:101140006560A34A9068D0F8D81020009268D2F861
:10115000EC24904731BD0A00096801E00A000968E3
:10116000002905D08142F9D108681060012000E013
:101170000020704770B50500954CE068C0680078A5
:10118000002805D100210120A268D2F858249047F8
:10119000CCF72DFD0600A068D0F8D8102800A26872
:1011A000D2F8F8249047002807D1A068D0F8DC10C6
:1011B0002800A268D2F8F8249047A068D0F8E80088
:1011C0000068854203D1C8F73CFDFFF7BBFD300046
:1011D000CCF73EFD70BD70B50400CCF708FD0500EE
:1011E0007B4EB068D0F8D8102000B268D2F8F8244E
:1011F0009047002807D1B068D0F8DC102000B26812
:10120000D2F8F8249047B068D0F8E800006884422B
:1012100003D1B068D0F8D80480472800CCF718FD77
:1012200070BD80B5D2F7EBFC02BD10B5684CA2686A
:10123000D2F8EC20C9B252F82110A268D2F8E0200E
:101240001160A168D1F8E0100968A268D2F8E42022
:101250001160D2F7BDFCA068D0F8E0000068D2F7BA
:10126000A9FC10BDF8B506000C00594DE868C0682F
:101270000078002805D100210120AA68D2F858245E
:101280009047CCF7B4FC0700D2F77EFD3000D2F7D0
:1012900003FD0600A868D0F8EC00E4B250F8240082
:1012A000A968D1F8E0100860A868D0F8E0000068EC
:1012B000A968D1F8E4100860A868D0F8E0000068D8
:1012C000D2F778FCA868D0F8D80001683000AA6886
:1012D000D2F8E0249047A868D0F8D40480473800BA
:1012E000CCF7B6FCF1BD3A498A68D2F8EC20C0B21E
:1012F00052F820008968D1F8E4100860704770B592
:101300000600CCF774FC0400314DA868D0F8EC005E
:10131000F6B250F82600A968D1F8E0100860A86875
:10132000D0F8E0000068A968D1F8E4100860294806
:1013300000683C300068804727490A789200B0FB7B
:10134000F2F3264A1068002814D1A868D0F8E0000B
:10135000006898420ED2A868D0F8E0000068B3FB9D
:10136000F0F3A868D0F8E0000068434308788000F4
:1013700043431360A868D0F8E0000068D2F71AFC75
:101380002000CCF765FC70BD70B511498868D0F8B5
:10139000D8000068002805D18868D0F8DC00006813
:1013A000002813D0CCF723FC0600D2F73EFC040043
:1013B000D2F725FC05003000CCF74AFC6D1CA54295
:1013C00002D2641B200002E0012000E0002070BD7A
:1013D0000C01002024890020308A00204889002048
:1013E000DFF800F031C8021080B5FFF7F9FF0648BA
:1013F000064AC069002152F8213040F82130491CCA
:101400000F29F8D301BD00BF50110020A800000033
:1014100038B50C46CCF720FF050018BF01250C4855
:101420000068811D201AB0F1004F05D8081BB0F1EB
:10143000004F38BF8C4200D20C4621460120E5F710
:10144000C0FAADB21DB9BDE83140CCF709BF31BD1E
:10145000302009402DE9F0410746E5F7A0FA804623
:10146000194D1A4C0120E8610126E5F79AFAE16A64
:101470000A6A142090473969B1F5802F34BF0421DE
:10148000090C0120E5F79DFA22681368232100204A
:1014900098470F4A0F4B01211160186800B10326CD
:1014A0000D49086808B146F004060C48016821F4AB
:1014B000E02141EA06410160012028604046BDE884
:1014C000F041E5F76DBA00BF00002443840100102D
:1014D00080022443201100008011000000200940F8
:1014E000014801680A6B10478C01001010B50549CE
:1014F0004C680120E5F755FA6069A169BDE8104024
:10150000084700BF8411002010B50948094C00218C
:1015100001600122C2610121216001202268E5F7FA
:1015200040FA05490A68136A14209847206810BDDC
:10153000000024432C200940B001001080B504496C
:101540000868FFF7CDFF000C40EA014002BD00BF74
:10155000AC100020DFF800F09DE8021002490A6894
:101560001044FFF7F7BF00BFF0140000DFF800F0F1
:10157000ABEC0210DFF800F0AFEC0210DFF800F087
:1015800039F702102DE9FE430F4611490D68064652
:10159000144698462846FFF7E9FF81462246394619
:1015A000304600F01BF8044649462846FFF7E2FFA4
:1015B0005CB9084801680848009102970196DD234C
:1015C000018800224046FFF7D9FF2046BDE8FE8390
:1015D000541100007C130000B8110000F0B54469FC
:1015E000631E1A4218BF22460D462B401CBF6419C9
:1015F000E51A8D4222D300F10C06346801E026463C
:101600002468DCB16368511E214018BF511A4F197C
:10161000BB42F4D308195B1B5B1A2D1831B1616012
:101620006BB1216829606B602560F0BD2168002BDB
:101630001ABF29606B600D463560F0BD0020F0BD1B
:1016400038B5F6F757FD90B100240AE02146002096
:10165000F6F700FF05460649A8680A6890476860E3
:10166000641C044801688C42F0DB4FF0FF3032BD4F
:1016700010160000F8150000014940680A6810477C
:101680000416000010B5024B40681C68A04710BD4E
:10169000FC15000010B5024B40681C68A04710BD47
:1016A00008160000014A4068136818470C1600002D
:1016B000014940680A6810471416000028B1034920
:1016C00088421CBF2021CCF749BA7047882D0020E2
:1016D000F0B500240025002B44BF5B42002902D551
:1016E0004942521E2D25B1FBF3F60B4F03FB161199
:1016F000641C795C00F8011D31460029F3D1944245
:10170000BEBF302100F8011D641CF8DB290018BFA2
:1017100000F8015DF0BD00BF6057000070B544687F
:101720008568CCF764FA0646207890B1AA4801880B
:10173000491E018089B211B9001DE6F7A3FD287882
:10174000CCF79FFA002020703046BDE87040CCF7FF
:101750007FBA70BD6FF0010070472DE9F04381B092
:10176000476885687878894620B14FF0FF319B48FB
:10177000E6F78AFD0220C7F775FB994C206801281F
:101780000CD00220C7F703FB787810B19348E6F736
:1017900086FD4FF0FF3001B0BDE8F083914E6878D0
:1017A00031688847D6F8580141698847E87818B900
:1017B000D6F8580181688847AA7A697A287A00F0B1
:1017C0001FF9894900200860D6F85821906A80479F
:1017D00080468648016801F4906181603020CCF732
:1017E000E1F9D6F8580141688847012020600220BD
:1017F000C7F7CDFA787810B17848E6F750FDA878A9
:1018000098B1D6F85811287A8A699047D6F85811B5
:10181000CA690746287A9047D6F858311D680246AB
:1018200039461FFA88F0A8478046A9F800800020B2
:1018300001B0BDE8F0832DE9F04F064681B0306875
:10184000654D87688B4691464FF0FF31281DE6F7BE
:101850001BFD63490868012401284FF0000807D0E8
:10186000281DE6F71CFD4FF0FF3001B0BDE8F08FFA
:10187000DFF870A1DAF8580141698847F87818B99B
:10188000DAF8580181688847BA7A797A387A00F0AC
:10189000B7F8B87858B1DAF85811387A8A699047A9
:1018A000DAF85811CA690446387A904780465FEAE8
:1018B000090021D000945846DFF82CB10446306866
:1018C0008768DAF80010787888470020CBF80000A5
:1018D000DAF85811886A8047B97839B1DAF858319E
:1018E0000099D3F800C0424680B2E047361DB9F1F6
:1018F000010924F8020BE2D13D494FF490600860E1
:101900003020CCF74FF9DAF8580141688847344A5B
:1019100001201060281DE6F7C2FC002001B0BDE8E0
:10192000F08FF0B581B08568A8780C4680B9314E4B
:101930003168287A8A6990473168CA690746287AE7
:1019400090473368024620461C683946A047044643
:10195000287A58B9274A1368E878214600281C6B72
:1019600014BF25482548A04701B0F0BD214A68684A
:10197000136821461C6BA04701B0F0BD40680021F0
:10198000017070472DE9F04104466668A5680F466E
:10199000CCF72DF98046307828B14046CCF758F97D
:1019A0000020BDE8F0810120307039790A4F717054
:1019B000388818B90121381DE6F730FC3888401CFA
:1019C00038804046CCF744F9287846F20201E5F722
:1019D000D1F82046BDE8F0810C7D0020107D00206C
:1019E00008800C408C0000101C900C4030500C40C3
:1019F00038500C40E4010010E09C4100648F160058
:101A000038B5064B1C682569A847034803210170B7
:101A10000170017031BD000018B00C40E4010010ED
:101A200040680021017070476FF001007047F0B509
:101A3000DFF8D87304460D46386881B016464FF07B
:101A4000FF31E6F721FC32462946204600F075F9C1
:101A500004463868E6F723FC204601B0F0BD8068F4
:101A600002680A604068DFF8A823486010688002B6
:101A700000F470508860704730B5DFF89403DFF8E9
:101A80008C5381B00068800200F47050411EC9433D
:101A90006860A9600120E6F7D6FB0446CCF7A7F8FA
:101AA000296829B92C6001B0BDE83040CCF7D0B826
:101AB000CCF7CEF82CB1204601B0BDE83040E6F7B7
:101AC000D9BB01B030BDDFF8442300B5106881B048
:101AD000E6F7DAFB08B16FF0020001B000BDF0B527
:101AE000DFF828430546206881B018B9FFF7C4FF26
:101AF000206818B3DFF81C130A7895421ED205EB54
:101B00004500C54980000A1D0E181558B7682068A1
:101B10004FF0FF31E6F7B8FB287801280BD060685A
:101B20003968421E114206D17968814203D3A06808
:101B30000840814205D02068E6F7B1FB002001B0E3
:101B4000F0BD012028702068E6F7A9FB304601B0FF
:101B5000F0BD2DE9F04187680C461E4678683119C2
:101B60008842904638BF6FF003000FD3A74D286816
:101B70004FF0FF31E6F788FB3868011932464046DE
:101B8000C6F78AF92868E6F78AFB0020BDE8F081ED
:101B90009E480068E6F783BB2DE9FA4F054683B0FF
:101BA000A8680190164642680399049841180024D9
:101BB0008A42A04638BF6FF00300C0F0BB80934854
:101BC0000E9F00684FF0FF31E6F75EFBF8070296C4
:101BD00013D58E49049A896804980A40884302D034
:101BE0008A4B58688218039B1940284600F0A5F8D4
:101BF0005FEA000840F0998035E0B80733D50199D5
:101C000003980968411804980022334602E0521CE8
:101C1000091D1B1D824225D20E781D782E40B5422B
:101C200017D1521C82421DD24D785E783540AE42AB
:101C30000FD1521C824215D28E789D782E40B5422B
:101C400007D1521C82420DD2CD78DE783540AE42AB
:101C5000DDD06E480068E6F722FB6FF0060005B0A5
:101C6000BDE8F08F049001990398D1F80090029E8E
:101C7000049D814400F0AEF88DF8000004E000BF40
:101C8000A5EB0A055644D14495B1082D8CBF4FF001
:101C9000080AAA46CBF7ABFF834652464946304670
:101CA000EBF739F904465846CBF7D2FF002CE7D0C2
:101CB0009DF8000028B1594A594813685D68012110
:101CC000A8475848016821F0300101605CBB7807E3
:101CD0002BD5019B03981B68029AC3180498002116
:101CE00002E0491C1B1D121D81421ED217781C7870
:101CF000A74218D1491C814217D255785C788DF8DB
:101D00000040A5420FD1491C81420ED294789F78A1
:101D1000BC4208D1491C814207D2D578DC788DF8C5
:101D20000040A542DDD04FF0FF3838490868E6F79B
:101D3000B6FA404605B0BDE8F08F2DE9F043334FC9
:101D40001546BA6881B00E468068002402EA060390
:101D50009E4218BF6FF0040039D141688E4228BFFF
:101D60006FF0030033D2AB19994202D32A40954257
:101D700004D06FF0050001B0BDE8F08300683618AC
:101D800000F028F8804602E0786886192D1A5DB1C7
:101D9000CBF72DFF81463046EBF7B4F804464846B2
:101DA000CBF756FF002CEFD0B8F1000F05D01B4A3F
:101DB0001B4813685D680121A8471A48016821F093
:101DC00030010160002C14BF4FF0FF30002001B043
:101DD000BDE8F08370B5114C114D21688A68284622
:101DE000904706460F48016841F030010160F0B2AB
:101DF00050B12268536800212846984721688A68B4
:101E0000284690470028F9D1F0B270BD70870020B5
:101E100030240340AE7F0300882F0000D80100105B
:101E20000040034004400340F0B5DFF87C5704460F
:101E3000E86987B04FF0FF31E6F726FA6768A668D1
:101E400078686861318CA961706958BB308B05F185
:101E500010010A5C531E05F110021354328B885C8A
:101E600000BB204600F062FBB9208DF80000204640
:101E7000A96989B200F0B4FB00200390012101910F
:101E8000CDF808D001A9686900F0FAFBA96989B208
:101E9000204600F009FC786800F0ACFB318B002094
:101EA00045F821002046A96989B200F007FC00200E
:101EB0003870E869E6F7F3F907B0F0BD70B505468C
:101EC000202988B018BF6FF0010030D16868DFF8B2
:101ED000D86641687161A868018CB161284600F03C
:101EE00025FB10B14FF0FF3420E0C7208DF8000033
:101EF0002846B16989B200F073FB002003900121EC
:101F00000191CDF808D001A9706900F0B9FBB16961
:101F1000002814BF00244FF0FF3489B2284600F097
:101F2000C3FB1CB9284600F001FB0446204608B05C
:101F300070BDF0B5DFF8707604460D46F86981B0E3
:101F400016464FF0FF31E6F79FF932462946204604
:101F500000F010FA0446F869E6F7A1F9204601B04E
:101F6000F0BD80684FF0FF320A6043684B608068C4
:101F70008860704710B500F040FB0120E6F763F978
:101F80000446CBF734FEDFF82026D16921B9D461AD
:101F9000BDE81040CBF75CBECBF75AFE24B120461B
:101FA000BDE81040E6F766B910BDDFF8FC2500B5C6
:101FB000D06981B0E6F768F908B16FF0020001B0AE
:101FC00000BD2DE9F041DFF8E0550446E86990B026
:101FD00020B9FFF7CFFFE869002842D0DFF8CC1521
:101FE0000A7894423DD2E869DFF8C4854FF0FF31AA
:101FF000E6F74AF904EB4400840008F1040108F113
:1020000008000F5939780659012927D0B068421EB7
:10201000D143B9603368134220D1726882421DD324
:1020200011408A421AD1706910B1006878602AE0C4
:10203000308B042812DA55F82000C8B907A800F040
:1020400017FBF0690B9000218DF828108DF81C10FB
:1020500007A9308BC0B200F0EBFA30B9E869E6F7B7
:102060001EF9002010B0BDE8F081318B45F8210049
:1020700005F11002308B55F82010796005F1100140
:10208000135C5B1C0B54A044786868614046318C3B
:10209000A96100F093FA01203870AB218DF800108F
:1020A0004046A96989B200F09BFA00200390012103
:1020B0000191CDF808D001A9686900F0E1FAA96999
:1020C000002814BF00244FF0FF3489B2404600F0CE
:1020D000EBFA14B9404600F029FAE869E6F7DFF8B0
:1020E000404610B0BDE8F0812DE9F04104460D46B0
:1020F000A06890461F4641687A19914238BF6FF038
:10210000030011D3DFF8A064F0694FF0FF31E6F768
:10211000BBF83B4642462946204600F0B7F9044644
:10212000F069E6F7BCF82046BDE8F081DFF87804F6
:10213000C069E6F7B4B800002DE9FA4F8BB08046CD
:10214000002114460391D8F808200C980292516897
:102150000B9AD8F804508218914238BF6FF00300F0
:10216000C0F00481DFF84074F8694FF0FF31E6F702
:102170008BF8686802997861088CB86104941698A5
:10218000C1071BD5A9680C9A0C980A40884302D055
:10219000029B986882180B9B1940404600F0EAF8B1
:1021A0000028039040F0DE8000E00C9402990B9828
:1021B0000E68DDF810900C9C861933E08007F5D589
:1021C0000299C86800281CBF0D69002D00F09F808F
:1021D000A246DDF82C900C9C2B460026834605E099
:1021E000761C5B1C0AF1010A09F10109A642DCD246
:1021F000AB4207D15A464946404600F047F900280D
:10220000D3D100239AF800001BF803100140884244
:10221000E6D06FF00600A4E0B96989B2404600F04C
:1022200043FAD944002C66D0404600F07FF90028DC
:102230005ED1B96989B2404600F0D2F9002007901A
:102240000121059105A90FF270327869069200F01C
:1022500017FAB969002814BF00254FF0FF3589B27D
:10226000404600F021FA002D42D106F0FF00C0F5F3
:102270008070A346844288BF834602218DF80010F7
:10228000320C310A8DF802108DF801204046B969F0
:102290008DF8036089B200F0A3F9002007900421B3
:1022A0000591CDF818D005A9786900F0E9F95E44E8
:1022B000A4EB0B04E0B10020DA464D46079075B957
:1022C00001788DF8041001AA01250692059505A94B
:1022D000786900F0D5F958B1BAF1010A9CD0786953
:1022E000CDF814A0069505A900F0CAF9002893D1ED
:1022F0004FF0FF3035E016984107C24632D50298BC
:10230000C06800281EBF02990C69002C07D1F8692B
:10231000E5F7C5FF6FF007000DB0BDE8F08FDDF801
:102320002C90DDF810800C9D2346002683460CE09F
:102330005FF0000318F8010B1BF8031088427FF4CC
:1023400068AF761C5B1C09F10109AE4208D2A342BA
:10235000F0D15A464946504600F098F80028E7D098
:1023600000200390F869E5F79AFF03980DB0BDE8E7
:10237000F08F00002DE9F04D88B04468A6688368AE
:1023800006EA0105A94218BF6FF004000DD15D688F
:10239000A94228BF6FF0030007D25718BD4202D3ED
:1023A0001640B24204D06FF0050008B0BDE8F08DD1
:1023B0007D4E64680FF2002874614FF0FF3B1D8C66
:1023C000B56182461C6801930F19144604E000BFF2
:1023D00000F06AF9EF19641B002C53D0504600F04E
:1023E000A5F820BBB16989B2504600F0F9F8002089
:1023F000049001210291CDF80C8002A9706900F0CF
:102400003FF9B169002814BF00255D4689B25046E6
:1024100000F04AF95DB94FF6FF7084420BD93904D8
:1024200009D1D8204FF480358DF8000008E05846D7
:1024300008B0BDE8F08D0198856820218DF8001066
:10244000390A8DF80210380C8DF801008DF80370F0
:102450005046B16989B200F0C3F80020049004210D
:102460000291CDF80CD002A9706900F009F9B169A8
:10247000002889B25046ABD100F016F9584608B092
:10248000BDE8F08D002008B0BDE8F08D2DE9F041E9
:102490000E46044688B06168A068434F15464A68F6
:1024A0007A619846018CB96100688619204600F06F
:1024B0003DF870BB03218DF80010320C310A8DF805
:1024C00002108DF801208DF803602046B96989B2A9
:1024D00000F086F80020039004210191CDF808D087
:1024E00001A9786900F0CCF8B0B100210291CDF8D3
:1024F0000480039501A9786900F0C2F8B969002841
:1025000014BF00254FF0FF3589B2204600F0CCF80B
:10251000284608B0BDE8F081B96989B2204600F0CC
:10252000C3F84FF0FF3008B0BDE8F0812DE9F0436B
:10253000804687B0D8F808501EA61B4F4FF0FF39D1
:1025400003E0686A08B1C6F740FBB96989B2404642
:1025500000F046F80020039001210191029601A9A4
:10256000786900F08DF80020029001210191CDF8EA
:102570000CD001A9786900F083F8B969002814BF6C
:1025800000244C4689B2404600F08EF824B1204623
:1025900007B0BDE8F08300BF9DF80000C107D0D4AC
:1025A000002007B0BDE8F08340840020AE7F030028
:1025B000882F0000050000000600000010B50C4642
:1025C0004FF6FF718C4207D0E4F778FAE0B2BDE82D
:1025D00010400249E4F7CEBA10BD00BF01600020F0
:1025E0004FF6FF729142084603D00021C0B2E4F7D3
:1025F0003BBB704701680A68104770B5CBF7F7FA24
:1026000018490546087860B9012217480A7004780D
:102610003CB1164E304656F80C1B8A689047641E33
:10262000F8D12846BDE87040CBF712BB000000008F
:1026300030B50C4C237881B000227BB10A4C257850
:10264000A8420BD209B900BF0FA100EB40029200D3
:10265000064B98189B58DA6890470246104601B01E
:1026600030BD0000468A002081870300FC2F000057
:10267000F0B500BF04A191E8FC5080E8FC50F0BD2B
:10268000026813691847000000000000FFFFFFFF09
:10269000000000000000000040420F0008000000A1
:1026A00000000000000000004FF6FF729142084653
:1026B00003D00121C0B2E4F7D7BA704770470000D9
:1026C00070472DE9F041054682B0AE686F680C4650
:1026D000CBF78DFA397829B1CBF7BAFA002002B0DE
:1026E000BDE8F08101213970CBF7B2FA684600F0FD
:1026F0005BF9042140F60A228DF80010ADF80220A3
:10270000002101228DF806108DF8042069467078AA
:1027100000F04FF95FEA00081DD0207C824900B923
:1027200082493078E4F726FA2078B87061687960D9
:10273000207A3873E1683961207C79683876C7F887
:102740001C80284600F010F850B13078CBF799FA89
:10275000404600F089F90020387002B0BDE8F081F1
:10276000284602B0BDE8F0812DE9F041466837699E
:10277000B078884600F092F8317B04463A4600F083
:10278000A9F805466FF07F40844205D224B1681E47
:10279000844201D3002D03D56FF00200BDE8F08123
:1027A000F069C6F80480B460214600F00FFA376182
:1027B00075612946F06900F023FA0020BDE8F08138
:1027C00070B545682E7BA8680C462246314600F05D
:1027D00081F86FF07F41884209DAAA68521C824270
:1027E00003D2310018BF022E01D0002802D56FF0AD
:1027F000030070BD68610146E8692C6100F000FAD1
:10280000002070BD2DE9F0474668884691467768FC
:10281000B078494600F042F8317B0546424600F068
:1028200059F8824600246FF07F40854204D21DB1E2
:10283000AAF101018D4203D26FF00200BDE8F087DA
:10284000824528BF6FF0030026D2C6F80490B56019
:10285000C6F81080C6F814A0CBF7C9F98046707886
:1028600050B1102F04D3F06900F0E4F9102803D21E
:10287000F06900F083F90124F069294600F0A6F917
:10288000F069514600F0BCF914B1F06900F04EF95E
:102890004046CBF7DDF90020BDE8F08730B583B0C6
:1028A00005460C466846C6F770F945B1012D02BFD2
:1028B0000198B0FBF4F4641E204603B030BD0198CB
:1028C0001B4AA4FB00010023E5F770FD441E2046CF
:1028D00003B030BD70B582B005460E46144668465A
:1028E000C6F753F91CB92C46204602B070BD16B18C
:1028F000012E0AD012E001980D4AA4FB000100232A
:10290000E5F754FD2C1A641C09E0A5FB04014FF007
:10291000FF320023E5F74AFD2C1A00E02C1B04B916
:102920006C1C204602B070BD0163002000630020D3
:1029300040420F0010B58468406800214170C069B2
:1029400000F01CF92078BDE810400021E4F76AB9D6
:1029500010B582684468E169012060704B681078A6
:10296000197AE4F75FF9E069BDE8104000F0DEB8DD
:1029700010B5816844680878CBF783F9E06900F006
:1029800073F80020E061207010BD10B500242029EC
:1029900006D111784268D06900F062F9204610BD76
:1029A0006FF00104204610BD0FF204310822C5F774
:1029B00073BAF0B50C00DFF8D41200EB400201EB63
:1029C000820508BF0FF2E82481B06E682F68207876
:1029D00038B9B4F90200212818BF222813D1287A67
:1029E00088B9CBF704F9217839B97978BA781143E5
:1029F00007D101217970B9700AE02A7A3A445178F6
:102A000021B1CBF725F9002001B0F0BD01215170B3
:102A1000CBF71EF920783870B079C6F738FA6868B5
:102A2000296800680A780FF26C230260297AC1EBEA
:102A3000C1025200995A2379B4F90220012B63791B
:102A400008BF42F48062012B08BF42F01002B1F5CA
:102A50007F4F0CBF0830001D02602846A17900F0AE
:102A6000FFF8284601B0F0BD2DE9F0410446207A78
:102A7000636825681A68C0EBC00148000FF2142192
:102A800001EB000C0E1DBCF80270365A02F10C0E60
:102A900040F20110DEF80080BCF800C000EA0C0033
:102AA00028EA0000CEF800004FF04E08DEF80000E3
:102AB00008FA07F720EA0707CEF80070207AC0EB83
:102AC000C00701EB4707F988388908437989014332
:102AD000B88940EA010C02F1180002F124070168EC
:102AE00021EA0C01B218016002F12806C7F800C003
:102AF0004FF0FF3002F130013060086002F138071A
:102B000000203860002642F8406F9879C6F758F9DF
:102B1000CBF76DF8297811B96E70A97002E0237AAD
:102B2000691CCE54BDE8F041CBF792B870B50446AD
:102B30006068016851F80C2F94F8083055A0C3EB79
:102B4000C3056D00465B40F20110064032430A6047
:102B50002568CBF74CF8227A2A4492F8441019B130
:102B6000BDE87040CBF774B8012182F84410CBF770
:102B70006FF8BDE870400220C6F774B970B504461E
:102B80006068016851F80C2F94F8083041A0C3EB3D
:102B9000C3056D00465B40F201100640B2430A6077
:102BA0002568CBF724F8227A2A4492F8441019B900
:102BB000BDE87040CBF74CB8002182F84410CBF749
:102BC00047F8BDE870400220C6F7E1B830B4047A97
:102BD000D0F804202FA300681268C4EBC40503EBEF
:102BE0004505AB8804789B18042C05D103F1380205
:102BF0000802000E89B2106043F8281F30BC7047ED
:102C000030B4047AD0F8042022A300681268C4EB20
:102C1000C40503EB4505AB8804789B18042C05D14B
:102C200003F140020802000E89B2106043F8301F21
:102C300030BC7047014600BF16A348680268087A96
:102C4000C0EBC00C03EB4C0CBCF80430D21852F8AB
:102C5000480F09680A78042A08BF20F07F407047AF
:102C600030B581B04368007A0AA2C0EBC0046400AA
:102C7000105B4A1E01461868054B1C68E5689241C6
:102C8000D243D20FA84701B030BD00008030000011
:102C9000C8010010FF000000000001000200040055
:102CA000100000FF080004000001000200040008FA
:102CB0000000220000010000F0B5054681B0AE68BA
:102CC00030686C6850F8041F21F002010160204652
:102CD000CAF78BFFD4F8CC00EAF7F8F904F130001A
:102CE000E5F756FA94F8F80018B904F16C00E5F726
:102CF000C9FA6F68AD6895F83800CAF7C2FF95F851
:102D00003900CAF7BEFF95F83A00CAF7BAFF97F83C
:102D1000FB00CAF7B6FF307BC6F752F804F11C007F
:102D2000C6F74FFA002084F8FD0001B0F0BD70B581
:102D3000446885684FF0FF3304E01678FF2E26D1F3
:102D40000022232120290DD065D32229F5D013D3C9
:102D5000242930D025D326293FD034D36FF0010366
:102D6000184670BD94F8F900012803D1012184F8B8
:102D7000FC100023184670BD94F8FB000021E3F717
:102D80003BFF002084F8FC000023184670BD94F837
:102D9000FB00CAF776FF84F8FB603046696BE3F707
:102DA00041FF94F8FB00FF28E3D0CAF76AFFFF2039
:102DB00084F8FB00DDE7D4F8C0000028DAD1012157
:102DC00084F8FE10D5E7D4F8C0000028D2D1002145
:102DD000002384F8FE10184670BDD4F8C000002807
:102DE0001CBF94F8FE000028C4D0296801F124001B
:102DF000026842F0030202602B696869D4F8CC20B3
:102E000003435068046844F8283F51F8040F40F029
:102E100002000860ADE76FF00103184670BD0000C6
:102E20002DE9F04786683268456802F11C0102F11D
:102E3000200309681960C9072CD5D5F8C01021B145
:102E400003220A74BDE8F0476CE3101D016821F00D
:102E50000201016002F124000468A408A4000460D7
:102E6000316970690143D5F8CC004468256845F89C
:102E70002C1F4068046804F204542160012152F8B8
:102E8000140F40084000106019603046BDE8F0475C
:102E900000F0DBBC31697069D5F8CC200143506883
:102EA000036803F204530224C3F80010D5F8C010DD
:102EB000002900F0B480D5F8E00020B9F769B269C4
:102EC00005F1D80303E0776A326A05F1DC03D5F82F
:102ED000CCE0DEF80480D8F80090D6F814C009F2EF
:102EE0000459D9F800A01AEA0C0F1AD0926812F00F
:102EF000070F02BFD5F8D020D1F80080424510D18D
:102F00004A6972B9326852F8248F28F00208C2F870
:102F10000080DEF80420D2F800E00EF2045ECEF865
:102F200000C0BA6812F0070F76D11A68002A73D071
:102F3000D5F8D470D21900280CBF20200020C5F885
:102F4000E000C5F8D42000201860D5F8D02008682B
:102F5000824224BFD5F8D430834214D23146284669
:102F600000F0AAFB95F8FE00002855D0D5F8CC005B
:102F700041680868716900F2045213680B424BD033
:102F800040F8281F48E000200874D5F8C82012B97E
:102F9000C5F8C81010E0506968B15269506950B165
:102FA0000246506938B10246506900281EBF0246E9
:102FB00050690028F1D1516108464969C5F8C0102F
:102FC00000224261D5F8E00000280CBFD5F8D800F7
:102FD000D5F8DC00C5F8D000C5F8D42091B1314651
:102FE000284600F069FB95F8FE0088B1D5F8CC00C2
:102FF00041680868716900F2045213680B4207D0F7
:10300000283004E0306850F8241F890889000160E6
:1030100005F13000E5F7C4F8641E7FF447AFBDE862
:10302000F0874068002180F8FD1070472DE9F043DB
:10303000044685B0D4F80490A7680D46CAF7D7FDBA
:1030400099F8FD1019B96969091F0D2905D3CAF747
:10305000FFFD002005B0BDE8F083012189F8FD10D7
:10306000CAF7F6FD2869C9F8E4006969C9F8E810EB
:10307000287B89F8F900297889F8F8100021686818
:10308000C9F8EC0089F8FC10C9F8C010C9F8C410E0
:10309000C9F8C810287E0FF68C0151F8201089F865
:1030A000FA10FA89A9F8F620287B00280CBF102016
:1030B0000120C9F8F000002089F8FE00387BC5F730
:1030C000E6FE204600F0F6FB97F83B0089F8FB008F
:1030D000D4F8048098F8F900A66801281FD1F16A95
:1030E00096F83800E3F79EFDB16A96F83900E3F7E9
:1030F00099FD316B96F83A00E3F794FD716B98F8FF
:10310000FB00E3F78FFD98F8FB000FF2D161CAF7DF
:10311000A1FD98F8FB002146CAF7A7FD13E0B16AAC
:1031200096F83800E3F77EFDF16A96F83900E3F788
:1031300079FD316B96F83A00E3F774FD716B98F8FE
:10314000FB00E3F76FFD6846CAF77AFD00946B4613
:103150007879DFF8B827019048463979CAF724FD15
:103160006846E4F7E3FF00946A46B8680FF2490145
:10317000029009F13000E4F7E1FFE9F773FFC9F8C5
:10318000CC0023460FF28D72042109F11C00C5F713
:10319000E8FD99F8F80038B9002109F16C00E5F76D
:1031A0003DF80FF20D5000E0A868C9F8BC0005B06A
:1031B0002046BDE8F083000070B504466568D5F888
:1031C000C800E8B1D5F8C8607069C5F8C80000212A
:1031D0007068716110F0704F06D128B10620C5F7F4
:1031E000D6FD0420C5F7D3FD0220C5F7D0FDD5F8E4
:1031F000BC20314620469047D5F8C8000028E1D1D0
:1032000070BD00002DE9F24F044682B00868D4F882
:1032100004B0A568002800F00C81CAF7E8FC064657
:103220000299DBF8E8000A7A09288041C04302F0DD
:10323000010212EAD07F01BF0A46117901F00101B3
:1032400011EAD07F05D1DBF8C000A8B19BF8F800E7
:1032500048B90298032101743046CAF7F9FC0020EE
:1032600003B0BDE8F08FDBF8C4104A610621029874
:10327000CBF8C400017416E0CBF8C02000200299FE
:10328000CBF8D000CBF8D400CBF8D800CBF8DC00DA
:10329000CBF8C4109BF8FC00DBF8C410002814BF66
:1032A0000520012008740020DBF8C41048619BF859
:1032B000FC00012808D102218BF8FC104FF4E0211A
:1032C0009BF8FB00E3F798FC0298406810F0704F01
:1032D00006D128B10420C5F7C5FD0620C5F7C2FDFB
:1032E0000220C5F7BFFD9BF8F800002840F0A4803D
:1032F0000298EA6B0168914280F09E809BF8FC0086
:10330000002840F099809BF8F90000281CBFDBF8EA
:10331000EC0010F1010F40F08F803046CAF798FCA6
:103320000298876837B1DBF8E80009282CBF022132
:10333000012102E00BF1F40700210298406848B136
:103340008146DBF8E80009282CBF4FF0020A4FF055
:10335000010A03E00BF1F6094FF0000A0298066833
:10336000286850F8042F42F0020234460260C6B3C7
:10337000CDF80410DFF89885DBF8E800761E092800
:1033800019D201E0D144641E4CB1D8F8003099F84C
:1033900000102868D3F808C0E0470028F2D1D8F818
:1033A00000302868D3F80CC06946E04700983870B0
:1033B00013E0D144641E44B1D8F80020B9F80010DD
:1033C0002868936898470028F3D1D8F80020286827
:1033D000D36869469847009838800199CF19002E24
:1033E000CAD12968DBF8F00051F80C2F024219BF4E
:1033F0000121002200210122102818BF11460029B6
:10340000EFD10298406810F0704F06D128B1062025
:10341000C5F7BDFC0420C5F7BAFC0220C5F7B7FC10
:10342000DBF8C01000200874CBF8C000CBF8C40053
:10343000012003B0BDE8F08FDBF8D8000028DBF8EE
:10344000DC0029D018B92946584600F035F928681B
:1034500050F8141F41F0010101603046CAF7F8FB33
:103460009BF8F8000028E3D1DBF8EC100BF16C00BE
:10347000E4F70AFF0028DBD0DBF8C0100320087453
:10348000204600F04FF800210BF16C00E4F7FCFE41
:10349000002003B0BDE8F08F0028D4D12879DFF8F0
:1034A0007074CAF7A6FB2869D7F810C090FAA0F08C
:1034B000B0FA80F1DBF8CC0043681868DCF804301F
:1034C0000222984768693F6990FAA0F0B0FA80F14B
:1034D000DBF8CC00436818687B680222984728799B
:1034E000CAF760FB2879CAF786FB2946584600F0E0
:1034F000E3F80020DBF8C010CBF8E00040F2014216
:103500000868904203D32946584600F0D5F89BF846
:10351000FE0000289BD1286850F8041F41F00201EA
:10352000016094E72DE9F04106467468B768CAF770
:103530005EFBD4F8C010804631B9386850F8041FDB
:1035400021F002010160ADE094F8F80028B9087C90
:10355000032818BF042840F0A5803879CAF749FB32
:10356000D4F8CC10486803687A6943F82C2FD7F850
:10357000003094F8F90020B903F10C052868C00662
:10358000FAD4181D03F1240C056825F00205056026
:103590004D682D68386945F82C0F0243DCF800505F
:1035A000AD08AD00CCF800504868016801F2045144
:1035B00003F114000A600268520852000260012000
:1035C00043F8200FD4F8C020D4F8D4101160D4F8F8
:1035D000D80070B1F8698168C1F30910D4F8D81027
:1035E000401C814205D3D4F8C0201368C918081ABA
:1035F0001060D4F8DC0070B1786A8168C1F30910FA
:10360000D4F8DC10401C814205D3D4F8C0201368E4
:10361000C918081A1060304600F04CF93879CAF71A
:10362000C1FA3879CAF7E7FAD4F8C0201168100057
:103630000AD0037C032B1EBF042B02230374002635
:10364000066040690028F4D11160D4F8C81011B99F
:10365000C4F8C82010E0486968B14969486950B1A8
:103660000146486938B10146486900281EBF014635
:1036700048690028F1D14A610020C4F8C000C4F8AC
:10368000C400C4F8D000C4F8D400C4F8D800C4F80A
:10369000DC004046CAF7DCFA04F13000BDE8F04136
:1036A000E4F77EBD4046BDE8F041CAF7D1BA00005C
:1036B00040686C30E4F7F3BD2DE9F043D0F8C080EA
:1036C000D0F8E820D0F8D090083A002A4246CCBF83
:1036D000012500251368994508D3D8F81420002A3D
:1036E00000F0798001234FF0000913741368A3EBF5
:1036F000090CBCF5806FD0F8D83088BF4FF4806CCF
:103700002BB9C0F8D8C0D1F81CE08E6904E0C0F82D
:10371000DCC0D1F824E00E6A53685BB187A454F88A
:103720002570B7606C1C04FB09330CFA05F4E31830
:103730005B1E05E085A353F82540B46000F1F60355
:103740003360ACF101030C68083443F6F077746021
:1037500007EA0317B3683B43B36093687BB100BFCC
:1037600078A454F82560CEF808606C1C04FB093975
:103770000CFA05F54D446D1ECEF8045009E000BF6B
:1037800072A353F82540CEF8084000F1F403CEF8B8
:1037900004300C680834CEF80040DEF808301F43CF
:1037A0004245CEF8087004D1D0F8D0206244C0F869
:1037B000D02090F8FE2072B90A6852F8243F43F0F6
:1037C000030313600A694969D0F8CC000A434168D1
:1037D0000B6843F8282FBDE8F083000070B504465D
:1037E000CAF74AFA054620466E68E3F7BCF9A8B95D
:1037F000CAF7FDF90446D6F8C00010B101210174E2
:1038000007E096F8FB000021E3F7F6F9012086F8BF
:10381000FC002046BDE87040CAF71ABACAF7E7F9BB
:10382000044696F8FB000021E3F7E6F9012086F84C
:10383000FC00D6F8C00008B1042101742046CAF784
:1038400007FA2846BDE870406CE630B4006800F125
:103850000C0100F108020B685C070FD513680D68B6
:103860006C070BD513680D686C0707D513680D68D6
:103870006C0703D513680D686C07EFD400F1800264
:10388000022313608C300C68E3070FD404680D68C2
:10389000EB070BD404680D68EB0707D404680D68C8
:1038A000EB0703D404680D68EB07EFD50020106028
:1038B00030BC704770B584B0446885682846FFF70F
:1038C000C4FF2868011D0A6822F002020A6000F1A4
:1038D00014010B681B091B010B60032140F8201F1A
:1038E00002A8C5F752F9D4F8E8000190D4F8E41022
:1038F000009194F8F93094F8FA202868044C25686F
:1039000003992E68B04704B070BD0000212E04005A
:10391000C401001000B581B01046FFF7CBFF0020B6
:1039200001B000BD00000000020000000100000026
:10393000030000001000000020000000038000C011
:10394000038000D50380000C0380005D038000CC61
:10395000038000DD41490868496808474049012063
:103960000860704770476FF00100704740680021A1
:103970000170704770B504460D466668CAF737F99E
:103980003178012903D1CAF763F9002070BD012104
:103990003170CAF75DF968797072297931722868D7
:1039A00030B12E490C60486002202E49CAF746F912
:1039B000A06841686568204600F038F80646CAF7F6
:1039C00016F92949294AC1F8002C00BFD1F8002C6A
:1039D000012AFBD00E602B7A254A012B07BF012656
:1039E0005660002353606B7A5D1EAD41214BED0F95
:1039F0001D60012696601660C1F8006CCAF728F9B0
:103A0000204670BD10B50C46CAF7F1F81649174AA2
:103A1000C1F8002CD1F8002C012AFBD00C60012346
:103A2000C1F8003CCAF714F9002010BD10B582B0EF
:103A30000C466846C5F7A9F801980F4A4009A0FB53
:103A40000221480A4FF0FF33B3FBF0F3A34234BF27
:103A500000244443204602B010BD0000F48700203B
:103A60000C000840553904000000084051E5CC1A0C
:103A70000001004320830043986E128310B50D4C63
:103A8000207838B94FF4B4720B490C48C4F714FAD3
:103A90000122227000210648017001220223032125
:103AA00080F8402080F84A3080F8581010BD00009F
:103AB00020040021418A0020385800004C40002199
:103AC00000B581B000F016F8AFF300804EF68851D3
:103AD000CEF2000108684FF0F00340EA03400860AE
:103AE00001B05DF804EB00F015B80000DFF800F05D
:103AF00075F402100548012808BFF4F791BB704720
:103B00000348012808BFFFF7F1BF7047010000001C
:103B10000100000000F00BF8002803D000F00AF8C4
:103B2000FFF7EEFF0020EFF76FFBF4F703FB012038
:103B30007047000010B5074979441831064C7C44A1
:103B4000163404E00A68081D114488470146A14262
:103B5000F8D110BDC0020000340300004EF68851B9
:103B6000CEF20001086840F470000860BFF34F8F88
:103B7000BFF36F8F4FF00170E1EE100A7047000045
:103B8000014885460148804700400220C13A0400B0
:103B90001CB50C466B460222FF212046EAF74AF983
:103BA000022812D16B46022202212046EAF742F98E
:103BB00002280AD110208DF800006B460222022153
:103BC0002046EAF703F8012016BD002016BD80B597
:103BD00008460021EAF730F800B1012002BD7CB5AB
:103BE0000E4615466A4604213046EAF717F90428BE
:103BF0000CBF012400243046E9F7C0FEBCB19DF89B
:103C000000009DF8012042EA002244F27400424381
:103C10001214A2F57A622A809DF802009DF8031022
:103C200041EA002142F210704143091469802000EA
:103C300018BF012076BDF8B502F00706012490F800
:103C40008450B4400027BC46012DD8BF274618BF7A
:103C5000A4464FF6F8752A4005682D7C069C12FB99
:103C600005F2456B92B22A44114454B908785B1EA0
:103C700038439AB28CEA0000002A01F8010BF5D112
:103C8000F1BD0C78761C3C4306F007065B1E8CEAFF
:103C9000040432000C700BD1428F114490F8842040
:103CA000012AD8BF0127012A05D04FF0010C02E0FC
:103CB0007F004FEA4C0C9AB2002AE2D1F1BD20B548
:103CC00002460020D2E90A2347F69061E4F76EFB32
:103CD0000125A94228BF4FF0FF3020BD2DE9F84C47
:103CE00005460C46D5E90AABD5E90C67AAFB0401E9
:103CF0000BFB041136184F41340C002244EA0741F3
:103D00002846FDF785FBC5E90E67BDE8F18CF8B5DF
:103D100004460D46FDF7E4FBD4E90A6732463B460C
:103D2000E4F744FB3DB1A6FB002306FB013307FB90
:103D30000033C4E90C23F2BD012070470020704716
:103D40000120704710B50446C4F7A6F8204610BD00
:103D500010B5044610460A4601462046C9F7CAFE79
:103D6000204610BD30B4002512E050F8042BD307D4
:103D700044BF4A44521E091F042942F8045BFAD288
:103D800013468C0744BF15809B1CC90748BF1D7094
:103D900050F8041B0029E8D130BC7047F0B402464B
:103DA000106895681318506803EB5004C0071CD5C1
:103DB0004D441AE013F8017B05F8017B491EF9D147
:103DC00098B113F8011BC6F38106032E08BF13F840
:103DD000016B01EB06214942801C294405D011F8F2
:103DE000016B05F8016B401EF9D1A3420ED013F808
:103DF000016B16F0030104BF13F8011BC91C300945
:103E00000F28DBD113F8010B0F30D7E7F0BC02F11C
:103E10000C00704751FFFFFF100000000C01002054
:103E2000A00500001C010020C00500008C1100202E
:103E3000E0580000683100200000000061FFFFFF33
:103E4000C00000000C0000000401002051FFFFFF33
:103E5000B60000000C0000000801002041FFFFFF39
:103E60009A0000000C0000000001002031FFFFFF5D
:103E70001C000000DC0000008010002021FFFFFF7C
:103E80008C0000004E070000201B00205200011093
:103E900007201B00208C2E00200111C301000112FD
:103EA00044182104D2000153FF7F1260016CDC0230
:103EB0001C5003F42D0020030D100323830300691D
:103EC00004E150210152BC50A11CA10CF301402F70
:103ED0007052701420023411002004523C04D208A5
:103EE00029F00800C0890020588800205C8844130D
:103EF000200165F301A8755C250000020010000098
:103F00000002C01300000002801000201200018394
:103F100001000143C5A70D50010B830316B0070133
:103F200000B02D0020C5A7000161106108A1441058
:103F30000800F8FF07FFFF00000504156147D123C3
:103F4000F12301115310040047726F7570081007B8
:103F50000400100003060300320210010200015C9D
:103F600090027D00010862111283010C10F00138EB
:103F70008001000140080B83020060220000CC2277
:103F800054F002FF9931030001F1FF01F1FF01F14B
:103F9000FF01F1FF01F1FF01F1FF01F1FF01F1FF6D
:103FA00001F1FF01F1FF01F15301FD2B730C4004FE
:103FB000A9C1000093C24152A30883A5C25112B106
:103FC0000C100301C300003B04F30595C36943FFD4
:103FD000FF18D2FF01612EB00101FF0DA3FD1BC62A
:103FE0000CFC013020BF02F40CFEF619360D35A092
:103FF000150C340517090001A05A328983180A0CE0
:1040000083190B0C831A0C0C831B0D0C831C0E0CD8
:10401000831D0F0C831E100C83FF050C580C200110
:104020000020D47100204C740020FFFF141C01609C
:104030002500570FA40400CC7E0020409C3F093D82
:104040007C0F1264042C071200110110020F030CE4
:10405000DC0F5802800040184E3A146E294F1404A9
:10406000020010190020DD100120101B0811042D82
:10407000270F122104122404432300F0420A37536D
:104080004017401204162DBF0F117F11551001006B
:1040900020300413401A081104212C1209042DCFDA
:1040A0000FA20B402002100040151011041003A0B5
:1040B000830020200852C008210129A25203202198
:1040C0000412205412100421BB211C43050070125D
:1040D0000F04121104221238111913ECC82213EE26
:1040E000CA051005F1CD060000F4D06D13F6D30516
:1040F00013F7D4831005FA93160000FB9505100101
:10410000FD991832135D2CF8166156100102663EB7
:1041100070136F48CD1320825E30062E7600007F2C
:10412000FFFF3F8E60027D3A040001300583880F57
:1041300000D388F3C81545F002093F001E0001F3C3
:1041400028040001A002BE2C00203E6D08042114AA
:10415000C3212D1CF13B01178813125C0623456710
:1041600089ABCDEF080705F30DFFFF6E12A8909203
:10417000A8945401ED1404BC32141312C81C210479
:1041800052D00483C010504DC50410010100EC183A
:10419000F206EC1C2002082E0020045210045218D3
:1041A0000452200443941534213012341021045257
:1041B0003C0443A41004211CAD31053001A3DF02EF
:1041C0006A1264242104526C04527404527C045216
:1041D0008404528C0470013DC502A225DFD6101B59
:1041E00047DC2E0812BC08210452C40452CC0452ED
:1041F000D40452DC0452E40452EC0452F40483006C
:1042000000B0794719E04360681CE00139EC027B9B
:10421000FD00B4061F402F88031104524804525079
:10422000045258045260045268042178F002FF3F9F
:1042300025020001F11301A57CFD0F3C0810032DA0
:104240009300008B0443F792297C01FA0006620375
:1042500080041FFC03006C544163C8550C12F00924
:104260001807F000630701000308010B2D1204205A
:1042700007B80B803EFEFFE803050E101718061264
:10428000140A090801020302070101051E02051EA6
:104290000A0A0101010830200401030201020A0395
:1042A000000F14010301E010010F300102FEFEFFB8
:0342B00005030102
:0400000500043B8137
:00000001FF
